timestamp,namespace,pod,cpu_millicores,mem_bytes
2026-09-16T14:33:29.886408+00:00,kai-scheduler,admission-86666f457d-g5npv,6.0,15728640
2026-09-16T14:33:29.886408+00:00,kai-scheduler,binder-869fc94c7-vvgpp,10.0,16777216
2026-09-16T14:33:29.886408+00:00,kai-scheduler,kai-operator-69b5d7bcf7-kmqnq,60.0,56623104
2026-09-16T14:33:29.886408+00:00,kai-scheduler,kai-scheduler-default-5fd697d85c-ts62k,9.0,25165824
2026-09-16T14:33:29.886408+00:00,kai-scheduler,pod-grouper-65456f756-c7pv5,6.0,11534336
2026-09-16T14:33:29.886408+00:00,kai-scheduler,podgroup-controller-68f9cc8dbf-8mmzk,7.0,11534336
2026-09-16T14:33:29.886408+00:00,kube-system,coredns-8db54c48d-nnp6r,3.0,16777216
2026-09-16T14:33:29.886408+00:00,kube-system,kwok-controller-5cf8c7c44b-4xt7n,2.0,16777216
2026-09-16T14:33:29.886408+00:00,kube-system,local-path-provisioner-5d9d9885bc-zmx4f,1.0,13631488
2026-09-16T14:33:29.886408+00:00,kube-system,metrics-server-786d997795-xdkdn,5.0,27262976
2026-09-16T14:33:29.886408+00:00,kube-system,svclb-traefik-ed9e515b-lzn5v,3.0,0
2026-09-16T14:33:29.886408+00:00,kube-system,traefik-9bcdbbd9-crb5f,42.0,32505856
2026-09-16T14:33:29.886408+00:00,pyroscope,pyroscope-0,2.0,20971520
2026-09-16T14:33:29.886408+00:00,pyroscope,pyroscope-alloy-0,5.0,65011712
2026-09-16T14:33:36.435943+00:00,kai-scheduler,admission-86666f457d-g5npv,6.0,15728640
2026-09-16T14:33:36.435943+00:00,kai-scheduler,binder-869fc94c7-vvgpp,10.0,16777216
2026-09-16T14:33:36.435943+00:00,kai-scheduler,kai-operator-69b5d7bcf7-kmqnq,60.0,56623104
2026-09-16T14:33:36.435943+00:00,kai-scheduler,kai-scheduler-default-5fd697d85c-ts62k,9.0,25165824
2026-09-16T14:33:36.435943+00:00,kai-scheduler,pod-grouper-65456f756-c7pv5,6.0,11534336
2026-09-16T14:33:36.435943+00:00,kai-scheduler,podgroup-controller-68f9cc8dbf-8mmzk,7.0,11534336
2026-09-16T14:33:36.435943+00:00,kube-system,coredns-8db54c48d-nnp6r,3.0,16777216
2026-09-16T14:33:36.435943+00:00,kube-system,kwok-controller-5cf8c7c44b-4xt7n,2.0,16777216
2026-09-16T14:33:36.435943+00:00,kube-system,local-path-provisioner-5d9d9885bc-zmx4f,1.0,13631488
2026-09-16T14:33:36.435943+00:00,kube-system,metrics-server-786d997795-xdkdn,5.0,27262976
2026-09-16T14:33:36.435943+00:00,kube-system,svclb-traefik-ed9e515b-lzn5v,3.0,0
2026-09-16T14:33:36.435943+00:00,kube-system,traefik-9bcdbbd9-crb5f,42.0,32505856
2026-09-16T14:33:36.435943+00:00,pyroscope,pyroscope-0,2.0,20971520
2026-09-16T14:33:36.435943+00:00,pyroscope,pyroscope-alloy-0,5.0,65011712
2026-09-16T14:33:42.859479+00:00,grove-system,grove-operator-68ff8b4f66-z4xgv,14.0,27262976
2026-09-16T14:33:42.859479+00:00,kai-scheduler,admission-86666f457d-g5npv,2.0,15728640
2026-09-16T14:33:42.859479+00:00,kai-scheduler,binder-869fc94c7-vvgpp,8.0,16777216
2026-09-16T14:33:42.859479+00:00,kai-scheduler,kai-operator-69b5d7bcf7-kmqnq,8.0,61865984
2026-09-16T14:33:42.859479+00:00,kai-scheduler,kai-scheduler-default-5fd697d85c-ts62k,29.0,31457280
2026-09-16T14:33:42.859479+00:00,kai-scheduler,pod-grouper-65456f756-c7pv5,4.0,11534336
2026-09-16T14:33:42.859479+00:00,kai-scheduler,podgroup-controller-68f9cc8dbf-8mmzk,6.0,11534336
2026-09-16T14:33:42.859479+00:00,kai-scheduler,queue-controller-f86fcd76c-g8s94,2.0,13631488
2026-09-16T14:33:42.859479+00:00,kube-system,coredns-8db54c48d-nnp6r,3.0,19922944
2026-09-16T14:33:42.859479+00:00,kube-system,kwok-controller-5cf8c7c44b-4xt7n,1.0,15728640
2026-09-16T14:33:42.859479+00:00,kube-system,local-path-provisioner-5d9d9885bc-zmx4f,1.0,13631488
2026-09-16T14:33:42.859479+00:00,kube-system,metrics-server-786d997795-xdkdn,18.0,28311552
2026-09-16T14:33:42.859479+00:00,kube-system,svclb-traefik-ed9e515b-lzn5v,0.0,0
2026-09-16T14:33:42.859479+00:00,kube-system,traefik-9bcdbbd9-crb5f,25.0,35651584
2026-09-16T14:33:42.859479+00:00,pyroscope,pyroscope-0,3.0,28311552
2026-09-16T14:33:42.859479+00:00,pyroscope,pyroscope-alloy-0,7.0,78643200
2026-09-16T14:33:49.131182+00:00,grove-system,grove-operator-68ff8b4f66-z4xgv,14.0,27262976
2026-09-16T14:33:49.131182+00:00,kai-scheduler,admission-86666f457d-g5npv,2.0,15728640
2026-09-16T14:33:49.131182+00:00,kai-scheduler,binder-869fc94c7-vvgpp,8.0,16777216
2026-09-16T14:33:49.131182+00:00,kai-scheduler,kai-operator-69b5d7bcf7-kmqnq,8.0,61865984
2026-09-16T14:33:49.131182+00:00,kai-scheduler,kai-scheduler-default-5fd697d85c-ts62k,29.0,31457280
2026-09-16T14:33:49.131182+00:00,kai-scheduler,pod-grouper-65456f756-c7pv5,4.0,11534336
2026-09-16T14:33:49.131182+00:00,kai-scheduler,podgroup-controller-68f9cc8dbf-8mmzk,6.0,11534336
2026-09-16T14:33:49.131182+00:00,kai-scheduler,queue-controller-f86fcd76c-g8s94,2.0,13631488
2026-09-16T14:33:49.131182+00:00,kube-system,coredns-8db54c48d-nnp6r,3.0,19922944
2026-09-16T14:33:49.131182+00:00,kube-system,kwok-controller-5cf8c7c44b-4xt7n,1.0,15728640
2026-09-16T14:33:49.131182+00:00,kube-system,local-path-provisioner-5d9d9885bc-zmx4f,1.0,13631488
2026-09-16T14:33:49.131182+00:00,kube-system,metrics-server-786d997795-xdkdn,18.0,28311552
2026-09-16T14:33:49.131182+00:00,kube-system,svclb-traefik-ed9e515b-lzn5v,0.0,0
2026-09-16T14:33:49.131182+00:00,kube-system,traefik-9bcdbbd9-crb5f,25.0,35651584
2026-09-16T14:33:49.131182+00:00,pyroscope,pyroscope-0,3.0,28311552
2026-09-16T14:33:49.131182+00:00,pyroscope,pyroscope-alloy-0,7.0,78643200
2026-09-16T14:33:55.367085+00:00,grove-system,grove-operator-68ff8b4f66-z4xgv,13.0,26214400
2026-09-16T14:33:55.367085+00:00,kai-scheduler,admission-86666f457d-g5npv,1.0,15728640
2026-09-16T14:33:55.367085+00:00,kai-scheduler,binder-869fc94c7-vvgpp,14.0,23068672
2026-09-16T14:33:55.367085+00:00,kai-scheduler,kai-operator-69b5d7bcf7-kmqnq,26.0,61865984
2026-09-16T14:33:55.367085+00:00,kai-scheduler,kai-scheduler-default-5fd697d85c-ts62k,11.0,42991616
2026-09-16T14:33:55.367085+00:00,kai-scheduler,pod-grouper-65456f756-c7pv5,1.0,11534336
2026-09-16T14:33:55.367085+00:00,kai-scheduler,podgroup-controller-68f9cc8dbf-8mmzk,1.0,11534336
2026-09-16T14:33:55.367085+00:00,kai-scheduler,queue-controller-f86fcd76c-g8s94,1.0,13631488
2026-09-16T14:33:55.367085+00:00,kube-system,coredns-8db54c48d-nnp6r,2.0,18874368
2026-09-16T14:33:55.367085+00:00,kube-system,kwok-controller-5cf8c7c44b-4xt7n,39.0,25165824
2026-09-16T14:33:55.367085+00:00,kube-system,local-path-provisioner-5d9d9885bc-zmx4f,1.0,13631488
2026-09-16T14:33:55.367085+00:00,kube-system,metrics-server-75dc6f8d87-v5lng,65.0,24117248
2026-09-16T14:33:55.367085+00:00,kube-system,metrics-server-786d997795-xdkdn,11.0,31457280
2026-09-16T14:33:55.367085+00:00,kube-system,svclb-traefik-ed9e515b-lzn5v,0.0,0
2026-09-16T14:33:55.367085+00:00,kube-system,traefik-9bcdbbd9-crb5f,13.0,34603008
2026-09-16T14:33:55.367085+00:00,pyroscope,pyroscope-0,4.0,35651584
2026-09-16T14:33:55.367085+00:00,pyroscope,pyroscope-alloy-0,7.0,78643200
2026-09-16T14:34:01.615827+00:00,grove-system,grove-operator-68ff8b4f66-z4xgv,13.0,26214400
2026-09-16T14:34:01.615827+00:00,kai-scheduler,admission-86666f457d-g5npv,1.0,15728640
2026-09-16T14:34:01.615827+00:00,kai-scheduler,binder-869fc94c7-vvgpp,14.0,23068672
2026-09-16T14:34:01.615827+00:00,kai-scheduler,kai-operator-69b5d7bcf7-kmqnq,26.0,61865984
2026-09-16T14:34:01.615827+00:00,kai-scheduler,kai-scheduler-default-5fd697d85c-ts62k,11.0,42991616
2026-09-16T14:34:01.615827+00:00,kai-scheduler,pod-grouper-65456f756-c7pv5,1.0,11534336
2026-09-16T14:34:01.615827+00:00,kai-scheduler,podgroup-controller-68f9cc8dbf-8mmzk,1.0,11534336
2026-09-16T14:34:01.615827+00:00,kai-scheduler,queue-controller-f86fcd76c-g8s94,1.0,13631488
2026-09-16T14:34:01.615827+00:00,kube-system,coredns-8db54c48d-nnp6r,2.0,18874368
2026-09-16T14:34:01.615827+00:00,kube-system,kwok-controller-5cf8c7c44b-4xt7n,39.0,25165824
2026-09-16T14:34:01.615827+00:00,kube-system,local-path-provisioner-5d9d9885bc-zmx4f,1.0,13631488
2026-09-16T14:34:01.615827+00:00,kube-system,metrics-server-75dc6f8d87-v5lng,65.0,24117248
2026-09-16T14:34:01.615827+00:00,kube-system,metrics-server-786d997795-xdkdn,11.0,31457280
2026-09-16T14:34:01.615827+00:00,kube-system,svclb-traefik-ed9e515b-lzn5v,0.0,0
2026-09-16T14:34:01.615827+00:00,kube-system,traefik-9bcdbbd9-crb5f,13.0,34603008
2026-09-16T14:34:01.615827+00:00,pyroscope,pyroscope-0,4.0,35651584
2026-09-16T14:34:01.615827+00:00,pyroscope,pyroscope-alloy-0,7.0,78643200
2026-09-16T14:34:07.854312+00:00,kai-scheduler,admission-86666f457d-g5npv,1.0,15728640
2026-09-16T14:34:07.854312+00:00,kai-scheduler,binder-869fc94c7-vvgpp,41.0,36700160
2026-09-16T14:34:07.854312+00:00,kai-scheduler,kai-operator-69b5d7bcf7-kmqnq,1.0,61865984
2026-09-16T14:34:07.854312+00:00,kai-scheduler,kai-scheduler-default-5fd697d85c-ts62k,8.0,51380224
2026-09-16T14:34:07.854312+00:00,kai-scheduler,pod-grouper-65456f756-c7pv5,1.0,11534336
2026-09-16T14:34:07.854312+00:00,kai-scheduler,podgroup-controller-68f9cc8dbf-8mmzk,1.0,11534336
2026-09-16T14:34:07.854312+00:00,kai-scheduler,queue-controller-f86fcd76c-g8s94,1.0,13631488
2026-09-16T14:34:07.854312+00:00,kube-system,coredns-8db54c48d-nnp6r,13.0,22020096
2026-09-16T14:34:07.854312+00:00,kube-system,kwok-controller-5cf8c7c44b-4xt7n,9.0,27262976
2026-09-16T14:34:07.854312+00:00,kube-system,local-path-provisioner-5d9d9885bc-zmx4f,1.0,13631488
2026-09-16T14:34:07.854312+00:00,kube-system,metrics-server-75dc6f8d87-v5lng,5.0,39845888
2026-09-16T14:34:07.854312+00:00,kube-system,svclb-traefik-ed9e515b-lzn5v,0.0,0
2026-09-16T14:34:07.854312+00:00,kube-system,traefik-9bcdbbd9-crb5f,9.0,36700160
2026-09-16T14:34:07.854312+00:00,pyroscope,pyroscope-0,6.0,48234496
2026-09-16T14:34:07.854312+00:00,pyroscope,pyroscope-alloy-0,27.0,93323264
2026-09-16T14:34:52.662164+00:00,grove-system,grove-operator-68ff8b4f66-z4xgv,440.0,148897792
2026-09-16T14:34:52.662164+00:00,kai-scheduler,admission-86666f457d-g5npv,1.0,15728640
2026-09-16T14:34:52.662164+00:00,kai-scheduler,binder-869fc94c7-vvgpp,41.0,36700160
2026-09-16T14:34:52.662164+00:00,kai-scheduler,kai-operator-69b5d7bcf7-kmqnq,1.0,61865984
2026-09-16T14:34:52.662164+00:00,kai-scheduler,kai-scheduler-default-5fd697d85c-ts62k,8.0,51380224
2026-09-16T14:34:52.662164+00:00,kai-scheduler,pod-grouper-65456f756-c7pv5,1.0,11534336
2026-09-16T14:34:52.662164+00:00,kai-scheduler,podgroup-controller-68f9cc8dbf-8mmzk,1.0,11534336
2026-09-16T14:34:52.662164+00:00,kai-scheduler,queue-controller-f86fcd76c-g8s94,1.0,13631488
2026-09-16T14:34:52.662164+00:00,kube-system,coredns-8db54c48d-nnp6r,13.0,22020096
2026-09-16T14:34:52.662164+00:00,kube-system,kwok-controller-5cf8c7c44b-4xt7n,9.0,27262976
2026-09-16T14:34:52.662164+00:00,kube-system,local-path-provisioner-5d9d9885bc-zmx4f,1.0,13631488
2026-09-16T14:34:52.662164+00:00,kube-system,metrics-server-75dc6f8d87-v5lng,5.0,39845888
2026-09-16T14:34:52.662164+00:00,kube-system,svclb-traefik-ed9e515b-lzn5v,0.0,0
2026-09-16T14:34:52.662164+00:00,kube-system,traefik-9bcdbbd9-crb5f,9.0,36700160
2026-09-16T14:34:52.662164+00:00,pyroscope,pyroscope-0,6.0,48234496
2026-09-16T14:34:52.662164+00:00,pyroscope,pyroscope-alloy-0,27.0,93323264
2026-09-16T14:34:58.904329+00:00,grove-system,grove-operator-68ff8b4f66-z4xgv,440.0,148897792
2026-09-16T14:34:58.904329+00:00,kai-scheduler,admission-86666f457d-g5npv,1.0,15728640
2026-09-16T14:34:58.904329+00:00,kai-scheduler,binder-869fc94c7-vvgpp,41.0,36700160
2026-09-16T14:34:58.904329+00:00,kai-scheduler,kai-operator-69b5d7bcf7-kmqnq,1.0,61865984
2026-09-16T14:34:58.904329+00:00,kai-scheduler,kai-scheduler-default-5fd697d85c-ts62k,8.0,51380224
2026-09-16T14:34:58.904329+00:00,kai-scheduler,pod-grouper-65456f756-c7pv5,1.0,11534336
2026-09-16T14:34:58.904329+00:00,kai-scheduler,podgroup-controller-68f9cc8dbf-8mmzk,1.0,11534336
2026-09-16T14:34:58.904329+00:00,kai-scheduler,queue-controller-f86fcd76c-g8s94,1.0,13631488
2026-09-16T14:34:58.904329+00:00,kube-system,coredns-8db54c48d-nnp6r,7.0,20971520
2026-09-16T14:34:58.904329+00:00,kube-system,kwok-controller-5cf8c7c44b-4xt7n,146.0,32505856
2026-09-16T14:34:58.904329+00:00,kube-system,local-path-provisioner-5d9d9885bc-zmx4f,1.0,13631488
2026-09-16T14:34:58.904329+00:00,kube-system,metrics-server-75dc6f8d87-v5lng,19.0,45088768
2026-09-16T14:34:58.904329+00:00,kube-system,svclb-traefik-ed9e515b-lzn5v,0.0,0
2026-09-16T14:34:58.904329+00:00,kube-system,traefik-9bcdbbd9-crb5f,9.0,36700160
2026-09-16T14:34:58.904329+00:00,pyroscope,pyroscope-0,7.0,46137344
2026-09-16T14:34:58.904329+00:00,pyroscope,pyroscope-alloy-0,27.0,93323264
2026-09-16T14:35:05.145725+00:00,grove-system,grove-operator-68ff8b4f66-z4xgv,440.0,148897792
2026-09-16T14:35:05.145725+00:00,kai-scheduler,admission-86666f457d-g5npv,1.0,15728640
2026-09-16T14:35:05.145725+00:00,kai-scheduler,binder-869fc94c7-vvgpp,40.0,56623104
2026-09-16T14:35:05.145725+00:00,kai-scheduler,kai-operator-69b5d7bcf7-kmqnq,1.0,61865984
2026-09-16T14:35:05.145725+00:00,kai-scheduler,kai-scheduler-default-5fd697d85c-ts62k,31.0,66060288
2026-09-16T14:35:05.145725+00:00,kai-scheduler,pod-grouper-65456f756-c7pv5,1.0,11534336
2026-09-16T14:35:05.145725+00:00,kai-scheduler,podgroup-controller-68f9cc8dbf-8mmzk,1.0,11534336
2026-09-16T14:35:05.145725+00:00,kai-scheduler,queue-controller-f86fcd76c-g8s94,1.0,13631488
2026-09-16T14:35:05.145725+00:00,kube-system,coredns-8db54c48d-nnp6r,7.0,20971520
2026-09-16T14:35:05.145725+00:00,kube-system,kwok-controller-5cf8c7c44b-4xt7n,146.0,32505856
2026-09-16T14:35:05.145725+00:00,kube-system,local-path-provisioner-5d9d9885bc-zmx4f,1.0,13631488
2026-09-16T14:35:05.145725+00:00,kube-system,metrics-server-75dc6f8d87-v5lng,19.0,45088768
2026-09-16T14:35:05.145725+00:00,kube-system,svclb-traefik-ed9e515b-lzn5v,0.0,0
2026-09-16T14:35:05.145725+00:00,kube-system,traefik-9bcdbbd9-crb5f,9.0,36700160
2026-09-16T14:35:05.145725+00:00,pyroscope,pyroscope-0,7.0,46137344
2026-09-16T14:35:05.145725+00:00,pyroscope,pyroscope-alloy-0,27.0,93323264
2026-09-16T14:35:11.382685+00:00,grove-system,grove-operator-68ff8b4f66-z4xgv,440.0,148897792
2026-09-16T14:35:11.382685+00:00,kai-scheduler,admission-86666f457d-g5npv,1.0,15728640
2026-09-16T14:35:11.382685+00:00,kai-scheduler,binder-869fc94c7-vvgpp,40.0,56623104
2026-09-16T14:35:11.382685+00:00,kai-scheduler,kai-operator-69b5d7bcf7-kmqnq,1.0,61865984
2026-09-16T14:35:11.382685+00:00,kai-scheduler,kai-scheduler-default-5fd697d85c-ts62k,31.0,66060288
2026-09-16T14:35:11.382685+00:00,kai-scheduler,pod-grouper-65456f756-c7pv5,1.0,11534336
2026-09-16T14:35:11.382685+00:00,kai-scheduler,podgroup-controller-68f9cc8dbf-8mmzk,1.0,11534336
2026-09-16T14:35:11.382685+00:00,kai-scheduler,queue-controller-f86fcd76c-g8s94,1.0,13631488
2026-09-16T14:35:11.382685+00:00,kube-system,coredns-8db54c48d-nnp6r,7.0,20971520
2026-09-16T14:35:11.382685+00:00,kube-system,kwok-controller-5cf8c7c44b-4xt7n,146.0,32505856
2026-09-16T14:35:11.382685+00:00,kube-system,local-path-provisioner-5d9d9885bc-zmx4f,1.0,13631488
2026-09-16T14:35:11.382685+00:00,kube-system,metrics-server-75dc6f8d87-v5lng,19.0,45088768
2026-09-16T14:35:11.382685+00:00,kube-system,svclb-traefik-ed9e515b-lzn5v,0.0,0
2026-09-16T14:35:11.382685+00:00,kube-system,traefik-9bcdbbd9-crb5f,9.0,36700160
2026-09-16T14:35:11.382685+00:00,pyroscope,pyroscope-0,7.0,46137344
2026-09-16T14:35:11.382685+00:00,pyroscope,pyroscope-alloy-0,27.0,93323264
2026-09-16T14:35:17.626366+00:00,grove-system,grove-operator-68ff8b4f66-z4xgv,619.0,203423744
2026-09-16T14:35:17.626366+00:00,kai-scheduler,admission-86666f457d-g5npv,1.0,15728640
2026-09-16T14:35:17.626366+00:00,kai-scheduler,binder-869fc94c7-vvgpp,96.0,68157440
2026-09-16T14:35:17.626366+00:00,kai-scheduler,kai-operator-69b5d7bcf7-kmqnq,1.0,61865984
2026-09-16T14:35:17.626366+00:00,kai-scheduler,kai-scheduler-default-5fd697d85c-ts62k,79.0,96468992
2026-09-16T14:35:17.626366+00:00,kai-scheduler,pod-grouper-65456f756-c7pv5,1.0,11534336
2026-09-16T14:35:17.626366+00:00,kai-scheduler,podgroup-controller-68f9cc8dbf-8mmzk,1.0,11534336
2026-09-16T14:35:17.626366+00:00,kai-scheduler,queue-controller-f86fcd76c-g8s94,1.0,13631488
2026-09-16T14:35:17.626366+00:00,kube-system,coredns-8db54c48d-nnp6r,9.0,22020096
2026-09-16T14:35:17.626366+00:00,kube-system,kwok-controller-5cf8c7c44b-4xt7n,146.0,32505856
2026-09-16T14:35:17.626366+00:00,kube-system,local-path-provisioner-5d9d9885bc-zmx4f,1.0,13631488
2026-09-16T14:35:17.626366+00:00,kube-system,metrics-server-75dc6f8d87-v5lng,26.0,47185920
2026-09-16T14:35:17.626366+00:00,kube-system,svclb-traefik-ed9e515b-lzn5v,0.0,0
2026-09-16T14:35:17.626366+00:00,kube-system,traefik-9bcdbbd9-crb5f,13.0,47185920
2026-09-16T14:35:17.626366+00:00,pyroscope,pyroscope-0,7.0,46137344
2026-09-16T14:35:17.626366+00:00,pyroscope,pyroscope-alloy-0,57.0,116391936
2026-09-16T14:35:23.867184+00:00,grove-system,grove-operator-68ff8b4f66-z4xgv,619.0,203423744
2026-09-16T14:35:23.867184+00:00,kai-scheduler,admission-86666f457d-g5npv,1.0,15728640
2026-09-16T14:35:23.867184+00:00,kai-scheduler,binder-869fc94c7-vvgpp,96.0,68157440
2026-09-16T14:35:23.867184+00:00,kai-scheduler,kai-operator-69b5d7bcf7-kmqnq,1.0,61865984
2026-09-16T14:35:23.867184+00:00,kai-scheduler,kai-scheduler-default-5fd697d85c-ts62k,79.0,96468992
2026-09-16T14:35:23.867184+00:00,kai-scheduler,pod-grouper-65456f756-c7pv5,1.0,11534336
2026-09-16T14:35:23.867184+00:00,kai-scheduler,podgroup-controller-68f9cc8dbf-8mmzk,1.0,11534336
2026-09-16T14:35:23.867184+00:00,kai-scheduler,queue-controller-f86fcd76c-g8s94,1.0,13631488
2026-09-16T14:35:23.867184+00:00,kube-system,coredns-8db54c48d-nnp6r,9.0,22020096
2026-09-16T14:35:23.867184+00:00,kube-system,kwok-controller-5cf8c7c44b-4xt7n,146.0,32505856
2026-09-16T14:35:23.867184+00:00,kube-system,local-path-provisioner-5d9d9885bc-zmx4f,1.0,13631488
2026-09-16T14:35:23.867184+00:00,kube-system,metrics-server-75dc6f8d87-v5lng,26.0,47185920
2026-09-16T14:35:23.867184+00:00,kube-system,svclb-traefik-ed9e515b-lzn5v,0.0,0
2026-09-16T14:35:23.867184+00:00,kube-system,traefik-9bcdbbd9-crb5f,13.0,47185920
2026-09-16T14:35:23.867184+00:00,pyroscope,pyroscope-0,7.0,46137344
2026-09-16T14:35:23.867184+00:00,pyroscope,pyroscope-alloy-0,57.0,116391936
2026-09-16T14:35:30.112561+00:00,grove-system,grove-operator-68ff8b4f66-z4xgv,619.0,203423744
2026-09-16T14:35:30.112561+00:00,kai-scheduler,admission-86666f457d-g5npv,1.0,15728640
2026-09-16T14:35:30.112561+00:00,kai-scheduler,binder-869fc94c7-vvgpp,37.0,65011712
2026-09-16T14:35:30.112561+00:00,kai-scheduler,kai-operator-69b5d7bcf7-kmqnq,1.0,61865984
2026-09-16T14:35:30.112561+00:00,kai-scheduler,kai-scheduler-default-5fd697d85c-ts62k,23.0,115343360
2026-09-16T14:35:30.112561+00:00,kai-scheduler,pod-grouper-65456f756-c7pv5,1.0,11534336
2026-09-16T14:35:30.112561+00:00,kai-scheduler,podgroup-controller-68f9cc8dbf-8mmzk,1.0,11534336
2026-09-16T14:35:30.112561+00:00,kai-scheduler,queue-controller-f86fcd76c-g8s94,1.0,13631488
2026-09-16T14:35:30.112561+00:00,kube-system,coredns-8db54c48d-nnp6r,8.0,22020096
2026-09-16T14:35:30.112561+00:00,kube-system,kwok-controller-5cf8c7c44b-4xt7n,95.0,29360128
2026-09-16T14:35:30.112561+00:00,kube-system,local-path-provisioner-5d9d9885bc-zmx4f,1.0,13631488
2026-09-16T14:35:30.112561+00:00,kube-system,metrics-server-75dc6f8d87-v5lng,16.0,48234496
2026-09-16T14:35:30.112561+00:00,kube-system,svclb-traefik-ed9e515b-lzn5v,0.0,0
2026-09-16T14:35:30.112561+00:00,kube-system,traefik-9bcdbbd9-crb5f,12.0,47185920
2026-09-16T14:35:30.112561+00:00,pyroscope,pyroscope-0,10.0,57671680
2026-09-16T14:35:30.112561+00:00,pyroscope,pyroscope-alloy-0,38.0,128974848
2026-09-16T14:35:36.364210+00:00,grove-system,grove-operator-68ff8b4f66-z4xgv,619.0,203423744
2026-09-16T14:35:36.364210+00:00,kai-scheduler,admission-86666f457d-g5npv,1.0,15728640
2026-09-16T14:35:36.364210+00:00,kai-scheduler,binder-869fc94c7-vvgpp,37.0,65011712
2026-09-16T14:35:36.364210+00:00,kai-scheduler,kai-operator-69b5d7bcf7-kmqnq,1.0,61865984
2026-09-16T14:35:36.364210+00:00,kai-scheduler,kai-scheduler-default-5fd697d85c-ts62k,23.0,115343360
2026-09-16T14:35:36.364210+00:00,kai-scheduler,pod-grouper-65456f756-c7pv5,1.0,11534336
2026-09-16T14:35:36.364210+00:00,kai-scheduler,podgroup-controller-68f9cc8dbf-8mmzk,1.0,11534336
2026-09-16T14:35:36.364210+00:00,kai-scheduler,queue-controller-f86fcd76c-g8s94,1.0,13631488
2026-09-16T14:35:36.364210+00:00,kube-system,coredns-8db54c48d-nnp6r,8.0,22020096
2026-09-16T14:35:36.364210+00:00,kube-system,kwok-controller-5cf8c7c44b-4xt7n,95.0,29360128
2026-09-16T14:35:36.364210+00:00,kube-system,local-path-provisioner-5d9d9885bc-zmx4f,1.0,13631488
2026-09-16T14:35:36.364210+00:00,kube-system,metrics-server-75dc6f8d87-v5lng,16.0,48234496
2026-09-16T14:35:36.364210+00:00,kube-system,svclb-traefik-ed9e515b-lzn5v,0.0,0
2026-09-16T14:35:36.364210+00:00,kube-system,traefik-9bcdbbd9-crb5f,12.0,47185920
2026-09-16T14:35:36.364210+00:00,pyroscope,pyroscope-0,10.0,57671680
2026-09-16T14:35:36.364210+00:00,pyroscope,pyroscope-alloy-0,38.0,128974848
2026-09-16T14:35:42.605306+00:00,grove-system,grove-operator-68ff8b4f66-z4xgv,619.0,203423744
2026-09-16T14:35:42.605306+00:00,kai-scheduler,admission-86666f457d-g5npv,1.0,15728640
2026-09-16T14:35:42.605306+00:00,kai-scheduler,binder-869fc94c7-vvgpp,37.0,65011712
2026-09-16T14:35:42.605306+00:00,kai-scheduler,kai-operator-69b5d7bcf7-kmqnq,1.0,61865984
2026-09-16T14:35:42.605306+00:00,kai-scheduler,kai-scheduler-default-5fd697d85c-ts62k,23.0,115343360
2026-09-16T14:35:42.605306+00:00,kai-scheduler,pod-grouper-65456f756-c7pv5,1.0,11534336
2026-09-16T14:35:42.605306+00:00,kai-scheduler,podgroup-controller-68f9cc8dbf-8mmzk,1.0,11534336
2026-09-16T14:35:42.605306+00:00,kai-scheduler,queue-controller-f86fcd76c-g8s94,1.0,13631488
2026-09-16T14:35:42.605306+00:00,kube-system,coredns-8db54c48d-nnp6r,8.0,22020096
2026-09-16T14:35:42.605306+00:00,kube-system,kwok-controller-5cf8c7c44b-4xt7n,95.0,29360128
2026-09-16T14:35:42.605306+00:00,kube-system,local-path-provisioner-5d9d9885bc-zmx4f,1.0,13631488
2026-09-16T14:35:42.605306+00:00,kube-system,metrics-server-75dc6f8d87-v5lng,16.0,48234496
2026-09-16T14:35:42.605306+00:00,kube-system,svclb-traefik-ed9e515b-lzn5v,0.0,0
2026-09-16T14:35:42.605306+00:00,kube-system,traefik-9bcdbbd9-crb5f,12.0,47185920
2026-09-16T14:35:42.605306+00:00,pyroscope,pyroscope-0,10.0,57671680
2026-09-16T14:35:42.605306+00:00,pyroscope,pyroscope-alloy-0,38.0,128974848
2026-09-16T14:35:48.841816+00:00,grove-system,grove-operator-68ff8b4f66-z4xgv,229.0,191889408
2026-09-16T14:35:48.841816+00:00,kai-scheduler,admission-86666f457d-g5npv,1.0,15728640
2026-09-16T14:35:48.841816+00:00,kai-scheduler,binder-869fc94c7-vvgpp,42.0,68157440
2026-09-16T14:35:48.841816+00:00,kai-scheduler,kai-operator-69b5d7bcf7-kmqnq,1.0,61865984
2026-09-16T14:35:48.841816+00:00,kai-scheduler,kai-scheduler-default-5fd697d85c-ts62k,42.0,112197632
2026-09-16T14:35:48.841816+00:00,kai-scheduler,pod-grouper-65456f756-c7pv5,1.0,11534336
2026-09-16T14:35:48.841816+00:00,kai-scheduler,podgroup-controller-68f9cc8dbf-8mmzk,1.0,11534336
2026-09-16T14:35:48.841816+00:00,kai-scheduler,queue-controller-f86fcd76c-g8s94,1.0,13631488
2026-09-16T14:35:48.841816+00:00,kube-system,coredns-8db54c48d-nnp6r,8.0,22020096
2026-09-16T14:35:48.841816+00:00,kube-system,kwok-controller-5cf8c7c44b-4xt7n,83.0,33554432
2026-09-16T14:35:48.841816+00:00,kube-system,local-path-provisioner-5d9d9885bc-zmx4f,1.0,13631488
2026-09-16T14:35:48.841816+00:00,kube-system,metrics-server-75dc6f8d87-v5lng,30.0,50331648
2026-09-16T14:35:48.841816+00:00,kube-system,svclb-traefik-ed9e515b-lzn5v,0.0,0
2026-09-16T14:35:48.841816+00:00,kube-system,traefik-9bcdbbd9-crb5f,11.0,46137344
2026-09-16T14:35:48.841816+00:00,pyroscope,pyroscope-0,7.0,53477376
2026-09-16T14:35:48.841816+00:00,pyroscope,pyroscope-alloy-0,46.0,130023424
2026-09-16T14:35:55.088903+00:00,grove-system,grove-operator-68ff8b4f66-z4xgv,229.0,191889408
2026-09-16T14:35:55.088903+00:00,kai-scheduler,admission-86666f457d-g5npv,1.0,15728640
2026-09-16T14:35:55.088903+00:00,kai-scheduler,binder-869fc94c7-vvgpp,42.0,68157440
2026-09-16T14:35:55.088903+00:00,kai-scheduler,kai-operator-69b5d7bcf7-kmqnq,1.0,61865984
2026-09-16T14:35:55.088903+00:00,kai-scheduler,kai-scheduler-default-5fd697d85c-ts62k,42.0,112197632
2026-09-16T14:35:55.088903+00:00,kai-scheduler,pod-grouper-65456f756-c7pv5,1.0,11534336
2026-09-16T14:35:55.088903+00:00,kai-scheduler,podgroup-controller-68f9cc8dbf-8mmzk,1.0,11534336
2026-09-16T14:35:55.088903+00:00,kai-scheduler,queue-controller-f86fcd76c-g8s94,1.0,13631488
2026-09-16T14:35:55.088903+00:00,kube-system,coredns-8db54c48d-nnp6r,8.0,22020096
2026-09-16T14:35:55.088903+00:00,kube-system,kwok-controller-5cf8c7c44b-4xt7n,83.0,33554432
2026-09-16T14:35:55.088903+00:00,kube-system,local-path-provisioner-5d9d9885bc-zmx4f,1.0,13631488
2026-09-16T14:35:55.088903+00:00,kube-system,metrics-server-75dc6f8d87-v5lng,30.0,50331648
2026-09-16T14:35:55.088903+00:00,kube-system,svclb-traefik-ed9e515b-lzn5v,0.0,0
2026-09-16T14:35:55.088903+00:00,kube-system,traefik-9bcdbbd9-crb5f,11.0,46137344
2026-09-16T14:35:55.088903+00:00,pyroscope,pyroscope-0,7.0,53477376
2026-09-16T14:35:55.088903+00:00,pyroscope,pyroscope-alloy-0,46.0,130023424
2026-09-16T14:36:01.336211+00:00,grove-system,grove-operator-68ff8b4f66-z4xgv,41.0,171966464
2026-09-16T14:36:01.336211+00:00,kai-scheduler,admission-86666f457d-g5npv,1.0,15728640
2026-09-16T14:36:01.336211+00:00,kai-scheduler,binder-869fc94c7-vvgpp,48.0,68157440
2026-09-16T14:36:01.336211+00:00,kai-scheduler,kai-operator-69b5d7bcf7-kmqnq,1.0,61865984
2026-09-16T14:36:01.336211+00:00,kai-scheduler,kai-scheduler-default-5fd697d85c-ts62k,36.0,110100480
2026-09-16T14:36:01.336211+00:00,kai-scheduler,pod-grouper-65456f756-c7pv5,1.0,11534336
2026-09-16T14:36:01.336211+00:00,kai-scheduler,podgroup-controller-68f9cc8dbf-8mmzk,1.0,11534336
2026-09-16T14:36:01.336211+00:00,kai-scheduler,queue-controller-f86fcd76c-g8s94,1.0,13631488
2026-09-16T14:36:01.336211+00:00,kube-system,coredns-8db54c48d-nnp6r,8.0,26214400
2026-09-16T14:36:01.336211+00:00,kube-system,kwok-controller-5cf8c7c44b-4xt7n,83.0,33554432
2026-09-16T14:36:01.336211+00:00,kube-system,local-path-provisioner-5d9d9885bc-zmx4f,1.0,13631488
2026-09-16T14:36:01.336211+00:00,kube-system,metrics-server-75dc6f8d87-v5lng,30.0,50331648
2026-09-16T14:36:01.336211+00:00,kube-system,svclb-traefik-ed9e515b-lzn5v,0.0,0
2026-09-16T14:36:01.336211+00:00,kube-system,traefik-9bcdbbd9-crb5f,12.0,49283072
2026-09-16T14:36:01.336211+00:00,pyroscope,pyroscope-0,5.0,53477376
2026-09-16T14:36:01.336211+00:00,pyroscope,pyroscope-alloy-0,47.0,130023424
2026-09-16T14:36:07.576662+00:00,grove-system,grove-operator-68ff8b4f66-z4xgv,41.0,171966464
2026-09-16T14:36:07.576662+00:00,kai-scheduler,admission-86666f457d-g5npv,1.0,15728640
2026-09-16T14:36:07.576662+00:00,kai-scheduler,binder-869fc94c7-vvgpp,48.0,68157440
2026-09-16T14:36:07.576662+00:00,kai-scheduler,kai-operator-69b5d7bcf7-kmqnq,1.0,61865984
2026-09-16T14:36:07.576662+00:00,kai-scheduler,kai-scheduler-default-5fd697d85c-ts62k,36.0,110100480
2026-09-16T14:36:07.576662+00:00,kai-scheduler,pod-grouper-65456f756-c7pv5,1.0,11534336
2026-09-16T14:36:07.576662+00:00,kai-scheduler,podgroup-controller-68f9cc8dbf-8mmzk,1.0,11534336
2026-09-16T14:36:07.576662+00:00,kai-scheduler,queue-controller-f86fcd76c-g8s94,1.0,13631488
2026-09-16T14:36:07.576662+00:00,kube-system,coredns-8db54c48d-nnp6r,8.0,26214400
2026-09-16T14:36:07.576662+00:00,kube-system,kwok-controller-5cf8c7c44b-4xt7n,83.0,33554432
2026-09-16T14:36:07.576662+00:00,kube-system,local-path-provisioner-5d9d9885bc-zmx4f,1.0,13631488
2026-09-16T14:36:07.576662+00:00,kube-system,metrics-server-75dc6f8d87-v5lng,30.0,50331648
2026-09-16T14:36:07.576662+00:00,kube-system,svclb-traefik-ed9e515b-lzn5v,0.0,0
2026-09-16T14:36:07.576662+00:00,kube-system,traefik-9bcdbbd9-crb5f,12.0,49283072
2026-09-16T14:36:07.576662+00:00,pyroscope,pyroscope-0,5.0,53477376
2026-09-16T14:36:07.576662+00:00,pyroscope,pyroscope-alloy-0,47.0,130023424
2026-09-16T14:36:13.808586+00:00,grove-system,grove-operator-68ff8b4f66-z4xgv,41.0,171966464
2026-09-16T14:36:13.808586+00:00,kai-scheduler,admission-86666f457d-g5npv,1.0,15728640
2026-09-16T14:36:13.808586+00:00,kai-scheduler,binder-869fc94c7-vvgpp,48.0,68157440
2026-09-16T14:36:13.808586+00:00,kai-scheduler,kai-operator-69b5d7bcf7-kmqnq,1.0,61865984
2026-09-16T14:36:13.808586+00:00,kai-scheduler,kai-scheduler-default-5fd697d85c-ts62k,36.0,110100480
2026-09-16T14:36:13.808586+00:00,kai-scheduler,pod-grouper-65456f756-c7pv5,1.0,11534336
2026-09-16T14:36:13.808586+00:00,kai-scheduler,podgroup-controller-68f9cc8dbf-8mmzk,1.0,11534336
2026-09-16T14:36:13.808586+00:00,kai-scheduler,queue-controller-f86fcd76c-g8s94,1.0,13631488
2026-09-16T14:36:13.808586+00:00,kube-system,coredns-8db54c48d-nnp6r,8.0,26214400
2026-09-16T14:36:13.808586+00:00,kube-system,kwok-controller-5cf8c7c44b-4xt7n,83.0,33554432
2026-09-16T14:36:13.808586+00:00,kube-system,local-path-provisioner-5d9d9885bc-zmx4f,1.0,13631488
2026-09-16T14:36:13.808586+00:00,kube-system,metrics-server-75dc6f8d87-v5lng,30.0,50331648
2026-09-16T14:36:13.808586+00:00,kube-system,svclb-traefik-ed9e515b-lzn5v,0.0,0
2026-09-16T14:36:13.808586+00:00,kube-system,traefik-9bcdbbd9-crb5f,12.0,49283072
2026-09-16T14:36:13.808586+00:00,pyroscope,pyroscope-0,5.0,53477376
2026-09-16T14:36:13.808586+00:00,pyroscope,pyroscope-alloy-0,47.0,130023424
2026-09-16T14:36:20.056211+00:00,grove-system,grove-operator-68ff8b4f66-z4xgv,38.0,163577856
2026-09-16T14:36:20.056211+00:00,kai-scheduler,admission-86666f457d-g5npv,1.0,15728640
2026-09-16T14:36:20.056211+00:00,kai-scheduler,binder-869fc94c7-vvgpp,48.0,66060288
2026-09-16T14:36:20.056211+00:00,kai-scheduler,kai-operator-69b5d7bcf7-kmqnq,7.0,63963136
2026-09-16T14:36:20.056211+00:00,kai-scheduler,kai-scheduler-default-5fd697d85c-ts62k,36.0,112197632
2026-09-16T14:36:20.056211+00:00,kai-scheduler,pod-grouper-65456f756-c7pv5,1.0,11534336
2026-09-16T14:36:20.056211+00:00,kai-scheduler,podgroup-controller-68f9cc8dbf-8mmzk,1.0,11534336
2026-09-16T14:36:20.056211+00:00,kai-scheduler,queue-controller-f86fcd76c-g8s94,1.0,13631488
2026-09-16T14:36:20.056211+00:00,kube-system,coredns-8db54c48d-nnp6r,8.0,26214400
2026-09-16T14:36:20.056211+00:00,kube-system,kwok-controller-5cf8c7c44b-4xt7n,83.0,31457280
2026-09-16T14:36:20.056211+00:00,kube-system,local-path-provisioner-5d9d9885bc-zmx4f,1.0,13631488
2026-09-16T14:36:20.056211+00:00,kube-system,metrics-server-75dc6f8d87-v5lng,30.0,50331648
2026-09-16T14:36:20.056211+00:00,kube-system,svclb-traefik-ed9e515b-lzn5v,0.0,0
2026-09-16T14:36:20.056211+00:00,kube-system,traefik-9bcdbbd9-crb5f,11.0,48234496
2026-09-16T14:36:20.056211+00:00,pyroscope,pyroscope-0,10.0,69206016
2026-09-16T14:36:20.056211+00:00,pyroscope,pyroscope-alloy-0,42.0,131072000
2026-09-16T14:36:26.297312+00:00,grove-system,grove-operator-68ff8b4f66-z4xgv,38.0,163577856
2026-09-16T14:36:26.297312+00:00,kai-scheduler,admission-86666f457d-g5npv,1.0,15728640
2026-09-16T14:36:26.297312+00:00,kai-scheduler,binder-869fc94c7-vvgpp,48.0,66060288
2026-09-16T14:36:26.297312+00:00,kai-scheduler,kai-operator-69b5d7bcf7-kmqnq,7.0,63963136
2026-09-16T14:36:26.297312+00:00,kai-scheduler,kai-scheduler-default-5fd697d85c-ts62k,36.0,112197632
2026-09-16T14:36:26.297312+00:00,kai-scheduler,pod-grouper-65456f756-c7pv5,1.0,11534336
2026-09-16T14:36:26.297312+00:00,kai-scheduler,podgroup-controller-68f9cc8dbf-8mmzk,1.0,11534336
2026-09-16T14:36:26.297312+00:00,kai-scheduler,queue-controller-f86fcd76c-g8s94,1.0,13631488
2026-09-16T14:36:26.297312+00:00,kube-system,coredns-8db54c48d-nnp6r,8.0,26214400
2026-09-16T14:36:26.297312+00:00,kube-system,kwok-controller-5cf8c7c44b-4xt7n,83.0,31457280
2026-09-16T14:36:26.297312+00:00,kube-system,local-path-provisioner-5d9d9885bc-zmx4f,1.0,13631488
2026-09-16T14:36:26.297312+00:00,kube-system,metrics-server-75dc6f8d87-v5lng,30.0,50331648
2026-09-16T14:36:26.297312+00:00,kube-system,svclb-traefik-ed9e515b-lzn5v,0.0,0
2026-09-16T14:36:26.297312+00:00,kube-system,traefik-9bcdbbd9-crb5f,11.0,48234496
2026-09-16T14:36:26.297312+00:00,pyroscope,pyroscope-0,10.0,69206016
2026-09-16T14:36:26.297312+00:00,pyroscope,pyroscope-alloy-0,42.0,131072000
2026-09-16T14:36:32.542789+00:00,grove-system,grove-operator-68ff8b4f66-z4xgv,100.0,148897792
2026-09-16T14:36:32.542789+00:00,kai-scheduler,admission-86666f457d-g5npv,1.0,15728640
2026-09-16T14:36:32.542789+00:00,kai-scheduler,binder-869fc94c7-vvgpp,8.0,65011712
2026-09-16T14:36:32.542789+00:00,kai-scheduler,kai-operator-69b5d7bcf7-kmqnq,21.0,61865984
2026-09-16T14:36:32.542789+00:00,kai-scheduler,kai-scheduler-default-5fd697d85c-ts62k,16.0,100663296
2026-09-16T14:36:32.542789+00:00,kai-scheduler,pod-grouper-65456f756-c7pv5,1.0,11534336
2026-09-16T14:36:32.542789+00:00,kai-scheduler,podgroup-controller-68f9cc8dbf-8mmzk,1.0,11534336
2026-09-16T14:36:32.542789+00:00,kai-scheduler,queue-controller-f86fcd76c-g8s94,1.0,13631488
2026-09-16T14:36:32.542789+00:00,kube-system,coredns-8db54c48d-nnp6r,21.0,27262976
2026-09-16T14:36:32.542789+00:00,kube-system,kwok-controller-5cf8c7c44b-4xt7n,25.0,29360128
2026-09-16T14:36:32.542789+00:00,kube-system,local-path-provisioner-5d9d9885bc-zmx4f,1.0,13631488
2026-09-16T14:36:32.542789+00:00,kube-system,metrics-server-75dc6f8d87-v5lng,30.0,50331648
2026-09-16T14:36:32.542789+00:00,kube-system,svclb-traefik-ed9e515b-lzn5v,0.0,0
2026-09-16T14:36:32.542789+00:00,kube-system,traefik-9bcdbbd9-crb5f,49.0,53477376
2026-09-16T14:36:32.542789+00:00,pyroscope,pyroscope-0,10.0,69206016
2026-09-16T14:36:32.542789+00:00,pyroscope,pyroscope-alloy-0,8.0,138412032
2026-09-16T14:36:38.779726+00:00,grove-system,grove-operator-68ff8b4f66-z4xgv,100.0,148897792
2026-09-16T14:36:38.779726+00:00,kai-scheduler,admission-86666f457d-g5npv,1.0,15728640
2026-09-16T14:36:38.779726+00:00,kai-scheduler,binder-869fc94c7-vvgpp,8.0,65011712
2026-09-16T14:36:38.779726+00:00,kai-scheduler,kai-operator-69b5d7bcf7-kmqnq,21.0,61865984
2026-09-16T14:36:38.779726+00:00,kai-scheduler,kai-scheduler-default-5fd697d85c-ts62k,16.0,100663296
2026-09-16T14:36:38.779726+00:00,kai-scheduler,pod-grouper-65456f756-c7pv5,1.0,11534336
2026-09-16T14:36:38.779726+00:00,kai-scheduler,podgroup-controller-68f9cc8dbf-8mmzk,1.0,11534336
2026-09-16T14:36:38.779726+00:00,kai-scheduler,queue-controller-f86fcd76c-g8s94,1.0,13631488
2026-09-16T14:36:38.779726+00:00,kube-system,coredns-8db54c48d-nnp6r,21.0,27262976
2026-09-16T14:36:38.779726+00:00,kube-system,kwok-controller-5cf8c7c44b-4xt7n,25.0,29360128
2026-09-16T14:36:38.779726+00:00,kube-system,local-path-provisioner-5d9d9885bc-zmx4f,1.0,13631488
2026-09-16T14:36:38.779726+00:00,kube-system,metrics-server-75dc6f8d87-v5lng,30.0,50331648
2026-09-16T14:36:38.779726+00:00,kube-system,svclb-traefik-ed9e515b-lzn5v,0.0,0
2026-09-16T14:36:38.779726+00:00,kube-system,traefik-9bcdbbd9-crb5f,49.0,53477376
2026-09-16T14:36:38.779726+00:00,pyroscope,pyroscope-0,10.0,69206016
2026-09-16T14:36:38.779726+00:00,pyroscope,pyroscope-alloy-0,8.0,138412032
2026-09-16T14:36:45.053353+00:00,grove-system,grove-operator-68ff8b4f66-z4xgv,302.0,166723584
2026-09-16T14:36:45.053353+00:00,kai-scheduler,admission-86666f457d-g5npv,1.0,15728640
2026-09-16T14:36:45.053353+00:00,kai-scheduler,binder-869fc94c7-vvgpp,8.0,65011712
2026-09-16T14:36:45.053353+00:00,kai-scheduler,kai-operator-69b5d7bcf7-kmqnq,21.0,61865984
2026-09-16T14:36:45.053353+00:00,kai-scheduler,kai-scheduler-default-5fd697d85c-ts62k,31.0,101711872
2026-09-16T14:36:45.053353+00:00,kai-scheduler,pod-grouper-65456f756-c7pv5,1.0,11534336
2026-09-16T14:36:45.053353+00:00,kai-scheduler,podgroup-controller-68f9cc8dbf-8mmzk,1.0,11534336
2026-09-16T14:36:45.053353+00:00,kai-scheduler,queue-controller-f86fcd76c-g8s94,1.0,13631488
2026-09-16T14:36:45.053353+00:00,kube-system,coredns-8db54c48d-nnp6r,13.0,25165824
2026-09-16T14:36:45.053353+00:00,kube-system,kwok-controller-5cf8c7c44b-4xt7n,25.0,29360128
2026-09-16T14:36:45.053353+00:00,kube-system,local-path-provisioner-5d9d9885bc-zmx4f,1.0,13631488
2026-09-16T14:36:45.053353+00:00,kube-system,metrics-server-75dc6f8d87-v5lng,10.0,49283072
2026-09-16T14:36:45.053353+00:00,kube-system,svclb-traefik-ed9e515b-lzn5v,0.0,0
2026-09-16T14:36:45.053353+00:00,kube-system,traefik-9bcdbbd9-crb5f,23.0,52428800
2026-09-16T14:36:45.053353+00:00,pyroscope,pyroscope-0,5.0,65011712
2026-09-16T14:36:45.053353+00:00,pyroscope,pyroscope-alloy-0,33.0,137363456
2026-09-16T14:36:51.325501+00:00,grove-system,grove-operator-68ff8b4f66-z4xgv,302.0,166723584
2026-09-16T14:36:51.325501+00:00,kai-scheduler,admission-86666f457d-g5npv,1.0,15728640
2026-09-16T14:36:51.325501+00:00,kai-scheduler,binder-869fc94c7-vvgpp,8.0,65011712
2026-09-16T14:36:51.325501+00:00,kai-scheduler,kai-operator-69b5d7bcf7-kmqnq,21.0,61865984
2026-09-16T14:36:51.325501+00:00,kai-scheduler,kai-scheduler-default-5fd697d85c-ts62k,31.0,101711872
2026-09-16T14:36:51.325501+00:00,kai-scheduler,pod-grouper-65456f756-c7pv5,1.0,11534336
2026-09-16T14:36:51.325501+00:00,kai-scheduler,podgroup-controller-68f9cc8dbf-8mmzk,1.0,11534336
2026-09-16T14:36:51.325501+00:00,kai-scheduler,queue-controller-f86fcd76c-g8s94,1.0,13631488
2026-09-16T14:36:51.325501+00:00,kube-system,coredns-8db54c48d-nnp6r,13.0,25165824
2026-09-16T14:36:51.325501+00:00,kube-system,kwok-controller-5cf8c7c44b-4xt7n,25.0,29360128
2026-09-16T14:36:51.325501+00:00,kube-system,local-path-provisioner-5d9d9885bc-zmx4f,1.0,13631488
2026-09-16T14:36:51.325501+00:00,kube-system,metrics-server-75dc6f8d87-v5lng,10.0,49283072
2026-09-16T14:36:51.325501+00:00,kube-system,svclb-traefik-ed9e515b-lzn5v,0.0,0
2026-09-16T14:36:51.325501+00:00,kube-system,traefik-9bcdbbd9-crb5f,23.0,52428800
2026-09-16T14:36:51.325501+00:00,pyroscope,pyroscope-0,5.0,65011712
2026-09-16T14:36:51.325501+00:00,pyroscope,pyroscope-alloy-0,33.0,137363456
2026-09-16T14:36:57.574077+00:00,grove-system,grove-operator-68ff8b4f66-z4xgv,302.0,166723584
2026-09-16T14:36:57.574077+00:00,kai-scheduler,admission-86666f457d-g5npv,1.0,15728640
2026-09-16T14:36:57.574077+00:00,kai-scheduler,binder-869fc94c7-vvgpp,8.0,65011712
2026-09-16T14:36:57.574077+00:00,kai-scheduler,kai-operator-69b5d7bcf7-kmqnq,21.0,61865984
2026-09-16T14:36:57.574077+00:00,kai-scheduler,kai-scheduler-default-5fd697d85c-ts62k,31.0,101711872
2026-09-16T14:36:57.574077+00:00,kai-scheduler,pod-grouper-65456f756-c7pv5,1.0,11534336
2026-09-16T14:36:57.574077+00:00,kai-scheduler,podgroup-controller-68f9cc8dbf-8mmzk,1.0,11534336
2026-09-16T14:36:57.574077+00:00,kai-scheduler,queue-controller-f86fcd76c-g8s94,1.0,13631488
2026-09-16T14:36:57.574077+00:00,kube-system,coredns-8db54c48d-nnp6r,13.0,25165824
2026-09-16T14:36:57.574077+00:00,kube-system,kwok-controller-5cf8c7c44b-4xt7n,25.0,29360128
2026-09-16T14:36:57.574077+00:00,kube-system,local-path-provisioner-5d9d9885bc-zmx4f,1.0,13631488
2026-09-16T14:36:57.574077+00:00,kube-system,metrics-server-75dc6f8d87-v5lng,10.0,49283072
2026-09-16T14:36:57.574077+00:00,kube-system,svclb-traefik-ed9e515b-lzn5v,0.0,0
2026-09-16T14:36:57.574077+00:00,kube-system,traefik-9bcdbbd9-crb5f,23.0,52428800
2026-09-16T14:36:57.574077+00:00,pyroscope,pyroscope-0,5.0,65011712
2026-09-16T14:36:57.574077+00:00,pyroscope,pyroscope-alloy-0,33.0,137363456
2026-09-16T14:37:03.813363+00:00,grove-system,grove-operator-68ff8b4f66-z4xgv,528.0,201326592
2026-09-16T14:37:03.813363+00:00,kai-scheduler,admission-86666f457d-g5npv,1.0,15728640
2026-09-16T14:37:03.813363+00:00,kai-scheduler,binder-869fc94c7-vvgpp,55.0,108003328
2026-09-16T14:37:03.813363+00:00,kai-scheduler,kai-operator-69b5d7bcf7-kmqnq,3.0,61865984
2026-09-16T14:37:03.813363+00:00,kai-scheduler,kai-scheduler-default-5fd697d85c-ts62k,60.0,136314880
2026-09-16T14:37:03.813363+00:00,kai-scheduler,pod-grouper-65456f756-c7pv5,1.0,11534336
2026-09-16T14:37:03.813363+00:00,kai-scheduler,podgroup-controller-68f9cc8dbf-8mmzk,1.0,11534336
2026-09-16T14:37:03.813363+00:00,kai-scheduler,queue-controller-f86fcd76c-g8s94,1.0,13631488
2026-09-16T14:37:03.813363+00:00,kube-system,coredns-8db54c48d-nnp6r,12.0,25165824
2026-09-16T14:37:03.813363+00:00,kube-system,kwok-controller-5cf8c7c44b-4xt7n,90.0,31457280
2026-09-16T14:37:03.813363+00:00,kube-system,local-path-provisioner-5d9d9885bc-zmx4f,1.0,13631488
2026-09-16T14:37:03.813363+00:00,kube-system,metrics-server-75dc6f8d87-v5lng,8.0,50331648
2026-09-16T14:37:03.813363+00:00,kube-system,svclb-traefik-ed9e515b-lzn5v,0.0,0
2026-09-16T14:37:03.813363+00:00,kube-system,traefik-9bcdbbd9-crb5f,15.0,51380224
2026-09-16T14:37:03.813363+00:00,pyroscope,pyroscope-0,6.0,51380224
2026-09-16T14:37:03.813363+00:00,pyroscope,pyroscope-alloy-0,33.0,137363456
2026-09-16T14:37:10.065185+00:00,grove-system,grove-operator-68ff8b4f66-z4xgv,528.0,201326592
2026-09-16T14:37:10.065185+00:00,kai-scheduler,admission-86666f457d-g5npv,1.0,15728640
2026-09-16T14:37:10.065185+00:00,kai-scheduler,binder-869fc94c7-vvgpp,55.0,108003328
2026-09-16T14:37:10.065185+00:00,kai-scheduler,kai-operator-69b5d7bcf7-kmqnq,3.0,61865984
2026-09-16T14:37:10.065185+00:00,kai-scheduler,kai-scheduler-default-5fd697d85c-ts62k,60.0,136314880
2026-09-16T14:37:10.065185+00:00,kai-scheduler,pod-grouper-65456f756-c7pv5,1.0,11534336
2026-09-16T14:37:10.065185+00:00,kai-scheduler,podgroup-controller-68f9cc8dbf-8mmzk,1.0,11534336
2026-09-16T14:37:10.065185+00:00,kai-scheduler,queue-controller-f86fcd76c-g8s94,1.0,13631488
2026-09-16T14:37:10.065185+00:00,kube-system,coredns-8db54c48d-nnp6r,12.0,25165824
2026-09-16T14:37:10.065185+00:00,kube-system,kwok-controller-5cf8c7c44b-4xt7n,90.0,31457280
2026-09-16T14:37:10.065185+00:00,kube-system,local-path-provisioner-5d9d9885bc-zmx4f,1.0,13631488
2026-09-16T14:37:10.065185+00:00,kube-system,metrics-server-75dc6f8d87-v5lng,8.0,50331648
2026-09-16T14:37:10.065185+00:00,kube-system,svclb-traefik-ed9e515b-lzn5v,0.0,0
2026-09-16T14:37:10.065185+00:00,kube-system,traefik-9bcdbbd9-crb5f,15.0,51380224
2026-09-16T14:37:10.065185+00:00,pyroscope,pyroscope-0,6.0,51380224
2026-09-16T14:37:10.065185+00:00,pyroscope,pyroscope-alloy-0,33.0,137363456
2026-09-16T14:37:16.309422+00:00,grove-system,grove-operator-68ff8b4f66-z4xgv,711.0,224395264
2026-09-16T14:37:16.309422+00:00,kai-scheduler,admission-86666f457d-g5npv,1.0,15728640
2026-09-16T14:37:16.309422+00:00,kai-scheduler,binder-869fc94c7-vvgpp,58.0,105906176
2026-09-16T14:37:16.309422+00:00,kai-scheduler,kai-operator-69b5d7bcf7-kmqnq,1.0,61865984
2026-09-16T14:37:16.309422+00:00,kai-scheduler,kai-scheduler-default-5fd697d85c-ts62k,53.0,145752064
2026-09-16T14:37:16.309422+00:00,kai-scheduler,pod-grouper-65456f756-c7pv5,1.0,11534336
2026-09-16T14:37:16.309422+00:00,kai-scheduler,podgroup-controller-68f9cc8dbf-8mmzk,1.0,11534336
2026-09-16T14:37:16.309422+00:00,kai-scheduler,queue-controller-f86fcd76c-g8s94,1.0,13631488
2026-09-16T14:37:16.309422+00:00,kube-system,coredns-8db54c48d-nnp6r,12.0,27262976
2026-09-16T14:37:16.309422+00:00,kube-system,kwok-controller-5cf8c7c44b-4xt7n,136.0,30408704
2026-09-16T14:37:16.309422+00:00,kube-system,local-path-provisioner-5d9d9885bc-zmx4f,1.0,13631488
2026-09-16T14:37:16.309422+00:00,kube-system,metrics-server-75dc6f8d87-v5lng,29.0,51380224
2026-09-16T14:37:16.309422+00:00,kube-system,svclb-traefik-ed9e515b-lzn5v,0.0,0
2026-09-16T14:37:16.309422+00:00,kube-system,traefik-9bcdbbd9-crb5f,20.0,54525952
2026-09-16T14:37:16.309422+00:00,pyroscope,pyroscope-0,9.0,72351744
2026-09-16T14:37:16.309422+00:00,pyroscope,pyroscope-alloy-0,71.0,137363456
2026-09-16T14:37:22.552382+00:00,grove-system,grove-operator-68ff8b4f66-z4xgv,711.0,224395264
2026-09-16T14:37:22.552382+00:00,kai-scheduler,admission-86666f457d-g5npv,1.0,15728640
2026-09-16T14:37:22.552382+00:00,kai-scheduler,binder-869fc94c7-vvgpp,58.0,105906176
2026-09-16T14:37:22.552382+00:00,kai-scheduler,kai-operator-69b5d7bcf7-kmqnq,1.0,61865984
2026-09-16T14:37:22.552382+00:00,kai-scheduler,kai-scheduler-default-5fd697d85c-ts62k,53.0,145752064
2026-09-16T14:37:22.552382+00:00,kai-scheduler,pod-grouper-65456f756-c7pv5,1.0,11534336
2026-09-16T14:37:22.552382+00:00,kai-scheduler,podgroup-controller-68f9cc8dbf-8mmzk,1.0,11534336
2026-09-16T14:37:22.552382+00:00,kai-scheduler,queue-controller-f86fcd76c-g8s94,1.0,13631488
2026-09-16T14:37:22.552382+00:00,kube-system,coredns-8db54c48d-nnp6r,12.0,27262976
2026-09-16T14:37:22.552382+00:00,kube-system,kwok-controller-5cf8c7c44b-4xt7n,136.0,30408704
2026-09-16T14:37:22.552382+00:00,kube-system,local-path-provisioner-5d9d9885bc-zmx4f,1.0,13631488
2026-09-16T14:37:22.552382+00:00,kube-system,metrics-server-75dc6f8d87-v5lng,29.0,51380224
2026-09-16T14:37:22.552382+00:00,kube-system,svclb-traefik-ed9e515b-lzn5v,0.0,0
2026-09-16T14:37:22.552382+00:00,kube-system,traefik-9bcdbbd9-crb5f,20.0,54525952
2026-09-16T14:37:22.552382+00:00,pyroscope,pyroscope-0,9.0,72351744
2026-09-16T14:37:22.552382+00:00,pyroscope,pyroscope-alloy-0,71.0,137363456
2026-09-16T14:37:28.786412+00:00,grove-system,grove-operator-68ff8b4f66-z4xgv,711.0,224395264
2026-09-16T14:37:28.786412+00:00,kai-scheduler,admission-86666f457d-g5npv,1.0,15728640
2026-09-16T14:37:28.786412+00:00,kai-scheduler,binder-869fc94c7-vvgpp,58.0,105906176
2026-09-16T14:37:28.786412+00:00,kai-scheduler,kai-operator-69b5d7bcf7-kmqnq,1.0,61865984
2026-09-16T14:37:28.786412+00:00,kai-scheduler,kai-scheduler-default-5fd697d85c-ts62k,53.0,145752064
2026-09-16T14:37:28.786412+00:00,kai-scheduler,pod-grouper-65456f756-c7pv5,1.0,11534336
2026-09-16T14:37:28.786412+00:00,kai-scheduler,podgroup-controller-68f9cc8dbf-8mmzk,1.0,11534336
2026-09-16T14:37:28.786412+00:00,kai-scheduler,queue-controller-f86fcd76c-g8s94,1.0,13631488
2026-09-16T14:37:28.786412+00:00,kube-system,coredns-8db54c48d-nnp6r,12.0,27262976
2026-09-16T14:37:28.786412+00:00,kube-system,kwok-controller-5cf8c7c44b-4xt7n,136.0,30408704
2026-09-16T14:37:28.786412+00:00,kube-system,local-path-provisioner-5d9d9885bc-zmx4f,1.0,13631488
2026-09-16T14:37:28.786412+00:00,kube-system,metrics-server-75dc6f8d87-v5lng,29.0,51380224
2026-09-16T14:37:28.786412+00:00,kube-system,svclb-traefik-ed9e515b-lzn5v,0.0,0
2026-09-16T14:37:28.786412+00:00,kube-system,traefik-9bcdbbd9-crb5f,20.0,54525952
2026-09-16T14:37:28.786412+00:00,pyroscope,pyroscope-0,9.0,72351744
2026-09-16T14:37:28.786412+00:00,pyroscope,pyroscope-alloy-0,71.0,137363456
2026-09-16T14:37:35.027416+00:00,grove-system,grove-operator-68ff8b4f66-z4xgv,596.0,202375168
2026-09-16T14:37:35.027416+00:00,kai-scheduler,admission-86666f457d-g5npv,1.0,15728640
2026-09-16T14:37:35.027416+00:00,kai-scheduler,binder-869fc94c7-vvgpp,36.0,106954752
2026-09-16T14:37:35.027416+00:00,kai-scheduler,kai-operator-69b5d7bcf7-kmqnq,1.0,61865984
2026-09-16T14:37:35.027416+00:00,kai-scheduler,kai-scheduler-default-5fd697d85c-ts62k,38.0,156237824
2026-09-16T14:37:35.027416+00:00,kai-scheduler,pod-grouper-65456f756-c7pv5,1.0,11534336
2026-09-16T14:37:35.027416+00:00,kai-scheduler,podgroup-controller-68f9cc8dbf-8mmzk,1.0,11534336
2026-09-16T14:37:35.027416+00:00,kai-scheduler,queue-controller-f86fcd76c-g8s94,1.0,13631488
2026-09-16T14:37:35.027416+00:00,kube-system,coredns-8db54c48d-nnp6r,8.0,26214400
2026-09-16T14:37:35.027416+00:00,kube-system,kwok-controller-5cf8c7c44b-4xt7n,71.0,32505856
2026-09-16T14:37:35.027416+00:00,kube-system,local-path-provisioner-5d9d9885bc-zmx4f,1.0,13631488
2026-09-16T14:37:35.027416+00:00,kube-system,metrics-server-75dc6f8d87-v5lng,22.0,56623104
2026-09-16T14:37:35.027416+00:00,kube-system,svclb-traefik-ed9e515b-lzn5v,0.0,0
2026-09-16T14:37:35.027416+00:00,kube-system,traefik-9bcdbbd9-crb5f,13.0,53477376
2026-09-16T14:37:35.027416+00:00,pyroscope,pyroscope-0,7.0,59768832
2026-09-16T14:37:35.027416+00:00,pyroscope,pyroscope-alloy-0,43.0,143654912
2026-09-16T14:37:41.263248+00:00,grove-system,grove-operator-68ff8b4f66-z4xgv,596.0,202375168
2026-09-16T14:37:41.263248+00:00,kai-scheduler,admission-86666f457d-g5npv,1.0,15728640
2026-09-16T14:37:41.263248+00:00,kai-scheduler,binder-869fc94c7-vvgpp,36.0,106954752
2026-09-16T14:37:41.263248+00:00,kai-scheduler,kai-operator-69b5d7bcf7-kmqnq,1.0,61865984
2026-09-16T14:37:41.263248+00:00,kai-scheduler,kai-scheduler-default-5fd697d85c-ts62k,38.0,156237824
2026-09-16T14:37:41.263248+00:00,kai-scheduler,pod-grouper-65456f756-c7pv5,1.0,11534336
2026-09-16T14:37:41.263248+00:00,kai-scheduler,podgroup-controller-68f9cc8dbf-8mmzk,1.0,11534336
2026-09-16T14:37:41.263248+00:00,kai-scheduler,queue-controller-f86fcd76c-g8s94,1.0,13631488
2026-09-16T14:37:41.263248+00:00,kube-system,coredns-8db54c48d-nnp6r,8.0,26214400
2026-09-16T14:37:41.263248+00:00,kube-system,kwok-controller-5cf8c7c44b-4xt7n,71.0,32505856
2026-09-16T14:37:41.263248+00:00,kube-system,local-path-provisioner-5d9d9885bc-zmx4f,1.0,13631488
2026-09-16T14:37:41.263248+00:00,kube-system,metrics-server-75dc6f8d87-v5lng,22.0,56623104
2026-09-16T14:37:41.263248+00:00,kube-system,svclb-traefik-ed9e515b-lzn5v,0.0,0
2026-09-16T14:37:41.263248+00:00,kube-system,traefik-9bcdbbd9-crb5f,13.0,53477376
2026-09-16T14:37:41.263248+00:00,pyroscope,pyroscope-0,7.0,59768832
2026-09-16T14:37:41.263248+00:00,pyroscope,pyroscope-alloy-0,43.0,143654912
2026-09-16T14:37:47.519109+00:00,grove-system,grove-operator-68ff8b4f66-z4xgv,43.0,198180864
2026-09-16T14:37:47.519109+00:00,kai-scheduler,admission-86666f457d-g5npv,1.0,15728640
2026-09-16T14:37:47.519109+00:00,kai-scheduler,binder-869fc94c7-vvgpp,39.0,101711872
2026-09-16T14:37:47.519109+00:00,kai-scheduler,kai-operator-69b5d7bcf7-kmqnq,1.0,61865984
2026-09-16T14:37:47.519109+00:00,kai-scheduler,kai-scheduler-default-5fd697d85c-ts62k,40.0,122683392
2026-09-16T14:37:47.519109+00:00,kai-scheduler,pod-grouper-65456f756-c7pv5,1.0,11534336
2026-09-16T14:37:47.519109+00:00,kai-scheduler,podgroup-controller-68f9cc8dbf-8mmzk,1.0,11534336
2026-09-16T14:37:47.519109+00:00,kai-scheduler,queue-controller-f86fcd76c-g8s94,1.0,13631488
2026-09-16T14:37:47.519109+00:00,kube-system,coredns-8db54c48d-nnp6r,13.0,31457280
2026-09-16T14:37:47.519109+00:00,kube-system,kwok-controller-5cf8c7c44b-4xt7n,65.0,31457280
2026-09-16T14:37:47.519109+00:00,kube-system,local-path-provisioner-5d9d9885bc-zmx4f,1.0,13631488
2026-09-16T14:37:47.519109+00:00,kube-system,metrics-server-75dc6f8d87-v5lng,22.0,56623104
2026-09-16T14:37:47.519109+00:00,kube-system,svclb-traefik-ed9e515b-lzn5v,0.0,0
2026-09-16T14:37:47.519109+00:00,kube-system,traefik-9bcdbbd9-crb5f,14.0,55574528
2026-09-16T14:37:47.519109+00:00,pyroscope,pyroscope-0,10.0,67108864
2026-09-16T14:37:47.519109+00:00,pyroscope,pyroscope-alloy-0,52.0,141557760
2026-09-16T14:37:53.764387+00:00,grove-system,grove-operator-68ff8b4f66-z4xgv,43.0,198180864
2026-09-16T14:37:53.764387+00:00,kai-scheduler,admission-86666f457d-g5npv,1.0,15728640
2026-09-16T14:37:53.764387+00:00,kai-scheduler,binder-869fc94c7-vvgpp,39.0,101711872
2026-09-16T14:37:53.764387+00:00,kai-scheduler,kai-operator-69b5d7bcf7-kmqnq,1.0,61865984
2026-09-16T14:37:53.764387+00:00,kai-scheduler,kai-scheduler-default-5fd697d85c-ts62k,40.0,122683392
2026-09-16T14:37:53.764387+00:00,kai-scheduler,pod-grouper-65456f756-c7pv5,1.0,11534336
2026-09-16T14:37:53.764387+00:00,kai-scheduler,podgroup-controller-68f9cc8dbf-8mmzk,1.0,11534336
2026-09-16T14:37:53.764387+00:00,kai-scheduler,queue-controller-f86fcd76c-g8s94,1.0,13631488
2026-09-16T14:37:53.764387+00:00,kube-system,coredns-8db54c48d-nnp6r,13.0,31457280
2026-09-16T14:37:53.764387+00:00,kube-system,kwok-controller-5cf8c7c44b-4xt7n,65.0,31457280
2026-09-16T14:37:53.764387+00:00,kube-system,local-path-provisioner-5d9d9885bc-zmx4f,1.0,13631488
2026-09-16T14:37:53.764387+00:00,kube-system,metrics-server-75dc6f8d87-v5lng,22.0,56623104
2026-09-16T14:37:53.764387+00:00,kube-system,svclb-traefik-ed9e515b-lzn5v,0.0,0
2026-09-16T14:37:53.764387+00:00,kube-system,traefik-9bcdbbd9-crb5f,14.0,55574528
2026-09-16T14:37:53.764387+00:00,pyroscope,pyroscope-0,10.0,67108864
2026-09-16T14:37:53.764387+00:00,pyroscope,pyroscope-alloy-0,52.0,141557760
2026-09-16T14:38:00.008700+00:00,grove-system,grove-operator-68ff8b4f66-z4xgv,225.0,203423744
2026-09-16T14:38:00.008700+00:00,kai-scheduler,admission-86666f457d-g5npv,1.0,15728640
2026-09-16T14:38:00.008700+00:00,kai-scheduler,binder-869fc94c7-vvgpp,10.0,103809024
2026-09-16T14:38:00.008700+00:00,kai-scheduler,kai-operator-69b5d7bcf7-kmqnq,15.0,61865984
2026-09-16T14:38:00.008700+00:00,kai-scheduler,kai-scheduler-default-5fd697d85c-ts62k,40.0,122683392
2026-09-16T14:38:00.008700+00:00,kai-scheduler,pod-grouper-65456f756-c7pv5,1.0,11534336
2026-09-16T14:38:00.008700+00:00,kai-scheduler,podgroup-controller-68f9cc8dbf-8mmzk,1.0,11534336
2026-09-16T14:38:00.008700+00:00,kai-scheduler,queue-controller-f86fcd76c-g8s94,1.0,13631488
2026-09-16T14:38:00.008700+00:00,kube-system,coredns-8db54c48d-nnp6r,10.0,29360128
2026-09-16T14:38:00.008700+00:00,kube-system,kwok-controller-5cf8c7c44b-4xt7n,65.0,31457280
2026-09-16T14:38:00.008700+00:00,kube-system,local-path-provisioner-5d9d9885bc-zmx4f,1.0,13631488
2026-09-16T14:38:00.008700+00:00,kube-system,metrics-server-75dc6f8d87-v5lng,17.0,56623104
2026-09-16T14:38:00.008700+00:00,kube-system,svclb-traefik-ed9e515b-lzn5v,0.0,0
2026-09-16T14:38:00.008700+00:00,kube-system,traefik-9bcdbbd9-crb5f,49.0,54525952
2026-09-16T14:38:00.008700+00:00,pyroscope,pyroscope-0,6.0,63963136
2026-09-16T14:38:00.008700+00:00,pyroscope,pyroscope-alloy-0,22.0,143654912
2026-09-16T14:38:06.254260+00:00,grove-system,grove-operator-68ff8b4f66-z4xgv,225.0,203423744
2026-09-16T14:38:06.254260+00:00,kai-scheduler,admission-86666f457d-g5npv,1.0,15728640
2026-09-16T14:38:06.254260+00:00,kai-scheduler,binder-869fc94c7-vvgpp,10.0,103809024
2026-09-16T14:38:06.254260+00:00,kai-scheduler,kai-operator-69b5d7bcf7-kmqnq,15.0,61865984
2026-09-16T14:38:06.254260+00:00,kai-scheduler,kai-scheduler-default-5fd697d85c-ts62k,40.0,122683392
2026-09-16T14:38:06.254260+00:00,kai-scheduler,pod-grouper-65456f756-c7pv5,1.0,11534336
2026-09-16T14:38:06.254260+00:00,kai-scheduler,podgroup-controller-68f9cc8dbf-8mmzk,1.0,11534336
2026-09-16T14:38:06.254260+00:00,kai-scheduler,queue-controller-f86fcd76c-g8s94,1.0,13631488
2026-09-16T14:38:06.254260+00:00,kube-system,coredns-8db54c48d-nnp6r,10.0,29360128
2026-09-16T14:38:06.254260+00:00,kube-system,kwok-controller-5cf8c7c44b-4xt7n,65.0,31457280
2026-09-16T14:38:06.254260+00:00,kube-system,local-path-provisioner-5d9d9885bc-zmx4f,1.0,13631488
2026-09-16T14:38:06.254260+00:00,kube-system,metrics-server-75dc6f8d87-v5lng,17.0,56623104
2026-09-16T14:38:06.254260+00:00,kube-system,svclb-traefik-ed9e515b-lzn5v,0.0,0
2026-09-16T14:38:06.254260+00:00,kube-system,traefik-9bcdbbd9-crb5f,49.0,54525952
2026-09-16T14:38:06.254260+00:00,pyroscope,pyroscope-0,6.0,63963136
2026-09-16T14:38:06.254260+00:00,pyroscope,pyroscope-alloy-0,22.0,143654912
2026-09-16T14:38:12.511252+00:00,grove-system,grove-operator-68ff8b4f66-z4xgv,225.0,203423744
2026-09-16T14:38:12.511252+00:00,kai-scheduler,admission-86666f457d-g5npv,1.0,15728640
2026-09-16T14:38:12.511252+00:00,kai-scheduler,binder-869fc94c7-vvgpp,10.0,103809024
2026-09-16T14:38:12.511252+00:00,kai-scheduler,kai-operator-69b5d7bcf7-kmqnq,15.0,61865984
2026-09-16T14:38:12.511252+00:00,kai-scheduler,kai-scheduler-default-5fd697d85c-ts62k,40.0,122683392
2026-09-16T14:38:12.511252+00:00,kai-scheduler,pod-grouper-65456f756-c7pv5,1.0,11534336
2026-09-16T14:38:12.511252+00:00,kai-scheduler,podgroup-controller-68f9cc8dbf-8mmzk,1.0,11534336
2026-09-16T14:38:12.511252+00:00,kai-scheduler,queue-controller-f86fcd76c-g8s94,1.0,13631488
2026-09-16T14:38:12.511252+00:00,kube-system,coredns-8db54c48d-nnp6r,10.0,29360128
2026-09-16T14:38:12.511252+00:00,kube-system,kwok-controller-5cf8c7c44b-4xt7n,65.0,31457280
2026-09-16T14:38:12.511252+00:00,kube-system,local-path-provisioner-5d9d9885bc-zmx4f,1.0,13631488
2026-09-16T14:38:12.511252+00:00,kube-system,metrics-server-75dc6f8d87-v5lng,17.0,56623104
2026-09-16T14:38:12.511252+00:00,kube-system,svclb-traefik-ed9e515b-lzn5v,0.0,0
2026-09-16T14:38:12.511252+00:00,kube-system,traefik-9bcdbbd9-crb5f,49.0,54525952
2026-09-16T14:38:12.511252+00:00,pyroscope,pyroscope-0,6.0,63963136
2026-09-16T14:38:12.511252+00:00,pyroscope,pyroscope-alloy-0,22.0,143654912
2026-09-16T14:38:18.761111+00:00,grove-system,grove-operator-68ff8b4f66-z4xgv,520.0,229638144
2026-09-16T14:38:18.761111+00:00,kai-scheduler,admission-86666f457d-g5npv,1.0,15728640
2026-09-16T14:38:18.761111+00:00,kai-scheduler,binder-869fc94c7-vvgpp,10.0,103809024
2026-09-16T14:38:18.761111+00:00,kai-scheduler,kai-operator-69b5d7bcf7-kmqnq,4.0,62914560
2026-09-16T14:38:18.761111+00:00,kai-scheduler,kai-scheduler-default-5fd697d85c-ts62k,24.0,126877696
2026-09-16T14:38:18.761111+00:00,kai-scheduler,pod-grouper-65456f756-c7pv5,1.0,11534336
2026-09-16T14:38:18.761111+00:00,kai-scheduler,podgroup-controller-68f9cc8dbf-8mmzk,1.0,11534336
2026-09-16T14:38:18.761111+00:00,kai-scheduler,queue-controller-f86fcd76c-g8s94,1.0,13631488
2026-09-16T14:38:18.761111+00:00,kube-system,coredns-8db54c48d-nnp6r,10.0,28311552
2026-09-16T14:38:18.761111+00:00,kube-system,kwok-controller-5cf8c7c44b-4xt7n,11.0,30408704
2026-09-16T14:38:18.761111+00:00,kube-system,local-path-provisioner-5d9d9885bc-zmx4f,1.0,13631488
2026-09-16T14:38:18.761111+00:00,kube-system,metrics-server-75dc6f8d87-v5lng,17.0,56623104
2026-09-16T14:38:18.761111+00:00,kube-system,svclb-traefik-ed9e515b-lzn5v,0.0,0
2026-09-16T14:38:18.761111+00:00,kube-system,traefik-9bcdbbd9-crb5f,13.0,55574528
2026-09-16T14:38:18.761111+00:00,pyroscope,pyroscope-0,7.0,58720256
2026-09-16T14:38:18.761111+00:00,pyroscope,pyroscope-alloy-0,16.0,137363456
2026-09-16T14:38:25.007797+00:00,grove-system,grove-operator-68ff8b4f66-z4xgv,520.0,229638144
2026-09-16T14:38:25.007797+00:00,kai-scheduler,admission-86666f457d-g5npv,1.0,15728640
2026-09-16T14:38:25.007797+00:00,kai-scheduler,binder-869fc94c7-vvgpp,10.0,103809024
2026-09-16T14:38:25.007797+00:00,kai-scheduler,kai-operator-69b5d7bcf7-kmqnq,4.0,62914560
2026-09-16T14:38:25.007797+00:00,kai-scheduler,kai-scheduler-default-5fd697d85c-ts62k,24.0,126877696
2026-09-16T14:38:25.007797+00:00,kai-scheduler,pod-grouper-65456f756-c7pv5,1.0,11534336
2026-09-16T14:38:25.007797+00:00,kai-scheduler,podgroup-controller-68f9cc8dbf-8mmzk,1.0,11534336
2026-09-16T14:38:25.007797+00:00,kai-scheduler,queue-controller-f86fcd76c-g8s94,1.0,13631488
2026-09-16T14:38:25.007797+00:00,kube-system,coredns-8db54c48d-nnp6r,10.0,28311552
2026-09-16T14:38:25.007797+00:00,kube-system,kwok-controller-5cf8c7c44b-4xt7n,11.0,30408704
2026-09-16T14:38:25.007797+00:00,kube-system,local-path-provisioner-5d9d9885bc-zmx4f,1.0,13631488
2026-09-16T14:38:25.007797+00:00,kube-system,metrics-server-75dc6f8d87-v5lng,17.0,56623104
2026-09-16T14:38:25.007797+00:00,kube-system,svclb-traefik-ed9e515b-lzn5v,0.0,0
2026-09-16T14:38:25.007797+00:00,kube-system,traefik-9bcdbbd9-crb5f,13.0,55574528
2026-09-16T14:38:25.007797+00:00,pyroscope,pyroscope-0,7.0,58720256
2026-09-16T14:38:25.007797+00:00,pyroscope,pyroscope-alloy-0,16.0,137363456
2026-09-16T14:38:31.246647+00:00,grove-system,grove-operator-68ff8b4f66-z4xgv,656.0,231735296
2026-09-16T14:38:31.246647+00:00,kai-scheduler,admission-86666f457d-g5npv,1.0,15728640
2026-09-16T14:38:31.246647+00:00,kai-scheduler,binder-869fc94c7-vvgpp,41.0,112197632
2026-09-16T14:38:31.246647+00:00,kai-scheduler,kai-operator-69b5d7bcf7-kmqnq,6.0,61865984
2026-09-16T14:38:31.246647+00:00,kai-scheduler,kai-scheduler-default-5fd697d85c-ts62k,77.0,152043520
2026-09-16T14:38:31.246647+00:00,kai-scheduler,pod-grouper-65456f756-c7pv5,1.0,11534336
2026-09-16T14:38:31.246647+00:00,kai-scheduler,podgroup-controller-68f9cc8dbf-8mmzk,1.0,11534336
2026-09-16T14:38:31.246647+00:00,kai-scheduler,queue-controller-f86fcd76c-g8s94,1.0,13631488
2026-09-16T14:38:31.246647+00:00,kube-system,coredns-8db54c48d-nnp6r,11.0,28311552
2026-09-16T14:38:31.246647+00:00,kube-system,kwok-controller-5cf8c7c44b-4xt7n,229.0,34603008
2026-09-16T14:38:31.246647+00:00,kube-system,local-path-provisioner-5d9d9885bc-zmx4f,1.0,13631488
2026-09-16T14:38:31.246647+00:00,kube-system,metrics-server-75dc6f8d87-v5lng,12.0,57671680
2026-09-16T14:38:31.246647+00:00,kube-system,svclb-traefik-ed9e515b-lzn5v,0.0,0
2026-09-16T14:38:31.246647+00:00,kube-system,traefik-9bcdbbd9-crb5f,18.0,55574528
2026-09-16T14:38:31.246647+00:00,pyroscope,pyroscope-0,7.0,60817408
2026-09-16T14:38:31.246647+00:00,pyroscope,pyroscope-alloy-0,68.0,143654912
2026-09-16T14:38:37.482415+00:00,grove-system,grove-operator-68ff8b4f66-z4xgv,656.0,231735296
2026-09-16T14:38:37.482415+00:00,kai-scheduler,admission-86666f457d-g5npv,1.0,15728640
2026-09-16T14:38:37.482415+00:00,kai-scheduler,binder-869fc94c7-vvgpp,41.0,112197632
2026-09-16T14:38:37.482415+00:00,kai-scheduler,kai-operator-69b5d7bcf7-kmqnq,6.0,61865984
2026-09-16T14:38:37.482415+00:00,kai-scheduler,kai-scheduler-default-5fd697d85c-ts62k,77.0,152043520
2026-09-16T14:38:37.482415+00:00,kai-scheduler,pod-grouper-65456f756-c7pv5,1.0,11534336
2026-09-16T14:38:37.482415+00:00,kai-scheduler,podgroup-controller-68f9cc8dbf-8mmzk,1.0,11534336
2026-09-16T14:38:37.482415+00:00,kai-scheduler,queue-controller-f86fcd76c-g8s94,1.0,13631488
2026-09-16T14:38:37.482415+00:00,kube-system,coredns-8db54c48d-nnp6r,11.0,28311552
2026-09-16T14:38:37.482415+00:00,kube-system,kwok-controller-5cf8c7c44b-4xt7n,229.0,34603008
2026-09-16T14:38:37.482415+00:00,kube-system,local-path-provisioner-5d9d9885bc-zmx4f,1.0,13631488
2026-09-16T14:38:37.482415+00:00,kube-system,metrics-server-75dc6f8d87-v5lng,12.0,57671680
2026-09-16T14:38:37.482415+00:00,kube-system,svclb-traefik-ed9e515b-lzn5v,0.0,0
2026-09-16T14:38:37.482415+00:00,kube-system,traefik-9bcdbbd9-crb5f,18.0,55574528
2026-09-16T14:38:37.482415+00:00,pyroscope,pyroscope-0,7.0,60817408
2026-09-16T14:38:37.482415+00:00,pyroscope,pyroscope-alloy-0,68.0,143654912
2026-09-16T14:38:43.722454+00:00,grove-system,grove-operator-68ff8b4f66-z4xgv,656.0,231735296
2026-09-16T14:38:43.722454+00:00,kai-scheduler,admission-86666f457d-g5npv,1.0,15728640
2026-09-16T14:38:43.722454+00:00,kai-scheduler,binder-869fc94c7-vvgpp,41.0,112197632
2026-09-16T14:38:43.722454+00:00,kai-scheduler,kai-operator-69b5d7bcf7-kmqnq,6.0,61865984
2026-09-16T14:38:43.722454+00:00,kai-scheduler,kai-scheduler-default-5fd697d85c-ts62k,77.0,152043520
2026-09-16T14:38:43.722454+00:00,kai-scheduler,pod-grouper-65456f756-c7pv5,1.0,11534336
2026-09-16T14:38:43.722454+00:00,kai-scheduler,podgroup-controller-68f9cc8dbf-8mmzk,1.0,11534336
2026-09-16T14:38:43.722454+00:00,kai-scheduler,queue-controller-f86fcd76c-g8s94,1.0,13631488
2026-09-16T14:38:43.722454+00:00,kube-system,coredns-8db54c48d-nnp6r,11.0,28311552
2026-09-16T14:38:43.722454+00:00,kube-system,kwok-controller-5cf8c7c44b-4xt7n,229.0,34603008
2026-09-16T14:38:43.722454+00:00,kube-system,local-path-provisioner-5d9d9885bc-zmx4f,1.0,13631488
2026-09-16T14:38:43.722454+00:00,kube-system,metrics-server-75dc6f8d87-v5lng,12.0,57671680
2026-09-16T14:38:43.722454+00:00,kube-system,svclb-traefik-ed9e515b-lzn5v,0.0,0
2026-09-16T14:38:43.722454+00:00,kube-system,traefik-9bcdbbd9-crb5f,18.0,55574528
2026-09-16T14:38:43.722454+00:00,pyroscope,pyroscope-0,7.0,60817408
2026-09-16T14:38:43.722454+00:00,pyroscope,pyroscope-alloy-0,68.0,143654912
2026-09-16T14:38:49.962793+00:00,grove-system,grove-operator-68ff8b4f66-z4xgv,747.0,245366784
2026-09-16T14:38:49.962793+00:00,kai-scheduler,admission-86666f457d-g5npv,1.0,15728640
2026-09-16T14:38:49.962793+00:00,kai-scheduler,binder-869fc94c7-vvgpp,83.0,134217728
2026-09-16T14:38:49.962793+00:00,kai-scheduler,kai-operator-69b5d7bcf7-kmqnq,4.0,61865984
2026-09-16T14:38:49.962793+00:00,kai-scheduler,kai-scheduler-default-5fd697d85c-ts62k,40.0,166723584
2026-09-16T14:38:49.962793+00:00,kai-scheduler,pod-grouper-65456f756-c7pv5,1.0,11534336
2026-09-16T14:38:49.962793+00:00,kai-scheduler,podgroup-controller-68f9cc8dbf-8mmzk,1.0,11534336
2026-09-16T14:38:49.962793+00:00,kai-scheduler,queue-controller-f86fcd76c-g8s94,1.0,13631488
2026-09-16T14:38:49.962793+00:00,kube-system,coredns-8db54c48d-nnp6r,12.0,30408704
2026-09-16T14:38:49.962793+00:00,kube-system,kwok-controller-5cf8c7c44b-4xt7n,99.0,31457280
2026-09-16T14:38:49.962793+00:00,kube-system,local-path-provisioner-5d9d9885bc-zmx4f,1.0,13631488
2026-09-16T14:38:49.962793+00:00,kube-system,metrics-server-75dc6f8d87-v5lng,26.0,56623104
2026-09-16T14:38:49.962793+00:00,kube-system,svclb-traefik-ed9e515b-lzn5v,0.0,0
2026-09-16T14:38:49.962793+00:00,kube-system,traefik-9bcdbbd9-crb5f,18.0,55574528
2026-09-16T14:38:49.962793+00:00,pyroscope,pyroscope-0,10.0,75497472
2026-09-16T14:38:49.962793+00:00,pyroscope,pyroscope-alloy-0,36.0,148897792
2026-09-16T14:38:56.196430+00:00,grove-system,grove-operator-68ff8b4f66-z4xgv,747.0,245366784
2026-09-16T14:38:56.196430+00:00,kai-scheduler,admission-86666f457d-g5npv,1.0,15728640
2026-09-16T14:38:56.196430+00:00,kai-scheduler,binder-869fc94c7-vvgpp,83.0,134217728
2026-09-16T14:38:56.196430+00:00,kai-scheduler,kai-operator-69b5d7bcf7-kmqnq,4.0,61865984
2026-09-16T14:38:56.196430+00:00,kai-scheduler,kai-scheduler-default-5fd697d85c-ts62k,40.0,166723584
2026-09-16T14:38:56.196430+00:00,kai-scheduler,pod-grouper-65456f756-c7pv5,1.0,11534336
2026-09-16T14:38:56.196430+00:00,kai-scheduler,podgroup-controller-68f9cc8dbf-8mmzk,1.0,11534336
2026-09-16T14:38:56.196430+00:00,kai-scheduler,queue-controller-f86fcd76c-g8s94,1.0,13631488
2026-09-16T14:38:56.196430+00:00,kube-system,coredns-8db54c48d-nnp6r,12.0,30408704
2026-09-16T14:38:56.196430+00:00,kube-system,kwok-controller-5cf8c7c44b-4xt7n,99.0,31457280
2026-09-16T14:38:56.196430+00:00,kube-system,local-path-provisioner-5d9d9885bc-zmx4f,1.0,13631488
2026-09-16T14:38:56.196430+00:00,kube-system,metrics-server-75dc6f8d87-v5lng,26.0,56623104
2026-09-16T14:38:56.196430+00:00,kube-system,svclb-traefik-ed9e515b-lzn5v,0.0,0
2026-09-16T14:38:56.196430+00:00,kube-system,traefik-9bcdbbd9-crb5f,18.0,55574528
2026-09-16T14:38:56.196430+00:00,pyroscope,pyroscope-0,10.0,75497472
2026-09-16T14:38:56.196430+00:00,pyroscope,pyroscope-alloy-0,36.0,148897792
2026-09-16T14:39:02.436289+00:00,grove-system,grove-operator-68ff8b4f66-z4xgv,373.0,243269632
2026-09-16T14:39:02.436289+00:00,kai-scheduler,admission-86666f457d-g5npv,1.0,15728640
2026-09-16T14:39:02.436289+00:00,kai-scheduler,binder-869fc94c7-vvgpp,5.0,133169152
2026-09-16T14:39:02.436289+00:00,kai-scheduler,kai-operator-69b5d7bcf7-kmqnq,3.0,61865984
2026-09-16T14:39:02.436289+00:00,kai-scheduler,kai-scheduler-default-5fd697d85c-ts62k,30.0,178257920
2026-09-16T14:39:02.436289+00:00,kai-scheduler,pod-grouper-65456f756-c7pv5,1.0,11534336
2026-09-16T14:39:02.436289+00:00,kai-scheduler,podgroup-controller-68f9cc8dbf-8mmzk,1.0,11534336
2026-09-16T14:39:02.436289+00:00,kai-scheduler,queue-controller-f86fcd76c-g8s94,1.0,13631488
2026-09-16T14:39:02.436289+00:00,kube-system,coredns-8db54c48d-nnp6r,9.0,30408704
2026-09-16T14:39:02.436289+00:00,kube-system,kwok-controller-5cf8c7c44b-4xt7n,99.0,31457280
2026-09-16T14:39:02.436289+00:00,kube-system,local-path-provisioner-5d9d9885bc-zmx4f,1.0,13631488
2026-09-16T14:39:02.436289+00:00,kube-system,metrics-server-75dc6f8d87-v5lng,11.0,59768832
2026-09-16T14:39:02.436289+00:00,kube-system,svclb-traefik-ed9e515b-lzn5v,0.0,0
2026-09-16T14:39:02.436289+00:00,kube-system,traefik-9bcdbbd9-crb5f,16.0,58720256
2026-09-16T14:39:02.436289+00:00,pyroscope,pyroscope-0,7.0,70254592
2026-09-16T14:39:02.436289+00:00,pyroscope,pyroscope-alloy-0,31.0,153092096
2026-09-16T14:39:08.673468+00:00,grove-system,grove-operator-68ff8b4f66-z4xgv,373.0,243269632
2026-09-16T14:39:08.673468+00:00,kai-scheduler,admission-86666f457d-g5npv,1.0,15728640
2026-09-16T14:39:08.673468+00:00,kai-scheduler,binder-869fc94c7-vvgpp,5.0,133169152
2026-09-16T14:39:08.673468+00:00,kai-scheduler,kai-operator-69b5d7bcf7-kmqnq,3.0,61865984
2026-09-16T14:39:08.673468+00:00,kai-scheduler,kai-scheduler-default-5fd697d85c-ts62k,30.0,178257920
2026-09-16T14:39:08.673468+00:00,kai-scheduler,pod-grouper-65456f756-c7pv5,1.0,11534336
2026-09-16T14:39:08.673468+00:00,kai-scheduler,podgroup-controller-68f9cc8dbf-8mmzk,1.0,11534336
2026-09-16T14:39:08.673468+00:00,kai-scheduler,queue-controller-f86fcd76c-g8s94,1.0,13631488
2026-09-16T14:39:08.673468+00:00,kube-system,coredns-8db54c48d-nnp6r,9.0,30408704
2026-09-16T14:39:08.673468+00:00,kube-system,kwok-controller-5cf8c7c44b-4xt7n,99.0,31457280
2026-09-16T14:39:08.673468+00:00,kube-system,local-path-provisioner-5d9d9885bc-zmx4f,1.0,13631488
2026-09-16T14:39:08.673468+00:00,kube-system,metrics-server-75dc6f8d87-v5lng,11.0,59768832
2026-09-16T14:39:08.673468+00:00,kube-system,svclb-traefik-ed9e515b-lzn5v,0.0,0
2026-09-16T14:39:08.673468+00:00,kube-system,traefik-9bcdbbd9-crb5f,16.0,58720256
2026-09-16T14:39:08.673468+00:00,pyroscope,pyroscope-0,7.0,70254592
2026-09-16T14:39:08.673468+00:00,pyroscope,pyroscope-alloy-0,31.0,153092096
2026-09-16T14:39:14.915712+00:00,grove-system,grove-operator-68ff8b4f66-z4xgv,21.0,231735296
2026-09-16T14:39:14.915712+00:00,kai-scheduler,admission-86666f457d-g5npv,1.0,15728640
2026-09-16T14:39:14.915712+00:00,kai-scheduler,binder-869fc94c7-vvgpp,14.0,134217728
2026-09-16T14:39:14.915712+00:00,kai-scheduler,kai-operator-69b5d7bcf7-kmqnq,6.0,62914560
2026-09-16T14:39:14.915712+00:00,kai-scheduler,kai-scheduler-default-5fd697d85c-ts62k,27.0,177209344
2026-09-16T14:39:14.915712+00:00,kai-scheduler,pod-grouper-65456f756-c7pv5,1.0,11534336
2026-09-16T14:39:14.915712+00:00,kai-scheduler,podgroup-controller-68f9cc8dbf-8mmzk,1.0,11534336
2026-09-16T14:39:14.915712+00:00,kai-scheduler,queue-controller-f86fcd76c-g8s94,1.0,13631488
2026-09-16T14:39:14.915712+00:00,kube-system,coredns-8db54c48d-nnp6r,9.0,29360128
2026-09-16T14:39:14.915712+00:00,kube-system,kwok-controller-5cf8c7c44b-4xt7n,39.0,33554432
2026-09-16T14:39:14.915712+00:00,kube-system,local-path-provisioner-5d9d9885bc-zmx4f,1.0,13631488
2026-09-16T14:39:14.915712+00:00,kube-system,metrics-server-75dc6f8d87-v5lng,18.0,59768832
2026-09-16T14:39:14.915712+00:00,kube-system,svclb-traefik-ed9e515b-lzn5v,0.0,0
2026-09-16T14:39:14.915712+00:00,kube-system,traefik-9bcdbbd9-crb5f,11.0,56623104
2026-09-16T14:39:14.915712+00:00,pyroscope,pyroscope-0,12.0,78643200
2026-09-16T14:39:14.915712+00:00,pyroscope,pyroscope-alloy-0,36.0,154140672
2026-09-16T14:39:21.156134+00:00,grove-system,grove-operator-68ff8b4f66-z4xgv,21.0,231735296
2026-09-16T14:39:21.156134+00:00,kai-scheduler,admission-86666f457d-g5npv,1.0,15728640
2026-09-16T14:39:21.156134+00:00,kai-scheduler,binder-869fc94c7-vvgpp,14.0,134217728
2026-09-16T14:39:21.156134+00:00,kai-scheduler,kai-operator-69b5d7bcf7-kmqnq,6.0,62914560
2026-09-16T14:39:21.156134+00:00,kai-scheduler,kai-scheduler-default-5fd697d85c-ts62k,27.0,177209344
2026-09-16T14:39:21.156134+00:00,kai-scheduler,pod-grouper-65456f756-c7pv5,1.0,11534336
2026-09-16T14:39:21.156134+00:00,kai-scheduler,podgroup-controller-68f9cc8dbf-8mmzk,1.0,11534336
2026-09-16T14:39:21.156134+00:00,kai-scheduler,queue-controller-f86fcd76c-g8s94,1.0,13631488
2026-09-16T14:39:21.156134+00:00,kube-system,coredns-8db54c48d-nnp6r,9.0,29360128
2026-09-16T14:39:21.156134+00:00,kube-system,kwok-controller-5cf8c7c44b-4xt7n,39.0,33554432
2026-09-16T14:39:21.156134+00:00,kube-system,local-path-provisioner-5d9d9885bc-zmx4f,1.0,13631488
2026-09-16T14:39:21.156134+00:00,kube-system,metrics-server-75dc6f8d87-v5lng,18.0,59768832
2026-09-16T14:39:21.156134+00:00,kube-system,svclb-traefik-ed9e515b-lzn5v,0.0,0
2026-09-16T14:39:21.156134+00:00,kube-system,traefik-9bcdbbd9-crb5f,11.0,56623104
2026-09-16T14:39:21.156134+00:00,pyroscope,pyroscope-0,12.0,78643200
2026-09-16T14:39:21.156134+00:00,pyroscope,pyroscope-alloy-0,36.0,154140672
2026-09-16T14:39:27.395647+00:00,grove-system,grove-operator-68ff8b4f66-z4xgv,21.0,231735296
2026-09-16T14:39:27.395647+00:00,kai-scheduler,admission-86666f457d-g5npv,1.0,15728640
2026-09-16T14:39:27.395647+00:00,kai-scheduler,binder-869fc94c7-vvgpp,14.0,134217728
2026-09-16T14:39:27.395647+00:00,kai-scheduler,kai-operator-69b5d7bcf7-kmqnq,6.0,62914560
2026-09-16T14:39:27.395647+00:00,kai-scheduler,kai-scheduler-default-5fd697d85c-ts62k,27.0,177209344
2026-09-16T14:39:27.395647+00:00,kai-scheduler,pod-grouper-65456f756-c7pv5,1.0,11534336
2026-09-16T14:39:27.395647+00:00,kai-scheduler,podgroup-controller-68f9cc8dbf-8mmzk,1.0,11534336
2026-09-16T14:39:27.395647+00:00,kai-scheduler,queue-controller-f86fcd76c-g8s94,1.0,13631488
2026-09-16T14:39:27.395647+00:00,kube-system,coredns-8db54c48d-nnp6r,9.0,29360128
2026-09-16T14:39:27.395647+00:00,kube-system,kwok-controller-5cf8c7c44b-4xt7n,39.0,33554432
2026-09-16T14:39:27.395647+00:00,kube-system,local-path-provisioner-5d9d9885bc-zmx4f,1.0,13631488
2026-09-16T14:39:27.395647+00:00,kube-system,metrics-server-75dc6f8d87-v5lng,18.0,59768832
2026-09-16T14:39:27.395647+00:00,kube-system,svclb-traefik-ed9e515b-lzn5v,0.0,0
2026-09-16T14:39:27.395647+00:00,kube-system,traefik-9bcdbbd9-crb5f,11.0,56623104
2026-09-16T14:39:27.395647+00:00,pyroscope,pyroscope-0,12.0,78643200
2026-09-16T14:39:27.395647+00:00,pyroscope,pyroscope-alloy-0,36.0,154140672
2026-09-16T14:39:33.658400+00:00,grove-system,grove-operator-68ff8b4f66-z4xgv,123.0,234881024
2026-09-16T14:39:33.658400+00:00,kai-scheduler,admission-86666f457d-g5npv,1.0,15728640
2026-09-16T14:39:33.658400+00:00,kai-scheduler,binder-869fc94c7-vvgpp,33.0,134217728
2026-09-16T14:39:33.658400+00:00,kai-scheduler,kai-operator-69b5d7bcf7-kmqnq,26.0,62914560
2026-09-16T14:39:33.658400+00:00,kai-scheduler,kai-scheduler-default-5fd697d85c-ts62k,42.0,164626432
2026-09-16T14:39:33.658400+00:00,kai-scheduler,pod-grouper-65456f756-c7pv5,1.0,11534336
2026-09-16T14:39:33.658400+00:00,kai-scheduler,podgroup-controller-68f9cc8dbf-8mmzk,1.0,11534336
2026-09-16T14:39:33.658400+00:00,kai-scheduler,queue-controller-f86fcd76c-g8s94,1.0,13631488
2026-09-16T14:39:33.658400+00:00,kube-system,coredns-8db54c48d-nnp6r,5.0,28311552
2026-09-16T14:39:33.658400+00:00,kube-system,kwok-controller-5cf8c7c44b-4xt7n,54.0,33554432
2026-09-16T14:39:33.658400+00:00,kube-system,local-path-provisioner-5d9d9885bc-zmx4f,1.0,13631488
2026-09-16T14:39:33.658400+00:00,kube-system,metrics-server-75dc6f8d87-v5lng,26.0,65011712
2026-09-16T14:39:33.658400+00:00,kube-system,svclb-traefik-ed9e515b-lzn5v,0.0,0
2026-09-16T14:39:33.658400+00:00,kube-system,traefik-9bcdbbd9-crb5f,23.0,59768832
2026-09-16T14:39:33.658400+00:00,pyroscope,pyroscope-0,16.0,75497472
2026-09-16T14:39:33.658400+00:00,pyroscope,pyroscope-alloy-0,31.0,153092096
2026-09-16T14:39:39.902434+00:00,grove-system,grove-operator-68ff8b4f66-z4xgv,123.0,234881024
2026-09-16T14:39:39.902434+00:00,kai-scheduler,admission-86666f457d-g5npv,1.0,15728640
2026-09-16T14:39:39.902434+00:00,kai-scheduler,binder-869fc94c7-vvgpp,33.0,134217728
2026-09-16T14:39:39.902434+00:00,kai-scheduler,kai-operator-69b5d7bcf7-kmqnq,26.0,62914560
2026-09-16T14:39:39.902434+00:00,kai-scheduler,kai-scheduler-default-5fd697d85c-ts62k,42.0,164626432
2026-09-16T14:39:39.902434+00:00,kai-scheduler,pod-grouper-65456f756-c7pv5,1.0,11534336
2026-09-16T14:39:39.902434+00:00,kai-scheduler,podgroup-controller-68f9cc8dbf-8mmzk,1.0,11534336
2026-09-16T14:39:39.902434+00:00,kai-scheduler,queue-controller-f86fcd76c-g8s94,1.0,13631488
2026-09-16T14:39:39.902434+00:00,kube-system,coredns-8db54c48d-nnp6r,5.0,28311552
2026-09-16T14:39:39.902434+00:00,kube-system,kwok-controller-5cf8c7c44b-4xt7n,54.0,33554432
2026-09-16T14:39:39.902434+00:00,kube-system,local-path-provisioner-5d9d9885bc-zmx4f,1.0,13631488
2026-09-16T14:39:39.902434+00:00,kube-system,metrics-server-75dc6f8d87-v5lng,26.0,65011712
2026-09-16T14:39:39.902434+00:00,kube-system,svclb-traefik-ed9e515b-lzn5v,0.0,0
2026-09-16T14:39:39.902434+00:00,kube-system,traefik-9bcdbbd9-crb5f,23.0,59768832
2026-09-16T14:39:39.902434+00:00,pyroscope,pyroscope-0,16.0,75497472
2026-09-16T14:39:39.902434+00:00,pyroscope,pyroscope-alloy-0,31.0,153092096
2026-09-16T14:39:46.160731+00:00,grove-system,grove-operator-68ff8b4f66-z4xgv,123.0,234881024
2026-09-16T14:39:46.160731+00:00,kai-scheduler,admission-86666f457d-g5npv,1.0,15728640
2026-09-16T14:39:46.160731+00:00,kai-scheduler,binder-869fc94c7-vvgpp,19.0,133169152
2026-09-16T14:39:46.160731+00:00,kai-scheduler,kai-operator-69b5d7bcf7-kmqnq,1.0,62914560
2026-09-16T14:39:46.160731+00:00,kai-scheduler,kai-scheduler-default-5fd697d85c-ts62k,36.0,170917888
2026-09-16T14:39:46.160731+00:00,kai-scheduler,pod-grouper-65456f756-c7pv5,1.0,11534336
2026-09-16T14:39:46.160731+00:00,kai-scheduler,podgroup-controller-68f9cc8dbf-8mmzk,1.0,11534336
2026-09-16T14:39:46.160731+00:00,kai-scheduler,queue-controller-f86fcd76c-g8s94,1.0,13631488
2026-09-16T14:39:46.160731+00:00,kube-system,coredns-8db54c48d-nnp6r,19.0,30408704
2026-09-16T14:39:46.160731+00:00,kube-system,kwok-controller-5cf8c7c44b-4xt7n,114.0,44040192
2026-09-16T14:39:46.160731+00:00,kube-system,local-path-provisioner-5d9d9885bc-zmx4f,1.0,13631488
2026-09-16T14:39:46.160731+00:00,kube-system,metrics-server-75dc6f8d87-v5lng,13.0,65011712
2026-09-16T14:39:46.160731+00:00,kube-system,svclb-traefik-ed9e515b-lzn5v,0.0,0
2026-09-16T14:39:46.160731+00:00,kube-system,traefik-9bcdbbd9-crb5f,43.0,58720256
2026-09-16T14:39:46.160731+00:00,pyroscope,pyroscope-0,6.0,63963136
2026-09-16T14:39:46.160731+00:00,pyroscope,pyroscope-alloy-0,31.0,157286400
2026-09-16T14:39:52.421675+00:00,grove-system,grove-operator-68ff8b4f66-z4xgv,123.0,234881024
2026-09-16T14:39:52.421675+00:00,kai-scheduler,admission-86666f457d-g5npv,1.0,15728640
2026-09-16T14:39:52.421675+00:00,kai-scheduler,binder-869fc94c7-vvgpp,19.0,133169152
2026-09-16T14:39:52.421675+00:00,kai-scheduler,kai-operator-69b5d7bcf7-kmqnq,1.0,62914560
2026-09-16T14:39:52.421675+00:00,kai-scheduler,kai-scheduler-default-5fd697d85c-ts62k,36.0,170917888
2026-09-16T14:39:52.421675+00:00,kai-scheduler,pod-grouper-65456f756-c7pv5,1.0,11534336
2026-09-16T14:39:52.421675+00:00,kai-scheduler,podgroup-controller-68f9cc8dbf-8mmzk,1.0,11534336
2026-09-16T14:39:52.421675+00:00,kai-scheduler,queue-controller-f86fcd76c-g8s94,1.0,13631488
2026-09-16T14:39:52.421675+00:00,kube-system,coredns-8db54c48d-nnp6r,19.0,30408704
2026-09-16T14:39:52.421675+00:00,kube-system,kwok-controller-5cf8c7c44b-4xt7n,114.0,44040192
2026-09-16T14:39:52.421675+00:00,kube-system,local-path-provisioner-5d9d9885bc-zmx4f,1.0,13631488
2026-09-16T14:39:52.421675+00:00,kube-system,metrics-server-75dc6f8d87-v5lng,13.0,65011712
2026-09-16T14:39:52.421675+00:00,kube-system,svclb-traefik-ed9e515b-lzn5v,0.0,0
2026-09-16T14:39:52.421675+00:00,kube-system,traefik-9bcdbbd9-crb5f,43.0,58720256
2026-09-16T14:39:52.421675+00:00,pyroscope,pyroscope-0,6.0,63963136
2026-09-16T14:39:52.421675+00:00,pyroscope,pyroscope-alloy-0,31.0,157286400
2026-09-16T14:39:58.683575+00:00,grove-system,grove-operator-68ff8b4f66-z4xgv,123.0,234881024
2026-09-16T14:39:58.683575+00:00,kai-scheduler,admission-86666f457d-g5npv,1.0,15728640
2026-09-16T14:39:58.683575+00:00,kai-scheduler,binder-869fc94c7-vvgpp,19.0,133169152
2026-09-16T14:39:58.683575+00:00,kai-scheduler,kai-operator-69b5d7bcf7-kmqnq,1.0,62914560
2026-09-16T14:39:58.683575+00:00,kai-scheduler,kai-scheduler-default-5fd697d85c-ts62k,36.0,170917888
2026-09-16T14:39:58.683575+00:00,kai-scheduler,pod-grouper-65456f756-c7pv5,1.0,11534336
2026-09-16T14:39:58.683575+00:00,kai-scheduler,podgroup-controller-68f9cc8dbf-8mmzk,1.0,11534336
2026-09-16T14:39:58.683575+00:00,kai-scheduler,queue-controller-f86fcd76c-g8s94,1.0,13631488
2026-09-16T14:39:58.683575+00:00,kube-system,coredns-8db54c48d-nnp6r,19.0,30408704
2026-09-16T14:39:58.683575+00:00,kube-system,kwok-controller-5cf8c7c44b-4xt7n,114.0,44040192
2026-09-16T14:39:58.683575+00:00,kube-system,local-path-provisioner-5d9d9885bc-zmx4f,1.0,13631488
2026-09-16T14:39:58.683575+00:00,kube-system,metrics-server-75dc6f8d87-v5lng,13.0,65011712
2026-09-16T14:39:58.683575+00:00,kube-system,svclb-traefik-ed9e515b-lzn5v,0.0,0
2026-09-16T14:39:58.683575+00:00,kube-system,traefik-9bcdbbd9-crb5f,43.0,58720256
2026-09-16T14:39:58.683575+00:00,pyroscope,pyroscope-0,6.0,63963136
2026-09-16T14:39:58.683575+00:00,pyroscope,pyroscope-alloy-0,31.0,157286400
2026-09-16T14:40:04.941818+00:00,grove-system,grove-operator-68ff8b4f66-z4xgv,296.0,235929600
2026-09-16T14:40:04.941818+00:00,kai-scheduler,admission-86666f457d-g5npv,1.0,15728640
2026-09-16T14:40:04.941818+00:00,kai-scheduler,binder-869fc94c7-vvgpp,55.0,135266304
2026-09-16T14:40:04.941818+00:00,kai-scheduler,kai-operator-69b5d7bcf7-kmqnq,1.0,62914560
2026-09-16T14:40:04.941818+00:00,kai-scheduler,kai-scheduler-default-5fd697d85c-ts62k,53.0,156237824
2026-09-16T14:40:04.941818+00:00,kai-scheduler,pod-grouper-65456f756-c7pv5,1.0,11534336
2026-09-16T14:40:04.941818+00:00,kai-scheduler,podgroup-controller-68f9cc8dbf-8mmzk,1.0,11534336
2026-09-16T14:40:04.941818+00:00,kai-scheduler,queue-controller-f86fcd76c-g8s94,1.0,13631488
2026-09-16T14:40:04.941818+00:00,kube-system,coredns-8db54c48d-nnp6r,8.0,28311552
2026-09-16T14:40:04.941818+00:00,kube-system,kwok-controller-5cf8c7c44b-4xt7n,38.0,42991616
2026-09-16T14:40:04.941818+00:00,kube-system,local-path-provisioner-5d9d9885bc-zmx4f,1.0,13631488
2026-09-16T14:40:04.941818+00:00,kube-system,metrics-server-75dc6f8d87-v5lng,18.0,65011712
2026-09-16T14:40:04.941818+00:00,kube-system,svclb-traefik-ed9e515b-lzn5v,0.0,0
2026-09-16T14:40:04.941818+00:00,kube-system,traefik-9bcdbbd9-crb5f,18.0,56623104
2026-09-16T14:40:04.941818+00:00,pyroscope,pyroscope-0,6.0,63963136
2026-09-16T14:40:04.941818+00:00,pyroscope,pyroscope-alloy-0,52.0,158334976
2026-09-16T14:40:11.185992+00:00,grove-system,grove-operator-68ff8b4f66-z4xgv,296.0,235929600
2026-09-16T14:40:11.185992+00:00,kai-scheduler,admission-86666f457d-g5npv,1.0,15728640
2026-09-16T14:40:11.185992+00:00,kai-scheduler,binder-869fc94c7-vvgpp,55.0,135266304
2026-09-16T14:40:11.185992+00:00,kai-scheduler,kai-operator-69b5d7bcf7-kmqnq,1.0,62914560
2026-09-16T14:40:11.185992+00:00,kai-scheduler,kai-scheduler-default-5fd697d85c-ts62k,53.0,156237824
2026-09-16T14:40:11.185992+00:00,kai-scheduler,pod-grouper-65456f756-c7pv5,1.0,11534336
2026-09-16T14:40:11.185992+00:00,kai-scheduler,podgroup-controller-68f9cc8dbf-8mmzk,1.0,11534336
2026-09-16T14:40:11.185992+00:00,kai-scheduler,queue-controller-f86fcd76c-g8s94,1.0,13631488
2026-09-16T14:40:11.185992+00:00,kube-system,coredns-8db54c48d-nnp6r,8.0,28311552
2026-09-16T14:40:11.185992+00:00,kube-system,kwok-controller-5cf8c7c44b-4xt7n,38.0,42991616
2026-09-16T14:40:11.185992+00:00,kube-system,local-path-provisioner-5d9d9885bc-zmx4f,1.0,13631488
2026-09-16T14:40:11.185992+00:00,kube-system,metrics-server-75dc6f8d87-v5lng,18.0,65011712
2026-09-16T14:40:11.185992+00:00,kube-system,svclb-traefik-ed9e515b-lzn5v,0.0,0
2026-09-16T14:40:11.185992+00:00,kube-system,traefik-9bcdbbd9-crb5f,18.0,56623104
2026-09-16T14:40:11.185992+00:00,pyroscope,pyroscope-0,6.0,63963136
2026-09-16T14:40:11.185992+00:00,pyroscope,pyroscope-alloy-0,52.0,158334976
2026-09-16T14:40:17.427746+00:00,grove-system,grove-operator-68ff8b4f66-z4xgv,584.0,264241152
2026-09-16T14:40:17.427746+00:00,kai-scheduler,admission-86666f457d-g5npv,1.0,15728640
2026-09-16T14:40:17.427746+00:00,kai-scheduler,binder-869fc94c7-vvgpp,71.0,156237824
2026-09-16T14:40:17.427746+00:00,kai-scheduler,kai-operator-69b5d7bcf7-kmqnq,2.0,62914560
2026-09-16T14:40:17.427746+00:00,kai-scheduler,kai-scheduler-default-5fd697d85c-ts62k,87.0,205520896
2026-09-16T14:40:17.427746+00:00,kai-scheduler,pod-grouper-65456f756-c7pv5,1.0,11534336
2026-09-16T14:40:17.427746+00:00,kai-scheduler,podgroup-controller-68f9cc8dbf-8mmzk,1.0,11534336
2026-09-16T14:40:17.427746+00:00,kai-scheduler,queue-controller-f86fcd76c-g8s94,1.0,13631488
2026-09-16T14:40:17.427746+00:00,kube-system,coredns-8db54c48d-nnp6r,10.0,28311552
2026-09-16T14:40:17.427746+00:00,kube-system,kwok-controller-5cf8c7c44b-4xt7n,251.0,41943040
2026-09-16T14:40:17.427746+00:00,kube-system,local-path-provisioner-5d9d9885bc-zmx4f,1.0,13631488
2026-09-16T14:40:17.427746+00:00,kube-system,metrics-server-75dc6f8d87-v5lng,29.0,65011712
2026-09-16T14:40:17.427746+00:00,kube-system,svclb-traefik-ed9e515b-lzn5v,0.0,0
2026-09-16T14:40:17.427746+00:00,kube-system,traefik-9bcdbbd9-crb5f,9.0,59768832
2026-09-16T14:40:17.427746+00:00,pyroscope,pyroscope-0,7.0,60817408
2026-09-16T14:40:17.427746+00:00,pyroscope,pyroscope-alloy-0,82.0,160432128
2026-09-16T14:40:23.669562+00:00,grove-system,grove-operator-68ff8b4f66-z4xgv,584.0,264241152
2026-09-16T14:40:23.669562+00:00,kai-scheduler,admission-86666f457d-g5npv,1.0,15728640
2026-09-16T14:40:23.669562+00:00,kai-scheduler,binder-869fc94c7-vvgpp,71.0,156237824
2026-09-16T14:40:23.669562+00:00,kai-scheduler,kai-operator-69b5d7bcf7-kmqnq,2.0,62914560
2026-09-16T14:40:23.669562+00:00,kai-scheduler,kai-scheduler-default-5fd697d85c-ts62k,87.0,205520896
2026-09-16T14:40:23.669562+00:00,kai-scheduler,pod-grouper-65456f756-c7pv5,1.0,11534336
2026-09-16T14:40:23.669562+00:00,kai-scheduler,podgroup-controller-68f9cc8dbf-8mmzk,1.0,11534336
2026-09-16T14:40:23.669562+00:00,kai-scheduler,queue-controller-f86fcd76c-g8s94,1.0,13631488
2026-09-16T14:40:23.669562+00:00,kube-system,coredns-8db54c48d-nnp6r,10.0,28311552
2026-09-16T14:40:23.669562+00:00,kube-system,kwok-controller-5cf8c7c44b-4xt7n,251.0,41943040
2026-09-16T14:40:23.669562+00:00,kube-system,local-path-provisioner-5d9d9885bc-zmx4f,1.0,13631488
2026-09-16T14:40:23.669562+00:00,kube-system,metrics-server-75dc6f8d87-v5lng,29.0,65011712
2026-09-16T14:40:23.669562+00:00,kube-system,svclb-traefik-ed9e515b-lzn5v,0.0,0
2026-09-16T14:40:23.669562+00:00,kube-system,traefik-9bcdbbd9-crb5f,9.0,59768832
2026-09-16T14:40:23.669562+00:00,pyroscope,pyroscope-0,7.0,60817408
2026-09-16T14:40:23.669562+00:00,pyroscope,pyroscope-alloy-0,82.0,160432128
2026-09-16T14:40:29.909830+00:00,grove-system,grove-operator-68ff8b4f66-z4xgv,760.0,276824064
2026-09-16T14:40:29.909830+00:00,kai-scheduler,admission-86666f457d-g5npv,1.0,15728640
2026-09-16T14:40:29.909830+00:00,kai-scheduler,binder-869fc94c7-vvgpp,63.0,154140672
2026-09-16T14:40:29.909830+00:00,kai-scheduler,kai-operator-69b5d7bcf7-kmqnq,3.0,63963136
2026-09-16T14:40:29.909830+00:00,kai-scheduler,kai-scheduler-default-5fd697d85c-ts62k,33.0,206569472
2026-09-16T14:40:29.909830+00:00,kai-scheduler,pod-grouper-65456f756-c7pv5,1.0,11534336
2026-09-16T14:40:29.909830+00:00,kai-scheduler,podgroup-controller-68f9cc8dbf-8mmzk,1.0,11534336
2026-09-16T14:40:29.909830+00:00,kai-scheduler,queue-controller-f86fcd76c-g8s94,1.0,13631488
2026-09-16T14:40:29.909830+00:00,kube-system,coredns-8db54c48d-nnp6r,11.0,31457280
2026-09-16T14:40:29.909830+00:00,kube-system,kwok-controller-5cf8c7c44b-4xt7n,98.0,39845888
2026-09-16T14:40:29.909830+00:00,kube-system,local-path-provisioner-5d9d9885bc-zmx4f,1.0,13631488
2026-09-16T14:40:29.909830+00:00,kube-system,metrics-server-75dc6f8d87-v5lng,15.0,65011712
2026-09-16T14:40:29.909830+00:00,kube-system,svclb-traefik-ed9e515b-lzn5v,0.0,0
2026-09-16T14:40:29.909830+00:00,kube-system,traefik-9bcdbbd9-crb5f,17.0,68157440
2026-09-16T14:40:29.909830+00:00,pyroscope,pyroscope-0,11.0,75497472
2026-09-16T14:40:29.909830+00:00,pyroscope,pyroscope-alloy-0,73.0,160432128
2026-09-16T14:40:36.148315+00:00,grove-system,grove-operator-68ff8b4f66-z4xgv,760.0,276824064
2026-09-16T14:40:36.148315+00:00,kai-scheduler,admission-86666f457d-g5npv,1.0,15728640
2026-09-16T14:40:36.148315+00:00,kai-scheduler,binder-869fc94c7-vvgpp,63.0,154140672
2026-09-16T14:40:36.148315+00:00,kai-scheduler,kai-operator-69b5d7bcf7-kmqnq,3.0,63963136
2026-09-16T14:40:36.148315+00:00,kai-scheduler,kai-scheduler-default-5fd697d85c-ts62k,33.0,206569472
2026-09-16T14:40:36.148315+00:00,kai-scheduler,pod-grouper-65456f756-c7pv5,1.0,11534336
2026-09-16T14:40:36.148315+00:00,kai-scheduler,podgroup-controller-68f9cc8dbf-8mmzk,1.0,11534336
2026-09-16T14:40:36.148315+00:00,kai-scheduler,queue-controller-f86fcd76c-g8s94,1.0,13631488
2026-09-16T14:40:36.148315+00:00,kube-system,coredns-8db54c48d-nnp6r,11.0,31457280
2026-09-16T14:40:36.148315+00:00,kube-system,kwok-controller-5cf8c7c44b-4xt7n,98.0,39845888
2026-09-16T14:40:36.148315+00:00,kube-system,local-path-provisioner-5d9d9885bc-zmx4f,1.0,13631488
2026-09-16T14:40:36.148315+00:00,kube-system,metrics-server-75dc6f8d87-v5lng,15.0,65011712
2026-09-16T14:40:36.148315+00:00,kube-system,svclb-traefik-ed9e515b-lzn5v,0.0,0
2026-09-16T14:40:36.148315+00:00,kube-system,traefik-9bcdbbd9-crb5f,17.0,68157440
2026-09-16T14:40:36.148315+00:00,pyroscope,pyroscope-0,11.0,75497472
2026-09-16T14:40:36.148315+00:00,pyroscope,pyroscope-alloy-0,73.0,160432128
2026-09-16T14:40:42.395371+00:00,grove-system,grove-operator-68ff8b4f66-z4xgv,760.0,276824064
2026-09-16T14:40:42.395371+00:00,kai-scheduler,admission-86666f457d-g5npv,1.0,15728640
2026-09-16T14:40:42.395371+00:00,kai-scheduler,binder-869fc94c7-vvgpp,63.0,154140672
2026-09-16T14:40:42.395371+00:00,kai-scheduler,kai-operator-69b5d7bcf7-kmqnq,3.0,63963136
2026-09-16T14:40:42.395371+00:00,kai-scheduler,kai-scheduler-default-5fd697d85c-ts62k,33.0,206569472
2026-09-16T14:40:42.395371+00:00,kai-scheduler,pod-grouper-65456f756-c7pv5,1.0,11534336
2026-09-16T14:40:42.395371+00:00,kai-scheduler,podgroup-controller-68f9cc8dbf-8mmzk,1.0,11534336
2026-09-16T14:40:42.395371+00:00,kai-scheduler,queue-controller-f86fcd76c-g8s94,1.0,13631488
2026-09-16T14:40:42.395371+00:00,kube-system,coredns-8db54c48d-nnp6r,11.0,31457280
2026-09-16T14:40:42.395371+00:00,kube-system,kwok-controller-5cf8c7c44b-4xt7n,98.0,39845888
2026-09-16T14:40:42.395371+00:00,kube-system,local-path-provisioner-5d9d9885bc-zmx4f,1.0,13631488
2026-09-16T14:40:42.395371+00:00,kube-system,metrics-server-75dc6f8d87-v5lng,15.0,65011712
2026-09-16T14:40:42.395371+00:00,kube-system,svclb-traefik-ed9e515b-lzn5v,0.0,0
2026-09-16T14:40:42.395371+00:00,kube-system,traefik-9bcdbbd9-crb5f,17.0,68157440
2026-09-16T14:40:42.395371+00:00,pyroscope,pyroscope-0,11.0,75497472
2026-09-16T14:40:42.395371+00:00,pyroscope,pyroscope-alloy-0,73.0,160432128
2026-09-16T14:40:48.655031+00:00,grove-system,grove-operator-68ff8b4f66-z4xgv,392.0,262144000
2026-09-16T14:40:48.655031+00:00,kai-scheduler,admission-86666f457d-g5npv,1.0,15728640
2026-09-16T14:40:48.655031+00:00,kai-scheduler,binder-869fc94c7-vvgpp,10.0,155189248
2026-09-16T14:40:48.655031+00:00,kai-scheduler,kai-operator-69b5d7bcf7-kmqnq,14.0,65011712
2026-09-16T14:40:48.655031+00:00,kai-scheduler,kai-scheduler-default-5fd697d85c-ts62k,33.0,206569472
2026-09-16T14:40:48.655031+00:00,kai-scheduler,pod-grouper-65456f756-c7pv5,1.0,11534336
2026-09-16T14:40:48.655031+00:00,kai-scheduler,podgroup-controller-68f9cc8dbf-8mmzk,1.0,11534336
2026-09-16T14:40:48.655031+00:00,kai-scheduler,queue-controller-f86fcd76c-g8s94,1.0,13631488
2026-09-16T14:40:48.655031+00:00,kube-system,coredns-8db54c48d-nnp6r,10.0,28311552
2026-09-16T14:40:48.655031+00:00,kube-system,kwok-controller-5cf8c7c44b-4xt7n,25.0,42991616
2026-09-16T14:40:48.655031+00:00,kube-system,local-path-provisioner-5d9d9885bc-zmx4f,1.0,13631488
2026-09-16T14:40:48.655031+00:00,kube-system,metrics-server-75dc6f8d87-v5lng,14.0,65011712
2026-09-16T14:40:48.655031+00:00,kube-system,svclb-traefik-ed9e515b-lzn5v,0.0,0
2026-09-16T14:40:48.655031+00:00,kube-system,traefik-9bcdbbd9-crb5f,24.0,67108864
2026-09-16T14:40:48.655031+00:00,pyroscope,pyroscope-0,15.0,77594624
2026-09-16T14:40:48.655031+00:00,pyroscope,pyroscope-alloy-0,15.0,170917888
2026-09-16T14:40:54.908748+00:00,grove-system,grove-operator-68ff8b4f66-z4xgv,392.0,262144000
2026-09-16T14:40:54.908748+00:00,kai-scheduler,admission-86666f457d-g5npv,1.0,15728640
2026-09-16T14:40:54.908748+00:00,kai-scheduler,binder-869fc94c7-vvgpp,10.0,155189248
2026-09-16T14:40:54.908748+00:00,kai-scheduler,kai-operator-69b5d7bcf7-kmqnq,14.0,65011712
2026-09-16T14:40:54.908748+00:00,kai-scheduler,kai-scheduler-default-5fd697d85c-ts62k,33.0,206569472
2026-09-16T14:40:54.908748+00:00,kai-scheduler,pod-grouper-65456f756-c7pv5,1.0,11534336
2026-09-16T14:40:54.908748+00:00,kai-scheduler,podgroup-controller-68f9cc8dbf-8mmzk,1.0,11534336
2026-09-16T14:40:54.908748+00:00,kai-scheduler,queue-controller-f86fcd76c-g8s94,1.0,13631488
2026-09-16T14:40:54.908748+00:00,kube-system,coredns-8db54c48d-nnp6r,10.0,28311552
2026-09-16T14:40:54.908748+00:00,kube-system,kwok-controller-5cf8c7c44b-4xt7n,25.0,42991616
2026-09-16T14:40:54.908748+00:00,kube-system,local-path-provisioner-5d9d9885bc-zmx4f,1.0,13631488
2026-09-16T14:40:54.908748+00:00,kube-system,metrics-server-75dc6f8d87-v5lng,14.0,65011712
2026-09-16T14:40:54.908748+00:00,kube-system,svclb-traefik-ed9e515b-lzn5v,0.0,0
2026-09-16T14:40:54.908748+00:00,kube-system,traefik-9bcdbbd9-crb5f,24.0,67108864
2026-09-16T14:40:54.908748+00:00,pyroscope,pyroscope-0,15.0,77594624
2026-09-16T14:40:54.908748+00:00,pyroscope,pyroscope-alloy-0,15.0,170917888
2026-09-16T14:41:01.148753+00:00,grove-system,grove-operator-68ff8b4f66-z4xgv,341.0,284164096
2026-09-16T14:41:01.148753+00:00,kai-scheduler,admission-86666f457d-g5npv,1.0,15728640
2026-09-16T14:41:01.148753+00:00,kai-scheduler,binder-869fc94c7-vvgpp,22.0,156237824
2026-09-16T14:41:01.148753+00:00,kai-scheduler,kai-operator-69b5d7bcf7-kmqnq,5.0,62914560
2026-09-16T14:41:01.148753+00:00,kai-scheduler,kai-scheduler-default-5fd697d85c-ts62k,55.0,223346688
2026-09-16T14:41:01.148753+00:00,kai-scheduler,pod-grouper-65456f756-c7pv5,1.0,11534336
2026-09-16T14:41:01.148753+00:00,kai-scheduler,podgroup-controller-68f9cc8dbf-8mmzk,1.0,11534336
2026-09-16T14:41:01.148753+00:00,kai-scheduler,queue-controller-f86fcd76c-g8s94,1.0,13631488
2026-09-16T14:41:01.148753+00:00,kube-system,coredns-8db54c48d-nnp6r,13.0,29360128
2026-09-16T14:41:01.148753+00:00,kube-system,kwok-controller-5cf8c7c44b-4xt7n,15.0,40894464
2026-09-16T14:41:01.148753+00:00,kube-system,local-path-provisioner-5d9d9885bc-zmx4f,1.0,13631488
2026-09-16T14:41:01.148753+00:00,kube-system,metrics-server-75dc6f8d87-v5lng,16.0,69206016
2026-09-16T14:41:01.148753+00:00,kube-system,svclb-traefik-ed9e515b-lzn5v,0.0,0
2026-09-16T14:41:01.148753+00:00,kube-system,traefik-9bcdbbd9-crb5f,27.0,65011712
2026-09-16T14:41:01.148753+00:00,pyroscope,pyroscope-0,7.0,73400320
2026-09-16T14:41:01.148753+00:00,pyroscope,pyroscope-alloy-0,48.0,184549376
2026-09-16T14:41:07.389745+00:00,grove-system,grove-operator-68ff8b4f66-z4xgv,341.0,284164096
2026-09-16T14:41:07.389745+00:00,kai-scheduler,admission-86666f457d-g5npv,1.0,15728640
2026-09-16T14:41:07.389745+00:00,kai-scheduler,binder-869fc94c7-vvgpp,22.0,156237824
2026-09-16T14:41:07.389745+00:00,kai-scheduler,kai-operator-69b5d7bcf7-kmqnq,5.0,62914560
2026-09-16T14:41:07.389745+00:00,kai-scheduler,kai-scheduler-default-5fd697d85c-ts62k,55.0,223346688
2026-09-16T14:41:07.389745+00:00,kai-scheduler,pod-grouper-65456f756-c7pv5,1.0,11534336
2026-09-16T14:41:07.389745+00:00,kai-scheduler,podgroup-controller-68f9cc8dbf-8mmzk,1.0,11534336
2026-09-16T14:41:07.389745+00:00,kai-scheduler,queue-controller-f86fcd76c-g8s94,1.0,13631488
2026-09-16T14:41:07.389745+00:00,kube-system,coredns-8db54c48d-nnp6r,13.0,29360128
2026-09-16T14:41:07.389745+00:00,kube-system,kwok-controller-5cf8c7c44b-4xt7n,15.0,40894464
2026-09-16T14:41:07.389745+00:00,kube-system,local-path-provisioner-5d9d9885bc-zmx4f,1.0,13631488
2026-09-16T14:41:07.389745+00:00,kube-system,metrics-server-75dc6f8d87-v5lng,16.0,69206016
2026-09-16T14:41:07.389745+00:00,kube-system,svclb-traefik-ed9e515b-lzn5v,0.0,0
2026-09-16T14:41:07.389745+00:00,kube-system,traefik-9bcdbbd9-crb5f,27.0,65011712
2026-09-16T14:41:07.389745+00:00,pyroscope,pyroscope-0,7.0,73400320
2026-09-16T14:41:07.389745+00:00,pyroscope,pyroscope-alloy-0,48.0,184549376
2026-09-16T14:41:13.629360+00:00,grove-system,grove-operator-68ff8b4f66-z4xgv,341.0,284164096
2026-09-16T14:41:13.629360+00:00,kai-scheduler,admission-86666f457d-g5npv,1.0,15728640
2026-09-16T14:41:13.629360+00:00,kai-scheduler,binder-869fc94c7-vvgpp,22.0,156237824
2026-09-16T14:41:13.629360+00:00,kai-scheduler,kai-operator-69b5d7bcf7-kmqnq,5.0,62914560
2026-09-16T14:41:13.629360+00:00,kai-scheduler,kai-scheduler-default-5fd697d85c-ts62k,55.0,223346688
2026-09-16T14:41:13.629360+00:00,kai-scheduler,pod-grouper-65456f756-c7pv5,1.0,11534336
2026-09-16T14:41:13.629360+00:00,kai-scheduler,podgroup-controller-68f9cc8dbf-8mmzk,1.0,11534336
2026-09-16T14:41:13.629360+00:00,kai-scheduler,queue-controller-f86fcd76c-g8s94,1.0,13631488
2026-09-16T14:41:13.629360+00:00,kube-system,coredns-8db54c48d-nnp6r,13.0,29360128
2026-09-16T14:41:13.629360+00:00,kube-system,kwok-controller-5cf8c7c44b-4xt7n,15.0,40894464
2026-09-16T14:41:13.629360+00:00,kube-system,local-path-provisioner-5d9d9885bc-zmx4f,1.0,13631488
2026-09-16T14:41:13.629360+00:00,kube-system,metrics-server-75dc6f8d87-v5lng,16.0,69206016
2026-09-16T14:41:13.629360+00:00,kube-system,svclb-traefik-ed9e515b-lzn5v,0.0,0
2026-09-16T14:41:13.629360+00:00,kube-system,traefik-9bcdbbd9-crb5f,27.0,65011712
2026-09-16T14:41:13.629360+00:00,pyroscope,pyroscope-0,7.0,73400320
2026-09-16T14:41:13.629360+00:00,pyroscope,pyroscope-alloy-0,48.0,184549376
2026-09-16T14:41:19.879421+00:00,grove-system,grove-operator-68ff8b4f66-z4xgv,633.0,278921216
2026-09-16T14:41:19.879421+00:00,kai-scheduler,admission-86666f457d-g5npv,1.0,15728640
2026-09-16T14:41:19.879421+00:00,kai-scheduler,binder-869fc94c7-vvgpp,43.0,173015040
2026-09-16T14:41:19.879421+00:00,kai-scheduler,kai-operator-69b5d7bcf7-kmqnq,8.0,63963136
2026-09-16T14:41:19.879421+00:00,kai-scheduler,kai-scheduler-default-5fd697d85c-ts62k,55.0,223346688
2026-09-16T14:41:19.879421+00:00,kai-scheduler,pod-grouper-65456f756-c7pv5,1.0,11534336
2026-09-16T14:41:19.879421+00:00,kai-scheduler,podgroup-controller-68f9cc8dbf-8mmzk,1.0,11534336
2026-09-16T14:41:19.879421+00:00,kai-scheduler,queue-controller-f86fcd76c-g8s94,1.0,13631488
2026-09-16T14:41:19.879421+00:00,kube-system,coredns-8db54c48d-nnp6r,13.0,28311552
2026-09-16T14:41:19.879421+00:00,kube-system,kwok-controller-5cf8c7c44b-4xt7n,93.0,40894464
2026-09-16T14:41:19.879421+00:00,kube-system,local-path-provisioner-5d9d9885bc-zmx4f,1.0,13631488
2026-09-16T14:41:19.879421+00:00,kube-system,metrics-server-75dc6f8d87-v5lng,16.0,69206016
2026-09-16T14:41:19.879421+00:00,kube-system,svclb-traefik-ed9e515b-lzn5v,0.0,0
2026-09-16T14:41:19.879421+00:00,kube-system,traefik-9bcdbbd9-crb5f,18.0,65011712
2026-09-16T14:41:19.879421+00:00,pyroscope,pyroscope-0,10.0,88080384
2026-09-16T14:41:19.879421+00:00,pyroscope,pyroscope-alloy-0,70.0,182452224
2026-09-16T14:41:26.124416+00:00,grove-system,grove-operator-68ff8b4f66-z4xgv,633.0,278921216
2026-09-16T14:41:26.124416+00:00,kai-scheduler,admission-86666f457d-g5npv,1.0,15728640
2026-09-16T14:41:26.124416+00:00,kai-scheduler,binder-869fc94c7-vvgpp,43.0,173015040
2026-09-16T14:41:26.124416+00:00,kai-scheduler,kai-operator-69b5d7bcf7-kmqnq,8.0,63963136
2026-09-16T14:41:26.124416+00:00,kai-scheduler,kai-scheduler-default-5fd697d85c-ts62k,55.0,223346688
2026-09-16T14:41:26.124416+00:00,kai-scheduler,pod-grouper-65456f756-c7pv5,1.0,11534336
2026-09-16T14:41:26.124416+00:00,kai-scheduler,podgroup-controller-68f9cc8dbf-8mmzk,1.0,11534336
2026-09-16T14:41:26.124416+00:00,kai-scheduler,queue-controller-f86fcd76c-g8s94,1.0,13631488
2026-09-16T14:41:26.124416+00:00,kube-system,coredns-8db54c48d-nnp6r,13.0,28311552
2026-09-16T14:41:26.124416+00:00,kube-system,kwok-controller-5cf8c7c44b-4xt7n,93.0,40894464
2026-09-16T14:41:26.124416+00:00,kube-system,local-path-provisioner-5d9d9885bc-zmx4f,1.0,13631488
2026-09-16T14:41:26.124416+00:00,kube-system,metrics-server-75dc6f8d87-v5lng,16.0,69206016
2026-09-16T14:41:26.124416+00:00,kube-system,svclb-traefik-ed9e515b-lzn5v,0.0,0
2026-09-16T14:41:26.124416+00:00,kube-system,traefik-9bcdbbd9-crb5f,18.0,65011712
2026-09-16T14:41:26.124416+00:00,pyroscope,pyroscope-0,10.0,88080384
2026-09-16T14:41:26.124416+00:00,pyroscope,pyroscope-alloy-0,70.0,182452224
