timestamp,namespace,pod,cpu_millicores,mem_bytes
2026-09-16T17:50:48.636229+00:00,grove-system,grove-operator-556fb4d74c-pnvq4,3.0,32505856
2026-09-16T17:50:48.636229+00:00,kai-scheduler,admission-86666f457d-7ksq5,1.0,15728640
2026-09-16T17:50:48.636229+00:00,kai-scheduler,binder-869fc94c7-p2mws,9.0,46137344
2026-09-16T17:50:48.636229+00:00,kai-scheduler,kai-operator-69b5d7bcf7-mphwj,18.0,81788928
2026-09-16T17:50:48.636229+00:00,kai-scheduler,kai-scheduler-default-687f79495b-qtvls,15.0,99614720
2026-09-16T17:50:48.636229+00:00,kai-scheduler,pod-grouper-65456f756-x2lsx,1.0,11534336
2026-09-16T17:50:48.636229+00:00,kai-scheduler,podgroup-controller-68f9cc8dbf-hfz5k,1.0,11534336
2026-09-16T17:50:48.636229+00:00,kai-scheduler,queue-controller-f86fcd76c-2cqn6,1.0,13631488
2026-09-16T17:50:48.636229+00:00,kube-system,coredns-8db54c48d-wzn7p,2.0,22020096
2026-09-16T17:50:48.636229+00:00,kube-system,kwok-controller-5cf8c7c44b-jhf8z,81.0,53477376
2026-09-16T17:50:48.636229+00:00,kube-system,local-path-provisioner-5d9d9885bc-rz6gp,1.0,13631488
2026-09-16T17:50:48.636229+00:00,kube-system,metrics-server-786d997795-qdxrh,40.0,130023424
2026-09-16T17:50:48.636229+00:00,kube-system,svclb-traefik-052e4095-db77m,0.0,0
2026-09-16T17:50:48.636229+00:00,kube-system,traefik-9bcdbbd9-dppcr,11.0,72351744
2026-09-16T17:50:48.636229+00:00,pyroscope,pyroscope-0,4.0,36700160
2026-09-16T17:50:48.636229+00:00,pyroscope,pyroscope-alloy-0,3.0,85983232
2026-09-16T17:51:19.898059+00:00,grove-system,grove-operator-556fb4d74c-pnvq4,3.0,32505856
2026-09-16T17:51:19.898059+00:00,kai-scheduler,admission-86666f457d-7ksq5,1.0,15728640
2026-09-16T17:51:19.898059+00:00,kai-scheduler,binder-869fc94c7-p2mws,10.0,48234496
2026-09-16T17:51:19.898059+00:00,kai-scheduler,kai-operator-69b5d7bcf7-mphwj,19.0,88080384
2026-09-16T17:51:19.898059+00:00,kai-scheduler,kai-scheduler-default-687f79495b-qtvls,22.0,99614720
2026-09-16T17:51:19.898059+00:00,kai-scheduler,pod-grouper-65456f756-x2lsx,1.0,11534336
2026-09-16T17:51:19.898059+00:00,kai-scheduler,podgroup-controller-68f9cc8dbf-hfz5k,1.0,11534336
2026-09-16T17:51:19.898059+00:00,kai-scheduler,queue-controller-f86fcd76c-2cqn6,1.0,13631488
2026-09-16T17:51:19.898059+00:00,kube-system,coredns-8db54c48d-wzn7p,2.0,20971520
2026-09-16T17:51:19.898059+00:00,kube-system,kwok-controller-5cf8c7c44b-jhf8z,104.0,50331648
2026-09-16T17:51:19.898059+00:00,kube-system,local-path-provisioner-5d9d9885bc-rz6gp,1.0,15728640
2026-09-16T17:51:19.898059+00:00,kube-system,metrics-server-786d997795-qdxrh,49.0,145752064
2026-09-16T17:51:19.898059+00:00,kube-system,svclb-traefik-052e4095-db77m,0.0,0
2026-09-16T17:51:19.898059+00:00,kube-system,traefik-9bcdbbd9-dppcr,19.0,78643200
2026-09-16T17:51:19.898059+00:00,pyroscope,pyroscope-0,4.0,38797312
2026-09-16T17:51:19.898059+00:00,pyroscope,pyroscope-alloy-0,5.0,88080384
2026-09-16T17:51:51.157697+00:00,grove-system,grove-operator-556fb4d74c-pnvq4,3.0,35651584
2026-09-16T17:51:51.157697+00:00,kai-scheduler,admission-86666f457d-7ksq5,1.0,15728640
2026-09-16T17:51:51.157697+00:00,kai-scheduler,binder-869fc94c7-p2mws,25.0,52428800
2026-09-16T17:51:51.157697+00:00,kai-scheduler,kai-operator-69b5d7bcf7-mphwj,36.0,87031808
2026-09-16T17:51:51.157697+00:00,kai-scheduler,kai-scheduler-default-687f79495b-qtvls,42.0,98566144
2026-09-16T17:51:51.157697+00:00,kai-scheduler,pod-grouper-65456f756-x2lsx,1.0,11534336
2026-09-16T17:51:51.157697+00:00,kai-scheduler,podgroup-controller-68f9cc8dbf-hfz5k,1.0,11534336
2026-09-16T17:51:51.157697+00:00,kai-scheduler,queue-controller-f86fcd76c-2cqn6,1.0,13631488
2026-09-16T17:51:51.157697+00:00,kube-system,coredns-8db54c48d-wzn7p,3.0,22020096
2026-09-16T17:51:51.157697+00:00,kube-system,kwok-controller-5cf8c7c44b-jhf8z,90.0,48234496
2026-09-16T17:51:51.157697+00:00,kube-system,local-path-provisioner-5d9d9885bc-rz6gp,1.0,15728640
2026-09-16T17:51:51.157697+00:00,kube-system,metrics-server-75dc6f8d87-6l7pf,60.0,109051904
2026-09-16T17:51:51.157697+00:00,kube-system,svclb-traefik-052e4095-db77m,0.0,0
2026-09-16T17:51:51.157697+00:00,kube-system,traefik-9bcdbbd9-dppcr,51.0,80740352
2026-09-16T17:51:51.157697+00:00,pyroscope,pyroscope-0,5.0,38797312
2026-09-16T17:51:51.157697+00:00,pyroscope,pyroscope-alloy-0,7.0,92274688
2026-09-16T17:52:22.407518+00:00,grove-system,grove-operator-556fb4d74c-pnvq4,4.0,53477376
2026-09-16T17:52:22.407518+00:00,kai-scheduler,admission-86666f457d-7ksq5,1.0,15728640
2026-09-16T17:52:22.407518+00:00,kai-scheduler,binder-869fc94c7-p2mws,31.0,52428800
2026-09-16T17:52:22.407518+00:00,kai-scheduler,kai-operator-69b5d7bcf7-mphwj,33.0,87031808
2026-09-16T17:52:22.407518+00:00,kai-scheduler,kai-scheduler-default-687f79495b-qtvls,39.0,99614720
2026-09-16T17:52:22.407518+00:00,kai-scheduler,pod-grouper-65456f756-x2lsx,1.0,11534336
2026-09-16T17:52:22.407518+00:00,kai-scheduler,podgroup-controller-68f9cc8dbf-hfz5k,1.0,11534336
2026-09-16T17:52:22.407518+00:00,kai-scheduler,queue-controller-f86fcd76c-2cqn6,1.0,13631488
2026-09-16T17:52:22.407518+00:00,kube-system,coredns-8db54c48d-wzn7p,2.0,20971520
2026-09-16T17:52:22.407518+00:00,kube-system,kwok-controller-5cf8c7c44b-jhf8z,75.0,49283072
2026-09-16T17:52:22.407518+00:00,kube-system,local-path-provisioner-5d9d9885bc-rz6gp,1.0,15728640
2026-09-16T17:52:22.407518+00:00,kube-system,metrics-server-75dc6f8d87-6l7pf,52.0,122683392
2026-09-16T17:52:22.407518+00:00,kube-system,svclb-traefik-052e4095-db77m,0.0,0
2026-09-16T17:52:22.407518+00:00,kube-system,traefik-9bcdbbd9-dppcr,48.0,80740352
2026-09-16T17:52:22.407518+00:00,pyroscope,pyroscope-0,5.0,50331648
2026-09-16T17:52:22.407518+00:00,pyroscope,pyroscope-alloy-0,5.0,91226112
2026-09-16T17:52:53.651304+00:00,grove-system,grove-operator-556fb4d74c-pnvq4,3.0,54525952
2026-09-16T17:52:53.651304+00:00,kai-scheduler,admission-86666f457d-7ksq5,1.0,15728640
2026-09-16T17:52:53.651304+00:00,kai-scheduler,binder-869fc94c7-p2mws,31.0,51380224
2026-09-16T17:52:53.651304+00:00,kai-scheduler,kai-operator-69b5d7bcf7-mphwj,34.0,88080384
2026-09-16T17:52:53.651304+00:00,kai-scheduler,kai-scheduler-default-687f79495b-qtvls,37.0,101711872
2026-09-16T17:52:53.651304+00:00,kai-scheduler,pod-grouper-65456f756-x2lsx,1.0,11534336
2026-09-16T17:52:53.651304+00:00,kai-scheduler,podgroup-controller-68f9cc8dbf-hfz5k,1.0,11534336
2026-09-16T17:52:53.651304+00:00,kai-scheduler,queue-controller-f86fcd76c-2cqn6,1.0,13631488
2026-09-16T17:52:53.651304+00:00,kube-system,coredns-8db54c48d-wzn7p,2.0,20971520
2026-09-16T17:52:53.651304+00:00,kube-system,kwok-controller-5cf8c7c44b-jhf8z,101.0,50331648
2026-09-16T17:52:53.651304+00:00,kube-system,local-path-provisioner-5d9d9885bc-rz6gp,1.0,15728640
2026-09-16T17:52:53.651304+00:00,kube-system,metrics-server-75dc6f8d87-6l7pf,51.0,136314880
2026-09-16T17:52:53.651304+00:00,kube-system,svclb-traefik-052e4095-db77m,0.0,0
2026-09-16T17:52:53.651304+00:00,kube-system,traefik-9bcdbbd9-dppcr,50.0,79691776
2026-09-16T17:52:53.651304+00:00,pyroscope,pyroscope-0,5.0,49283072
2026-09-16T17:52:53.651304+00:00,pyroscope,pyroscope-alloy-0,3.0,93323264
2026-09-16T17:53:24.906679+00:00,grove-system,grove-operator-556fb4d74c-pnvq4,567.0,131072000
2026-09-16T17:53:24.906679+00:00,kai-scheduler,admission-86666f457d-7ksq5,1.0,15728640
2026-09-16T17:53:24.906679+00:00,kai-scheduler,binder-869fc94c7-p2mws,70.0,105906176
2026-09-16T17:53:24.906679+00:00,kai-scheduler,kai-operator-69b5d7bcf7-mphwj,11.0,87031808
2026-09-16T17:53:24.906679+00:00,kai-scheduler,kai-scheduler-default-687f79495b-qtvls,71.0,116391936
2026-09-16T17:53:24.906679+00:00,kai-scheduler,pod-grouper-65456f756-x2lsx,1.0,11534336
2026-09-16T17:53:24.906679+00:00,kai-scheduler,podgroup-controller-68f9cc8dbf-hfz5k,1.0,11534336
2026-09-16T17:53:24.906679+00:00,kai-scheduler,queue-controller-f86fcd76c-2cqn6,1.0,13631488
2026-09-16T17:53:24.906679+00:00,kube-system,coredns-8db54c48d-wzn7p,5.0,20971520
2026-09-16T17:53:24.906679+00:00,kube-system,kwok-controller-5cf8c7c44b-jhf8z,60.0,51380224
2026-09-16T17:53:24.906679+00:00,kube-system,local-path-provisioner-5d9d9885bc-rz6gp,1.0,15728640
2026-09-16T17:53:24.906679+00:00,kube-system,metrics-server-75dc6f8d87-6l7pf,39.0,135266304
2026-09-16T17:53:24.906679+00:00,kube-system,svclb-traefik-052e4095-db77m,0.0,0
2026-09-16T17:53:24.906679+00:00,kube-system,traefik-9bcdbbd9-dppcr,12.0,78643200
2026-09-16T17:53:24.906679+00:00,pyroscope,pyroscope-0,9.0,57671680
2026-09-16T17:53:24.906679+00:00,pyroscope,pyroscope-alloy-0,48.0,106954752
2026-09-16T17:53:56.167107+00:00,grove-system,grove-operator-556fb4d74c-pnvq4,767.0,263192576
2026-09-16T17:53:56.167107+00:00,kai-scheduler,admission-86666f457d-7ksq5,1.0,15728640
2026-09-16T17:53:56.167107+00:00,kai-scheduler,binder-869fc94c7-p2mws,85.0,136314880
2026-09-16T17:53:56.167107+00:00,kai-scheduler,kai-operator-69b5d7bcf7-mphwj,9.0,85983232
2026-09-16T17:53:56.167107+00:00,kai-scheduler,kai-scheduler-default-687f79495b-qtvls,77.0,180355072
2026-09-16T17:53:56.167107+00:00,kai-scheduler,pod-grouper-65456f756-x2lsx,1.0,11534336
2026-09-16T17:53:56.167107+00:00,kai-scheduler,podgroup-controller-68f9cc8dbf-hfz5k,1.0,11534336
2026-09-16T17:53:56.167107+00:00,kai-scheduler,queue-controller-f86fcd76c-2cqn6,1.0,13631488
2026-09-16T17:53:56.167107+00:00,kube-system,coredns-8db54c48d-wzn7p,3.0,22020096
2026-09-16T17:53:56.167107+00:00,kube-system,kwok-controller-5cf8c7c44b-jhf8z,142.0,54525952
2026-09-16T17:53:56.167107+00:00,kube-system,local-path-provisioner-5d9d9885bc-rz6gp,1.0,15728640
2026-09-16T17:53:56.167107+00:00,kube-system,metrics-server-75dc6f8d87-6l7pf,38.0,135266304
2026-09-16T17:53:56.167107+00:00,kube-system,svclb-traefik-052e4095-db77m,0.0,0
2026-09-16T17:53:56.167107+00:00,kube-system,traefik-9bcdbbd9-dppcr,21.0,79691776
2026-09-16T17:53:56.167107+00:00,pyroscope,pyroscope-0,6.0,53477376
2026-09-16T17:53:56.167107+00:00,pyroscope,pyroscope-alloy-0,66.0,153092096
2026-09-16T17:54:27.424125+00:00,grove-system,grove-operator-556fb4d74c-pnvq4,1135.0,319815680
2026-09-16T17:54:27.424125+00:00,kai-scheduler,admission-86666f457d-7ksq5,1.0,15728640
2026-09-16T17:54:27.424125+00:00,kai-scheduler,kai-operator-69b5d7bcf7-mphwj,12.0,83886080
2026-09-16T17:54:27.424125+00:00,kai-scheduler,kai-scheduler-default-687f79495b-qtvls,94.0,338690048
2026-09-16T17:54:27.424125+00:00,kai-scheduler,pod-grouper-65456f756-x2lsx,1.0,11534336
2026-09-16T17:54:27.424125+00:00,kai-scheduler,podgroup-controller-68f9cc8dbf-hfz5k,1.0,11534336
2026-09-16T17:54:27.424125+00:00,kai-scheduler,queue-controller-f86fcd76c-2cqn6,1.0,13631488
2026-09-16T17:54:27.424125+00:00,kube-system,coredns-8db54c48d-wzn7p,6.0,20971520
2026-09-16T17:54:27.424125+00:00,kube-system,kwok-controller-5cf8c7c44b-jhf8z,114.0,54525952
2026-09-16T17:54:27.424125+00:00,kube-system,local-path-provisioner-5d9d9885bc-rz6gp,1.0,15728640
2026-09-16T17:54:27.424125+00:00,kube-system,metrics-server-75dc6f8d87-6l7pf,44.0,138412032
2026-09-16T17:54:27.424125+00:00,kube-system,svclb-traefik-052e4095-db77m,0.0,0
2026-09-16T17:54:27.424125+00:00,kube-system,traefik-9bcdbbd9-dppcr,6.0,78643200
2026-09-16T17:54:27.424125+00:00,pyroscope,pyroscope-0,6.0,55574528
2026-09-16T17:54:27.424125+00:00,pyroscope,pyroscope-alloy-0,68.0,218103808
2026-09-16T17:54:58.699455+00:00,grove-system,grove-operator-556fb4d74c-pnvq4,1540.0,391118848
2026-09-16T17:54:58.699455+00:00,kai-scheduler,admission-86666f457d-7ksq5,1.0,15728640
2026-09-16T17:54:58.699455+00:00,kai-scheduler,kai-operator-69b5d7bcf7-mphwj,4.0,85983232
2026-09-16T17:54:58.699455+00:00,kai-scheduler,kai-scheduler-default-687f79495b-qtvls,102.0,468713472
2026-09-16T17:54:58.699455+00:00,kai-scheduler,pod-grouper-65456f756-x2lsx,1.0,11534336
2026-09-16T17:54:58.699455+00:00,kai-scheduler,podgroup-controller-68f9cc8dbf-hfz5k,1.0,11534336
2026-09-16T17:54:58.699455+00:00,kai-scheduler,queue-controller-f86fcd76c-2cqn6,1.0,13631488
2026-09-16T17:54:58.699455+00:00,kube-system,coredns-8db54c48d-wzn7p,3.0,20971520
2026-09-16T17:54:58.699455+00:00,kube-system,kwok-controller-5cf8c7c44b-jhf8z,61.0,53477376
2026-09-16T17:54:58.699455+00:00,kube-system,local-path-provisioner-5d9d9885bc-rz6gp,1.0,15728640
2026-09-16T17:54:58.699455+00:00,kube-system,metrics-server-75dc6f8d87-6l7pf,35.0,140509184
2026-09-16T17:54:58.699455+00:00,kube-system,svclb-traefik-052e4095-db77m,0.0,0
2026-09-16T17:54:58.699455+00:00,kube-system,traefik-9bcdbbd9-dppcr,8.0,82837504
2026-09-16T17:54:58.699455+00:00,pyroscope,pyroscope-0,9.0,61865984
2026-09-16T17:54:58.699455+00:00,pyroscope,pyroscope-alloy-0,84.0,262144000
2026-09-16T17:55:29.987513+00:00,grove-system,grove-operator-556fb4d74c-pnvq4,1840.0,408944640
2026-09-16T17:55:29.987513+00:00,kai-scheduler,admission-86666f457d-7ksq5,1.0,15728640
2026-09-16T17:55:29.987513+00:00,kai-scheduler,kai-operator-69b5d7bcf7-mphwj,10.0,85983232
2026-09-16T17:55:29.987513+00:00,kai-scheduler,kai-scheduler-default-687f79495b-qtvls,268.0,513802240
2026-09-16T17:55:29.987513+00:00,kai-scheduler,pod-grouper-65456f756-x2lsx,1.0,11534336
2026-09-16T17:55:29.987513+00:00,kai-scheduler,podgroup-controller-68f9cc8dbf-hfz5k,1.0,11534336
2026-09-16T17:55:29.987513+00:00,kai-scheduler,queue-controller-f86fcd76c-2cqn6,1.0,13631488
2026-09-16T17:55:29.987513+00:00,kube-system,coredns-8db54c48d-wzn7p,15.0,26214400
2026-09-16T17:55:29.987513+00:00,kube-system,kwok-controller-5cf8c7c44b-jhf8z,274.0,56623104
2026-09-16T17:55:29.987513+00:00,kube-system,local-path-provisioner-5d9d9885bc-rz6gp,1.0,15728640
2026-09-16T17:55:29.987513+00:00,kube-system,metrics-server-75dc6f8d87-6l7pf,66.0,143654912
2026-09-16T17:55:29.987513+00:00,kube-system,svclb-traefik-052e4095-db77m,0.0,0
2026-09-16T17:55:29.987513+00:00,kube-system,traefik-9bcdbbd9-dppcr,22.0,88080384
2026-09-16T17:55:29.987513+00:00,pyroscope,pyroscope-0,6.0,66060288
2026-09-16T17:55:29.987513+00:00,pyroscope,pyroscope-alloy-0,136.0,326107136
2026-09-16T17:56:01.275269+00:00,grove-system,grove-operator-556fb4d74c-pnvq4,1267.0,442499072
2026-09-16T17:56:01.275269+00:00,kai-scheduler,admission-86666f457d-7ksq5,1.0,15728640
2026-09-16T17:56:01.275269+00:00,kai-scheduler,kai-operator-69b5d7bcf7-mphwj,1.0,87031808
2026-09-16T17:56:01.275269+00:00,kai-scheduler,pod-grouper-65456f756-x2lsx,1.0,11534336
2026-09-16T17:56:01.275269+00:00,kai-scheduler,podgroup-controller-68f9cc8dbf-hfz5k,1.0,11534336
2026-09-16T17:56:01.275269+00:00,kai-scheduler,queue-controller-f86fcd76c-2cqn6,1.0,13631488
2026-09-16T17:56:01.275269+00:00,kube-system,coredns-8db54c48d-wzn7p,14.0,26214400
2026-09-16T17:56:01.275269+00:00,kube-system,kwok-controller-5cf8c7c44b-jhf8z,284.0,56623104
2026-09-16T17:56:01.275269+00:00,kube-system,local-path-provisioner-5d9d9885bc-rz6gp,1.0,15728640
2026-09-16T17:56:01.275269+00:00,kube-system,metrics-server-75dc6f8d87-6l7pf,56.0,158334976
2026-09-16T17:56:01.275269+00:00,kube-system,svclb-traefik-052e4095-db77m,0.0,0
2026-09-16T17:56:01.275269+00:00,kube-system,traefik-9bcdbbd9-dppcr,21.0,90177536
2026-09-16T17:56:01.275269+00:00,pyroscope,pyroscope-0,6.0,68157440
2026-09-16T17:56:01.275269+00:00,pyroscope,pyroscope-alloy-0,164.0,367001600
2026-09-16T17:56:32.546914+00:00,grove-system,grove-operator-556fb4d74c-pnvq4,1170.0,447741952
2026-09-16T17:56:32.546914+00:00,kai-scheduler,admission-86666f457d-7ksq5,1.0,15728640
2026-09-16T17:56:32.546914+00:00,kai-scheduler,kai-operator-69b5d7bcf7-mphwj,1.0,87031808
2026-09-16T17:56:32.546914+00:00,kai-scheduler,pod-grouper-65456f756-x2lsx,1.0,11534336
2026-09-16T17:56:32.546914+00:00,kai-scheduler,podgroup-controller-68f9cc8dbf-hfz5k,1.0,11534336
2026-09-16T17:56:32.546914+00:00,kai-scheduler,queue-controller-f86fcd76c-2cqn6,1.0,13631488
2026-09-16T17:56:32.546914+00:00,kube-system,coredns-8db54c48d-wzn7p,15.0,30408704
2026-09-16T17:56:32.546914+00:00,kube-system,kwok-controller-5cf8c7c44b-jhf8z,325.0,58720256
2026-09-16T17:56:32.546914+00:00,kube-system,local-path-provisioner-5d9d9885bc-rz6gp,1.0,15728640
2026-09-16T17:56:32.546914+00:00,kube-system,metrics-server-75dc6f8d87-6l7pf,66.0,160432128
2026-09-16T17:56:32.546914+00:00,kube-system,svclb-traefik-052e4095-db77m,0.0,0
2026-09-16T17:56:32.546914+00:00,kube-system,traefik-9bcdbbd9-dppcr,19.0,92274688
2026-09-16T17:56:32.546914+00:00,pyroscope,pyroscope-0,8.0,68157440
2026-09-16T17:56:32.546914+00:00,pyroscope,pyroscope-alloy-0,159.0,374341632
2026-09-16T17:57:03.898438+00:00,grove-system,grove-operator-556fb4d74c-pnvq4,3166.0,459276288
2026-09-16T17:57:03.898438+00:00,kai-scheduler,admission-86666f457d-7ksq5,1.0,15728640
2026-09-16T17:57:03.898438+00:00,kai-scheduler,kai-operator-69b5d7bcf7-mphwj,10.0,87031808
2026-09-16T17:57:03.898438+00:00,kai-scheduler,pod-grouper-65456f756-x2lsx,1.0,11534336
2026-09-16T17:57:03.898438+00:00,kai-scheduler,podgroup-controller-68f9cc8dbf-hfz5k,1.0,11534336
2026-09-16T17:57:03.898438+00:00,kai-scheduler,queue-controller-f86fcd76c-2cqn6,1.0,13631488
2026-09-16T17:57:03.898438+00:00,kube-system,coredns-8db54c48d-wzn7p,15.0,32505856
2026-09-16T17:57:03.898438+00:00,kube-system,kwok-controller-5cf8c7c44b-jhf8z,333.0,67108864
2026-09-16T17:57:03.898438+00:00,kube-system,local-path-provisioner-5d9d9885bc-rz6gp,1.0,15728640
2026-09-16T17:57:03.898438+00:00,kube-system,metrics-server-75dc6f8d87-6l7pf,57.0,182452224
2026-09-16T17:57:03.898438+00:00,kube-system,svclb-traefik-052e4095-db77m,0.0,0
2026-09-16T17:57:03.898438+00:00,kube-system,traefik-9bcdbbd9-dppcr,24.0,100663296
2026-09-16T17:57:03.898438+00:00,pyroscope,pyroscope-0,10.0,70254592
2026-09-16T17:57:03.898438+00:00,pyroscope,pyroscope-alloy-0,156.0,432013312
2026-09-16T17:57:35.166127+00:00,grove-system,grove-operator-556fb4d74c-pnvq4,2875.0,464519168
2026-09-16T17:57:35.166127+00:00,kai-scheduler,admission-86666f457d-7ksq5,1.0,15728640
2026-09-16T17:57:35.166127+00:00,kai-scheduler,kai-operator-69b5d7bcf7-mphwj,2.0,87031808
2026-09-16T17:57:35.166127+00:00,kai-scheduler,pod-grouper-65456f756-x2lsx,1.0,11534336
2026-09-16T17:57:35.166127+00:00,kai-scheduler,podgroup-controller-68f9cc8dbf-hfz5k,1.0,11534336
2026-09-16T17:57:35.166127+00:00,kai-scheduler,queue-controller-f86fcd76c-2cqn6,1.0,13631488
2026-09-16T17:57:35.166127+00:00,kube-system,coredns-8db54c48d-wzn7p,15.0,33554432
2026-09-16T17:57:35.166127+00:00,kube-system,kwok-controller-5cf8c7c44b-jhf8z,352.0,63963136
2026-09-16T17:57:35.166127+00:00,kube-system,local-path-provisioner-5d9d9885bc-rz6gp,1.0,15728640
2026-09-16T17:57:35.166127+00:00,kube-system,metrics-server-75dc6f8d87-6l7pf,55.0,202375168
2026-09-16T17:57:35.166127+00:00,kube-system,svclb-traefik-052e4095-db77m,0.0,0
2026-09-16T17:57:35.166127+00:00,kube-system,traefik-9bcdbbd9-dppcr,25.0,100663296
2026-09-16T17:57:35.166127+00:00,pyroscope,pyroscope-0,9.0,76546048
2026-09-16T17:57:35.166127+00:00,pyroscope,pyroscope-alloy-0,197.0,457179136
2026-09-16T17:58:06.438047+00:00,grove-system,grove-operator-556fb4d74c-pnvq4,2433.0,464519168
2026-09-16T17:58:06.438047+00:00,kai-scheduler,admission-86666f457d-7ksq5,1.0,15728640
2026-09-16T17:58:06.438047+00:00,kai-scheduler,kai-operator-69b5d7bcf7-mphwj,1.0,87031808
2026-09-16T17:58:06.438047+00:00,kai-scheduler,pod-grouper-65456f756-x2lsx,1.0,11534336
2026-09-16T17:58:06.438047+00:00,kai-scheduler,podgroup-controller-68f9cc8dbf-hfz5k,1.0,11534336
2026-09-16T17:58:06.438047+00:00,kai-scheduler,queue-controller-f86fcd76c-2cqn6,1.0,14680064
2026-09-16T17:58:06.438047+00:00,kube-system,coredns-8db54c48d-wzn7p,15.0,35651584
2026-09-16T17:58:06.438047+00:00,kube-system,kwok-controller-5cf8c7c44b-jhf8z,161.0,68157440
2026-09-16T17:58:06.438047+00:00,kube-system,local-path-provisioner-5d9d9885bc-rz6gp,1.0,15728640
2026-09-16T17:58:06.438047+00:00,kube-system,metrics-server-75dc6f8d87-6l7pf,59.0,216006656
2026-09-16T17:58:06.438047+00:00,kube-system,svclb-traefik-052e4095-db77m,0.0,0
2026-09-16T17:58:06.438047+00:00,kube-system,traefik-9bcdbbd9-dppcr,18.0,104857600
2026-09-16T17:58:06.438047+00:00,pyroscope,pyroscope-0,25.0,106954752
2026-09-16T17:58:06.438047+00:00,pyroscope,pyroscope-alloy-0,247.0,510656512
2026-09-16T17:58:37.690064+00:00,grove-system,grove-operator-556fb4d74c-pnvq4,59.0,463470592
2026-09-16T17:58:37.690064+00:00,kai-scheduler,admission-86666f457d-7ksq5,1.0,15728640
2026-09-16T17:58:37.690064+00:00,kai-scheduler,kai-operator-69b5d7bcf7-mphwj,5.0,87031808
2026-09-16T17:58:37.690064+00:00,kai-scheduler,pod-grouper-65456f756-x2lsx,1.0,11534336
2026-09-16T17:58:37.690064+00:00,kai-scheduler,podgroup-controller-68f9cc8dbf-hfz5k,1.0,11534336
2026-09-16T17:58:37.690064+00:00,kai-scheduler,queue-controller-f86fcd76c-2cqn6,1.0,13631488
2026-09-16T17:58:37.690064+00:00,kube-system,coredns-8db54c48d-wzn7p,2.0,35651584
2026-09-16T17:58:37.690064+00:00,kube-system,kwok-controller-5cf8c7c44b-jhf8z,453.0,79691776
2026-09-16T17:58:37.690064+00:00,kube-system,local-path-provisioner-5d9d9885bc-rz6gp,1.0,15728640
2026-09-16T17:58:37.690064+00:00,kube-system,metrics-server-75dc6f8d87-6l7pf,29.0,213909504
2026-09-16T17:58:37.690064+00:00,kube-system,svclb-traefik-052e4095-db77m,0.0,0
2026-09-16T17:58:37.690064+00:00,kube-system,traefik-9bcdbbd9-dppcr,2.0,104857600
2026-09-16T17:58:37.690064+00:00,pyroscope,pyroscope-0,5.0,106954752
2026-09-16T17:58:37.690064+00:00,pyroscope,pyroscope-alloy-0,68.0,523239424
2026-09-16T17:59:08.940855+00:00,grove-system,grove-operator-556fb4d74c-pnvq4,61.0,465567744
2026-09-16T17:59:08.940855+00:00,kai-scheduler,admission-86666f457d-7ksq5,1.0,15728640
2026-09-16T17:59:08.940855+00:00,kai-scheduler,kai-operator-69b5d7bcf7-mphwj,2.0,87031808
2026-09-16T17:59:08.940855+00:00,kai-scheduler,pod-grouper-65456f756-x2lsx,1.0,11534336
2026-09-16T17:59:08.940855+00:00,kai-scheduler,podgroup-controller-68f9cc8dbf-hfz5k,1.0,11534336
2026-09-16T17:59:08.940855+00:00,kai-scheduler,queue-controller-f86fcd76c-2cqn6,1.0,13631488
2026-09-16T17:59:08.940855+00:00,kube-system,coredns-8db54c48d-wzn7p,2.0,35651584
2026-09-16T17:59:08.940855+00:00,kube-system,kwok-controller-5cf8c7c44b-jhf8z,127.0,82837504
2026-09-16T17:59:08.940855+00:00,kube-system,local-path-provisioner-5d9d9885bc-rz6gp,1.0,15728640
2026-09-16T17:59:08.940855+00:00,kube-system,metrics-server-75dc6f8d87-6l7pf,33.0,217055232
2026-09-16T17:59:08.940855+00:00,kube-system,svclb-traefik-052e4095-db77m,0.0,0
2026-09-16T17:59:08.940855+00:00,kube-system,traefik-9bcdbbd9-dppcr,2.0,105906176
2026-09-16T17:59:08.940855+00:00,pyroscope,pyroscope-0,5.0,94371840
2026-09-16T17:59:08.940855+00:00,pyroscope,pyroscope-alloy-0,49.0,523239424
2026-09-16T17:59:40.234004+00:00,grove-system,grove-operator-556fb4d74c-pnvq4,86.0,468713472
2026-09-16T17:59:40.234004+00:00,kai-scheduler,admission-86666f457d-7ksq5,1.0,15728640
2026-09-16T17:59:40.234004+00:00,kai-scheduler,kai-operator-69b5d7bcf7-mphwj,4.0,87031808
2026-09-16T17:59:40.234004+00:00,kai-scheduler,pod-grouper-65456f756-x2lsx,1.0,11534336
2026-09-16T17:59:40.234004+00:00,kai-scheduler,podgroup-controller-68f9cc8dbf-hfz5k,1.0,11534336
2026-09-16T17:59:40.234004+00:00,kai-scheduler,queue-controller-f86fcd76c-2cqn6,1.0,13631488
2026-09-16T17:59:40.234004+00:00,kube-system,coredns-8db54c48d-wzn7p,3.0,34603008
2026-09-16T17:59:40.234004+00:00,kube-system,kwok-controller-5cf8c7c44b-jhf8z,78.0,80740352
2026-09-16T17:59:40.234004+00:00,kube-system,local-path-provisioner-5d9d9885bc-rz6gp,1.0,15728640
2026-09-16T17:59:40.234004+00:00,kube-system,metrics-server-75dc6f8d87-6l7pf,26.0,230686720
2026-09-16T17:59:40.234004+00:00,kube-system,svclb-traefik-052e4095-db77m,0.0,0
2026-09-16T17:59:40.234004+00:00,kube-system,traefik-9bcdbbd9-dppcr,6.0,104857600
2026-09-16T17:59:40.234004+00:00,pyroscope,pyroscope-0,4.0,94371840
2026-09-16T17:59:40.234004+00:00,pyroscope,pyroscope-alloy-0,43.0,523239424
2026-09-16T18:00:11.474836+00:00,grove-system,grove-operator-556fb4d74c-pnvq4,47.0,465567744
2026-09-16T18:00:11.474836+00:00,kai-scheduler,admission-86666f457d-7ksq5,1.0,16777216
2026-09-16T18:00:11.474836+00:00,kai-scheduler,kai-operator-69b5d7bcf7-mphwj,1.0,87031808
2026-09-16T18:00:11.474836+00:00,kai-scheduler,pod-grouper-65456f756-x2lsx,1.0,11534336
2026-09-16T18:00:11.474836+00:00,kai-scheduler,podgroup-controller-68f9cc8dbf-hfz5k,1.0,11534336
2026-09-16T18:00:11.474836+00:00,kai-scheduler,queue-controller-f86fcd76c-2cqn6,1.0,13631488
2026-09-16T18:00:11.474836+00:00,kube-system,coredns-8db54c48d-wzn7p,2.0,34603008
2026-09-16T18:00:11.474836+00:00,kube-system,kwok-controller-5cf8c7c44b-jhf8z,145.0,83886080
2026-09-16T18:00:11.474836+00:00,kube-system,local-path-provisioner-5d9d9885bc-rz6gp,1.0,15728640
2026-09-16T18:00:11.474836+00:00,kube-system,metrics-server-75dc6f8d87-6l7pf,47.0,245366784
2026-09-16T18:00:11.474836+00:00,kube-system,svclb-traefik-052e4095-db77m,0.0,0
2026-09-16T18:00:11.474836+00:00,kube-system,traefik-9bcdbbd9-dppcr,1.0,104857600
2026-09-16T18:00:11.474836+00:00,pyroscope,pyroscope-0,5.0,91226112
2026-09-16T18:00:11.474836+00:00,pyroscope,pyroscope-alloy-0,117.0,531628032
2026-09-16T18:00:42.714146+00:00,grove-system,grove-operator-556fb4d74c-pnvq4,27.0,465567744
2026-09-16T18:00:42.714146+00:00,kai-scheduler,admission-86666f457d-7ksq5,1.0,15728640
2026-09-16T18:00:42.714146+00:00,kai-scheduler,kai-operator-69b5d7bcf7-mphwj,1.0,87031808
2026-09-16T18:00:42.714146+00:00,kai-scheduler,pod-grouper-65456f756-x2lsx,1.0,11534336
2026-09-16T18:00:42.714146+00:00,kai-scheduler,podgroup-controller-68f9cc8dbf-hfz5k,1.0,11534336
2026-09-16T18:00:42.714146+00:00,kai-scheduler,queue-controller-f86fcd76c-2cqn6,1.0,13631488
2026-09-16T18:00:42.714146+00:00,kube-system,coredns-8db54c48d-wzn7p,2.0,34603008
2026-09-16T18:00:42.714146+00:00,kube-system,kwok-controller-5cf8c7c44b-jhf8z,145.0,79691776
2026-09-16T18:00:42.714146+00:00,kube-system,local-path-provisioner-5d9d9885bc-rz6gp,1.0,15728640
2026-09-16T18:00:42.714146+00:00,kube-system,metrics-server-75dc6f8d87-6l7pf,53.0,244318208
2026-09-16T18:00:42.714146+00:00,kube-system,svclb-traefik-052e4095-db77m,0.0,0
2026-09-16T18:00:42.714146+00:00,kube-system,traefik-9bcdbbd9-dppcr,1.0,104857600
2026-09-16T18:00:42.714146+00:00,pyroscope,pyroscope-0,5.0,97517568
2026-09-16T18:00:42.714146+00:00,pyroscope,pyroscope-alloy-0,170.0,532676608
2026-09-16T18:01:13.960912+00:00,grove-system,grove-operator-556fb4d74c-pnvq4,46.0,467664896
2026-09-16T18:01:13.960912+00:00,kai-scheduler,admission-86666f457d-7ksq5,1.0,15728640
2026-09-16T18:01:13.960912+00:00,kai-scheduler,binder-869fc94c7-p2mws,100.0,162529280
2026-09-16T18:01:13.960912+00:00,kai-scheduler,kai-operator-69b5d7bcf7-mphwj,5.0,85983232
2026-09-16T18:01:13.960912+00:00,kai-scheduler,pod-grouper-65456f756-x2lsx,1.0,11534336
2026-09-16T18:01:13.960912+00:00,kai-scheduler,podgroup-controller-68f9cc8dbf-hfz5k,1.0,11534336
2026-09-16T18:01:13.960912+00:00,kai-scheduler,queue-controller-f86fcd76c-2cqn6,1.0,13631488
2026-09-16T18:01:13.960912+00:00,kube-system,coredns-8db54c48d-wzn7p,2.0,34603008
2026-09-16T18:01:13.960912+00:00,kube-system,kwok-controller-5cf8c7c44b-jhf8z,147.0,81788928
2026-09-16T18:01:13.960912+00:00,kube-system,local-path-provisioner-5d9d9885bc-rz6gp,1.0,15728640
2026-09-16T18:01:13.960912+00:00,kube-system,metrics-server-75dc6f8d87-6l7pf,48.0,257949696
2026-09-16T18:01:13.960912+00:00,kube-system,svclb-traefik-052e4095-db77m,0.0,0
2026-09-16T18:01:13.960912+00:00,kube-system,traefik-9bcdbbd9-dppcr,1.0,104857600
2026-09-16T18:01:13.960912+00:00,pyroscope,pyroscope-0,5.0,98566144
2026-09-16T18:01:13.960912+00:00,pyroscope,pyroscope-alloy-0,150.0,533725184
2026-09-16T18:01:45.207889+00:00,grove-system,grove-operator-556fb4d74c-pnvq4,32.0,465567744
2026-09-16T18:01:45.207889+00:00,kai-scheduler,admission-86666f457d-7ksq5,1.0,15728640
2026-09-16T18:01:45.207889+00:00,kai-scheduler,kai-operator-69b5d7bcf7-mphwj,1.0,85983232
2026-09-16T18:01:45.207889+00:00,kai-scheduler,pod-grouper-65456f756-x2lsx,1.0,11534336
2026-09-16T18:01:45.207889+00:00,kai-scheduler,podgroup-controller-68f9cc8dbf-hfz5k,1.0,11534336
2026-09-16T18:01:45.207889+00:00,kai-scheduler,queue-controller-f86fcd76c-2cqn6,1.0,13631488
2026-09-16T18:01:45.207889+00:00,kube-system,coredns-8db54c48d-wzn7p,2.0,34603008
2026-09-16T18:01:45.207889+00:00,kube-system,kwok-controller-5cf8c7c44b-jhf8z,143.0,79691776
2026-09-16T18:01:45.207889+00:00,kube-system,local-path-provisioner-5d9d9885bc-rz6gp,1.0,15728640
2026-09-16T18:01:45.207889+00:00,kube-system,metrics-server-75dc6f8d87-6l7pf,49.0,257949696
2026-09-16T18:01:45.207889+00:00,kube-system,svclb-traefik-052e4095-db77m,0.0,0
2026-09-16T18:01:45.207889+00:00,kube-system,traefik-9bcdbbd9-dppcr,3.0,99614720
2026-09-16T18:01:45.207889+00:00,pyroscope,pyroscope-0,5.0,97517568
2026-09-16T18:01:45.207889+00:00,pyroscope,pyroscope-alloy-0,143.0,531628032
2026-09-16T18:02:16.461961+00:00,grove-system,grove-operator-556fb4d74c-pnvq4,42.0,464519168
2026-09-16T18:02:16.461961+00:00,kai-scheduler,admission-86666f457d-7ksq5,1.0,15728640
2026-09-16T18:02:16.461961+00:00,kai-scheduler,kai-operator-69b5d7bcf7-mphwj,1.0,85983232
2026-09-16T18:02:16.461961+00:00,kai-scheduler,pod-grouper-65456f756-x2lsx,1.0,11534336
2026-09-16T18:02:16.461961+00:00,kai-scheduler,podgroup-controller-68f9cc8dbf-hfz5k,1.0,11534336
2026-09-16T18:02:16.461961+00:00,kai-scheduler,queue-controller-f86fcd76c-2cqn6,1.0,13631488
2026-09-16T18:02:16.461961+00:00,kube-system,coredns-8db54c48d-wzn7p,2.0,34603008
2026-09-16T18:02:16.461961+00:00,kube-system,kwok-controller-5cf8c7c44b-jhf8z,128.0,79691776
2026-09-16T18:02:16.461961+00:00,kube-system,local-path-provisioner-5d9d9885bc-rz6gp,1.0,15728640
2026-09-16T18:02:16.461961+00:00,kube-system,metrics-server-75dc6f8d87-6l7pf,59.0,257949696
2026-09-16T18:02:16.461961+00:00,kube-system,svclb-traefik-052e4095-db77m,0.0,0
2026-09-16T18:02:16.461961+00:00,kube-system,traefik-9bcdbbd9-dppcr,1.0,99614720
2026-09-16T18:02:16.461961+00:00,pyroscope,pyroscope-0,5.0,100663296
2026-09-16T18:02:16.461961+00:00,pyroscope,pyroscope-alloy-0,171.0,538968064
2026-09-16T18:02:47.710987+00:00,grove-system,grove-operator-556fb4d74c-pnvq4,52.0,455081984
2026-09-16T18:02:47.710987+00:00,kai-scheduler,admission-86666f457d-7ksq5,1.0,15728640
2026-09-16T18:02:47.710987+00:00,kai-scheduler,kai-operator-69b5d7bcf7-mphwj,6.0,87031808
2026-09-16T18:02:47.710987+00:00,kai-scheduler,pod-grouper-65456f756-x2lsx,1.0,11534336
2026-09-16T18:02:47.710987+00:00,kai-scheduler,podgroup-controller-68f9cc8dbf-hfz5k,1.0,11534336
2026-09-16T18:02:47.710987+00:00,kai-scheduler,queue-controller-f86fcd76c-2cqn6,1.0,13631488
2026-09-16T18:02:47.710987+00:00,kube-system,coredns-8db54c48d-wzn7p,2.0,34603008
2026-09-16T18:02:47.710987+00:00,kube-system,kwok-controller-5cf8c7c44b-jhf8z,117.0,79691776
2026-09-16T18:02:47.710987+00:00,kube-system,local-path-provisioner-5d9d9885bc-rz6gp,1.0,15728640
2026-09-16T18:02:47.710987+00:00,kube-system,metrics-server-75dc6f8d87-6l7pf,49.0,257949696
2026-09-16T18:02:47.710987+00:00,kube-system,svclb-traefik-052e4095-db77m,0.0,0
2026-09-16T18:02:47.710987+00:00,kube-system,traefik-9bcdbbd9-dppcr,1.0,99614720
2026-09-16T18:02:47.710987+00:00,pyroscope,pyroscope-0,4.0,100663296
2026-09-16T18:02:47.710987+00:00,pyroscope,pyroscope-alloy-0,142.0,540016640
2026-09-16T18:03:18.951185+00:00,grove-system,grove-operator-556fb4d74c-pnvq4,38.0,456130560
2026-09-16T18:03:18.951185+00:00,kai-scheduler,admission-86666f457d-7ksq5,1.0,15728640
2026-09-16T18:03:18.951185+00:00,kai-scheduler,kai-operator-69b5d7bcf7-mphwj,1.0,87031808
2026-09-16T18:03:18.951185+00:00,kai-scheduler,pod-grouper-65456f756-x2lsx,1.0,11534336
2026-09-16T18:03:18.951185+00:00,kai-scheduler,podgroup-controller-68f9cc8dbf-hfz5k,1.0,11534336
2026-09-16T18:03:18.951185+00:00,kai-scheduler,queue-controller-f86fcd76c-2cqn6,1.0,13631488
2026-09-16T18:03:18.951185+00:00,kube-system,coredns-8db54c48d-wzn7p,2.0,34603008
2026-09-16T18:03:18.951185+00:00,kube-system,kwok-controller-5cf8c7c44b-jhf8z,133.0,81788928
2026-09-16T18:03:18.951185+00:00,kube-system,local-path-provisioner-5d9d9885bc-rz6gp,1.0,15728640
2026-09-16T18:03:18.951185+00:00,kube-system,metrics-server-75dc6f8d87-6l7pf,54.0,256901120
2026-09-16T18:03:18.951185+00:00,kube-system,svclb-traefik-052e4095-db77m,0.0,0
2026-09-16T18:03:18.951185+00:00,kube-system,traefik-9bcdbbd9-dppcr,1.0,99614720
2026-09-16T18:03:18.951185+00:00,pyroscope,pyroscope-0,5.0,101711872
2026-09-16T18:03:18.951185+00:00,pyroscope,pyroscope-alloy-0,141.0,536870912
2026-09-16T18:03:50.205145+00:00,grove-system,grove-operator-556fb4d74c-pnvq4,28.0,460324864
2026-09-16T18:03:50.205145+00:00,kai-scheduler,admission-86666f457d-7ksq5,1.0,15728640
2026-09-16T18:03:50.205145+00:00,kai-scheduler,kai-operator-69b5d7bcf7-mphwj,1.0,87031808
2026-09-16T18:03:50.205145+00:00,kai-scheduler,pod-grouper-65456f756-x2lsx,1.0,11534336
2026-09-16T18:03:50.205145+00:00,kai-scheduler,podgroup-controller-68f9cc8dbf-hfz5k,1.0,11534336
2026-09-16T18:03:50.205145+00:00,kai-scheduler,queue-controller-f86fcd76c-2cqn6,1.0,13631488
2026-09-16T18:03:50.205145+00:00,kube-system,coredns-8db54c48d-wzn7p,3.0,34603008
2026-09-16T18:03:50.205145+00:00,kube-system,kwok-controller-5cf8c7c44b-jhf8z,145.0,79691776
2026-09-16T18:03:50.205145+00:00,kube-system,local-path-provisioner-5d9d9885bc-rz6gp,1.0,15728640
2026-09-16T18:03:50.205145+00:00,kube-system,metrics-server-75dc6f8d87-6l7pf,48.0,255852544
2026-09-16T18:03:50.205145+00:00,kube-system,svclb-traefik-052e4095-db77m,0.0,0
2026-09-16T18:03:50.205145+00:00,kube-system,traefik-9bcdbbd9-dppcr,1.0,95420416
2026-09-16T18:03:50.205145+00:00,pyroscope,pyroscope-0,5.0,102760448
2026-09-16T18:03:50.205145+00:00,pyroscope,pyroscope-alloy-0,139.0,536870912
2026-09-16T18:04:21.450289+00:00,grove-system,grove-operator-556fb4d74c-pnvq4,28.0,448790528
2026-09-16T18:04:21.450289+00:00,kai-scheduler,admission-86666f457d-7ksq5,1.0,15728640
2026-09-16T18:04:21.450289+00:00,kai-scheduler,kai-operator-69b5d7bcf7-mphwj,1.0,87031808
2026-09-16T18:04:21.450289+00:00,kai-scheduler,pod-grouper-65456f756-x2lsx,1.0,11534336
2026-09-16T18:04:21.450289+00:00,kai-scheduler,podgroup-controller-68f9cc8dbf-hfz5k,1.0,11534336
2026-09-16T18:04:21.450289+00:00,kai-scheduler,queue-controller-f86fcd76c-2cqn6,1.0,13631488
2026-09-16T18:04:21.450289+00:00,kube-system,coredns-8db54c48d-wzn7p,2.0,34603008
2026-09-16T18:04:21.450289+00:00,kube-system,kwok-controller-5cf8c7c44b-jhf8z,137.0,80740352
2026-09-16T18:04:21.450289+00:00,kube-system,local-path-provisioner-5d9d9885bc-rz6gp,1.0,15728640
2026-09-16T18:04:21.450289+00:00,kube-system,metrics-server-75dc6f8d87-6l7pf,49.0,255852544
2026-09-16T18:04:21.450289+00:00,kube-system,svclb-traefik-052e4095-db77m,0.0,0
2026-09-16T18:04:21.450289+00:00,kube-system,traefik-9bcdbbd9-dppcr,1.0,95420416
2026-09-16T18:04:21.450289+00:00,pyroscope,pyroscope-0,6.0,103809024
2026-09-16T18:04:21.450289+00:00,pyroscope,pyroscope-alloy-0,113.0,540016640
2026-09-16T18:04:52.696997+00:00,grove-system,grove-operator-556fb4d74c-pnvq4,46.0,446693376
2026-09-16T18:04:52.696997+00:00,kai-scheduler,admission-86666f457d-7ksq5,1.0,15728640
2026-09-16T18:04:52.696997+00:00,kai-scheduler,kai-operator-69b5d7bcf7-mphwj,1.0,79691776
2026-09-16T18:04:52.696997+00:00,kai-scheduler,pod-grouper-65456f756-x2lsx,1.0,11534336
2026-09-16T18:04:52.696997+00:00,kai-scheduler,podgroup-controller-68f9cc8dbf-hfz5k,1.0,11534336
2026-09-16T18:04:52.696997+00:00,kai-scheduler,queue-controller-f86fcd76c-2cqn6,1.0,13631488
2026-09-16T18:04:52.696997+00:00,kube-system,coredns-8db54c48d-wzn7p,2.0,35651584
2026-09-16T18:04:52.696997+00:00,kube-system,kwok-controller-5cf8c7c44b-jhf8z,142.0,80740352
2026-09-16T18:04:52.696997+00:00,kube-system,local-path-provisioner-5d9d9885bc-rz6gp,1.0,15728640
2026-09-16T18:04:52.696997+00:00,kube-system,metrics-server-75dc6f8d87-6l7pf,48.0,254803968
2026-09-16T18:04:52.696997+00:00,kube-system,svclb-traefik-052e4095-db77m,0.0,0
2026-09-16T18:04:52.696997+00:00,kube-system,traefik-9bcdbbd9-dppcr,1.0,95420416
2026-09-16T18:04:52.696997+00:00,pyroscope,pyroscope-0,6.0,103809024
2026-09-16T18:04:52.696997+00:00,pyroscope,pyroscope-alloy-0,96.0,533725184
2026-09-16T18:05:23.951096+00:00,grove-system,grove-operator-556fb4d74c-pnvq4,43.0,444596224
2026-09-16T18:05:23.951096+00:00,kai-scheduler,admission-86666f457d-7ksq5,1.0,16777216
2026-09-16T18:05:23.951096+00:00,kai-scheduler,kai-operator-69b5d7bcf7-mphwj,1.0,79691776
2026-09-16T18:05:23.951096+00:00,kai-scheduler,pod-grouper-65456f756-x2lsx,1.0,11534336
2026-09-16T18:05:23.951096+00:00,kai-scheduler,podgroup-controller-68f9cc8dbf-hfz5k,1.0,11534336
2026-09-16T18:05:23.951096+00:00,kai-scheduler,queue-controller-f86fcd76c-2cqn6,1.0,13631488
2026-09-16T18:05:23.951096+00:00,kube-system,coredns-8db54c48d-wzn7p,2.0,34603008
2026-09-16T18:05:23.951096+00:00,kube-system,kwok-controller-5cf8c7c44b-jhf8z,113.0,81788928
2026-09-16T18:05:23.951096+00:00,kube-system,local-path-provisioner-5d9d9885bc-rz6gp,1.0,15728640
2026-09-16T18:05:23.951096+00:00,kube-system,metrics-server-75dc6f8d87-6l7pf,43.0,255852544
2026-09-16T18:05:23.951096+00:00,kube-system,svclb-traefik-052e4095-db77m,0.0,0
2026-09-16T18:05:23.951096+00:00,kube-system,traefik-9bcdbbd9-dppcr,3.0,95420416
2026-09-16T18:05:23.951096+00:00,pyroscope,pyroscope-0,10.0,114294784
2026-09-16T18:05:23.951096+00:00,pyroscope,pyroscope-alloy-0,109.0,519045120
2026-09-16T18:05:55.191505+00:00,grove-system,grove-operator-556fb4d74c-pnvq4,37.0,444596224
2026-09-16T18:05:55.191505+00:00,kai-scheduler,admission-86666f457d-7ksq5,1.0,16777216
2026-09-16T18:05:55.191505+00:00,kai-scheduler,kai-operator-69b5d7bcf7-mphwj,2.0,79691776
2026-09-16T18:05:55.191505+00:00,kai-scheduler,pod-grouper-65456f756-x2lsx,1.0,11534336
2026-09-16T18:05:55.191505+00:00,kai-scheduler,podgroup-controller-68f9cc8dbf-hfz5k,1.0,11534336
2026-09-16T18:05:55.191505+00:00,kai-scheduler,queue-controller-f86fcd76c-2cqn6,1.0,14680064
2026-09-16T18:05:55.191505+00:00,kube-system,coredns-8db54c48d-wzn7p,2.0,35651584
2026-09-16T18:05:55.191505+00:00,kube-system,kwok-controller-5cf8c7c44b-jhf8z,68.0,78643200
2026-09-16T18:05:55.191505+00:00,kube-system,local-path-provisioner-5d9d9885bc-rz6gp,1.0,15728640
2026-09-16T18:05:55.191505+00:00,kube-system,metrics-server-75dc6f8d87-6l7pf,38.0,254803968
2026-09-16T18:05:55.191505+00:00,kube-system,svclb-traefik-052e4095-db77m,0.0,0
2026-09-16T18:05:55.191505+00:00,kube-system,traefik-9bcdbbd9-dppcr,2.0,95420416
2026-09-16T18:05:55.191505+00:00,pyroscope,pyroscope-0,6.0,108003328
2026-09-16T18:05:55.191505+00:00,pyroscope,pyroscope-alloy-0,6.0,523239424
2026-09-16T18:06:26.441534+00:00,grove-system,grove-operator-556fb4d74c-pnvq4,42.0,446693376
2026-09-16T18:06:26.441534+00:00,kai-scheduler,admission-86666f457d-7ksq5,1.0,16777216
2026-09-16T18:06:26.441534+00:00,kai-scheduler,kai-operator-69b5d7bcf7-mphwj,2.0,79691776
2026-09-16T18:06:26.441534+00:00,kai-scheduler,pod-grouper-65456f756-x2lsx,1.0,11534336
2026-09-16T18:06:26.441534+00:00,kai-scheduler,podgroup-controller-68f9cc8dbf-hfz5k,1.0,11534336
2026-09-16T18:06:26.441534+00:00,kai-scheduler,queue-controller-f86fcd76c-2cqn6,1.0,13631488
2026-09-16T18:06:26.441534+00:00,kube-system,coredns-8db54c48d-wzn7p,2.0,34603008
2026-09-16T18:06:26.441534+00:00,kube-system,kwok-controller-5cf8c7c44b-jhf8z,80.0,80740352
2026-09-16T18:06:26.441534+00:00,kube-system,local-path-provisioner-5d9d9885bc-rz6gp,1.0,15728640
2026-09-16T18:06:26.441534+00:00,kube-system,metrics-server-75dc6f8d87-6l7pf,26.0,254803968
2026-09-16T18:06:26.441534+00:00,kube-system,svclb-traefik-052e4095-db77m,0.0,0
2026-09-16T18:06:26.441534+00:00,kube-system,traefik-9bcdbbd9-dppcr,1.0,96468992
2026-09-16T18:06:26.441534+00:00,pyroscope,pyroscope-0,4.0,106954752
2026-09-16T18:06:26.441534+00:00,pyroscope,pyroscope-alloy-0,66.0,541065216
2026-09-16T18:06:57.690626+00:00,grove-system,grove-operator-556fb4d74c-pnvq4,66.0,440401920
2026-09-16T18:06:57.690626+00:00,kai-scheduler,admission-86666f457d-7ksq5,1.0,16777216
2026-09-16T18:06:57.690626+00:00,kai-scheduler,kai-operator-69b5d7bcf7-mphwj,4.0,88080384
2026-09-16T18:06:57.690626+00:00,kai-scheduler,pod-grouper-65456f756-x2lsx,1.0,11534336
2026-09-16T18:06:57.690626+00:00,kai-scheduler,podgroup-controller-68f9cc8dbf-hfz5k,1.0,11534336
2026-09-16T18:06:57.690626+00:00,kai-scheduler,queue-controller-f86fcd76c-2cqn6,1.0,13631488
2026-09-16T18:06:57.690626+00:00,kube-system,coredns-8db54c48d-wzn7p,3.0,37748736
2026-09-16T18:06:57.690626+00:00,kube-system,kwok-controller-5cf8c7c44b-jhf8z,91.0,82837504
2026-09-16T18:06:57.690626+00:00,kube-system,local-path-provisioner-5d9d9885bc-rz6gp,1.0,15728640
2026-09-16T18:06:57.690626+00:00,kube-system,metrics-server-75dc6f8d87-6l7pf,26.0,254803968
2026-09-16T18:06:57.690626+00:00,kube-system,svclb-traefik-052e4095-db77m,0.0,0
2026-09-16T18:06:57.690626+00:00,kube-system,traefik-9bcdbbd9-dppcr,2.0,98566144
2026-09-16T18:06:57.690626+00:00,pyroscope,pyroscope-0,6.0,103809024
2026-09-16T18:06:57.690626+00:00,pyroscope,pyroscope-alloy-0,47.0,540016640
2026-09-16T18:07:28.939757+00:00,grove-system,grove-operator-556fb4d74c-pnvq4,55.0,440401920
2026-09-16T18:07:28.939757+00:00,kai-scheduler,admission-86666f457d-7ksq5,1.0,16777216
2026-09-16T18:07:28.939757+00:00,kai-scheduler,kai-operator-69b5d7bcf7-mphwj,1.0,87031808
2026-09-16T18:07:28.939757+00:00,kai-scheduler,pod-grouper-65456f756-x2lsx,1.0,11534336
2026-09-16T18:07:28.939757+00:00,kai-scheduler,podgroup-controller-68f9cc8dbf-hfz5k,1.0,11534336
2026-09-16T18:07:28.939757+00:00,kai-scheduler,queue-controller-f86fcd76c-2cqn6,1.0,13631488
2026-09-16T18:07:28.939757+00:00,kube-system,coredns-8db54c48d-wzn7p,2.0,37748736
2026-09-16T18:07:28.939757+00:00,kube-system,kwok-controller-5cf8c7c44b-jhf8z,733.0,90177536
2026-09-16T18:07:28.939757+00:00,kube-system,local-path-provisioner-5d9d9885bc-rz6gp,1.0,15728640
2026-09-16T18:07:28.939757+00:00,kube-system,metrics-server-75dc6f8d87-6l7pf,38.0,255852544
2026-09-16T18:07:28.939757+00:00,kube-system,svclb-traefik-052e4095-db77m,0.0,0
2026-09-16T18:07:28.939757+00:00,kube-system,traefik-9bcdbbd9-dppcr,3.0,97517568
2026-09-16T18:07:28.939757+00:00,pyroscope,pyroscope-0,7.0,100663296
2026-09-16T18:07:28.939757+00:00,pyroscope,pyroscope-alloy-0,92.0,503316480
2026-09-16T18:08:00.189587+00:00,grove-system,grove-operator-556fb4d74c-pnvq4,20.0,443547648
2026-09-16T18:08:00.189587+00:00,kai-scheduler,admission-86666f457d-7ksq5,1.0,16777216
2026-09-16T18:08:00.189587+00:00,kai-scheduler,kai-operator-69b5d7bcf7-mphwj,4.0,91226112
2026-09-16T18:08:00.189587+00:00,kai-scheduler,pod-grouper-65456f756-x2lsx,1.0,11534336
2026-09-16T18:08:00.189587+00:00,kai-scheduler,podgroup-controller-68f9cc8dbf-hfz5k,1.0,11534336
2026-09-16T18:08:00.189587+00:00,kai-scheduler,queue-controller-f86fcd76c-2cqn6,1.0,13631488
2026-09-16T18:08:00.189587+00:00,kube-system,coredns-8db54c48d-wzn7p,2.0,37748736
2026-09-16T18:08:00.189587+00:00,kube-system,kwok-controller-5cf8c7c44b-jhf8z,1492.0,78643200
2026-09-16T18:08:00.189587+00:00,kube-system,local-path-provisioner-5d9d9885bc-rz6gp,1.0,15728640
2026-09-16T18:08:00.189587+00:00,kube-system,metrics-server-75dc6f8d87-6l7pf,50.0,256901120
2026-09-16T18:08:00.189587+00:00,kube-system,svclb-traefik-052e4095-db77m,0.0,0
2026-09-16T18:08:00.189587+00:00,kube-system,traefik-9bcdbbd9-dppcr,1.0,97517568
2026-09-16T18:08:00.189587+00:00,pyroscope,pyroscope-0,6.0,99614720
2026-09-16T18:08:00.189587+00:00,pyroscope,pyroscope-alloy-0,97.0,492830720
2026-09-16T18:08:31.435478+00:00,grove-system,grove-operator-556fb4d74c-pnvq4,36.0,442499072
2026-09-16T18:08:31.435478+00:00,kai-scheduler,admission-86666f457d-7ksq5,1.0,16777216
2026-09-16T18:08:31.435478+00:00,kai-scheduler,kai-operator-69b5d7bcf7-mphwj,1.0,91226112
2026-09-16T18:08:31.435478+00:00,kai-scheduler,kai-scheduler-default-687f79495b-qtvls,82.0,319815680
2026-09-16T18:08:31.435478+00:00,kai-scheduler,pod-grouper-65456f756-x2lsx,1.0,11534336
2026-09-16T18:08:31.435478+00:00,kai-scheduler,podgroup-controller-68f9cc8dbf-hfz5k,1.0,11534336
2026-09-16T18:08:31.435478+00:00,kai-scheduler,queue-controller-f86fcd76c-2cqn6,1.0,13631488
2026-09-16T18:08:31.435478+00:00,kube-system,coredns-8db54c48d-wzn7p,2.0,36700160
2026-09-16T18:08:31.435478+00:00,kube-system,kwok-controller-5cf8c7c44b-jhf8z,139.0,82837504
2026-09-16T18:08:31.435478+00:00,kube-system,local-path-provisioner-5d9d9885bc-rz6gp,1.0,15728640
2026-09-16T18:08:31.435478+00:00,kube-system,metrics-server-75dc6f8d87-6l7pf,41.0,255852544
2026-09-16T18:08:31.435478+00:00,kube-system,svclb-traefik-052e4095-db77m,0.0,0
2026-09-16T18:08:31.435478+00:00,kube-system,traefik-9bcdbbd9-dppcr,1.0,97517568
2026-09-16T18:08:31.435478+00:00,pyroscope,pyroscope-0,5.0,102760448
2026-09-16T18:08:31.435478+00:00,pyroscope,pyroscope-alloy-0,92.0,500170752
2026-09-16T18:09:02.685212+00:00,grove-system,grove-operator-556fb4d74c-pnvq4,25.0,446693376
2026-09-16T18:09:02.685212+00:00,kai-scheduler,admission-86666f457d-7ksq5,1.0,16777216
2026-09-16T18:09:02.685212+00:00,kai-scheduler,kai-operator-69b5d7bcf7-mphwj,1.0,91226112
2026-09-16T18:09:02.685212+00:00,kai-scheduler,kai-scheduler-default-687f79495b-qtvls,79.0,299892736
2026-09-16T18:09:02.685212+00:00,kai-scheduler,pod-grouper-65456f756-x2lsx,1.0,11534336
2026-09-16T18:09:02.685212+00:00,kai-scheduler,podgroup-controller-68f9cc8dbf-hfz5k,1.0,11534336
2026-09-16T18:09:02.685212+00:00,kai-scheduler,queue-controller-f86fcd76c-2cqn6,1.0,13631488
2026-09-16T18:09:02.685212+00:00,kube-system,coredns-8db54c48d-wzn7p,2.0,34603008
2026-09-16T18:09:02.685212+00:00,kube-system,kwok-controller-5cf8c7c44b-jhf8z,132.0,81788928
2026-09-16T18:09:02.685212+00:00,kube-system,local-path-provisioner-5d9d9885bc-rz6gp,1.0,15728640
2026-09-16T18:09:02.685212+00:00,kube-system,metrics-server-75dc6f8d87-6l7pf,54.0,255852544
2026-09-16T18:09:02.685212+00:00,kube-system,svclb-traefik-052e4095-db77m,0.0,0
2026-09-16T18:09:02.685212+00:00,kube-system,traefik-9bcdbbd9-dppcr,1.0,97517568
2026-09-16T18:09:02.685212+00:00,pyroscope,pyroscope-0,6.0,106954752
2026-09-16T18:09:02.685212+00:00,pyroscope,pyroscope-alloy-0,78.0,484442112
2026-09-16T18:09:33.933951+00:00,grove-system,grove-operator-556fb4d74c-pnvq4,35.0,440401920
2026-09-16T18:09:33.933951+00:00,kai-scheduler,admission-86666f457d-7ksq5,1.0,16777216
2026-09-16T18:09:33.933951+00:00,kai-scheduler,kai-operator-69b5d7bcf7-mphwj,1.0,91226112
2026-09-16T18:09:33.933951+00:00,kai-scheduler,kai-scheduler-default-687f79495b-qtvls,70.0,266338304
2026-09-16T18:09:33.933951+00:00,kai-scheduler,pod-grouper-65456f756-x2lsx,1.0,11534336
2026-09-16T18:09:33.933951+00:00,kai-scheduler,podgroup-controller-68f9cc8dbf-hfz5k,1.0,11534336
2026-09-16T18:09:33.933951+00:00,kai-scheduler,queue-controller-f86fcd76c-2cqn6,1.0,13631488
2026-09-16T18:09:33.933951+00:00,kube-system,coredns-8db54c48d-wzn7p,2.0,35651584
2026-09-16T18:09:33.933951+00:00,kube-system,kwok-controller-5cf8c7c44b-jhf8z,126.0,79691776
2026-09-16T18:09:33.933951+00:00,kube-system,local-path-provisioner-5d9d9885bc-rz6gp,1.0,15728640
2026-09-16T18:09:33.933951+00:00,kube-system,metrics-server-75dc6f8d87-6l7pf,54.0,256901120
2026-09-16T18:09:33.933951+00:00,kube-system,svclb-traefik-052e4095-db77m,0.0,0
2026-09-16T18:09:33.933951+00:00,kube-system,traefik-9bcdbbd9-dppcr,1.0,97517568
2026-09-16T18:09:33.933951+00:00,pyroscope,pyroscope-0,5.0,106954752
2026-09-16T18:09:33.933951+00:00,pyroscope,pyroscope-alloy-0,71.0,478150656
2026-09-16T18:10:05.177681+00:00,grove-system,grove-operator-556fb4d74c-pnvq4,35.0,440401920
2026-09-16T18:10:05.177681+00:00,kai-scheduler,admission-86666f457d-7ksq5,1.0,16777216
2026-09-16T18:10:05.177681+00:00,kai-scheduler,kai-operator-69b5d7bcf7-mphwj,1.0,81788928
2026-09-16T18:10:05.177681+00:00,kai-scheduler,kai-scheduler-default-687f79495b-qtvls,64.0,250609664
2026-09-16T18:10:05.177681+00:00,kai-scheduler,pod-grouper-65456f756-x2lsx,1.0,11534336
2026-09-16T18:10:05.177681+00:00,kai-scheduler,podgroup-controller-68f9cc8dbf-hfz5k,1.0,11534336
2026-09-16T18:10:05.177681+00:00,kai-scheduler,queue-controller-f86fcd76c-2cqn6,1.0,13631488
2026-09-16T18:10:05.177681+00:00,kube-system,coredns-8db54c48d-wzn7p,2.0,34603008
2026-09-16T18:10:05.177681+00:00,kube-system,kwok-controller-5cf8c7c44b-jhf8z,122.0,80740352
2026-09-16T18:10:05.177681+00:00,kube-system,local-path-provisioner-5d9d9885bc-rz6gp,1.0,15728640
2026-09-16T18:10:05.177681+00:00,kube-system,metrics-server-75dc6f8d87-6l7pf,42.0,256901120
2026-09-16T18:10:05.177681+00:00,kube-system,svclb-traefik-052e4095-db77m,0.0,0
2026-09-16T18:10:05.177681+00:00,kube-system,traefik-9bcdbbd9-dppcr,1.0,93323264
2026-09-16T18:10:05.177681+00:00,pyroscope,pyroscope-0,5.0,104857600
2026-09-16T18:10:05.177681+00:00,pyroscope,pyroscope-alloy-0,66.0,475004928
2026-09-16T18:10:36.422430+00:00,grove-system,grove-operator-556fb4d74c-pnvq4,32.0,439353344
2026-09-16T18:10:36.422430+00:00,kai-scheduler,admission-86666f457d-7ksq5,1.0,16777216
2026-09-16T18:10:36.422430+00:00,kai-scheduler,kai-operator-69b5d7bcf7-mphwj,1.0,81788928
2026-09-16T18:10:36.422430+00:00,kai-scheduler,kai-scheduler-default-687f79495b-qtvls,58.0,256901120
2026-09-16T18:10:36.422430+00:00,kai-scheduler,pod-grouper-65456f756-x2lsx,1.0,11534336
2026-09-16T18:10:36.422430+00:00,kai-scheduler,podgroup-controller-68f9cc8dbf-hfz5k,1.0,11534336
2026-09-16T18:10:36.422430+00:00,kai-scheduler,queue-controller-f86fcd76c-2cqn6,1.0,13631488
2026-09-16T18:10:36.422430+00:00,kube-system,coredns-8db54c48d-wzn7p,2.0,34603008
2026-09-16T18:10:36.422430+00:00,kube-system,kwok-controller-5cf8c7c44b-jhf8z,134.0,79691776
2026-09-16T18:10:36.422430+00:00,kube-system,local-path-provisioner-5d9d9885bc-rz6gp,1.0,15728640
2026-09-16T18:10:36.422430+00:00,kube-system,metrics-server-75dc6f8d87-6l7pf,47.0,255852544
2026-09-16T18:10:36.422430+00:00,kube-system,svclb-traefik-052e4095-db77m,0.0,0
2026-09-16T18:10:36.422430+00:00,kube-system,traefik-9bcdbbd9-dppcr,1.0,92274688
2026-09-16T18:10:36.422430+00:00,pyroscope,pyroscope-0,5.0,105906176
2026-09-16T18:10:36.422430+00:00,pyroscope,pyroscope-alloy-0,80.0,480247808
2026-09-16T18:11:07.665788+00:00,grove-system,grove-operator-556fb4d74c-pnvq4,32.0,439353344
2026-09-16T18:11:07.665788+00:00,kai-scheduler,admission-86666f457d-7ksq5,1.0,16777216
2026-09-16T18:11:07.665788+00:00,kai-scheduler,kai-operator-69b5d7bcf7-mphwj,1.0,81788928
2026-09-16T18:11:07.665788+00:00,kai-scheduler,kai-scheduler-default-687f79495b-qtvls,51.0,220200960
2026-09-16T18:11:07.665788+00:00,kai-scheduler,pod-grouper-65456f756-x2lsx,1.0,11534336
2026-09-16T18:11:07.665788+00:00,kai-scheduler,podgroup-controller-68f9cc8dbf-hfz5k,1.0,11534336
2026-09-16T18:11:07.665788+00:00,kai-scheduler,queue-controller-f86fcd76c-2cqn6,1.0,13631488
2026-09-16T18:11:07.665788+00:00,kube-system,coredns-8db54c48d-wzn7p,2.0,34603008
2026-09-16T18:11:07.665788+00:00,kube-system,kwok-controller-5cf8c7c44b-jhf8z,127.0,79691776
2026-09-16T18:11:07.665788+00:00,kube-system,local-path-provisioner-5d9d9885bc-rz6gp,1.0,15728640
2026-09-16T18:11:07.665788+00:00,kube-system,metrics-server-75dc6f8d87-6l7pf,56.0,256901120
2026-09-16T18:11:07.665788+00:00,kube-system,svclb-traefik-052e4095-db77m,0.0,0
2026-09-16T18:11:07.665788+00:00,kube-system,traefik-9bcdbbd9-dppcr,1.0,92274688
2026-09-16T18:11:07.665788+00:00,pyroscope,pyroscope-0,6.0,105906176
2026-09-16T18:11:07.665788+00:00,pyroscope,pyroscope-alloy-0,55.0,457179136
2026-09-16T18:11:38.912309+00:00,grove-system,grove-operator-556fb4d74c-pnvq4,33.0,436207616
2026-09-16T18:11:38.912309+00:00,kai-scheduler,admission-86666f457d-7ksq5,1.0,16777216
2026-09-16T18:11:38.912309+00:00,kai-scheduler,kai-operator-69b5d7bcf7-mphwj,1.0,81788928
2026-09-16T18:11:38.912309+00:00,kai-scheduler,kai-scheduler-default-687f79495b-qtvls,46.0,219152384
2026-09-16T18:11:38.912309+00:00,kai-scheduler,pod-grouper-65456f756-x2lsx,1.0,11534336
2026-09-16T18:11:38.912309+00:00,kai-scheduler,podgroup-controller-68f9cc8dbf-hfz5k,1.0,11534336
2026-09-16T18:11:38.912309+00:00,kai-scheduler,queue-controller-f86fcd76c-2cqn6,1.0,13631488
2026-09-16T18:11:38.912309+00:00,kube-system,coredns-8db54c48d-wzn7p,2.0,34603008
2026-09-16T18:11:38.912309+00:00,kube-system,kwok-controller-5cf8c7c44b-jhf8z,148.0,80740352
2026-09-16T18:11:38.912309+00:00,kube-system,local-path-provisioner-5d9d9885bc-rz6gp,1.0,15728640
2026-09-16T18:11:38.912309+00:00,kube-system,metrics-server-75dc6f8d87-6l7pf,50.0,256901120
2026-09-16T18:11:38.912309+00:00,kube-system,svclb-traefik-052e4095-db77m,0.0,0
2026-09-16T18:11:38.912309+00:00,kube-system,traefik-9bcdbbd9-dppcr,1.0,92274688
2026-09-16T18:11:38.912309+00:00,pyroscope,pyroscope-0,15.0,286261248
2026-09-16T18:11:38.912309+00:00,pyroscope,pyroscope-alloy-0,48.0,456130560
2026-09-16T18:12:10.161906+00:00,grove-system,grove-operator-556fb4d74c-pnvq4,32.0,437256192
2026-09-16T18:12:10.161906+00:00,kai-scheduler,admission-86666f457d-7ksq5,1.0,16777216
2026-09-16T18:12:10.161906+00:00,kai-scheduler,binder-869fc94c7-p2mws,34.0,81788928
2026-09-16T18:12:10.161906+00:00,kai-scheduler,kai-operator-69b5d7bcf7-mphwj,1.0,80740352
2026-09-16T18:12:10.161906+00:00,kai-scheduler,kai-scheduler-default-687f79495b-qtvls,40.0,208666624
2026-09-16T18:12:10.161906+00:00,kai-scheduler,pod-grouper-65456f756-x2lsx,1.0,11534336
2026-09-16T18:12:10.161906+00:00,kai-scheduler,podgroup-controller-68f9cc8dbf-hfz5k,1.0,11534336
2026-09-16T18:12:10.161906+00:00,kai-scheduler,queue-controller-f86fcd76c-2cqn6,1.0,13631488
2026-09-16T18:12:10.161906+00:00,kube-system,coredns-8db54c48d-wzn7p,2.0,34603008
2026-09-16T18:12:10.161906+00:00,kube-system,kwok-controller-5cf8c7c44b-jhf8z,120.0,80740352
2026-09-16T18:12:10.161906+00:00,kube-system,local-path-provisioner-5d9d9885bc-rz6gp,1.0,15728640
2026-09-16T18:12:10.161906+00:00,kube-system,metrics-server-75dc6f8d87-6l7pf,48.0,255852544
2026-09-16T18:12:10.161906+00:00,kube-system,svclb-traefik-052e4095-db77m,0.0,0
2026-09-16T18:12:10.161906+00:00,kube-system,traefik-9bcdbbd9-dppcr,1.0,92274688
2026-09-16T18:12:10.161906+00:00,pyroscope,pyroscope-0,6.0,273678336
2026-09-16T18:12:10.161906+00:00,pyroscope,pyroscope-alloy-0,44.0,444596224
2026-09-16T18:12:41.402410+00:00,grove-system,grove-operator-556fb4d74c-pnvq4,33.0,433061888
2026-09-16T18:12:41.402410+00:00,kai-scheduler,admission-86666f457d-7ksq5,1.0,16777216
2026-09-16T18:12:41.402410+00:00,kai-scheduler,binder-869fc94c7-p2mws,26.0,77594624
2026-09-16T18:12:41.402410+00:00,kai-scheduler,kai-operator-69b5d7bcf7-mphwj,1.0,80740352
2026-09-16T18:12:41.402410+00:00,kai-scheduler,kai-scheduler-default-687f79495b-qtvls,35.0,202375168
2026-09-16T18:12:41.402410+00:00,kai-scheduler,pod-grouper-65456f756-x2lsx,1.0,11534336
2026-09-16T18:12:41.402410+00:00,kai-scheduler,podgroup-controller-68f9cc8dbf-hfz5k,1.0,11534336
2026-09-16T18:12:41.402410+00:00,kai-scheduler,queue-controller-f86fcd76c-2cqn6,1.0,13631488
2026-09-16T18:12:41.402410+00:00,kube-system,coredns-8db54c48d-wzn7p,2.0,34603008
2026-09-16T18:12:41.402410+00:00,kube-system,kwok-controller-5cf8c7c44b-jhf8z,108.0,79691776
2026-09-16T18:12:41.402410+00:00,kube-system,local-path-provisioner-5d9d9885bc-rz6gp,1.0,15728640
2026-09-16T18:12:41.402410+00:00,kube-system,metrics-server-75dc6f8d87-6l7pf,55.0,254803968
2026-09-16T18:12:41.402410+00:00,kube-system,svclb-traefik-052e4095-db77m,0.0,0
2026-09-16T18:12:41.402410+00:00,kube-system,traefik-9bcdbbd9-dppcr,1.0,93323264
2026-09-16T18:12:41.402410+00:00,pyroscope,pyroscope-0,10.0,113246208
2026-09-16T18:12:41.402410+00:00,pyroscope,pyroscope-alloy-0,39.0,444596224
2026-09-16T18:13:12.654179+00:00,grove-system,grove-operator-556fb4d74c-pnvq4,12.0,433061888
2026-09-16T18:13:12.654179+00:00,kai-scheduler,admission-86666f457d-7ksq5,1.0,16777216
2026-09-16T18:13:12.654179+00:00,kai-scheduler,binder-869fc94c7-p2mws,33.0,84934656
2026-09-16T18:13:12.654179+00:00,kai-scheduler,kai-operator-69b5d7bcf7-mphwj,36.0,104857600
2026-09-16T18:13:12.654179+00:00,kai-scheduler,kai-scheduler-default-687f79495b-qtvls,35.0,197132288
2026-09-16T18:13:12.654179+00:00,kai-scheduler,pod-grouper-65456f756-x2lsx,1.0,11534336
2026-09-16T18:13:12.654179+00:00,kai-scheduler,podgroup-controller-68f9cc8dbf-hfz5k,1.0,11534336
2026-09-16T18:13:12.654179+00:00,kai-scheduler,queue-controller-f86fcd76c-2cqn6,1.0,13631488
2026-09-16T18:13:12.654179+00:00,kube-system,coredns-8db54c48d-wzn7p,2.0,34603008
2026-09-16T18:13:12.654179+00:00,kube-system,kwok-controller-5cf8c7c44b-jhf8z,115.0,77594624
2026-09-16T18:13:12.654179+00:00,kube-system,local-path-provisioner-5d9d9885bc-rz6gp,1.0,15728640
2026-09-16T18:13:12.654179+00:00,kube-system,metrics-server-75dc6f8d87-6l7pf,50.0,252706816
2026-09-16T18:13:12.654179+00:00,kube-system,svclb-traefik-052e4095-db77m,0.0,0
2026-09-16T18:13:12.654179+00:00,kube-system,traefik-9bcdbbd9-dppcr,50.0,111149056
2026-09-16T18:13:12.654179+00:00,pyroscope,pyroscope-0,6.0,102760448
2026-09-16T18:13:12.654179+00:00,pyroscope,pyroscope-alloy-0,5.0,418381824
2026-09-16T18:13:43.910617+00:00,grove-system,grove-operator-556fb4d74c-pnvq4,5.0,419430400
2026-09-16T18:13:43.910617+00:00,kai-scheduler,admission-86666f457d-7ksq5,1.0,16777216
2026-09-16T18:13:43.910617+00:00,kai-scheduler,binder-869fc94c7-p2mws,32.0,82837504
2026-09-16T18:13:43.910617+00:00,kai-scheduler,kai-operator-69b5d7bcf7-mphwj,37.0,105906176
2026-09-16T18:13:43.910617+00:00,kai-scheduler,kai-scheduler-default-687f79495b-qtvls,40.0,197132288
2026-09-16T18:13:43.910617+00:00,kai-scheduler,pod-grouper-65456f756-x2lsx,1.0,11534336
2026-09-16T18:13:43.910617+00:00,kai-scheduler,podgroup-controller-68f9cc8dbf-hfz5k,1.0,11534336
2026-09-16T18:13:43.910617+00:00,kai-scheduler,queue-controller-f86fcd76c-2cqn6,1.0,13631488
2026-09-16T18:13:43.910617+00:00,kube-system,coredns-8db54c48d-wzn7p,2.0,34603008
2026-09-16T18:13:43.910617+00:00,kube-system,kwok-controller-5cf8c7c44b-jhf8z,101.0,77594624
2026-09-16T18:13:43.910617+00:00,kube-system,local-path-provisioner-5d9d9885bc-rz6gp,1.0,15728640
2026-09-16T18:13:43.910617+00:00,kube-system,metrics-server-75dc6f8d87-6l7pf,49.0,252706816
2026-09-16T18:13:43.910617+00:00,kube-system,svclb-traefik-052e4095-db77m,0.0,0
2026-09-16T18:13:43.910617+00:00,kube-system,traefik-9bcdbbd9-dppcr,51.0,111149056
2026-09-16T18:13:43.910617+00:00,pyroscope,pyroscope-0,5.0,104857600
2026-09-16T18:13:43.910617+00:00,pyroscope,pyroscope-alloy-0,5.0,411041792
2026-09-16T18:14:15.170059+00:00,grove-system,grove-operator-556fb4d74c-pnvq4,713.0,494927872
2026-09-16T18:14:15.170059+00:00,kai-scheduler,admission-86666f457d-7ksq5,1.0,16777216
2026-09-16T18:14:15.170059+00:00,kai-scheduler,binder-869fc94c7-p2mws,80.0,160432128
2026-09-16T18:14:15.170059+00:00,kai-scheduler,kai-operator-69b5d7bcf7-mphwj,10.0,103809024
2026-09-16T18:14:15.170059+00:00,kai-scheduler,kai-scheduler-default-687f79495b-qtvls,75.0,222298112
2026-09-16T18:14:15.170059+00:00,kai-scheduler,pod-grouper-65456f756-x2lsx,1.0,11534336
2026-09-16T18:14:15.170059+00:00,kai-scheduler,podgroup-controller-68f9cc8dbf-hfz5k,1.0,11534336
2026-09-16T18:14:15.170059+00:00,kai-scheduler,queue-controller-f86fcd76c-2cqn6,1.0,13631488
2026-09-16T18:14:15.170059+00:00,kube-system,coredns-8db54c48d-wzn7p,2.0,35651584
2026-09-16T18:14:15.170059+00:00,kube-system,kwok-controller-5cf8c7c44b-jhf8z,100.0,76546048
2026-09-16T18:14:15.170059+00:00,kube-system,local-path-provisioner-5d9d9885bc-rz6gp,1.0,15728640
2026-09-16T18:14:15.170059+00:00,kube-system,metrics-server-75dc6f8d87-6l7pf,43.0,252706816
2026-09-16T18:14:15.170059+00:00,kube-system,svclb-traefik-052e4095-db77m,0.0,0
2026-09-16T18:14:15.170059+00:00,kube-system,traefik-9bcdbbd9-dppcr,14.0,109051904
2026-09-16T18:14:15.170059+00:00,pyroscope,pyroscope-0,6.0,108003328
2026-09-16T18:14:15.170059+00:00,pyroscope,pyroscope-alloy-0,58.0,412090368
2026-09-16T18:14:46.484387+00:00,grove-system,grove-operator-556fb4d74c-pnvq4,946.0,588251136
2026-09-16T18:14:46.484387+00:00,kai-scheduler,admission-86666f457d-7ksq5,1.0,16777216
2026-09-16T18:14:46.484387+00:00,kai-scheduler,kai-operator-69b5d7bcf7-mphwj,2.0,105906176
2026-09-16T18:14:46.484387+00:00,kai-scheduler,kai-scheduler-default-687f79495b-qtvls,92.0,346030080
2026-09-16T18:14:46.484387+00:00,kai-scheduler,pod-grouper-65456f756-x2lsx,1.0,11534336
2026-09-16T18:14:46.484387+00:00,kai-scheduler,podgroup-controller-68f9cc8dbf-hfz5k,1.0,11534336
2026-09-16T18:14:46.484387+00:00,kai-scheduler,queue-controller-f86fcd76c-2cqn6,1.0,13631488
2026-09-16T18:14:46.484387+00:00,kube-system,coredns-8db54c48d-wzn7p,4.0,35651584
2026-09-16T18:14:46.484387+00:00,kube-system,kwok-controller-5cf8c7c44b-jhf8z,84.0,80740352
2026-09-16T18:14:46.484387+00:00,kube-system,local-path-provisioner-5d9d9885bc-rz6gp,1.0,15728640
2026-09-16T18:14:46.484387+00:00,kube-system,metrics-server-75dc6f8d87-6l7pf,38.0,256901120
2026-09-16T18:14:46.484387+00:00,kube-system,svclb-traefik-052e4095-db77m,0.0,0
2026-09-16T18:14:46.484387+00:00,kube-system,traefik-9bcdbbd9-dppcr,10.0,109051904
2026-09-16T18:14:46.484387+00:00,pyroscope,pyroscope-0,7.0,111149056
2026-09-16T18:14:46.484387+00:00,pyroscope,pyroscope-alloy-0,68.0,479199232
2026-09-16T18:15:17.752320+00:00,grove-system,grove-operator-556fb4d74c-pnvq4,1611.0,605028352
2026-09-16T18:15:17.752320+00:00,kai-scheduler,admission-86666f457d-7ksq5,1.0,16777216
2026-09-16T18:15:17.752320+00:00,kai-scheduler,kai-operator-69b5d7bcf7-mphwj,2.0,102760448
2026-09-16T18:15:17.752320+00:00,kai-scheduler,kai-scheduler-default-687f79495b-qtvls,106.0,473956352
2026-09-16T18:15:17.752320+00:00,kai-scheduler,pod-grouper-65456f756-x2lsx,1.0,11534336
2026-09-16T18:15:17.752320+00:00,kai-scheduler,podgroup-controller-68f9cc8dbf-hfz5k,1.0,11534336
2026-09-16T18:15:17.752320+00:00,kai-scheduler,queue-controller-f86fcd76c-2cqn6,1.0,13631488
2026-09-16T18:15:17.752320+00:00,kube-system,coredns-8db54c48d-wzn7p,9.0,36700160
2026-09-16T18:15:17.752320+00:00,kube-system,kwok-controller-5cf8c7c44b-jhf8z,127.0,79691776
2026-09-16T18:15:17.752320+00:00,kube-system,local-path-provisioner-5d9d9885bc-rz6gp,1.0,15728640
2026-09-16T18:15:17.752320+00:00,kube-system,metrics-server-75dc6f8d87-6l7pf,45.0,256901120
2026-09-16T18:15:17.752320+00:00,kube-system,svclb-traefik-052e4095-db77m,0.0,0
2026-09-16T18:15:17.752320+00:00,kube-system,traefik-9bcdbbd9-dppcr,9.0,111149056
2026-09-16T18:15:17.752320+00:00,pyroscope,pyroscope-0,7.0,113246208
2026-09-16T18:15:17.752320+00:00,pyroscope,pyroscope-alloy-0,72.0,516947968
2026-09-16T18:15:49.036594+00:00,grove-system,grove-operator-556fb4d74c-pnvq4,1872.0,663748608
2026-09-16T18:15:49.036594+00:00,kai-scheduler,admission-86666f457d-7ksq5,1.0,16777216
2026-09-16T18:15:49.036594+00:00,kai-scheduler,kai-operator-69b5d7bcf7-mphwj,1.0,102760448
2026-09-16T18:15:49.036594+00:00,kai-scheduler,kai-scheduler-default-687f79495b-qtvls,141.0,508559360
2026-09-16T18:15:49.036594+00:00,kai-scheduler,pod-grouper-65456f756-x2lsx,1.0,11534336
2026-09-16T18:15:49.036594+00:00,kai-scheduler,podgroup-controller-68f9cc8dbf-hfz5k,1.0,11534336
2026-09-16T18:15:49.036594+00:00,kai-scheduler,queue-controller-f86fcd76c-2cqn6,1.0,13631488
2026-09-16T18:15:49.036594+00:00,kube-system,coredns-8db54c48d-wzn7p,13.0,38797312
2026-09-16T18:15:49.036594+00:00,kube-system,kwok-controller-5cf8c7c44b-jhf8z,177.0,80740352
2026-09-16T18:15:49.036594+00:00,kube-system,local-path-provisioner-5d9d9885bc-rz6gp,1.0,15728640
2026-09-16T18:15:49.036594+00:00,kube-system,metrics-server-75dc6f8d87-6l7pf,66.0,261095424
2026-09-16T18:15:49.036594+00:00,kube-system,svclb-traefik-052e4095-db77m,0.0,0
2026-09-16T18:15:49.036594+00:00,kube-system,traefik-9bcdbbd9-dppcr,15.0,114294784
2026-09-16T18:15:49.036594+00:00,pyroscope,pyroscope-0,9.0,114294784
2026-09-16T18:15:49.036594+00:00,pyroscope,pyroscope-alloy-0,115.0,586153984
2026-09-16T18:16:20.305193+00:00,grove-system,grove-operator-556fb4d74c-pnvq4,1405.0,672137216
2026-09-16T18:16:20.305193+00:00,kai-scheduler,admission-86666f457d-7ksq5,1.0,16777216
2026-09-16T18:16:20.305193+00:00,kai-scheduler,kai-operator-69b5d7bcf7-mphwj,3.0,94371840
2026-09-16T18:16:20.305193+00:00,kai-scheduler,pod-grouper-65456f756-x2lsx,1.0,11534336
2026-09-16T18:16:20.305193+00:00,kai-scheduler,podgroup-controller-68f9cc8dbf-hfz5k,1.0,11534336
2026-09-16T18:16:20.305193+00:00,kai-scheduler,queue-controller-f86fcd76c-2cqn6,1.0,13631488
2026-09-16T18:16:20.305193+00:00,kube-system,coredns-8db54c48d-wzn7p,13.0,41943040
2026-09-16T18:16:20.305193+00:00,kube-system,kwok-controller-5cf8c7c44b-jhf8z,318.0,81788928
2026-09-16T18:16:20.305193+00:00,kube-system,local-path-provisioner-5d9d9885bc-rz6gp,1.0,15728640
2026-09-16T18:16:20.305193+00:00,kube-system,metrics-server-75dc6f8d87-6l7pf,73.0,266338304
2026-09-16T18:16:20.305193+00:00,kube-system,svclb-traefik-052e4095-db77m,0.0,0
2026-09-16T18:16:20.305193+00:00,kube-system,traefik-9bcdbbd9-dppcr,20.0,117440512
2026-09-16T18:16:20.305193+00:00,pyroscope,pyroscope-0,9.0,117440512
2026-09-16T18:16:20.305193+00:00,pyroscope,pyroscope-alloy-0,185.0,644874240
2026-09-16T18:16:51.580328+00:00,grove-system,grove-operator-556fb4d74c-pnvq4,1008.0,676331520
2026-09-16T18:16:51.580328+00:00,kai-scheduler,admission-86666f457d-7ksq5,1.0,16777216
2026-09-16T18:16:51.580328+00:00,kai-scheduler,kai-operator-69b5d7bcf7-mphwj,1.0,94371840
2026-09-16T18:16:51.580328+00:00,kai-scheduler,pod-grouper-65456f756-x2lsx,1.0,11534336
2026-09-16T18:16:51.580328+00:00,kai-scheduler,podgroup-controller-68f9cc8dbf-hfz5k,1.0,11534336
2026-09-16T18:16:51.580328+00:00,kai-scheduler,queue-controller-f86fcd76c-2cqn6,1.0,13631488
2026-09-16T18:16:51.580328+00:00,kube-system,coredns-8db54c48d-wzn7p,15.0,41943040
2026-09-16T18:16:51.580328+00:00,kube-system,kwok-controller-5cf8c7c44b-jhf8z,311.0,80740352
2026-09-16T18:16:51.580328+00:00,kube-system,local-path-provisioner-5d9d9885bc-rz6gp,1.0,15728640
2026-09-16T18:16:51.580328+00:00,kube-system,metrics-server-75dc6f8d87-6l7pf,65.0,271581184
2026-09-16T18:16:51.580328+00:00,kube-system,svclb-traefik-052e4095-db77m,0.0,0
2026-09-16T18:16:51.580328+00:00,kube-system,traefik-9bcdbbd9-dppcr,22.0,120586240
2026-09-16T18:16:51.580328+00:00,pyroscope,pyroscope-0,8.0,116391936
2026-09-16T18:16:51.580328+00:00,pyroscope,pyroscope-alloy-0,198.0,676331520
2026-09-16T18:17:22.862289+00:00,grove-system,grove-operator-556fb4d74c-pnvq4,2866.0,687865856
2026-09-16T18:17:22.862289+00:00,kai-scheduler,admission-86666f457d-7ksq5,1.0,16777216
2026-09-16T18:17:22.862289+00:00,kai-scheduler,kai-operator-69b5d7bcf7-mphwj,1.0,94371840
2026-09-16T18:17:22.862289+00:00,kai-scheduler,pod-grouper-65456f756-x2lsx,1.0,11534336
2026-09-16T18:17:22.862289+00:00,kai-scheduler,podgroup-controller-68f9cc8dbf-hfz5k,1.0,11534336
2026-09-16T18:17:22.862289+00:00,kai-scheduler,queue-controller-f86fcd76c-2cqn6,1.0,13631488
2026-09-16T18:17:22.862289+00:00,kube-system,coredns-8db54c48d-wzn7p,15.0,44040192
2026-09-16T18:17:22.862289+00:00,kube-system,kwok-controller-5cf8c7c44b-jhf8z,325.0,81788928
2026-09-16T18:17:22.862289+00:00,kube-system,local-path-provisioner-5d9d9885bc-rz6gp,1.0,15728640
2026-09-16T18:17:22.862289+00:00,kube-system,metrics-server-75dc6f8d87-6l7pf,63.0,298844160
2026-09-16T18:17:22.862289+00:00,kube-system,svclb-traefik-052e4095-db77m,0.0,0
2026-09-16T18:17:22.862289+00:00,kube-system,traefik-9bcdbbd9-dppcr,22.0,121634816
2026-09-16T18:17:22.862289+00:00,pyroscope,pyroscope-0,8.0,114294784
2026-09-16T18:17:22.862289+00:00,pyroscope,pyroscope-alloy-0,175.0,702545920
2026-09-16T18:17:54.128899+00:00,grove-system,grove-operator-556fb4d74c-pnvq4,3336.0,694157312
2026-09-16T18:17:54.128899+00:00,kai-scheduler,admission-86666f457d-7ksq5,1.0,16777216
2026-09-16T18:17:54.128899+00:00,kai-scheduler,kai-operator-69b5d7bcf7-mphwj,1.0,94371840
2026-09-16T18:17:54.128899+00:00,kai-scheduler,pod-grouper-65456f756-x2lsx,1.0,11534336
2026-09-16T18:17:54.128899+00:00,kai-scheduler,podgroup-controller-68f9cc8dbf-hfz5k,1.0,11534336
2026-09-16T18:17:54.128899+00:00,kai-scheduler,queue-controller-f86fcd76c-2cqn6,1.0,13631488
2026-09-16T18:17:54.128899+00:00,kube-system,coredns-8db54c48d-wzn7p,15.0,45088768
2026-09-16T18:17:54.128899+00:00,kube-system,kwok-controller-5cf8c7c44b-jhf8z,333.0,82837504
2026-09-16T18:17:54.128899+00:00,kube-system,local-path-provisioner-5d9d9885bc-rz6gp,1.0,15728640
2026-09-16T18:17:54.128899+00:00,kube-system,metrics-server-75dc6f8d87-6l7pf,80.0,297795584
2026-09-16T18:17:54.128899+00:00,kube-system,svclb-traefik-052e4095-db77m,0.0,0
2026-09-16T18:17:54.128899+00:00,kube-system,traefik-9bcdbbd9-dppcr,23.0,125829120
2026-09-16T18:17:54.128899+00:00,pyroscope,pyroscope-0,8.0,117440512
2026-09-16T18:17:54.128899+00:00,pyroscope,pyroscope-alloy-0,194.0,722468864
2026-09-16T18:18:25.390437+00:00,grove-system,grove-operator-556fb4d74c-pnvq4,3211.0,701497344
2026-09-16T18:18:25.390437+00:00,kai-scheduler,admission-86666f457d-7ksq5,1.0,16777216
2026-09-16T18:18:25.390437+00:00,kai-scheduler,kai-operator-69b5d7bcf7-mphwj,5.0,80740352
2026-09-16T18:18:25.390437+00:00,kai-scheduler,pod-grouper-65456f756-x2lsx,1.0,11534336
2026-09-16T18:18:25.390437+00:00,kai-scheduler,podgroup-controller-68f9cc8dbf-hfz5k,1.0,11534336
2026-09-16T18:18:25.390437+00:00,kai-scheduler,queue-controller-f86fcd76c-2cqn6,1.0,13631488
2026-09-16T18:18:25.390437+00:00,kube-system,coredns-8db54c48d-wzn7p,15.0,46137344
2026-09-16T18:18:25.390437+00:00,kube-system,kwok-controller-5cf8c7c44b-jhf8z,328.0,83886080
2026-09-16T18:18:25.390437+00:00,kube-system,local-path-provisioner-5d9d9885bc-rz6gp,1.0,15728640
2026-09-16T18:18:25.390437+00:00,kube-system,metrics-server-75dc6f8d87-6l7pf,67.0,314572800
2026-09-16T18:18:25.390437+00:00,kube-system,svclb-traefik-052e4095-db77m,0.0,0
2026-09-16T18:18:25.390437+00:00,kube-system,traefik-9bcdbbd9-dppcr,25.0,130023424
2026-09-16T18:18:25.390437+00:00,pyroscope,pyroscope-0,9.0,119537664
2026-09-16T18:18:25.390437+00:00,pyroscope,pyroscope-alloy-0,189.0,757071872
2026-09-16T18:18:56.638318+00:00,grove-system,grove-operator-556fb4d74c-pnvq4,2481.0,699400192
2026-09-16T18:18:56.638318+00:00,kai-scheduler,admission-86666f457d-7ksq5,1.0,17825792
2026-09-16T18:18:56.638318+00:00,kai-scheduler,kai-operator-69b5d7bcf7-mphwj,5.0,92274688
2026-09-16T18:18:56.638318+00:00,kai-scheduler,pod-grouper-65456f756-x2lsx,1.0,11534336
2026-09-16T18:18:56.638318+00:00,kai-scheduler,podgroup-controller-68f9cc8dbf-hfz5k,1.0,11534336
2026-09-16T18:18:56.638318+00:00,kai-scheduler,queue-controller-f86fcd76c-2cqn6,1.0,13631488
2026-09-16T18:18:56.638318+00:00,kube-system,coredns-8db54c48d-wzn7p,6.0,48234496
2026-09-16T18:18:56.638318+00:00,kube-system,kwok-controller-5cf8c7c44b-jhf8z,64.0,83886080
2026-09-16T18:18:56.638318+00:00,kube-system,local-path-provisioner-5d9d9885bc-rz6gp,1.0,15728640
2026-09-16T18:18:56.638318+00:00,kube-system,metrics-server-75dc6f8d87-6l7pf,42.0,314572800
2026-09-16T18:18:56.638318+00:00,kube-system,svclb-traefik-052e4095-db77m,0.0,0
2026-09-16T18:18:56.638318+00:00,kube-system,traefik-9bcdbbd9-dppcr,12.0,128974848
2026-09-16T18:18:56.638318+00:00,pyroscope,pyroscope-0,7.0,115343360
2026-09-16T18:18:56.638318+00:00,pyroscope,pyroscope-alloy-0,123.0,776994816
2026-09-16T18:19:27.878342+00:00,grove-system,grove-operator-556fb4d74c-pnvq4,63.0,702545920
2026-09-16T18:19:27.878342+00:00,kai-scheduler,admission-86666f457d-7ksq5,1.0,16777216
2026-09-16T18:19:27.878342+00:00,kai-scheduler,kai-operator-69b5d7bcf7-mphwj,5.0,94371840
2026-09-16T18:19:27.878342+00:00,kai-scheduler,pod-grouper-65456f756-x2lsx,1.0,11534336
2026-09-16T18:19:27.878342+00:00,kai-scheduler,podgroup-controller-68f9cc8dbf-hfz5k,1.0,11534336
2026-09-16T18:19:27.878342+00:00,kai-scheduler,queue-controller-f86fcd76c-2cqn6,1.0,13631488
2026-09-16T18:19:27.878342+00:00,kube-system,coredns-8db54c48d-wzn7p,2.0,47185920
2026-09-16T18:19:27.878342+00:00,kube-system,kwok-controller-5cf8c7c44b-jhf8z,102.0,83886080
2026-09-16T18:19:27.878342+00:00,kube-system,local-path-provisioner-5d9d9885bc-rz6gp,1.0,15728640
2026-09-16T18:19:27.878342+00:00,kube-system,metrics-server-75dc6f8d87-6l7pf,26.0,325058560
2026-09-16T18:19:27.878342+00:00,kube-system,svclb-traefik-052e4095-db77m,0.0,0
2026-09-16T18:19:27.878342+00:00,kube-system,traefik-9bcdbbd9-dppcr,3.0,128974848
2026-09-16T18:19:27.878342+00:00,pyroscope,pyroscope-0,6.0,116391936
2026-09-16T18:19:27.878342+00:00,pyroscope,pyroscope-alloy-0,28.0,793772032
2026-09-16T18:19:59.123472+00:00,grove-system,grove-operator-556fb4d74c-pnvq4,96.0,702545920
2026-09-16T18:19:59.123472+00:00,kai-scheduler,admission-86666f457d-7ksq5,1.0,16777216
2026-09-16T18:19:59.123472+00:00,kai-scheduler,kai-operator-69b5d7bcf7-mphwj,5.0,95420416
2026-09-16T18:19:59.123472+00:00,kai-scheduler,pod-grouper-65456f756-x2lsx,1.0,11534336
2026-09-16T18:19:59.123472+00:00,kai-scheduler,podgroup-controller-68f9cc8dbf-hfz5k,1.0,11534336
2026-09-16T18:19:59.123472+00:00,kai-scheduler,queue-controller-f86fcd76c-2cqn6,1.0,13631488
2026-09-16T18:19:59.123472+00:00,kube-system,coredns-8db54c48d-wzn7p,3.0,46137344
2026-09-16T18:19:59.123472+00:00,kube-system,kwok-controller-5cf8c7c44b-jhf8z,80.0,82837504
2026-09-16T18:19:59.123472+00:00,kube-system,local-path-provisioner-5d9d9885bc-rz6gp,1.0,15728640
2026-09-16T18:19:59.123472+00:00,kube-system,metrics-server-75dc6f8d87-6l7pf,41.0,339738624
2026-09-16T18:19:59.123472+00:00,kube-system,svclb-traefik-052e4095-db77m,0.0,0
2026-09-16T18:19:59.123472+00:00,kube-system,traefik-9bcdbbd9-dppcr,7.0,130023424
2026-09-16T18:19:59.123472+00:00,pyroscope,pyroscope-0,6.0,115343360
2026-09-16T18:19:59.123472+00:00,pyroscope,pyroscope-alloy-0,119.0,800063488
2026-09-16T18:20:30.376812+00:00,grove-system,grove-operator-556fb4d74c-pnvq4,43.0,699400192
2026-09-16T18:20:30.376812+00:00,kai-scheduler,admission-86666f457d-7ksq5,1.0,16777216
2026-09-16T18:20:30.376812+00:00,kai-scheduler,kai-operator-69b5d7bcf7-mphwj,4.0,95420416
2026-09-16T18:20:30.376812+00:00,kai-scheduler,pod-grouper-65456f756-x2lsx,1.0,11534336
2026-09-16T18:20:30.376812+00:00,kai-scheduler,podgroup-controller-68f9cc8dbf-hfz5k,1.0,11534336
2026-09-16T18:20:30.376812+00:00,kai-scheduler,queue-controller-f86fcd76c-2cqn6,1.0,13631488
2026-09-16T18:20:30.376812+00:00,kube-system,coredns-8db54c48d-wzn7p,2.0,46137344
2026-09-16T18:20:30.376812+00:00,kube-system,kwok-controller-5cf8c7c44b-jhf8z,103.0,85983232
2026-09-16T18:20:30.376812+00:00,kube-system,local-path-provisioner-5d9d9885bc-rz6gp,1.0,15728640
2026-09-16T18:20:30.376812+00:00,kube-system,metrics-server-75dc6f8d87-6l7pf,26.0,340787200
2026-09-16T18:20:30.376812+00:00,kube-system,svclb-traefik-052e4095-db77m,0.0,0
2026-09-16T18:20:30.376812+00:00,kube-system,traefik-9bcdbbd9-dppcr,1.0,130023424
2026-09-16T18:20:30.376812+00:00,pyroscope,pyroscope-0,5.0,116391936
2026-09-16T18:20:30.376812+00:00,pyroscope,pyroscope-alloy-0,49.0,809500672
2026-09-16T18:21:01.622028+00:00,grove-system,grove-operator-556fb4d74c-pnvq4,27.0,700448768
2026-09-16T18:21:01.622028+00:00,kai-scheduler,admission-86666f457d-7ksq5,1.0,16777216
2026-09-16T18:21:01.622028+00:00,kai-scheduler,kai-operator-69b5d7bcf7-mphwj,1.0,95420416
2026-09-16T18:21:01.622028+00:00,kai-scheduler,pod-grouper-65456f756-x2lsx,1.0,11534336
2026-09-16T18:21:01.622028+00:00,kai-scheduler,podgroup-controller-68f9cc8dbf-hfz5k,1.0,11534336
2026-09-16T18:21:01.622028+00:00,kai-scheduler,queue-controller-f86fcd76c-2cqn6,1.0,13631488
2026-09-16T18:21:01.622028+00:00,kube-system,coredns-8db54c48d-wzn7p,2.0,47185920
2026-09-16T18:21:01.622028+00:00,kube-system,kwok-controller-5cf8c7c44b-jhf8z,142.0,85983232
2026-09-16T18:21:01.622028+00:00,kube-system,local-path-provisioner-5d9d9885bc-rz6gp,1.0,15728640
2026-09-16T18:21:01.622028+00:00,kube-system,metrics-server-75dc6f8d87-6l7pf,50.0,342884352
2026-09-16T18:21:01.622028+00:00,kube-system,svclb-traefik-052e4095-db77m,0.0,0
2026-09-16T18:21:01.622028+00:00,kube-system,traefik-9bcdbbd9-dppcr,1.0,130023424
2026-09-16T18:21:01.622028+00:00,pyroscope,pyroscope-0,6.0,119537664
2026-09-16T18:21:01.622028+00:00,pyroscope,pyroscope-alloy-0,195.0,812646400
2026-09-16T18:21:32.875752+00:00,grove-system,grove-operator-556fb4d74c-pnvq4,24.0,702545920
2026-09-16T18:21:32.875752+00:00,kai-scheduler,admission-86666f457d-7ksq5,1.0,16777216
2026-09-16T18:21:32.875752+00:00,kai-scheduler,kai-operator-69b5d7bcf7-mphwj,1.0,95420416
2026-09-16T18:21:32.875752+00:00,kai-scheduler,pod-grouper-65456f756-x2lsx,1.0,11534336
2026-09-16T18:21:32.875752+00:00,kai-scheduler,podgroup-controller-68f9cc8dbf-hfz5k,1.0,11534336
2026-09-16T18:21:32.875752+00:00,kai-scheduler,queue-controller-f86fcd76c-2cqn6,1.0,13631488
2026-09-16T18:21:32.875752+00:00,kube-system,coredns-8db54c48d-wzn7p,2.0,50331648
2026-09-16T18:21:32.875752+00:00,kube-system,kwok-controller-5cf8c7c44b-jhf8z,159.0,88080384
2026-09-16T18:21:32.875752+00:00,kube-system,local-path-provisioner-5d9d9885bc-rz6gp,1.0,15728640
2026-09-16T18:21:32.875752+00:00,kube-system,metrics-server-75dc6f8d87-6l7pf,62.0,353370112
2026-09-16T18:21:32.875752+00:00,kube-system,svclb-traefik-052e4095-db77m,0.0,0
2026-09-16T18:21:32.875752+00:00,kube-system,traefik-9bcdbbd9-dppcr,1.0,130023424
2026-09-16T18:21:32.875752+00:00,pyroscope,pyroscope-0,5.0,118489088
2026-09-16T18:21:32.875752+00:00,pyroscope,pyroscope-alloy-0,209.0,783286272
2026-09-16T18:22:04.129510+00:00,grove-system,grove-operator-556fb4d74c-pnvq4,30.0,701497344
2026-09-16T18:22:04.129510+00:00,kai-scheduler,admission-86666f457d-7ksq5,1.0,16777216
2026-09-16T18:22:04.129510+00:00,kai-scheduler,kai-operator-69b5d7bcf7-mphwj,1.0,95420416
2026-09-16T18:22:04.129510+00:00,kai-scheduler,pod-grouper-65456f756-x2lsx,1.0,11534336
2026-09-16T18:22:04.129510+00:00,kai-scheduler,podgroup-controller-68f9cc8dbf-hfz5k,1.0,11534336
2026-09-16T18:22:04.129510+00:00,kai-scheduler,queue-controller-f86fcd76c-2cqn6,1.0,13631488
2026-09-16T18:22:04.129510+00:00,kube-system,coredns-8db54c48d-wzn7p,2.0,48234496
2026-09-16T18:22:04.129510+00:00,kube-system,kwok-controller-5cf8c7c44b-jhf8z,159.0,91226112
2026-09-16T18:22:04.129510+00:00,kube-system,local-path-provisioner-5d9d9885bc-rz6gp,1.0,15728640
2026-09-16T18:22:04.129510+00:00,kube-system,metrics-server-75dc6f8d87-6l7pf,43.0,350224384
2026-09-16T18:22:04.129510+00:00,kube-system,svclb-traefik-052e4095-db77m,0.0,0
2026-09-16T18:22:04.129510+00:00,kube-system,traefik-9bcdbbd9-dppcr,5.0,103809024
2026-09-16T18:22:04.129510+00:00,pyroscope,pyroscope-0,6.0,115343360
2026-09-16T18:22:04.129510+00:00,pyroscope,pyroscope-alloy-0,183.0,786432000
2026-09-16T18:22:35.375893+00:00,grove-system,grove-operator-556fb4d74c-pnvq4,40.0,684720128
2026-09-16T18:22:35.375893+00:00,kai-scheduler,admission-86666f457d-7ksq5,1.0,16777216
2026-09-16T18:22:35.375893+00:00,kai-scheduler,kai-operator-69b5d7bcf7-mphwj,1.0,96468992
2026-09-16T18:22:35.375893+00:00,kai-scheduler,pod-grouper-65456f756-x2lsx,1.0,11534336
2026-09-16T18:22:35.375893+00:00,kai-scheduler,podgroup-controller-68f9cc8dbf-hfz5k,1.0,11534336
2026-09-16T18:22:35.375893+00:00,kai-scheduler,queue-controller-f86fcd76c-2cqn6,1.0,13631488
2026-09-16T18:22:35.375893+00:00,kube-system,coredns-8db54c48d-wzn7p,2.0,48234496
2026-09-16T18:22:35.375893+00:00,kube-system,kwok-controller-5cf8c7c44b-jhf8z,146.0,89128960
2026-09-16T18:22:35.375893+00:00,kube-system,local-path-provisioner-5d9d9885bc-rz6gp,1.0,15728640
2026-09-16T18:22:35.375893+00:00,kube-system,metrics-server-75dc6f8d87-6l7pf,49.0,352321536
2026-09-16T18:22:35.375893+00:00,kube-system,svclb-traefik-052e4095-db77m,0.0,0
2026-09-16T18:22:35.375893+00:00,kube-system,traefik-9bcdbbd9-dppcr,1.0,103809024
2026-09-16T18:22:35.375893+00:00,pyroscope,pyroscope-0,6.0,114294784
2026-09-16T18:22:35.375893+00:00,pyroscope,pyroscope-alloy-0,168.0,762314752
2026-09-16T18:23:06.630876+00:00,grove-system,grove-operator-556fb4d74c-pnvq4,42.0,684720128
2026-09-16T18:23:06.630876+00:00,kai-scheduler,admission-86666f457d-7ksq5,1.0,16777216
2026-09-16T18:23:06.630876+00:00,kai-scheduler,kai-operator-69b5d7bcf7-mphwj,1.0,96468992
2026-09-16T18:23:06.630876+00:00,kai-scheduler,pod-grouper-65456f756-x2lsx,1.0,11534336
2026-09-16T18:23:06.630876+00:00,kai-scheduler,podgroup-controller-68f9cc8dbf-hfz5k,1.0,11534336
2026-09-16T18:23:06.630876+00:00,kai-scheduler,queue-controller-f86fcd76c-2cqn6,1.0,13631488
2026-09-16T18:23:06.630876+00:00,kube-system,coredns-8db54c48d-wzn7p,2.0,48234496
2026-09-16T18:23:06.630876+00:00,kube-system,kwok-controller-5cf8c7c44b-jhf8z,148.0,91226112
2026-09-16T18:23:06.630876+00:00,kube-system,local-path-provisioner-5d9d9885bc-rz6gp,1.0,15728640
2026-09-16T18:23:06.630876+00:00,kube-system,metrics-server-75dc6f8d87-6l7pf,59.0,344981504
2026-09-16T18:23:06.630876+00:00,kube-system,svclb-traefik-052e4095-db77m,0.0,0
2026-09-16T18:23:06.630876+00:00,kube-system,traefik-9bcdbbd9-dppcr,1.0,103809024
2026-09-16T18:23:06.630876+00:00,pyroscope,pyroscope-0,6.0,116391936
2026-09-16T18:23:06.630876+00:00,pyroscope,pyroscope-alloy-0,139.0,763363328
2026-09-16T18:23:37.882676+00:00,grove-system,grove-operator-556fb4d74c-pnvq4,30.0,684720128
2026-09-16T18:23:37.882676+00:00,kai-scheduler,admission-86666f457d-7ksq5,1.0,16777216
2026-09-16T18:23:37.882676+00:00,kai-scheduler,kai-operator-69b5d7bcf7-mphwj,1.0,96468992
2026-09-16T18:23:37.882676+00:00,kai-scheduler,pod-grouper-65456f756-x2lsx,1.0,11534336
2026-09-16T18:23:37.882676+00:00,kai-scheduler,podgroup-controller-68f9cc8dbf-hfz5k,1.0,11534336
2026-09-16T18:23:37.882676+00:00,kai-scheduler,queue-controller-f86fcd76c-2cqn6,1.0,13631488
2026-09-16T18:23:37.882676+00:00,kube-system,coredns-8db54c48d-wzn7p,2.0,40894464
2026-09-16T18:23:37.882676+00:00,kube-system,kwok-controller-5cf8c7c44b-jhf8z,151.0,90177536
2026-09-16T18:23:37.882676+00:00,kube-system,local-path-provisioner-5d9d9885bc-rz6gp,1.0,15728640
2026-09-16T18:23:37.882676+00:00,kube-system,metrics-server-75dc6f8d87-6l7pf,50.0,346030080
2026-09-16T18:23:37.882676+00:00,kube-system,svclb-traefik-052e4095-db77m,0.0,0
2026-09-16T18:23:37.882676+00:00,kube-system,traefik-9bcdbbd9-dppcr,1.0,103809024
2026-09-16T18:23:37.882676+00:00,pyroscope,pyroscope-0,6.0,116391936
2026-09-16T18:23:37.882676+00:00,pyroscope,pyroscope-alloy-0,173.0,739246080
2026-09-16T18:24:09.128753+00:00,grove-system,grove-operator-556fb4d74c-pnvq4,39.0,678428672
2026-09-16T18:24:09.128753+00:00,kai-scheduler,admission-86666f457d-7ksq5,1.0,16777216
2026-09-16T18:24:09.128753+00:00,kai-scheduler,kai-operator-69b5d7bcf7-mphwj,1.0,96468992
2026-09-16T18:24:09.128753+00:00,kai-scheduler,pod-grouper-65456f756-x2lsx,1.0,11534336
2026-09-16T18:24:09.128753+00:00,kai-scheduler,podgroup-controller-68f9cc8dbf-hfz5k,1.0,11534336
2026-09-16T18:24:09.128753+00:00,kai-scheduler,queue-controller-f86fcd76c-2cqn6,1.0,13631488
2026-09-16T18:24:09.128753+00:00,kube-system,coredns-8db54c48d-wzn7p,2.0,41943040
2026-09-16T18:24:09.128753+00:00,kube-system,kwok-controller-5cf8c7c44b-jhf8z,138.0,90177536
2026-09-16T18:24:09.128753+00:00,kube-system,local-path-provisioner-5d9d9885bc-rz6gp,1.0,15728640
2026-09-16T18:24:09.128753+00:00,kube-system,metrics-server-75dc6f8d87-6l7pf,62.0,337641472
2026-09-16T18:24:09.128753+00:00,kube-system,svclb-traefik-052e4095-db77m,0.0,0
2026-09-16T18:24:09.128753+00:00,kube-system,traefik-9bcdbbd9-dppcr,1.0,99614720
2026-09-16T18:24:09.128753+00:00,pyroscope,pyroscope-0,6.0,118489088
2026-09-16T18:24:09.128753+00:00,pyroscope,pyroscope-alloy-0,117.0,717225984
2026-09-16T18:24:40.390398+00:00,grove-system,grove-operator-556fb4d74c-pnvq4,29.0,681574400
2026-09-16T18:24:40.390398+00:00,kai-scheduler,admission-86666f457d-7ksq5,1.0,16777216
2026-09-16T18:24:40.390398+00:00,kai-scheduler,kai-operator-69b5d7bcf7-mphwj,1.0,82837504
2026-09-16T18:24:40.390398+00:00,kai-scheduler,pod-grouper-65456f756-x2lsx,1.0,11534336
2026-09-16T18:24:40.390398+00:00,kai-scheduler,podgroup-controller-68f9cc8dbf-hfz5k,1.0,11534336
2026-09-16T18:24:40.390398+00:00,kai-scheduler,queue-controller-f86fcd76c-2cqn6,1.0,13631488
2026-09-16T18:24:40.390398+00:00,kube-system,coredns-8db54c48d-wzn7p,2.0,41943040
2026-09-16T18:24:40.390398+00:00,kube-system,kwok-controller-5cf8c7c44b-jhf8z,146.0,91226112
2026-09-16T18:24:40.390398+00:00,kube-system,local-path-provisioner-5d9d9885bc-rz6gp,1.0,15728640
2026-09-16T18:24:40.390398+00:00,kube-system,metrics-server-75dc6f8d87-6l7pf,49.0,337641472
2026-09-16T18:24:40.390398+00:00,kube-system,svclb-traefik-052e4095-db77m,0.0,0
2026-09-16T18:24:40.390398+00:00,kube-system,traefik-9bcdbbd9-dppcr,1.0,99614720
2026-09-16T18:24:40.390398+00:00,pyroscope,pyroscope-0,6.0,119537664
2026-09-16T18:24:40.390398+00:00,pyroscope,pyroscope-alloy-0,124.0,687865856
2026-09-16T18:25:11.638417+00:00,grove-system,grove-operator-556fb4d74c-pnvq4,32.0,673185792
2026-09-16T18:25:11.638417+00:00,kai-scheduler,admission-86666f457d-7ksq5,1.0,16777216
2026-09-16T18:25:11.638417+00:00,kai-scheduler,kai-operator-69b5d7bcf7-mphwj,3.0,82837504
2026-09-16T18:25:11.638417+00:00,kai-scheduler,kai-scheduler-default-687f79495b-qtvls,171.0,371195904
2026-09-16T18:25:11.638417+00:00,kai-scheduler,pod-grouper-65456f756-x2lsx,1.0,11534336
2026-09-16T18:25:11.638417+00:00,kai-scheduler,podgroup-controller-68f9cc8dbf-hfz5k,1.0,11534336
2026-09-16T18:25:11.638417+00:00,kai-scheduler,queue-controller-f86fcd76c-2cqn6,1.0,13631488
2026-09-16T18:25:11.638417+00:00,kube-system,coredns-8db54c48d-wzn7p,2.0,41943040
2026-09-16T18:25:11.638417+00:00,kube-system,kwok-controller-5cf8c7c44b-jhf8z,134.0,90177536
2026-09-16T18:25:11.638417+00:00,kube-system,local-path-provisioner-5d9d9885bc-rz6gp,1.0,15728640
2026-09-16T18:25:11.638417+00:00,kube-system,metrics-server-75dc6f8d87-6l7pf,57.0,329252864
2026-09-16T18:25:11.638417+00:00,kube-system,svclb-traefik-052e4095-db77m,0.0,0
2026-09-16T18:25:11.638417+00:00,kube-system,traefik-9bcdbbd9-dppcr,1.0,99614720
2026-09-16T18:25:11.638417+00:00,pyroscope,pyroscope-0,6.0,119537664
2026-09-16T18:25:11.638417+00:00,pyroscope,pyroscope-alloy-0,127.0,697303040
2026-09-16T18:25:42.881863+00:00,grove-system,grove-operator-556fb4d74c-pnvq4,30.0,661651456
2026-09-16T18:25:42.881863+00:00,kai-scheduler,admission-86666f457d-7ksq5,1.0,16777216
2026-09-16T18:25:42.881863+00:00,kai-scheduler,kai-operator-69b5d7bcf7-mphwj,7.0,93323264
2026-09-16T18:25:42.881863+00:00,kai-scheduler,kai-scheduler-default-687f79495b-qtvls,98.0,373293056
2026-09-16T18:25:42.881863+00:00,kai-scheduler,pod-grouper-65456f756-x2lsx,1.0,11534336
2026-09-16T18:25:42.881863+00:00,kai-scheduler,podgroup-controller-68f9cc8dbf-hfz5k,1.0,11534336
2026-09-16T18:25:42.881863+00:00,kai-scheduler,queue-controller-f86fcd76c-2cqn6,1.0,13631488
2026-09-16T18:25:42.881863+00:00,kube-system,coredns-8db54c48d-wzn7p,2.0,40894464
2026-09-16T18:25:42.881863+00:00,kube-system,kwok-controller-5cf8c7c44b-jhf8z,128.0,88080384
2026-09-16T18:25:42.881863+00:00,kube-system,local-path-provisioner-5d9d9885bc-rz6gp,1.0,15728640
2026-09-16T18:25:42.881863+00:00,kube-system,metrics-server-75dc6f8d87-6l7pf,49.0,329252864
2026-09-16T18:25:42.881863+00:00,kube-system,svclb-traefik-052e4095-db77m,0.0,0
2026-09-16T18:25:42.881863+00:00,kube-system,traefik-9bcdbbd9-dppcr,1.0,100663296
2026-09-16T18:25:42.881863+00:00,pyroscope,pyroscope-0,5.0,118489088
2026-09-16T18:25:42.881863+00:00,pyroscope,pyroscope-alloy-0,95.0,663748608
2026-09-16T18:26:14.128491+00:00,grove-system,grove-operator-556fb4d74c-pnvq4,50.0,662700032
2026-09-16T18:26:14.128491+00:00,kai-scheduler,admission-86666f457d-7ksq5,1.0,16777216
2026-09-16T18:26:14.128491+00:00,kai-scheduler,kai-operator-69b5d7bcf7-mphwj,2.0,93323264
2026-09-16T18:26:14.128491+00:00,kai-scheduler,kai-scheduler-default-687f79495b-qtvls,88.0,387973120
2026-09-16T18:26:14.128491+00:00,kai-scheduler,pod-grouper-65456f756-x2lsx,1.0,11534336
2026-09-16T18:26:14.128491+00:00,kai-scheduler,podgroup-controller-68f9cc8dbf-hfz5k,1.0,11534336
2026-09-16T18:26:14.128491+00:00,kai-scheduler,queue-controller-f86fcd76c-2cqn6,1.0,13631488
2026-09-16T18:26:14.128491+00:00,kube-system,coredns-8db54c48d-wzn7p,2.0,40894464
2026-09-16T18:26:14.128491+00:00,kube-system,kwok-controller-5cf8c7c44b-jhf8z,143.0,90177536
2026-09-16T18:26:14.128491+00:00,kube-system,local-path-provisioner-5d9d9885bc-rz6gp,1.0,15728640
2026-09-16T18:26:14.128491+00:00,kube-system,metrics-server-75dc6f8d87-6l7pf,41.0,320864256
2026-09-16T18:26:14.128491+00:00,kube-system,svclb-traefik-052e4095-db77m,0.0,0
2026-09-16T18:26:14.128491+00:00,kube-system,traefik-9bcdbbd9-dppcr,2.0,99614720
2026-09-16T18:26:14.128491+00:00,pyroscope,pyroscope-0,14.0,138412032
2026-09-16T18:26:14.128491+00:00,pyroscope,pyroscope-alloy-0,120.0,636485632
2026-09-16T18:26:45.368960+00:00,grove-system,grove-operator-556fb4d74c-pnvq4,36.0,662700032
2026-09-16T18:26:45.368960+00:00,kai-scheduler,admission-86666f457d-7ksq5,1.0,16777216
2026-09-16T18:26:45.368960+00:00,kai-scheduler,kai-operator-69b5d7bcf7-mphwj,2.0,94371840
2026-09-16T18:26:45.368960+00:00,kai-scheduler,kai-scheduler-default-687f79495b-qtvls,73.0,337641472
2026-09-16T18:26:45.368960+00:00,kai-scheduler,pod-grouper-65456f756-x2lsx,1.0,11534336
2026-09-16T18:26:45.368960+00:00,kai-scheduler,podgroup-controller-68f9cc8dbf-hfz5k,1.0,11534336
2026-09-16T18:26:45.368960+00:00,kai-scheduler,queue-controller-f86fcd76c-2cqn6,1.0,13631488
2026-09-16T18:26:45.368960+00:00,kube-system,coredns-8db54c48d-wzn7p,2.0,41943040
2026-09-16T18:26:45.368960+00:00,kube-system,kwok-controller-5cf8c7c44b-jhf8z,263.0,91226112
2026-09-16T18:26:45.368960+00:00,kube-system,local-path-provisioner-5d9d9885bc-rz6gp,1.0,15728640
2026-09-16T18:26:45.368960+00:00,kube-system,metrics-server-75dc6f8d87-6l7pf,27.0,319815680
2026-09-16T18:26:45.368960+00:00,kube-system,svclb-traefik-052e4095-db77m,0.0,0
2026-09-16T18:26:45.368960+00:00,kube-system,traefik-9bcdbbd9-dppcr,2.0,100663296
2026-09-16T18:26:45.368960+00:00,pyroscope,pyroscope-0,7.0,139460608
2026-09-16T18:26:45.368960+00:00,pyroscope,pyroscope-alloy-0,6.0,654311424
2026-09-16T18:27:16.609997+00:00,grove-system,grove-operator-556fb4d74c-pnvq4,74.0,639631360
2026-09-16T18:27:16.609997+00:00,kai-scheduler,admission-86666f457d-7ksq5,1.0,16777216
2026-09-16T18:27:16.609997+00:00,kai-scheduler,kai-operator-69b5d7bcf7-mphwj,1.0,93323264
2026-09-16T18:27:16.609997+00:00,kai-scheduler,kai-scheduler-default-687f79495b-qtvls,75.0,365953024
2026-09-16T18:27:16.609997+00:00,kai-scheduler,pod-grouper-65456f756-x2lsx,1.0,11534336
2026-09-16T18:27:16.609997+00:00,kai-scheduler,podgroup-controller-68f9cc8dbf-hfz5k,1.0,11534336
2026-09-16T18:27:16.609997+00:00,kai-scheduler,queue-controller-f86fcd76c-2cqn6,1.0,13631488
2026-09-16T18:27:16.609997+00:00,kube-system,coredns-8db54c48d-wzn7p,3.0,42991616
2026-09-16T18:27:16.609997+00:00,kube-system,kwok-controller-5cf8c7c44b-jhf8z,64.0,90177536
2026-09-16T18:27:16.609997+00:00,kube-system,local-path-provisioner-5d9d9885bc-rz6gp,1.0,15728640
2026-09-16T18:27:16.609997+00:00,kube-system,metrics-server-75dc6f8d87-6l7pf,29.0,321912832
2026-09-16T18:27:16.609997+00:00,kube-system,svclb-traefik-052e4095-db77m,0.0,0
2026-09-16T18:27:16.609997+00:00,kube-system,traefik-9bcdbbd9-dppcr,2.0,100663296
2026-09-16T18:27:16.609997+00:00,pyroscope,pyroscope-0,6.0,115343360
2026-09-16T18:27:16.609997+00:00,pyroscope,pyroscope-alloy-0,32.0,668991488
2026-09-16T18:27:47.854533+00:00,grove-system,grove-operator-556fb4d74c-pnvq4,53.0,644874240
2026-09-16T18:27:47.854533+00:00,kai-scheduler,admission-86666f457d-7ksq5,1.0,16777216
2026-09-16T18:27:47.854533+00:00,kai-scheduler,kai-operator-69b5d7bcf7-mphwj,3.0,81788928
2026-09-16T18:27:47.854533+00:00,kai-scheduler,kai-scheduler-default-687f79495b-qtvls,73.0,365953024
2026-09-16T18:27:47.854533+00:00,kai-scheduler,pod-grouper-65456f756-x2lsx,1.0,11534336
2026-09-16T18:27:47.854533+00:00,kai-scheduler,podgroup-controller-68f9cc8dbf-hfz5k,1.0,11534336
2026-09-16T18:27:47.854533+00:00,kai-scheduler,queue-controller-f86fcd76c-2cqn6,1.0,13631488
2026-09-16T18:27:47.854533+00:00,kube-system,coredns-8db54c48d-wzn7p,3.0,44040192
2026-09-16T18:27:47.854533+00:00,kube-system,kwok-controller-5cf8c7c44b-jhf8z,86.0,88080384
2026-09-16T18:27:47.854533+00:00,kube-system,local-path-provisioner-5d9d9885bc-rz6gp,1.0,15728640
2026-09-16T18:27:47.854533+00:00,kube-system,metrics-server-75dc6f8d87-6l7pf,27.0,313524224
2026-09-16T18:27:47.854533+00:00,kube-system,svclb-traefik-052e4095-db77m,0.0,0
2026-09-16T18:27:47.854533+00:00,kube-system,traefik-9bcdbbd9-dppcr,2.0,102760448
2026-09-16T18:27:47.854533+00:00,pyroscope,pyroscope-0,6.0,114294784
2026-09-16T18:27:47.854533+00:00,pyroscope,pyroscope-alloy-0,6.0,671088640
2026-09-16T18:28:19.098332+00:00,grove-system,grove-operator-556fb4d74c-pnvq4,27.0,630194176
2026-09-16T18:28:19.098332+00:00,kai-scheduler,admission-86666f457d-7ksq5,1.0,16777216
2026-09-16T18:28:19.098332+00:00,kai-scheduler,kai-operator-69b5d7bcf7-mphwj,1.0,81788928
2026-09-16T18:28:19.098332+00:00,kai-scheduler,kai-scheduler-default-687f79495b-qtvls,90.0,348127232
2026-09-16T18:28:19.098332+00:00,kai-scheduler,pod-grouper-65456f756-x2lsx,1.0,11534336
2026-09-16T18:28:19.098332+00:00,kai-scheduler,podgroup-controller-68f9cc8dbf-hfz5k,1.0,11534336
2026-09-16T18:28:19.098332+00:00,kai-scheduler,queue-controller-f86fcd76c-2cqn6,1.0,13631488
2026-09-16T18:28:19.098332+00:00,kube-system,coredns-8db54c48d-wzn7p,2.0,42991616
2026-09-16T18:28:19.098332+00:00,kube-system,kwok-controller-5cf8c7c44b-jhf8z,134.0,91226112
2026-09-16T18:28:19.098332+00:00,kube-system,local-path-provisioner-5d9d9885bc-rz6gp,1.0,15728640
2026-09-16T18:28:19.098332+00:00,kube-system,metrics-server-75dc6f8d87-6l7pf,54.0,311427072
2026-09-16T18:28:19.098332+00:00,kube-system,svclb-traefik-052e4095-db77m,0.0,0
2026-09-16T18:28:19.098332+00:00,kube-system,traefik-9bcdbbd9-dppcr,1.0,98566144
2026-09-16T18:28:19.098332+00:00,pyroscope,pyroscope-0,5.0,114294784
2026-09-16T18:28:19.098332+00:00,pyroscope,pyroscope-alloy-0,106.0,675282944
2026-09-16T18:28:50.356529+00:00,grove-system,grove-operator-556fb4d74c-pnvq4,35.0,613416960
2026-09-16T18:28:50.356529+00:00,kai-scheduler,admission-86666f457d-7ksq5,1.0,16777216
2026-09-16T18:28:50.356529+00:00,kai-scheduler,kai-operator-69b5d7bcf7-mphwj,1.0,81788928
2026-09-16T18:28:50.356529+00:00,kai-scheduler,kai-scheduler-default-687f79495b-qtvls,80.0,355467264
2026-09-16T18:28:50.356529+00:00,kai-scheduler,pod-grouper-65456f756-x2lsx,1.0,11534336
2026-09-16T18:28:50.356529+00:00,kai-scheduler,podgroup-controller-68f9cc8dbf-hfz5k,1.0,11534336
2026-09-16T18:28:50.356529+00:00,kai-scheduler,queue-controller-f86fcd76c-2cqn6,1.0,13631488
2026-09-16T18:28:50.356529+00:00,kube-system,coredns-8db54c48d-wzn7p,2.0,42991616
2026-09-16T18:28:50.356529+00:00,kube-system,kwok-controller-5cf8c7c44b-jhf8z,156.0,89128960
2026-09-16T18:28:50.356529+00:00,kube-system,local-path-provisioner-5d9d9885bc-rz6gp,1.0,15728640
2026-09-16T18:28:50.356529+00:00,kube-system,metrics-server-75dc6f8d87-6l7pf,46.0,311427072
2026-09-16T18:28:50.356529+00:00,kube-system,svclb-traefik-052e4095-db77m,0.0,0
2026-09-16T18:28:50.356529+00:00,kube-system,traefik-9bcdbbd9-dppcr,1.0,98566144
2026-09-16T18:28:50.356529+00:00,pyroscope,pyroscope-0,6.0,121634816
2026-09-16T18:28:50.356529+00:00,pyroscope,pyroscope-alloy-0,116.0,600834048
2026-09-16T18:29:21.605396+00:00,grove-system,grove-operator-556fb4d74c-pnvq4,41.0,606076928
2026-09-16T18:29:21.605396+00:00,kai-scheduler,admission-86666f457d-7ksq5,1.0,16777216
2026-09-16T18:29:21.605396+00:00,kai-scheduler,kai-operator-69b5d7bcf7-mphwj,1.0,81788928
2026-09-16T18:29:21.605396+00:00,kai-scheduler,kai-scheduler-default-687f79495b-qtvls,79.0,321912832
2026-09-16T18:29:21.605396+00:00,kai-scheduler,pod-grouper-65456f756-x2lsx,1.0,11534336
2026-09-16T18:29:21.605396+00:00,kai-scheduler,podgroup-controller-68f9cc8dbf-hfz5k,1.0,11534336
2026-09-16T18:29:21.605396+00:00,kai-scheduler,queue-controller-f86fcd76c-2cqn6,1.0,13631488
2026-09-16T18:29:21.605396+00:00,kube-system,coredns-8db54c48d-wzn7p,2.0,39845888
2026-09-16T18:29:21.605396+00:00,kube-system,kwok-controller-5cf8c7c44b-jhf8z,120.0,89128960
2026-09-16T18:29:21.605396+00:00,kube-system,local-path-provisioner-5d9d9885bc-rz6gp,1.0,15728640
2026-09-16T18:29:21.605396+00:00,kube-system,metrics-server-75dc6f8d87-6l7pf,50.0,306184192
2026-09-16T18:29:21.605396+00:00,kube-system,svclb-traefik-052e4095-db77m,0.0,0
2026-09-16T18:29:21.605396+00:00,kube-system,traefik-9bcdbbd9-dppcr,1.0,98566144
2026-09-16T18:29:21.605396+00:00,pyroscope,pyroscope-0,5.0,122683392
2026-09-16T18:29:21.605396+00:00,pyroscope,pyroscope-alloy-0,91.0,600834048
2026-09-16T18:29:52.856058+00:00,grove-system,grove-operator-556fb4d74c-pnvq4,37.0,596639744
2026-09-16T18:29:52.856058+00:00,kai-scheduler,admission-86666f457d-7ksq5,1.0,16777216
2026-09-16T18:29:52.856058+00:00,kai-scheduler,kai-operator-69b5d7bcf7-mphwj,2.0,80740352
2026-09-16T18:29:52.856058+00:00,kai-scheduler,kai-scheduler-default-687f79495b-qtvls,71.0,320864256
2026-09-16T18:29:52.856058+00:00,kai-scheduler,pod-grouper-65456f756-x2lsx,1.0,11534336
2026-09-16T18:29:52.856058+00:00,kai-scheduler,podgroup-controller-68f9cc8dbf-hfz5k,1.0,11534336
2026-09-16T18:29:52.856058+00:00,kai-scheduler,queue-controller-f86fcd76c-2cqn6,1.0,13631488
2026-09-16T18:29:52.856058+00:00,kube-system,coredns-8db54c48d-wzn7p,2.0,39845888
2026-09-16T18:29:52.856058+00:00,kube-system,kwok-controller-5cf8c7c44b-jhf8z,148.0,87031808
2026-09-16T18:29:52.856058+00:00,kube-system,local-path-provisioner-5d9d9885bc-rz6gp,1.0,15728640
2026-09-16T18:29:52.856058+00:00,kube-system,metrics-server-75dc6f8d87-6l7pf,51.0,301989888
2026-09-16T18:29:52.856058+00:00,kube-system,svclb-traefik-052e4095-db77m,0.0,0
2026-09-16T18:29:52.856058+00:00,kube-system,traefik-9bcdbbd9-dppcr,3.0,98566144
2026-09-16T18:29:52.856058+00:00,pyroscope,pyroscope-0,5.0,122683392
2026-09-16T18:29:52.856058+00:00,pyroscope,pyroscope-alloy-0,89.0,595591168
2026-09-16T18:30:24.101063+00:00,grove-system,grove-operator-556fb4d74c-pnvq4,34.0,590348288
2026-09-16T18:30:24.101063+00:00,kai-scheduler,admission-86666f457d-7ksq5,1.0,16777216
2026-09-16T18:30:24.101063+00:00,kai-scheduler,kai-operator-69b5d7bcf7-mphwj,1.0,80740352
2026-09-16T18:30:24.101063+00:00,kai-scheduler,kai-scheduler-default-687f79495b-qtvls,65.0,313524224
2026-09-16T18:30:24.101063+00:00,kai-scheduler,pod-grouper-65456f756-x2lsx,1.0,11534336
2026-09-16T18:30:24.101063+00:00,kai-scheduler,podgroup-controller-68f9cc8dbf-hfz5k,1.0,11534336
2026-09-16T18:30:24.101063+00:00,kai-scheduler,queue-controller-f86fcd76c-2cqn6,1.0,13631488
2026-09-16T18:30:24.101063+00:00,kube-system,coredns-8db54c48d-wzn7p,2.0,39845888
2026-09-16T18:30:24.101063+00:00,kube-system,kwok-controller-5cf8c7c44b-jhf8z,144.0,89128960
2026-09-16T18:30:24.101063+00:00,kube-system,local-path-provisioner-5d9d9885bc-rz6gp,1.0,15728640
2026-09-16T18:30:24.101063+00:00,kube-system,metrics-server-75dc6f8d87-6l7pf,57.0,297795584
2026-09-16T18:30:24.101063+00:00,kube-system,svclb-traefik-052e4095-db77m,0.0,0
2026-09-16T18:30:24.101063+00:00,kube-system,traefik-9bcdbbd9-dppcr,1.0,92274688
2026-09-16T18:30:24.101063+00:00,pyroscope,pyroscope-0,6.0,122683392
2026-09-16T18:30:24.101063+00:00,pyroscope,pyroscope-alloy-0,73.0,572522496
2026-09-16T18:30:55.346596+00:00,grove-system,grove-operator-556fb4d74c-pnvq4,28.0,587202560
2026-09-16T18:30:55.346596+00:00,kai-scheduler,admission-86666f457d-7ksq5,1.0,17825792
2026-09-16T18:30:55.346596+00:00,kai-scheduler,binder-869fc94c7-p2mws,59.0,133169152
2026-09-16T18:30:55.346596+00:00,kai-scheduler,kai-operator-69b5d7bcf7-mphwj,1.0,81788928
2026-09-16T18:30:55.346596+00:00,kai-scheduler,kai-scheduler-default-687f79495b-qtvls,62.0,279969792
2026-09-16T18:30:55.346596+00:00,kai-scheduler,pod-grouper-65456f756-x2lsx,1.0,11534336
2026-09-16T18:30:55.346596+00:00,kai-scheduler,podgroup-controller-68f9cc8dbf-hfz5k,1.0,11534336
2026-09-16T18:30:55.346596+00:00,kai-scheduler,queue-controller-f86fcd76c-2cqn6,1.0,13631488
2026-09-16T18:30:55.346596+00:00,kube-system,coredns-8db54c48d-wzn7p,2.0,39845888
2026-09-16T18:30:55.346596+00:00,kube-system,kwok-controller-5cf8c7c44b-jhf8z,135.0,88080384
2026-09-16T18:30:55.346596+00:00,kube-system,local-path-provisioner-5d9d9885bc-rz6gp,1.0,15728640
2026-09-16T18:30:55.346596+00:00,kube-system,metrics-server-75dc6f8d87-6l7pf,49.0,295698432
2026-09-16T18:30:55.346596+00:00,kube-system,svclb-traefik-052e4095-db77m,0.0,0
2026-09-16T18:30:55.346596+00:00,kube-system,traefik-9bcdbbd9-dppcr,1.0,92274688
2026-09-16T18:30:55.346596+00:00,pyroscope,pyroscope-0,7.0,122683392
2026-09-16T18:30:55.346596+00:00,pyroscope,pyroscope-alloy-0,68.0,553648128
2026-09-16T18:31:26.596663+00:00,grove-system,grove-operator-556fb4d74c-pnvq4,34.0,573571072
2026-09-16T18:31:26.596663+00:00,kai-scheduler,admission-86666f457d-7ksq5,1.0,16777216
2026-09-16T18:31:26.596663+00:00,kai-scheduler,binder-869fc94c7-p2mws,31.0,165675008
2026-09-16T18:31:26.596663+00:00,kai-scheduler,kai-operator-69b5d7bcf7-mphwj,1.0,81788928
2026-09-16T18:31:26.596663+00:00,kai-scheduler,kai-scheduler-default-687f79495b-qtvls,57.0,273678336
2026-09-16T18:31:26.596663+00:00,kai-scheduler,pod-grouper-65456f756-x2lsx,1.0,11534336
2026-09-16T18:31:26.596663+00:00,kai-scheduler,podgroup-controller-68f9cc8dbf-hfz5k,1.0,11534336
2026-09-16T18:31:26.596663+00:00,kai-scheduler,queue-controller-f86fcd76c-2cqn6,1.0,13631488
2026-09-16T18:31:26.596663+00:00,kube-system,coredns-8db54c48d-wzn7p,2.0,37748736
2026-09-16T18:31:26.596663+00:00,kube-system,kwok-controller-5cf8c7c44b-jhf8z,171.0,87031808
2026-09-16T18:31:26.596663+00:00,kube-system,local-path-provisioner-5d9d9885bc-rz6gp,1.0,15728640
2026-09-16T18:31:26.596663+00:00,kube-system,metrics-server-75dc6f8d87-6l7pf,48.0,289406976
2026-09-16T18:31:26.596663+00:00,kube-system,svclb-traefik-052e4095-db77m,0.0,0
2026-09-16T18:31:26.596663+00:00,kube-system,traefik-9bcdbbd9-dppcr,1.0,92274688
2026-09-16T18:31:26.596663+00:00,pyroscope,pyroscope-0,5.0,122683392
2026-09-16T18:31:26.596663+00:00,pyroscope,pyroscope-alloy-0,61.0,533725184
2026-09-16T18:31:57.852289+00:00,grove-system,grove-operator-556fb4d74c-pnvq4,35.0,541065216
2026-09-16T18:31:57.852289+00:00,kai-scheduler,admission-86666f457d-7ksq5,1.0,16777216
2026-09-16T18:31:57.852289+00:00,kai-scheduler,binder-869fc94c7-p2mws,33.0,150994944
2026-09-16T18:31:57.852289+00:00,kai-scheduler,kai-operator-69b5d7bcf7-mphwj,1.0,81788928
2026-09-16T18:31:57.852289+00:00,kai-scheduler,kai-scheduler-default-687f79495b-qtvls,50.0,267386880
2026-09-16T18:31:57.852289+00:00,kai-scheduler,pod-grouper-65456f756-x2lsx,1.0,11534336
2026-09-16T18:31:57.852289+00:00,kai-scheduler,podgroup-controller-68f9cc8dbf-hfz5k,1.0,11534336
2026-09-16T18:31:57.852289+00:00,kai-scheduler,queue-controller-f86fcd76c-2cqn6,1.0,13631488
2026-09-16T18:31:57.852289+00:00,kube-system,coredns-8db54c48d-wzn7p,2.0,37748736
2026-09-16T18:31:57.852289+00:00,kube-system,kwok-controller-5cf8c7c44b-jhf8z,125.0,85983232
2026-09-16T18:31:57.852289+00:00,kube-system,local-path-provisioner-5d9d9885bc-rz6gp,1.0,15728640
2026-09-16T18:31:57.852289+00:00,kube-system,metrics-server-75dc6f8d87-6l7pf,53.0,283115520
2026-09-16T18:31:57.852289+00:00,kube-system,svclb-traefik-052e4095-db77m,0.0,0
2026-09-16T18:31:57.852289+00:00,kube-system,traefik-9bcdbbd9-dppcr,3.0,92274688
2026-09-16T18:31:57.852289+00:00,pyroscope,pyroscope-0,5.0,123731968
2026-09-16T18:31:57.852289+00:00,pyroscope,pyroscope-alloy-0,60.0,500170752
2026-09-16T18:32:29.102430+00:00,grove-system,grove-operator-556fb4d74c-pnvq4,28.0,534773760
2026-09-16T18:32:29.102430+00:00,kai-scheduler,admission-86666f457d-7ksq5,1.0,16777216
2026-09-16T18:32:29.102430+00:00,kai-scheduler,binder-869fc94c7-p2mws,33.0,152043520
2026-09-16T18:32:29.102430+00:00,kai-scheduler,kai-operator-69b5d7bcf7-mphwj,1.0,81788928
2026-09-16T18:32:29.102430+00:00,kai-scheduler,kai-scheduler-default-687f79495b-qtvls,46.0,268435456
2026-09-16T18:32:29.102430+00:00,kai-scheduler,pod-grouper-65456f756-x2lsx,1.0,11534336
2026-09-16T18:32:29.102430+00:00,kai-scheduler,podgroup-controller-68f9cc8dbf-hfz5k,1.0,11534336
2026-09-16T18:32:29.102430+00:00,kai-scheduler,queue-controller-f86fcd76c-2cqn6,1.0,13631488
2026-09-16T18:32:29.102430+00:00,kube-system,coredns-8db54c48d-wzn7p,2.0,37748736
2026-09-16T18:32:29.102430+00:00,kube-system,kwok-controller-5cf8c7c44b-jhf8z,137.0,85983232
2026-09-16T18:32:29.102430+00:00,kube-system,local-path-provisioner-5d9d9885bc-rz6gp,1.0,15728640
2026-09-16T18:32:29.102430+00:00,kube-system,metrics-server-75dc6f8d87-6l7pf,60.0,279969792
2026-09-16T18:32:29.102430+00:00,kube-system,svclb-traefik-052e4095-db77m,0.0,0
2026-09-16T18:32:29.102430+00:00,kube-system,traefik-9bcdbbd9-dppcr,1.0,92274688
2026-09-16T18:32:29.102430+00:00,pyroscope,pyroscope-0,5.0,123731968
2026-09-16T18:32:29.102430+00:00,pyroscope,pyroscope-alloy-0,51.0,482344960
2026-09-16T18:33:00.353363+00:00,grove-system,grove-operator-556fb4d74c-pnvq4,33.0,493879296
2026-09-16T18:33:00.353363+00:00,kai-scheduler,admission-86666f457d-7ksq5,1.0,16777216
2026-09-16T18:33:00.353363+00:00,kai-scheduler,binder-869fc94c7-p2mws,33.0,147849216
2026-09-16T18:33:00.353363+00:00,kai-scheduler,kai-operator-69b5d7bcf7-mphwj,1.0,81788928
2026-09-16T18:33:00.353363+00:00,kai-scheduler,kai-scheduler-default-687f79495b-qtvls,41.0,262144000
2026-09-16T18:33:00.353363+00:00,kai-scheduler,pod-grouper-65456f756-x2lsx,1.0,11534336
2026-09-16T18:33:00.353363+00:00,kai-scheduler,podgroup-controller-68f9cc8dbf-hfz5k,1.0,11534336
2026-09-16T18:33:00.353363+00:00,kai-scheduler,queue-controller-f86fcd76c-2cqn6,1.0,13631488
2026-09-16T18:33:00.353363+00:00,kube-system,coredns-8db54c48d-wzn7p,2.0,37748736
2026-09-16T18:33:00.353363+00:00,kube-system,kwok-controller-5cf8c7c44b-jhf8z,135.0,87031808
2026-09-16T18:33:00.353363+00:00,kube-system,local-path-provisioner-5d9d9885bc-rz6gp,1.0,15728640
2026-09-16T18:33:00.353363+00:00,kube-system,metrics-server-75dc6f8d87-6l7pf,49.0,274726912
2026-09-16T18:33:00.353363+00:00,kube-system,svclb-traefik-052e4095-db77m,0.0,0
2026-09-16T18:33:00.353363+00:00,kube-system,traefik-9bcdbbd9-dppcr,1.0,92274688
2026-09-16T18:33:00.353363+00:00,pyroscope,pyroscope-0,6.0,124780544
2026-09-16T18:33:00.353363+00:00,pyroscope,pyroscope-alloy-0,45.0,423624704
2026-09-16T18:33:31.602017+00:00,grove-system,grove-operator-556fb4d74c-pnvq4,24.0,447741952
2026-09-16T18:33:31.602017+00:00,kai-scheduler,admission-86666f457d-7ksq5,1.0,16777216
2026-09-16T18:33:31.602017+00:00,kai-scheduler,binder-869fc94c7-p2mws,33.0,144703488
2026-09-16T18:33:31.602017+00:00,kai-scheduler,kai-operator-69b5d7bcf7-mphwj,3.0,84934656
2026-09-16T18:33:31.602017+00:00,kai-scheduler,kai-scheduler-default-687f79495b-qtvls,31.0,252706816
2026-09-16T18:33:31.602017+00:00,kai-scheduler,pod-grouper-65456f756-x2lsx,1.0,11534336
2026-09-16T18:33:31.602017+00:00,kai-scheduler,podgroup-controller-68f9cc8dbf-hfz5k,1.0,11534336
2026-09-16T18:33:31.602017+00:00,kai-scheduler,queue-controller-f86fcd76c-2cqn6,1.0,13631488
2026-09-16T18:33:31.602017+00:00,kube-system,coredns-8db54c48d-wzn7p,2.0,38797312
2026-09-16T18:33:31.602017+00:00,kube-system,kwok-controller-5cf8c7c44b-jhf8z,96.0,85983232
2026-09-16T18:33:31.602017+00:00,kube-system,local-path-provisioner-5d9d9885bc-rz6gp,1.0,15728640
2026-09-16T18:33:31.602017+00:00,kube-system,metrics-server-75dc6f8d87-6l7pf,48.0,269484032
2026-09-16T18:33:31.602017+00:00,kube-system,svclb-traefik-052e4095-db77m,0.0,0
2026-09-16T18:33:31.602017+00:00,kube-system,traefik-9bcdbbd9-dppcr,1.0,92274688
2026-09-16T18:33:31.602017+00:00,pyroscope,pyroscope-0,7.0,132120576
2026-09-16T18:33:31.602017+00:00,pyroscope,pyroscope-alloy-0,31.0,383778816
2026-09-16T18:34:02.847650+00:00,grove-system,grove-operator-556fb4d74c-pnvq4,5.0,451936256
2026-09-16T18:34:02.847650+00:00,kai-scheduler,admission-86666f457d-7ksq5,1.0,16777216
2026-09-16T18:34:02.847650+00:00,kai-scheduler,binder-869fc94c7-p2mws,34.0,152043520
2026-09-16T18:34:02.847650+00:00,kai-scheduler,kai-operator-69b5d7bcf7-mphwj,36.0,102760448
2026-09-16T18:34:02.847650+00:00,kai-scheduler,kai-scheduler-default-687f79495b-qtvls,38.0,248512512
2026-09-16T18:34:02.847650+00:00,kai-scheduler,pod-grouper-65456f756-x2lsx,1.0,11534336
2026-09-16T18:34:02.847650+00:00,kai-scheduler,podgroup-controller-68f9cc8dbf-hfz5k,1.0,11534336
2026-09-16T18:34:02.847650+00:00,kai-scheduler,queue-controller-f86fcd76c-2cqn6,1.0,13631488
2026-09-16T18:34:02.847650+00:00,kube-system,coredns-8db54c48d-wzn7p,2.0,37748736
2026-09-16T18:34:02.847650+00:00,kube-system,kwok-controller-5cf8c7c44b-jhf8z,111.0,83886080
2026-09-16T18:34:02.847650+00:00,kube-system,local-path-provisioner-5d9d9885bc-rz6gp,1.0,15728640
2026-09-16T18:34:02.847650+00:00,kube-system,metrics-server-75dc6f8d87-6l7pf,55.0,263192576
2026-09-16T18:34:02.847650+00:00,kube-system,svclb-traefik-052e4095-db77m,0.0,0
2026-09-16T18:34:02.847650+00:00,kube-system,traefik-9bcdbbd9-dppcr,50.0,110100480
2026-09-16T18:34:02.847650+00:00,pyroscope,pyroscope-0,5.0,123731968
2026-09-16T18:34:02.847650+00:00,pyroscope,pyroscope-alloy-0,9.0,387973120
2026-09-16T18:34:34.098593+00:00,grove-system,grove-operator-556fb4d74c-pnvq4,61.0,440401920
2026-09-16T18:34:34.098593+00:00,kai-scheduler,admission-86666f457d-7ksq5,1.0,16777216
2026-09-16T18:34:34.098593+00:00,kai-scheduler,binder-869fc94c7-p2mws,33.0,152043520
2026-09-16T18:34:34.098593+00:00,kai-scheduler,kai-operator-69b5d7bcf7-mphwj,37.0,103809024
2026-09-16T18:34:34.098593+00:00,kai-scheduler,kai-scheduler-default-687f79495b-qtvls,42.0,249561088
2026-09-16T18:34:34.098593+00:00,kai-scheduler,pod-grouper-65456f756-x2lsx,1.0,11534336
2026-09-16T18:34:34.098593+00:00,kai-scheduler,podgroup-controller-68f9cc8dbf-hfz5k,1.0,11534336
2026-09-16T18:34:34.098593+00:00,kai-scheduler,queue-controller-f86fcd76c-2cqn6,1.0,13631488
2026-09-16T18:34:34.098593+00:00,kube-system,coredns-8db54c48d-wzn7p,4.0,39845888
2026-09-16T18:34:34.098593+00:00,kube-system,kwok-controller-5cf8c7c44b-jhf8z,119.0,85983232
2026-09-16T18:34:34.098593+00:00,kube-system,local-path-provisioner-5d9d9885bc-rz6gp,1.0,15728640
2026-09-16T18:34:34.098593+00:00,kube-system,metrics-server-75dc6f8d87-6l7pf,45.0,263192576
2026-09-16T18:34:34.098593+00:00,kube-system,svclb-traefik-052e4095-db77m,0.0,0
2026-09-16T18:34:34.098593+00:00,kube-system,traefik-9bcdbbd9-dppcr,49.0,110100480
2026-09-16T18:34:34.098593+00:00,pyroscope,pyroscope-0,6.0,121634816
2026-09-16T18:34:34.098593+00:00,pyroscope,pyroscope-alloy-0,6.0,393216000
2026-09-16T18:35:05.364180+00:00,grove-system,grove-operator-556fb4d74c-pnvq4,695.0,519045120
2026-09-16T18:35:05.364180+00:00,kai-scheduler,admission-86666f457d-7ksq5,1.0,17825792
2026-09-16T18:35:05.364180+00:00,kai-scheduler,binder-869fc94c7-p2mws,80.0,120586240
2026-09-16T18:35:05.364180+00:00,kai-scheduler,kai-operator-69b5d7bcf7-mphwj,13.0,101711872
2026-09-16T18:35:05.364180+00:00,kai-scheduler,kai-scheduler-default-687f79495b-qtvls,83.0,294649856
2026-09-16T18:35:05.364180+00:00,kai-scheduler,pod-grouper-65456f756-x2lsx,1.0,11534336
2026-09-16T18:35:05.364180+00:00,kai-scheduler,podgroup-controller-68f9cc8dbf-hfz5k,1.0,11534336
2026-09-16T18:35:05.364180+00:00,kai-scheduler,queue-controller-f86fcd76c-2cqn6,1.0,13631488
2026-09-16T18:35:05.364180+00:00,kube-system,coredns-8db54c48d-wzn7p,3.0,37748736
2026-09-16T18:35:05.364180+00:00,kube-system,kwok-controller-5cf8c7c44b-jhf8z,96.0,85983232
2026-09-16T18:35:05.364180+00:00,kube-system,local-path-provisioner-5d9d9885bc-rz6gp,1.0,15728640
2026-09-16T18:35:05.364180+00:00,kube-system,metrics-server-75dc6f8d87-6l7pf,52.0,266338304
2026-09-16T18:35:05.364180+00:00,kube-system,svclb-traefik-052e4095-db77m,0.0,0
2026-09-16T18:35:05.364180+00:00,kube-system,traefik-9bcdbbd9-dppcr,16.0,111149056
2026-09-16T18:35:05.364180+00:00,pyroscope,pyroscope-0,7.0,121634816
2026-09-16T18:35:05.364180+00:00,pyroscope,pyroscope-alloy-0,59.0,387973120
2026-09-16T18:35:36.624402+00:00,grove-system,grove-operator-556fb4d74c-pnvq4,1201.0,606076928
2026-09-16T18:35:36.624402+00:00,kai-scheduler,admission-86666f457d-7ksq5,1.0,16777216
2026-09-16T18:35:36.624402+00:00,kai-scheduler,kai-operator-69b5d7bcf7-mphwj,10.0,98566144
2026-09-16T18:35:36.624402+00:00,kai-scheduler,kai-scheduler-default-687f79495b-qtvls,99.0,433061888
2026-09-16T18:35:36.624402+00:00,kai-scheduler,pod-grouper-65456f756-x2lsx,1.0,11534336
2026-09-16T18:35:36.624402+00:00,kai-scheduler,podgroup-controller-68f9cc8dbf-hfz5k,1.0,11534336
2026-09-16T18:35:36.624402+00:00,kai-scheduler,queue-controller-f86fcd76c-2cqn6,1.0,13631488
2026-09-16T18:35:36.624402+00:00,kube-system,coredns-8db54c48d-wzn7p,2.0,39845888
2026-09-16T18:35:36.624402+00:00,kube-system,kwok-controller-5cf8c7c44b-jhf8z,118.0,88080384
2026-09-16T18:35:36.624402+00:00,kube-system,local-path-provisioner-5d9d9885bc-rz6gp,1.0,15728640
2026-09-16T18:35:36.624402+00:00,kube-system,metrics-server-75dc6f8d87-6l7pf,47.0,265289728
2026-09-16T18:35:36.624402+00:00,kube-system,svclb-traefik-052e4095-db77m,0.0,0
2026-09-16T18:35:36.624402+00:00,kube-system,traefik-9bcdbbd9-dppcr,17.0,111149056
2026-09-16T18:35:36.624402+00:00,pyroscope,pyroscope-0,9.0,121634816
2026-09-16T18:35:36.624402+00:00,pyroscope,pyroscope-alloy-0,74.0,428867584
2026-09-16T18:36:07.901697+00:00,grove-system,grove-operator-556fb4d74c-pnvq4,1698.0,654311424
2026-09-16T18:36:07.901697+00:00,kai-scheduler,admission-86666f457d-7ksq5,1.0,16777216
2026-09-16T18:36:07.901697+00:00,kai-scheduler,kai-operator-69b5d7bcf7-mphwj,1.0,98566144
2026-09-16T18:36:07.901697+00:00,kai-scheduler,kai-scheduler-default-687f79495b-qtvls,115.0,434110464
2026-09-16T18:36:07.901697+00:00,kai-scheduler,pod-grouper-65456f756-x2lsx,1.0,11534336
2026-09-16T18:36:07.901697+00:00,kai-scheduler,podgroup-controller-68f9cc8dbf-hfz5k,1.0,11534336
2026-09-16T18:36:07.901697+00:00,kai-scheduler,queue-controller-f86fcd76c-2cqn6,1.0,13631488
2026-09-16T18:36:07.901697+00:00,kube-system,coredns-8db54c48d-wzn7p,8.0,38797312
2026-09-16T18:36:07.901697+00:00,kube-system,kwok-controller-5cf8c7c44b-jhf8z,97.0,85983232
2026-09-16T18:36:07.901697+00:00,kube-system,local-path-provisioner-5d9d9885bc-rz6gp,1.0,15728640
2026-09-16T18:36:07.901697+00:00,kube-system,metrics-server-75dc6f8d87-6l7pf,39.0,265289728
2026-09-16T18:36:07.901697+00:00,kube-system,svclb-traefik-052e4095-db77m,0.0,0
2026-09-16T18:36:07.901697+00:00,kube-system,traefik-9bcdbbd9-dppcr,11.0,114294784
2026-09-16T18:36:07.901697+00:00,pyroscope,pyroscope-0,8.0,124780544
2026-09-16T18:36:07.901697+00:00,pyroscope,pyroscope-alloy-0,79.0,509607936
2026-09-16T18:36:39.201505+00:00,grove-system,grove-operator-556fb4d74c-pnvq4,2427.0,677380096
2026-09-16T18:36:39.201505+00:00,kai-scheduler,admission-86666f457d-7ksq5,1.0,16777216
2026-09-16T18:36:39.201505+00:00,kai-scheduler,kai-operator-69b5d7bcf7-mphwj,1.0,98566144
2026-09-16T18:36:39.201505+00:00,kai-scheduler,kai-scheduler-default-687f79495b-qtvls,164.0,499122176
2026-09-16T18:36:39.201505+00:00,kai-scheduler,pod-grouper-65456f756-x2lsx,1.0,11534336
2026-09-16T18:36:39.201505+00:00,kai-scheduler,podgroup-controller-68f9cc8dbf-hfz5k,1.0,11534336
2026-09-16T18:36:39.201505+00:00,kai-scheduler,queue-controller-f86fcd76c-2cqn6,1.0,13631488
2026-09-16T18:36:39.201505+00:00,kube-system,coredns-8db54c48d-wzn7p,14.0,41943040
2026-09-16T18:36:39.201505+00:00,kube-system,kwok-controller-5cf8c7c44b-jhf8z,303.0,84934656
2026-09-16T18:36:39.201505+00:00,kube-system,local-path-provisioner-5d9d9885bc-rz6gp,1.0,15728640
2026-09-16T18:36:39.201505+00:00,kube-system,metrics-server-75dc6f8d87-6l7pf,72.0,267386880
2026-09-16T18:36:39.201505+00:00,kube-system,svclb-traefik-052e4095-db77m,0.0,0
2026-09-16T18:36:39.201505+00:00,kube-system,traefik-9bcdbbd9-dppcr,19.0,115343360
2026-09-16T18:36:39.201505+00:00,pyroscope,pyroscope-0,7.0,124780544
2026-09-16T18:36:39.201505+00:00,pyroscope,pyroscope-alloy-0,140.0,583008256
2026-09-16T18:37:10.561187+00:00,grove-system,grove-operator-556fb4d74c-pnvq4,1420.0,685768704
2026-09-16T18:37:10.561187+00:00,kai-scheduler,admission-86666f457d-7ksq5,1.0,16777216
2026-09-16T18:37:10.561187+00:00,kai-scheduler,kai-operator-69b5d7bcf7-mphwj,5.0,99614720
2026-09-16T18:37:10.561187+00:00,kai-scheduler,kai-scheduler-default-687f79495b-qtvls,420.0,436207616
2026-09-16T18:37:10.561187+00:00,kai-scheduler,pod-grouper-65456f756-x2lsx,1.0,11534336
2026-09-16T18:37:10.561187+00:00,kai-scheduler,podgroup-controller-68f9cc8dbf-hfz5k,1.0,11534336
2026-09-16T18:37:10.561187+00:00,kai-scheduler,queue-controller-f86fcd76c-2cqn6,1.0,13631488
2026-09-16T18:37:10.561187+00:00,kube-system,coredns-8db54c48d-wzn7p,14.0,44040192
2026-09-16T18:37:10.561187+00:00,kube-system,kwok-controller-5cf8c7c44b-jhf8z,310.0,87031808
2026-09-16T18:37:10.561187+00:00,kube-system,local-path-provisioner-5d9d9885bc-rz6gp,1.0,15728640
2026-09-16T18:37:10.561187+00:00,kube-system,metrics-server-75dc6f8d87-6l7pf,63.0,274726912
2026-09-16T18:37:10.561187+00:00,kube-system,svclb-traefik-052e4095-db77m,0.0,0
2026-09-16T18:37:10.561187+00:00,kube-system,traefik-9bcdbbd9-dppcr,22.0,117440512
2026-09-16T18:37:10.561187+00:00,pyroscope,pyroscope-0,9.0,126877696
2026-09-16T18:37:10.561187+00:00,pyroscope,pyroscope-alloy-0,158.0,616562688
2026-09-16T18:37:41.891401+00:00,grove-system,grove-operator-556fb4d74c-pnvq4,1173.0,694157312
2026-09-16T18:37:41.891401+00:00,kai-scheduler,admission-86666f457d-7ksq5,1.0,16777216
2026-09-16T18:37:41.891401+00:00,kai-scheduler,kai-operator-69b5d7bcf7-mphwj,5.0,90177536
2026-09-16T18:37:41.891401+00:00,kai-scheduler,pod-grouper-65456f756-x2lsx,1.0,11534336
2026-09-16T18:37:41.891401+00:00,kai-scheduler,podgroup-controller-68f9cc8dbf-hfz5k,1.0,11534336
2026-09-16T18:37:41.891401+00:00,kai-scheduler,queue-controller-f86fcd76c-2cqn6,1.0,13631488
2026-09-16T18:37:41.891401+00:00,kube-system,coredns-8db54c48d-wzn7p,15.0,45088768
2026-09-16T18:37:41.891401+00:00,kube-system,kwok-controller-5cf8c7c44b-jhf8z,322.0,87031808
2026-09-16T18:37:41.891401+00:00,kube-system,local-path-provisioner-5d9d9885bc-rz6gp,1.0,15728640
2026-09-16T18:37:41.891401+00:00,kube-system,metrics-server-75dc6f8d87-6l7pf,65.0,281018368
2026-09-16T18:37:41.891401+00:00,kube-system,svclb-traefik-052e4095-db77m,0.0,0
2026-09-16T18:37:41.891401+00:00,kube-system,traefik-9bcdbbd9-dppcr,19.0,119537664
2026-09-16T18:37:41.891401+00:00,pyroscope,pyroscope-0,8.0,128974848
2026-09-16T18:37:41.891401+00:00,pyroscope,pyroscope-alloy-0,188.0,619708416
2026-09-16T18:38:13.162817+00:00,grove-system,grove-operator-556fb4d74c-pnvq4,1796.0,698351616
2026-09-16T18:38:13.162817+00:00,kai-scheduler,admission-86666f457d-7ksq5,1.0,16777216
2026-09-16T18:38:13.162817+00:00,kai-scheduler,kai-operator-69b5d7bcf7-mphwj,4.0,91226112
2026-09-16T18:38:13.162817+00:00,kai-scheduler,pod-grouper-65456f756-x2lsx,1.0,11534336
2026-09-16T18:38:13.162817+00:00,kai-scheduler,podgroup-controller-68f9cc8dbf-hfz5k,1.0,11534336
2026-09-16T18:38:13.162817+00:00,kai-scheduler,queue-controller-f86fcd76c-2cqn6,1.0,13631488
2026-09-16T18:38:13.162817+00:00,kube-system,coredns-8db54c48d-wzn7p,15.0,46137344
2026-09-16T18:38:13.162817+00:00,kube-system,kwok-controller-5cf8c7c44b-jhf8z,370.0,88080384
2026-09-16T18:38:13.162817+00:00,kube-system,local-path-provisioner-5d9d9885bc-rz6gp,1.0,15728640
2026-09-16T18:38:13.162817+00:00,kube-system,metrics-server-75dc6f8d87-6l7pf,63.0,292552704
2026-09-16T18:38:13.162817+00:00,kube-system,svclb-traefik-052e4095-db77m,0.0,0
2026-09-16T18:38:13.162817+00:00,kube-system,traefik-9bcdbbd9-dppcr,22.0,123731968
2026-09-16T18:38:13.162817+00:00,pyroscope,pyroscope-0,9.0,121634816
2026-09-16T18:38:13.162817+00:00,pyroscope,pyroscope-alloy-0,194.0,667942912
2026-09-16T18:38:44.435801+00:00,grove-system,grove-operator-556fb4d74c-pnvq4,3567.0,705691648
2026-09-16T18:38:44.435801+00:00,kai-scheduler,admission-86666f457d-7ksq5,1.0,16777216
2026-09-16T18:38:44.435801+00:00,kai-scheduler,kai-operator-69b5d7bcf7-mphwj,5.0,94371840
2026-09-16T18:38:44.435801+00:00,kai-scheduler,pod-grouper-65456f756-x2lsx,1.0,11534336
2026-09-16T18:38:44.435801+00:00,kai-scheduler,podgroup-controller-68f9cc8dbf-hfz5k,1.0,11534336
2026-09-16T18:38:44.435801+00:00,kai-scheduler,queue-controller-f86fcd76c-2cqn6,1.0,13631488
2026-09-16T18:38:44.435801+00:00,kube-system,coredns-8db54c48d-wzn7p,16.0,48234496
2026-09-16T18:38:44.435801+00:00,kube-system,kwok-controller-5cf8c7c44b-jhf8z,329.0,88080384
2026-09-16T18:38:44.435801+00:00,kube-system,local-path-provisioner-5d9d9885bc-rz6gp,1.0,15728640
2026-09-16T18:38:44.435801+00:00,kube-system,metrics-server-75dc6f8d87-6l7pf,73.0,312475648
2026-09-16T18:38:44.435801+00:00,kube-system,svclb-traefik-052e4095-db77m,0.0,0
2026-09-16T18:38:44.435801+00:00,kube-system,traefik-9bcdbbd9-dppcr,24.0,126877696
2026-09-16T18:38:44.435801+00:00,pyroscope,pyroscope-0,8.0,124780544
2026-09-16T18:38:44.435801+00:00,pyroscope,pyroscope-alloy-0,176.0,670040064
2026-09-16T18:39:15.715518+00:00,grove-system,grove-operator-556fb4d74c-pnvq4,3140.0,711983104
2026-09-16T18:39:15.715518+00:00,kai-scheduler,admission-86666f457d-7ksq5,1.0,16777216
2026-09-16T18:39:15.715518+00:00,kai-scheduler,kai-operator-69b5d7bcf7-mphwj,1.0,95420416
2026-09-16T18:39:15.715518+00:00,kai-scheduler,pod-grouper-65456f756-x2lsx,1.0,11534336
2026-09-16T18:39:15.715518+00:00,kai-scheduler,podgroup-controller-68f9cc8dbf-hfz5k,1.0,11534336
2026-09-16T18:39:15.715518+00:00,kai-scheduler,queue-controller-f86fcd76c-2cqn6,1.0,13631488
2026-09-16T18:39:15.715518+00:00,kube-system,coredns-8db54c48d-wzn7p,14.0,49283072
2026-09-16T18:39:15.715518+00:00,kube-system,kwok-controller-5cf8c7c44b-jhf8z,331.0,88080384
2026-09-16T18:39:15.715518+00:00,kube-system,local-path-provisioner-5d9d9885bc-rz6gp,1.0,15728640
2026-09-16T18:39:15.715518+00:00,kube-system,metrics-server-75dc6f8d87-6l7pf,63.0,312475648
2026-09-16T18:39:15.715518+00:00,kube-system,svclb-traefik-052e4095-db77m,0.0,0
2026-09-16T18:39:15.715518+00:00,kube-system,traefik-9bcdbbd9-dppcr,23.0,128974848
2026-09-16T18:39:15.715518+00:00,pyroscope,pyroscope-0,8.0,127926272
2026-09-16T18:39:15.715518+00:00,pyroscope,pyroscope-alloy-0,198.0,711983104
2026-09-16T18:39:46.958597+00:00,grove-system,grove-operator-556fb4d74c-pnvq4,580.0,710934528
2026-09-16T18:39:46.958597+00:00,kai-scheduler,admission-86666f457d-7ksq5,1.0,16777216
2026-09-16T18:39:46.958597+00:00,kai-scheduler,kai-operator-69b5d7bcf7-mphwj,6.0,96468992
2026-09-16T18:39:46.958597+00:00,kai-scheduler,pod-grouper-65456f756-x2lsx,1.0,11534336
2026-09-16T18:39:46.958597+00:00,kai-scheduler,podgroup-controller-68f9cc8dbf-hfz5k,1.0,11534336
2026-09-16T18:39:46.958597+00:00,kai-scheduler,queue-controller-f86fcd76c-2cqn6,1.0,13631488
2026-09-16T18:39:46.958597+00:00,kube-system,coredns-8db54c48d-wzn7p,6.0,51380224
2026-09-16T18:39:46.958597+00:00,kube-system,kwok-controller-5cf8c7c44b-jhf8z,245.0,89128960
2026-09-16T18:39:46.958597+00:00,kube-system,local-path-provisioner-5d9d9885bc-rz6gp,1.0,15728640
2026-09-16T18:39:46.958597+00:00,kube-system,metrics-server-75dc6f8d87-6l7pf,18.0,335544320
2026-09-16T18:39:46.958597+00:00,kube-system,svclb-traefik-052e4095-db77m,0.0,0
2026-09-16T18:39:46.958597+00:00,kube-system,traefik-9bcdbbd9-dppcr,5.0,130023424
2026-09-16T18:39:46.958597+00:00,pyroscope,pyroscope-0,14.0,152043520
2026-09-16T18:39:46.958597+00:00,pyroscope,pyroscope-alloy-0,121.0,726663168
2026-09-16T18:40:18.201602+00:00,grove-system,grove-operator-556fb4d74c-pnvq4,73.0,711983104
2026-09-16T18:40:18.201602+00:00,kai-scheduler,admission-86666f457d-7ksq5,1.0,16777216
2026-09-16T18:40:18.201602+00:00,kai-scheduler,kai-operator-69b5d7bcf7-mphwj,1.0,96468992
2026-09-16T18:40:18.201602+00:00,kai-scheduler,pod-grouper-65456f756-x2lsx,1.0,11534336
2026-09-16T18:40:18.201602+00:00,kai-scheduler,podgroup-controller-68f9cc8dbf-hfz5k,1.0,11534336
2026-09-16T18:40:18.201602+00:00,kai-scheduler,queue-controller-f86fcd76c-2cqn6,1.0,13631488
2026-09-16T18:40:18.201602+00:00,kube-system,coredns-8db54c48d-wzn7p,2.0,50331648
2026-09-16T18:40:18.201602+00:00,kube-system,kwok-controller-5cf8c7c44b-jhf8z,67.0,90177536
2026-09-16T18:40:18.201602+00:00,kube-system,local-path-provisioner-5d9d9885bc-rz6gp,1.0,15728640
2026-09-16T18:40:18.201602+00:00,kube-system,metrics-server-75dc6f8d87-6l7pf,28.0,335544320
2026-09-16T18:40:18.201602+00:00,kube-system,svclb-traefik-052e4095-db77m,0.0,0
2026-09-16T18:40:18.201602+00:00,kube-system,traefik-9bcdbbd9-dppcr,1.0,130023424
2026-09-16T18:40:18.201602+00:00,pyroscope,pyroscope-0,6.0,155189248
2026-09-16T18:40:18.201602+00:00,pyroscope,pyroscope-alloy-0,6.0,729808896
2026-09-16T18:40:49.452965+00:00,grove-system,grove-operator-556fb4d74c-pnvq4,73.0,723517440
2026-09-16T18:40:49.452965+00:00,kai-scheduler,admission-86666f457d-7ksq5,1.0,16777216
2026-09-16T18:40:49.452965+00:00,kai-scheduler,kai-operator-69b5d7bcf7-mphwj,2.0,97517568
2026-09-16T18:40:49.452965+00:00,kai-scheduler,pod-grouper-65456f756-x2lsx,1.0,11534336
2026-09-16T18:40:49.452965+00:00,kai-scheduler,podgroup-controller-68f9cc8dbf-hfz5k,1.0,11534336
2026-09-16T18:40:49.452965+00:00,kai-scheduler,queue-controller-f86fcd76c-2cqn6,1.0,13631488
2026-09-16T18:40:49.452965+00:00,kube-system,coredns-8db54c48d-wzn7p,2.0,51380224
2026-09-16T18:40:49.452965+00:00,kube-system,kwok-controller-5cf8c7c44b-jhf8z,77.0,91226112
2026-09-16T18:40:49.452965+00:00,kube-system,local-path-provisioner-5d9d9885bc-rz6gp,1.0,15728640
2026-09-16T18:40:49.452965+00:00,kube-system,metrics-server-75dc6f8d87-6l7pf,29.0,335544320
2026-09-16T18:40:49.452965+00:00,kube-system,svclb-traefik-052e4095-db77m,0.0,0
2026-09-16T18:40:49.452965+00:00,kube-system,traefik-9bcdbbd9-dppcr,2.0,130023424
2026-09-16T18:40:49.452965+00:00,pyroscope,pyroscope-0,6.0,142606336
2026-09-16T18:40:49.452965+00:00,pyroscope,pyroscope-alloy-0,6.0,742391808
2026-09-16T18:41:20.705162+00:00,grove-system,grove-operator-556fb4d74c-pnvq4,59.0,727711744
2026-09-16T18:41:20.705162+00:00,kai-scheduler,admission-86666f457d-7ksq5,1.0,16777216
2026-09-16T18:41:20.705162+00:00,kai-scheduler,kai-operator-69b5d7bcf7-mphwj,4.0,97517568
2026-09-16T18:41:20.705162+00:00,kai-scheduler,pod-grouper-65456f756-x2lsx,1.0,11534336
2026-09-16T18:41:20.705162+00:00,kai-scheduler,podgroup-controller-68f9cc8dbf-hfz5k,1.0,11534336
2026-09-16T18:41:20.705162+00:00,kai-scheduler,queue-controller-f86fcd76c-2cqn6,1.0,13631488
2026-09-16T18:41:20.705162+00:00,kube-system,coredns-8db54c48d-wzn7p,3.0,50331648
2026-09-16T18:41:20.705162+00:00,kube-system,kwok-controller-5cf8c7c44b-jhf8z,75.0,91226112
2026-09-16T18:41:20.705162+00:00,kube-system,local-path-provisioner-5d9d9885bc-rz6gp,1.0,15728640
2026-09-16T18:41:20.705162+00:00,kube-system,metrics-server-75dc6f8d87-6l7pf,31.0,356515840
2026-09-16T18:41:20.705162+00:00,kube-system,svclb-traefik-052e4095-db77m,0.0,0
2026-09-16T18:41:20.705162+00:00,kube-system,traefik-9bcdbbd9-dppcr,2.0,130023424
2026-09-16T18:41:20.705162+00:00,pyroscope,pyroscope-0,6.0,134217728
2026-09-16T18:41:20.705162+00:00,pyroscope,pyroscope-alloy-0,66.0,779091968
2026-09-16T18:41:51.951947+00:00,grove-system,grove-operator-556fb4d74c-pnvq4,86.0,730857472
2026-09-16T18:41:51.951947+00:00,kai-scheduler,admission-86666f457d-7ksq5,1.0,16777216
2026-09-16T18:41:51.951947+00:00,kai-scheduler,kai-operator-69b5d7bcf7-mphwj,1.0,97517568
2026-09-16T18:41:51.951947+00:00,kai-scheduler,pod-grouper-65456f756-x2lsx,1.0,11534336
2026-09-16T18:41:51.951947+00:00,kai-scheduler,podgroup-controller-68f9cc8dbf-hfz5k,1.0,11534336
2026-09-16T18:41:51.951947+00:00,kai-scheduler,queue-controller-f86fcd76c-2cqn6,1.0,13631488
2026-09-16T18:41:51.951947+00:00,kube-system,coredns-8db54c48d-wzn7p,2.0,51380224
2026-09-16T18:41:51.951947+00:00,kube-system,kwok-controller-5cf8c7c44b-jhf8z,111.0,92274688
2026-09-16T18:41:51.951947+00:00,kube-system,local-path-provisioner-5d9d9885bc-rz6gp,1.0,15728640
2026-09-16T18:41:51.951947+00:00,kube-system,metrics-server-75dc6f8d87-6l7pf,39.0,358612992
2026-09-16T18:41:51.951947+00:00,kube-system,svclb-traefik-052e4095-db77m,0.0,0
2026-09-16T18:41:51.951947+00:00,kube-system,traefik-9bcdbbd9-dppcr,2.0,118489088
2026-09-16T18:41:51.951947+00:00,pyroscope,pyroscope-0,6.0,136314880
2026-09-16T18:41:51.951947+00:00,pyroscope,pyroscope-alloy-0,157.0,781189120
2026-09-16T18:42:23.204884+00:00,grove-system,grove-operator-556fb4d74c-pnvq4,81.0,728760320
2026-09-16T18:42:23.204884+00:00,kai-scheduler,admission-86666f457d-7ksq5,1.0,16777216
2026-09-16T18:42:23.204884+00:00,kai-scheduler,kai-operator-69b5d7bcf7-mphwj,1.0,97517568
2026-09-16T18:42:23.204884+00:00,kai-scheduler,pod-grouper-65456f756-x2lsx,1.0,11534336
2026-09-16T18:42:23.204884+00:00,kai-scheduler,podgroup-controller-68f9cc8dbf-hfz5k,1.0,11534336
2026-09-16T18:42:23.204884+00:00,kai-scheduler,queue-controller-f86fcd76c-2cqn6,1.0,13631488
2026-09-16T18:42:23.204884+00:00,kube-system,coredns-8db54c48d-wzn7p,2.0,50331648
2026-09-16T18:42:23.204884+00:00,kube-system,kwok-controller-5cf8c7c44b-jhf8z,89.0,90177536
2026-09-16T18:42:23.204884+00:00,kube-system,local-path-provisioner-5d9d9885bc-rz6gp,1.0,15728640
2026-09-16T18:42:23.204884+00:00,kube-system,metrics-server-75dc6f8d87-6l7pf,29.0,358612992
2026-09-16T18:42:23.204884+00:00,kube-system,svclb-traefik-052e4095-db77m,0.0,0
2026-09-16T18:42:23.204884+00:00,kube-system,traefik-9bcdbbd9-dppcr,2.0,118489088
2026-09-16T18:42:23.204884+00:00,pyroscope,pyroscope-0,6.0,136314880
2026-09-16T18:42:23.204884+00:00,pyroscope,pyroscope-alloy-0,179.0,780140544
2026-09-16T18:42:54.446880+00:00,grove-system,grove-operator-556fb4d74c-pnvq4,63.0,727711744
2026-09-16T18:42:54.446880+00:00,kai-scheduler,admission-86666f457d-7ksq5,1.0,16777216
2026-09-16T18:42:54.446880+00:00,kai-scheduler,kai-operator-69b5d7bcf7-mphwj,1.0,98566144
2026-09-16T18:42:54.446880+00:00,kai-scheduler,pod-grouper-65456f756-x2lsx,1.0,11534336
2026-09-16T18:42:54.446880+00:00,kai-scheduler,podgroup-controller-68f9cc8dbf-hfz5k,1.0,11534336
2026-09-16T18:42:54.446880+00:00,kai-scheduler,queue-controller-f86fcd76c-2cqn6,1.0,13631488
2026-09-16T18:42:54.446880+00:00,kube-system,coredns-8db54c48d-wzn7p,3.0,52428800
2026-09-16T18:42:54.446880+00:00,kube-system,kwok-controller-5cf8c7c44b-jhf8z,89.0,91226112
2026-09-16T18:42:54.446880+00:00,kube-system,local-path-provisioner-5d9d9885bc-rz6gp,1.0,15728640
2026-09-16T18:42:54.446880+00:00,kube-system,metrics-server-75dc6f8d87-6l7pf,30.0,358612992
2026-09-16T18:42:54.446880+00:00,kube-system,svclb-traefik-052e4095-db77m,0.0,0
2026-09-16T18:42:54.446880+00:00,kube-system,traefik-9bcdbbd9-dppcr,2.0,118489088
2026-09-16T18:42:54.446880+00:00,pyroscope,pyroscope-0,6.0,136314880
2026-09-16T18:42:54.446880+00:00,pyroscope,pyroscope-alloy-0,6.0,779091968
2026-09-16T18:43:25.689649+00:00,grove-system,grove-operator-556fb4d74c-pnvq4,70.0,723517440
2026-09-16T18:43:25.689649+00:00,kai-scheduler,admission-86666f457d-7ksq5,1.0,16777216
2026-09-16T18:43:25.689649+00:00,kai-scheduler,kai-operator-69b5d7bcf7-mphwj,1.0,96468992
2026-09-16T18:43:25.689649+00:00,kai-scheduler,pod-grouper-65456f756-x2lsx,1.0,11534336
2026-09-16T18:43:25.689649+00:00,kai-scheduler,podgroup-controller-68f9cc8dbf-hfz5k,1.0,11534336
2026-09-16T18:43:25.689649+00:00,kai-scheduler,queue-controller-f86fcd76c-2cqn6,1.0,13631488
2026-09-16T18:43:25.689649+00:00,kube-system,coredns-8db54c48d-wzn7p,2.0,51380224
2026-09-16T18:43:25.689649+00:00,kube-system,kwok-controller-5cf8c7c44b-jhf8z,71.0,91226112
2026-09-16T18:43:25.689649+00:00,kube-system,local-path-provisioner-5d9d9885bc-rz6gp,1.0,15728640
2026-09-16T18:43:25.689649+00:00,kube-system,metrics-server-75dc6f8d87-6l7pf,31.0,359661568
2026-09-16T18:43:25.689649+00:00,kube-system,svclb-traefik-052e4095-db77m,0.0,0
2026-09-16T18:43:25.689649+00:00,kube-system,traefik-9bcdbbd9-dppcr,2.0,118489088
2026-09-16T18:43:25.689649+00:00,pyroscope,pyroscope-0,5.0,138412032
2026-09-16T18:43:25.689649+00:00,pyroscope,pyroscope-alloy-0,5.0,794820608
2026-09-16T18:43:56.939399+00:00,grove-system,grove-operator-556fb4d74c-pnvq4,27.0,723517440
2026-09-16T18:43:56.939399+00:00,kai-scheduler,admission-86666f457d-7ksq5,1.0,16777216
2026-09-16T18:43:56.939399+00:00,kai-scheduler,kai-operator-69b5d7bcf7-mphwj,1.0,96468992
2026-09-16T18:43:56.939399+00:00,kai-scheduler,pod-grouper-65456f756-x2lsx,1.0,11534336
2026-09-16T18:43:56.939399+00:00,kai-scheduler,podgroup-controller-68f9cc8dbf-hfz5k,1.0,11534336
2026-09-16T18:43:56.939399+00:00,kai-scheduler,queue-controller-f86fcd76c-2cqn6,1.0,13631488
2026-09-16T18:43:56.939399+00:00,kube-system,coredns-8db54c48d-wzn7p,2.0,40894464
2026-09-16T18:43:56.939399+00:00,kube-system,kwok-controller-5cf8c7c44b-jhf8z,176.0,90177536
2026-09-16T18:43:56.939399+00:00,kube-system,local-path-provisioner-5d9d9885bc-rz6gp,1.0,15728640
2026-09-16T18:43:56.939399+00:00,kube-system,metrics-server-75dc6f8d87-6l7pf,38.0,359661568
2026-09-16T18:43:56.939399+00:00,kube-system,svclb-traefik-052e4095-db77m,0.0,0
2026-09-16T18:43:56.939399+00:00,kube-system,traefik-9bcdbbd9-dppcr,1.0,115343360
2026-09-16T18:43:56.939399+00:00,pyroscope,pyroscope-0,6.0,139460608
2026-09-16T18:43:56.939399+00:00,pyroscope,pyroscope-alloy-0,214.0,803209216
2026-09-16T18:44:28.184686+00:00,grove-system,grove-operator-556fb4d74c-pnvq4,44.0,716177408
2026-09-16T18:44:28.184686+00:00,kai-scheduler,admission-86666f457d-7ksq5,1.0,17825792
2026-09-16T18:44:28.184686+00:00,kai-scheduler,kai-operator-69b5d7bcf7-mphwj,1.0,96468992
2026-09-16T18:44:28.184686+00:00,kai-scheduler,pod-grouper-65456f756-x2lsx,1.0,11534336
2026-09-16T18:44:28.184686+00:00,kai-scheduler,podgroup-controller-68f9cc8dbf-hfz5k,1.0,11534336
2026-09-16T18:44:28.184686+00:00,kai-scheduler,queue-controller-f86fcd76c-2cqn6,1.0,13631488
2026-09-16T18:44:28.184686+00:00,kube-system,coredns-8db54c48d-wzn7p,2.0,40894464
2026-09-16T18:44:28.184686+00:00,kube-system,kwok-controller-5cf8c7c44b-jhf8z,143.0,90177536
2026-09-16T18:44:28.184686+00:00,kube-system,local-path-provisioner-5d9d9885bc-rz6gp,1.0,15728640
2026-09-16T18:44:28.184686+00:00,kube-system,metrics-server-75dc6f8d87-6l7pf,48.0,360710144
2026-09-16T18:44:28.184686+00:00,kube-system,svclb-traefik-052e4095-db77m,0.0,0
2026-09-16T18:44:28.184686+00:00,kube-system,traefik-9bcdbbd9-dppcr,1.0,115343360
2026-09-16T18:44:28.184686+00:00,pyroscope,pyroscope-0,5.0,138412032
2026-09-16T18:44:28.184686+00:00,pyroscope,pyroscope-alloy-0,192.0,743440384
2026-09-16T18:44:59.430011+00:00,grove-system,grove-operator-556fb4d74c-pnvq4,27.0,717225984
2026-09-16T18:44:59.430011+00:00,kai-scheduler,admission-86666f457d-7ksq5,1.0,16777216
2026-09-16T18:44:59.430011+00:00,kai-scheduler,kai-operator-69b5d7bcf7-mphwj,3.0,90177536
2026-09-16T18:44:59.430011+00:00,kai-scheduler,pod-grouper-65456f756-x2lsx,1.0,11534336
2026-09-16T18:44:59.430011+00:00,kai-scheduler,podgroup-controller-68f9cc8dbf-hfz5k,1.0,11534336
2026-09-16T18:44:59.430011+00:00,kai-scheduler,queue-controller-f86fcd76c-2cqn6,1.0,13631488
2026-09-16T18:44:59.430011+00:00,kube-system,coredns-8db54c48d-wzn7p,2.0,40894464
2026-09-16T18:44:59.430011+00:00,kube-system,kwok-controller-5cf8c7c44b-jhf8z,540.0,98566144
2026-09-16T18:44:59.430011+00:00,kube-system,local-path-provisioner-5d9d9885bc-rz6gp,1.0,15728640
2026-09-16T18:44:59.430011+00:00,kube-system,metrics-server-75dc6f8d87-6l7pf,49.0,359661568
2026-09-16T18:44:59.430011+00:00,kube-system,svclb-traefik-052e4095-db77m,0.0,0
2026-09-16T18:44:59.430011+00:00,kube-system,traefik-9bcdbbd9-dppcr,1.0,115343360
2026-09-16T18:44:59.430011+00:00,pyroscope,pyroscope-0,5.0,138412032
2026-09-16T18:44:59.430011+00:00,pyroscope,pyroscope-alloy-0,189.0,743440384
2026-09-16T18:45:30.698128+00:00,grove-system,grove-operator-556fb4d74c-pnvq4,29.0,708837376
2026-09-16T18:45:30.698128+00:00,kai-scheduler,admission-86666f457d-7ksq5,1.0,16777216
2026-09-16T18:45:30.698128+00:00,kai-scheduler,kai-operator-69b5d7bcf7-mphwj,1.0,90177536
2026-09-16T18:45:30.698128+00:00,kai-scheduler,pod-grouper-65456f756-x2lsx,1.0,11534336
2026-09-16T18:45:30.698128+00:00,kai-scheduler,podgroup-controller-68f9cc8dbf-hfz5k,1.0,11534336
2026-09-16T18:45:30.698128+00:00,kai-scheduler,queue-controller-f86fcd76c-2cqn6,1.0,13631488
2026-09-16T18:45:30.698128+00:00,kube-system,coredns-8db54c48d-wzn7p,2.0,40894464
2026-09-16T18:45:30.698128+00:00,kube-system,kwok-controller-5cf8c7c44b-jhf8z,143.0,91226112
2026-09-16T18:45:30.698128+00:00,kube-system,local-path-provisioner-5d9d9885bc-rz6gp,1.0,15728640
2026-09-16T18:45:30.698128+00:00,kube-system,metrics-server-75dc6f8d87-6l7pf,50.0,360710144
2026-09-16T18:45:30.698128+00:00,kube-system,svclb-traefik-052e4095-db77m,0.0,0
2026-09-16T18:45:30.698128+00:00,kube-system,traefik-9bcdbbd9-dppcr,1.0,116391936
2026-09-16T18:45:30.698128+00:00,pyroscope,pyroscope-0,6.0,138412032
2026-09-16T18:45:30.698128+00:00,pyroscope,pyroscope-alloy-0,151.0,727711744
2026-09-16T18:46:01.945861+00:00,grove-system,grove-operator-556fb4d74c-pnvq4,27.0,710934528
2026-09-16T18:46:01.945861+00:00,kai-scheduler,admission-86666f457d-7ksq5,1.0,16777216
2026-09-16T18:46:01.945861+00:00,kai-scheduler,kai-operator-69b5d7bcf7-mphwj,1.0,90177536
2026-09-16T18:46:01.945861+00:00,kai-scheduler,pod-grouper-65456f756-x2lsx,1.0,11534336
2026-09-16T18:46:01.945861+00:00,kai-scheduler,podgroup-controller-68f9cc8dbf-hfz5k,1.0,11534336
2026-09-16T18:46:01.945861+00:00,kai-scheduler,queue-controller-f86fcd76c-2cqn6,1.0,13631488
2026-09-16T18:46:01.945861+00:00,kube-system,coredns-8db54c48d-wzn7p,3.0,38797312
2026-09-16T18:46:01.945861+00:00,kube-system,kwok-controller-5cf8c7c44b-jhf8z,151.0,92274688
2026-09-16T18:46:01.945861+00:00,kube-system,local-path-provisioner-5d9d9885bc-rz6gp,1.0,15728640
2026-09-16T18:46:01.945861+00:00,kube-system,metrics-server-75dc6f8d87-6l7pf,48.0,360710144
2026-09-16T18:46:01.945861+00:00,kube-system,svclb-traefik-052e4095-db77m,0.0,0
2026-09-16T18:46:01.945861+00:00,kube-system,traefik-9bcdbbd9-dppcr,1.0,96468992
2026-09-16T18:46:01.945861+00:00,pyroscope,pyroscope-0,6.0,138412032
2026-09-16T18:46:01.945861+00:00,pyroscope,pyroscope-alloy-0,168.0,704643072
2026-09-16T18:46:33.191351+00:00,grove-system,grove-operator-556fb4d74c-pnvq4,27.0,699400192
2026-09-16T18:46:33.191351+00:00,kai-scheduler,admission-86666f457d-7ksq5,1.0,16777216
2026-09-16T18:46:33.191351+00:00,kai-scheduler,kai-operator-69b5d7bcf7-mphwj,4.0,90177536
2026-09-16T18:46:33.191351+00:00,kai-scheduler,pod-grouper-65456f756-x2lsx,1.0,11534336
2026-09-16T18:46:33.191351+00:00,kai-scheduler,podgroup-controller-68f9cc8dbf-hfz5k,1.0,11534336
2026-09-16T18:46:33.191351+00:00,kai-scheduler,queue-controller-f86fcd76c-2cqn6,1.0,13631488
2026-09-16T18:46:33.191351+00:00,kube-system,coredns-8db54c48d-wzn7p,2.0,37748736
2026-09-16T18:46:33.191351+00:00,kube-system,kwok-controller-5cf8c7c44b-jhf8z,144.0,92274688
2026-09-16T18:46:33.191351+00:00,kube-system,local-path-provisioner-5d9d9885bc-rz6gp,1.0,15728640
2026-09-16T18:46:33.191351+00:00,kube-system,metrics-server-75dc6f8d87-6l7pf,49.0,357564416
2026-09-16T18:46:33.191351+00:00,kube-system,svclb-traefik-052e4095-db77m,0.0,0
2026-09-16T18:46:33.191351+00:00,kube-system,traefik-9bcdbbd9-dppcr,1.0,96468992
2026-09-16T18:46:33.191351+00:00,pyroscope,pyroscope-0,5.0,138412032
2026-09-16T18:46:33.191351+00:00,pyroscope,pyroscope-alloy-0,155.0,698351616
2026-09-16T18:47:04.442676+00:00,grove-system,grove-operator-556fb4d74c-pnvq4,40.0,700448768
2026-09-16T18:47:04.442676+00:00,kai-scheduler,admission-86666f457d-7ksq5,1.0,16777216
2026-09-16T18:47:04.442676+00:00,kai-scheduler,kai-operator-69b5d7bcf7-mphwj,1.0,90177536
2026-09-16T18:47:04.442676+00:00,kai-scheduler,pod-grouper-65456f756-x2lsx,1.0,11534336
2026-09-16T18:47:04.442676+00:00,kai-scheduler,podgroup-controller-68f9cc8dbf-hfz5k,1.0,11534336
2026-09-16T18:47:04.442676+00:00,kai-scheduler,queue-controller-f86fcd76c-2cqn6,1.0,13631488
2026-09-16T18:47:04.442676+00:00,kube-system,coredns-8db54c48d-wzn7p,2.0,39845888
2026-09-16T18:47:04.442676+00:00,kube-system,kwok-controller-5cf8c7c44b-jhf8z,132.0,91226112
2026-09-16T18:47:04.442676+00:00,kube-system,local-path-provisioner-5d9d9885bc-rz6gp,1.0,15728640
2026-09-16T18:47:04.442676+00:00,kube-system,metrics-server-75dc6f8d87-6l7pf,48.0,357564416
2026-09-16T18:47:04.442676+00:00,kube-system,svclb-traefik-052e4095-db77m,0.0,0
2026-09-16T18:47:04.442676+00:00,kube-system,traefik-9bcdbbd9-dppcr,1.0,96468992
2026-09-16T18:47:04.442676+00:00,pyroscope,pyroscope-0,6.0,140509184
2026-09-16T18:47:04.442676+00:00,pyroscope,pyroscope-alloy-0,160.0,685768704
2026-09-16T18:47:35.687737+00:00,grove-system,grove-operator-556fb4d74c-pnvq4,50.0,686817280
2026-09-16T18:47:35.687737+00:00,kai-scheduler,admission-86666f457d-7ksq5,1.0,16777216
2026-09-16T18:47:35.687737+00:00,kai-scheduler,kai-operator-69b5d7bcf7-mphwj,1.0,90177536
2026-09-16T18:47:35.687737+00:00,kai-scheduler,pod-grouper-65456f756-x2lsx,1.0,11534336
2026-09-16T18:47:35.687737+00:00,kai-scheduler,podgroup-controller-68f9cc8dbf-hfz5k,1.0,11534336
2026-09-16T18:47:35.687737+00:00,kai-scheduler,queue-controller-f86fcd76c-2cqn6,1.0,13631488
2026-09-16T18:47:35.687737+00:00,kube-system,coredns-8db54c48d-wzn7p,2.0,39845888
2026-09-16T18:47:35.687737+00:00,kube-system,kwok-controller-5cf8c7c44b-jhf8z,150.0,87031808
2026-09-16T18:47:35.687737+00:00,kube-system,local-path-provisioner-5d9d9885bc-rz6gp,1.0,15728640
2026-09-16T18:47:35.687737+00:00,kube-system,metrics-server-75dc6f8d87-6l7pf,56.0,346030080
2026-09-16T18:47:35.687737+00:00,kube-system,svclb-traefik-052e4095-db77m,0.0,0
2026-09-16T18:47:35.687737+00:00,kube-system,traefik-9bcdbbd9-dppcr,2.0,94371840
2026-09-16T18:47:35.687737+00:00,pyroscope,pyroscope-0,6.0,139460608
2026-09-16T18:47:35.687737+00:00,pyroscope,pyroscope-alloy-0,124.0,674234368
2026-09-16T18:48:06.941254+00:00,grove-system,grove-operator-556fb4d74c-pnvq4,28.0,692060160
2026-09-16T18:48:06.941254+00:00,kai-scheduler,admission-86666f457d-7ksq5,1.0,16777216
2026-09-16T18:48:06.941254+00:00,kai-scheduler,kai-operator-69b5d7bcf7-mphwj,1.0,90177536
2026-09-16T18:48:06.941254+00:00,kai-scheduler,pod-grouper-65456f756-x2lsx,1.0,11534336
2026-09-16T18:48:06.941254+00:00,kai-scheduler,podgroup-controller-68f9cc8dbf-hfz5k,1.0,11534336
2026-09-16T18:48:06.941254+00:00,kai-scheduler,queue-controller-f86fcd76c-2cqn6,1.0,13631488
2026-09-16T18:48:06.941254+00:00,kube-system,coredns-8db54c48d-wzn7p,2.0,39845888
2026-09-16T18:48:06.941254+00:00,kube-system,kwok-controller-5cf8c7c44b-jhf8z,141.0,87031808
2026-09-16T18:48:06.941254+00:00,kube-system,local-path-provisioner-5d9d9885bc-rz6gp,1.0,15728640
2026-09-16T18:48:06.941254+00:00,kube-system,metrics-server-75dc6f8d87-6l7pf,48.0,346030080
2026-09-16T18:48:06.941254+00:00,kube-system,svclb-traefik-052e4095-db77m,0.0,0
2026-09-16T18:48:06.941254+00:00,kube-system,traefik-9bcdbbd9-dppcr,1.0,94371840
2026-09-16T18:48:06.941254+00:00,pyroscope,pyroscope-0,5.0,138412032
2026-09-16T18:48:06.941254+00:00,pyroscope,pyroscope-alloy-0,122.0,654311424
2026-09-16T18:48:38.221506+00:00,grove-system,grove-operator-556fb4d74c-pnvq4,25.0,673185792
2026-09-16T18:48:38.221506+00:00,kai-scheduler,admission-86666f457d-7ksq5,1.0,16777216
2026-09-16T18:48:38.221506+00:00,kai-scheduler,kai-operator-69b5d7bcf7-mphwj,1.0,90177536
2026-09-16T18:48:38.221506+00:00,kai-scheduler,pod-grouper-65456f756-x2lsx,1.0,11534336
2026-09-16T18:48:38.221506+00:00,kai-scheduler,podgroup-controller-68f9cc8dbf-hfz5k,1.0,11534336
2026-09-16T18:48:38.221506+00:00,kai-scheduler,queue-controller-f86fcd76c-2cqn6,1.0,13631488
2026-09-16T18:48:38.221506+00:00,kube-system,coredns-8db54c48d-wzn7p,2.0,40894464
2026-09-16T18:48:38.221506+00:00,kube-system,kwok-controller-5cf8c7c44b-jhf8z,138.0,87031808
2026-09-16T18:48:38.221506+00:00,kube-system,local-path-provisioner-5d9d9885bc-rz6gp,1.0,17825792
2026-09-16T18:48:38.221506+00:00,kube-system,metrics-server-75dc6f8d87-6l7pf,51.0,335544320
2026-09-16T18:48:38.221506+00:00,kube-system,svclb-traefik-052e4095-db77m,0.0,0
2026-09-16T18:48:38.221506+00:00,kube-system,traefik-9bcdbbd9-dppcr,1.0,94371840
2026-09-16T18:48:38.221506+00:00,pyroscope,pyroscope-0,5.0,123731968
2026-09-16T18:48:38.221506+00:00,pyroscope,pyroscope-alloy-0,126.0,645922816
2026-09-16T18:49:09.465888+00:00,grove-system,grove-operator-556fb4d74c-pnvq4,28.0,666894336
2026-09-16T18:49:09.465888+00:00,kai-scheduler,admission-86666f457d-7ksq5,1.0,16777216
2026-09-16T18:49:09.465888+00:00,kai-scheduler,kai-operator-69b5d7bcf7-mphwj,1.0,90177536
2026-09-16T18:49:09.465888+00:00,kai-scheduler,pod-grouper-65456f756-x2lsx,1.0,11534336
2026-09-16T18:49:09.465888+00:00,kai-scheduler,podgroup-controller-68f9cc8dbf-hfz5k,1.0,11534336
2026-09-16T18:49:09.465888+00:00,kai-scheduler,queue-controller-f86fcd76c-2cqn6,1.0,13631488
2026-09-16T18:49:09.465888+00:00,kube-system,coredns-8db54c48d-wzn7p,2.0,39845888
2026-09-16T18:49:09.465888+00:00,kube-system,kwok-controller-5cf8c7c44b-jhf8z,149.0,87031808
2026-09-16T18:49:09.465888+00:00,kube-system,local-path-provisioner-5d9d9885bc-rz6gp,1.0,17825792
2026-09-16T18:49:09.465888+00:00,kube-system,metrics-server-75dc6f8d87-6l7pf,66.0,334495744
2026-09-16T18:49:09.465888+00:00,kube-system,svclb-traefik-052e4095-db77m,0.0,0
2026-09-16T18:49:09.465888+00:00,kube-system,traefik-9bcdbbd9-dppcr,1.0,94371840
2026-09-16T18:49:09.465888+00:00,pyroscope,pyroscope-0,6.0,113246208
2026-09-16T18:49:09.465888+00:00,pyroscope,pyroscope-alloy-0,113.0,612368384
2026-09-16T18:49:40.710038+00:00,grove-system,grove-operator-556fb4d74c-pnvq4,35.0,655360000
2026-09-16T18:49:40.710038+00:00,kai-scheduler,admission-86666f457d-7ksq5,1.0,16777216
2026-09-16T18:49:40.710038+00:00,kai-scheduler,kai-operator-69b5d7bcf7-mphwj,1.0,81788928
2026-09-16T18:49:40.710038+00:00,kai-scheduler,kai-scheduler-default-687f79495b-qtvls,72.0,352321536
2026-09-16T18:49:40.710038+00:00,kai-scheduler,pod-grouper-65456f756-x2lsx,1.0,11534336
2026-09-16T18:49:40.710038+00:00,kai-scheduler,podgroup-controller-68f9cc8dbf-hfz5k,1.0,11534336
2026-09-16T18:49:40.710038+00:00,kai-scheduler,queue-controller-f86fcd76c-2cqn6,1.0,13631488
2026-09-16T18:49:40.710038+00:00,kube-system,coredns-8db54c48d-wzn7p,2.0,39845888
2026-09-16T18:49:40.710038+00:00,kube-system,kwok-controller-5cf8c7c44b-jhf8z,129.0,85983232
2026-09-16T18:49:40.710038+00:00,kube-system,local-path-provisioner-5d9d9885bc-rz6gp,1.0,17825792
2026-09-16T18:49:40.710038+00:00,kube-system,metrics-server-75dc6f8d87-6l7pf,45.0,333447168
2026-09-16T18:49:40.710038+00:00,kube-system,svclb-traefik-052e4095-db77m,0.0,0
2026-09-16T18:49:40.710038+00:00,kube-system,traefik-9bcdbbd9-dppcr,1.0,94371840
2026-09-16T18:49:40.710038+00:00,pyroscope,pyroscope-0,6.0,113246208
2026-09-16T18:49:40.710038+00:00,pyroscope,pyroscope-alloy-0,102.0,618659840
2026-09-16T18:50:11.950185+00:00,grove-system,grove-operator-556fb4d74c-pnvq4,38.0,657457152
2026-09-16T18:50:11.950185+00:00,kai-scheduler,admission-86666f457d-7ksq5,1.0,16777216
2026-09-16T18:50:11.950185+00:00,kai-scheduler,kai-operator-69b5d7bcf7-mphwj,1.0,81788928
2026-09-16T18:50:11.950185+00:00,kai-scheduler,kai-scheduler-default-687f79495b-qtvls,87.0,310378496
2026-09-16T18:50:11.950185+00:00,kai-scheduler,pod-grouper-65456f756-x2lsx,1.0,11534336
2026-09-16T18:50:11.950185+00:00,kai-scheduler,podgroup-controller-68f9cc8dbf-hfz5k,1.0,11534336
2026-09-16T18:50:11.950185+00:00,kai-scheduler,queue-controller-f86fcd76c-2cqn6,1.0,13631488
2026-09-16T18:50:11.950185+00:00,kube-system,coredns-8db54c48d-wzn7p,2.0,39845888
2026-09-16T18:50:11.950185+00:00,kube-system,kwok-controller-5cf8c7c44b-jhf8z,165.0,87031808
2026-09-16T18:50:11.950185+00:00,kube-system,local-path-provisioner-5d9d9885bc-rz6gp,1.0,17825792
2026-09-16T18:50:11.950185+00:00,kube-system,metrics-server-75dc6f8d87-6l7pf,57.0,325058560
2026-09-16T18:50:11.950185+00:00,kube-system,svclb-traefik-052e4095-db77m,0.0,0
2026-09-16T18:50:11.950185+00:00,kube-system,traefik-9bcdbbd9-dppcr,1.0,94371840
2026-09-16T18:50:11.950185+00:00,pyroscope,pyroscope-0,6.0,113246208
2026-09-16T18:50:11.950185+00:00,pyroscope,pyroscope-alloy-0,101.0,579862528
2026-09-16T18:50:43.194493+00:00,grove-system,grove-operator-556fb4d74c-pnvq4,37.0,646971392
2026-09-16T18:50:43.194493+00:00,kai-scheduler,admission-86666f457d-7ksq5,1.0,16777216
2026-09-16T18:50:43.194493+00:00,kai-scheduler,kai-operator-69b5d7bcf7-mphwj,1.0,81788928
2026-09-16T18:50:43.194493+00:00,kai-scheduler,kai-scheduler-default-687f79495b-qtvls,79.0,295698432
2026-09-16T18:50:43.194493+00:00,kai-scheduler,pod-grouper-65456f756-x2lsx,1.0,11534336
2026-09-16T18:50:43.194493+00:00,kai-scheduler,podgroup-controller-68f9cc8dbf-hfz5k,1.0,11534336
2026-09-16T18:50:43.194493+00:00,kai-scheduler,queue-controller-f86fcd76c-2cqn6,1.0,13631488
2026-09-16T18:50:43.194493+00:00,kube-system,coredns-8db54c48d-wzn7p,2.0,39845888
2026-09-16T18:50:43.194493+00:00,kube-system,kwok-controller-5cf8c7c44b-jhf8z,148.0,85983232
2026-09-16T18:50:43.194493+00:00,kube-system,local-path-provisioner-5d9d9885bc-rz6gp,1.0,17825792
2026-09-16T18:50:43.194493+00:00,kube-system,metrics-server-75dc6f8d87-6l7pf,51.0,321912832
2026-09-16T18:50:43.194493+00:00,kube-system,svclb-traefik-052e4095-db77m,0.0,0
2026-09-16T18:50:43.194493+00:00,kube-system,traefik-9bcdbbd9-dppcr,1.0,94371840
2026-09-16T18:50:43.194493+00:00,pyroscope,pyroscope-0,4.0,113246208
2026-09-16T18:50:43.194493+00:00,pyroscope,pyroscope-alloy-0,92.0,580911104
2026-09-16T18:51:14.443891+00:00,grove-system,grove-operator-556fb4d74c-pnvq4,39.0,636485632
2026-09-16T18:51:14.443891+00:00,kai-scheduler,admission-86666f457d-7ksq5,1.0,16777216
2026-09-16T18:51:14.443891+00:00,kai-scheduler,kai-operator-69b5d7bcf7-mphwj,1.0,81788928
2026-09-16T18:51:14.443891+00:00,kai-scheduler,kai-scheduler-default-687f79495b-qtvls,79.0,296747008
2026-09-16T18:51:14.443891+00:00,kai-scheduler,pod-grouper-65456f756-x2lsx,1.0,11534336
2026-09-16T18:51:14.443891+00:00,kai-scheduler,podgroup-controller-68f9cc8dbf-hfz5k,1.0,11534336
2026-09-16T18:51:14.443891+00:00,kai-scheduler,queue-controller-f86fcd76c-2cqn6,1.0,13631488
2026-09-16T18:51:14.443891+00:00,kube-system,coredns-8db54c48d-wzn7p,2.0,39845888
2026-09-16T18:51:14.443891+00:00,kube-system,kwok-controller-5cf8c7c44b-jhf8z,124.0,87031808
2026-09-16T18:51:14.443891+00:00,kube-system,local-path-provisioner-5d9d9885bc-rz6gp,1.0,17825792
2026-09-16T18:51:14.443891+00:00,kube-system,metrics-server-75dc6f8d87-6l7pf,48.0,322961408
2026-09-16T18:51:14.443891+00:00,kube-system,svclb-traefik-052e4095-db77m,0.0,0
2026-09-16T18:51:14.443891+00:00,kube-system,traefik-9bcdbbd9-dppcr,1.0,94371840
2026-09-16T18:51:14.443891+00:00,pyroscope,pyroscope-0,5.0,114294784
2026-09-16T18:51:14.443891+00:00,pyroscope,pyroscope-alloy-0,84.0,545259520
2026-09-16T18:51:45.686588+00:00,grove-system,grove-operator-556fb4d74c-pnvq4,40.0,612368384
2026-09-16T18:51:45.686588+00:00,kai-scheduler,admission-86666f457d-7ksq5,1.0,16777216
2026-09-16T18:51:45.686588+00:00,kai-scheduler,binder-869fc94c7-p2mws,37.0,173015040
2026-09-16T18:51:45.686588+00:00,kai-scheduler,kai-operator-69b5d7bcf7-mphwj,3.0,82837504
2026-09-16T18:51:45.686588+00:00,kai-scheduler,kai-scheduler-default-687f79495b-qtvls,72.0,287309824
2026-09-16T18:51:45.686588+00:00,kai-scheduler,pod-grouper-65456f756-x2lsx,1.0,11534336
2026-09-16T18:51:45.686588+00:00,kai-scheduler,podgroup-controller-68f9cc8dbf-hfz5k,1.0,11534336
2026-09-16T18:51:45.686588+00:00,kai-scheduler,queue-controller-f86fcd76c-2cqn6,1.0,13631488
2026-09-16T18:51:45.686588+00:00,kube-system,coredns-8db54c48d-wzn7p,2.0,39845888
2026-09-16T18:51:45.686588+00:00,kube-system,kwok-controller-5cf8c7c44b-jhf8z,145.0,85983232
2026-09-16T18:51:45.686588+00:00,kube-system,local-path-provisioner-5d9d9885bc-rz6gp,1.0,17825792
2026-09-16T18:51:45.686588+00:00,kube-system,metrics-server-75dc6f8d87-6l7pf,56.0,312475648
2026-09-16T18:51:45.686588+00:00,kube-system,svclb-traefik-052e4095-db77m,0.0,0
2026-09-16T18:51:45.686588+00:00,kube-system,traefik-9bcdbbd9-dppcr,3.0,93323264
2026-09-16T18:51:45.686588+00:00,pyroscope,pyroscope-0,6.0,114294784
2026-09-16T18:51:45.686588+00:00,pyroscope,pyroscope-alloy-0,92.0,542113792
2026-09-16T18:52:16.934143+00:00,grove-system,grove-operator-556fb4d74c-pnvq4,29.0,616562688
2026-09-16T18:52:16.934143+00:00,kai-scheduler,admission-86666f457d-7ksq5,1.0,16777216
2026-09-16T18:52:16.934143+00:00,kai-scheduler,binder-869fc94c7-p2mws,35.0,171966464
2026-09-16T18:52:16.934143+00:00,kai-scheduler,kai-operator-69b5d7bcf7-mphwj,1.0,82837504
2026-09-16T18:52:16.934143+00:00,kai-scheduler,kai-scheduler-default-687f79495b-qtvls,68.0,253755392
2026-09-16T18:52:16.934143+00:00,kai-scheduler,pod-grouper-65456f756-x2lsx,1.0,11534336
2026-09-16T18:52:16.934143+00:00,kai-scheduler,podgroup-controller-68f9cc8dbf-hfz5k,1.0,11534336
2026-09-16T18:52:16.934143+00:00,kai-scheduler,queue-controller-f86fcd76c-2cqn6,1.0,13631488
2026-09-16T18:52:16.934143+00:00,kube-system,coredns-8db54c48d-wzn7p,2.0,39845888
2026-09-16T18:52:16.934143+00:00,kube-system,kwok-controller-5cf8c7c44b-jhf8z,147.0,85983232
2026-09-16T18:52:16.934143+00:00,kube-system,local-path-provisioner-5d9d9885bc-rz6gp,1.0,17825792
2026-09-16T18:52:16.934143+00:00,kube-system,metrics-server-75dc6f8d87-6l7pf,47.0,305135616
2026-09-16T18:52:16.934143+00:00,kube-system,svclb-traefik-052e4095-db77m,0.0,0
2026-09-16T18:52:16.934143+00:00,kube-system,traefik-9bcdbbd9-dppcr,1.0,93323264
2026-09-16T18:52:16.934143+00:00,pyroscope,pyroscope-0,5.0,114294784
2026-09-16T18:52:16.934143+00:00,pyroscope,pyroscope-alloy-0,73.0,525336576
2026-09-16T18:52:48.179260+00:00,grove-system,grove-operator-556fb4d74c-pnvq4,35.0,589299712
2026-09-16T18:52:48.179260+00:00,kai-scheduler,admission-86666f457d-7ksq5,1.0,16777216
2026-09-16T18:52:48.179260+00:00,kai-scheduler,binder-869fc94c7-p2mws,34.0,168820736
2026-09-16T18:52:48.179260+00:00,kai-scheduler,kai-operator-69b5d7bcf7-mphwj,1.0,82837504
2026-09-16T18:52:48.179260+00:00,kai-scheduler,kai-scheduler-default-687f79495b-qtvls,63.0,256901120
2026-09-16T18:52:48.179260+00:00,kai-scheduler,pod-grouper-65456f756-x2lsx,1.0,11534336
2026-09-16T18:52:48.179260+00:00,kai-scheduler,podgroup-controller-68f9cc8dbf-hfz5k,1.0,11534336
2026-09-16T18:52:48.179260+00:00,kai-scheduler,queue-controller-f86fcd76c-2cqn6,1.0,13631488
2026-09-16T18:52:48.179260+00:00,kube-system,coredns-8db54c48d-wzn7p,2.0,39845888
2026-09-16T18:52:48.179260+00:00,kube-system,kwok-controller-5cf8c7c44b-jhf8z,133.0,85983232
2026-09-16T18:52:48.179260+00:00,kube-system,local-path-provisioner-5d9d9885bc-rz6gp,1.0,17825792
2026-09-16T18:52:48.179260+00:00,kube-system,metrics-server-75dc6f8d87-6l7pf,49.0,306184192
2026-09-16T18:52:48.179260+00:00,kube-system,svclb-traefik-052e4095-db77m,0.0,0
2026-09-16T18:52:48.179260+00:00,kube-system,traefik-9bcdbbd9-dppcr,1.0,93323264
2026-09-16T18:52:48.179260+00:00,pyroscope,pyroscope-0,6.0,114294784
2026-09-16T18:52:48.179260+00:00,pyroscope,pyroscope-alloy-0,60.0,464519168
2026-09-16T18:53:19.425301+00:00,grove-system,grove-operator-556fb4d74c-pnvq4,24.0,584056832
2026-09-16T18:53:19.425301+00:00,kai-scheduler,admission-86666f457d-7ksq5,1.0,16777216
2026-09-16T18:53:19.425301+00:00,kai-scheduler,binder-869fc94c7-p2mws,33.0,167772160
2026-09-16T18:53:19.425301+00:00,kai-scheduler,kai-operator-69b5d7bcf7-mphwj,3.0,82837504
2026-09-16T18:53:19.425301+00:00,kai-scheduler,kai-scheduler-default-687f79495b-qtvls,55.0,217055232
2026-09-16T18:53:19.425301+00:00,kai-scheduler,pod-grouper-65456f756-x2lsx,1.0,11534336
2026-09-16T18:53:19.425301+00:00,kai-scheduler,podgroup-controller-68f9cc8dbf-hfz5k,1.0,11534336
2026-09-16T18:53:19.425301+00:00,kai-scheduler,queue-controller-f86fcd76c-2cqn6,1.0,13631488
2026-09-16T18:53:19.425301+00:00,kube-system,coredns-8db54c48d-wzn7p,2.0,39845888
2026-09-16T18:53:19.425301+00:00,kube-system,kwok-controller-5cf8c7c44b-jhf8z,138.0,87031808
2026-09-16T18:53:19.425301+00:00,kube-system,local-path-provisioner-5d9d9885bc-rz6gp,1.0,17825792
2026-09-16T18:53:19.425301+00:00,kube-system,metrics-server-75dc6f8d87-6l7pf,49.0,296747008
2026-09-16T18:53:19.425301+00:00,kube-system,svclb-traefik-052e4095-db77m,0.0,0
2026-09-16T18:53:19.425301+00:00,kube-system,traefik-9bcdbbd9-dppcr,1.0,93323264
2026-09-16T18:53:19.425301+00:00,pyroscope,pyroscope-0,6.0,114294784
2026-09-16T18:53:19.425301+00:00,pyroscope,pyroscope-alloy-0,53.0,427819008
2026-09-16T18:53:50.674213+00:00,grove-system,grove-operator-556fb4d74c-pnvq4,35.0,558891008
2026-09-16T18:53:50.674213+00:00,kai-scheduler,admission-86666f457d-7ksq5,1.0,16777216
2026-09-16T18:53:50.674213+00:00,kai-scheduler,binder-869fc94c7-p2mws,36.0,168820736
2026-09-16T18:53:50.674213+00:00,kai-scheduler,kai-operator-69b5d7bcf7-mphwj,1.0,82837504
2026-09-16T18:53:50.674213+00:00,kai-scheduler,kai-scheduler-default-687f79495b-qtvls,47.0,214958080
2026-09-16T18:53:50.674213+00:00,kai-scheduler,pod-grouper-65456f756-x2lsx,1.0,11534336
2026-09-16T18:53:50.674213+00:00,kai-scheduler,podgroup-controller-68f9cc8dbf-hfz5k,1.0,11534336
2026-09-16T18:53:50.674213+00:00,kai-scheduler,queue-controller-f86fcd76c-2cqn6,1.0,13631488
2026-09-16T18:53:50.674213+00:00,kube-system,coredns-8db54c48d-wzn7p,2.0,39845888
2026-09-16T18:53:50.674213+00:00,kube-system,kwok-controller-5cf8c7c44b-jhf8z,176.0,85983232
2026-09-16T18:53:50.674213+00:00,kube-system,local-path-provisioner-5d9d9885bc-rz6gp,1.0,17825792
2026-09-16T18:53:50.674213+00:00,kube-system,metrics-server-75dc6f8d87-6l7pf,51.0,294649856
2026-09-16T18:53:50.674213+00:00,kube-system,svclb-traefik-052e4095-db77m,0.0,0
2026-09-16T18:53:50.674213+00:00,kube-system,traefik-9bcdbbd9-dppcr,1.0,93323264
2026-09-16T18:53:50.674213+00:00,pyroscope,pyroscope-0,5.0,115343360
2026-09-16T18:53:50.674213+00:00,pyroscope,pyroscope-alloy-0,45.0,405798912
2026-09-16T18:54:21.920408+00:00,grove-system,grove-operator-556fb4d74c-pnvq4,33.0,532676608
2026-09-16T18:54:21.920408+00:00,kai-scheduler,admission-86666f457d-7ksq5,1.0,16777216
2026-09-16T18:54:21.920408+00:00,kai-scheduler,binder-869fc94c7-p2mws,33.0,167772160
2026-09-16T18:54:21.920408+00:00,kai-scheduler,kai-operator-69b5d7bcf7-mphwj,1.0,82837504
2026-09-16T18:54:21.920408+00:00,kai-scheduler,kai-scheduler-default-687f79495b-qtvls,41.0,204472320
2026-09-16T18:54:21.920408+00:00,kai-scheduler,pod-grouper-65456f756-x2lsx,1.0,11534336
2026-09-16T18:54:21.920408+00:00,kai-scheduler,podgroup-controller-68f9cc8dbf-hfz5k,1.0,11534336
2026-09-16T18:54:21.920408+00:00,kai-scheduler,queue-controller-f86fcd76c-2cqn6,1.0,13631488
2026-09-16T18:54:21.920408+00:00,kube-system,coredns-8db54c48d-wzn7p,2.0,39845888
2026-09-16T18:54:21.920408+00:00,kube-system,kwok-controller-5cf8c7c44b-jhf8z,133.0,85983232
2026-09-16T18:54:21.920408+00:00,kube-system,local-path-provisioner-5d9d9885bc-rz6gp,1.0,17825792
2026-09-16T18:54:21.920408+00:00,kube-system,metrics-server-75dc6f8d87-6l7pf,44.0,282066944
2026-09-16T18:54:21.920408+00:00,kube-system,svclb-traefik-052e4095-db77m,0.0,0
2026-09-16T18:54:21.920408+00:00,kube-system,traefik-9bcdbbd9-dppcr,1.0,94371840
2026-09-16T18:54:21.920408+00:00,pyroscope,pyroscope-0,6.0,115343360
2026-09-16T18:54:21.920408+00:00,pyroscope,pyroscope-alloy-0,39.0,419430400
2026-09-16T18:54:53.161668+00:00,grove-system,grove-operator-556fb4d74c-pnvq4,38.0,472907776
2026-09-16T18:54:53.161668+00:00,kai-scheduler,admission-86666f457d-7ksq5,1.0,16777216
2026-09-16T18:54:53.161668+00:00,kai-scheduler,binder-869fc94c7-p2mws,33.0,165675008
2026-09-16T18:54:53.161668+00:00,kai-scheduler,kai-operator-69b5d7bcf7-mphwj,11.0,100663296
2026-09-16T18:54:53.161668+00:00,kai-scheduler,kai-scheduler-default-687f79495b-qtvls,35.0,200278016
2026-09-16T18:54:53.161668+00:00,kai-scheduler,pod-grouper-65456f756-x2lsx,1.0,11534336
2026-09-16T18:54:53.161668+00:00,kai-scheduler,podgroup-controller-68f9cc8dbf-hfz5k,1.0,11534336
2026-09-16T18:54:53.161668+00:00,kai-scheduler,queue-controller-f86fcd76c-2cqn6,1.0,13631488
2026-09-16T18:54:53.161668+00:00,kube-system,coredns-8db54c48d-wzn7p,2.0,39845888
2026-09-16T18:54:53.161668+00:00,kube-system,kwok-controller-5cf8c7c44b-jhf8z,122.0,88080384
2026-09-16T18:54:53.161668+00:00,kube-system,local-path-provisioner-5d9d9885bc-rz6gp,1.0,17825792
2026-09-16T18:54:53.161668+00:00,kube-system,metrics-server-75dc6f8d87-6l7pf,50.0,275775488
2026-09-16T18:54:53.161668+00:00,kube-system,svclb-traefik-052e4095-db77m,0.0,0
2026-09-16T18:54:53.161668+00:00,kube-system,traefik-9bcdbbd9-dppcr,18.0,110100480
2026-09-16T18:54:53.161668+00:00,pyroscope,pyroscope-0,8.0,118489088
2026-09-16T18:54:53.161668+00:00,pyroscope,pyroscope-alloy-0,26.0,439353344
2026-09-16T18:55:24.415084+00:00,grove-system,grove-operator-556fb4d74c-pnvq4,9.0,467664896
2026-09-16T18:55:24.415084+00:00,kai-scheduler,admission-86666f457d-7ksq5,1.0,16777216
2026-09-16T18:55:24.415084+00:00,kai-scheduler,binder-869fc94c7-p2mws,34.0,165675008
2026-09-16T18:55:24.415084+00:00,kai-scheduler,kai-operator-69b5d7bcf7-mphwj,34.0,104857600
2026-09-16T18:55:24.415084+00:00,kai-scheduler,kai-scheduler-default-687f79495b-qtvls,39.0,204472320
2026-09-16T18:55:24.415084+00:00,kai-scheduler,pod-grouper-65456f756-x2lsx,1.0,11534336
2026-09-16T18:55:24.415084+00:00,kai-scheduler,podgroup-controller-68f9cc8dbf-hfz5k,1.0,11534336
2026-09-16T18:55:24.415084+00:00,kai-scheduler,queue-controller-f86fcd76c-2cqn6,1.0,13631488
2026-09-16T18:55:24.415084+00:00,kube-system,coredns-8db54c48d-wzn7p,2.0,39845888
2026-09-16T18:55:24.415084+00:00,kube-system,kwok-controller-5cf8c7c44b-jhf8z,99.0,84934656
2026-09-16T18:55:24.415084+00:00,kube-system,local-path-provisioner-5d9d9885bc-rz6gp,1.0,17825792
2026-09-16T18:55:24.415084+00:00,kube-system,metrics-server-75dc6f8d87-6l7pf,48.0,270532608
2026-09-16T18:55:24.415084+00:00,kube-system,svclb-traefik-052e4095-db77m,0.0,0
2026-09-16T18:55:24.415084+00:00,kube-system,traefik-9bcdbbd9-dppcr,51.0,111149056
2026-09-16T18:55:24.415084+00:00,pyroscope,pyroscope-0,5.0,116391936
2026-09-16T18:55:24.415084+00:00,pyroscope,pyroscope-alloy-0,5.0,463470592
2026-09-16T18:55:55.664313+00:00,grove-system,grove-operator-556fb4d74c-pnvq4,3.0,459276288
2026-09-16T18:55:55.664313+00:00,kai-scheduler,admission-86666f457d-7ksq5,1.0,16777216
2026-09-16T18:55:55.664313+00:00,kai-scheduler,binder-869fc94c7-p2mws,33.0,166723584
2026-09-16T18:55:55.664313+00:00,kai-scheduler,kai-operator-69b5d7bcf7-mphwj,37.0,105906176
2026-09-16T18:55:55.664313+00:00,kai-scheduler,kai-scheduler-default-687f79495b-qtvls,41.0,201326592
2026-09-16T18:55:55.664313+00:00,kai-scheduler,pod-grouper-65456f756-x2lsx,1.0,11534336
2026-09-16T18:55:55.664313+00:00,kai-scheduler,podgroup-controller-68f9cc8dbf-hfz5k,1.0,11534336
2026-09-16T18:55:55.664313+00:00,kai-scheduler,queue-controller-f86fcd76c-2cqn6,1.0,13631488
2026-09-16T18:55:55.664313+00:00,kube-system,coredns-8db54c48d-wzn7p,2.0,39845888
2026-09-16T18:55:55.664313+00:00,kube-system,kwok-controller-5cf8c7c44b-jhf8z,99.0,87031808
2026-09-16T18:55:55.664313+00:00,kube-system,local-path-provisioner-5d9d9885bc-rz6gp,1.0,17825792
2026-09-16T18:55:55.664313+00:00,kube-system,metrics-server-75dc6f8d87-6l7pf,54.0,263192576
2026-09-16T18:55:55.664313+00:00,kube-system,svclb-traefik-052e4095-db77m,0.0,0
2026-09-16T18:55:55.664313+00:00,kube-system,traefik-9bcdbbd9-dppcr,50.0,111149056
2026-09-16T18:55:55.664313+00:00,pyroscope,pyroscope-0,6.0,118489088
2026-09-16T18:55:55.664313+00:00,pyroscope,pyroscope-alloy-0,10.0,472907776
2026-09-16T18:56:26.918222+00:00,grove-system,grove-operator-556fb4d74c-pnvq4,10.0,448790528
2026-09-16T18:56:26.918222+00:00,kai-scheduler,admission-86666f457d-7ksq5,2.0,16777216
2026-09-16T18:56:26.918222+00:00,kai-scheduler,binder-869fc94c7-p2mws,37.0,167772160
2026-09-16T18:56:26.918222+00:00,kai-scheduler,kai-operator-69b5d7bcf7-mphwj,29.0,105906176
2026-09-16T18:56:26.918222+00:00,kai-scheduler,kai-scheduler-default-687f79495b-qtvls,45.0,201326592
2026-09-16T18:56:26.918222+00:00,kai-scheduler,pod-grouper-65456f756-x2lsx,1.0,11534336
2026-09-16T18:56:26.918222+00:00,kai-scheduler,podgroup-controller-68f9cc8dbf-hfz5k,1.0,11534336
2026-09-16T18:56:26.918222+00:00,kai-scheduler,queue-controller-f86fcd76c-2cqn6,1.0,13631488
2026-09-16T18:56:26.918222+00:00,kube-system,coredns-8db54c48d-wzn7p,2.0,39845888
2026-09-16T18:56:26.918222+00:00,kube-system,kwok-controller-5cf8c7c44b-jhf8z,107.0,87031808
2026-09-16T18:56:26.918222+00:00,kube-system,local-path-provisioner-5d9d9885bc-rz6gp,1.0,17825792
2026-09-16T18:56:26.918222+00:00,kube-system,metrics-server-75dc6f8d87-6l7pf,46.0,263192576
2026-09-16T18:56:26.918222+00:00,kube-system,svclb-traefik-052e4095-db77m,0.0,0
2026-09-16T18:56:26.918222+00:00,kube-system,traefik-9bcdbbd9-dppcr,42.0,111149056
2026-09-16T18:56:26.918222+00:00,pyroscope,pyroscope-0,11.0,136314880
2026-09-16T18:56:26.918222+00:00,pyroscope,pyroscope-alloy-0,11.0,477102080
2026-09-16T18:56:58.167114+00:00,grove-system,grove-operator-556fb4d74c-pnvq4,9.0,446693376
2026-09-16T18:56:58.167114+00:00,kai-scheduler,admission-86666f457d-7ksq5,1.0,16777216
2026-09-16T18:56:58.167114+00:00,kai-scheduler,binder-869fc94c7-p2mws,33.0,166723584
2026-09-16T18:56:58.167114+00:00,kai-scheduler,kai-operator-69b5d7bcf7-mphwj,36.0,105906176
2026-09-16T18:56:58.167114+00:00,kai-scheduler,kai-scheduler-default-687f79495b-qtvls,38.0,201326592
2026-09-16T18:56:58.167114+00:00,kai-scheduler,pod-grouper-65456f756-x2lsx,1.0,11534336
2026-09-16T18:56:58.167114+00:00,kai-scheduler,podgroup-controller-68f9cc8dbf-hfz5k,1.0,11534336
2026-09-16T18:56:58.167114+00:00,kai-scheduler,queue-controller-f86fcd76c-2cqn6,1.0,13631488
2026-09-16T18:56:58.167114+00:00,kube-system,coredns-8db54c48d-wzn7p,2.0,39845888
2026-09-16T18:56:58.167114+00:00,kube-system,kwok-controller-5cf8c7c44b-jhf8z,105.0,87031808
2026-09-16T18:56:58.167114+00:00,kube-system,local-path-provisioner-5d9d9885bc-rz6gp,1.0,17825792
2026-09-16T18:56:58.167114+00:00,kube-system,metrics-server-75dc6f8d87-6l7pf,50.0,262144000
2026-09-16T18:56:58.167114+00:00,kube-system,svclb-traefik-052e4095-db77m,0.0,0
2026-09-16T18:56:58.167114+00:00,kube-system,traefik-9bcdbbd9-dppcr,49.0,112197632
2026-09-16T18:56:58.167114+00:00,pyroscope,pyroscope-0,6.0,127926272
2026-09-16T18:56:58.167114+00:00,pyroscope,pyroscope-alloy-0,8.0,477102080
2026-09-16T18:57:29.435537+00:00,grove-system,grove-operator-556fb4d74c-pnvq4,362.0,472907776
2026-09-16T18:57:29.435537+00:00,kai-scheduler,admission-86666f457d-7ksq5,1.0,16777216
2026-09-16T18:57:29.435537+00:00,kai-scheduler,binder-869fc94c7-p2mws,27.0,165675008
2026-09-16T18:57:29.435537+00:00,kai-scheduler,kai-operator-69b5d7bcf7-mphwj,21.0,102760448
2026-09-16T18:57:29.435537+00:00,kai-scheduler,kai-scheduler-default-687f79495b-qtvls,37.0,204472320
2026-09-16T18:57:29.435537+00:00,kai-scheduler,pod-grouper-65456f756-x2lsx,1.0,11534336
2026-09-16T18:57:29.435537+00:00,kai-scheduler,podgroup-controller-68f9cc8dbf-hfz5k,1.0,11534336
2026-09-16T18:57:29.435537+00:00,kai-scheduler,queue-controller-f86fcd76c-2cqn6,1.0,13631488
2026-09-16T18:57:29.435537+00:00,kube-system,coredns-8db54c48d-wzn7p,3.0,39845888
2026-09-16T18:57:29.435537+00:00,kube-system,kwok-controller-5cf8c7c44b-jhf8z,110.0,84934656
2026-09-16T18:57:29.435537+00:00,kube-system,local-path-provisioner-5d9d9885bc-rz6gp,1.0,17825792
2026-09-16T18:57:29.435537+00:00,kube-system,metrics-server-75dc6f8d87-6l7pf,50.0,261095424
2026-09-16T18:57:29.435537+00:00,kube-system,svclb-traefik-052e4095-db77m,0.0,0
2026-09-16T18:57:29.435537+00:00,kube-system,traefik-9bcdbbd9-dppcr,32.0,111149056
2026-09-16T18:57:29.435537+00:00,pyroscope,pyroscope-0,7.0,135266304
2026-09-16T18:57:29.435537+00:00,pyroscope,pyroscope-alloy-0,21.0,483393536
2026-09-16T18:58:00.698334+00:00,grove-system,grove-operator-556fb4d74c-pnvq4,704.0,536870912
2026-09-16T18:58:00.698334+00:00,kai-scheduler,admission-86666f457d-7ksq5,1.0,16777216
2026-09-16T18:58:00.698334+00:00,kai-scheduler,binder-869fc94c7-p2mws,84.0,108003328
2026-09-16T18:58:00.698334+00:00,kai-scheduler,kai-operator-69b5d7bcf7-mphwj,1.0,89128960
2026-09-16T18:58:00.698334+00:00,kai-scheduler,kai-scheduler-default-687f79495b-qtvls,73.0,255852544
2026-09-16T18:58:00.698334+00:00,kai-scheduler,pod-grouper-65456f756-x2lsx,1.0,11534336
2026-09-16T18:58:00.698334+00:00,kai-scheduler,podgroup-controller-68f9cc8dbf-hfz5k,1.0,11534336
2026-09-16T18:58:00.698334+00:00,kai-scheduler,queue-controller-f86fcd76c-2cqn6,1.0,13631488
2026-09-16T18:58:00.698334+00:00,kube-system,coredns-8db54c48d-wzn7p,2.0,39845888
2026-09-16T18:58:00.698334+00:00,kube-system,kwok-controller-5cf8c7c44b-jhf8z,96.0,85983232
2026-09-16T18:58:00.698334+00:00,kube-system,local-path-provisioner-5d9d9885bc-rz6gp,1.0,17825792
2026-09-16T18:58:00.698334+00:00,kube-system,metrics-server-75dc6f8d87-6l7pf,32.0,256901120
2026-09-16T18:58:00.698334+00:00,kube-system,svclb-traefik-052e4095-db77m,0.0,0
2026-09-16T18:58:00.698334+00:00,kube-system,traefik-9bcdbbd9-dppcr,1.0,109051904
2026-09-16T18:58:00.698334+00:00,pyroscope,pyroscope-0,8.0,137363456
2026-09-16T18:58:00.698334+00:00,pyroscope,pyroscope-alloy-0,62.0,485490688
2026-09-16T18:58:32.030178+00:00,grove-system,grove-operator-556fb4d74c-pnvq4,1919.0,568328192
2026-09-16T18:58:32.030178+00:00,kai-scheduler,admission-86666f457d-7ksq5,1.0,16777216
2026-09-16T18:58:32.030178+00:00,kai-scheduler,kai-operator-69b5d7bcf7-mphwj,5.0,89128960
2026-09-16T18:58:32.030178+00:00,kai-scheduler,kai-scheduler-default-687f79495b-qtvls,130.0,426770432
2026-09-16T18:58:32.030178+00:00,kai-scheduler,pod-grouper-65456f756-x2lsx,1.0,11534336
2026-09-16T18:58:32.030178+00:00,kai-scheduler,podgroup-controller-68f9cc8dbf-hfz5k,1.0,11534336
2026-09-16T18:58:32.030178+00:00,kai-scheduler,queue-controller-f86fcd76c-2cqn6,1.0,13631488
2026-09-16T18:58:32.030178+00:00,kube-system,coredns-8db54c48d-wzn7p,10.0,40894464
2026-09-16T18:58:32.030178+00:00,kube-system,kwok-controller-5cf8c7c44b-jhf8z,251.0,88080384
2026-09-16T18:58:32.030178+00:00,kube-system,local-path-provisioner-5d9d9885bc-rz6gp,1.0,17825792
2026-09-16T18:58:32.030178+00:00,kube-system,metrics-server-75dc6f8d87-6l7pf,52.0,257949696
2026-09-16T18:58:32.030178+00:00,kube-system,svclb-traefik-052e4095-db77m,0.0,0
2026-09-16T18:58:32.030178+00:00,kube-system,traefik-9bcdbbd9-dppcr,15.0,111149056
2026-09-16T18:58:32.030178+00:00,pyroscope,pyroscope-0,8.0,137363456
2026-09-16T18:58:32.030178+00:00,pyroscope,pyroscope-alloy-0,71.0,521142272
2026-09-16T18:59:03.316768+00:00,grove-system,grove-operator-556fb4d74c-pnvq4,668.0,568328192
2026-09-16T18:59:03.316768+00:00,kai-scheduler,admission-86666f457d-7ksq5,1.0,16777216
2026-09-16T18:59:03.316768+00:00,kai-scheduler,kai-operator-69b5d7bcf7-mphwj,1.0,89128960
2026-09-16T18:59:03.316768+00:00,kai-scheduler,kai-scheduler-default-687f79495b-qtvls,151.0,432013312
2026-09-16T18:59:03.316768+00:00,kai-scheduler,pod-grouper-65456f756-x2lsx,1.0,11534336
2026-09-16T18:59:03.316768+00:00,kai-scheduler,podgroup-controller-68f9cc8dbf-hfz5k,1.0,11534336
2026-09-16T18:59:03.316768+00:00,kai-scheduler,queue-controller-f86fcd76c-2cqn6,1.0,13631488
2026-09-16T18:59:03.316768+00:00,kube-system,coredns-8db54c48d-wzn7p,15.0,41943040
2026-09-16T18:59:03.316768+00:00,kube-system,kwok-controller-5cf8c7c44b-jhf8z,319.0,88080384
2026-09-16T18:59:03.316768+00:00,kube-system,local-path-provisioner-5d9d9885bc-rz6gp,1.0,17825792
2026-09-16T18:59:03.316768+00:00,kube-system,metrics-server-75dc6f8d87-6l7pf,65.0,268435456
2026-09-16T18:59:03.316768+00:00,kube-system,svclb-traefik-052e4095-db77m,0.0,0
2026-09-16T18:59:03.316768+00:00,kube-system,traefik-9bcdbbd9-dppcr,22.0,117440512
2026-09-16T18:59:03.316768+00:00,pyroscope,pyroscope-0,8.0,137363456
2026-09-16T18:59:03.316768+00:00,pyroscope,pyroscope-alloy-0,160.0,548405248
2026-09-16T18:59:34.599565+00:00,grove-system,grove-operator-556fb4d74c-pnvq4,2981.0,572522496
2026-09-16T18:59:34.599565+00:00,kai-scheduler,admission-86666f457d-7ksq5,1.0,16777216
2026-09-16T18:59:34.599565+00:00,kai-scheduler,kai-operator-69b5d7bcf7-mphwj,1.0,89128960
2026-09-16T18:59:34.599565+00:00,kai-scheduler,kai-scheduler-default-687f79495b-qtvls,129.0,459276288
2026-09-16T18:59:34.599565+00:00,kai-scheduler,pod-grouper-65456f756-x2lsx,1.0,11534336
2026-09-16T18:59:34.599565+00:00,kai-scheduler,podgroup-controller-68f9cc8dbf-hfz5k,1.0,11534336
2026-09-16T18:59:34.599565+00:00,kai-scheduler,queue-controller-f86fcd76c-2cqn6,1.0,13631488
2026-09-16T18:59:34.599565+00:00,kube-system,coredns-8db54c48d-wzn7p,15.0,40894464
2026-09-16T18:59:34.599565+00:00,kube-system,kwok-controller-5cf8c7c44b-jhf8z,318.0,89128960
2026-09-16T18:59:34.599565+00:00,kube-system,local-path-provisioner-5d9d9885bc-rz6gp,1.0,17825792
2026-09-16T18:59:34.599565+00:00,kube-system,metrics-server-75dc6f8d87-6l7pf,70.0,277872640
2026-09-16T18:59:34.599565+00:00,kube-system,svclb-traefik-052e4095-db77m,0.0,0
2026-09-16T18:59:34.599565+00:00,kube-system,traefik-9bcdbbd9-dppcr,24.0,117440512
2026-09-16T18:59:34.599565+00:00,pyroscope,pyroscope-0,9.0,136314880
2026-09-16T18:59:34.599565+00:00,pyroscope,pyroscope-alloy-0,141.0,551550976
2026-09-16T19:00:05.854321+00:00,grove-system,grove-operator-556fb4d74c-pnvq4,771.0,644874240
2026-09-16T19:00:05.854321+00:00,kai-scheduler,admission-86666f457d-7ksq5,1.0,16777216
2026-09-16T19:00:05.854321+00:00,kai-scheduler,kai-operator-69b5d7bcf7-mphwj,1.0,89128960
2026-09-16T19:00:05.854321+00:00,kai-scheduler,kai-scheduler-default-687f79495b-qtvls,131.0,422576128
2026-09-16T19:00:05.854321+00:00,kai-scheduler,pod-grouper-65456f756-x2lsx,1.0,11534336
2026-09-16T19:00:05.854321+00:00,kai-scheduler,podgroup-controller-68f9cc8dbf-hfz5k,1.0,11534336
2026-09-16T19:00:05.854321+00:00,kai-scheduler,queue-controller-f86fcd76c-2cqn6,1.0,13631488
2026-09-16T19:00:05.854321+00:00,kube-system,coredns-8db54c48d-wzn7p,4.0,40894464
2026-09-16T19:00:05.854321+00:00,kube-system,kwok-controller-5cf8c7c44b-jhf8z,109.0,88080384
2026-09-16T19:00:05.854321+00:00,kube-system,local-path-provisioner-5d9d9885bc-rz6gp,1.0,17825792
2026-09-16T19:00:05.854321+00:00,kube-system,metrics-server-75dc6f8d87-6l7pf,43.0,285212672
2026-09-16T19:00:05.854321+00:00,kube-system,svclb-traefik-052e4095-db77m,0.0,0
2026-09-16T19:00:05.854321+00:00,kube-system,traefik-9bcdbbd9-dppcr,6.0,118489088
2026-09-16T19:00:05.854321+00:00,pyroscope,pyroscope-0,8.0,141557760
2026-09-16T19:00:05.854321+00:00,pyroscope,pyroscope-alloy-0,118.0,567279616
2026-09-16T19:00:37.129558+00:00,grove-system,grove-operator-556fb4d74c-pnvq4,1504.0,694157312
2026-09-16T19:00:37.129558+00:00,kai-scheduler,admission-86666f457d-7ksq5,1.0,16777216
2026-09-16T19:00:37.129558+00:00,kai-scheduler,kai-operator-69b5d7bcf7-mphwj,3.0,82837504
2026-09-16T19:00:37.129558+00:00,kai-scheduler,kai-scheduler-default-687f79495b-qtvls,150.0,527433728
2026-09-16T19:00:37.129558+00:00,kai-scheduler,pod-grouper-65456f756-x2lsx,1.0,11534336
2026-09-16T19:00:37.129558+00:00,kai-scheduler,podgroup-controller-68f9cc8dbf-hfz5k,1.0,11534336
2026-09-16T19:00:37.129558+00:00,kai-scheduler,queue-controller-f86fcd76c-2cqn6,1.0,13631488
2026-09-16T19:00:37.129558+00:00,kube-system,coredns-8db54c48d-wzn7p,2.0,40894464
2026-09-16T19:00:37.129558+00:00,kube-system,kwok-controller-5cf8c7c44b-jhf8z,98.0,90177536
2026-09-16T19:00:37.129558+00:00,kube-system,local-path-provisioner-5d9d9885bc-rz6gp,1.0,17825792
2026-09-16T19:00:37.129558+00:00,kube-system,metrics-server-75dc6f8d87-6l7pf,44.0,287309824
2026-09-16T19:00:37.129558+00:00,kube-system,svclb-traefik-052e4095-db77m,0.0,0
2026-09-16T19:00:37.129558+00:00,kube-system,traefik-9bcdbbd9-dppcr,2.0,119537664
2026-09-16T19:00:37.129558+00:00,pyroscope,pyroscope-0,6.0,139460608
2026-09-16T19:00:37.129558+00:00,pyroscope,pyroscope-alloy-0,161.0,576716800
2026-09-16T19:01:08.400603+00:00,grove-system,grove-operator-556fb4d74c-pnvq4,1604.0,708837376
2026-09-16T19:01:08.400603+00:00,kai-scheduler,admission-86666f457d-7ksq5,1.0,16777216
2026-09-16T19:01:08.400603+00:00,kai-scheduler,kai-operator-69b5d7bcf7-mphwj,4.0,83886080
2026-09-16T19:01:08.400603+00:00,kai-scheduler,pod-grouper-65456f756-x2lsx,1.0,11534336
2026-09-16T19:01:08.400603+00:00,kai-scheduler,podgroup-controller-68f9cc8dbf-hfz5k,1.0,11534336
2026-09-16T19:01:08.400603+00:00,kai-scheduler,queue-controller-f86fcd76c-2cqn6,1.0,13631488
2026-09-16T19:01:08.400603+00:00,kube-system,coredns-8db54c48d-wzn7p,14.0,40894464
2026-09-16T19:01:08.400603+00:00,kube-system,kwok-controller-5cf8c7c44b-jhf8z,258.0,90177536
2026-09-16T19:01:08.400603+00:00,kube-system,local-path-provisioner-5d9d9885bc-rz6gp,1.0,17825792
2026-09-16T19:01:08.400603+00:00,kube-system,metrics-server-75dc6f8d87-6l7pf,70.0,305135616
2026-09-16T19:01:08.400603+00:00,kube-system,svclb-traefik-052e4095-db77m,0.0,0
2026-09-16T19:01:08.400603+00:00,kube-system,traefik-9bcdbbd9-dppcr,20.0,120586240
2026-09-16T19:01:08.400603+00:00,pyroscope,pyroscope-0,9.0,142606336
2026-09-16T19:01:08.400603+00:00,pyroscope,pyroscope-alloy-0,230.0,577765376
2026-09-16T19:01:39.688402+00:00,grove-system,grove-operator-556fb4d74c-pnvq4,1968.0,687865856
2026-09-16T19:01:39.688402+00:00,kai-scheduler,admission-86666f457d-7ksq5,1.0,16777216
2026-09-16T19:01:39.688402+00:00,kai-scheduler,kai-operator-69b5d7bcf7-mphwj,4.0,84934656
2026-09-16T19:01:39.688402+00:00,kai-scheduler,pod-grouper-65456f756-x2lsx,1.0,11534336
2026-09-16T19:01:39.688402+00:00,kai-scheduler,podgroup-controller-68f9cc8dbf-hfz5k,1.0,11534336
2026-09-16T19:01:39.688402+00:00,kai-scheduler,queue-controller-f86fcd76c-2cqn6,1.0,13631488
2026-09-16T19:01:39.688402+00:00,kube-system,coredns-8db54c48d-wzn7p,16.0,41943040
2026-09-16T19:01:39.688402+00:00,kube-system,kwok-controller-5cf8c7c44b-jhf8z,335.0,92274688
2026-09-16T19:01:39.688402+00:00,kube-system,local-path-provisioner-5d9d9885bc-rz6gp,1.0,17825792
2026-09-16T19:01:39.688402+00:00,kube-system,metrics-server-75dc6f8d87-6l7pf,74.0,326107136
2026-09-16T19:01:39.688402+00:00,kube-system,svclb-traefik-052e4095-db77m,0.0,0
2026-09-16T19:01:39.688402+00:00,kube-system,traefik-9bcdbbd9-dppcr,25.0,126877696
2026-09-16T19:01:39.688402+00:00,pyroscope,pyroscope-0,8.0,142606336
2026-09-16T19:01:39.688402+00:00,pyroscope,pyroscope-alloy-0,194.0,578813952
2026-09-16T19:02:10.961549+00:00,grove-system,grove-operator-556fb4d74c-pnvq4,3183.0,662700032
2026-09-16T19:02:10.961549+00:00,kai-scheduler,admission-86666f457d-7ksq5,1.0,16777216
2026-09-16T19:02:10.961549+00:00,kai-scheduler,kai-operator-69b5d7bcf7-mphwj,4.0,84934656
2026-09-16T19:02:10.961549+00:00,kai-scheduler,pod-grouper-65456f756-x2lsx,1.0,11534336
2026-09-16T19:02:10.961549+00:00,kai-scheduler,podgroup-controller-68f9cc8dbf-hfz5k,1.0,11534336
2026-09-16T19:02:10.961549+00:00,kai-scheduler,queue-controller-f86fcd76c-2cqn6,1.0,13631488
2026-09-16T19:02:10.961549+00:00,kube-system,coredns-8db54c48d-wzn7p,16.0,41943040
2026-09-16T19:02:10.961549+00:00,kube-system,kwok-controller-5cf8c7c44b-jhf8z,330.0,92274688
2026-09-16T19:02:10.961549+00:00,kube-system,local-path-provisioner-5d9d9885bc-rz6gp,1.0,17825792
2026-09-16T19:02:10.961549+00:00,kube-system,metrics-server-75dc6f8d87-6l7pf,73.0,322961408
2026-09-16T19:02:10.961549+00:00,kube-system,svclb-traefik-052e4095-db77m,0.0,0
2026-09-16T19:02:10.961549+00:00,kube-system,traefik-9bcdbbd9-dppcr,26.0,130023424
2026-09-16T19:02:10.961549+00:00,pyroscope,pyroscope-0,8.0,143654912
2026-09-16T19:02:10.961549+00:00,pyroscope,pyroscope-alloy-0,193.0,606076928
2026-09-16T19:02:42.206028+00:00,grove-system,grove-operator-556fb4d74c-pnvq4,958.0,606076928
2026-09-16T19:02:42.206028+00:00,kai-scheduler,admission-86666f457d-7ksq5,1.0,16777216
2026-09-16T19:02:42.206028+00:00,kai-scheduler,kai-operator-69b5d7bcf7-mphwj,7.0,89128960
2026-09-16T19:02:42.206028+00:00,kai-scheduler,pod-grouper-65456f756-x2lsx,1.0,11534336
2026-09-16T19:02:42.206028+00:00,kai-scheduler,podgroup-controller-68f9cc8dbf-hfz5k,1.0,11534336
2026-09-16T19:02:42.206028+00:00,kai-scheduler,queue-controller-f86fcd76c-2cqn6,1.0,13631488
2026-09-16T19:02:42.206028+00:00,kube-system,coredns-8db54c48d-wzn7p,2.0,40894464
2026-09-16T19:02:42.206028+00:00,kube-system,kwok-controller-5cf8c7c44b-jhf8z,598.0,99614720
2026-09-16T19:02:42.206028+00:00,kube-system,local-path-provisioner-5d9d9885bc-rz6gp,1.0,17825792
2026-09-16T19:02:42.206028+00:00,kube-system,metrics-server-75dc6f8d87-6l7pf,40.0,330301440
2026-09-16T19:02:42.206028+00:00,kube-system,svclb-traefik-052e4095-db77m,0.0,0
2026-09-16T19:02:42.206028+00:00,kube-system,traefik-9bcdbbd9-dppcr,2.0,131072000
2026-09-16T19:02:42.206028+00:00,pyroscope,pyroscope-0,13.0,179306496
2026-09-16T19:02:42.206028+00:00,pyroscope,pyroscope-alloy-0,72.0,629145600
2026-09-16T19:03:13.452657+00:00,grove-system,grove-operator-556fb4d74c-pnvq4,36.0,563085312
2026-09-16T19:03:13.452657+00:00,kai-scheduler,admission-86666f457d-7ksq5,1.0,16777216
2026-09-16T19:03:13.452657+00:00,kai-scheduler,kai-operator-69b5d7bcf7-mphwj,11.0,85983232
2026-09-16T19:03:13.452657+00:00,kai-scheduler,pod-grouper-65456f756-x2lsx,1.0,11534336
2026-09-16T19:03:13.452657+00:00,kai-scheduler,podgroup-controller-68f9cc8dbf-hfz5k,1.0,11534336
2026-09-16T19:03:13.452657+00:00,kai-scheduler,queue-controller-f86fcd76c-2cqn6,1.0,13631488
2026-09-16T19:03:13.452657+00:00,kube-system,coredns-8db54c48d-wzn7p,2.0,41943040
2026-09-16T19:03:13.452657+00:00,kube-system,kwok-controller-5cf8c7c44b-jhf8z,96.0,98566144
2026-09-16T19:03:13.452657+00:00,kube-system,local-path-provisioner-5d9d9885bc-rz6gp,1.0,17825792
2026-09-16T19:03:13.452657+00:00,kube-system,metrics-server-75dc6f8d87-6l7pf,28.0,335544320
2026-09-16T19:03:13.452657+00:00,kube-system,svclb-traefik-052e4095-db77m,0.0,0
2026-09-16T19:03:13.452657+00:00,kube-system,traefik-9bcdbbd9-dppcr,2.0,131072000
2026-09-16T19:03:13.452657+00:00,pyroscope,pyroscope-0,7.0,159383552
2026-09-16T19:03:13.452657+00:00,pyroscope,pyroscope-alloy-0,74.0,629145600
2026-09-16T19:03:44.747336+00:00,grove-system,grove-operator-556fb4d74c-pnvq4,27.0,537919488
2026-09-16T19:03:44.747336+00:00,kai-scheduler,admission-86666f457d-7ksq5,1.0,16777216
2026-09-16T19:03:44.747336+00:00,kai-scheduler,kai-operator-69b5d7bcf7-mphwj,6.0,90177536
2026-09-16T19:03:44.747336+00:00,kai-scheduler,pod-grouper-65456f756-x2lsx,1.0,11534336
2026-09-16T19:03:44.747336+00:00,kai-scheduler,podgroup-controller-68f9cc8dbf-hfz5k,1.0,11534336
2026-09-16T19:03:44.747336+00:00,kai-scheduler,queue-controller-f86fcd76c-2cqn6,1.0,13631488
2026-09-16T19:03:44.747336+00:00,kube-system,coredns-8db54c48d-wzn7p,2.0,41943040
2026-09-16T19:03:44.747336+00:00,kube-system,kwok-controller-5cf8c7c44b-jhf8z,87.0,97517568
2026-09-16T19:03:44.747336+00:00,kube-system,local-path-provisioner-5d9d9885bc-rz6gp,1.0,17825792
2026-09-16T19:03:44.747336+00:00,kube-system,metrics-server-75dc6f8d87-6l7pf,28.0,336592896
2026-09-16T19:03:44.747336+00:00,kube-system,svclb-traefik-052e4095-db77m,0.0,0
2026-09-16T19:03:44.747336+00:00,kube-system,traefik-9bcdbbd9-dppcr,2.0,130023424
2026-09-16T19:03:44.747336+00:00,pyroscope,pyroscope-0,5.0,157286400
2026-09-16T19:03:44.747336+00:00,pyroscope,pyroscope-alloy-0,62.0,628097024
2026-09-16T19:04:15.994540+00:00,grove-system,grove-operator-556fb4d74c-pnvq4,60.0,497025024
2026-09-16T19:04:15.994540+00:00,kai-scheduler,admission-86666f457d-7ksq5,1.0,16777216
2026-09-16T19:04:15.994540+00:00,kai-scheduler,kai-operator-69b5d7bcf7-mphwj,2.0,85983232
2026-09-16T19:04:15.994540+00:00,kai-scheduler,pod-grouper-65456f756-x2lsx,1.0,11534336
2026-09-16T19:04:15.994540+00:00,kai-scheduler,podgroup-controller-68f9cc8dbf-hfz5k,1.0,11534336
2026-09-16T19:04:15.994540+00:00,kai-scheduler,queue-controller-f86fcd76c-2cqn6,1.0,13631488
2026-09-16T19:04:15.994540+00:00,kube-system,coredns-8db54c48d-wzn7p,2.0,41943040
2026-09-16T19:04:15.994540+00:00,kube-system,kwok-controller-5cf8c7c44b-jhf8z,116.0,98566144
2026-09-16T19:04:15.994540+00:00,kube-system,local-path-provisioner-5d9d9885bc-rz6gp,1.0,17825792
2026-09-16T19:04:15.994540+00:00,kube-system,metrics-server-75dc6f8d87-6l7pf,32.0,339738624
2026-09-16T19:04:15.994540+00:00,kube-system,svclb-traefik-052e4095-db77m,0.0,0
2026-09-16T19:04:15.994540+00:00,kube-system,traefik-9bcdbbd9-dppcr,2.0,130023424
2026-09-16T19:04:15.994540+00:00,pyroscope,pyroscope-0,6.0,157286400
2026-09-16T19:04:15.994540+00:00,pyroscope,pyroscope-alloy-0,6.0,650117120
2026-09-16T19:04:47.248928+00:00,grove-system,grove-operator-556fb4d74c-pnvq4,112.0,451936256
2026-09-16T19:04:47.248928+00:00,kai-scheduler,admission-86666f457d-7ksq5,1.0,16777216
2026-09-16T19:04:47.248928+00:00,kai-scheduler,kai-operator-69b5d7bcf7-mphwj,8.0,87031808
2026-09-16T19:04:47.248928+00:00,kai-scheduler,pod-grouper-65456f756-x2lsx,1.0,11534336
2026-09-16T19:04:47.248928+00:00,kai-scheduler,podgroup-controller-68f9cc8dbf-hfz5k,1.0,11534336
2026-09-16T19:04:47.248928+00:00,kai-scheduler,queue-controller-f86fcd76c-2cqn6,1.0,13631488
2026-09-16T19:04:47.248928+00:00,kube-system,coredns-8db54c48d-wzn7p,3.0,41943040
2026-09-16T19:04:47.248928+00:00,kube-system,kwok-controller-5cf8c7c44b-jhf8z,87.0,96468992
2026-09-16T19:04:47.248928+00:00,kube-system,local-path-provisioner-5d9d9885bc-rz6gp,1.0,17825792
2026-09-16T19:04:47.248928+00:00,kube-system,metrics-server-75dc6f8d87-6l7pf,36.0,355467264
2026-09-16T19:04:47.248928+00:00,kube-system,svclb-traefik-052e4095-db77m,0.0,0
2026-09-16T19:04:47.248928+00:00,kube-system,traefik-9bcdbbd9-dppcr,2.0,112197632
2026-09-16T19:04:47.248928+00:00,pyroscope,pyroscope-0,6.0,157286400
2026-09-16T19:04:47.248928+00:00,pyroscope,pyroscope-alloy-0,147.0,639631360
2026-09-16T19:05:18.493832+00:00,grove-system,grove-operator-556fb4d74c-pnvq4,102.0,446693376
2026-09-16T19:05:18.493832+00:00,kai-scheduler,admission-86666f457d-7ksq5,1.0,16777216
2026-09-16T19:05:18.493832+00:00,kai-scheduler,kai-operator-69b5d7bcf7-mphwj,1.0,87031808
2026-09-16T19:05:18.493832+00:00,kai-scheduler,pod-grouper-65456f756-x2lsx,1.0,11534336
2026-09-16T19:05:18.493832+00:00,kai-scheduler,podgroup-controller-68f9cc8dbf-hfz5k,1.0,11534336
2026-09-16T19:05:18.493832+00:00,kai-scheduler,queue-controller-f86fcd76c-2cqn6,1.0,13631488
2026-09-16T19:05:18.493832+00:00,kube-system,coredns-8db54c48d-wzn7p,3.0,42991616
2026-09-16T19:05:18.493832+00:00,kube-system,kwok-controller-5cf8c7c44b-jhf8z,83.0,97517568
2026-09-16T19:05:18.493832+00:00,kube-system,local-path-provisioner-5d9d9885bc-rz6gp,1.0,17825792
2026-09-16T19:05:18.493832+00:00,kube-system,metrics-server-75dc6f8d87-6l7pf,27.0,355467264
2026-09-16T19:05:18.493832+00:00,kube-system,svclb-traefik-052e4095-db77m,0.0,0
2026-09-16T19:05:18.493832+00:00,kube-system,traefik-9bcdbbd9-dppcr,2.0,114294784
2026-09-16T19:05:18.493832+00:00,pyroscope,pyroscope-0,5.0,158334976
2026-09-16T19:05:18.493832+00:00,pyroscope,pyroscope-alloy-0,7.0,640679936
2026-09-16T19:05:49.744687+00:00,grove-system,grove-operator-556fb4d74c-pnvq4,79.0,440401920
2026-09-16T19:05:49.744687+00:00,kai-scheduler,admission-86666f457d-7ksq5,1.0,16777216
2026-09-16T19:05:49.744687+00:00,kai-scheduler,kai-operator-69b5d7bcf7-mphwj,1.0,87031808
2026-09-16T19:05:49.744687+00:00,kai-scheduler,pod-grouper-65456f756-x2lsx,1.0,11534336
2026-09-16T19:05:49.744687+00:00,kai-scheduler,podgroup-controller-68f9cc8dbf-hfz5k,1.0,11534336
2026-09-16T19:05:49.744687+00:00,kai-scheduler,queue-controller-f86fcd76c-2cqn6,1.0,13631488
2026-09-16T19:05:49.744687+00:00,kube-system,coredns-8db54c48d-wzn7p,3.0,41943040
2026-09-16T19:05:49.744687+00:00,kube-system,kwok-controller-5cf8c7c44b-jhf8z,88.0,95420416
2026-09-16T19:05:49.744687+00:00,kube-system,local-path-provisioner-5d9d9885bc-rz6gp,1.0,17825792
2026-09-16T19:05:49.744687+00:00,kube-system,metrics-server-75dc6f8d87-6l7pf,37.0,355467264
2026-09-16T19:05:49.744687+00:00,kube-system,svclb-traefik-052e4095-db77m,0.0,0
2026-09-16T19:05:49.744687+00:00,kube-system,traefik-9bcdbbd9-dppcr,2.0,115343360
2026-09-16T19:05:49.744687+00:00,pyroscope,pyroscope-0,5.0,158334976
2026-09-16T19:05:49.744687+00:00,pyroscope,pyroscope-alloy-0,7.0,644874240
2026-09-16T19:06:20.989376+00:00,grove-system,grove-operator-556fb4d74c-pnvq4,32.0,433061888
2026-09-16T19:06:20.989376+00:00,kai-scheduler,admission-86666f457d-7ksq5,1.0,16777216
2026-09-16T19:06:20.989376+00:00,kai-scheduler,kai-operator-69b5d7bcf7-mphwj,5.0,87031808
2026-09-16T19:06:20.989376+00:00,kai-scheduler,pod-grouper-65456f756-x2lsx,1.0,11534336
2026-09-16T19:06:20.989376+00:00,kai-scheduler,podgroup-controller-68f9cc8dbf-hfz5k,1.0,11534336
2026-09-16T19:06:20.989376+00:00,kai-scheduler,queue-controller-f86fcd76c-2cqn6,1.0,13631488
2026-09-16T19:06:20.989376+00:00,kube-system,coredns-8db54c48d-wzn7p,2.0,40894464
2026-09-16T19:06:20.989376+00:00,kube-system,kwok-controller-5cf8c7c44b-jhf8z,151.0,96468992
2026-09-16T19:06:20.989376+00:00,kube-system,local-path-provisioner-5d9d9885bc-rz6gp,1.0,17825792
2026-09-16T19:06:20.989376+00:00,kube-system,metrics-server-75dc6f8d87-6l7pf,53.0,359661568
2026-09-16T19:06:20.989376+00:00,kube-system,svclb-traefik-052e4095-db77m,0.0,0
2026-09-16T19:06:20.989376+00:00,kube-system,traefik-9bcdbbd9-dppcr,1.0,95420416
2026-09-16T19:06:20.989376+00:00,pyroscope,pyroscope-0,5.0,160432128
2026-09-16T19:06:20.989376+00:00,pyroscope,pyroscope-alloy-0,159.0,664797184
2026-09-16T19:06:52.238794+00:00,grove-system,grove-operator-556fb4d74c-pnvq4,45.0,438304768
2026-09-16T19:06:52.238794+00:00,kai-scheduler,admission-86666f457d-7ksq5,1.0,16777216
2026-09-16T19:06:52.238794+00:00,kai-scheduler,kai-operator-69b5d7bcf7-mphwj,1.0,87031808
2026-09-16T19:06:52.238794+00:00,kai-scheduler,pod-grouper-65456f756-x2lsx,1.0,11534336
2026-09-16T19:06:52.238794+00:00,kai-scheduler,podgroup-controller-68f9cc8dbf-hfz5k,1.0,11534336
2026-09-16T19:06:52.238794+00:00,kai-scheduler,queue-controller-f86fcd76c-2cqn6,1.0,13631488
2026-09-16T19:06:52.238794+00:00,kube-system,coredns-8db54c48d-wzn7p,2.0,41943040
2026-09-16T19:06:52.238794+00:00,kube-system,kwok-controller-5cf8c7c44b-jhf8z,142.0,96468992
2026-09-16T19:06:52.238794+00:00,kube-system,local-path-provisioner-5d9d9885bc-rz6gp,1.0,17825792
2026-09-16T19:06:52.238794+00:00,kube-system,metrics-server-75dc6f8d87-6l7pf,50.0,360710144
2026-09-16T19:06:52.238794+00:00,kube-system,svclb-traefik-052e4095-db77m,0.0,0
2026-09-16T19:06:52.238794+00:00,kube-system,traefik-9bcdbbd9-dppcr,1.0,100663296
2026-09-16T19:06:52.238794+00:00,pyroscope,pyroscope-0,6.0,160432128
2026-09-16T19:06:52.238794+00:00,pyroscope,pyroscope-alloy-0,215.0,616562688
2026-09-16T19:07:23.486971+00:00,grove-system,grove-operator-556fb4d74c-pnvq4,27.0,438304768
2026-09-16T19:07:23.486971+00:00,kai-scheduler,admission-86666f457d-7ksq5,1.0,16777216
2026-09-16T19:07:23.486971+00:00,kai-scheduler,kai-operator-69b5d7bcf7-mphwj,1.0,87031808
2026-09-16T19:07:23.486971+00:00,kai-scheduler,pod-grouper-65456f756-x2lsx,1.0,11534336
2026-09-16T19:07:23.486971+00:00,kai-scheduler,podgroup-controller-68f9cc8dbf-hfz5k,1.0,11534336
2026-09-16T19:07:23.486971+00:00,kai-scheduler,queue-controller-f86fcd76c-2cqn6,1.0,13631488
2026-09-16T19:07:23.486971+00:00,kube-system,coredns-8db54c48d-wzn7p,2.0,40894464
2026-09-16T19:07:23.486971+00:00,kube-system,kwok-controller-5cf8c7c44b-jhf8z,145.0,97517568
2026-09-16T19:07:23.486971+00:00,kube-system,local-path-provisioner-5d9d9885bc-rz6gp,1.0,17825792
2026-09-16T19:07:23.486971+00:00,kube-system,metrics-server-75dc6f8d87-6l7pf,60.0,360710144
2026-09-16T19:07:23.486971+00:00,kube-system,svclb-traefik-052e4095-db77m,0.0,0
2026-09-16T19:07:23.486971+00:00,kube-system,traefik-9bcdbbd9-dppcr,1.0,100663296
2026-09-16T19:07:23.486971+00:00,pyroscope,pyroscope-0,7.0,161480704
2026-09-16T19:07:23.486971+00:00,pyroscope,pyroscope-alloy-0,182.0,616562688
2026-09-16T19:07:54.733513+00:00,grove-system,grove-operator-556fb4d74c-pnvq4,40.0,436207616
2026-09-16T19:07:54.733513+00:00,kai-scheduler,admission-86666f457d-7ksq5,1.0,16777216
2026-09-16T19:07:54.733513+00:00,kai-scheduler,kai-operator-69b5d7bcf7-mphwj,4.0,87031808
2026-09-16T19:07:54.733513+00:00,kai-scheduler,pod-grouper-65456f756-x2lsx,1.0,11534336
2026-09-16T19:07:54.733513+00:00,kai-scheduler,podgroup-controller-68f9cc8dbf-hfz5k,1.0,11534336
2026-09-16T19:07:54.733513+00:00,kai-scheduler,queue-controller-f86fcd76c-2cqn6,1.0,13631488
2026-09-16T19:07:54.733513+00:00,kube-system,coredns-8db54c48d-wzn7p,2.0,40894464
2026-09-16T19:07:54.733513+00:00,kube-system,kwok-controller-5cf8c7c44b-jhf8z,141.0,96468992
2026-09-16T19:07:54.733513+00:00,kube-system,local-path-provisioner-5d9d9885bc-rz6gp,1.0,17825792
2026-09-16T19:07:54.733513+00:00,kube-system,metrics-server-75dc6f8d87-6l7pf,45.0,358612992
2026-09-16T19:07:54.733513+00:00,kube-system,svclb-traefik-052e4095-db77m,0.0,0
2026-09-16T19:07:54.733513+00:00,kube-system,traefik-9bcdbbd9-dppcr,1.0,100663296
2026-09-16T19:07:54.733513+00:00,pyroscope,pyroscope-0,6.0,160432128
2026-09-16T19:07:54.733513+00:00,pyroscope,pyroscope-alloy-0,185.0,603979776
2026-09-16T19:08:25.981080+00:00,grove-system,grove-operator-556fb4d74c-pnvq4,28.0,440401920
2026-09-16T19:08:25.981080+00:00,kai-scheduler,admission-86666f457d-7ksq5,1.0,16777216
2026-09-16T19:08:25.981080+00:00,kai-scheduler,kai-operator-69b5d7bcf7-mphwj,1.0,87031808
2026-09-16T19:08:25.981080+00:00,kai-scheduler,pod-grouper-65456f756-x2lsx,1.0,11534336
2026-09-16T19:08:25.981080+00:00,kai-scheduler,podgroup-controller-68f9cc8dbf-hfz5k,1.0,11534336
2026-09-16T19:08:25.981080+00:00,kai-scheduler,queue-controller-f86fcd76c-2cqn6,1.0,13631488
2026-09-16T19:08:25.981080+00:00,kube-system,coredns-8db54c48d-wzn7p,2.0,40894464
2026-09-16T19:08:25.981080+00:00,kube-system,kwok-controller-5cf8c7c44b-jhf8z,132.0,95420416
2026-09-16T19:08:25.981080+00:00,kube-system,local-path-provisioner-5d9d9885bc-rz6gp,1.0,17825792
2026-09-16T19:08:25.981080+00:00,kube-system,metrics-server-75dc6f8d87-6l7pf,56.0,357564416
2026-09-16T19:08:25.981080+00:00,kube-system,svclb-traefik-052e4095-db77m,0.0,0
2026-09-16T19:08:25.981080+00:00,kube-system,traefik-9bcdbbd9-dppcr,1.0,100663296
2026-09-16T19:08:25.981080+00:00,pyroscope,pyroscope-0,5.0,163577856
2026-09-16T19:08:25.981080+00:00,pyroscope,pyroscope-alloy-0,160.0,599785472
2026-09-16T19:08:57.226975+00:00,grove-system,grove-operator-556fb4d74c-pnvq4,27.0,436207616
2026-09-16T19:08:57.226975+00:00,kai-scheduler,admission-86666f457d-7ksq5,1.0,16777216
2026-09-16T19:08:57.226975+00:00,kai-scheduler,kai-operator-69b5d7bcf7-mphwj,1.0,87031808
2026-09-16T19:08:57.226975+00:00,kai-scheduler,pod-grouper-65456f756-x2lsx,1.0,11534336
2026-09-16T19:08:57.226975+00:00,kai-scheduler,podgroup-controller-68f9cc8dbf-hfz5k,1.0,11534336
2026-09-16T19:08:57.226975+00:00,kai-scheduler,queue-controller-f86fcd76c-2cqn6,1.0,13631488
2026-09-16T19:08:57.226975+00:00,kube-system,coredns-8db54c48d-wzn7p,2.0,41943040
2026-09-16T19:08:57.226975+00:00,kube-system,kwok-controller-5cf8c7c44b-jhf8z,143.0,96468992
2026-09-16T19:08:57.226975+00:00,kube-system,local-path-provisioner-5d9d9885bc-rz6gp,1.0,17825792
2026-09-16T19:08:57.226975+00:00,kube-system,metrics-server-75dc6f8d87-6l7pf,54.0,358612992
2026-09-16T19:08:57.226975+00:00,kube-system,svclb-traefik-052e4095-db77m,0.0,0
2026-09-16T19:08:57.226975+00:00,kube-system,traefik-9bcdbbd9-dppcr,1.0,100663296
2026-09-16T19:08:57.226975+00:00,pyroscope,pyroscope-0,7.0,164626432
2026-09-16T19:08:57.226975+00:00,pyroscope,pyroscope-alloy-0,138.0,607125504
2026-09-16T19:09:28.472009+00:00,grove-system,grove-operator-556fb4d74c-pnvq4,40.0,435159040
2026-09-16T19:09:28.472009+00:00,kai-scheduler,admission-86666f457d-7ksq5,1.0,16777216
2026-09-16T19:09:28.472009+00:00,kai-scheduler,kai-operator-69b5d7bcf7-mphwj,3.0,87031808
2026-09-16T19:09:28.472009+00:00,kai-scheduler,pod-grouper-65456f756-x2lsx,1.0,11534336
2026-09-16T19:09:28.472009+00:00,kai-scheduler,podgroup-controller-68f9cc8dbf-hfz5k,1.0,11534336
2026-09-16T19:09:28.472009+00:00,kai-scheduler,queue-controller-f86fcd76c-2cqn6,1.0,13631488
2026-09-16T19:09:28.472009+00:00,kube-system,coredns-8db54c48d-wzn7p,2.0,39845888
2026-09-16T19:09:28.472009+00:00,kube-system,kwok-controller-5cf8c7c44b-jhf8z,142.0,95420416
2026-09-16T19:09:28.472009+00:00,kube-system,local-path-provisioner-5d9d9885bc-rz6gp,1.0,17825792
2026-09-16T19:09:28.472009+00:00,kube-system,metrics-server-75dc6f8d87-6l7pf,53.0,342884352
2026-09-16T19:09:28.472009+00:00,kube-system,svclb-traefik-052e4095-db77m,0.0,0
2026-09-16T19:09:28.472009+00:00,kube-system,traefik-9bcdbbd9-dppcr,2.0,100663296
2026-09-16T19:09:28.472009+00:00,pyroscope,pyroscope-0,5.0,160432128
2026-09-16T19:09:28.472009+00:00,pyroscope,pyroscope-alloy-0,137.0,597688320
2026-09-16T19:09:59.723753+00:00,grove-system,grove-operator-556fb4d74c-pnvq4,27.0,438304768
2026-09-16T19:09:59.723753+00:00,kai-scheduler,admission-86666f457d-7ksq5,1.0,16777216
2026-09-16T19:09:59.723753+00:00,kai-scheduler,kai-operator-69b5d7bcf7-mphwj,3.0,83886080
2026-09-16T19:09:59.723753+00:00,kai-scheduler,pod-grouper-65456f756-x2lsx,1.0,11534336
2026-09-16T19:09:59.723753+00:00,kai-scheduler,podgroup-controller-68f9cc8dbf-hfz5k,1.0,11534336
2026-09-16T19:09:59.723753+00:00,kai-scheduler,queue-controller-f86fcd76c-2cqn6,1.0,13631488
2026-09-16T19:09:59.723753+00:00,kube-system,coredns-8db54c48d-wzn7p,2.0,39845888
2026-09-16T19:09:59.723753+00:00,kube-system,kwok-controller-5cf8c7c44b-jhf8z,138.0,96468992
2026-09-16T19:09:59.723753+00:00,kube-system,local-path-provisioner-5d9d9885bc-rz6gp,1.0,17825792
2026-09-16T19:09:59.723753+00:00,kube-system,metrics-server-75dc6f8d87-6l7pf,44.0,288358400
2026-09-16T19:09:59.723753+00:00,kube-system,svclb-traefik-052e4095-db77m,0.0,0
2026-09-16T19:09:59.723753+00:00,kube-system,traefik-9bcdbbd9-dppcr,1.0,100663296
2026-09-16T19:09:59.723753+00:00,pyroscope,pyroscope-0,5.0,160432128
2026-09-16T19:09:59.723753+00:00,pyroscope,pyroscope-alloy-0,141.0,597688320
2026-09-16T19:10:30.977851+00:00,grove-system,grove-operator-556fb4d74c-pnvq4,27.0,435159040
2026-09-16T19:10:30.977851+00:00,kai-scheduler,admission-86666f457d-7ksq5,1.0,16777216
2026-09-16T19:10:30.977851+00:00,kai-scheduler,kai-operator-69b5d7bcf7-mphwj,1.0,83886080
2026-09-16T19:10:30.977851+00:00,kai-scheduler,pod-grouper-65456f756-x2lsx,1.0,11534336
2026-09-16T19:10:30.977851+00:00,kai-scheduler,podgroup-controller-68f9cc8dbf-hfz5k,1.0,11534336
2026-09-16T19:10:30.977851+00:00,kai-scheduler,queue-controller-f86fcd76c-2cqn6,1.0,13631488
2026-09-16T19:10:30.977851+00:00,kube-system,coredns-8db54c48d-wzn7p,2.0,40894464
2026-09-16T19:10:30.977851+00:00,kube-system,kwok-controller-5cf8c7c44b-jhf8z,142.0,94371840
2026-09-16T19:10:30.977851+00:00,kube-system,local-path-provisioner-5d9d9885bc-rz6gp,1.0,17825792
2026-09-16T19:10:30.977851+00:00,kube-system,metrics-server-75dc6f8d87-6l7pf,54.0,258998272
2026-09-16T19:10:30.977851+00:00,kube-system,svclb-traefik-052e4095-db77m,0.0,0
2026-09-16T19:10:30.977851+00:00,kube-system,traefik-9bcdbbd9-dppcr,3.0,100663296
2026-09-16T19:10:30.977851+00:00,pyroscope,pyroscope-0,6.0,160432128
2026-09-16T19:10:30.977851+00:00,pyroscope,pyroscope-alloy-0,114.0,598736896
2026-09-16T19:11:02.227660+00:00,grove-system,grove-operator-556fb4d74c-pnvq4,29.0,440401920
2026-09-16T19:11:02.227660+00:00,kai-scheduler,admission-86666f457d-7ksq5,1.0,16777216
2026-09-16T19:11:02.227660+00:00,kai-scheduler,kai-operator-69b5d7bcf7-mphwj,1.0,83886080
2026-09-16T19:11:02.227660+00:00,kai-scheduler,pod-grouper-65456f756-x2lsx,1.0,11534336
2026-09-16T19:11:02.227660+00:00,kai-scheduler,podgroup-controller-68f9cc8dbf-hfz5k,1.0,11534336
2026-09-16T19:11:02.227660+00:00,kai-scheduler,queue-controller-f86fcd76c-2cqn6,1.0,13631488
2026-09-16T19:11:02.227660+00:00,kube-system,coredns-8db54c48d-wzn7p,2.0,39845888
2026-09-16T19:11:02.227660+00:00,kube-system,kwok-controller-5cf8c7c44b-jhf8z,134.0,96468992
2026-09-16T19:11:02.227660+00:00,kube-system,local-path-provisioner-5d9d9885bc-rz6gp,1.0,17825792
2026-09-16T19:11:02.227660+00:00,kube-system,metrics-server-75dc6f8d87-6l7pf,46.0,263192576
2026-09-16T19:11:02.227660+00:00,kube-system,svclb-traefik-052e4095-db77m,0.0,0
2026-09-16T19:11:02.227660+00:00,kube-system,traefik-9bcdbbd9-dppcr,1.0,100663296
2026-09-16T19:11:02.227660+00:00,pyroscope,pyroscope-0,7.0,162529280
2026-09-16T19:11:02.227660+00:00,pyroscope,pyroscope-alloy-0,120.0,591396864
2026-09-16T19:11:33.474584+00:00,grove-system,grove-operator-556fb4d74c-pnvq4,26.0,442499072
2026-09-16T19:11:33.474584+00:00,kai-scheduler,admission-86666f457d-7ksq5,1.0,16777216
2026-09-16T19:11:33.474584+00:00,kai-scheduler,kai-operator-69b5d7bcf7-mphwj,1.0,83886080
2026-09-16T19:11:33.474584+00:00,kai-scheduler,pod-grouper-65456f756-x2lsx,1.0,11534336
2026-09-16T19:11:33.474584+00:00,kai-scheduler,podgroup-controller-68f9cc8dbf-hfz5k,1.0,11534336
2026-09-16T19:11:33.474584+00:00,kai-scheduler,queue-controller-f86fcd76c-2cqn6,1.0,13631488
2026-09-16T19:11:33.474584+00:00,kube-system,coredns-8db54c48d-wzn7p,2.0,39845888
2026-09-16T19:11:33.474584+00:00,kube-system,kwok-controller-5cf8c7c44b-jhf8z,145.0,95420416
2026-09-16T19:11:33.474584+00:00,kube-system,local-path-provisioner-5d9d9885bc-rz6gp,1.0,17825792
2026-09-16T19:11:33.474584+00:00,kube-system,metrics-server-75dc6f8d87-6l7pf,59.0,265289728
2026-09-16T19:11:33.474584+00:00,kube-system,svclb-traefik-052e4095-db77m,0.0,0
2026-09-16T19:11:33.474584+00:00,kube-system,traefik-9bcdbbd9-dppcr,1.0,100663296
2026-09-16T19:11:33.474584+00:00,pyroscope,pyroscope-0,5.0,163577856
2026-09-16T19:11:33.474584+00:00,pyroscope,pyroscope-alloy-0,113.0,591396864
2026-09-16T19:12:04.720236+00:00,grove-system,grove-operator-556fb4d74c-pnvq4,27.0,437256192
2026-09-16T19:12:04.720236+00:00,kai-scheduler,admission-86666f457d-7ksq5,1.0,16777216
2026-09-16T19:12:04.720236+00:00,kai-scheduler,kai-operator-69b5d7bcf7-mphwj,2.0,82837504
2026-09-16T19:12:04.720236+00:00,kai-scheduler,pod-grouper-65456f756-x2lsx,1.0,11534336
2026-09-16T19:12:04.720236+00:00,kai-scheduler,podgroup-controller-68f9cc8dbf-hfz5k,1.0,11534336
2026-09-16T19:12:04.720236+00:00,kai-scheduler,queue-controller-f86fcd76c-2cqn6,1.0,14680064
2026-09-16T19:12:04.720236+00:00,kube-system,coredns-8db54c48d-wzn7p,2.0,40894464
2026-09-16T19:12:04.720236+00:00,kube-system,kwok-controller-5cf8c7c44b-jhf8z,140.0,95420416
2026-09-16T19:12:04.720236+00:00,kube-system,local-path-provisioner-5d9d9885bc-rz6gp,1.0,17825792
2026-09-16T19:12:04.720236+00:00,kube-system,metrics-server-75dc6f8d87-6l7pf,48.0,263192576
2026-09-16T19:12:04.720236+00:00,kube-system,svclb-traefik-052e4095-db77m,0.0,0
2026-09-16T19:12:04.720236+00:00,kube-system,traefik-9bcdbbd9-dppcr,1.0,100663296
2026-09-16T19:12:04.720236+00:00,pyroscope,pyroscope-0,5.0,163577856
2026-09-16T19:12:04.720236+00:00,pyroscope,pyroscope-alloy-0,105.0,591396864
2026-09-16T19:12:35.974997+00:00,grove-system,grove-operator-556fb4d74c-pnvq4,37.0,436207616
2026-09-16T19:12:35.974997+00:00,kai-scheduler,admission-86666f457d-7ksq5,1.0,16777216
2026-09-16T19:12:35.974997+00:00,kai-scheduler,kai-operator-69b5d7bcf7-mphwj,1.0,82837504
2026-09-16T19:12:35.974997+00:00,kai-scheduler,pod-grouper-65456f756-x2lsx,1.0,11534336
2026-09-16T19:12:35.974997+00:00,kai-scheduler,podgroup-controller-68f9cc8dbf-hfz5k,1.0,11534336
2026-09-16T19:12:35.974997+00:00,kai-scheduler,queue-controller-f86fcd76c-2cqn6,1.0,13631488
2026-09-16T19:12:35.974997+00:00,kube-system,coredns-8db54c48d-wzn7p,2.0,39845888
2026-09-16T19:12:35.974997+00:00,kube-system,kwok-controller-5cf8c7c44b-jhf8z,264.0,93323264
2026-09-16T19:12:35.974997+00:00,kube-system,local-path-provisioner-5d9d9885bc-rz6gp,1.0,17825792
2026-09-16T19:12:35.974997+00:00,kube-system,metrics-server-75dc6f8d87-6l7pf,51.0,263192576
2026-09-16T19:12:35.974997+00:00,kube-system,svclb-traefik-052e4095-db77m,0.0,0
2026-09-16T19:12:35.974997+00:00,kube-system,traefik-9bcdbbd9-dppcr,1.0,100663296
2026-09-16T19:12:35.974997+00:00,pyroscope,pyroscope-0,7.0,164626432
2026-09-16T19:12:35.974997+00:00,pyroscope,pyroscope-alloy-0,89.0,575668224
2026-09-16T19:13:07.227166+00:00,grove-system,grove-operator-556fb4d74c-pnvq4,39.0,441450496
2026-09-16T19:13:07.227166+00:00,kai-scheduler,admission-86666f457d-7ksq5,1.0,16777216
2026-09-16T19:13:07.227166+00:00,kai-scheduler,kai-operator-69b5d7bcf7-mphwj,3.0,83886080
2026-09-16T19:13:07.227166+00:00,kai-scheduler,kai-scheduler-default-687f79495b-qtvls,72.0,315621376
2026-09-16T19:13:07.227166+00:00,kai-scheduler,pod-grouper-65456f756-x2lsx,1.0,11534336
2026-09-16T19:13:07.227166+00:00,kai-scheduler,podgroup-controller-68f9cc8dbf-hfz5k,1.0,11534336
2026-09-16T19:13:07.227166+00:00,kai-scheduler,queue-controller-f86fcd76c-2cqn6,1.0,13631488
2026-09-16T19:13:07.227166+00:00,kube-system,coredns-8db54c48d-wzn7p,2.0,40894464
2026-09-16T19:13:07.227166+00:00,kube-system,kwok-controller-5cf8c7c44b-jhf8z,147.0,93323264
2026-09-16T19:13:07.227166+00:00,kube-system,local-path-provisioner-5d9d9885bc-rz6gp,1.0,17825792
2026-09-16T19:13:07.227166+00:00,kube-system,metrics-server-75dc6f8d87-6l7pf,47.0,264241152
2026-09-16T19:13:07.227166+00:00,kube-system,svclb-traefik-052e4095-db77m,0.0,0
2026-09-16T19:13:07.227166+00:00,kube-system,traefik-9bcdbbd9-dppcr,1.0,100663296
2026-09-16T19:13:07.227166+00:00,pyroscope,pyroscope-0,6.0,164626432
2026-09-16T19:13:07.227166+00:00,pyroscope,pyroscope-alloy-0,93.0,579862528
2026-09-16T19:13:38.474039+00:00,grove-system,grove-operator-556fb4d74c-pnvq4,35.0,438304768
2026-09-16T19:13:38.474039+00:00,kai-scheduler,admission-86666f457d-7ksq5,1.0,16777216
2026-09-16T19:13:38.474039+00:00,kai-scheduler,kai-operator-69b5d7bcf7-mphwj,2.0,83886080
2026-09-16T19:13:38.474039+00:00,kai-scheduler,kai-scheduler-default-687f79495b-qtvls,75.0,277872640
2026-09-16T19:13:38.474039+00:00,kai-scheduler,pod-grouper-65456f756-x2lsx,1.0,11534336
2026-09-16T19:13:38.474039+00:00,kai-scheduler,podgroup-controller-68f9cc8dbf-hfz5k,1.0,11534336
2026-09-16T19:13:38.474039+00:00,kai-scheduler,queue-controller-f86fcd76c-2cqn6,1.0,13631488
2026-09-16T19:13:38.474039+00:00,kube-system,coredns-8db54c48d-wzn7p,2.0,39845888
2026-09-16T19:13:38.474039+00:00,kube-system,kwok-controller-5cf8c7c44b-jhf8z,136.0,93323264
2026-09-16T19:13:38.474039+00:00,kube-system,local-path-provisioner-5d9d9885bc-rz6gp,1.0,17825792
2026-09-16T19:13:38.474039+00:00,kube-system,metrics-server-75dc6f8d87-6l7pf,47.0,262144000
2026-09-16T19:13:38.474039+00:00,kube-system,svclb-traefik-052e4095-db77m,0.0,0
2026-09-16T19:13:38.474039+00:00,kube-system,traefik-9bcdbbd9-dppcr,1.0,100663296
2026-09-16T19:13:38.474039+00:00,pyroscope,pyroscope-0,5.0,164626432
2026-09-16T19:13:38.474039+00:00,pyroscope,pyroscope-alloy-0,82.0,554696704
2026-09-16T19:14:09.776144+00:00,grove-system,grove-operator-556fb4d74c-pnvq4,38.0,434110464
2026-09-16T19:14:09.776144+00:00,kai-scheduler,admission-86666f457d-7ksq5,1.0,16777216
2026-09-16T19:14:09.776144+00:00,kai-scheduler,kai-operator-69b5d7bcf7-mphwj,1.0,82837504
2026-09-16T19:14:09.776144+00:00,kai-scheduler,kai-scheduler-default-687f79495b-qtvls,70.0,258998272
2026-09-16T19:14:09.776144+00:00,kai-scheduler,pod-grouper-65456f756-x2lsx,1.0,11534336
2026-09-16T19:14:09.776144+00:00,kai-scheduler,podgroup-controller-68f9cc8dbf-hfz5k,1.0,11534336
2026-09-16T19:14:09.776144+00:00,kai-scheduler,queue-controller-f86fcd76c-2cqn6,1.0,13631488
2026-09-16T19:14:09.776144+00:00,kube-system,coredns-8db54c48d-wzn7p,2.0,40894464
2026-09-16T19:14:09.776144+00:00,kube-system,kwok-controller-5cf8c7c44b-jhf8z,138.0,93323264
2026-09-16T19:14:09.776144+00:00,kube-system,local-path-provisioner-5d9d9885bc-rz6gp,1.0,17825792
2026-09-16T19:14:09.776144+00:00,kube-system,metrics-server-75dc6f8d87-6l7pf,53.0,263192576
2026-09-16T19:14:09.776144+00:00,kube-system,svclb-traefik-052e4095-db77m,0.0,0
2026-09-16T19:14:09.776144+00:00,kube-system,traefik-9bcdbbd9-dppcr,1.0,100663296
2026-09-16T19:14:09.776144+00:00,pyroscope,pyroscope-0,6.0,164626432
2026-09-16T19:14:09.776144+00:00,pyroscope,pyroscope-alloy-0,83.0,549453824
2026-09-16T19:14:41.068152+00:00,grove-system,grove-operator-556fb4d74c-pnvq4,27.0,435159040
2026-09-16T19:14:41.068152+00:00,kai-scheduler,admission-86666f457d-7ksq5,1.0,16777216
2026-09-16T19:14:41.068152+00:00,kai-scheduler,binder-869fc94c7-p2mws,34.0,152043520
2026-09-16T19:14:41.068152+00:00,kai-scheduler,kai-operator-69b5d7bcf7-mphwj,1.0,83886080
2026-09-16T19:14:41.068152+00:00,kai-scheduler,kai-scheduler-default-687f79495b-qtvls,64.0,248512512
2026-09-16T19:14:41.068152+00:00,kai-scheduler,pod-grouper-65456f756-x2lsx,1.0,11534336
2026-09-16T19:14:41.068152+00:00,kai-scheduler,podgroup-controller-68f9cc8dbf-hfz5k,1.0,11534336
2026-09-16T19:14:41.068152+00:00,kai-scheduler,queue-controller-f86fcd76c-2cqn6,1.0,13631488
2026-09-16T19:14:41.068152+00:00,kube-system,coredns-8db54c48d-wzn7p,2.0,40894464
2026-09-16T19:14:41.068152+00:00,kube-system,kwok-controller-5cf8c7c44b-jhf8z,143.0,94371840
2026-09-16T19:14:41.068152+00:00,kube-system,local-path-provisioner-5d9d9885bc-rz6gp,1.0,17825792
2026-09-16T19:14:41.068152+00:00,kube-system,metrics-server-75dc6f8d87-6l7pf,45.0,262144000
2026-09-16T19:14:41.068152+00:00,kube-system,svclb-traefik-052e4095-db77m,0.0,0
2026-09-16T19:14:41.068152+00:00,kube-system,traefik-9bcdbbd9-dppcr,1.0,100663296
2026-09-16T19:14:41.068152+00:00,pyroscope,pyroscope-0,5.0,164626432
2026-09-16T19:14:41.068152+00:00,pyroscope,pyroscope-alloy-0,67.0,541065216
2026-09-16T19:15:12.318091+00:00,grove-system,grove-operator-556fb4d74c-pnvq4,28.0,439353344
2026-09-16T19:15:12.318091+00:00,kai-scheduler,admission-86666f457d-7ksq5,1.0,16777216
2026-09-16T19:15:12.318091+00:00,kai-scheduler,binder-869fc94c7-p2mws,34.0,150994944
2026-09-16T19:15:12.318091+00:00,kai-scheduler,kai-operator-69b5d7bcf7-mphwj,1.0,83886080
2026-09-16T19:15:12.318091+00:00,kai-scheduler,kai-scheduler-default-687f79495b-qtvls,59.0,219152384
2026-09-16T19:15:12.318091+00:00,kai-scheduler,pod-grouper-65456f756-x2lsx,1.0,11534336
2026-09-16T19:15:12.318091+00:00,kai-scheduler,podgroup-controller-68f9cc8dbf-hfz5k,1.0,11534336
2026-09-16T19:15:12.318091+00:00,kai-scheduler,queue-controller-f86fcd76c-2cqn6,1.0,13631488
2026-09-16T19:15:12.318091+00:00,kube-system,coredns-8db54c48d-wzn7p,2.0,39845888
2026-09-16T19:15:12.318091+00:00,kube-system,kwok-controller-5cf8c7c44b-jhf8z,142.0,92274688
2026-09-16T19:15:12.318091+00:00,kube-system,local-path-provisioner-5d9d9885bc-rz6gp,1.0,17825792
2026-09-16T19:15:12.318091+00:00,kube-system,metrics-server-75dc6f8d87-6l7pf,51.0,262144000
2026-09-16T19:15:12.318091+00:00,kube-system,svclb-traefik-052e4095-db77m,0.0,0
2026-09-16T19:15:12.318091+00:00,kube-system,traefik-9bcdbbd9-dppcr,1.0,100663296
2026-09-16T19:15:12.318091+00:00,pyroscope,pyroscope-0,6.0,164626432
2026-09-16T19:15:12.318091+00:00,pyroscope,pyroscope-alloy-0,71.0,542113792
2026-09-16T19:15:43.571500+00:00,grove-system,grove-operator-556fb4d74c-pnvq4,35.0,430964736
2026-09-16T19:15:43.571500+00:00,kai-scheduler,admission-86666f457d-7ksq5,1.0,16777216
2026-09-16T19:15:43.571500+00:00,kai-scheduler,binder-869fc94c7-p2mws,34.0,149946368
2026-09-16T19:15:43.571500+00:00,kai-scheduler,kai-operator-69b5d7bcf7-mphwj,1.0,83886080
2026-09-16T19:15:43.571500+00:00,kai-scheduler,kai-scheduler-default-687f79495b-qtvls,55.0,219152384
2026-09-16T19:15:43.571500+00:00,kai-scheduler,pod-grouper-65456f756-x2lsx,1.0,11534336
2026-09-16T19:15:43.571500+00:00,kai-scheduler,podgroup-controller-68f9cc8dbf-hfz5k,1.0,11534336
2026-09-16T19:15:43.571500+00:00,kai-scheduler,queue-controller-f86fcd76c-2cqn6,1.0,13631488
2026-09-16T19:15:43.571500+00:00,kube-system,coredns-8db54c48d-wzn7p,2.0,40894464
2026-09-16T19:15:43.571500+00:00,kube-system,kwok-controller-5cf8c7c44b-jhf8z,140.0,93323264
2026-09-16T19:15:43.571500+00:00,kube-system,local-path-provisioner-5d9d9885bc-rz6gp,1.0,17825792
2026-09-16T19:15:43.571500+00:00,kube-system,metrics-server-75dc6f8d87-6l7pf,47.0,261095424
2026-09-16T19:15:43.571500+00:00,kube-system,svclb-traefik-052e4095-db77m,0.0,0
2026-09-16T19:15:43.571500+00:00,kube-system,traefik-9bcdbbd9-dppcr,1.0,100663296
2026-09-16T19:15:43.571500+00:00,pyroscope,pyroscope-0,5.0,164626432
2026-09-16T19:15:43.571500+00:00,pyroscope,pyroscope-alloy-0,58.0,532676608
2026-09-16T19:16:14.826657+00:00,grove-system,grove-operator-556fb4d74c-pnvq4,35.0,435159040
2026-09-16T19:16:14.826657+00:00,kai-scheduler,admission-86666f457d-7ksq5,1.0,16777216
2026-09-16T19:16:14.826657+00:00,kai-scheduler,binder-869fc94c7-p2mws,33.0,147849216
2026-09-16T19:16:14.826657+00:00,kai-scheduler,kai-operator-69b5d7bcf7-mphwj,1.0,83886080
2026-09-16T19:16:14.826657+00:00,kai-scheduler,kai-scheduler-default-687f79495b-qtvls,46.0,196083712
2026-09-16T19:16:14.826657+00:00,kai-scheduler,pod-grouper-65456f756-x2lsx,1.0,11534336
2026-09-16T19:16:14.826657+00:00,kai-scheduler,podgroup-controller-68f9cc8dbf-hfz5k,1.0,11534336
2026-09-16T19:16:14.826657+00:00,kai-scheduler,queue-controller-f86fcd76c-2cqn6,1.0,13631488
2026-09-16T19:16:14.826657+00:00,kube-system,coredns-8db54c48d-wzn7p,2.0,39845888
2026-09-16T19:16:14.826657+00:00,kube-system,kwok-controller-5cf8c7c44b-jhf8z,140.0,92274688
2026-09-16T19:16:14.826657+00:00,kube-system,local-path-provisioner-5d9d9885bc-rz6gp,1.0,17825792
2026-09-16T19:16:14.826657+00:00,kube-system,metrics-server-75dc6f8d87-6l7pf,54.0,263192576
2026-09-16T19:16:14.826657+00:00,kube-system,svclb-traefik-052e4095-db77m,0.0,0
2026-09-16T19:16:14.826657+00:00,kube-system,traefik-9bcdbbd9-dppcr,1.0,100663296
2026-09-16T19:16:14.826657+00:00,pyroscope,pyroscope-0,6.0,164626432
2026-09-16T19:16:14.826657+00:00,pyroscope,pyroscope-alloy-0,47.0,516947968
2026-09-16T19:16:46.067732+00:00,grove-system,grove-operator-556fb4d74c-pnvq4,37.0,435159040
2026-09-16T19:16:46.067732+00:00,kai-scheduler,admission-86666f457d-7ksq5,1.0,16777216
2026-09-16T19:16:46.067732+00:00,kai-scheduler,binder-869fc94c7-p2mws,35.0,148897792
2026-09-16T19:16:46.067732+00:00,kai-scheduler,kai-operator-69b5d7bcf7-mphwj,1.0,84934656
2026-09-16T19:16:46.067732+00:00,kai-scheduler,kai-scheduler-default-687f79495b-qtvls,39.0,203423744
2026-09-16T19:16:46.067732+00:00,kai-scheduler,pod-grouper-65456f756-x2lsx,1.0,11534336
2026-09-16T19:16:46.067732+00:00,kai-scheduler,podgroup-controller-68f9cc8dbf-hfz5k,1.0,11534336
2026-09-16T19:16:46.067732+00:00,kai-scheduler,queue-controller-f86fcd76c-2cqn6,1.0,13631488
2026-09-16T19:16:46.067732+00:00,kube-system,coredns-8db54c48d-wzn7p,2.0,40894464
2026-09-16T19:16:46.067732+00:00,kube-system,kwok-controller-5cf8c7c44b-jhf8z,137.0,93323264
2026-09-16T19:16:46.067732+00:00,kube-system,local-path-provisioner-5d9d9885bc-rz6gp,1.0,17825792
2026-09-16T19:16:46.067732+00:00,kube-system,metrics-server-75dc6f8d87-6l7pf,58.0,263192576
2026-09-16T19:16:46.067732+00:00,kube-system,svclb-traefik-052e4095-db77m,0.0,0
2026-09-16T19:16:46.067732+00:00,kube-system,traefik-9bcdbbd9-dppcr,2.0,100663296
2026-09-16T19:16:46.067732+00:00,pyroscope,pyroscope-0,26.0,413138944
2026-09-16T19:16:46.067732+00:00,pyroscope,pyroscope-alloy-0,41.0,507510784
2026-09-16T19:17:17.316915+00:00,grove-system,grove-operator-556fb4d74c-pnvq4,31.0,434110464
2026-09-16T19:17:17.316915+00:00,kai-scheduler,admission-86666f457d-7ksq5,1.0,16777216
2026-09-16T19:17:17.316915+00:00,kai-scheduler,binder-869fc94c7-p2mws,35.0,145752064
2026-09-16T19:17:17.316915+00:00,kai-scheduler,kai-operator-69b5d7bcf7-mphwj,1.0,83886080
2026-09-16T19:17:17.316915+00:00,kai-scheduler,kai-scheduler-default-687f79495b-qtvls,29.0,183500800
2026-09-16T19:17:17.316915+00:00,kai-scheduler,pod-grouper-65456f756-x2lsx,1.0,11534336
2026-09-16T19:17:17.316915+00:00,kai-scheduler,podgroup-controller-68f9cc8dbf-hfz5k,1.0,11534336
2026-09-16T19:17:17.316915+00:00,kai-scheduler,queue-controller-f86fcd76c-2cqn6,1.0,13631488
2026-09-16T19:17:17.316915+00:00,kube-system,coredns-8db54c48d-wzn7p,2.0,39845888
2026-09-16T19:17:17.316915+00:00,kube-system,kwok-controller-5cf8c7c44b-jhf8z,124.0,92274688
2026-09-16T19:17:17.316915+00:00,kube-system,local-path-provisioner-5d9d9885bc-rz6gp,1.0,17825792
2026-09-16T19:17:17.316915+00:00,kube-system,metrics-server-75dc6f8d87-6l7pf,48.0,263192576
2026-09-16T19:17:17.316915+00:00,kube-system,svclb-traefik-052e4095-db77m,0.0,0
2026-09-16T19:17:17.316915+00:00,kube-system,traefik-9bcdbbd9-dppcr,1.0,100663296
2026-09-16T19:17:17.316915+00:00,pyroscope,pyroscope-0,5.0,413138944
2026-09-16T19:17:17.316915+00:00,pyroscope,pyroscope-alloy-0,39.0,488636416
2026-09-16T19:17:48.568139+00:00,grove-system,grove-operator-556fb4d74c-pnvq4,11.0,428867584
2026-09-16T19:17:48.568139+00:00,kai-scheduler,admission-86666f457d-7ksq5,1.0,16777216
2026-09-16T19:17:48.568139+00:00,kai-scheduler,binder-869fc94c7-p2mws,33.0,152043520
2026-09-16T19:17:48.568139+00:00,kai-scheduler,kai-operator-69b5d7bcf7-mphwj,37.0,105906176
2026-09-16T19:17:48.568139+00:00,kai-scheduler,kai-scheduler-default-687f79495b-qtvls,40.0,186646528
2026-09-16T19:17:48.568139+00:00,kai-scheduler,pod-grouper-65456f756-x2lsx,1.0,11534336
2026-09-16T19:17:48.568139+00:00,kai-scheduler,podgroup-controller-68f9cc8dbf-hfz5k,1.0,11534336
2026-09-16T19:17:48.568139+00:00,kai-scheduler,queue-controller-f86fcd76c-2cqn6,1.0,13631488
2026-09-16T19:17:48.568139+00:00,kube-system,coredns-8db54c48d-wzn7p,2.0,40894464
2026-09-16T19:17:48.568139+00:00,kube-system,kwok-controller-5cf8c7c44b-jhf8z,102.0,91226112
2026-09-16T19:17:48.568139+00:00,kube-system,local-path-provisioner-5d9d9885bc-rz6gp,1.0,17825792
2026-09-16T19:17:48.568139+00:00,kube-system,metrics-server-75dc6f8d87-6l7pf,52.0,262144000
2026-09-16T19:17:48.568139+00:00,kube-system,svclb-traefik-052e4095-db77m,0.0,0
2026-09-16T19:17:48.568139+00:00,kube-system,traefik-9bcdbbd9-dppcr,49.0,115343360
2026-09-16T19:17:48.568139+00:00,pyroscope,pyroscope-0,5.0,413138944
2026-09-16T19:17:48.568139+00:00,pyroscope,pyroscope-alloy-0,11.0,460324864
2026-09-16T19:18:19.850914+00:00,grove-system,grove-operator-556fb4d74c-pnvq4,41.0,429916160
2026-09-16T19:18:19.850914+00:00,kai-scheduler,admission-86666f457d-7ksq5,1.0,16777216
2026-09-16T19:18:19.850914+00:00,kai-scheduler,binder-869fc94c7-p2mws,33.0,152043520
2026-09-16T19:18:19.850914+00:00,kai-scheduler,kai-operator-69b5d7bcf7-mphwj,36.0,105906176
2026-09-16T19:18:19.850914+00:00,kai-scheduler,kai-scheduler-default-687f79495b-qtvls,39.0,185597952
2026-09-16T19:18:19.850914+00:00,kai-scheduler,pod-grouper-65456f756-x2lsx,1.0,11534336
2026-09-16T19:18:19.850914+00:00,kai-scheduler,podgroup-controller-68f9cc8dbf-hfz5k,1.0,11534336
2026-09-16T19:18:19.850914+00:00,kai-scheduler,queue-controller-f86fcd76c-2cqn6,1.0,13631488
2026-09-16T19:18:19.850914+00:00,kube-system,coredns-8db54c48d-wzn7p,2.0,39845888
2026-09-16T19:18:19.850914+00:00,kube-system,kwok-controller-5cf8c7c44b-jhf8z,108.0,90177536
2026-09-16T19:18:19.850914+00:00,kube-system,local-path-provisioner-5d9d9885bc-rz6gp,1.0,17825792
2026-09-16T19:18:19.850914+00:00,kube-system,metrics-server-75dc6f8d87-6l7pf,69.0,263192576
2026-09-16T19:18:19.850914+00:00,kube-system,svclb-traefik-052e4095-db77m,0.0,0
2026-09-16T19:18:19.850914+00:00,kube-system,traefik-9bcdbbd9-dppcr,47.0,116391936
2026-09-16T19:18:19.850914+00:00,pyroscope,pyroscope-0,5.0,426770432
2026-09-16T19:18:19.850914+00:00,pyroscope,pyroscope-alloy-0,9.0,462422016
2026-09-16T19:18:51.109770+00:00,grove-system,grove-operator-556fb4d74c-pnvq4,704.0,517996544
2026-09-16T19:18:51.109770+00:00,kai-scheduler,admission-86666f457d-7ksq5,1.0,16777216
2026-09-16T19:18:51.109770+00:00,kai-scheduler,binder-869fc94c7-p2mws,88.0,136314880
2026-09-16T19:18:51.109770+00:00,kai-scheduler,kai-operator-69b5d7bcf7-mphwj,4.0,103809024
2026-09-16T19:18:51.109770+00:00,kai-scheduler,kai-scheduler-default-687f79495b-qtvls,76.0,210763776
2026-09-16T19:18:51.109770+00:00,kai-scheduler,pod-grouper-65456f756-x2lsx,1.0,11534336
2026-09-16T19:18:51.109770+00:00,kai-scheduler,podgroup-controller-68f9cc8dbf-hfz5k,1.0,11534336
2026-09-16T19:18:51.109770+00:00,kai-scheduler,queue-controller-f86fcd76c-2cqn6,1.0,13631488
2026-09-16T19:18:51.109770+00:00,kube-system,coredns-8db54c48d-wzn7p,2.0,40894464
2026-09-16T19:18:51.109770+00:00,kube-system,kwok-controller-5cf8c7c44b-jhf8z,120.0,90177536
2026-09-16T19:18:51.109770+00:00,kube-system,local-path-provisioner-5d9d9885bc-rz6gp,1.0,17825792
2026-09-16T19:18:51.109770+00:00,kube-system,metrics-server-75dc6f8d87-6l7pf,34.0,262144000
2026-09-16T19:18:51.109770+00:00,kube-system,svclb-traefik-052e4095-db77m,0.0,0
2026-09-16T19:18:51.109770+00:00,kube-system,traefik-9bcdbbd9-dppcr,10.0,115343360
2026-09-16T19:18:51.109770+00:00,pyroscope,pyroscope-0,11.0,218103808
2026-09-16T19:18:51.109770+00:00,pyroscope,pyroscope-alloy-0,73.0,498073600
2026-09-16T19:19:22.379278+00:00,grove-system,grove-operator-556fb4d74c-pnvq4,2066.0,546308096
2026-09-16T19:19:22.379278+00:00,kai-scheduler,admission-86666f457d-7ksq5,1.0,16777216
2026-09-16T19:19:22.379278+00:00,kai-scheduler,kai-operator-69b5d7bcf7-mphwj,4.0,101711872
2026-09-16T19:19:22.379278+00:00,kai-scheduler,kai-scheduler-default-687f79495b-qtvls,109.0,289406976
2026-09-16T19:19:22.379278+00:00,kai-scheduler,pod-grouper-65456f756-x2lsx,1.0,11534336
2026-09-16T19:19:22.379278+00:00,kai-scheduler,podgroup-controller-68f9cc8dbf-hfz5k,1.0,11534336
2026-09-16T19:19:22.379278+00:00,kai-scheduler,queue-controller-f86fcd76c-2cqn6,1.0,13631488
2026-09-16T19:19:22.379278+00:00,kube-system,coredns-8db54c48d-wzn7p,11.0,42991616
2026-09-16T19:19:22.379278+00:00,kube-system,kwok-controller-5cf8c7c44b-jhf8z,344.0,94371840
2026-09-16T19:19:22.379278+00:00,kube-system,local-path-provisioner-5d9d9885bc-rz6gp,1.0,17825792
2026-09-16T19:19:22.379278+00:00,kube-system,metrics-server-75dc6f8d87-6l7pf,61.0,264241152
2026-09-16T19:19:22.379278+00:00,kube-system,svclb-traefik-052e4095-db77m,0.0,0
2026-09-16T19:19:22.379278+00:00,kube-system,traefik-9bcdbbd9-dppcr,20.0,121634816
2026-09-16T19:19:22.379278+00:00,pyroscope,pyroscope-0,9.0,219152384
2026-09-16T19:19:22.379278+00:00,pyroscope,pyroscope-alloy-0,110.0,553648128
2026-09-16T19:19:53.695934+00:00,grove-system,grove-operator-556fb4d74c-pnvq4,733.0,550502400
2026-09-16T19:19:53.695934+00:00,kai-scheduler,admission-86666f457d-7ksq5,1.0,16777216
2026-09-16T19:19:53.695934+00:00,kai-scheduler,kai-operator-69b5d7bcf7-mphwj,1.0,101711872
2026-09-16T19:19:53.695934+00:00,kai-scheduler,kai-scheduler-default-687f79495b-qtvls,150.0,343932928
2026-09-16T19:19:53.695934+00:00,kai-scheduler,pod-grouper-65456f756-x2lsx,1.0,11534336
2026-09-16T19:19:53.695934+00:00,kai-scheduler,podgroup-controller-68f9cc8dbf-hfz5k,1.0,11534336
2026-09-16T19:19:53.695934+00:00,kai-scheduler,queue-controller-f86fcd76c-2cqn6,1.0,13631488
2026-09-16T19:19:53.695934+00:00,kube-system,coredns-8db54c48d-wzn7p,15.0,46137344
2026-09-16T19:19:53.695934+00:00,kube-system,kwok-controller-5cf8c7c44b-jhf8z,304.0,93323264
2026-09-16T19:19:53.695934+00:00,kube-system,local-path-provisioner-5d9d9885bc-rz6gp,1.0,17825792
2026-09-16T19:19:53.695934+00:00,kube-system,metrics-server-75dc6f8d87-6l7pf,66.0,268435456
2026-09-16T19:19:53.695934+00:00,kube-system,svclb-traefik-052e4095-db77m,0.0,0
2026-09-16T19:19:53.695934+00:00,kube-system,traefik-9bcdbbd9-dppcr,22.0,122683392
2026-09-16T19:19:53.695934+00:00,pyroscope,pyroscope-0,7.0,214958080
2026-09-16T19:19:53.695934+00:00,pyroscope,pyroscope-alloy-0,154.0,583008256
2026-09-16T19:20:24.980571+00:00,grove-system,grove-operator-556fb4d74c-pnvq4,2951.0,552599552
2026-09-16T19:20:24.980571+00:00,kai-scheduler,admission-86666f457d-7ksq5,1.0,16777216
2026-09-16T19:20:24.980571+00:00,kai-scheduler,kai-operator-69b5d7bcf7-mphwj,1.0,101711872
2026-09-16T19:20:24.980571+00:00,kai-scheduler,kai-scheduler-default-687f79495b-qtvls,124.0,404750336
2026-09-16T19:20:24.980571+00:00,kai-scheduler,pod-grouper-65456f756-x2lsx,1.0,11534336
2026-09-16T19:20:24.980571+00:00,kai-scheduler,podgroup-controller-68f9cc8dbf-hfz5k,1.0,11534336
2026-09-16T19:20:24.980571+00:00,kai-scheduler,queue-controller-f86fcd76c-2cqn6,1.0,13631488
2026-09-16T19:20:24.980571+00:00,kube-system,coredns-8db54c48d-wzn7p,15.0,46137344
2026-09-16T19:20:24.980571+00:00,kube-system,kwok-controller-5cf8c7c44b-jhf8z,324.0,94371840
2026-09-16T19:20:24.980571+00:00,kube-system,local-path-provisioner-5d9d9885bc-rz6gp,1.0,17825792
2026-09-16T19:20:24.980571+00:00,kube-system,metrics-server-75dc6f8d87-6l7pf,78.0,283115520
2026-09-16T19:20:24.980571+00:00,kube-system,svclb-traefik-052e4095-db77m,0.0,0
2026-09-16T19:20:24.980571+00:00,kube-system,traefik-9bcdbbd9-dppcr,24.0,124780544
2026-09-16T19:20:24.980571+00:00,pyroscope,pyroscope-0,10.0,221249536
2026-09-16T19:20:24.980571+00:00,pyroscope,pyroscope-alloy-0,164.0,612368384
2026-09-16T19:20:56.230596+00:00,grove-system,grove-operator-556fb4d74c-pnvq4,1120.0,577765376
2026-09-16T19:20:56.230596+00:00,kai-scheduler,admission-86666f457d-7ksq5,1.0,16777216
2026-09-16T19:20:56.230596+00:00,kai-scheduler,kai-operator-69b5d7bcf7-mphwj,2.0,101711872
2026-09-16T19:20:56.230596+00:00,kai-scheduler,kai-scheduler-default-687f79495b-qtvls,124.0,433061888
2026-09-16T19:20:56.230596+00:00,kai-scheduler,pod-grouper-65456f756-x2lsx,1.0,11534336
2026-09-16T19:20:56.230596+00:00,kai-scheduler,podgroup-controller-68f9cc8dbf-hfz5k,1.0,11534336
2026-09-16T19:20:56.230596+00:00,kai-scheduler,queue-controller-f86fcd76c-2cqn6,1.0,13631488
2026-09-16T19:20:56.230596+00:00,kube-system,coredns-8db54c48d-wzn7p,9.0,47185920
2026-09-16T19:20:56.230596+00:00,kube-system,kwok-controller-5cf8c7c44b-jhf8z,100.0,95420416
2026-09-16T19:20:56.230596+00:00,kube-system,local-path-provisioner-5d9d9885bc-rz6gp,1.0,17825792
2026-09-16T19:20:56.230596+00:00,kube-system,metrics-server-75dc6f8d87-6l7pf,55.0,283115520
2026-09-16T19:20:56.230596+00:00,kube-system,svclb-traefik-052e4095-db77m,0.0,0
2026-09-16T19:20:56.230596+00:00,kube-system,traefik-9bcdbbd9-dppcr,12.0,123731968
2026-09-16T19:20:56.230596+00:00,pyroscope,pyroscope-0,18.0,229638144
2026-09-16T19:20:56.230596+00:00,pyroscope,pyroscope-alloy-0,105.0,641728512
2026-09-16T19:21:27.495163+00:00,grove-system,grove-operator-556fb4d74c-pnvq4,758.0,637534208
2026-09-16T19:21:27.495163+00:00,kai-scheduler,admission-86666f457d-7ksq5,1.0,16777216
2026-09-16T19:21:27.495163+00:00,kai-scheduler,kai-operator-69b5d7bcf7-mphwj,2.0,84934656
2026-09-16T19:21:27.495163+00:00,kai-scheduler,kai-scheduler-default-687f79495b-qtvls,145.0,501219328
2026-09-16T19:21:27.495163+00:00,kai-scheduler,pod-grouper-65456f756-x2lsx,1.0,11534336
2026-09-16T19:21:27.495163+00:00,kai-scheduler,podgroup-controller-68f9cc8dbf-hfz5k,1.0,11534336
2026-09-16T19:21:27.495163+00:00,kai-scheduler,queue-controller-f86fcd76c-2cqn6,1.0,13631488
2026-09-16T19:21:27.495163+00:00,kube-system,coredns-8db54c48d-wzn7p,3.0,47185920
2026-09-16T19:21:27.495163+00:00,kube-system,kwok-controller-5cf8c7c44b-jhf8z,95.0,93323264
2026-09-16T19:21:27.495163+00:00,kube-system,local-path-provisioner-5d9d9885bc-rz6gp,1.0,17825792
2026-09-16T19:21:27.495163+00:00,kube-system,metrics-server-75dc6f8d87-6l7pf,38.0,290455552
2026-09-16T19:21:27.495163+00:00,kube-system,svclb-traefik-052e4095-db77m,0.0,0
2026-09-16T19:21:27.495163+00:00,kube-system,traefik-9bcdbbd9-dppcr,2.0,124780544
2026-09-16T19:21:27.495163+00:00,pyroscope,pyroscope-0,9.0,219152384
2026-09-16T19:21:27.495163+00:00,pyroscope,pyroscope-alloy-0,133.0,672137216
2026-09-16T19:21:58.769234+00:00,grove-system,grove-operator-556fb4d74c-pnvq4,2262.0,674234368
2026-09-16T19:21:58.769234+00:00,kai-scheduler,admission-86666f457d-7ksq5,1.0,16777216
2026-09-16T19:21:58.769234+00:00,kai-scheduler,kai-operator-69b5d7bcf7-mphwj,1.0,84934656
2026-09-16T19:21:58.769234+00:00,kai-scheduler,pod-grouper-65456f756-x2lsx,1.0,11534336
2026-09-16T19:21:58.769234+00:00,kai-scheduler,podgroup-controller-68f9cc8dbf-hfz5k,1.0,11534336
2026-09-16T19:21:58.769234+00:00,kai-scheduler,queue-controller-f86fcd76c-2cqn6,1.0,13631488
2026-09-16T19:21:58.769234+00:00,kube-system,coredns-8db54c48d-wzn7p,7.0,48234496
2026-09-16T19:21:58.769234+00:00,kube-system,kwok-controller-5cf8c7c44b-jhf8z,271.0,99614720
2026-09-16T19:21:58.769234+00:00,kube-system,local-path-provisioner-5d9d9885bc-rz6gp,1.0,17825792
2026-09-16T19:21:58.769234+00:00,kube-system,metrics-server-75dc6f8d87-6l7pf,62.0,297795584
2026-09-16T19:21:58.769234+00:00,kube-system,svclb-traefik-052e4095-db77m,0.0,0
2026-09-16T19:21:58.769234+00:00,kube-system,traefik-9bcdbbd9-dppcr,20.0,126877696
2026-09-16T19:21:58.769234+00:00,pyroscope,pyroscope-0,10.0,219152384
2026-09-16T19:21:58.769234+00:00,pyroscope,pyroscope-alloy-0,244.0,716177408
2026-09-16T19:22:30.043588+00:00,grove-system,grove-operator-556fb4d74c-pnvq4,1111.0,688914432
2026-09-16T19:22:30.043588+00:00,kai-scheduler,admission-86666f457d-7ksq5,1.0,16777216
2026-09-16T19:22:30.043588+00:00,kai-scheduler,kai-operator-69b5d7bcf7-mphwj,1.0,84934656
2026-09-16T19:22:30.043588+00:00,kai-scheduler,pod-grouper-65456f756-x2lsx,1.0,11534336
2026-09-16T19:22:30.043588+00:00,kai-scheduler,podgroup-controller-68f9cc8dbf-hfz5k,1.0,11534336
2026-09-16T19:22:30.043588+00:00,kai-scheduler,queue-controller-f86fcd76c-2cqn6,1.0,13631488
2026-09-16T19:22:30.043588+00:00,kube-system,coredns-8db54c48d-wzn7p,16.0,50331648
2026-09-16T19:22:30.043588+00:00,kube-system,kwok-controller-5cf8c7c44b-jhf8z,321.0,97517568
2026-09-16T19:22:30.043588+00:00,kube-system,local-path-provisioner-5d9d9885bc-rz6gp,1.0,17825792
2026-09-16T19:22:30.043588+00:00,kube-system,metrics-server-75dc6f8d87-6l7pf,76.0,308281344
2026-09-16T19:22:30.043588+00:00,kube-system,svclb-traefik-052e4095-db77m,0.0,0
2026-09-16T19:22:30.043588+00:00,kube-system,traefik-9bcdbbd9-dppcr,22.0,126877696
2026-09-16T19:22:30.043588+00:00,pyroscope,pyroscope-0,9.0,224395264
2026-09-16T19:22:30.043588+00:00,pyroscope,pyroscope-alloy-0,239.0,752877568
2026-09-16T19:23:01.321051+00:00,grove-system,grove-operator-556fb4d74c-pnvq4,3517.0,695205888
2026-09-16T19:23:01.321051+00:00,kai-scheduler,admission-86666f457d-7ksq5,1.0,16777216
2026-09-16T19:23:01.321051+00:00,kai-scheduler,kai-operator-69b5d7bcf7-mphwj,5.0,89128960
2026-09-16T19:23:01.321051+00:00,kai-scheduler,kai-scheduler-default-687f79495b-qtvls,291.0,515899392
2026-09-16T19:23:01.321051+00:00,kai-scheduler,pod-grouper-65456f756-x2lsx,1.0,11534336
2026-09-16T19:23:01.321051+00:00,kai-scheduler,podgroup-controller-68f9cc8dbf-hfz5k,1.0,11534336
2026-09-16T19:23:01.321051+00:00,kai-scheduler,queue-controller-f86fcd76c-2cqn6,1.0,13631488
2026-09-16T19:23:01.321051+00:00,kube-system,coredns-8db54c48d-wzn7p,16.0,52428800
2026-09-16T19:23:01.321051+00:00,kube-system,kwok-controller-5cf8c7c44b-jhf8z,336.0,98566144
2026-09-16T19:23:01.321051+00:00,kube-system,local-path-provisioner-5d9d9885bc-rz6gp,1.0,17825792
2026-09-16T19:23:01.321051+00:00,kube-system,metrics-server-75dc6f8d87-6l7pf,81.0,317718528
2026-09-16T19:23:01.321051+00:00,kube-system,svclb-traefik-052e4095-db77m,0.0,0
2026-09-16T19:23:01.321051+00:00,kube-system,traefik-9bcdbbd9-dppcr,21.0,125829120
2026-09-16T19:23:01.321051+00:00,pyroscope,pyroscope-0,8.0,225443840
2026-09-16T19:23:01.321051+00:00,pyroscope,pyroscope-alloy-0,220.0,780140544
2026-09-16T19:23:32.562039+00:00,grove-system,grove-operator-556fb4d74c-pnvq4,857.0,697303040
2026-09-16T19:23:32.562039+00:00,kai-scheduler,admission-86666f457d-7ksq5,1.0,16777216
2026-09-16T19:23:32.562039+00:00,kai-scheduler,kai-operator-69b5d7bcf7-mphwj,5.0,96468992
2026-09-16T19:23:32.562039+00:00,kai-scheduler,pod-grouper-65456f756-x2lsx,1.0,11534336
2026-09-16T19:23:32.562039+00:00,kai-scheduler,podgroup-controller-68f9cc8dbf-hfz5k,1.0,11534336
2026-09-16T19:23:32.562039+00:00,kai-scheduler,queue-controller-f86fcd76c-2cqn6,1.0,13631488
2026-09-16T19:23:32.562039+00:00,kube-system,coredns-8db54c48d-wzn7p,5.0,52428800
2026-09-16T19:23:32.562039+00:00,kube-system,kwok-controller-5cf8c7c44b-jhf8z,171.0,96468992
2026-09-16T19:23:32.562039+00:00,kube-system,local-path-provisioner-5d9d9885bc-rz6gp,1.0,17825792
2026-09-16T19:23:32.562039+00:00,kube-system,metrics-server-75dc6f8d87-6l7pf,53.0,317718528
2026-09-16T19:23:32.562039+00:00,kube-system,svclb-traefik-052e4095-db77m,0.0,0
2026-09-16T19:23:32.562039+00:00,kube-system,traefik-9bcdbbd9-dppcr,16.0,126877696
2026-09-16T19:23:32.562039+00:00,pyroscope,pyroscope-0,18.0,251658240
2026-09-16T19:23:32.562039+00:00,pyroscope,pyroscope-alloy-0,208.0,790626304
2026-09-16T19:24:03.809096+00:00,grove-system,grove-operator-556fb4d74c-pnvq4,44.0,697303040
2026-09-16T19:24:03.809096+00:00,kai-scheduler,admission-86666f457d-7ksq5,1.0,16777216
2026-09-16T19:24:03.809096+00:00,kai-scheduler,kai-operator-69b5d7bcf7-mphwj,2.0,97517568
2026-09-16T19:24:03.809096+00:00,kai-scheduler,pod-grouper-65456f756-x2lsx,1.0,11534336
2026-09-16T19:24:03.809096+00:00,kai-scheduler,podgroup-controller-68f9cc8dbf-hfz5k,1.0,11534336
2026-09-16T19:24:03.809096+00:00,kai-scheduler,queue-controller-f86fcd76c-2cqn6,1.0,13631488
2026-09-16T19:24:03.809096+00:00,kube-system,coredns-8db54c48d-wzn7p,3.0,53477376
2026-09-16T19:24:03.809096+00:00,kube-system,kwok-controller-5cf8c7c44b-jhf8z,89.0,99614720
2026-09-16T19:24:03.809096+00:00,kube-system,local-path-provisioner-5d9d9885bc-rz6gp,1.0,17825792
2026-09-16T19:24:03.809096+00:00,kube-system,metrics-server-75dc6f8d87-6l7pf,30.0,328204288
2026-09-16T19:24:03.809096+00:00,kube-system,svclb-traefik-052e4095-db77m,0.0,0
2026-09-16T19:24:03.809096+00:00,kube-system,traefik-9bcdbbd9-dppcr,2.0,126877696
2026-09-16T19:24:03.809096+00:00,pyroscope,pyroscope-0,5.0,245366784
2026-09-16T19:24:03.809096+00:00,pyroscope,pyroscope-alloy-0,6.0,803209216
2026-09-16T19:24:35.057941+00:00,grove-system,grove-operator-556fb4d74c-pnvq4,43.0,711983104
2026-09-16T19:24:35.057941+00:00,kai-scheduler,admission-86666f457d-7ksq5,1.0,16777216
2026-09-16T19:24:35.057941+00:00,kai-scheduler,kai-operator-69b5d7bcf7-mphwj,6.0,99614720
2026-09-16T19:24:35.057941+00:00,kai-scheduler,pod-grouper-65456f756-x2lsx,1.0,11534336
2026-09-16T19:24:35.057941+00:00,kai-scheduler,podgroup-controller-68f9cc8dbf-hfz5k,1.0,11534336
2026-09-16T19:24:35.057941+00:00,kai-scheduler,queue-controller-f86fcd76c-2cqn6,1.0,13631488
2026-09-16T19:24:35.057941+00:00,kube-system,coredns-8db54c48d-wzn7p,2.0,52428800
2026-09-16T19:24:35.057941+00:00,kube-system,kwok-controller-5cf8c7c44b-jhf8z,84.0,99614720
2026-09-16T19:24:35.057941+00:00,kube-system,local-path-provisioner-5d9d9885bc-rz6gp,1.0,17825792
2026-09-16T19:24:35.057941+00:00,kube-system,metrics-server-75dc6f8d87-6l7pf,26.0,341835776
2026-09-16T19:24:35.057941+00:00,kube-system,svclb-traefik-052e4095-db77m,0.0,0
2026-09-16T19:24:35.057941+00:00,kube-system,traefik-9bcdbbd9-dppcr,2.0,126877696
2026-09-16T19:24:35.057941+00:00,pyroscope,pyroscope-0,5.0,227540992
2026-09-16T19:24:35.057941+00:00,pyroscope,pyroscope-alloy-0,9.0,823132160
2026-09-16T19:25:06.306614+00:00,grove-system,grove-operator-556fb4d74c-pnvq4,66.0,716177408
2026-09-16T19:25:06.306614+00:00,kai-scheduler,admission-86666f457d-7ksq5,1.0,16777216
2026-09-16T19:25:06.306614+00:00,kai-scheduler,kai-operator-69b5d7bcf7-mphwj,1.0,98566144
2026-09-16T19:25:06.306614+00:00,kai-scheduler,pod-grouper-65456f756-x2lsx,1.0,11534336
2026-09-16T19:25:06.306614+00:00,kai-scheduler,podgroup-controller-68f9cc8dbf-hfz5k,1.0,11534336
2026-09-16T19:25:06.306614+00:00,kai-scheduler,queue-controller-f86fcd76c-2cqn6,1.0,13631488
2026-09-16T19:25:06.306614+00:00,kube-system,coredns-8db54c48d-wzn7p,2.0,53477376
2026-09-16T19:25:06.306614+00:00,kube-system,kwok-controller-5cf8c7c44b-jhf8z,88.0,98566144
2026-09-16T19:25:06.306614+00:00,kube-system,local-path-provisioner-5d9d9885bc-rz6gp,1.0,17825792
2026-09-16T19:25:06.306614+00:00,kube-system,metrics-server-75dc6f8d87-6l7pf,31.0,341835776
2026-09-16T19:25:06.306614+00:00,kube-system,svclb-traefik-052e4095-db77m,0.0,0
2026-09-16T19:25:06.306614+00:00,kube-system,traefik-9bcdbbd9-dppcr,2.0,126877696
2026-09-16T19:25:06.306614+00:00,pyroscope,pyroscope-0,6.0,221249536
2026-09-16T19:25:06.306614+00:00,pyroscope,pyroscope-alloy-0,53.0,831520768
2026-09-16T19:25:37.551391+00:00,grove-system,grove-operator-556fb4d74c-pnvq4,115.0,710934528
2026-09-16T19:25:37.551391+00:00,kai-scheduler,admission-86666f457d-7ksq5,1.0,16777216
2026-09-16T19:25:37.551391+00:00,kai-scheduler,kai-operator-69b5d7bcf7-mphwj,1.0,98566144
2026-09-16T19:25:37.551391+00:00,kai-scheduler,pod-grouper-65456f756-x2lsx,1.0,11534336
2026-09-16T19:25:37.551391+00:00,kai-scheduler,podgroup-controller-68f9cc8dbf-hfz5k,1.0,11534336
2026-09-16T19:25:37.551391+00:00,kai-scheduler,queue-controller-f86fcd76c-2cqn6,1.0,13631488
2026-09-16T19:25:37.551391+00:00,kube-system,coredns-8db54c48d-wzn7p,3.0,52428800
2026-09-16T19:25:37.551391+00:00,kube-system,kwok-controller-5cf8c7c44b-jhf8z,81.0,99614720
2026-09-16T19:25:37.551391+00:00,kube-system,local-path-provisioner-5d9d9885bc-rz6gp,1.0,17825792
2026-09-16T19:25:37.551391+00:00,kube-system,metrics-server-75dc6f8d87-6l7pf,29.0,341835776
2026-09-16T19:25:37.551391+00:00,kube-system,svclb-traefik-052e4095-db77m,0.0,0
2026-09-16T19:25:37.551391+00:00,kube-system,traefik-9bcdbbd9-dppcr,2.0,122683392
2026-09-16T19:25:37.551391+00:00,pyroscope,pyroscope-0,6.0,221249536
2026-09-16T19:25:37.551391+00:00,pyroscope,pyroscope-alloy-0,93.0,835715072
2026-09-16T19:26:08.804284+00:00,grove-system,grove-operator-556fb4d74c-pnvq4,84.0,713031680
2026-09-16T19:26:08.804284+00:00,kai-scheduler,admission-86666f457d-7ksq5,1.0,16777216
2026-09-16T19:26:08.804284+00:00,kai-scheduler,kai-operator-69b5d7bcf7-mphwj,1.0,98566144
2026-09-16T19:26:08.804284+00:00,kai-scheduler,pod-grouper-65456f756-x2lsx,1.0,11534336
2026-09-16T19:26:08.804284+00:00,kai-scheduler,podgroup-controller-68f9cc8dbf-hfz5k,1.0,11534336
2026-09-16T19:26:08.804284+00:00,kai-scheduler,queue-controller-f86fcd76c-2cqn6,1.0,13631488
2026-09-16T19:26:08.804284+00:00,kube-system,coredns-8db54c48d-wzn7p,2.0,53477376
2026-09-16T19:26:08.804284+00:00,kube-system,kwok-controller-5cf8c7c44b-jhf8z,79.0,99614720
2026-09-16T19:26:08.804284+00:00,kube-system,local-path-provisioner-5d9d9885bc-rz6gp,1.0,17825792
2026-09-16T19:26:08.804284+00:00,kube-system,metrics-server-75dc6f8d87-6l7pf,34.0,347078656
2026-09-16T19:26:08.804284+00:00,kube-system,svclb-traefik-052e4095-db77m,0.0,0
2026-09-16T19:26:08.804284+00:00,kube-system,traefik-9bcdbbd9-dppcr,2.0,121634816
2026-09-16T19:26:08.804284+00:00,pyroscope,pyroscope-0,7.0,223346688
2026-09-16T19:26:08.804284+00:00,pyroscope,pyroscope-alloy-0,8.0,835715072
2026-09-16T19:26:40.052849+00:00,grove-system,grove-operator-556fb4d74c-pnvq4,77.0,709885952
2026-09-16T19:26:40.052849+00:00,kai-scheduler,admission-86666f457d-7ksq5,1.0,16777216
2026-09-16T19:26:40.052849+00:00,kai-scheduler,kai-operator-69b5d7bcf7-mphwj,4.0,99614720
2026-09-16T19:26:40.052849+00:00,kai-scheduler,pod-grouper-65456f756-x2lsx,1.0,11534336
2026-09-16T19:26:40.052849+00:00,kai-scheduler,podgroup-controller-68f9cc8dbf-hfz5k,1.0,11534336
2026-09-16T19:26:40.052849+00:00,kai-scheduler,queue-controller-f86fcd76c-2cqn6,1.0,13631488
2026-09-16T19:26:40.052849+00:00,kube-system,coredns-8db54c48d-wzn7p,3.0,47185920
2026-09-16T19:26:40.052849+00:00,kube-system,kwok-controller-5cf8c7c44b-jhf8z,89.0,101711872
2026-09-16T19:26:40.052849+00:00,kube-system,local-path-provisioner-5d9d9885bc-rz6gp,1.0,17825792
2026-09-16T19:26:40.052849+00:00,kube-system,metrics-server-75dc6f8d87-6l7pf,29.0,347078656
2026-09-16T19:26:40.052849+00:00,kube-system,svclb-traefik-052e4095-db77m,0.0,0
2026-09-16T19:26:40.052849+00:00,kube-system,traefik-9bcdbbd9-dppcr,2.0,122683392
2026-09-16T19:26:40.052849+00:00,pyroscope,pyroscope-0,6.0,224395264
2026-09-16T19:26:40.052849+00:00,pyroscope,pyroscope-alloy-0,69.0,837812224
2026-09-16T19:27:11.304305+00:00,grove-system,grove-operator-556fb4d74c-pnvq4,28.0,708837376
2026-09-16T19:27:11.304305+00:00,kai-scheduler,admission-86666f457d-7ksq5,1.0,16777216
2026-09-16T19:27:11.304305+00:00,kai-scheduler,kai-operator-69b5d7bcf7-mphwj,1.0,99614720
2026-09-16T19:27:11.304305+00:00,kai-scheduler,pod-grouper-65456f756-x2lsx,1.0,11534336
2026-09-16T19:27:11.304305+00:00,kai-scheduler,podgroup-controller-68f9cc8dbf-hfz5k,1.0,11534336
2026-09-16T19:27:11.304305+00:00,kai-scheduler,queue-controller-f86fcd76c-2cqn6,1.0,13631488
2026-09-16T19:27:11.304305+00:00,kube-system,coredns-8db54c48d-wzn7p,2.0,47185920
2026-09-16T19:27:11.304305+00:00,kube-system,kwok-controller-5cf8c7c44b-jhf8z,146.0,100663296
2026-09-16T19:27:11.304305+00:00,kube-system,local-path-provisioner-5d9d9885bc-rz6gp,1.0,17825792
2026-09-16T19:27:11.304305+00:00,kube-system,metrics-server-75dc6f8d87-6l7pf,49.0,348127232
2026-09-16T19:27:11.304305+00:00,kube-system,svclb-traefik-052e4095-db77m,0.0,0
2026-09-16T19:27:11.304305+00:00,kube-system,traefik-9bcdbbd9-dppcr,1.0,121634816
2026-09-16T19:27:11.304305+00:00,pyroscope,pyroscope-0,7.0,224395264
2026-09-16T19:27:11.304305+00:00,pyroscope,pyroscope-alloy-0,142.0,839909376
2026-09-16T19:27:42.546621+00:00,grove-system,grove-operator-556fb4d74c-pnvq4,39.0,696254464
2026-09-16T19:27:42.546621+00:00,kai-scheduler,admission-86666f457d-7ksq5,1.0,16777216
2026-09-16T19:27:42.546621+00:00,kai-scheduler,kai-operator-69b5d7bcf7-mphwj,1.0,99614720
2026-09-16T19:27:42.546621+00:00,kai-scheduler,pod-grouper-65456f756-x2lsx,1.0,11534336
2026-09-16T19:27:42.546621+00:00,kai-scheduler,podgroup-controller-68f9cc8dbf-hfz5k,1.0,11534336
2026-09-16T19:27:42.546621+00:00,kai-scheduler,queue-controller-f86fcd76c-2cqn6,1.0,13631488
2026-09-16T19:27:42.546621+00:00,kube-system,coredns-8db54c48d-wzn7p,2.0,47185920
2026-09-16T19:27:42.546621+00:00,kube-system,kwok-controller-5cf8c7c44b-jhf8z,143.0,99614720
2026-09-16T19:27:42.546621+00:00,kube-system,local-path-provisioner-5d9d9885bc-rz6gp,1.0,17825792
2026-09-16T19:27:42.546621+00:00,kube-system,metrics-server-75dc6f8d87-6l7pf,56.0,350224384
2026-09-16T19:27:42.546621+00:00,kube-system,svclb-traefik-052e4095-db77m,0.0,0
2026-09-16T19:27:42.546621+00:00,kube-system,traefik-9bcdbbd9-dppcr,1.0,116391936
2026-09-16T19:27:42.546621+00:00,pyroscope,pyroscope-0,7.0,225443840
2026-09-16T19:27:42.546621+00:00,pyroscope,pyroscope-alloy-0,181.0,839909376
2026-09-16T19:28:13.796944+00:00,grove-system,grove-operator-556fb4d74c-pnvq4,27.0,699400192
2026-09-16T19:28:13.796944+00:00,kai-scheduler,admission-86666f457d-7ksq5,1.0,16777216
2026-09-16T19:28:13.796944+00:00,kai-scheduler,kai-operator-69b5d7bcf7-mphwj,1.0,99614720
2026-09-16T19:28:13.796944+00:00,kai-scheduler,pod-grouper-65456f756-x2lsx,1.0,11534336
2026-09-16T19:28:13.796944+00:00,kai-scheduler,podgroup-controller-68f9cc8dbf-hfz5k,1.0,11534336
2026-09-16T19:28:13.796944+00:00,kai-scheduler,queue-controller-f86fcd76c-2cqn6,1.0,13631488
2026-09-16T19:28:13.796944+00:00,kube-system,coredns-8db54c48d-wzn7p,2.0,47185920
2026-09-16T19:28:13.796944+00:00,kube-system,kwok-controller-5cf8c7c44b-jhf8z,143.0,99614720
2026-09-16T19:28:13.796944+00:00,kube-system,local-path-provisioner-5d9d9885bc-rz6gp,1.0,17825792
2026-09-16T19:28:13.796944+00:00,kube-system,metrics-server-75dc6f8d87-6l7pf,47.0,348127232
2026-09-16T19:28:13.796944+00:00,kube-system,svclb-traefik-052e4095-db77m,0.0,0
2026-09-16T19:28:13.796944+00:00,kube-system,traefik-9bcdbbd9-dppcr,1.0,116391936
2026-09-16T19:28:13.796944+00:00,pyroscope,pyroscope-0,5.0,225443840
2026-09-16T19:28:13.796944+00:00,pyroscope,pyroscope-alloy-0,143.0,837812224
2026-09-16T19:28:45.050401+00:00,grove-system,grove-operator-556fb4d74c-pnvq4,41.0,684720128
2026-09-16T19:28:45.050401+00:00,kai-scheduler,admission-86666f457d-7ksq5,1.0,16777216
2026-09-16T19:28:45.050401+00:00,kai-scheduler,kai-operator-69b5d7bcf7-mphwj,1.0,91226112
2026-09-16T19:28:45.050401+00:00,kai-scheduler,pod-grouper-65456f756-x2lsx,1.0,11534336
2026-09-16T19:28:45.050401+00:00,kai-scheduler,podgroup-controller-68f9cc8dbf-hfz5k,1.0,11534336
2026-09-16T19:28:45.050401+00:00,kai-scheduler,queue-controller-f86fcd76c-2cqn6,1.0,13631488
2026-09-16T19:28:45.050401+00:00,kube-system,coredns-8db54c48d-wzn7p,2.0,47185920
2026-09-16T19:28:45.050401+00:00,kube-system,kwok-controller-5cf8c7c44b-jhf8z,139.0,98566144
2026-09-16T19:28:45.050401+00:00,kube-system,local-path-provisioner-5d9d9885bc-rz6gp,1.0,17825792
2026-09-16T19:28:45.050401+00:00,kube-system,metrics-server-75dc6f8d87-6l7pf,49.0,348127232
2026-09-16T19:28:45.050401+00:00,kube-system,svclb-traefik-052e4095-db77m,0.0,0
2026-09-16T19:28:45.050401+00:00,kube-system,traefik-9bcdbbd9-dppcr,1.0,117440512
2026-09-16T19:28:45.050401+00:00,pyroscope,pyroscope-0,6.0,225443840
2026-09-16T19:28:45.050401+00:00,pyroscope,pyroscope-alloy-0,177.0,807403520
2026-09-16T19:29:16.299983+00:00,grove-system,grove-operator-556fb4d74c-pnvq4,50.0,675282944
2026-09-16T19:29:16.299983+00:00,kai-scheduler,admission-86666f457d-7ksq5,1.0,16777216
2026-09-16T19:29:16.299983+00:00,kai-scheduler,kai-operator-69b5d7bcf7-mphwj,1.0,91226112
2026-09-16T19:29:16.299983+00:00,kai-scheduler,pod-grouper-65456f756-x2lsx,1.0,11534336
2026-09-16T19:29:16.299983+00:00,kai-scheduler,podgroup-controller-68f9cc8dbf-hfz5k,1.0,11534336
2026-09-16T19:29:16.299983+00:00,kai-scheduler,queue-controller-f86fcd76c-2cqn6,1.0,13631488
2026-09-16T19:29:16.299983+00:00,kube-system,coredns-8db54c48d-wzn7p,2.0,44040192
2026-09-16T19:29:16.299983+00:00,kube-system,kwok-controller-5cf8c7c44b-jhf8z,145.0,99614720
2026-09-16T19:29:16.299983+00:00,kube-system,local-path-provisioner-5d9d9885bc-rz6gp,1.0,17825792
2026-09-16T19:29:16.299983+00:00,kube-system,metrics-server-75dc6f8d87-6l7pf,44.0,348127232
2026-09-16T19:29:16.299983+00:00,kube-system,svclb-traefik-052e4095-db77m,0.0,0
2026-09-16T19:29:16.299983+00:00,kube-system,traefik-9bcdbbd9-dppcr,1.0,116391936
2026-09-16T19:29:16.299983+00:00,pyroscope,pyroscope-0,6.0,226492416
2026-09-16T19:29:16.299983+00:00,pyroscope,pyroscope-alloy-0,122.0,783286272
2026-09-16T19:29:47.555116+00:00,grove-system,grove-operator-556fb4d74c-pnvq4,31.0,678428672
2026-09-16T19:29:47.555116+00:00,kai-scheduler,admission-86666f457d-7ksq5,1.0,16777216
2026-09-16T19:29:47.555116+00:00,kai-scheduler,binder-869fc94c7-p2mws,100.0,204472320
2026-09-16T19:29:47.555116+00:00,kai-scheduler,kai-operator-69b5d7bcf7-mphwj,5.0,96468992
2026-09-16T19:29:47.555116+00:00,kai-scheduler,pod-grouper-65456f756-x2lsx,1.0,11534336
2026-09-16T19:29:47.555116+00:00,kai-scheduler,podgroup-controller-68f9cc8dbf-hfz5k,1.0,11534336
2026-09-16T19:29:47.555116+00:00,kai-scheduler,queue-controller-f86fcd76c-2cqn6,1.0,13631488
2026-09-16T19:29:47.555116+00:00,kube-system,coredns-8db54c48d-wzn7p,2.0,42991616
2026-09-16T19:29:47.555116+00:00,kube-system,kwok-controller-5cf8c7c44b-jhf8z,141.0,100663296
2026-09-16T19:29:47.555116+00:00,kube-system,local-path-provisioner-5d9d9885bc-rz6gp,1.0,17825792
2026-09-16T19:29:47.555116+00:00,kube-system,metrics-server-75dc6f8d87-6l7pf,59.0,347078656
2026-09-16T19:29:47.555116+00:00,kube-system,svclb-traefik-052e4095-db77m,0.0,0
2026-09-16T19:29:47.555116+00:00,kube-system,traefik-9bcdbbd9-dppcr,1.0,103809024
2026-09-16T19:29:47.555116+00:00,pyroscope,pyroscope-0,5.0,226492416
2026-09-16T19:29:47.555116+00:00,pyroscope,pyroscope-alloy-0,171.0,769654784
2026-09-16T19:30:18.802129+00:00,grove-system,grove-operator-556fb4d74c-pnvq4,27.0,670040064
2026-09-16T19:30:18.802129+00:00,kai-scheduler,admission-86666f457d-7ksq5,1.0,16777216
2026-09-16T19:30:18.802129+00:00,kai-scheduler,kai-operator-69b5d7bcf7-mphwj,4.0,97517568
2026-09-16T19:30:18.802129+00:00,kai-scheduler,pod-grouper-65456f756-x2lsx,1.0,11534336
2026-09-16T19:30:18.802129+00:00,kai-scheduler,podgroup-controller-68f9cc8dbf-hfz5k,1.0,11534336
2026-09-16T19:30:18.802129+00:00,kai-scheduler,queue-controller-f86fcd76c-2cqn6,1.0,13631488
2026-09-16T19:30:18.802129+00:00,kube-system,coredns-8db54c48d-wzn7p,2.0,44040192
2026-09-16T19:30:18.802129+00:00,kube-system,kwok-controller-5cf8c7c44b-jhf8z,142.0,100663296
2026-09-16T19:30:18.802129+00:00,kube-system,local-path-provisioner-5d9d9885bc-rz6gp,1.0,17825792
2026-09-16T19:30:18.802129+00:00,kube-system,metrics-server-75dc6f8d87-6l7pf,48.0,347078656
2026-09-16T19:30:18.802129+00:00,kube-system,svclb-traefik-052e4095-db77m,0.0,0
2026-09-16T19:30:18.802129+00:00,kube-system,traefik-9bcdbbd9-dppcr,1.0,103809024
2026-09-16T19:30:18.802129+00:00,pyroscope,pyroscope-0,5.0,227540992
2026-09-16T19:30:18.802129+00:00,pyroscope,pyroscope-alloy-0,154.0,763363328
2026-09-16T19:30:50.050792+00:00,grove-system,grove-operator-556fb4d74c-pnvq4,43.0,665845760
2026-09-16T19:30:50.050792+00:00,kai-scheduler,admission-86666f457d-7ksq5,1.0,16777216
2026-09-16T19:30:50.050792+00:00,kai-scheduler,kai-operator-69b5d7bcf7-mphwj,1.0,97517568
2026-09-16T19:30:50.050792+00:00,kai-scheduler,pod-grouper-65456f756-x2lsx,1.0,11534336
2026-09-16T19:30:50.050792+00:00,kai-scheduler,podgroup-controller-68f9cc8dbf-hfz5k,1.0,11534336
2026-09-16T19:30:50.050792+00:00,kai-scheduler,queue-controller-f86fcd76c-2cqn6,1.0,13631488
2026-09-16T19:30:50.050792+00:00,kube-system,coredns-8db54c48d-wzn7p,2.0,40894464
2026-09-16T19:30:50.050792+00:00,kube-system,kwok-controller-5cf8c7c44b-jhf8z,135.0,99614720
2026-09-16T19:30:50.050792+00:00,kube-system,local-path-provisioner-5d9d9885bc-rz6gp,1.0,17825792
2026-09-16T19:30:50.050792+00:00,kube-system,metrics-server-75dc6f8d87-6l7pf,46.0,343932928
2026-09-16T19:30:50.050792+00:00,kube-system,svclb-traefik-052e4095-db77m,0.0,0
2026-09-16T19:30:50.050792+00:00,kube-system,traefik-9bcdbbd9-dppcr,1.0,103809024
2026-09-16T19:30:50.050792+00:00,pyroscope,pyroscope-0,6.0,226492416
2026-09-16T19:30:50.050792+00:00,pyroscope,pyroscope-alloy-0,128.0,747634688
2026-09-16T19:31:21.297948+00:00,grove-system,grove-operator-556fb4d74c-pnvq4,42.0,661651456
2026-09-16T19:31:21.297948+00:00,kai-scheduler,admission-86666f457d-7ksq5,1.0,16777216
2026-09-16T19:31:21.297948+00:00,kai-scheduler,kai-operator-69b5d7bcf7-mphwj,1.0,97517568
2026-09-16T19:31:21.297948+00:00,kai-scheduler,pod-grouper-65456f756-x2lsx,1.0,11534336
2026-09-16T19:31:21.297948+00:00,kai-scheduler,podgroup-controller-68f9cc8dbf-hfz5k,1.0,11534336
2026-09-16T19:31:21.297948+00:00,kai-scheduler,queue-controller-f86fcd76c-2cqn6,1.0,13631488
2026-09-16T19:31:21.297948+00:00,kube-system,coredns-8db54c48d-wzn7p,2.0,40894464
2026-09-16T19:31:21.297948+00:00,kube-system,kwok-controller-5cf8c7c44b-jhf8z,143.0,99614720
2026-09-16T19:31:21.297948+00:00,kube-system,local-path-provisioner-5d9d9885bc-rz6gp,1.0,17825792
2026-09-16T19:31:21.297948+00:00,kube-system,metrics-server-75dc6f8d87-6l7pf,46.0,342884352
2026-09-16T19:31:21.297948+00:00,kube-system,svclb-traefik-052e4095-db77m,0.0,0
2026-09-16T19:31:21.297948+00:00,kube-system,traefik-9bcdbbd9-dppcr,3.0,102760448
2026-09-16T19:31:21.297948+00:00,pyroscope,pyroscope-0,7.0,226492416
2026-09-16T19:31:21.297948+00:00,pyroscope,pyroscope-alloy-0,128.0,744488960
2026-09-16T19:31:52.541114+00:00,grove-system,grove-operator-556fb4d74c-pnvq4,27.0,664797184
2026-09-16T19:31:52.541114+00:00,kai-scheduler,admission-86666f457d-7ksq5,1.0,16777216
2026-09-16T19:31:52.541114+00:00,kai-scheduler,kai-operator-69b5d7bcf7-mphwj,3.0,91226112
2026-09-16T19:31:52.541114+00:00,kai-scheduler,pod-grouper-65456f756-x2lsx,1.0,11534336
2026-09-16T19:31:52.541114+00:00,kai-scheduler,podgroup-controller-68f9cc8dbf-hfz5k,1.0,11534336
2026-09-16T19:31:52.541114+00:00,kai-scheduler,queue-controller-f86fcd76c-2cqn6,1.0,13631488
2026-09-16T19:31:52.541114+00:00,kube-system,coredns-8db54c48d-wzn7p,2.0,40894464
2026-09-16T19:31:52.541114+00:00,kube-system,kwok-controller-5cf8c7c44b-jhf8z,141.0,99614720
2026-09-16T19:31:52.541114+00:00,kube-system,local-path-provisioner-5d9d9885bc-rz6gp,1.0,17825792
2026-09-16T19:31:52.541114+00:00,kube-system,metrics-server-75dc6f8d87-6l7pf,48.0,331350016
2026-09-16T19:31:52.541114+00:00,kube-system,svclb-traefik-052e4095-db77m,0.0,0
2026-09-16T19:31:52.541114+00:00,kube-system,traefik-9bcdbbd9-dppcr,1.0,102760448
2026-09-16T19:31:52.541114+00:00,pyroscope,pyroscope-0,5.0,226492416
2026-09-16T19:31:52.541114+00:00,pyroscope,pyroscope-alloy-0,132.0,707788800
2026-09-16T19:32:23.792764+00:00,grove-system,grove-operator-556fb4d74c-pnvq4,27.0,658505728
2026-09-16T19:32:23.792764+00:00,kai-scheduler,admission-86666f457d-7ksq5,1.0,16777216
2026-09-16T19:32:23.792764+00:00,kai-scheduler,kai-operator-69b5d7bcf7-mphwj,1.0,91226112
2026-09-16T19:32:23.792764+00:00,kai-scheduler,pod-grouper-65456f756-x2lsx,1.0,11534336
2026-09-16T19:32:23.792764+00:00,kai-scheduler,podgroup-controller-68f9cc8dbf-hfz5k,1.0,11534336
2026-09-16T19:32:23.792764+00:00,kai-scheduler,queue-controller-f86fcd76c-2cqn6,1.0,13631488
2026-09-16T19:32:23.792764+00:00,kube-system,coredns-8db54c48d-wzn7p,2.0,41943040
2026-09-16T19:32:23.792764+00:00,kube-system,kwok-controller-5cf8c7c44b-jhf8z,140.0,100663296
2026-09-16T19:32:23.792764+00:00,kube-system,local-path-provisioner-5d9d9885bc-rz6gp,1.0,17825792
2026-09-16T19:32:23.792764+00:00,kube-system,metrics-server-75dc6f8d87-6l7pf,62.0,329252864
2026-09-16T19:32:23.792764+00:00,kube-system,svclb-traefik-052e4095-db77m,0.0,0
2026-09-16T19:32:23.792764+00:00,kube-system,traefik-9bcdbbd9-dppcr,1.0,102760448
2026-09-16T19:32:23.792764+00:00,pyroscope,pyroscope-0,6.0,227540992
2026-09-16T19:32:23.792764+00:00,pyroscope,pyroscope-alloy-0,114.0,697303040
2026-09-16T19:32:55.041107+00:00,grove-system,grove-operator-556fb4d74c-pnvq4,28.0,638582784
2026-09-16T19:32:55.041107+00:00,kai-scheduler,admission-86666f457d-7ksq5,1.0,16777216
2026-09-16T19:32:55.041107+00:00,kai-scheduler,kai-operator-69b5d7bcf7-mphwj,1.0,91226112
2026-09-16T19:32:55.041107+00:00,kai-scheduler,pod-grouper-65456f756-x2lsx,1.0,11534336
2026-09-16T19:32:55.041107+00:00,kai-scheduler,podgroup-controller-68f9cc8dbf-hfz5k,1.0,11534336
2026-09-16T19:32:55.041107+00:00,kai-scheduler,queue-controller-f86fcd76c-2cqn6,1.0,13631488
2026-09-16T19:32:55.041107+00:00,kube-system,coredns-8db54c48d-wzn7p,2.0,40894464
2026-09-16T19:32:55.041107+00:00,kube-system,kwok-controller-5cf8c7c44b-jhf8z,135.0,97517568
2026-09-16T19:32:55.041107+00:00,kube-system,local-path-provisioner-5d9d9885bc-rz6gp,1.0,17825792
2026-09-16T19:32:55.041107+00:00,kube-system,metrics-server-75dc6f8d87-6l7pf,43.0,329252864
2026-09-16T19:32:55.041107+00:00,kube-system,svclb-traefik-052e4095-db77m,0.0,0
2026-09-16T19:32:55.041107+00:00,kube-system,traefik-9bcdbbd9-dppcr,1.0,102760448
2026-09-16T19:32:55.041107+00:00,pyroscope,pyroscope-0,6.0,227540992
2026-09-16T19:32:55.041107+00:00,pyroscope,pyroscope-alloy-0,110.0,656408576
2026-09-16T19:33:26.287026+00:00,grove-system,grove-operator-556fb4d74c-pnvq4,27.0,624951296
2026-09-16T19:33:26.287026+00:00,kai-scheduler,admission-86666f457d-7ksq5,1.0,16777216
2026-09-16T19:33:26.287026+00:00,kai-scheduler,kai-operator-69b5d7bcf7-mphwj,1.0,91226112
2026-09-16T19:33:26.287026+00:00,kai-scheduler,pod-grouper-65456f756-x2lsx,1.0,11534336
2026-09-16T19:33:26.287026+00:00,kai-scheduler,podgroup-controller-68f9cc8dbf-hfz5k,1.0,11534336
2026-09-16T19:33:26.287026+00:00,kai-scheduler,queue-controller-f86fcd76c-2cqn6,1.0,13631488
2026-09-16T19:33:26.287026+00:00,kube-system,coredns-8db54c48d-wzn7p,2.0,40894464
2026-09-16T19:33:26.287026+00:00,kube-system,kwok-controller-5cf8c7c44b-jhf8z,137.0,97517568
2026-09-16T19:33:26.287026+00:00,kube-system,local-path-provisioner-5d9d9885bc-rz6gp,1.0,17825792
2026-09-16T19:33:26.287026+00:00,kube-system,metrics-server-75dc6f8d87-6l7pf,55.0,322961408
2026-09-16T19:33:26.287026+00:00,kube-system,svclb-traefik-052e4095-db77m,0.0,0
2026-09-16T19:33:26.287026+00:00,kube-system,traefik-9bcdbbd9-dppcr,3.0,101711872
2026-09-16T19:33:26.287026+00:00,pyroscope,pyroscope-0,5.0,226492416
2026-09-16T19:33:26.287026+00:00,pyroscope,pyroscope-alloy-0,112.0,643825664
2026-09-16T19:33:57.537622+00:00,grove-system,grove-operator-556fb4d74c-pnvq4,29.0,622854144
2026-09-16T19:33:57.537622+00:00,kai-scheduler,admission-86666f457d-7ksq5,1.0,16777216
2026-09-16T19:33:57.537622+00:00,kai-scheduler,kai-operator-69b5d7bcf7-mphwj,1.0,85983232
2026-09-16T19:33:57.537622+00:00,kai-scheduler,pod-grouper-65456f756-x2lsx,1.0,11534336
2026-09-16T19:33:57.537622+00:00,kai-scheduler,podgroup-controller-68f9cc8dbf-hfz5k,1.0,11534336
2026-09-16T19:33:57.537622+00:00,kai-scheduler,queue-controller-f86fcd76c-2cqn6,1.0,13631488
2026-09-16T19:33:57.537622+00:00,kube-system,coredns-8db54c48d-wzn7p,2.0,41943040
2026-09-16T19:33:57.537622+00:00,kube-system,kwok-controller-5cf8c7c44b-jhf8z,143.0,98566144
2026-09-16T19:33:57.537622+00:00,kube-system,local-path-provisioner-5d9d9885bc-rz6gp,1.0,17825792
2026-09-16T19:33:57.537622+00:00,kube-system,metrics-server-75dc6f8d87-6l7pf,51.0,322961408
2026-09-16T19:33:57.537622+00:00,kube-system,svclb-traefik-052e4095-db77m,0.0,0
2026-09-16T19:33:57.537622+00:00,kube-system,traefik-9bcdbbd9-dppcr,1.0,101711872
2026-09-16T19:33:57.537622+00:00,pyroscope,pyroscope-0,6.0,226492416
2026-09-16T19:33:57.537622+00:00,pyroscope,pyroscope-alloy-0,113.0,651165696
2026-09-16T19:34:28.781275+00:00,grove-system,grove-operator-556fb4d74c-pnvq4,28.0,615514112
2026-09-16T19:34:28.781275+00:00,kai-scheduler,admission-86666f457d-7ksq5,1.0,16777216
2026-09-16T19:34:28.781275+00:00,kai-scheduler,kai-operator-69b5d7bcf7-mphwj,3.0,84934656
2026-09-16T19:34:28.781275+00:00,kai-scheduler,kai-scheduler-default-687f79495b-qtvls,116.0,315621376
2026-09-16T19:34:28.781275+00:00,kai-scheduler,pod-grouper-65456f756-x2lsx,1.0,11534336
2026-09-16T19:34:28.781275+00:00,kai-scheduler,podgroup-controller-68f9cc8dbf-hfz5k,1.0,11534336
2026-09-16T19:34:28.781275+00:00,kai-scheduler,queue-controller-f86fcd76c-2cqn6,1.0,13631488
2026-09-16T19:34:28.781275+00:00,kube-system,coredns-8db54c48d-wzn7p,2.0,40894464
2026-09-16T19:34:28.781275+00:00,kube-system,kwok-controller-5cf8c7c44b-jhf8z,134.0,95420416
2026-09-16T19:34:28.781275+00:00,kube-system,local-path-provisioner-5d9d9885bc-rz6gp,1.0,17825792
2026-09-16T19:34:28.781275+00:00,kube-system,metrics-server-75dc6f8d87-6l7pf,46.0,307232768
2026-09-16T19:34:28.781275+00:00,kube-system,svclb-traefik-052e4095-db77m,0.0,0
2026-09-16T19:34:28.781275+00:00,kube-system,traefik-9bcdbbd9-dppcr,1.0,101711872
2026-09-16T19:34:28.781275+00:00,pyroscope,pyroscope-0,5.0,226492416
2026-09-16T19:34:28.781275+00:00,pyroscope,pyroscope-alloy-0,82.0,621805568
2026-09-16T19:35:00.028634+00:00,grove-system,grove-operator-556fb4d74c-pnvq4,34.0,595591168
2026-09-16T19:35:00.028634+00:00,kai-scheduler,admission-86666f457d-7ksq5,1.0,16777216
2026-09-16T19:35:00.028634+00:00,kai-scheduler,binder-869fc94c7-p2mws,90.0,162529280
2026-09-16T19:35:00.028634+00:00,kai-scheduler,kai-operator-69b5d7bcf7-mphwj,3.0,91226112
2026-09-16T19:35:00.028634+00:00,kai-scheduler,kai-scheduler-default-687f79495b-qtvls,70.0,249561088
2026-09-16T19:35:00.028634+00:00,kai-scheduler,pod-grouper-65456f756-x2lsx,1.0,11534336
2026-09-16T19:35:00.028634+00:00,kai-scheduler,podgroup-controller-68f9cc8dbf-hfz5k,1.0,11534336
2026-09-16T19:35:00.028634+00:00,kai-scheduler,queue-controller-f86fcd76c-2cqn6,1.0,13631488
2026-09-16T19:35:00.028634+00:00,kube-system,coredns-8db54c48d-wzn7p,2.0,40894464
2026-09-16T19:35:00.028634+00:00,kube-system,kwok-controller-5cf8c7c44b-jhf8z,139.0,96468992
2026-09-16T19:35:00.028634+00:00,kube-system,local-path-provisioner-5d9d9885bc-rz6gp,1.0,17825792
2026-09-16T19:35:00.028634+00:00,kube-system,metrics-server-75dc6f8d87-6l7pf,50.0,307232768
2026-09-16T19:35:00.028634+00:00,kube-system,svclb-traefik-052e4095-db77m,0.0,0
2026-09-16T19:35:00.028634+00:00,kube-system,traefik-9bcdbbd9-dppcr,1.0,101711872
2026-09-16T19:35:00.028634+00:00,pyroscope,pyroscope-0,6.0,225443840
2026-09-16T19:35:00.028634+00:00,pyroscope,pyroscope-alloy-0,95.0,618659840
2026-09-16T19:35:31.285284+00:00,grove-system,grove-operator-556fb4d74c-pnvq4,35.0,594542592
2026-09-16T19:35:31.285284+00:00,kai-scheduler,admission-86666f457d-7ksq5,1.0,16777216
2026-09-16T19:35:31.285284+00:00,kai-scheduler,binder-869fc94c7-p2mws,33.0,163577856
2026-09-16T19:35:31.285284+00:00,kai-scheduler,kai-operator-69b5d7bcf7-mphwj,1.0,91226112
2026-09-16T19:35:31.285284+00:00,kai-scheduler,kai-scheduler-default-687f79495b-qtvls,65.0,254803968
2026-09-16T19:35:31.285284+00:00,kai-scheduler,pod-grouper-65456f756-x2lsx,1.0,11534336
2026-09-16T19:35:31.285284+00:00,kai-scheduler,podgroup-controller-68f9cc8dbf-hfz5k,1.0,11534336
2026-09-16T19:35:31.285284+00:00,kai-scheduler,queue-controller-f86fcd76c-2cqn6,1.0,13631488
2026-09-16T19:35:31.285284+00:00,kube-system,coredns-8db54c48d-wzn7p,2.0,40894464
2026-09-16T19:35:31.285284+00:00,kube-system,kwok-controller-5cf8c7c44b-jhf8z,133.0,97517568
2026-09-16T19:35:31.285284+00:00,kube-system,local-path-provisioner-5d9d9885bc-rz6gp,1.0,17825792
2026-09-16T19:35:31.285284+00:00,kube-system,metrics-server-75dc6f8d87-6l7pf,47.0,307232768
2026-09-16T19:35:31.285284+00:00,kube-system,svclb-traefik-052e4095-db77m,0.0,0
2026-09-16T19:35:31.285284+00:00,kube-system,traefik-9bcdbbd9-dppcr,3.0,101711872
2026-09-16T19:35:31.285284+00:00,pyroscope,pyroscope-0,6.0,226492416
2026-09-16T19:35:31.285284+00:00,pyroscope,pyroscope-alloy-0,79.0,590348288
2026-09-16T19:36:02.539665+00:00,grove-system,grove-operator-556fb4d74c-pnvq4,35.0,578813952
2026-09-16T19:36:02.539665+00:00,kai-scheduler,admission-86666f457d-7ksq5,1.0,16777216
2026-09-16T19:36:02.539665+00:00,kai-scheduler,binder-869fc94c7-p2mws,34.0,175112192
2026-09-16T19:36:02.539665+00:00,kai-scheduler,kai-operator-69b5d7bcf7-mphwj,1.0,91226112
2026-09-16T19:36:02.539665+00:00,kai-scheduler,kai-scheduler-default-687f79495b-qtvls,60.0,221249536
2026-09-16T19:36:02.539665+00:00,kai-scheduler,pod-grouper-65456f756-x2lsx,1.0,11534336
2026-09-16T19:36:02.539665+00:00,kai-scheduler,podgroup-controller-68f9cc8dbf-hfz5k,1.0,11534336
2026-09-16T19:36:02.539665+00:00,kai-scheduler,queue-controller-f86fcd76c-2cqn6,1.0,13631488
2026-09-16T19:36:02.539665+00:00,kube-system,coredns-8db54c48d-wzn7p,2.0,41943040
2026-09-16T19:36:02.539665+00:00,kube-system,kwok-controller-5cf8c7c44b-jhf8z,137.0,97517568
2026-09-16T19:36:02.539665+00:00,kube-system,local-path-provisioner-5d9d9885bc-rz6gp,1.0,17825792
2026-09-16T19:36:02.539665+00:00,kube-system,metrics-server-75dc6f8d87-6l7pf,52.0,305135616
2026-09-16T19:36:02.539665+00:00,kube-system,svclb-traefik-052e4095-db77m,0.0,0
2026-09-16T19:36:02.539665+00:00,kube-system,traefik-9bcdbbd9-dppcr,1.0,101711872
2026-09-16T19:36:02.539665+00:00,pyroscope,pyroscope-0,6.0,225443840
2026-09-16T19:36:02.539665+00:00,pyroscope,pyroscope-alloy-0,67.0,580911104
2026-09-16T19:36:33.783081+00:00,grove-system,grove-operator-556fb4d74c-pnvq4,34.0,554696704
2026-09-16T19:36:33.783081+00:00,kai-scheduler,admission-86666f457d-7ksq5,1.0,16777216
2026-09-16T19:36:33.783081+00:00,kai-scheduler,binder-869fc94c7-p2mws,35.0,175112192
2026-09-16T19:36:33.783081+00:00,kai-scheduler,kai-operator-69b5d7bcf7-mphwj,1.0,91226112
2026-09-16T19:36:33.783081+00:00,kai-scheduler,kai-scheduler-default-687f79495b-qtvls,53.0,211812352
2026-09-16T19:36:33.783081+00:00,kai-scheduler,pod-grouper-65456f756-x2lsx,1.0,11534336
2026-09-16T19:36:33.783081+00:00,kai-scheduler,podgroup-controller-68f9cc8dbf-hfz5k,1.0,11534336
2026-09-16T19:36:33.783081+00:00,kai-scheduler,queue-controller-f86fcd76c-2cqn6,1.0,13631488
2026-09-16T19:36:33.783081+00:00,kube-system,coredns-8db54c48d-wzn7p,2.0,40894464
2026-09-16T19:36:33.783081+00:00,kube-system,kwok-controller-5cf8c7c44b-jhf8z,132.0,97517568
2026-09-16T19:36:33.783081+00:00,kube-system,local-path-provisioner-5d9d9885bc-rz6gp,1.0,17825792
2026-09-16T19:36:33.783081+00:00,kube-system,metrics-server-75dc6f8d87-6l7pf,55.0,295698432
2026-09-16T19:36:33.783081+00:00,kube-system,svclb-traefik-052e4095-db77m,0.0,0
2026-09-16T19:36:33.783081+00:00,kube-system,traefik-9bcdbbd9-dppcr,1.0,101711872
2026-09-16T19:36:33.783081+00:00,pyroscope,pyroscope-0,6.0,227540992
2026-09-16T19:36:33.783081+00:00,pyroscope,pyroscope-alloy-0,64.0,559939584
2026-09-16T19:37:05.038595+00:00,grove-system,grove-operator-556fb4d74c-pnvq4,39.0,541065216
2026-09-16T19:37:05.038595+00:00,kai-scheduler,admission-86666f457d-7ksq5,1.0,16777216
2026-09-16T19:37:05.038595+00:00,kai-scheduler,binder-869fc94c7-p2mws,34.0,175112192
2026-09-16T19:37:05.038595+00:00,kai-scheduler,kai-operator-69b5d7bcf7-mphwj,1.0,91226112
2026-09-16T19:37:05.038595+00:00,kai-scheduler,kai-scheduler-default-687f79495b-qtvls,48.0,197132288
2026-09-16T19:37:05.038595+00:00,kai-scheduler,pod-grouper-65456f756-x2lsx,1.0,11534336
2026-09-16T19:37:05.038595+00:00,kai-scheduler,podgroup-controller-68f9cc8dbf-hfz5k,1.0,11534336
2026-09-16T19:37:05.038595+00:00,kai-scheduler,queue-controller-f86fcd76c-2cqn6,1.0,13631488
2026-09-16T19:37:05.038595+00:00,kube-system,coredns-8db54c48d-wzn7p,2.0,41943040
2026-09-16T19:37:05.038595+00:00,kube-system,kwok-controller-5cf8c7c44b-jhf8z,127.0,97517568
2026-09-16T19:37:05.038595+00:00,kube-system,local-path-provisioner-5d9d9885bc-rz6gp,1.0,17825792
2026-09-16T19:37:05.038595+00:00,kube-system,metrics-server-75dc6f8d87-6l7pf,46.0,294649856
2026-09-16T19:37:05.038595+00:00,kube-system,svclb-traefik-052e4095-db77m,0.0,0
2026-09-16T19:37:05.038595+00:00,kube-system,traefik-9bcdbbd9-dppcr,1.0,101711872
2026-09-16T19:37:05.038595+00:00,pyroscope,pyroscope-0,5.0,226492416
2026-09-16T19:37:05.038595+00:00,pyroscope,pyroscope-alloy-0,54.0,513802240
2026-09-16T19:37:36.280556+00:00,grove-system,grove-operator-556fb4d74c-pnvq4,38.0,500170752
2026-09-16T19:37:36.280556+00:00,kai-scheduler,admission-86666f457d-7ksq5,1.0,16777216
2026-09-16T19:37:36.280556+00:00,kai-scheduler,binder-869fc94c7-p2mws,34.0,175112192
2026-09-16T19:37:36.280556+00:00,kai-scheduler,kai-operator-69b5d7bcf7-mphwj,3.0,84934656
2026-09-16T19:37:36.280556+00:00,kai-scheduler,kai-scheduler-default-687f79495b-qtvls,39.0,188743680
2026-09-16T19:37:36.280556+00:00,kai-scheduler,pod-grouper-65456f756-x2lsx,1.0,11534336
2026-09-16T19:37:36.280556+00:00,kai-scheduler,podgroup-controller-68f9cc8dbf-hfz5k,1.0,11534336
2026-09-16T19:37:36.280556+00:00,kai-scheduler,queue-controller-f86fcd76c-2cqn6,1.0,13631488
2026-09-16T19:37:36.280556+00:00,kube-system,coredns-8db54c48d-wzn7p,2.0,41943040
2026-09-16T19:37:36.280556+00:00,kube-system,kwok-controller-5cf8c7c44b-jhf8z,130.0,96468992
2026-09-16T19:37:36.280556+00:00,kube-system,local-path-provisioner-5d9d9885bc-rz6gp,1.0,17825792
2026-09-16T19:37:36.280556+00:00,kube-system,metrics-server-75dc6f8d87-6l7pf,42.0,287309824
2026-09-16T19:37:36.280556+00:00,kube-system,svclb-traefik-052e4095-db77m,0.0,0
2026-09-16T19:37:36.280556+00:00,kube-system,traefik-9bcdbbd9-dppcr,3.0,101711872
2026-09-16T19:37:36.280556+00:00,pyroscope,pyroscope-0,6.0,225443840
2026-09-16T19:37:36.280556+00:00,pyroscope,pyroscope-alloy-0,44.0,492830720
2026-09-16T19:38:07.536471+00:00,grove-system,grove-operator-556fb4d74c-pnvq4,44.0,454033408
2026-09-16T19:38:07.536471+00:00,kai-scheduler,admission-86666f457d-7ksq5,1.0,16777216
2026-09-16T19:38:07.536471+00:00,kai-scheduler,binder-869fc94c7-p2mws,26.0,177209344
2026-09-16T19:38:07.536471+00:00,kai-scheduler,kai-operator-69b5d7bcf7-mphwj,9.0,99614720
2026-09-16T19:38:07.536471+00:00,kai-scheduler,kai-scheduler-default-687f79495b-qtvls,27.0,180355072
2026-09-16T19:38:07.536471+00:00,kai-scheduler,pod-grouper-65456f756-x2lsx,1.0,11534336
2026-09-16T19:38:07.536471+00:00,kai-scheduler,podgroup-controller-68f9cc8dbf-hfz5k,1.0,11534336
2026-09-16T19:38:07.536471+00:00,kai-scheduler,queue-controller-f86fcd76c-2cqn6,1.0,13631488
2026-09-16T19:38:07.536471+00:00,kube-system,coredns-8db54c48d-wzn7p,2.0,41943040
2026-09-16T19:38:07.536471+00:00,kube-system,kwok-controller-5cf8c7c44b-jhf8z,108.0,95420416
2026-09-16T19:38:07.536471+00:00,kube-system,local-path-provisioner-5d9d9885bc-rz6gp,1.0,17825792
2026-09-16T19:38:07.536471+00:00,kube-system,metrics-server-75dc6f8d87-6l7pf,52.0,277872640
2026-09-16T19:38:07.536471+00:00,kube-system,svclb-traefik-052e4095-db77m,0.0,0
2026-09-16T19:38:07.536471+00:00,kube-system,traefik-9bcdbbd9-dppcr,6.0,114294784
2026-09-16T19:38:07.536471+00:00,pyroscope,pyroscope-0,8.0,235929600
2026-09-16T19:38:07.536471+00:00,pyroscope,pyroscope-alloy-0,36.0,458227712
