timestamp,namespace,pod,cpu_millicores,mem_bytes
2026-09-16T14:54:13.576629+00:00,kube-system,coredns-8db54c48d-h8vhc,3.0,19922944
2026-09-16T14:54:13.576629+00:00,kube-system,kwok-controller-5cf8c7c44b-mnqlx,4.0,18874368
2026-09-16T14:54:13.576629+00:00,kube-system,local-path-provisioner-5d9d9885bc-ppp5s,4.0,13631488
2026-09-16T14:54:13.576629+00:00,kube-system,metrics-server-786d997795-9tnt7,7.0,26214400
2026-09-16T14:54:13.576629+00:00,kube-system,svclb-traefik-28666cf9-lqs2s,6.0,0
2026-09-16T14:54:13.576629+00:00,kube-system,traefik-9bcdbbd9-hvhbt,39.0,32505856
2026-09-16T14:54:13.576629+00:00,pyroscope,pyroscope-0,3.0,26214400
2026-09-16T14:54:13.576629+00:00,pyroscope,pyroscope-alloy-0,4.0,62914560
2026-09-16T14:54:19.877137+00:00,kai-scheduler,admission-86666f457d-jsj65,6.0,13631488
2026-09-16T14:54:19.877137+00:00,kai-scheduler,binder-869fc94c7-px6b2,19.0,25165824
2026-09-16T14:54:19.877137+00:00,kai-scheduler,kai-operator-69b5d7bcf7-czbxk,17.0,61865984
2026-09-16T14:54:19.877137+00:00,kai-scheduler,kai-scheduler-default-68ccd47c8c-997mr,17.0,29360128
2026-09-16T14:54:19.877137+00:00,kai-scheduler,pod-grouper-65456f756-n274h,6.0,9437184
2026-09-16T14:54:19.877137+00:00,kai-scheduler,podgroup-controller-68f9cc8dbf-xpkz4,5.0,13631488
2026-09-16T14:54:19.877137+00:00,kai-scheduler,queue-controller-f86fcd76c-bhc6d,6.0,11534336
2026-09-16T14:54:19.877137+00:00,kube-system,coredns-8db54c48d-h8vhc,3.0,18874368
2026-09-16T14:54:19.877137+00:00,kube-system,kwok-controller-5cf8c7c44b-mnqlx,2.0,17825792
2026-09-16T14:54:19.877137+00:00,kube-system,local-path-provisioner-5d9d9885bc-ppp5s,1.0,13631488
2026-09-16T14:54:19.877137+00:00,kube-system,metrics-server-786d997795-9tnt7,4.0,25165824
2026-09-16T14:54:19.877137+00:00,kube-system,svclb-traefik-28666cf9-lqs2s,0.0,0
2026-09-16T14:54:19.877137+00:00,kube-system,traefik-9bcdbbd9-hvhbt,2.0,32505856
2026-09-16T14:54:19.877137+00:00,pyroscope,pyroscope-0,3.0,26214400
2026-09-16T14:54:19.877137+00:00,pyroscope,pyroscope-alloy-0,4.0,62914560
2026-09-16T14:54:26.120672+00:00,kai-scheduler,admission-86666f457d-jsj65,6.0,13631488
2026-09-16T14:54:26.120672+00:00,kai-scheduler,binder-869fc94c7-px6b2,19.0,25165824
2026-09-16T14:54:26.120672+00:00,kai-scheduler,kai-operator-69b5d7bcf7-czbxk,17.0,61865984
2026-09-16T14:54:26.120672+00:00,kai-scheduler,kai-scheduler-default-68ccd47c8c-997mr,17.0,29360128
2026-09-16T14:54:26.120672+00:00,kai-scheduler,pod-grouper-65456f756-n274h,6.0,9437184
2026-09-16T14:54:26.120672+00:00,kai-scheduler,podgroup-controller-68f9cc8dbf-xpkz4,5.0,13631488
2026-09-16T14:54:26.120672+00:00,kai-scheduler,queue-controller-f86fcd76c-bhc6d,6.0,11534336
2026-09-16T14:54:26.120672+00:00,kube-system,coredns-8db54c48d-h8vhc,3.0,18874368
2026-09-16T14:54:26.120672+00:00,kube-system,kwok-controller-5cf8c7c44b-mnqlx,2.0,17825792
2026-09-16T14:54:26.120672+00:00,kube-system,local-path-provisioner-5d9d9885bc-ppp5s,1.0,13631488
2026-09-16T14:54:26.120672+00:00,kube-system,metrics-server-786d997795-9tnt7,4.0,25165824
2026-09-16T14:54:26.120672+00:00,kube-system,svclb-traefik-28666cf9-lqs2s,0.0,0
2026-09-16T14:54:26.120672+00:00,kube-system,traefik-9bcdbbd9-hvhbt,2.0,32505856
2026-09-16T14:54:26.120672+00:00,pyroscope,pyroscope-0,3.0,26214400
2026-09-16T14:54:26.120672+00:00,pyroscope,pyroscope-alloy-0,4.0,62914560
2026-09-16T14:54:32.360163+00:00,grove-system,grove-operator-745f874b98-n9hq9,11.0,24117248
2026-09-16T14:54:32.360163+00:00,kai-scheduler,admission-86666f457d-jsj65,6.0,13631488
2026-09-16T14:54:32.360163+00:00,kai-scheduler,binder-869fc94c7-px6b2,21.0,26214400
2026-09-16T14:54:32.360163+00:00,kai-scheduler,kai-operator-69b5d7bcf7-czbxk,23.0,57671680
2026-09-16T14:54:32.360163+00:00,kai-scheduler,kai-scheduler-default-68ccd47c8c-997mr,15.0,41943040
2026-09-16T14:54:32.360163+00:00,kai-scheduler,pod-grouper-65456f756-n274h,1.0,9437184
2026-09-16T14:54:32.360163+00:00,kai-scheduler,podgroup-controller-68f9cc8dbf-xpkz4,1.0,13631488
2026-09-16T14:54:32.360163+00:00,kai-scheduler,queue-controller-f86fcd76c-bhc6d,1.0,11534336
2026-09-16T14:54:32.360163+00:00,kube-system,coredns-8db54c48d-h8vhc,3.0,20971520
2026-09-16T14:54:32.360163+00:00,kube-system,kwok-controller-5cf8c7c44b-mnqlx,39.0,23068672
2026-09-16T14:54:32.360163+00:00,kube-system,local-path-provisioner-5d9d9885bc-ppp5s,1.0,13631488
2026-09-16T14:54:32.360163+00:00,kube-system,metrics-server-786d997795-9tnt7,19.0,35651584
2026-09-16T14:54:32.360163+00:00,kube-system,svclb-traefik-28666cf9-lqs2s,0.0,0
2026-09-16T14:54:32.360163+00:00,kube-system,traefik-9bcdbbd9-hvhbt,28.0,35651584
2026-09-16T14:54:32.360163+00:00,pyroscope,pyroscope-0,4.0,32505856
2026-09-16T14:54:32.360163+00:00,pyroscope,pyroscope-alloy-0,7.0,72351744
2026-09-16T14:54:38.592195+00:00,grove-system,grove-operator-745f874b98-n9hq9,11.0,24117248
2026-09-16T14:54:38.592195+00:00,kai-scheduler,admission-86666f457d-jsj65,6.0,13631488
2026-09-16T14:54:38.592195+00:00,kai-scheduler,binder-869fc94c7-px6b2,21.0,26214400
2026-09-16T14:54:38.592195+00:00,kai-scheduler,kai-operator-69b5d7bcf7-czbxk,23.0,57671680
2026-09-16T14:54:38.592195+00:00,kai-scheduler,kai-scheduler-default-68ccd47c8c-997mr,15.0,41943040
2026-09-16T14:54:38.592195+00:00,kai-scheduler,pod-grouper-65456f756-n274h,1.0,9437184
2026-09-16T14:54:38.592195+00:00,kai-scheduler,podgroup-controller-68f9cc8dbf-xpkz4,1.0,13631488
2026-09-16T14:54:38.592195+00:00,kai-scheduler,queue-controller-f86fcd76c-bhc6d,1.0,11534336
2026-09-16T14:54:38.592195+00:00,kube-system,coredns-8db54c48d-h8vhc,3.0,20971520
2026-09-16T14:54:38.592195+00:00,kube-system,kwok-controller-5cf8c7c44b-mnqlx,39.0,23068672
2026-09-16T14:54:38.592195+00:00,kube-system,local-path-provisioner-5d9d9885bc-ppp5s,1.0,13631488
2026-09-16T14:54:38.592195+00:00,kube-system,metrics-server-786d997795-9tnt7,19.0,35651584
2026-09-16T14:54:38.592195+00:00,kube-system,svclb-traefik-28666cf9-lqs2s,0.0,0
2026-09-16T14:54:38.592195+00:00,kube-system,traefik-9bcdbbd9-hvhbt,28.0,35651584
2026-09-16T14:54:38.592195+00:00,pyroscope,pyroscope-0,4.0,32505856
2026-09-16T14:54:38.592195+00:00,pyroscope,pyroscope-alloy-0,7.0,72351744
2026-09-16T14:54:44.839518+00:00,grove-system,grove-operator-745f874b98-n9hq9,30.0,42991616
2026-09-16T14:54:44.839518+00:00,kai-scheduler,admission-86666f457d-jsj65,1.0,13631488
2026-09-16T14:54:44.839518+00:00,kai-scheduler,binder-869fc94c7-px6b2,12.0,24117248
2026-09-16T14:54:44.839518+00:00,kai-scheduler,kai-operator-69b5d7bcf7-czbxk,27.0,61865984
2026-09-16T14:54:44.839518+00:00,kai-scheduler,kai-scheduler-default-68ccd47c8c-997mr,22.0,47185920
2026-09-16T14:54:44.839518+00:00,kai-scheduler,pod-grouper-65456f756-n274h,1.0,9437184
2026-09-16T14:54:44.839518+00:00,kai-scheduler,podgroup-controller-68f9cc8dbf-xpkz4,1.0,13631488
2026-09-16T14:54:44.839518+00:00,kai-scheduler,queue-controller-f86fcd76c-bhc6d,1.0,11534336
2026-09-16T14:54:44.839518+00:00,kube-system,coredns-8db54c48d-h8vhc,2.0,20971520
2026-09-16T14:54:44.839518+00:00,kube-system,kwok-controller-5cf8c7c44b-mnqlx,26.0,25165824
2026-09-16T14:54:44.839518+00:00,kube-system,local-path-provisioner-5d9d9885bc-ppp5s,1.0,13631488
2026-09-16T14:54:44.839518+00:00,kube-system,metrics-server-75dc6f8d87-xxvrs,14.0,31457280
2026-09-16T14:54:44.839518+00:00,kube-system,metrics-server-786d997795-9tnt7,19.0,37748736
2026-09-16T14:54:44.839518+00:00,kube-system,svclb-traefik-28666cf9-lqs2s,0.0,0
2026-09-16T14:54:44.839518+00:00,kube-system,traefik-9bcdbbd9-hvhbt,29.0,36700160
2026-09-16T14:54:44.839518+00:00,pyroscope,pyroscope-0,12.0,49283072
2026-09-16T14:54:44.839518+00:00,pyroscope,pyroscope-alloy-0,7.0,72351744
2026-09-16T14:54:51.098980+00:00,grove-system,grove-operator-745f874b98-n9hq9,30.0,42991616
2026-09-16T14:54:51.098980+00:00,kai-scheduler,admission-86666f457d-jsj65,1.0,13631488
2026-09-16T14:54:51.098980+00:00,kai-scheduler,binder-869fc94c7-px6b2,12.0,24117248
2026-09-16T14:54:51.098980+00:00,kai-scheduler,kai-operator-69b5d7bcf7-czbxk,27.0,61865984
2026-09-16T14:54:51.098980+00:00,kai-scheduler,kai-scheduler-default-68ccd47c8c-997mr,22.0,47185920
2026-09-16T14:54:51.098980+00:00,kai-scheduler,pod-grouper-65456f756-n274h,1.0,9437184
2026-09-16T14:54:51.098980+00:00,kai-scheduler,podgroup-controller-68f9cc8dbf-xpkz4,1.0,13631488
2026-09-16T14:54:51.098980+00:00,kai-scheduler,queue-controller-f86fcd76c-bhc6d,1.0,11534336
2026-09-16T14:54:51.098980+00:00,kube-system,coredns-8db54c48d-h8vhc,2.0,20971520
2026-09-16T14:54:51.098980+00:00,kube-system,kwok-controller-5cf8c7c44b-mnqlx,26.0,25165824
2026-09-16T14:54:51.098980+00:00,kube-system,local-path-provisioner-5d9d9885bc-ppp5s,1.0,13631488
2026-09-16T14:54:51.098980+00:00,kube-system,metrics-server-75dc6f8d87-xxvrs,18.0,31457280
2026-09-16T14:54:51.098980+00:00,kube-system,traefik-9bcdbbd9-hvhbt,29.0,36700160
2026-09-16T14:54:51.098980+00:00,pyroscope,pyroscope-0,4.0,32505856
2026-09-16T14:54:51.098980+00:00,pyroscope,pyroscope-alloy-0,9.0,72351744
2026-09-16T14:54:57.382835+00:00,grove-system,grove-operator-745f874b98-n9hq9,492.0,97517568
2026-09-16T14:54:57.382835+00:00,kai-scheduler,admission-86666f457d-jsj65,1.0,13631488
2026-09-16T14:54:57.382835+00:00,kai-scheduler,binder-869fc94c7-px6b2,25.0,27262976
2026-09-16T14:54:57.382835+00:00,kai-scheduler,kai-operator-69b5d7bcf7-czbxk,4.0,58720256
2026-09-16T14:54:57.382835+00:00,kai-scheduler,kai-scheduler-default-68ccd47c8c-997mr,30.0,51380224
2026-09-16T14:54:57.382835+00:00,kai-scheduler,pod-grouper-65456f756-n274h,1.0,9437184
2026-09-16T14:54:57.382835+00:00,kai-scheduler,podgroup-controller-68f9cc8dbf-xpkz4,1.0,13631488
2026-09-16T14:54:57.382835+00:00,kai-scheduler,queue-controller-f86fcd76c-bhc6d,1.0,11534336
2026-09-16T14:54:57.382835+00:00,kube-system,coredns-8db54c48d-h8vhc,5.0,20971520
2026-09-16T14:54:57.382835+00:00,kube-system,kwok-controller-5cf8c7c44b-mnqlx,91.0,30408704
2026-09-16T14:54:57.382835+00:00,kube-system,local-path-provisioner-5d9d9885bc-ppp5s,1.0,13631488
2026-09-16T14:54:57.382835+00:00,kube-system,metrics-server-75dc6f8d87-xxvrs,18.0,31457280
2026-09-16T14:54:57.382835+00:00,kube-system,svclb-traefik-28666cf9-lqs2s,0.0,0
2026-09-16T14:54:57.382835+00:00,kube-system,traefik-9bcdbbd9-hvhbt,26.0,34603008
2026-09-16T14:54:57.382835+00:00,pyroscope,pyroscope-0,12.0,49283072
2026-09-16T14:54:57.382835+00:00,pyroscope,pyroscope-alloy-0,17.0,83886080
2026-09-16T14:55:03.634137+00:00,grove-system,grove-operator-745f874b98-n9hq9,492.0,97517568
2026-09-16T14:55:03.634137+00:00,kai-scheduler,admission-86666f457d-jsj65,1.0,13631488
2026-09-16T14:55:03.634137+00:00,kai-scheduler,binder-869fc94c7-px6b2,25.0,27262976
2026-09-16T14:55:03.634137+00:00,kai-scheduler,kai-operator-69b5d7bcf7-czbxk,4.0,58720256
2026-09-16T14:55:03.634137+00:00,kai-scheduler,kai-scheduler-default-68ccd47c8c-997mr,30.0,51380224
2026-09-16T14:55:03.634137+00:00,kai-scheduler,pod-grouper-65456f756-n274h,1.0,9437184
2026-09-16T14:55:03.634137+00:00,kai-scheduler,podgroup-controller-68f9cc8dbf-xpkz4,1.0,13631488
2026-09-16T14:55:03.634137+00:00,kai-scheduler,queue-controller-f86fcd76c-bhc6d,1.0,11534336
2026-09-16T14:55:03.634137+00:00,kube-system,coredns-8db54c48d-h8vhc,5.0,20971520
2026-09-16T14:55:03.634137+00:00,kube-system,kwok-controller-5cf8c7c44b-mnqlx,91.0,30408704
2026-09-16T14:55:03.634137+00:00,kube-system,local-path-provisioner-5d9d9885bc-ppp5s,1.0,13631488
2026-09-16T14:55:03.634137+00:00,kube-system,metrics-server-75dc6f8d87-xxvrs,18.0,31457280
2026-09-16T14:55:03.634137+00:00,kube-system,svclb-traefik-28666cf9-lqs2s,0.0,0
2026-09-16T14:55:03.634137+00:00,kube-system,traefik-9bcdbbd9-hvhbt,26.0,34603008
2026-09-16T14:55:03.634137+00:00,pyroscope,pyroscope-0,12.0,49283072
2026-09-16T14:55:03.634137+00:00,pyroscope,pyroscope-alloy-0,17.0,83886080
2026-09-16T14:55:09.867365+00:00,grove-system,grove-operator-745f874b98-n9hq9,492.0,97517568
2026-09-16T14:55:09.867365+00:00,kai-scheduler,admission-86666f457d-jsj65,1.0,13631488
2026-09-16T14:55:09.867365+00:00,kai-scheduler,binder-869fc94c7-px6b2,25.0,27262976
2026-09-16T14:55:09.867365+00:00,kai-scheduler,kai-operator-69b5d7bcf7-czbxk,4.0,58720256
2026-09-16T14:55:09.867365+00:00,kai-scheduler,kai-scheduler-default-68ccd47c8c-997mr,30.0,51380224
2026-09-16T14:55:09.867365+00:00,kai-scheduler,pod-grouper-65456f756-n274h,1.0,9437184
2026-09-16T14:55:09.867365+00:00,kai-scheduler,podgroup-controller-68f9cc8dbf-xpkz4,1.0,13631488
2026-09-16T14:55:09.867365+00:00,kai-scheduler,queue-controller-f86fcd76c-bhc6d,1.0,11534336
2026-09-16T14:55:09.867365+00:00,kube-system,coredns-8db54c48d-h8vhc,5.0,20971520
2026-09-16T14:55:09.867365+00:00,kube-system,kwok-controller-5cf8c7c44b-mnqlx,91.0,30408704
2026-09-16T14:55:09.867365+00:00,kube-system,local-path-provisioner-5d9d9885bc-ppp5s,1.0,13631488
2026-09-16T14:55:09.867365+00:00,kube-system,metrics-server-75dc6f8d87-xxvrs,18.0,31457280
2026-09-16T14:55:09.867365+00:00,kube-system,svclb-traefik-28666cf9-lqs2s,0.0,0
2026-09-16T14:55:09.867365+00:00,kube-system,traefik-9bcdbbd9-hvhbt,26.0,34603008
2026-09-16T14:55:09.867365+00:00,pyroscope,pyroscope-0,12.0,49283072
2026-09-16T14:55:09.867365+00:00,pyroscope,pyroscope-alloy-0,17.0,83886080
2026-09-16T14:55:16.101550+00:00,grove-system,grove-operator-745f874b98-n9hq9,1103.0,118489088
2026-09-16T14:55:16.101550+00:00,kai-scheduler,admission-86666f457d-jsj65,1.0,13631488
2026-09-16T14:55:16.101550+00:00,kai-scheduler,binder-869fc94c7-px6b2,94.0,75497472
2026-09-16T14:55:16.101550+00:00,kai-scheduler,kai-operator-69b5d7bcf7-czbxk,1.0,58720256
2026-09-16T14:55:16.101550+00:00,kai-scheduler,kai-scheduler-default-68ccd47c8c-997mr,76.0,105906176
2026-09-16T14:55:16.101550+00:00,kai-scheduler,pod-grouper-65456f756-n274h,1.0,9437184
2026-09-16T14:55:16.101550+00:00,kai-scheduler,podgroup-controller-68f9cc8dbf-xpkz4,1.0,13631488
2026-09-16T14:55:16.101550+00:00,kai-scheduler,queue-controller-f86fcd76c-bhc6d,1.0,11534336
2026-09-16T14:55:16.101550+00:00,kube-system,coredns-8db54c48d-h8vhc,10.0,22020096
2026-09-16T14:55:16.101550+00:00,kube-system,kwok-controller-5cf8c7c44b-mnqlx,260.0,33554432
2026-09-16T14:55:16.101550+00:00,kube-system,local-path-provisioner-5d9d9885bc-ppp5s,1.0,13631488
2026-09-16T14:55:16.101550+00:00,kube-system,metrics-server-75dc6f8d87-xxvrs,22.0,41943040
2026-09-16T14:55:16.101550+00:00,kube-system,svclb-traefik-28666cf9-lqs2s,0.0,0
2026-09-16T14:55:16.101550+00:00,kube-system,traefik-9bcdbbd9-hvhbt,17.0,40894464
2026-09-16T14:55:16.101550+00:00,pyroscope,pyroscope-0,9.0,65011712
2026-09-16T14:55:16.101550+00:00,pyroscope,pyroscope-alloy-0,98.0,113246208
2026-09-16T14:55:22.332620+00:00,grove-system,grove-operator-745f874b98-n9hq9,1103.0,118489088
2026-09-16T14:55:22.332620+00:00,kai-scheduler,admission-86666f457d-jsj65,1.0,13631488
2026-09-16T14:55:22.332620+00:00,kai-scheduler,binder-869fc94c7-px6b2,94.0,75497472
2026-09-16T14:55:22.332620+00:00,kai-scheduler,kai-operator-69b5d7bcf7-czbxk,1.0,58720256
2026-09-16T14:55:22.332620+00:00,kai-scheduler,kai-scheduler-default-68ccd47c8c-997mr,76.0,105906176
2026-09-16T14:55:22.332620+00:00,kai-scheduler,pod-grouper-65456f756-n274h,1.0,9437184
2026-09-16T14:55:22.332620+00:00,kai-scheduler,podgroup-controller-68f9cc8dbf-xpkz4,1.0,13631488
2026-09-16T14:55:22.332620+00:00,kai-scheduler,queue-controller-f86fcd76c-bhc6d,1.0,11534336
2026-09-16T14:55:22.332620+00:00,kube-system,coredns-8db54c48d-h8vhc,10.0,22020096
2026-09-16T14:55:22.332620+00:00,kube-system,kwok-controller-5cf8c7c44b-mnqlx,260.0,33554432
2026-09-16T14:55:22.332620+00:00,kube-system,local-path-provisioner-5d9d9885bc-ppp5s,1.0,13631488
2026-09-16T14:55:22.332620+00:00,kube-system,metrics-server-75dc6f8d87-xxvrs,22.0,41943040
2026-09-16T14:55:22.332620+00:00,kube-system,svclb-traefik-28666cf9-lqs2s,0.0,0
2026-09-16T14:55:22.332620+00:00,kube-system,traefik-9bcdbbd9-hvhbt,17.0,40894464
2026-09-16T14:55:22.332620+00:00,pyroscope,pyroscope-0,9.0,65011712
2026-09-16T14:55:22.332620+00:00,pyroscope,pyroscope-alloy-0,98.0,113246208
2026-09-16T14:55:28.572691+00:00,grove-system,grove-operator-745f874b98-n9hq9,45.0,119537664
2026-09-16T14:55:28.572691+00:00,kai-scheduler,admission-86666f457d-jsj65,1.0,13631488
2026-09-16T14:55:28.572691+00:00,kai-scheduler,binder-869fc94c7-px6b2,35.0,72351744
2026-09-16T14:55:28.572691+00:00,kai-scheduler,kai-operator-69b5d7bcf7-czbxk,3.0,59768832
2026-09-16T14:55:28.572691+00:00,kai-scheduler,kai-scheduler-default-68ccd47c8c-997mr,17.0,118489088
2026-09-16T14:55:28.572691+00:00,kai-scheduler,pod-grouper-65456f756-n274h,1.0,9437184
2026-09-16T14:55:28.572691+00:00,kai-scheduler,podgroup-controller-68f9cc8dbf-xpkz4,1.0,13631488
2026-09-16T14:55:28.572691+00:00,kai-scheduler,queue-controller-f86fcd76c-bhc6d,1.0,11534336
2026-09-16T14:55:28.572691+00:00,kube-system,coredns-8db54c48d-h8vhc,7.0,22020096
2026-09-16T14:55:28.572691+00:00,kube-system,kwok-controller-5cf8c7c44b-mnqlx,24.0,30408704
2026-09-16T14:55:28.572691+00:00,kube-system,local-path-provisioner-5d9d9885bc-ppp5s,1.0,13631488
2026-09-16T14:55:28.572691+00:00,kube-system,metrics-server-75dc6f8d87-xxvrs,9.0,47185920
2026-09-16T14:55:28.572691+00:00,kube-system,svclb-traefik-28666cf9-lqs2s,0.0,0
2026-09-16T14:55:28.572691+00:00,kube-system,traefik-9bcdbbd9-hvhbt,17.0,40894464
2026-09-16T14:55:28.572691+00:00,pyroscope,pyroscope-0,6.0,68157440
2026-09-16T14:55:28.572691+00:00,pyroscope,pyroscope-alloy-0,42.0,118489088
2026-09-16T14:55:34.809125+00:00,grove-system,grove-operator-745f874b98-n9hq9,45.0,119537664
2026-09-16T14:55:34.809125+00:00,kai-scheduler,admission-86666f457d-jsj65,1.0,13631488
2026-09-16T14:55:34.809125+00:00,kai-scheduler,binder-869fc94c7-px6b2,35.0,72351744
2026-09-16T14:55:34.809125+00:00,kai-scheduler,kai-operator-69b5d7bcf7-czbxk,3.0,59768832
2026-09-16T14:55:34.809125+00:00,kai-scheduler,kai-scheduler-default-68ccd47c8c-997mr,17.0,118489088
2026-09-16T14:55:34.809125+00:00,kai-scheduler,pod-grouper-65456f756-n274h,1.0,9437184
2026-09-16T14:55:34.809125+00:00,kai-scheduler,podgroup-controller-68f9cc8dbf-xpkz4,1.0,13631488
2026-09-16T14:55:34.809125+00:00,kai-scheduler,queue-controller-f86fcd76c-bhc6d,1.0,11534336
2026-09-16T14:55:34.809125+00:00,kube-system,coredns-8db54c48d-h8vhc,7.0,22020096
2026-09-16T14:55:34.809125+00:00,kube-system,kwok-controller-5cf8c7c44b-mnqlx,24.0,30408704
2026-09-16T14:55:34.809125+00:00,kube-system,local-path-provisioner-5d9d9885bc-ppp5s,1.0,13631488
2026-09-16T14:55:34.809125+00:00,kube-system,metrics-server-75dc6f8d87-xxvrs,9.0,47185920
2026-09-16T14:55:34.809125+00:00,kube-system,svclb-traefik-28666cf9-lqs2s,0.0,0
2026-09-16T14:55:34.809125+00:00,kube-system,traefik-9bcdbbd9-hvhbt,17.0,40894464
2026-09-16T14:55:34.809125+00:00,pyroscope,pyroscope-0,6.0,68157440
2026-09-16T14:55:34.809125+00:00,pyroscope,pyroscope-alloy-0,42.0,118489088
2026-09-16T14:55:41.056375+00:00,grove-system,grove-operator-745f874b98-n9hq9,45.0,119537664
2026-09-16T14:55:41.056375+00:00,kai-scheduler,admission-86666f457d-jsj65,1.0,13631488
2026-09-16T14:55:41.056375+00:00,kai-scheduler,binder-869fc94c7-px6b2,35.0,72351744
2026-09-16T14:55:41.056375+00:00,kai-scheduler,kai-operator-69b5d7bcf7-czbxk,3.0,59768832
2026-09-16T14:55:41.056375+00:00,kai-scheduler,kai-scheduler-default-68ccd47c8c-997mr,17.0,118489088
2026-09-16T14:55:41.056375+00:00,kai-scheduler,pod-grouper-65456f756-n274h,1.0,9437184
2026-09-16T14:55:41.056375+00:00,kai-scheduler,podgroup-controller-68f9cc8dbf-xpkz4,1.0,13631488
2026-09-16T14:55:41.056375+00:00,kai-scheduler,queue-controller-f86fcd76c-bhc6d,1.0,11534336
2026-09-16T14:55:41.056375+00:00,kube-system,coredns-8db54c48d-h8vhc,7.0,22020096
2026-09-16T14:55:41.056375+00:00,kube-system,kwok-controller-5cf8c7c44b-mnqlx,24.0,30408704
2026-09-16T14:55:41.056375+00:00,kube-system,local-path-provisioner-5d9d9885bc-ppp5s,1.0,13631488
2026-09-16T14:55:41.056375+00:00,kube-system,metrics-server-75dc6f8d87-xxvrs,9.0,47185920
2026-09-16T14:55:41.056375+00:00,kube-system,svclb-traefik-28666cf9-lqs2s,0.0,0
2026-09-16T14:55:41.056375+00:00,kube-system,traefik-9bcdbbd9-hvhbt,17.0,40894464
2026-09-16T14:55:41.056375+00:00,pyroscope,pyroscope-0,6.0,68157440
2026-09-16T14:55:41.056375+00:00,pyroscope,pyroscope-alloy-0,42.0,118489088
2026-09-16T14:55:47.294532+00:00,grove-system,grove-operator-745f874b98-n9hq9,45.0,117440512
2026-09-16T14:55:47.294532+00:00,kai-scheduler,admission-86666f457d-jsj65,1.0,13631488
2026-09-16T14:55:47.294532+00:00,kai-scheduler,binder-869fc94c7-px6b2,20.0,75497472
2026-09-16T14:55:47.294532+00:00,kai-scheduler,kai-operator-69b5d7bcf7-czbxk,1.0,58720256
2026-09-16T14:55:47.294532+00:00,kai-scheduler,kai-scheduler-default-68ccd47c8c-997mr,33.0,115343360
2026-09-16T14:55:47.294532+00:00,kai-scheduler,pod-grouper-65456f756-n274h,1.0,9437184
2026-09-16T14:55:47.294532+00:00,kai-scheduler,podgroup-controller-68f9cc8dbf-xpkz4,1.0,13631488
2026-09-16T14:55:47.294532+00:00,kai-scheduler,queue-controller-f86fcd76c-bhc6d,1.0,11534336
2026-09-16T14:55:47.294532+00:00,kube-system,coredns-8db54c48d-h8vhc,3.0,20971520
2026-09-16T14:55:47.294532+00:00,kube-system,kwok-controller-5cf8c7c44b-mnqlx,79.0,33554432
2026-09-16T14:55:47.294532+00:00,kube-system,local-path-provisioner-5d9d9885bc-ppp5s,1.0,15728640
2026-09-16T14:55:47.294532+00:00,kube-system,metrics-server-75dc6f8d87-xxvrs,9.0,47185920
2026-09-16T14:55:47.294532+00:00,kube-system,svclb-traefik-28666cf9-lqs2s,0.0,0
2026-09-16T14:55:47.294532+00:00,kube-system,traefik-9bcdbbd9-hvhbt,3.0,38797312
2026-09-16T14:55:47.294532+00:00,pyroscope,pyroscope-0,5.0,61865984
2026-09-16T14:55:47.294532+00:00,pyroscope,pyroscope-alloy-0,32.0,131072000
2026-09-16T14:55:53.526590+00:00,grove-system,grove-operator-745f874b98-n9hq9,45.0,117440512
2026-09-16T14:55:53.526590+00:00,kai-scheduler,admission-86666f457d-jsj65,1.0,13631488
2026-09-16T14:55:53.526590+00:00,kai-scheduler,binder-869fc94c7-px6b2,20.0,75497472
2026-09-16T14:55:53.526590+00:00,kai-scheduler,kai-operator-69b5d7bcf7-czbxk,1.0,58720256
2026-09-16T14:55:53.526590+00:00,kai-scheduler,kai-scheduler-default-68ccd47c8c-997mr,33.0,115343360
2026-09-16T14:55:53.526590+00:00,kai-scheduler,pod-grouper-65456f756-n274h,1.0,9437184
2026-09-16T14:55:53.526590+00:00,kai-scheduler,podgroup-controller-68f9cc8dbf-xpkz4,1.0,13631488
2026-09-16T14:55:53.526590+00:00,kai-scheduler,queue-controller-f86fcd76c-bhc6d,1.0,11534336
2026-09-16T14:55:53.526590+00:00,kube-system,coredns-8db54c48d-h8vhc,3.0,20971520
2026-09-16T14:55:53.526590+00:00,kube-system,kwok-controller-5cf8c7c44b-mnqlx,79.0,33554432
2026-09-16T14:55:53.526590+00:00,kube-system,local-path-provisioner-5d9d9885bc-ppp5s,1.0,15728640
2026-09-16T14:55:53.526590+00:00,kube-system,metrics-server-75dc6f8d87-xxvrs,9.0,47185920
2026-09-16T14:55:53.526590+00:00,kube-system,svclb-traefik-28666cf9-lqs2s,0.0,0
2026-09-16T14:55:53.526590+00:00,kube-system,traefik-9bcdbbd9-hvhbt,3.0,38797312
2026-09-16T14:55:53.526590+00:00,pyroscope,pyroscope-0,5.0,61865984
2026-09-16T14:55:53.526590+00:00,pyroscope,pyroscope-alloy-0,32.0,131072000
2026-09-16T14:55:59.759927+00:00,grove-system,grove-operator-745f874b98-n9hq9,44.0,120586240
2026-09-16T14:55:59.759927+00:00,kai-scheduler,admission-86666f457d-jsj65,1.0,13631488
2026-09-16T14:55:59.759927+00:00,kai-scheduler,binder-869fc94c7-px6b2,50.0,76546048
2026-09-16T14:55:59.759927+00:00,kai-scheduler,kai-operator-69b5d7bcf7-czbxk,1.0,58720256
2026-09-16T14:55:59.759927+00:00,kai-scheduler,kai-scheduler-default-68ccd47c8c-997mr,42.0,112197632
2026-09-16T14:55:59.759927+00:00,kai-scheduler,pod-grouper-65456f756-n274h,1.0,9437184
2026-09-16T14:55:59.759927+00:00,kai-scheduler,podgroup-controller-68f9cc8dbf-xpkz4,1.0,13631488
2026-09-16T14:55:59.759927+00:00,kai-scheduler,queue-controller-f86fcd76c-bhc6d,1.0,11534336
2026-09-16T14:55:59.759927+00:00,kube-system,coredns-8db54c48d-h8vhc,2.0,22020096
2026-09-16T14:55:59.759927+00:00,kube-system,kwok-controller-5cf8c7c44b-mnqlx,70.0,31457280
2026-09-16T14:55:59.759927+00:00,kube-system,local-path-provisioner-5d9d9885bc-ppp5s,1.0,15728640
2026-09-16T14:55:59.759927+00:00,kube-system,metrics-server-75dc6f8d87-xxvrs,25.0,50331648
2026-09-16T14:55:59.759927+00:00,kube-system,svclb-traefik-28666cf9-lqs2s,0.0,0
2026-09-16T14:55:59.759927+00:00,kube-system,traefik-9bcdbbd9-hvhbt,1.0,38797312
2026-09-16T14:55:59.759927+00:00,pyroscope,pyroscope-0,5.0,62914560
2026-09-16T14:55:59.759927+00:00,pyroscope,pyroscope-alloy-0,49.0,139460608
2026-09-16T14:56:05.996779+00:00,grove-system,grove-operator-745f874b98-n9hq9,44.0,120586240
2026-09-16T14:56:05.996779+00:00,kai-scheduler,admission-86666f457d-jsj65,1.0,13631488
2026-09-16T14:56:05.996779+00:00,kai-scheduler,binder-869fc94c7-px6b2,50.0,76546048
2026-09-16T14:56:05.996779+00:00,kai-scheduler,kai-operator-69b5d7bcf7-czbxk,1.0,58720256
2026-09-16T14:56:05.996779+00:00,kai-scheduler,kai-scheduler-default-68ccd47c8c-997mr,42.0,112197632
2026-09-16T14:56:05.996779+00:00,kai-scheduler,pod-grouper-65456f756-n274h,1.0,9437184
2026-09-16T14:56:05.996779+00:00,kai-scheduler,podgroup-controller-68f9cc8dbf-xpkz4,1.0,13631488
2026-09-16T14:56:05.996779+00:00,kai-scheduler,queue-controller-f86fcd76c-bhc6d,1.0,11534336
2026-09-16T14:56:05.996779+00:00,kube-system,coredns-8db54c48d-h8vhc,2.0,22020096
2026-09-16T14:56:05.996779+00:00,kube-system,kwok-controller-5cf8c7c44b-mnqlx,70.0,31457280
2026-09-16T14:56:05.996779+00:00,kube-system,local-path-provisioner-5d9d9885bc-ppp5s,1.0,15728640
2026-09-16T14:56:05.996779+00:00,kube-system,metrics-server-75dc6f8d87-xxvrs,25.0,50331648
2026-09-16T14:56:05.996779+00:00,kube-system,svclb-traefik-28666cf9-lqs2s,0.0,0
2026-09-16T14:56:05.996779+00:00,kube-system,traefik-9bcdbbd9-hvhbt,1.0,38797312
2026-09-16T14:56:05.996779+00:00,pyroscope,pyroscope-0,5.0,62914560
2026-09-16T14:56:05.996779+00:00,pyroscope,pyroscope-alloy-0,49.0,139460608
2026-09-16T14:56:12.238641+00:00,grove-system,grove-operator-745f874b98-n9hq9,34.0,118489088
2026-09-16T14:56:12.238641+00:00,kai-scheduler,admission-86666f457d-jsj65,1.0,14680064
2026-09-16T14:56:12.238641+00:00,kai-scheduler,binder-869fc94c7-px6b2,17.0,73400320
2026-09-16T14:56:12.238641+00:00,kai-scheduler,kai-operator-69b5d7bcf7-czbxk,3.0,60817408
2026-09-16T14:56:12.238641+00:00,kai-scheduler,kai-scheduler-default-68ccd47c8c-997mr,20.0,98566144
2026-09-16T14:56:12.238641+00:00,kai-scheduler,pod-grouper-65456f756-n274h,1.0,9437184
2026-09-16T14:56:12.238641+00:00,kai-scheduler,podgroup-controller-68f9cc8dbf-xpkz4,1.0,13631488
2026-09-16T14:56:12.238641+00:00,kai-scheduler,queue-controller-f86fcd76c-bhc6d,1.0,11534336
2026-09-16T14:56:12.238641+00:00,kube-system,coredns-8db54c48d-h8vhc,2.0,22020096
2026-09-16T14:56:12.238641+00:00,kube-system,kwok-controller-5cf8c7c44b-mnqlx,70.0,31457280
2026-09-16T14:56:12.238641+00:00,kube-system,local-path-provisioner-5d9d9885bc-ppp5s,1.0,15728640
2026-09-16T14:56:12.238641+00:00,kube-system,metrics-server-75dc6f8d87-xxvrs,6.0,50331648
2026-09-16T14:56:12.238641+00:00,kube-system,svclb-traefik-28666cf9-lqs2s,0.0,0
2026-09-16T14:56:12.238641+00:00,kube-system,traefik-9bcdbbd9-hvhbt,3.0,40894464
2026-09-16T14:56:12.238641+00:00,pyroscope,pyroscope-0,8.0,68157440
2026-09-16T14:56:12.238641+00:00,pyroscope,pyroscope-alloy-0,8.0,146800640
2026-09-16T14:56:18.481916+00:00,grove-system,grove-operator-745f874b98-n9hq9,34.0,118489088
2026-09-16T14:56:18.481916+00:00,kai-scheduler,admission-86666f457d-jsj65,1.0,14680064
2026-09-16T14:56:18.481916+00:00,kai-scheduler,binder-869fc94c7-px6b2,17.0,73400320
2026-09-16T14:56:18.481916+00:00,kai-scheduler,kai-operator-69b5d7bcf7-czbxk,3.0,60817408
2026-09-16T14:56:18.481916+00:00,kai-scheduler,kai-scheduler-default-68ccd47c8c-997mr,20.0,98566144
2026-09-16T14:56:18.481916+00:00,kai-scheduler,pod-grouper-65456f756-n274h,1.0,9437184
2026-09-16T14:56:18.481916+00:00,kai-scheduler,podgroup-controller-68f9cc8dbf-xpkz4,1.0,13631488
2026-09-16T14:56:18.481916+00:00,kai-scheduler,queue-controller-f86fcd76c-bhc6d,1.0,11534336
2026-09-16T14:56:18.481916+00:00,kube-system,coredns-8db54c48d-h8vhc,2.0,22020096
2026-09-16T14:56:18.481916+00:00,kube-system,kwok-controller-5cf8c7c44b-mnqlx,70.0,31457280
2026-09-16T14:56:18.481916+00:00,kube-system,local-path-provisioner-5d9d9885bc-ppp5s,1.0,15728640
2026-09-16T14:56:18.481916+00:00,kube-system,metrics-server-75dc6f8d87-xxvrs,6.0,50331648
2026-09-16T14:56:18.481916+00:00,kube-system,svclb-traefik-28666cf9-lqs2s,0.0,0
2026-09-16T14:56:18.481916+00:00,kube-system,traefik-9bcdbbd9-hvhbt,3.0,40894464
2026-09-16T14:56:18.481916+00:00,pyroscope,pyroscope-0,8.0,68157440
2026-09-16T14:56:18.481916+00:00,pyroscope,pyroscope-alloy-0,8.0,146800640
2026-09-16T14:56:24.720956+00:00,grove-system,grove-operator-745f874b98-n9hq9,34.0,118489088
2026-09-16T14:56:24.720956+00:00,kai-scheduler,admission-86666f457d-jsj65,1.0,14680064
2026-09-16T14:56:24.720956+00:00,kai-scheduler,binder-869fc94c7-px6b2,17.0,73400320
2026-09-16T14:56:24.720956+00:00,kai-scheduler,kai-operator-69b5d7bcf7-czbxk,3.0,60817408
2026-09-16T14:56:24.720956+00:00,kai-scheduler,kai-scheduler-default-68ccd47c8c-997mr,20.0,98566144
2026-09-16T14:56:24.720956+00:00,kai-scheduler,pod-grouper-65456f756-n274h,1.0,9437184
2026-09-16T14:56:24.720956+00:00,kai-scheduler,podgroup-controller-68f9cc8dbf-xpkz4,1.0,13631488
2026-09-16T14:56:24.720956+00:00,kai-scheduler,queue-controller-f86fcd76c-bhc6d,1.0,11534336
2026-09-16T14:56:24.720956+00:00,kube-system,coredns-8db54c48d-h8vhc,2.0,22020096
2026-09-16T14:56:24.720956+00:00,kube-system,kwok-controller-5cf8c7c44b-mnqlx,70.0,31457280
2026-09-16T14:56:24.720956+00:00,kube-system,local-path-provisioner-5d9d9885bc-ppp5s,1.0,15728640
2026-09-16T14:56:24.720956+00:00,kube-system,metrics-server-75dc6f8d87-xxvrs,6.0,50331648
2026-09-16T14:56:24.720956+00:00,kube-system,svclb-traefik-28666cf9-lqs2s,0.0,0
2026-09-16T14:56:24.720956+00:00,kube-system,traefik-9bcdbbd9-hvhbt,3.0,40894464
2026-09-16T14:56:24.720956+00:00,pyroscope,pyroscope-0,8.0,68157440
2026-09-16T14:56:24.720956+00:00,pyroscope,pyroscope-alloy-0,8.0,146800640
2026-09-16T14:56:30.953710+00:00,grove-system,grove-operator-745f874b98-n9hq9,34.0,118489088
2026-09-16T14:56:30.953710+00:00,kai-scheduler,admission-86666f457d-jsj65,1.0,13631488
2026-09-16T14:56:30.953710+00:00,kai-scheduler,binder-869fc94c7-px6b2,20.0,74448896
2026-09-16T14:56:30.953710+00:00,kai-scheduler,kai-operator-69b5d7bcf7-czbxk,1.0,58720256
2026-09-16T14:56:30.953710+00:00,kai-scheduler,kai-scheduler-default-68ccd47c8c-997mr,27.0,103809024
2026-09-16T14:56:30.953710+00:00,kai-scheduler,pod-grouper-65456f756-n274h,1.0,9437184
2026-09-16T14:56:30.953710+00:00,kai-scheduler,podgroup-controller-68f9cc8dbf-xpkz4,1.0,13631488
2026-09-16T14:56:30.953710+00:00,kai-scheduler,queue-controller-f86fcd76c-bhc6d,1.0,11534336
2026-09-16T14:56:30.953710+00:00,kube-system,coredns-8db54c48d-h8vhc,4.0,20971520
2026-09-16T14:56:30.953710+00:00,kube-system,kwok-controller-5cf8c7c44b-mnqlx,55.0,33554432
2026-09-16T14:56:30.953710+00:00,kube-system,local-path-provisioner-5d9d9885bc-ppp5s,1.0,15728640
2026-09-16T14:56:30.953710+00:00,kube-system,metrics-server-75dc6f8d87-xxvrs,30.0,54525952
2026-09-16T14:56:30.953710+00:00,kube-system,svclb-traefik-28666cf9-lqs2s,0.0,0
2026-09-16T14:56:30.953710+00:00,kube-system,traefik-9bcdbbd9-hvhbt,1.0,38797312
2026-09-16T14:56:30.953710+00:00,pyroscope,pyroscope-0,6.0,63963136
2026-09-16T14:56:30.953710+00:00,pyroscope,pyroscope-alloy-0,42.0,138412032
2026-09-16T14:56:37.204394+00:00,grove-system,grove-operator-745f874b98-n9hq9,34.0,118489088
2026-09-16T14:56:37.204394+00:00,kai-scheduler,admission-86666f457d-jsj65,1.0,13631488
2026-09-16T14:56:37.204394+00:00,kai-scheduler,binder-869fc94c7-px6b2,20.0,74448896
2026-09-16T14:56:37.204394+00:00,kai-scheduler,kai-operator-69b5d7bcf7-czbxk,1.0,58720256
2026-09-16T14:56:37.204394+00:00,kai-scheduler,kai-scheduler-default-68ccd47c8c-997mr,27.0,103809024
2026-09-16T14:56:37.204394+00:00,kai-scheduler,pod-grouper-65456f756-n274h,1.0,9437184
2026-09-16T14:56:37.204394+00:00,kai-scheduler,podgroup-controller-68f9cc8dbf-xpkz4,1.0,13631488
2026-09-16T14:56:37.204394+00:00,kai-scheduler,queue-controller-f86fcd76c-bhc6d,1.0,11534336
2026-09-16T14:56:37.204394+00:00,kube-system,coredns-8db54c48d-h8vhc,4.0,20971520
2026-09-16T14:56:37.204394+00:00,kube-system,kwok-controller-5cf8c7c44b-mnqlx,55.0,33554432
2026-09-16T14:56:37.204394+00:00,kube-system,local-path-provisioner-5d9d9885bc-ppp5s,1.0,15728640
2026-09-16T14:56:37.204394+00:00,kube-system,metrics-server-75dc6f8d87-xxvrs,30.0,54525952
2026-09-16T14:56:37.204394+00:00,kube-system,svclb-traefik-28666cf9-lqs2s,0.0,0
2026-09-16T14:56:37.204394+00:00,kube-system,traefik-9bcdbbd9-hvhbt,1.0,38797312
2026-09-16T14:56:37.204394+00:00,pyroscope,pyroscope-0,6.0,63963136
2026-09-16T14:56:37.204394+00:00,pyroscope,pyroscope-alloy-0,42.0,138412032
2026-09-16T14:56:43.464050+00:00,grove-system,grove-operator-745f874b98-n9hq9,42.0,115343360
2026-09-16T14:56:43.464050+00:00,kai-scheduler,admission-86666f457d-jsj65,1.0,13631488
2026-09-16T14:56:43.464050+00:00,kai-scheduler,binder-869fc94c7-px6b2,50.0,76546048
2026-09-16T14:56:43.464050+00:00,kai-scheduler,kai-operator-69b5d7bcf7-czbxk,5.0,61865984
2026-09-16T14:56:43.464050+00:00,kai-scheduler,kai-scheduler-default-68ccd47c8c-997mr,36.0,96468992
2026-09-16T14:56:43.464050+00:00,kai-scheduler,pod-grouper-65456f756-n274h,1.0,9437184
2026-09-16T14:56:43.464050+00:00,kai-scheduler,podgroup-controller-68f9cc8dbf-xpkz4,1.0,13631488
2026-09-16T14:56:43.464050+00:00,kai-scheduler,queue-controller-f86fcd76c-bhc6d,1.0,11534336
2026-09-16T14:56:43.464050+00:00,kube-system,coredns-8db54c48d-h8vhc,2.0,20971520
2026-09-16T14:56:43.464050+00:00,kube-system,kwok-controller-5cf8c7c44b-mnqlx,64.0,30408704
2026-09-16T14:56:43.464050+00:00,kube-system,local-path-provisioner-5d9d9885bc-ppp5s,1.0,15728640
2026-09-16T14:56:43.464050+00:00,kube-system,metrics-server-75dc6f8d87-xxvrs,32.0,53477376
2026-09-16T14:56:43.464050+00:00,kube-system,svclb-traefik-28666cf9-lqs2s,0.0,0
2026-09-16T14:56:43.464050+00:00,kube-system,traefik-9bcdbbd9-hvhbt,1.0,38797312
2026-09-16T14:56:43.464050+00:00,pyroscope,pyroscope-0,7.0,74448896
2026-09-16T14:56:43.464050+00:00,pyroscope,pyroscope-alloy-0,42.0,137363456
2026-09-16T14:56:49.713512+00:00,grove-system,grove-operator-745f874b98-n9hq9,42.0,115343360
2026-09-16T14:56:49.713512+00:00,kai-scheduler,admission-86666f457d-jsj65,1.0,13631488
2026-09-16T14:56:49.713512+00:00,kai-scheduler,binder-869fc94c7-px6b2,50.0,76546048
2026-09-16T14:56:49.713512+00:00,kai-scheduler,kai-operator-69b5d7bcf7-czbxk,5.0,61865984
2026-09-16T14:56:49.713512+00:00,kai-scheduler,kai-scheduler-default-68ccd47c8c-997mr,36.0,96468992
2026-09-16T14:56:49.713512+00:00,kai-scheduler,pod-grouper-65456f756-n274h,1.0,9437184
2026-09-16T14:56:49.713512+00:00,kai-scheduler,podgroup-controller-68f9cc8dbf-xpkz4,1.0,13631488
2026-09-16T14:56:49.713512+00:00,kai-scheduler,queue-controller-f86fcd76c-bhc6d,1.0,11534336
2026-09-16T14:56:49.713512+00:00,kube-system,coredns-8db54c48d-h8vhc,2.0,20971520
2026-09-16T14:56:49.713512+00:00,kube-system,kwok-controller-5cf8c7c44b-mnqlx,64.0,30408704
2026-09-16T14:56:49.713512+00:00,kube-system,local-path-provisioner-5d9d9885bc-ppp5s,1.0,15728640
2026-09-16T14:56:49.713512+00:00,kube-system,metrics-server-75dc6f8d87-xxvrs,32.0,53477376
2026-09-16T14:56:49.713512+00:00,kube-system,svclb-traefik-28666cf9-lqs2s,0.0,0
2026-09-16T14:56:49.713512+00:00,kube-system,traefik-9bcdbbd9-hvhbt,1.0,38797312
2026-09-16T14:56:49.713512+00:00,pyroscope,pyroscope-0,7.0,74448896
2026-09-16T14:56:49.713512+00:00,pyroscope,pyroscope-alloy-0,42.0,137363456
2026-09-16T14:56:55.966281+00:00,grove-system,grove-operator-745f874b98-n9hq9,42.0,115343360
2026-09-16T14:56:55.966281+00:00,kai-scheduler,admission-86666f457d-jsj65,1.0,13631488
2026-09-16T14:56:55.966281+00:00,kai-scheduler,binder-869fc94c7-px6b2,50.0,76546048
2026-09-16T14:56:55.966281+00:00,kai-scheduler,kai-operator-69b5d7bcf7-czbxk,5.0,61865984
2026-09-16T14:56:55.966281+00:00,kai-scheduler,kai-scheduler-default-68ccd47c8c-997mr,36.0,96468992
2026-09-16T14:56:55.966281+00:00,kai-scheduler,pod-grouper-65456f756-n274h,1.0,9437184
2026-09-16T14:56:55.966281+00:00,kai-scheduler,podgroup-controller-68f9cc8dbf-xpkz4,1.0,13631488
2026-09-16T14:56:55.966281+00:00,kai-scheduler,queue-controller-f86fcd76c-bhc6d,1.0,11534336
2026-09-16T14:56:55.966281+00:00,kube-system,coredns-8db54c48d-h8vhc,2.0,20971520
2026-09-16T14:56:55.966281+00:00,kube-system,kwok-controller-5cf8c7c44b-mnqlx,64.0,30408704
2026-09-16T14:56:55.966281+00:00,kube-system,local-path-provisioner-5d9d9885bc-ppp5s,1.0,15728640
2026-09-16T14:56:55.966281+00:00,kube-system,metrics-server-75dc6f8d87-xxvrs,32.0,53477376
2026-09-16T14:56:55.966281+00:00,kube-system,svclb-traefik-28666cf9-lqs2s,0.0,0
2026-09-16T14:56:55.966281+00:00,kube-system,traefik-9bcdbbd9-hvhbt,1.0,38797312
2026-09-16T14:56:55.966281+00:00,pyroscope,pyroscope-0,7.0,74448896
2026-09-16T14:56:55.966281+00:00,pyroscope,pyroscope-alloy-0,42.0,137363456
2026-09-16T14:57:02.242469+00:00,grove-system,grove-operator-745f874b98-n9hq9,77.0,113246208
2026-09-16T14:57:02.242469+00:00,kai-scheduler,admission-86666f457d-jsj65,1.0,13631488
2026-09-16T14:57:02.242469+00:00,kai-scheduler,binder-869fc94c7-px6b2,44.0,85983232
2026-09-16T14:57:02.242469+00:00,kai-scheduler,kai-operator-69b5d7bcf7-czbxk,13.0,59768832
2026-09-16T14:57:02.242469+00:00,kai-scheduler,kai-scheduler-default-68ccd47c8c-997mr,43.0,94371840
2026-09-16T14:57:02.242469+00:00,kai-scheduler,pod-grouper-65456f756-n274h,1.0,9437184
2026-09-16T14:57:02.242469+00:00,kai-scheduler,podgroup-controller-68f9cc8dbf-xpkz4,1.0,13631488
2026-09-16T14:57:02.242469+00:00,kai-scheduler,queue-controller-f86fcd76c-bhc6d,1.0,11534336
2026-09-16T14:57:02.242469+00:00,kube-system,coredns-8db54c48d-h8vhc,5.0,20971520
2026-09-16T14:57:02.242469+00:00,kube-system,kwok-controller-5cf8c7c44b-mnqlx,142.0,33554432
2026-09-16T14:57:02.242469+00:00,kube-system,local-path-provisioner-5d9d9885bc-ppp5s,1.0,15728640
2026-09-16T14:57:02.242469+00:00,kube-system,metrics-server-75dc6f8d87-xxvrs,15.0,52428800
2026-09-16T14:57:02.242469+00:00,kube-system,svclb-traefik-28666cf9-lqs2s,0.0,0
2026-09-16T14:57:02.242469+00:00,kube-system,traefik-9bcdbbd9-hvhbt,36.0,39845888
2026-09-16T14:57:02.242469+00:00,pyroscope,pyroscope-0,9.0,87031808
2026-09-16T14:57:02.242469+00:00,pyroscope,pyroscope-alloy-0,31.0,142606336
2026-09-16T14:57:08.480311+00:00,grove-system,grove-operator-745f874b98-n9hq9,77.0,113246208
2026-09-16T14:57:08.480311+00:00,kai-scheduler,admission-86666f457d-jsj65,1.0,13631488
2026-09-16T14:57:08.480311+00:00,kai-scheduler,binder-869fc94c7-px6b2,44.0,85983232
2026-09-16T14:57:08.480311+00:00,kai-scheduler,kai-operator-69b5d7bcf7-czbxk,13.0,59768832
2026-09-16T14:57:08.480311+00:00,kai-scheduler,kai-scheduler-default-68ccd47c8c-997mr,43.0,94371840
2026-09-16T14:57:08.480311+00:00,kai-scheduler,pod-grouper-65456f756-n274h,1.0,9437184
2026-09-16T14:57:08.480311+00:00,kai-scheduler,podgroup-controller-68f9cc8dbf-xpkz4,1.0,13631488
2026-09-16T14:57:08.480311+00:00,kai-scheduler,queue-controller-f86fcd76c-bhc6d,1.0,11534336
2026-09-16T14:57:08.480311+00:00,kube-system,coredns-8db54c48d-h8vhc,5.0,20971520
2026-09-16T14:57:08.480311+00:00,kube-system,kwok-controller-5cf8c7c44b-mnqlx,142.0,33554432
2026-09-16T14:57:08.480311+00:00,kube-system,local-path-provisioner-5d9d9885bc-ppp5s,1.0,15728640
2026-09-16T14:57:08.480311+00:00,kube-system,metrics-server-75dc6f8d87-xxvrs,15.0,52428800
2026-09-16T14:57:08.480311+00:00,kube-system,svclb-traefik-28666cf9-lqs2s,0.0,0
2026-09-16T14:57:08.480311+00:00,kube-system,traefik-9bcdbbd9-hvhbt,36.0,39845888
2026-09-16T14:57:08.480311+00:00,pyroscope,pyroscope-0,9.0,87031808
2026-09-16T14:57:08.480311+00:00,pyroscope,pyroscope-alloy-0,31.0,142606336
2026-09-16T14:57:14.716598+00:00,grove-system,grove-operator-745f874b98-n9hq9,951.0,148897792
2026-09-16T14:57:14.716598+00:00,kai-scheduler,admission-86666f457d-jsj65,1.0,13631488
2026-09-16T14:57:14.716598+00:00,kai-scheduler,binder-869fc94c7-px6b2,95.0,118489088
2026-09-16T14:57:14.716598+00:00,kai-scheduler,kai-operator-69b5d7bcf7-czbxk,1.0,59768832
2026-09-16T14:57:14.716598+00:00,kai-scheduler,kai-scheduler-default-68ccd47c8c-997mr,82.0,134217728
2026-09-16T14:57:14.716598+00:00,kai-scheduler,pod-grouper-65456f756-n274h,1.0,9437184
2026-09-16T14:57:14.716598+00:00,kai-scheduler,podgroup-controller-68f9cc8dbf-xpkz4,1.0,13631488
2026-09-16T14:57:14.716598+00:00,kai-scheduler,queue-controller-f86fcd76c-bhc6d,1.0,11534336
2026-09-16T14:57:14.716598+00:00,kube-system,coredns-8db54c48d-h8vhc,11.0,22020096
2026-09-16T14:57:14.716598+00:00,kube-system,kwok-controller-5cf8c7c44b-mnqlx,142.0,33554432
2026-09-16T14:57:14.716598+00:00,kube-system,local-path-provisioner-5d9d9885bc-ppp5s,1.0,15728640
2026-09-16T14:57:14.716598+00:00,kube-system,metrics-server-75dc6f8d87-xxvrs,31.0,52428800
2026-09-16T14:57:14.716598+00:00,kube-system,svclb-traefik-28666cf9-lqs2s,0.0,0
2026-09-16T14:57:14.716598+00:00,kube-system,traefik-9bcdbbd9-hvhbt,15.0,41943040
2026-09-16T14:57:14.716598+00:00,pyroscope,pyroscope-0,7.0,88080384
2026-09-16T14:57:14.716598+00:00,pyroscope,pyroscope-alloy-0,94.0,159383552
2026-09-16T14:57:20.962606+00:00,grove-system,grove-operator-745f874b98-n9hq9,951.0,148897792
2026-09-16T14:57:20.962606+00:00,kai-scheduler,admission-86666f457d-jsj65,1.0,13631488
2026-09-16T14:57:20.962606+00:00,kai-scheduler,binder-869fc94c7-px6b2,95.0,118489088
2026-09-16T14:57:20.962606+00:00,kai-scheduler,kai-operator-69b5d7bcf7-czbxk,1.0,59768832
2026-09-16T14:57:20.962606+00:00,kai-scheduler,kai-scheduler-default-68ccd47c8c-997mr,82.0,134217728
2026-09-16T14:57:20.962606+00:00,kai-scheduler,pod-grouper-65456f756-n274h,1.0,9437184
2026-09-16T14:57:20.962606+00:00,kai-scheduler,podgroup-controller-68f9cc8dbf-xpkz4,1.0,13631488
2026-09-16T14:57:20.962606+00:00,kai-scheduler,queue-controller-f86fcd76c-bhc6d,1.0,11534336
2026-09-16T14:57:20.962606+00:00,kube-system,coredns-8db54c48d-h8vhc,11.0,22020096
2026-09-16T14:57:20.962606+00:00,kube-system,kwok-controller-5cf8c7c44b-mnqlx,142.0,33554432
2026-09-16T14:57:20.962606+00:00,kube-system,local-path-provisioner-5d9d9885bc-ppp5s,1.0,15728640
2026-09-16T14:57:20.962606+00:00,kube-system,metrics-server-75dc6f8d87-xxvrs,31.0,52428800
2026-09-16T14:57:20.962606+00:00,kube-system,svclb-traefik-28666cf9-lqs2s,0.0,0
2026-09-16T14:57:20.962606+00:00,kube-system,traefik-9bcdbbd9-hvhbt,15.0,41943040
2026-09-16T14:57:20.962606+00:00,pyroscope,pyroscope-0,7.0,88080384
2026-09-16T14:57:20.962606+00:00,pyroscope,pyroscope-alloy-0,94.0,159383552
2026-09-16T14:57:27.200785+00:00,grove-system,grove-operator-745f874b98-n9hq9,433.0,144703488
2026-09-16T14:57:27.200785+00:00,kai-scheduler,admission-86666f457d-jsj65,1.0,13631488
2026-09-16T14:57:27.200785+00:00,kai-scheduler,binder-869fc94c7-px6b2,38.0,115343360
2026-09-16T14:57:27.200785+00:00,kai-scheduler,kai-operator-69b5d7bcf7-czbxk,2.0,58720256
2026-09-16T14:57:27.200785+00:00,kai-scheduler,kai-scheduler-default-68ccd47c8c-997mr,19.0,157286400
2026-09-16T14:57:27.200785+00:00,kai-scheduler,pod-grouper-65456f756-n274h,1.0,9437184
2026-09-16T14:57:27.200785+00:00,kai-scheduler,podgroup-controller-68f9cc8dbf-xpkz4,1.0,13631488
2026-09-16T14:57:27.200785+00:00,kai-scheduler,queue-controller-f86fcd76c-bhc6d,1.0,11534336
2026-09-16T14:57:27.200785+00:00,kube-system,coredns-8db54c48d-h8vhc,7.0,25165824
2026-09-16T14:57:27.200785+00:00,kube-system,kwok-controller-5cf8c7c44b-mnqlx,168.0,32505856
2026-09-16T14:57:27.200785+00:00,kube-system,local-path-provisioner-5d9d9885bc-ppp5s,1.0,15728640
2026-09-16T14:57:27.200785+00:00,kube-system,metrics-server-75dc6f8d87-xxvrs,7.0,53477376
2026-09-16T14:57:27.200785+00:00,kube-system,svclb-traefik-28666cf9-lqs2s,0.0,0
2026-09-16T14:57:27.200785+00:00,kube-system,traefik-9bcdbbd9-hvhbt,15.0,41943040
2026-09-16T14:57:27.200785+00:00,pyroscope,pyroscope-0,7.0,88080384
2026-09-16T14:57:27.200785+00:00,pyroscope,pyroscope-alloy-0,14.0,163577856
2026-09-16T14:57:33.438624+00:00,grove-system,grove-operator-745f874b98-n9hq9,433.0,144703488
2026-09-16T14:57:33.438624+00:00,kai-scheduler,admission-86666f457d-jsj65,1.0,13631488
2026-09-16T14:57:33.438624+00:00,kai-scheduler,binder-869fc94c7-px6b2,38.0,115343360
2026-09-16T14:57:33.438624+00:00,kai-scheduler,kai-operator-69b5d7bcf7-czbxk,2.0,58720256
2026-09-16T14:57:33.438624+00:00,kai-scheduler,kai-scheduler-default-68ccd47c8c-997mr,19.0,157286400
2026-09-16T14:57:33.438624+00:00,kai-scheduler,pod-grouper-65456f756-n274h,1.0,9437184
2026-09-16T14:57:33.438624+00:00,kai-scheduler,podgroup-controller-68f9cc8dbf-xpkz4,1.0,13631488
2026-09-16T14:57:33.438624+00:00,kai-scheduler,queue-controller-f86fcd76c-bhc6d,1.0,11534336
2026-09-16T14:57:33.438624+00:00,kube-system,coredns-8db54c48d-h8vhc,7.0,25165824
2026-09-16T14:57:33.438624+00:00,kube-system,kwok-controller-5cf8c7c44b-mnqlx,168.0,32505856
2026-09-16T14:57:33.438624+00:00,kube-system,local-path-provisioner-5d9d9885bc-ppp5s,1.0,15728640
2026-09-16T14:57:33.438624+00:00,kube-system,metrics-server-75dc6f8d87-xxvrs,7.0,53477376
2026-09-16T14:57:33.438624+00:00,kube-system,svclb-traefik-28666cf9-lqs2s,0.0,0
2026-09-16T14:57:33.438624+00:00,kube-system,traefik-9bcdbbd9-hvhbt,15.0,41943040
2026-09-16T14:57:33.438624+00:00,pyroscope,pyroscope-0,7.0,88080384
2026-09-16T14:57:33.438624+00:00,pyroscope,pyroscope-alloy-0,14.0,163577856
2026-09-16T14:57:39.675437+00:00,grove-system,grove-operator-745f874b98-n9hq9,433.0,144703488
2026-09-16T14:57:39.675437+00:00,kai-scheduler,admission-86666f457d-jsj65,1.0,13631488
2026-09-16T14:57:39.675437+00:00,kai-scheduler,binder-869fc94c7-px6b2,38.0,115343360
2026-09-16T14:57:39.675437+00:00,kai-scheduler,kai-operator-69b5d7bcf7-czbxk,2.0,58720256
2026-09-16T14:57:39.675437+00:00,kai-scheduler,kai-scheduler-default-68ccd47c8c-997mr,19.0,157286400
2026-09-16T14:57:39.675437+00:00,kai-scheduler,pod-grouper-65456f756-n274h,1.0,9437184
2026-09-16T14:57:39.675437+00:00,kai-scheduler,podgroup-controller-68f9cc8dbf-xpkz4,1.0,13631488
2026-09-16T14:57:39.675437+00:00,kai-scheduler,queue-controller-f86fcd76c-bhc6d,1.0,11534336
2026-09-16T14:57:39.675437+00:00,kube-system,coredns-8db54c48d-h8vhc,7.0,25165824
2026-09-16T14:57:39.675437+00:00,kube-system,kwok-controller-5cf8c7c44b-mnqlx,168.0,32505856
2026-09-16T14:57:39.675437+00:00,kube-system,local-path-provisioner-5d9d9885bc-ppp5s,1.0,15728640
2026-09-16T14:57:39.675437+00:00,kube-system,metrics-server-75dc6f8d87-xxvrs,7.0,53477376
2026-09-16T14:57:39.675437+00:00,kube-system,svclb-traefik-28666cf9-lqs2s,0.0,0
2026-09-16T14:57:39.675437+00:00,kube-system,traefik-9bcdbbd9-hvhbt,15.0,41943040
2026-09-16T14:57:39.675437+00:00,pyroscope,pyroscope-0,7.0,88080384
2026-09-16T14:57:39.675437+00:00,pyroscope,pyroscope-alloy-0,14.0,163577856
2026-09-16T14:57:45.931030+00:00,grove-system,grove-operator-745f874b98-n9hq9,433.0,144703488
2026-09-16T14:57:45.931030+00:00,kai-scheduler,admission-86666f457d-jsj65,1.0,13631488
2026-09-16T14:57:45.931030+00:00,kai-scheduler,binder-869fc94c7-px6b2,30.0,113246208
2026-09-16T14:57:45.931030+00:00,kai-scheduler,kai-operator-69b5d7bcf7-czbxk,2.0,58720256
2026-09-16T14:57:45.931030+00:00,kai-scheduler,kai-scheduler-default-68ccd47c8c-997mr,37.0,147849216
2026-09-16T14:57:45.931030+00:00,kai-scheduler,pod-grouper-65456f756-n274h,1.0,9437184
2026-09-16T14:57:45.931030+00:00,kai-scheduler,podgroup-controller-68f9cc8dbf-xpkz4,1.0,13631488
2026-09-16T14:57:45.931030+00:00,kai-scheduler,queue-controller-f86fcd76c-bhc6d,1.0,11534336
2026-09-16T14:57:45.931030+00:00,kube-system,coredns-8db54c48d-h8vhc,2.0,24117248
2026-09-16T14:57:45.931030+00:00,kube-system,kwok-controller-5cf8c7c44b-mnqlx,28.0,36700160
2026-09-16T14:57:45.931030+00:00,kube-system,local-path-provisioner-5d9d9885bc-ppp5s,1.0,15728640
2026-09-16T14:57:45.931030+00:00,kube-system,metrics-server-75dc6f8d87-xxvrs,22.0,57671680
2026-09-16T14:57:45.931030+00:00,kube-system,svclb-traefik-28666cf9-lqs2s,0.0,0
2026-09-16T14:57:45.931030+00:00,kube-system,traefik-9bcdbbd9-hvhbt,2.0,39845888
2026-09-16T14:57:45.931030+00:00,pyroscope,pyroscope-0,9.0,82837504
2026-09-16T14:57:45.931030+00:00,pyroscope,pyroscope-alloy-0,56.0,169869312
2026-09-16T14:57:52.164348+00:00,grove-system,grove-operator-745f874b98-n9hq9,433.0,144703488
2026-09-16T14:57:52.164348+00:00,kai-scheduler,admission-86666f457d-jsj65,1.0,13631488
2026-09-16T14:57:52.164348+00:00,kai-scheduler,binder-869fc94c7-px6b2,30.0,113246208
2026-09-16T14:57:52.164348+00:00,kai-scheduler,kai-operator-69b5d7bcf7-czbxk,2.0,58720256
2026-09-16T14:57:52.164348+00:00,kai-scheduler,kai-scheduler-default-68ccd47c8c-997mr,37.0,147849216
2026-09-16T14:57:52.164348+00:00,kai-scheduler,pod-grouper-65456f756-n274h,1.0,9437184
2026-09-16T14:57:52.164348+00:00,kai-scheduler,podgroup-controller-68f9cc8dbf-xpkz4,1.0,13631488
2026-09-16T14:57:52.164348+00:00,kai-scheduler,queue-controller-f86fcd76c-bhc6d,1.0,11534336
2026-09-16T14:57:52.164348+00:00,kube-system,coredns-8db54c48d-h8vhc,2.0,24117248
2026-09-16T14:57:52.164348+00:00,kube-system,kwok-controller-5cf8c7c44b-mnqlx,28.0,36700160
2026-09-16T14:57:52.164348+00:00,kube-system,local-path-provisioner-5d9d9885bc-ppp5s,1.0,15728640
2026-09-16T14:57:52.164348+00:00,kube-system,metrics-server-75dc6f8d87-xxvrs,22.0,57671680
2026-09-16T14:57:52.164348+00:00,kube-system,svclb-traefik-28666cf9-lqs2s,0.0,0
2026-09-16T14:57:52.164348+00:00,kube-system,traefik-9bcdbbd9-hvhbt,2.0,39845888
2026-09-16T14:57:52.164348+00:00,pyroscope,pyroscope-0,9.0,82837504
2026-09-16T14:57:52.164348+00:00,pyroscope,pyroscope-alloy-0,56.0,169869312
2026-09-16T14:57:58.401284+00:00,grove-system,grove-operator-745f874b98-n9hq9,41.0,136314880
2026-09-16T14:57:58.401284+00:00,kai-scheduler,admission-86666f457d-jsj65,1.0,13631488
2026-09-16T14:57:58.401284+00:00,kai-scheduler,binder-869fc94c7-px6b2,34.0,110100480
2026-09-16T14:57:58.401284+00:00,kai-scheduler,kai-operator-69b5d7bcf7-czbxk,2.0,59768832
2026-09-16T14:57:58.401284+00:00,kai-scheduler,kai-scheduler-default-68ccd47c8c-997mr,37.0,139460608
2026-09-16T14:57:58.401284+00:00,kai-scheduler,pod-grouper-65456f756-n274h,1.0,9437184
2026-09-16T14:57:58.401284+00:00,kai-scheduler,podgroup-controller-68f9cc8dbf-xpkz4,1.0,13631488
2026-09-16T14:57:58.401284+00:00,kai-scheduler,queue-controller-f86fcd76c-bhc6d,1.0,11534336
2026-09-16T14:57:58.401284+00:00,kube-system,coredns-8db54c48d-h8vhc,2.0,24117248
2026-09-16T14:57:58.401284+00:00,kube-system,kwok-controller-5cf8c7c44b-mnqlx,86.0,35651584
2026-09-16T14:57:58.401284+00:00,kube-system,local-path-provisioner-5d9d9885bc-ppp5s,1.0,15728640
2026-09-16T14:57:58.401284+00:00,kube-system,metrics-server-75dc6f8d87-xxvrs,31.0,58720256
2026-09-16T14:57:58.401284+00:00,kube-system,svclb-traefik-28666cf9-lqs2s,0.0,0
2026-09-16T14:57:58.401284+00:00,kube-system,traefik-9bcdbbd9-hvhbt,2.0,41943040
2026-09-16T14:57:58.401284+00:00,pyroscope,pyroscope-0,5.0,74448896
2026-09-16T14:57:58.401284+00:00,pyroscope,pyroscope-alloy-0,49.0,161480704
2026-09-16T14:58:04.637915+00:00,grove-system,grove-operator-745f874b98-n9hq9,41.0,136314880
2026-09-16T14:58:04.637915+00:00,kai-scheduler,admission-86666f457d-jsj65,1.0,13631488
2026-09-16T14:58:04.637915+00:00,kai-scheduler,binder-869fc94c7-px6b2,34.0,110100480
2026-09-16T14:58:04.637915+00:00,kai-scheduler,kai-operator-69b5d7bcf7-czbxk,2.0,59768832
2026-09-16T14:58:04.637915+00:00,kai-scheduler,kai-scheduler-default-68ccd47c8c-997mr,37.0,139460608
2026-09-16T14:58:04.637915+00:00,kai-scheduler,pod-grouper-65456f756-n274h,1.0,9437184
2026-09-16T14:58:04.637915+00:00,kai-scheduler,podgroup-controller-68f9cc8dbf-xpkz4,1.0,13631488
2026-09-16T14:58:04.637915+00:00,kai-scheduler,queue-controller-f86fcd76c-bhc6d,1.0,11534336
2026-09-16T14:58:04.637915+00:00,kube-system,coredns-8db54c48d-h8vhc,2.0,24117248
2026-09-16T14:58:04.637915+00:00,kube-system,kwok-controller-5cf8c7c44b-mnqlx,86.0,35651584
2026-09-16T14:58:04.637915+00:00,kube-system,local-path-provisioner-5d9d9885bc-ppp5s,1.0,15728640
2026-09-16T14:58:04.637915+00:00,kube-system,metrics-server-75dc6f8d87-xxvrs,31.0,58720256
2026-09-16T14:58:04.637915+00:00,kube-system,svclb-traefik-28666cf9-lqs2s,0.0,0
2026-09-16T14:58:04.637915+00:00,kube-system,traefik-9bcdbbd9-hvhbt,2.0,41943040
2026-09-16T14:58:04.637915+00:00,pyroscope,pyroscope-0,5.0,74448896
2026-09-16T14:58:04.637915+00:00,pyroscope,pyroscope-alloy-0,49.0,161480704
2026-09-16T14:58:10.876599+00:00,grove-system,grove-operator-745f874b98-n9hq9,41.0,136314880
2026-09-16T14:58:10.876599+00:00,kai-scheduler,admission-86666f457d-jsj65,1.0,13631488
2026-09-16T14:58:10.876599+00:00,kai-scheduler,binder-869fc94c7-px6b2,34.0,110100480
2026-09-16T14:58:10.876599+00:00,kai-scheduler,kai-operator-69b5d7bcf7-czbxk,2.0,59768832
2026-09-16T14:58:10.876599+00:00,kai-scheduler,kai-scheduler-default-68ccd47c8c-997mr,37.0,139460608
2026-09-16T14:58:10.876599+00:00,kai-scheduler,pod-grouper-65456f756-n274h,1.0,9437184
2026-09-16T14:58:10.876599+00:00,kai-scheduler,podgroup-controller-68f9cc8dbf-xpkz4,1.0,13631488
2026-09-16T14:58:10.876599+00:00,kai-scheduler,queue-controller-f86fcd76c-bhc6d,1.0,11534336
2026-09-16T14:58:10.876599+00:00,kube-system,coredns-8db54c48d-h8vhc,2.0,24117248
2026-09-16T14:58:10.876599+00:00,kube-system,kwok-controller-5cf8c7c44b-mnqlx,86.0,35651584
2026-09-16T14:58:10.876599+00:00,kube-system,local-path-provisioner-5d9d9885bc-ppp5s,1.0,15728640
2026-09-16T14:58:10.876599+00:00,kube-system,metrics-server-75dc6f8d87-xxvrs,31.0,58720256
2026-09-16T14:58:10.876599+00:00,kube-system,svclb-traefik-28666cf9-lqs2s,0.0,0
2026-09-16T14:58:10.876599+00:00,kube-system,traefik-9bcdbbd9-hvhbt,2.0,41943040
2026-09-16T14:58:10.876599+00:00,pyroscope,pyroscope-0,5.0,74448896
2026-09-16T14:58:10.876599+00:00,pyroscope,pyroscope-alloy-0,49.0,161480704
2026-09-16T14:58:17.112520+00:00,grove-system,grove-operator-745f874b98-n9hq9,37.0,139460608
2026-09-16T14:58:17.112520+00:00,kai-scheduler,admission-86666f457d-jsj65,1.0,13631488
2026-09-16T14:58:17.112520+00:00,kai-scheduler,binder-869fc94c7-px6b2,1.0,110100480
2026-09-16T14:58:17.112520+00:00,kai-scheduler,kai-operator-69b5d7bcf7-czbxk,2.0,59768832
2026-09-16T14:58:17.112520+00:00,kai-scheduler,kai-scheduler-default-68ccd47c8c-997mr,10.0,131072000
2026-09-16T14:58:17.112520+00:00,kai-scheduler,pod-grouper-65456f756-n274h,1.0,9437184
2026-09-16T14:58:17.112520+00:00,kai-scheduler,podgroup-controller-68f9cc8dbf-xpkz4,1.0,13631488
2026-09-16T14:58:17.112520+00:00,kai-scheduler,queue-controller-f86fcd76c-bhc6d,1.0,11534336
2026-09-16T14:58:17.112520+00:00,kube-system,coredns-8db54c48d-h8vhc,3.0,25165824
2026-09-16T14:58:17.112520+00:00,kube-system,kwok-controller-5cf8c7c44b-mnqlx,34.0,32505856
2026-09-16T14:58:17.112520+00:00,kube-system,local-path-provisioner-5d9d9885bc-ppp5s,1.0,15728640
2026-09-16T14:58:17.112520+00:00,kube-system,metrics-server-75dc6f8d87-xxvrs,7.0,57671680
2026-09-16T14:58:17.112520+00:00,kube-system,svclb-traefik-28666cf9-lqs2s,0.0,0
2026-09-16T14:58:17.112520+00:00,kube-system,traefik-9bcdbbd9-hvhbt,3.0,41943040
2026-09-16T14:58:17.112520+00:00,pyroscope,pyroscope-0,9.0,88080384
2026-09-16T14:58:17.112520+00:00,pyroscope,pyroscope-alloy-0,8.0,165675008
2026-09-16T14:58:23.348810+00:00,grove-system,grove-operator-745f874b98-n9hq9,37.0,139460608
2026-09-16T14:58:23.348810+00:00,kai-scheduler,admission-86666f457d-jsj65,1.0,13631488
2026-09-16T14:58:23.348810+00:00,kai-scheduler,binder-869fc94c7-px6b2,1.0,110100480
2026-09-16T14:58:23.348810+00:00,kai-scheduler,kai-operator-69b5d7bcf7-czbxk,2.0,59768832
2026-09-16T14:58:23.348810+00:00,kai-scheduler,kai-scheduler-default-68ccd47c8c-997mr,10.0,131072000
2026-09-16T14:58:23.348810+00:00,kai-scheduler,pod-grouper-65456f756-n274h,1.0,9437184
2026-09-16T14:58:23.348810+00:00,kai-scheduler,podgroup-controller-68f9cc8dbf-xpkz4,1.0,13631488
2026-09-16T14:58:23.348810+00:00,kai-scheduler,queue-controller-f86fcd76c-bhc6d,1.0,11534336
2026-09-16T14:58:23.348810+00:00,kube-system,coredns-8db54c48d-h8vhc,3.0,25165824
2026-09-16T14:58:23.348810+00:00,kube-system,kwok-controller-5cf8c7c44b-mnqlx,34.0,32505856
2026-09-16T14:58:23.348810+00:00,kube-system,local-path-provisioner-5d9d9885bc-ppp5s,1.0,15728640
2026-09-16T14:58:23.348810+00:00,kube-system,metrics-server-75dc6f8d87-xxvrs,7.0,57671680
2026-09-16T14:58:23.348810+00:00,kube-system,svclb-traefik-28666cf9-lqs2s,0.0,0
2026-09-16T14:58:23.348810+00:00,kube-system,traefik-9bcdbbd9-hvhbt,3.0,41943040
2026-09-16T14:58:23.348810+00:00,pyroscope,pyroscope-0,9.0,88080384
2026-09-16T14:58:23.348810+00:00,pyroscope,pyroscope-alloy-0,8.0,165675008
2026-09-16T14:58:29.590642+00:00,grove-system,grove-operator-745f874b98-n9hq9,45.0,135266304
2026-09-16T14:58:29.590642+00:00,kai-scheduler,admission-86666f457d-jsj65,1.0,13631488
2026-09-16T14:58:29.590642+00:00,kai-scheduler,binder-869fc94c7-px6b2,45.0,103809024
2026-09-16T14:58:29.590642+00:00,kai-scheduler,kai-operator-69b5d7bcf7-czbxk,2.0,58720256
2026-09-16T14:58:29.590642+00:00,kai-scheduler,kai-scheduler-default-68ccd47c8c-997mr,29.0,126877696
2026-09-16T14:58:29.590642+00:00,kai-scheduler,pod-grouper-65456f756-n274h,1.0,9437184
2026-09-16T14:58:29.590642+00:00,kai-scheduler,podgroup-controller-68f9cc8dbf-xpkz4,1.0,13631488
2026-09-16T14:58:29.590642+00:00,kai-scheduler,queue-controller-f86fcd76c-bhc6d,1.0,11534336
2026-09-16T14:58:29.590642+00:00,kube-system,coredns-8db54c48d-h8vhc,2.0,24117248
2026-09-16T14:58:29.590642+00:00,kube-system,kwok-controller-5cf8c7c44b-mnqlx,52.0,35651584
2026-09-16T14:58:29.590642+00:00,kube-system,local-path-provisioner-5d9d9885bc-ppp5s,1.0,15728640
2026-09-16T14:58:29.590642+00:00,kube-system,metrics-server-75dc6f8d87-xxvrs,26.0,56623104
2026-09-16T14:58:29.590642+00:00,kube-system,svclb-traefik-28666cf9-lqs2s,0.0,0
2026-09-16T14:58:29.590642+00:00,kube-system,traefik-9bcdbbd9-hvhbt,1.0,40894464
2026-09-16T14:58:29.590642+00:00,pyroscope,pyroscope-0,6.0,76546048
2026-09-16T14:58:29.590642+00:00,pyroscope,pyroscope-alloy-0,48.0,146800640
2026-09-16T14:58:35.863949+00:00,grove-system,grove-operator-745f874b98-n9hq9,45.0,135266304
2026-09-16T14:58:35.863949+00:00,kai-scheduler,admission-86666f457d-jsj65,1.0,13631488
2026-09-16T14:58:35.863949+00:00,kai-scheduler,binder-869fc94c7-px6b2,45.0,103809024
2026-09-16T14:58:35.863949+00:00,kai-scheduler,kai-operator-69b5d7bcf7-czbxk,2.0,58720256
2026-09-16T14:58:35.863949+00:00,kai-scheduler,kai-scheduler-default-68ccd47c8c-997mr,29.0,126877696
2026-09-16T14:58:35.863949+00:00,kai-scheduler,pod-grouper-65456f756-n274h,1.0,9437184
2026-09-16T14:58:35.863949+00:00,kai-scheduler,podgroup-controller-68f9cc8dbf-xpkz4,1.0,13631488
2026-09-16T14:58:35.863949+00:00,kai-scheduler,queue-controller-f86fcd76c-bhc6d,1.0,11534336
2026-09-16T14:58:35.863949+00:00,kube-system,coredns-8db54c48d-h8vhc,2.0,24117248
2026-09-16T14:58:35.863949+00:00,kube-system,kwok-controller-5cf8c7c44b-mnqlx,52.0,35651584
2026-09-16T14:58:35.863949+00:00,kube-system,local-path-provisioner-5d9d9885bc-ppp5s,1.0,15728640
2026-09-16T14:58:35.863949+00:00,kube-system,metrics-server-75dc6f8d87-xxvrs,26.0,56623104
2026-09-16T14:58:35.863949+00:00,kube-system,svclb-traefik-28666cf9-lqs2s,0.0,0
2026-09-16T14:58:35.863949+00:00,kube-system,traefik-9bcdbbd9-hvhbt,1.0,40894464
2026-09-16T14:58:35.863949+00:00,pyroscope,pyroscope-0,6.0,76546048
2026-09-16T14:58:35.863949+00:00,pyroscope,pyroscope-alloy-0,48.0,146800640
2026-09-16T14:58:42.113585+00:00,grove-system,grove-operator-745f874b98-n9hq9,41.0,127926272
2026-09-16T14:58:42.113585+00:00,kai-scheduler,admission-86666f457d-jsj65,1.0,13631488
2026-09-16T14:58:42.113585+00:00,kai-scheduler,binder-869fc94c7-px6b2,42.0,77594624
2026-09-16T14:58:42.113585+00:00,kai-scheduler,kai-operator-69b5d7bcf7-czbxk,2.0,58720256
2026-09-16T14:58:42.113585+00:00,kai-scheduler,kai-scheduler-default-68ccd47c8c-997mr,34.0,119537664
2026-09-16T14:58:42.113585+00:00,kai-scheduler,pod-grouper-65456f756-n274h,1.0,9437184
2026-09-16T14:58:42.113585+00:00,kai-scheduler,podgroup-controller-68f9cc8dbf-xpkz4,1.0,13631488
2026-09-16T14:58:42.113585+00:00,kai-scheduler,queue-controller-f86fcd76c-bhc6d,1.0,11534336
2026-09-16T14:58:42.113585+00:00,kube-system,coredns-8db54c48d-h8vhc,2.0,24117248
2026-09-16T14:58:42.113585+00:00,kube-system,kwok-controller-5cf8c7c44b-mnqlx,92.0,35651584
2026-09-16T14:58:42.113585+00:00,kube-system,local-path-provisioner-5d9d9885bc-ppp5s,1.0,15728640
2026-09-16T14:58:42.113585+00:00,kube-system,metrics-server-75dc6f8d87-xxvrs,32.0,55574528
2026-09-16T14:58:42.113585+00:00,kube-system,svclb-traefik-28666cf9-lqs2s,0.0,0
2026-09-16T14:58:42.113585+00:00,kube-system,traefik-9bcdbbd9-hvhbt,9.0,45088768
2026-09-16T14:58:42.113585+00:00,pyroscope,pyroscope-0,7.0,88080384
2026-09-16T14:58:42.113585+00:00,pyroscope,pyroscope-alloy-0,35.0,141557760
2026-09-16T14:58:48.362739+00:00,grove-system,grove-operator-745f874b98-n9hq9,41.0,127926272
2026-09-16T14:58:48.362739+00:00,kai-scheduler,admission-86666f457d-jsj65,1.0,13631488
2026-09-16T14:58:48.362739+00:00,kai-scheduler,binder-869fc94c7-px6b2,42.0,77594624
2026-09-16T14:58:48.362739+00:00,kai-scheduler,kai-operator-69b5d7bcf7-czbxk,2.0,58720256
2026-09-16T14:58:48.362739+00:00,kai-scheduler,kai-scheduler-default-68ccd47c8c-997mr,34.0,119537664
2026-09-16T14:58:48.362739+00:00,kai-scheduler,pod-grouper-65456f756-n274h,1.0,9437184
2026-09-16T14:58:48.362739+00:00,kai-scheduler,podgroup-controller-68f9cc8dbf-xpkz4,1.0,13631488
2026-09-16T14:58:48.362739+00:00,kai-scheduler,queue-controller-f86fcd76c-bhc6d,1.0,11534336
2026-09-16T14:58:48.362739+00:00,kube-system,coredns-8db54c48d-h8vhc,2.0,24117248
2026-09-16T14:58:48.362739+00:00,kube-system,kwok-controller-5cf8c7c44b-mnqlx,92.0,35651584
2026-09-16T14:58:48.362739+00:00,kube-system,local-path-provisioner-5d9d9885bc-ppp5s,1.0,15728640
2026-09-16T14:58:48.362739+00:00,kube-system,metrics-server-75dc6f8d87-xxvrs,32.0,55574528
2026-09-16T14:58:48.362739+00:00,kube-system,svclb-traefik-28666cf9-lqs2s,0.0,0
2026-09-16T14:58:48.362739+00:00,kube-system,traefik-9bcdbbd9-hvhbt,9.0,45088768
2026-09-16T14:58:48.362739+00:00,pyroscope,pyroscope-0,7.0,88080384
2026-09-16T14:58:48.362739+00:00,pyroscope,pyroscope-alloy-0,35.0,141557760
2026-09-16T14:58:54.613710+00:00,grove-system,grove-operator-745f874b98-n9hq9,41.0,127926272
2026-09-16T14:58:54.613710+00:00,kai-scheduler,admission-86666f457d-jsj65,1.0,13631488
2026-09-16T14:58:54.613710+00:00,kai-scheduler,binder-869fc94c7-px6b2,42.0,77594624
2026-09-16T14:58:54.613710+00:00,kai-scheduler,kai-operator-69b5d7bcf7-czbxk,2.0,58720256
2026-09-16T14:58:54.613710+00:00,kai-scheduler,kai-scheduler-default-68ccd47c8c-997mr,34.0,119537664
2026-09-16T14:58:54.613710+00:00,kai-scheduler,pod-grouper-65456f756-n274h,1.0,9437184
2026-09-16T14:58:54.613710+00:00,kai-scheduler,podgroup-controller-68f9cc8dbf-xpkz4,1.0,13631488
2026-09-16T14:58:54.613710+00:00,kai-scheduler,queue-controller-f86fcd76c-bhc6d,1.0,11534336
2026-09-16T14:58:54.613710+00:00,kube-system,coredns-8db54c48d-h8vhc,2.0,24117248
2026-09-16T14:58:54.613710+00:00,kube-system,kwok-controller-5cf8c7c44b-mnqlx,92.0,35651584
2026-09-16T14:58:54.613710+00:00,kube-system,local-path-provisioner-5d9d9885bc-ppp5s,1.0,15728640
2026-09-16T14:58:54.613710+00:00,kube-system,metrics-server-75dc6f8d87-xxvrs,32.0,55574528
2026-09-16T14:58:54.613710+00:00,kube-system,svclb-traefik-28666cf9-lqs2s,0.0,0
2026-09-16T14:58:54.613710+00:00,kube-system,traefik-9bcdbbd9-hvhbt,9.0,45088768
2026-09-16T14:58:54.613710+00:00,pyroscope,pyroscope-0,7.0,88080384
2026-09-16T14:58:54.613710+00:00,pyroscope,pyroscope-alloy-0,35.0,141557760
2026-09-16T14:59:00.848357+00:00,grove-system,grove-operator-745f874b98-n9hq9,380.0,135266304
2026-09-16T14:59:00.848357+00:00,kai-scheduler,admission-86666f457d-jsj65,1.0,13631488
2026-09-16T14:59:00.848357+00:00,kai-scheduler,binder-869fc94c7-px6b2,42.0,77594624
2026-09-16T14:59:00.848357+00:00,kai-scheduler,kai-operator-69b5d7bcf7-czbxk,13.0,58720256
2026-09-16T14:59:00.848357+00:00,kai-scheduler,kai-scheduler-default-68ccd47c8c-997mr,52.0,99614720
2026-09-16T14:59:00.848357+00:00,kai-scheduler,pod-grouper-65456f756-n274h,1.0,9437184
2026-09-16T14:59:00.848357+00:00,kai-scheduler,podgroup-controller-68f9cc8dbf-xpkz4,1.0,13631488
2026-09-16T14:59:00.848357+00:00,kai-scheduler,queue-controller-f86fcd76c-bhc6d,1.0,11534336
2026-09-16T14:59:00.848357+00:00,kube-system,coredns-8db54c48d-h8vhc,10.0,24117248
2026-09-16T14:59:00.848357+00:00,kube-system,kwok-controller-5cf8c7c44b-mnqlx,68.0,35651584
2026-09-16T14:59:00.848357+00:00,kube-system,local-path-provisioner-5d9d9885bc-ppp5s,1.0,15728640
2026-09-16T14:59:00.848357+00:00,kube-system,metrics-server-75dc6f8d87-xxvrs,17.0,53477376
2026-09-16T14:59:00.848357+00:00,kube-system,svclb-traefik-28666cf9-lqs2s,0.0,0
2026-09-16T14:59:00.848357+00:00,kube-system,traefik-9bcdbbd9-hvhbt,22.0,42991616
2026-09-16T14:59:00.848357+00:00,pyroscope,pyroscope-0,8.0,89128960
2026-09-16T14:59:00.848357+00:00,pyroscope,pyroscope-alloy-0,76.0,148897792
2026-09-16T14:59:07.079943+00:00,grove-system,grove-operator-745f874b98-n9hq9,380.0,135266304
2026-09-16T14:59:07.079943+00:00,kai-scheduler,admission-86666f457d-jsj65,1.0,13631488
2026-09-16T14:59:07.079943+00:00,kai-scheduler,binder-869fc94c7-px6b2,42.0,77594624
2026-09-16T14:59:07.079943+00:00,kai-scheduler,kai-operator-69b5d7bcf7-czbxk,13.0,58720256
2026-09-16T14:59:07.079943+00:00,kai-scheduler,kai-scheduler-default-68ccd47c8c-997mr,52.0,99614720
2026-09-16T14:59:07.079943+00:00,kai-scheduler,pod-grouper-65456f756-n274h,1.0,9437184
2026-09-16T14:59:07.079943+00:00,kai-scheduler,podgroup-controller-68f9cc8dbf-xpkz4,1.0,13631488
2026-09-16T14:59:07.079943+00:00,kai-scheduler,queue-controller-f86fcd76c-bhc6d,1.0,11534336
2026-09-16T14:59:07.079943+00:00,kube-system,coredns-8db54c48d-h8vhc,10.0,24117248
2026-09-16T14:59:07.079943+00:00,kube-system,kwok-controller-5cf8c7c44b-mnqlx,68.0,35651584
2026-09-16T14:59:07.079943+00:00,kube-system,local-path-provisioner-5d9d9885bc-ppp5s,1.0,15728640
2026-09-16T14:59:07.079943+00:00,kube-system,metrics-server-75dc6f8d87-xxvrs,17.0,53477376
2026-09-16T14:59:07.079943+00:00,kube-system,svclb-traefik-28666cf9-lqs2s,0.0,0
2026-09-16T14:59:07.079943+00:00,kube-system,traefik-9bcdbbd9-hvhbt,22.0,42991616
2026-09-16T14:59:07.079943+00:00,pyroscope,pyroscope-0,8.0,89128960
2026-09-16T14:59:07.079943+00:00,pyroscope,pyroscope-alloy-0,76.0,148897792
2026-09-16T14:59:13.313506+00:00,grove-system,grove-operator-745f874b98-n9hq9,1008.0,153092096
2026-09-16T14:59:13.313506+00:00,kai-scheduler,admission-86666f457d-jsj65,1.0,13631488
2026-09-16T14:59:13.313506+00:00,kai-scheduler,binder-869fc94c7-px6b2,78.0,117440512
2026-09-16T14:59:13.313506+00:00,kai-scheduler,kai-operator-69b5d7bcf7-czbxk,1.0,58720256
2026-09-16T14:59:13.313506+00:00,kai-scheduler,kai-scheduler-default-68ccd47c8c-997mr,72.0,140509184
2026-09-16T14:59:13.313506+00:00,kai-scheduler,pod-grouper-65456f756-n274h,1.0,9437184
2026-09-16T14:59:13.313506+00:00,kai-scheduler,podgroup-controller-68f9cc8dbf-xpkz4,1.0,13631488
2026-09-16T14:59:13.313506+00:00,kai-scheduler,queue-controller-f86fcd76c-bhc6d,1.0,11534336
2026-09-16T14:59:13.313506+00:00,kube-system,coredns-8db54c48d-h8vhc,9.0,25165824
2026-09-16T14:59:13.313506+00:00,kube-system,kwok-controller-5cf8c7c44b-mnqlx,240.0,33554432
2026-09-16T14:59:13.313506+00:00,kube-system,local-path-provisioner-5d9d9885bc-ppp5s,1.0,15728640
2026-09-16T14:59:13.313506+00:00,kube-system,metrics-server-75dc6f8d87-xxvrs,31.0,53477376
2026-09-16T14:59:13.313506+00:00,kube-system,svclb-traefik-28666cf9-lqs2s,0.0,0
2026-09-16T14:59:13.313506+00:00,kube-system,traefik-9bcdbbd9-hvhbt,16.0,42991616
2026-09-16T14:59:13.313506+00:00,pyroscope,pyroscope-0,11.0,100663296
2026-09-16T14:59:13.313506+00:00,pyroscope,pyroscope-alloy-0,85.0,158334976
2026-09-16T14:59:19.544429+00:00,grove-system,grove-operator-745f874b98-n9hq9,1008.0,153092096
2026-09-16T14:59:19.544429+00:00,kai-scheduler,admission-86666f457d-jsj65,1.0,13631488
2026-09-16T14:59:19.544429+00:00,kai-scheduler,binder-869fc94c7-px6b2,78.0,117440512
2026-09-16T14:59:19.544429+00:00,kai-scheduler,kai-operator-69b5d7bcf7-czbxk,1.0,58720256
2026-09-16T14:59:19.544429+00:00,kai-scheduler,kai-scheduler-default-68ccd47c8c-997mr,72.0,140509184
2026-09-16T14:59:19.544429+00:00,kai-scheduler,pod-grouper-65456f756-n274h,1.0,9437184
2026-09-16T14:59:19.544429+00:00,kai-scheduler,podgroup-controller-68f9cc8dbf-xpkz4,1.0,13631488
2026-09-16T14:59:19.544429+00:00,kai-scheduler,queue-controller-f86fcd76c-bhc6d,1.0,11534336
2026-09-16T14:59:19.544429+00:00,kube-system,coredns-8db54c48d-h8vhc,9.0,25165824
2026-09-16T14:59:19.544429+00:00,kube-system,kwok-controller-5cf8c7c44b-mnqlx,240.0,33554432
2026-09-16T14:59:19.544429+00:00,kube-system,local-path-provisioner-5d9d9885bc-ppp5s,1.0,15728640
2026-09-16T14:59:19.544429+00:00,kube-system,metrics-server-75dc6f8d87-xxvrs,31.0,53477376
2026-09-16T14:59:19.544429+00:00,kube-system,svclb-traefik-28666cf9-lqs2s,0.0,0
2026-09-16T14:59:19.544429+00:00,kube-system,traefik-9bcdbbd9-hvhbt,16.0,42991616
2026-09-16T14:59:19.544429+00:00,pyroscope,pyroscope-0,11.0,100663296
2026-09-16T14:59:19.544429+00:00,pyroscope,pyroscope-alloy-0,85.0,158334976
2026-09-16T14:59:25.773253+00:00,grove-system,grove-operator-745f874b98-n9hq9,1008.0,153092096
2026-09-16T14:59:25.773253+00:00,kai-scheduler,admission-86666f457d-jsj65,1.0,13631488
2026-09-16T14:59:25.773253+00:00,kai-scheduler,binder-869fc94c7-px6b2,78.0,117440512
2026-09-16T14:59:25.773253+00:00,kai-scheduler,kai-operator-69b5d7bcf7-czbxk,1.0,58720256
2026-09-16T14:59:25.773253+00:00,kai-scheduler,kai-scheduler-default-68ccd47c8c-997mr,72.0,140509184
2026-09-16T14:59:25.773253+00:00,kai-scheduler,pod-grouper-65456f756-n274h,1.0,9437184
2026-09-16T14:59:25.773253+00:00,kai-scheduler,podgroup-controller-68f9cc8dbf-xpkz4,1.0,13631488
2026-09-16T14:59:25.773253+00:00,kai-scheduler,queue-controller-f86fcd76c-bhc6d,1.0,11534336
2026-09-16T14:59:25.773253+00:00,kube-system,coredns-8db54c48d-h8vhc,9.0,25165824
2026-09-16T14:59:25.773253+00:00,kube-system,kwok-controller-5cf8c7c44b-mnqlx,240.0,33554432
2026-09-16T14:59:25.773253+00:00,kube-system,local-path-provisioner-5d9d9885bc-ppp5s,1.0,15728640
2026-09-16T14:59:25.773253+00:00,kube-system,metrics-server-75dc6f8d87-xxvrs,31.0,53477376
2026-09-16T14:59:25.773253+00:00,kube-system,svclb-traefik-28666cf9-lqs2s,0.0,0
2026-09-16T14:59:25.773253+00:00,kube-system,traefik-9bcdbbd9-hvhbt,16.0,42991616
2026-09-16T14:59:25.773253+00:00,pyroscope,pyroscope-0,11.0,100663296
2026-09-16T14:59:25.773253+00:00,pyroscope,pyroscope-alloy-0,85.0,158334976
2026-09-16T14:59:32.007689+00:00,grove-system,grove-operator-745f874b98-n9hq9,521.0,150994944
2026-09-16T14:59:32.007689+00:00,kai-scheduler,admission-86666f457d-jsj65,1.0,13631488
2026-09-16T14:59:32.007689+00:00,kai-scheduler,binder-869fc94c7-px6b2,1.0,117440512
2026-09-16T14:59:32.007689+00:00,kai-scheduler,kai-operator-69b5d7bcf7-czbxk,1.0,58720256
2026-09-16T14:59:32.007689+00:00,kai-scheduler,kai-scheduler-default-68ccd47c8c-997mr,16.0,153092096
2026-09-16T14:59:32.007689+00:00,kai-scheduler,pod-grouper-65456f756-n274h,1.0,9437184
2026-09-16T14:59:32.007689+00:00,kai-scheduler,podgroup-controller-68f9cc8dbf-xpkz4,1.0,13631488
2026-09-16T14:59:32.007689+00:00,kai-scheduler,queue-controller-f86fcd76c-bhc6d,1.0,11534336
2026-09-16T14:59:32.007689+00:00,kube-system,coredns-8db54c48d-h8vhc,9.0,25165824
2026-09-16T14:59:32.007689+00:00,kube-system,kwok-controller-5cf8c7c44b-mnqlx,10.0,33554432
2026-09-16T14:59:32.007689+00:00,kube-system,local-path-provisioner-5d9d9885bc-ppp5s,1.0,15728640
2026-09-16T14:59:32.007689+00:00,kube-system,metrics-server-75dc6f8d87-xxvrs,10.0,54525952
2026-09-16T14:59:32.007689+00:00,kube-system,svclb-traefik-28666cf9-lqs2s,0.0,0
2026-09-16T14:59:32.007689+00:00,kube-system,traefik-9bcdbbd9-hvhbt,9.0,42991616
2026-09-16T14:59:32.007689+00:00,pyroscope,pyroscope-0,6.0,101711872
2026-09-16T14:59:32.007689+00:00,pyroscope,pyroscope-alloy-0,15.0,164626432
2026-09-16T14:59:38.239253+00:00,grove-system,grove-operator-745f874b98-n9hq9,521.0,150994944
2026-09-16T14:59:38.239253+00:00,kai-scheduler,admission-86666f457d-jsj65,1.0,13631488
2026-09-16T14:59:38.239253+00:00,kai-scheduler,binder-869fc94c7-px6b2,1.0,117440512
2026-09-16T14:59:38.239253+00:00,kai-scheduler,kai-operator-69b5d7bcf7-czbxk,1.0,58720256
2026-09-16T14:59:38.239253+00:00,kai-scheduler,kai-scheduler-default-68ccd47c8c-997mr,16.0,153092096
2026-09-16T14:59:38.239253+00:00,kai-scheduler,pod-grouper-65456f756-n274h,1.0,9437184
2026-09-16T14:59:38.239253+00:00,kai-scheduler,podgroup-controller-68f9cc8dbf-xpkz4,1.0,13631488
2026-09-16T14:59:38.239253+00:00,kai-scheduler,queue-controller-f86fcd76c-bhc6d,1.0,11534336
2026-09-16T14:59:38.239253+00:00,kube-system,coredns-8db54c48d-h8vhc,9.0,25165824
2026-09-16T14:59:38.239253+00:00,kube-system,kwok-controller-5cf8c7c44b-mnqlx,10.0,33554432
2026-09-16T14:59:38.239253+00:00,kube-system,local-path-provisioner-5d9d9885bc-ppp5s,1.0,15728640
2026-09-16T14:59:38.239253+00:00,kube-system,metrics-server-75dc6f8d87-xxvrs,10.0,54525952
2026-09-16T14:59:38.239253+00:00,kube-system,svclb-traefik-28666cf9-lqs2s,0.0,0
2026-09-16T14:59:38.239253+00:00,kube-system,traefik-9bcdbbd9-hvhbt,9.0,42991616
2026-09-16T14:59:38.239253+00:00,pyroscope,pyroscope-0,6.0,101711872
2026-09-16T14:59:38.239253+00:00,pyroscope,pyroscope-alloy-0,15.0,164626432
2026-09-16T14:59:44.469385+00:00,grove-system,grove-operator-745f874b98-n9hq9,4.0,150994944
2026-09-16T14:59:44.469385+00:00,kai-scheduler,admission-86666f457d-jsj65,1.0,13631488
2026-09-16T14:59:44.469385+00:00,kai-scheduler,binder-869fc94c7-px6b2,1.0,117440512
2026-09-16T14:59:44.469385+00:00,kai-scheduler,kai-operator-69b5d7bcf7-czbxk,1.0,58720256
2026-09-16T14:59:44.469385+00:00,kai-scheduler,kai-scheduler-default-68ccd47c8c-997mr,15.0,153092096
2026-09-16T14:59:44.469385+00:00,kai-scheduler,pod-grouper-65456f756-n274h,1.0,9437184
2026-09-16T14:59:44.469385+00:00,kai-scheduler,podgroup-controller-68f9cc8dbf-xpkz4,1.0,13631488
2026-09-16T14:59:44.469385+00:00,kai-scheduler,queue-controller-f86fcd76c-bhc6d,1.0,11534336
2026-09-16T14:59:44.469385+00:00,kube-system,coredns-8db54c48d-h8vhc,2.0,25165824
2026-09-16T14:59:44.469385+00:00,kube-system,kwok-controller-5cf8c7c44b-mnqlx,8.0,34603008
2026-09-16T14:59:44.469385+00:00,kube-system,local-path-provisioner-5d9d9885bc-ppp5s,1.0,15728640
2026-09-16T14:59:44.469385+00:00,kube-system,metrics-server-75dc6f8d87-xxvrs,6.0,53477376
2026-09-16T14:59:44.469385+00:00,kube-system,svclb-traefik-28666cf9-lqs2s,0.0,0
2026-09-16T14:59:44.469385+00:00,kube-system,traefik-9bcdbbd9-hvhbt,1.0,42991616
2026-09-16T14:59:44.469385+00:00,pyroscope,pyroscope-0,4.0,99614720
2026-09-16T14:59:44.469385+00:00,pyroscope,pyroscope-alloy-0,4.0,170917888
2026-09-16T14:59:50.708524+00:00,grove-system,grove-operator-745f874b98-n9hq9,4.0,150994944
2026-09-16T14:59:50.708524+00:00,kai-scheduler,admission-86666f457d-jsj65,1.0,13631488
2026-09-16T14:59:50.708524+00:00,kai-scheduler,binder-869fc94c7-px6b2,1.0,117440512
2026-09-16T14:59:50.708524+00:00,kai-scheduler,kai-operator-69b5d7bcf7-czbxk,1.0,58720256
2026-09-16T14:59:50.708524+00:00,kai-scheduler,kai-scheduler-default-68ccd47c8c-997mr,15.0,153092096
2026-09-16T14:59:50.708524+00:00,kai-scheduler,pod-grouper-65456f756-n274h,1.0,9437184
2026-09-16T14:59:50.708524+00:00,kai-scheduler,podgroup-controller-68f9cc8dbf-xpkz4,1.0,13631488
2026-09-16T14:59:50.708524+00:00,kai-scheduler,queue-controller-f86fcd76c-bhc6d,1.0,11534336
2026-09-16T14:59:50.708524+00:00,kube-system,coredns-8db54c48d-h8vhc,2.0,25165824
2026-09-16T14:59:50.708524+00:00,kube-system,kwok-controller-5cf8c7c44b-mnqlx,8.0,34603008
2026-09-16T14:59:50.708524+00:00,kube-system,local-path-provisioner-5d9d9885bc-ppp5s,1.0,15728640
2026-09-16T14:59:50.708524+00:00,kube-system,metrics-server-75dc6f8d87-xxvrs,6.0,53477376
2026-09-16T14:59:50.708524+00:00,kube-system,svclb-traefik-28666cf9-lqs2s,0.0,0
2026-09-16T14:59:50.708524+00:00,kube-system,traefik-9bcdbbd9-hvhbt,1.0,42991616
2026-09-16T14:59:50.708524+00:00,pyroscope,pyroscope-0,4.0,99614720
2026-09-16T14:59:50.708524+00:00,pyroscope,pyroscope-alloy-0,4.0,170917888
2026-09-16T14:59:56.944950+00:00,grove-system,grove-operator-745f874b98-n9hq9,39.0,148897792
2026-09-16T14:59:56.944950+00:00,kai-scheduler,admission-86666f457d-jsj65,1.0,13631488
2026-09-16T14:59:56.944950+00:00,kai-scheduler,binder-869fc94c7-px6b2,1.0,117440512
2026-09-16T14:59:56.944950+00:00,kai-scheduler,kai-operator-69b5d7bcf7-czbxk,3.0,60817408
2026-09-16T14:59:56.944950+00:00,kai-scheduler,kai-scheduler-default-68ccd47c8c-997mr,15.0,150994944
2026-09-16T14:59:56.944950+00:00,kai-scheduler,pod-grouper-65456f756-n274h,1.0,9437184
2026-09-16T14:59:56.944950+00:00,kai-scheduler,podgroup-controller-68f9cc8dbf-xpkz4,1.0,13631488
2026-09-16T14:59:56.944950+00:00,kai-scheduler,queue-controller-f86fcd76c-bhc6d,1.0,11534336
2026-09-16T14:59:56.944950+00:00,kube-system,coredns-8db54c48d-h8vhc,3.0,25165824
2026-09-16T14:59:56.944950+00:00,kube-system,kwok-controller-5cf8c7c44b-mnqlx,9.0,33554432
2026-09-16T14:59:56.944950+00:00,kube-system,local-path-provisioner-5d9d9885bc-ppp5s,1.0,15728640
2026-09-16T14:59:56.944950+00:00,kube-system,metrics-server-75dc6f8d87-xxvrs,7.0,53477376
2026-09-16T14:59:56.944950+00:00,kube-system,svclb-traefik-28666cf9-lqs2s,0.0,0
2026-09-16T14:59:56.944950+00:00,kube-system,traefik-9bcdbbd9-hvhbt,4.0,45088768
2026-09-16T14:59:56.944950+00:00,pyroscope,pyroscope-0,7.0,103809024
2026-09-16T14:59:56.944950+00:00,pyroscope,pyroscope-alloy-0,5.0,176160768
2026-09-16T15:00:03.184377+00:00,grove-system,grove-operator-745f874b98-n9hq9,39.0,148897792
2026-09-16T15:00:03.184377+00:00,kai-scheduler,admission-86666f457d-jsj65,1.0,13631488
2026-09-16T15:00:03.184377+00:00,kai-scheduler,binder-869fc94c7-px6b2,1.0,117440512
2026-09-16T15:00:03.184377+00:00,kai-scheduler,kai-operator-69b5d7bcf7-czbxk,3.0,60817408
2026-09-16T15:00:03.184377+00:00,kai-scheduler,kai-scheduler-default-68ccd47c8c-997mr,15.0,150994944
2026-09-16T15:00:03.184377+00:00,kai-scheduler,pod-grouper-65456f756-n274h,1.0,9437184
2026-09-16T15:00:03.184377+00:00,kai-scheduler,podgroup-controller-68f9cc8dbf-xpkz4,1.0,13631488
2026-09-16T15:00:03.184377+00:00,kai-scheduler,queue-controller-f86fcd76c-bhc6d,1.0,11534336
2026-09-16T15:00:03.184377+00:00,kube-system,coredns-8db54c48d-h8vhc,3.0,25165824
2026-09-16T15:00:03.184377+00:00,kube-system,kwok-controller-5cf8c7c44b-mnqlx,9.0,33554432
2026-09-16T15:00:03.184377+00:00,kube-system,local-path-provisioner-5d9d9885bc-ppp5s,1.0,15728640
2026-09-16T15:00:03.184377+00:00,kube-system,metrics-server-75dc6f8d87-xxvrs,7.0,53477376
2026-09-16T15:00:03.184377+00:00,kube-system,svclb-traefik-28666cf9-lqs2s,0.0,0
2026-09-16T15:00:03.184377+00:00,kube-system,traefik-9bcdbbd9-hvhbt,4.0,45088768
2026-09-16T15:00:03.184377+00:00,pyroscope,pyroscope-0,7.0,103809024
2026-09-16T15:00:03.184377+00:00,pyroscope,pyroscope-alloy-0,5.0,176160768
2026-09-16T15:00:09.418640+00:00,grove-system,grove-operator-745f874b98-n9hq9,39.0,148897792
2026-09-16T15:00:09.418640+00:00,kai-scheduler,admission-86666f457d-jsj65,1.0,13631488
2026-09-16T15:00:09.418640+00:00,kai-scheduler,binder-869fc94c7-px6b2,1.0,117440512
2026-09-16T15:00:09.418640+00:00,kai-scheduler,kai-operator-69b5d7bcf7-czbxk,3.0,60817408
2026-09-16T15:00:09.418640+00:00,kai-scheduler,kai-scheduler-default-68ccd47c8c-997mr,15.0,150994944
2026-09-16T15:00:09.418640+00:00,kai-scheduler,pod-grouper-65456f756-n274h,1.0,9437184
2026-09-16T15:00:09.418640+00:00,kai-scheduler,podgroup-controller-68f9cc8dbf-xpkz4,1.0,13631488
2026-09-16T15:00:09.418640+00:00,kai-scheduler,queue-controller-f86fcd76c-bhc6d,1.0,11534336
2026-09-16T15:00:09.418640+00:00,kube-system,coredns-8db54c48d-h8vhc,3.0,25165824
2026-09-16T15:00:09.418640+00:00,kube-system,kwok-controller-5cf8c7c44b-mnqlx,9.0,33554432
2026-09-16T15:00:09.418640+00:00,kube-system,local-path-provisioner-5d9d9885bc-ppp5s,1.0,15728640
2026-09-16T15:00:09.418640+00:00,kube-system,metrics-server-75dc6f8d87-xxvrs,7.0,53477376
2026-09-16T15:00:09.418640+00:00,kube-system,svclb-traefik-28666cf9-lqs2s,0.0,0
2026-09-16T15:00:09.418640+00:00,kube-system,traefik-9bcdbbd9-hvhbt,4.0,45088768
2026-09-16T15:00:09.418640+00:00,pyroscope,pyroscope-0,7.0,103809024
2026-09-16T15:00:09.418640+00:00,pyroscope,pyroscope-alloy-0,5.0,176160768
2026-09-16T15:00:15.655406+00:00,grove-system,grove-operator-745f874b98-n9hq9,32.0,149946368
2026-09-16T15:00:15.655406+00:00,kai-scheduler,admission-86666f457d-jsj65,1.0,13631488
2026-09-16T15:00:15.655406+00:00,kai-scheduler,binder-869fc94c7-px6b2,6.0,117440512
2026-09-16T15:00:15.655406+00:00,kai-scheduler,kai-operator-69b5d7bcf7-czbxk,3.0,60817408
2026-09-16T15:00:15.655406+00:00,kai-scheduler,kai-scheduler-default-68ccd47c8c-997mr,19.0,157286400
2026-09-16T15:00:15.655406+00:00,kai-scheduler,pod-grouper-65456f756-n274h,1.0,9437184
2026-09-16T15:00:15.655406+00:00,kai-scheduler,podgroup-controller-68f9cc8dbf-xpkz4,1.0,13631488
2026-09-16T15:00:15.655406+00:00,kai-scheduler,queue-controller-f86fcd76c-bhc6d,1.0,11534336
2026-09-16T15:00:15.655406+00:00,kube-system,coredns-8db54c48d-h8vhc,3.0,24117248
2026-09-16T15:00:15.655406+00:00,kube-system,kwok-controller-5cf8c7c44b-mnqlx,15.0,36700160
2026-09-16T15:00:15.655406+00:00,kube-system,local-path-provisioner-5d9d9885bc-ppp5s,1.0,15728640
2026-09-16T15:00:15.655406+00:00,kube-system,metrics-server-75dc6f8d87-xxvrs,7.0,58720256
2026-09-16T15:00:15.655406+00:00,kube-system,svclb-traefik-28666cf9-lqs2s,0.0,0
2026-09-16T15:00:15.655406+00:00,kube-system,traefik-9bcdbbd9-hvhbt,3.0,45088768
2026-09-16T15:00:15.655406+00:00,pyroscope,pyroscope-0,5.0,89128960
2026-09-16T15:00:15.655406+00:00,pyroscope,pyroscope-alloy-0,26.0,178257920
2026-09-16T15:00:21.895078+00:00,grove-system,grove-operator-745f874b98-n9hq9,32.0,149946368
2026-09-16T15:00:21.895078+00:00,kai-scheduler,admission-86666f457d-jsj65,1.0,13631488
2026-09-16T15:00:21.895078+00:00,kai-scheduler,binder-869fc94c7-px6b2,6.0,117440512
2026-09-16T15:00:21.895078+00:00,kai-scheduler,kai-operator-69b5d7bcf7-czbxk,3.0,60817408
2026-09-16T15:00:21.895078+00:00,kai-scheduler,kai-scheduler-default-68ccd47c8c-997mr,19.0,157286400
2026-09-16T15:00:21.895078+00:00,kai-scheduler,pod-grouper-65456f756-n274h,1.0,9437184
2026-09-16T15:00:21.895078+00:00,kai-scheduler,podgroup-controller-68f9cc8dbf-xpkz4,1.0,13631488
2026-09-16T15:00:21.895078+00:00,kai-scheduler,queue-controller-f86fcd76c-bhc6d,1.0,11534336
2026-09-16T15:00:21.895078+00:00,kube-system,coredns-8db54c48d-h8vhc,3.0,24117248
2026-09-16T15:00:21.895078+00:00,kube-system,kwok-controller-5cf8c7c44b-mnqlx,15.0,36700160
2026-09-16T15:00:21.895078+00:00,kube-system,local-path-provisioner-5d9d9885bc-ppp5s,1.0,15728640
2026-09-16T15:00:21.895078+00:00,kube-system,metrics-server-75dc6f8d87-xxvrs,7.0,58720256
2026-09-16T15:00:21.895078+00:00,kube-system,svclb-traefik-28666cf9-lqs2s,0.0,0
2026-09-16T15:00:21.895078+00:00,kube-system,traefik-9bcdbbd9-hvhbt,3.0,45088768
2026-09-16T15:00:21.895078+00:00,pyroscope,pyroscope-0,5.0,89128960
2026-09-16T15:00:21.895078+00:00,pyroscope,pyroscope-alloy-0,26.0,178257920
2026-09-16T15:00:28.133395+00:00,grove-system,grove-operator-745f874b98-n9hq9,51.0,144703488
2026-09-16T15:00:28.133395+00:00,kai-scheduler,admission-86666f457d-jsj65,1.0,13631488
2026-09-16T15:00:28.133395+00:00,kai-scheduler,binder-869fc94c7-px6b2,41.0,117440512
2026-09-16T15:00:28.133395+00:00,kai-scheduler,kai-operator-69b5d7bcf7-czbxk,1.0,58720256
2026-09-16T15:00:28.133395+00:00,kai-scheduler,kai-scheduler-default-68ccd47c8c-997mr,39.0,154140672
2026-09-16T15:00:28.133395+00:00,kai-scheduler,pod-grouper-65456f756-n274h,1.0,9437184
2026-09-16T15:00:28.133395+00:00,kai-scheduler,podgroup-controller-68f9cc8dbf-xpkz4,1.0,13631488
2026-09-16T15:00:28.133395+00:00,kai-scheduler,queue-controller-f86fcd76c-bhc6d,1.0,11534336
2026-09-16T15:00:28.133395+00:00,kube-system,coredns-8db54c48d-h8vhc,3.0,24117248
2026-09-16T15:00:28.133395+00:00,kube-system,kwok-controller-5cf8c7c44b-mnqlx,37.0,36700160
2026-09-16T15:00:28.133395+00:00,kube-system,local-path-provisioner-5d9d9885bc-ppp5s,1.0,15728640
2026-09-16T15:00:28.133395+00:00,kube-system,metrics-server-75dc6f8d87-xxvrs,11.0,60817408
2026-09-16T15:00:28.133395+00:00,kube-system,svclb-traefik-28666cf9-lqs2s,0.0,0
2026-09-16T15:00:28.133395+00:00,kube-system,traefik-9bcdbbd9-hvhbt,2.0,42991616
2026-09-16T15:00:28.133395+00:00,pyroscope,pyroscope-0,5.0,90177536
2026-09-16T15:00:28.133395+00:00,pyroscope,pyroscope-alloy-0,39.0,185597952
2026-09-16T15:00:34.372992+00:00,grove-system,grove-operator-745f874b98-n9hq9,51.0,144703488
2026-09-16T15:00:34.372992+00:00,kai-scheduler,admission-86666f457d-jsj65,1.0,13631488
2026-09-16T15:00:34.372992+00:00,kai-scheduler,binder-869fc94c7-px6b2,41.0,117440512
2026-09-16T15:00:34.372992+00:00,kai-scheduler,kai-operator-69b5d7bcf7-czbxk,1.0,58720256
2026-09-16T15:00:34.372992+00:00,kai-scheduler,kai-scheduler-default-68ccd47c8c-997mr,39.0,154140672
2026-09-16T15:00:34.372992+00:00,kai-scheduler,pod-grouper-65456f756-n274h,1.0,9437184
2026-09-16T15:00:34.372992+00:00,kai-scheduler,podgroup-controller-68f9cc8dbf-xpkz4,1.0,13631488
2026-09-16T15:00:34.372992+00:00,kai-scheduler,queue-controller-f86fcd76c-bhc6d,1.0,11534336
2026-09-16T15:00:34.372992+00:00,kube-system,coredns-8db54c48d-h8vhc,3.0,24117248
2026-09-16T15:00:34.372992+00:00,kube-system,kwok-controller-5cf8c7c44b-mnqlx,37.0,36700160
2026-09-16T15:00:34.372992+00:00,kube-system,local-path-provisioner-5d9d9885bc-ppp5s,1.0,15728640
2026-09-16T15:00:34.372992+00:00,kube-system,metrics-server-75dc6f8d87-xxvrs,11.0,60817408
2026-09-16T15:00:34.372992+00:00,kube-system,svclb-traefik-28666cf9-lqs2s,0.0,0
2026-09-16T15:00:34.372992+00:00,kube-system,traefik-9bcdbbd9-hvhbt,2.0,42991616
2026-09-16T15:00:34.372992+00:00,pyroscope,pyroscope-0,5.0,90177536
2026-09-16T15:00:34.372992+00:00,pyroscope,pyroscope-alloy-0,39.0,185597952
2026-09-16T15:00:40.612101+00:00,grove-system,grove-operator-745f874b98-n9hq9,51.0,144703488
2026-09-16T15:00:40.612101+00:00,kai-scheduler,admission-86666f457d-jsj65,1.0,13631488
2026-09-16T15:00:40.612101+00:00,kai-scheduler,binder-869fc94c7-px6b2,41.0,117440512
2026-09-16T15:00:40.612101+00:00,kai-scheduler,kai-operator-69b5d7bcf7-czbxk,1.0,58720256
2026-09-16T15:00:40.612101+00:00,kai-scheduler,kai-scheduler-default-68ccd47c8c-997mr,39.0,154140672
2026-09-16T15:00:40.612101+00:00,kai-scheduler,pod-grouper-65456f756-n274h,1.0,9437184
2026-09-16T15:00:40.612101+00:00,kai-scheduler,podgroup-controller-68f9cc8dbf-xpkz4,1.0,13631488
2026-09-16T15:00:40.612101+00:00,kai-scheduler,queue-controller-f86fcd76c-bhc6d,1.0,11534336
2026-09-16T15:00:40.612101+00:00,kube-system,coredns-8db54c48d-h8vhc,3.0,24117248
2026-09-16T15:00:40.612101+00:00,kube-system,kwok-controller-5cf8c7c44b-mnqlx,37.0,36700160
2026-09-16T15:00:40.612101+00:00,kube-system,local-path-provisioner-5d9d9885bc-ppp5s,1.0,15728640
2026-09-16T15:00:40.612101+00:00,kube-system,metrics-server-75dc6f8d87-xxvrs,11.0,60817408
2026-09-16T15:00:40.612101+00:00,kube-system,svclb-traefik-28666cf9-lqs2s,0.0,0
2026-09-16T15:00:40.612101+00:00,kube-system,traefik-9bcdbbd9-hvhbt,2.0,42991616
2026-09-16T15:00:40.612101+00:00,pyroscope,pyroscope-0,5.0,90177536
2026-09-16T15:00:40.612101+00:00,pyroscope,pyroscope-alloy-0,39.0,185597952
2026-09-16T15:00:46.857029+00:00,grove-system,grove-operator-745f874b98-n9hq9,41.0,141557760
2026-09-16T15:00:46.857029+00:00,kai-scheduler,admission-86666f457d-jsj65,1.0,14680064
2026-09-16T15:00:46.857029+00:00,kai-scheduler,binder-869fc94c7-px6b2,48.0,114294784
2026-09-16T15:00:46.857029+00:00,kai-scheduler,kai-operator-69b5d7bcf7-czbxk,2.0,59768832
2026-09-16T15:00:46.857029+00:00,kai-scheduler,kai-scheduler-default-68ccd47c8c-997mr,39.0,145752064
2026-09-16T15:00:46.857029+00:00,kai-scheduler,pod-grouper-65456f756-n274h,1.0,9437184
2026-09-16T15:00:46.857029+00:00,kai-scheduler,podgroup-controller-68f9cc8dbf-xpkz4,1.0,13631488
2026-09-16T15:00:46.857029+00:00,kai-scheduler,queue-controller-f86fcd76c-bhc6d,1.0,11534336
2026-09-16T15:00:46.857029+00:00,kube-system,coredns-8db54c48d-h8vhc,2.0,24117248
2026-09-16T15:00:46.857029+00:00,kube-system,kwok-controller-5cf8c7c44b-mnqlx,95.0,35651584
2026-09-16T15:00:46.857029+00:00,kube-system,local-path-provisioner-5d9d9885bc-ppp5s,1.0,15728640
2026-09-16T15:00:46.857029+00:00,kube-system,metrics-server-75dc6f8d87-xxvrs,30.0,65011712
2026-09-16T15:00:46.857029+00:00,kube-system,svclb-traefik-28666cf9-lqs2s,0.0,0
2026-09-16T15:00:46.857029+00:00,kube-system,traefik-9bcdbbd9-hvhbt,1.0,42991616
2026-09-16T15:00:46.857029+00:00,pyroscope,pyroscope-0,6.0,78643200
2026-09-16T15:00:46.857029+00:00,pyroscope,pyroscope-alloy-0,50.0,180355072
2026-09-16T15:00:53.096780+00:00,grove-system,grove-operator-745f874b98-n9hq9,41.0,141557760
2026-09-16T15:00:53.096780+00:00,kai-scheduler,admission-86666f457d-jsj65,1.0,14680064
2026-09-16T15:00:53.096780+00:00,kai-scheduler,binder-869fc94c7-px6b2,48.0,114294784
2026-09-16T15:00:53.096780+00:00,kai-scheduler,kai-operator-69b5d7bcf7-czbxk,2.0,59768832
2026-09-16T15:00:53.096780+00:00,kai-scheduler,kai-scheduler-default-68ccd47c8c-997mr,39.0,145752064
2026-09-16T15:00:53.096780+00:00,kai-scheduler,pod-grouper-65456f756-n274h,1.0,9437184
2026-09-16T15:00:53.096780+00:00,kai-scheduler,podgroup-controller-68f9cc8dbf-xpkz4,1.0,13631488
2026-09-16T15:00:53.096780+00:00,kai-scheduler,queue-controller-f86fcd76c-bhc6d,1.0,11534336
2026-09-16T15:00:53.096780+00:00,kube-system,coredns-8db54c48d-h8vhc,2.0,24117248
2026-09-16T15:00:53.096780+00:00,kube-system,kwok-controller-5cf8c7c44b-mnqlx,95.0,35651584
2026-09-16T15:00:53.096780+00:00,kube-system,local-path-provisioner-5d9d9885bc-ppp5s,1.0,15728640
2026-09-16T15:00:53.096780+00:00,kube-system,metrics-server-75dc6f8d87-xxvrs,30.0,65011712
2026-09-16T15:00:53.096780+00:00,kube-system,svclb-traefik-28666cf9-lqs2s,0.0,0
2026-09-16T15:00:53.096780+00:00,kube-system,traefik-9bcdbbd9-hvhbt,1.0,42991616
2026-09-16T15:00:53.096780+00:00,pyroscope,pyroscope-0,6.0,78643200
2026-09-16T15:00:53.096780+00:00,pyroscope,pyroscope-alloy-0,50.0,180355072
2026-09-16T15:00:59.338434+00:00,grove-system,grove-operator-745f874b98-n9hq9,43.0,132120576
2026-09-16T15:00:59.338434+00:00,kai-scheduler,admission-86666f457d-jsj65,1.0,14680064
2026-09-16T15:00:59.338434+00:00,kai-scheduler,binder-869fc94c7-px6b2,51.0,101711872
2026-09-16T15:00:59.338434+00:00,kai-scheduler,kai-operator-69b5d7bcf7-czbxk,1.0,59768832
2026-09-16T15:00:59.338434+00:00,kai-scheduler,kai-scheduler-default-68ccd47c8c-997mr,37.0,125829120
2026-09-16T15:00:59.338434+00:00,kai-scheduler,pod-grouper-65456f756-n274h,1.0,9437184
2026-09-16T15:00:59.338434+00:00,kai-scheduler,podgroup-controller-68f9cc8dbf-xpkz4,1.0,13631488
2026-09-16T15:00:59.338434+00:00,kai-scheduler,queue-controller-f86fcd76c-bhc6d,1.0,11534336
2026-09-16T15:00:59.338434+00:00,kube-system,coredns-8db54c48d-h8vhc,2.0,24117248
2026-09-16T15:00:59.338434+00:00,kube-system,kwok-controller-5cf8c7c44b-mnqlx,119.0,40894464
2026-09-16T15:00:59.338434+00:00,kube-system,local-path-provisioner-5d9d9885bc-ppp5s,1.0,15728640
2026-09-16T15:00:59.338434+00:00,kube-system,metrics-server-75dc6f8d87-xxvrs,30.0,62914560
2026-09-16T15:00:59.338434+00:00,kube-system,svclb-traefik-28666cf9-lqs2s,0.0,0
2026-09-16T15:00:59.338434+00:00,kube-system,traefik-9bcdbbd9-hvhbt,1.0,44040192
2026-09-16T15:00:59.338434+00:00,pyroscope,pyroscope-0,6.0,79691776
2026-09-16T15:00:59.338434+00:00,pyroscope,pyroscope-alloy-0,50.0,150994944
2026-09-16T15:01:05.572180+00:00,grove-system,grove-operator-745f874b98-n9hq9,43.0,132120576
2026-09-16T15:01:05.572180+00:00,kai-scheduler,admission-86666f457d-jsj65,1.0,14680064
2026-09-16T15:01:05.572180+00:00,kai-scheduler,binder-869fc94c7-px6b2,51.0,101711872
2026-09-16T15:01:05.572180+00:00,kai-scheduler,kai-operator-69b5d7bcf7-czbxk,1.0,59768832
2026-09-16T15:01:05.572180+00:00,kai-scheduler,kai-scheduler-default-68ccd47c8c-997mr,37.0,125829120
2026-09-16T15:01:05.572180+00:00,kai-scheduler,pod-grouper-65456f756-n274h,1.0,9437184
2026-09-16T15:01:05.572180+00:00,kai-scheduler,podgroup-controller-68f9cc8dbf-xpkz4,1.0,13631488
2026-09-16T15:01:05.572180+00:00,kai-scheduler,queue-controller-f86fcd76c-bhc6d,1.0,11534336
2026-09-16T15:01:05.572180+00:00,kube-system,coredns-8db54c48d-h8vhc,2.0,24117248
2026-09-16T15:01:05.572180+00:00,kube-system,kwok-controller-5cf8c7c44b-mnqlx,119.0,40894464
2026-09-16T15:01:05.572180+00:00,kube-system,local-path-provisioner-5d9d9885bc-ppp5s,1.0,15728640
2026-09-16T15:01:05.572180+00:00,kube-system,metrics-server-75dc6f8d87-xxvrs,30.0,62914560
2026-09-16T15:01:05.572180+00:00,kube-system,svclb-traefik-28666cf9-lqs2s,0.0,0
2026-09-16T15:01:05.572180+00:00,kube-system,traefik-9bcdbbd9-hvhbt,1.0,44040192
2026-09-16T15:01:05.572180+00:00,pyroscope,pyroscope-0,6.0,79691776
2026-09-16T15:01:05.572180+00:00,pyroscope,pyroscope-alloy-0,50.0,150994944
2026-09-16T15:01:11.825529+00:00,grove-system,grove-operator-745f874b98-n9hq9,34.0,126877696
2026-09-16T15:01:11.825529+00:00,kai-scheduler,admission-86666f457d-jsj65,1.0,14680064
2026-09-16T15:01:11.825529+00:00,kai-scheduler,binder-869fc94c7-px6b2,49.0,77594624
2026-09-16T15:01:11.825529+00:00,kai-scheduler,kai-operator-69b5d7bcf7-czbxk,8.0,61865984
2026-09-16T15:01:11.825529+00:00,kai-scheduler,kai-scheduler-default-68ccd47c8c-997mr,33.0,112197632
2026-09-16T15:01:11.825529+00:00,kai-scheduler,pod-grouper-65456f756-n274h,1.0,9437184
2026-09-16T15:01:11.825529+00:00,kai-scheduler,podgroup-controller-68f9cc8dbf-xpkz4,1.0,13631488
2026-09-16T15:01:11.825529+00:00,kai-scheduler,queue-controller-f86fcd76c-bhc6d,1.0,11534336
2026-09-16T15:01:11.825529+00:00,kube-system,coredns-8db54c48d-h8vhc,3.0,26214400
2026-09-16T15:01:11.825529+00:00,kube-system,kwok-controller-5cf8c7c44b-mnqlx,87.0,41943040
2026-09-16T15:01:11.825529+00:00,kube-system,local-path-provisioner-5d9d9885bc-ppp5s,1.0,15728640
2026-09-16T15:01:11.825529+00:00,kube-system,metrics-server-75dc6f8d87-xxvrs,20.0,61865984
2026-09-16T15:01:11.825529+00:00,kube-system,svclb-traefik-28666cf9-lqs2s,0.0,0
2026-09-16T15:01:11.825529+00:00,kube-system,traefik-9bcdbbd9-hvhbt,19.0,45088768
2026-09-16T15:01:11.825529+00:00,pyroscope,pyroscope-0,9.0,102760448
2026-09-16T15:01:11.825529+00:00,pyroscope,pyroscope-alloy-0,33.0,143654912
2026-09-16T15:01:18.067612+00:00,grove-system,grove-operator-745f874b98-n9hq9,34.0,126877696
2026-09-16T15:01:18.067612+00:00,kai-scheduler,admission-86666f457d-jsj65,1.0,14680064
2026-09-16T15:01:18.067612+00:00,kai-scheduler,binder-869fc94c7-px6b2,49.0,77594624
2026-09-16T15:01:18.067612+00:00,kai-scheduler,kai-operator-69b5d7bcf7-czbxk,8.0,61865984
2026-09-16T15:01:18.067612+00:00,kai-scheduler,kai-scheduler-default-68ccd47c8c-997mr,33.0,112197632
2026-09-16T15:01:18.067612+00:00,kai-scheduler,pod-grouper-65456f756-n274h,1.0,9437184
2026-09-16T15:01:18.067612+00:00,kai-scheduler,podgroup-controller-68f9cc8dbf-xpkz4,1.0,13631488
2026-09-16T15:01:18.067612+00:00,kai-scheduler,queue-controller-f86fcd76c-bhc6d,1.0,11534336
2026-09-16T15:01:18.067612+00:00,kube-system,coredns-8db54c48d-h8vhc,3.0,26214400
2026-09-16T15:01:18.067612+00:00,kube-system,kwok-controller-5cf8c7c44b-mnqlx,87.0,41943040
2026-09-16T15:01:18.067612+00:00,kube-system,local-path-provisioner-5d9d9885bc-ppp5s,1.0,15728640
2026-09-16T15:01:18.067612+00:00,kube-system,metrics-server-75dc6f8d87-xxvrs,20.0,61865984
2026-09-16T15:01:18.067612+00:00,kube-system,svclb-traefik-28666cf9-lqs2s,0.0,0
2026-09-16T15:01:18.067612+00:00,kube-system,traefik-9bcdbbd9-hvhbt,19.0,45088768
2026-09-16T15:01:18.067612+00:00,pyroscope,pyroscope-0,9.0,102760448
2026-09-16T15:01:18.067612+00:00,pyroscope,pyroscope-alloy-0,33.0,143654912
2026-09-16T15:01:24.315611+00:00,grove-system,grove-operator-745f874b98-n9hq9,34.0,126877696
2026-09-16T15:01:24.315611+00:00,kai-scheduler,admission-86666f457d-jsj65,1.0,14680064
2026-09-16T15:01:24.315611+00:00,kai-scheduler,binder-869fc94c7-px6b2,49.0,77594624
2026-09-16T15:01:24.315611+00:00,kai-scheduler,kai-operator-69b5d7bcf7-czbxk,8.0,61865984
2026-09-16T15:01:24.315611+00:00,kai-scheduler,kai-scheduler-default-68ccd47c8c-997mr,33.0,112197632
2026-09-16T15:01:24.315611+00:00,kai-scheduler,pod-grouper-65456f756-n274h,1.0,9437184
2026-09-16T15:01:24.315611+00:00,kai-scheduler,podgroup-controller-68f9cc8dbf-xpkz4,1.0,13631488
2026-09-16T15:01:24.315611+00:00,kai-scheduler,queue-controller-f86fcd76c-bhc6d,1.0,11534336
2026-09-16T15:01:24.315611+00:00,kube-system,coredns-8db54c48d-h8vhc,3.0,26214400
2026-09-16T15:01:24.315611+00:00,kube-system,kwok-controller-5cf8c7c44b-mnqlx,87.0,41943040
2026-09-16T15:01:24.315611+00:00,kube-system,local-path-provisioner-5d9d9885bc-ppp5s,1.0,15728640
2026-09-16T15:01:24.315611+00:00,kube-system,metrics-server-75dc6f8d87-xxvrs,20.0,61865984
2026-09-16T15:01:24.315611+00:00,kube-system,svclb-traefik-28666cf9-lqs2s,0.0,0
2026-09-16T15:01:24.315611+00:00,kube-system,traefik-9bcdbbd9-hvhbt,19.0,45088768
2026-09-16T15:01:24.315611+00:00,pyroscope,pyroscope-0,9.0,102760448
2026-09-16T15:01:24.315611+00:00,pyroscope,pyroscope-alloy-0,33.0,143654912
2026-09-16T15:01:30.555228+00:00,grove-system,grove-operator-745f874b98-n9hq9,63.0,119537664
2026-09-16T15:01:30.555228+00:00,kai-scheduler,admission-86666f457d-jsj65,1.0,14680064
2026-09-16T15:01:30.555228+00:00,kai-scheduler,binder-869fc94c7-px6b2,32.0,85983232
2026-09-16T15:01:30.555228+00:00,kai-scheduler,kai-operator-69b5d7bcf7-czbxk,16.0,62914560
2026-09-16T15:01:30.555228+00:00,kai-scheduler,kai-scheduler-default-68ccd47c8c-997mr,21.0,90177536
2026-09-16T15:01:30.555228+00:00,kai-scheduler,pod-grouper-65456f756-n274h,1.0,9437184
2026-09-16T15:01:30.555228+00:00,kai-scheduler,podgroup-controller-68f9cc8dbf-xpkz4,1.0,13631488
2026-09-16T15:01:30.555228+00:00,kai-scheduler,queue-controller-f86fcd76c-bhc6d,1.0,11534336
2026-09-16T15:01:30.555228+00:00,kube-system,coredns-8db54c48d-h8vhc,4.0,27262976
2026-09-16T15:01:30.555228+00:00,kube-system,kwok-controller-5cf8c7c44b-mnqlx,50.0,37748736
2026-09-16T15:01:30.555228+00:00,kube-system,local-path-provisioner-5d9d9885bc-ppp5s,1.0,15728640
2026-09-16T15:01:30.555228+00:00,kube-system,metrics-server-75dc6f8d87-xxvrs,22.0,57671680
2026-09-16T15:01:30.555228+00:00,kube-system,svclb-traefik-28666cf9-lqs2s,0.0,0
2026-09-16T15:01:30.555228+00:00,kube-system,traefik-9bcdbbd9-hvhbt,32.0,44040192
2026-09-16T15:01:30.555228+00:00,pyroscope,pyroscope-0,10.0,88080384
2026-09-16T15:01:30.555228+00:00,pyroscope,pyroscope-alloy-0,18.0,143654912
2026-09-16T15:01:36.813994+00:00,grove-system,grove-operator-745f874b98-n9hq9,63.0,119537664
2026-09-16T15:01:36.813994+00:00,kai-scheduler,admission-86666f457d-jsj65,1.0,14680064
2026-09-16T15:01:36.813994+00:00,kai-scheduler,binder-869fc94c7-px6b2,32.0,85983232
2026-09-16T15:01:36.813994+00:00,kai-scheduler,kai-operator-69b5d7bcf7-czbxk,16.0,62914560
2026-09-16T15:01:36.813994+00:00,kai-scheduler,kai-scheduler-default-68ccd47c8c-997mr,21.0,90177536
2026-09-16T15:01:36.813994+00:00,kai-scheduler,pod-grouper-65456f756-n274h,1.0,9437184
2026-09-16T15:01:36.813994+00:00,kai-scheduler,podgroup-controller-68f9cc8dbf-xpkz4,1.0,13631488
2026-09-16T15:01:36.813994+00:00,kai-scheduler,queue-controller-f86fcd76c-bhc6d,1.0,11534336
2026-09-16T15:01:36.813994+00:00,kube-system,coredns-8db54c48d-h8vhc,4.0,27262976
2026-09-16T15:01:36.813994+00:00,kube-system,kwok-controller-5cf8c7c44b-mnqlx,50.0,37748736
2026-09-16T15:01:36.813994+00:00,kube-system,local-path-provisioner-5d9d9885bc-ppp5s,1.0,15728640
2026-09-16T15:01:36.813994+00:00,kube-system,metrics-server-75dc6f8d87-xxvrs,22.0,57671680
2026-09-16T15:01:36.813994+00:00,kube-system,svclb-traefik-28666cf9-lqs2s,0.0,0
2026-09-16T15:01:36.813994+00:00,kube-system,traefik-9bcdbbd9-hvhbt,32.0,44040192
2026-09-16T15:01:36.813994+00:00,pyroscope,pyroscope-0,10.0,88080384
2026-09-16T15:01:36.813994+00:00,pyroscope,pyroscope-alloy-0,18.0,143654912
2026-09-16T15:01:43.066966+00:00,grove-system,grove-operator-745f874b98-n9hq9,591.0,136314880
2026-09-16T15:01:43.066966+00:00,kai-scheduler,admission-86666f457d-jsj65,1.0,13631488
2026-09-16T15:01:43.066966+00:00,kai-scheduler,binder-869fc94c7-px6b2,32.0,85983232
2026-09-16T15:01:43.066966+00:00,kai-scheduler,kai-operator-69b5d7bcf7-czbxk,3.0,65011712
2026-09-16T15:01:43.066966+00:00,kai-scheduler,kai-scheduler-default-68ccd47c8c-997mr,52.0,111149056
2026-09-16T15:01:43.066966+00:00,kai-scheduler,pod-grouper-65456f756-n274h,1.0,9437184
2026-09-16T15:01:43.066966+00:00,kai-scheduler,podgroup-controller-68f9cc8dbf-xpkz4,1.0,13631488
2026-09-16T15:01:43.066966+00:00,kai-scheduler,queue-controller-f86fcd76c-bhc6d,1.0,11534336
2026-09-16T15:01:43.066966+00:00,kube-system,coredns-8db54c48d-h8vhc,9.0,27262976
2026-09-16T15:01:43.066966+00:00,kube-system,kwok-controller-5cf8c7c44b-mnqlx,151.0,40894464
2026-09-16T15:01:43.066966+00:00,kube-system,local-path-provisioner-5d9d9885bc-ppp5s,1.0,15728640
2026-09-16T15:01:43.066966+00:00,kube-system,metrics-server-75dc6f8d87-xxvrs,25.0,58720256
2026-09-16T15:01:43.066966+00:00,kube-system,svclb-traefik-28666cf9-lqs2s,0.0,0
2026-09-16T15:01:43.066966+00:00,kube-system,traefik-9bcdbbd9-hvhbt,15.0,42991616
2026-09-16T15:01:43.066966+00:00,pyroscope,pyroscope-0,9.0,84934656
2026-09-16T15:01:43.066966+00:00,pyroscope,pyroscope-alloy-0,70.0,150994944
2026-09-16T15:01:49.300951+00:00,grove-system,grove-operator-745f874b98-n9hq9,591.0,136314880
2026-09-16T15:01:49.300951+00:00,kai-scheduler,admission-86666f457d-jsj65,1.0,13631488
2026-09-16T15:01:49.300951+00:00,kai-scheduler,binder-869fc94c7-px6b2,32.0,85983232
2026-09-16T15:01:49.300951+00:00,kai-scheduler,kai-operator-69b5d7bcf7-czbxk,3.0,65011712
2026-09-16T15:01:49.300951+00:00,kai-scheduler,kai-scheduler-default-68ccd47c8c-997mr,52.0,111149056
2026-09-16T15:01:49.300951+00:00,kai-scheduler,pod-grouper-65456f756-n274h,1.0,9437184
2026-09-16T15:01:49.300951+00:00,kai-scheduler,podgroup-controller-68f9cc8dbf-xpkz4,1.0,13631488
2026-09-16T15:01:49.300951+00:00,kai-scheduler,queue-controller-f86fcd76c-bhc6d,1.0,11534336
2026-09-16T15:01:49.300951+00:00,kube-system,coredns-8db54c48d-h8vhc,9.0,27262976
2026-09-16T15:01:49.300951+00:00,kube-system,kwok-controller-5cf8c7c44b-mnqlx,151.0,40894464
2026-09-16T15:01:49.300951+00:00,kube-system,local-path-provisioner-5d9d9885bc-ppp5s,1.0,15728640
2026-09-16T15:01:49.300951+00:00,kube-system,metrics-server-75dc6f8d87-xxvrs,25.0,58720256
2026-09-16T15:01:49.300951+00:00,kube-system,svclb-traefik-28666cf9-lqs2s,0.0,0
2026-09-16T15:01:49.300951+00:00,kube-system,traefik-9bcdbbd9-hvhbt,15.0,42991616
2026-09-16T15:01:49.300951+00:00,pyroscope,pyroscope-0,9.0,84934656
2026-09-16T15:01:49.300951+00:00,pyroscope,pyroscope-alloy-0,70.0,150994944
2026-09-16T15:01:55.535621+00:00,grove-system,grove-operator-745f874b98-n9hq9,591.0,136314880
2026-09-16T15:01:55.535621+00:00,kai-scheduler,admission-86666f457d-jsj65,1.0,13631488
2026-09-16T15:01:55.535621+00:00,kai-scheduler,binder-869fc94c7-px6b2,32.0,85983232
2026-09-16T15:01:55.535621+00:00,kai-scheduler,kai-operator-69b5d7bcf7-czbxk,3.0,65011712
2026-09-16T15:01:55.535621+00:00,kai-scheduler,kai-scheduler-default-68ccd47c8c-997mr,52.0,111149056
2026-09-16T15:01:55.535621+00:00,kai-scheduler,pod-grouper-65456f756-n274h,1.0,9437184
2026-09-16T15:01:55.535621+00:00,kai-scheduler,podgroup-controller-68f9cc8dbf-xpkz4,1.0,13631488
2026-09-16T15:01:55.535621+00:00,kai-scheduler,queue-controller-f86fcd76c-bhc6d,1.0,11534336
2026-09-16T15:01:55.535621+00:00,kube-system,coredns-8db54c48d-h8vhc,9.0,27262976
2026-09-16T15:01:55.535621+00:00,kube-system,kwok-controller-5cf8c7c44b-mnqlx,151.0,40894464
2026-09-16T15:01:55.535621+00:00,kube-system,local-path-provisioner-5d9d9885bc-ppp5s,1.0,15728640
2026-09-16T15:01:55.535621+00:00,kube-system,metrics-server-75dc6f8d87-xxvrs,25.0,58720256
2026-09-16T15:01:55.535621+00:00,kube-system,svclb-traefik-28666cf9-lqs2s,0.0,0
2026-09-16T15:01:55.535621+00:00,kube-system,traefik-9bcdbbd9-hvhbt,15.0,42991616
2026-09-16T15:01:55.535621+00:00,pyroscope,pyroscope-0,9.0,84934656
2026-09-16T15:01:55.535621+00:00,pyroscope,pyroscope-alloy-0,70.0,150994944
2026-09-16T15:02:01.769119+00:00,grove-system,grove-operator-745f874b98-n9hq9,633.0,152043520
2026-09-16T15:02:01.769119+00:00,kai-scheduler,admission-86666f457d-jsj65,1.0,13631488
2026-09-16T15:02:01.769119+00:00,kai-scheduler,binder-869fc94c7-px6b2,58.0,113246208
2026-09-16T15:02:01.769119+00:00,kai-scheduler,kai-operator-69b5d7bcf7-czbxk,2.0,65011712
2026-09-16T15:02:01.769119+00:00,kai-scheduler,kai-scheduler-default-68ccd47c8c-997mr,72.0,127926272
2026-09-16T15:02:01.769119+00:00,kai-scheduler,pod-grouper-65456f756-n274h,1.0,9437184
2026-09-16T15:02:01.769119+00:00,kai-scheduler,podgroup-controller-68f9cc8dbf-xpkz4,1.0,13631488
2026-09-16T15:02:01.769119+00:00,kai-scheduler,queue-controller-f86fcd76c-bhc6d,1.0,11534336
2026-09-16T15:02:01.769119+00:00,kube-system,coredns-8db54c48d-h8vhc,9.0,27262976
2026-09-16T15:02:01.769119+00:00,kube-system,kwok-controller-5cf8c7c44b-mnqlx,175.0,39845888
2026-09-16T15:02:01.769119+00:00,kube-system,local-path-provisioner-5d9d9885bc-ppp5s,1.0,15728640
2026-09-16T15:02:01.769119+00:00,kube-system,metrics-server-75dc6f8d87-xxvrs,21.0,57671680
2026-09-16T15:02:01.769119+00:00,kube-system,svclb-traefik-28666cf9-lqs2s,0.0,0
2026-09-16T15:02:01.769119+00:00,kube-system,traefik-9bcdbbd9-hvhbt,17.0,44040192
2026-09-16T15:02:01.769119+00:00,pyroscope,pyroscope-0,9.0,94371840
2026-09-16T15:02:01.769119+00:00,pyroscope,pyroscope-alloy-0,83.0,163577856
2026-09-16T15:02:08.003864+00:00,grove-system,grove-operator-745f874b98-n9hq9,633.0,152043520
2026-09-16T15:02:08.003864+00:00,kai-scheduler,admission-86666f457d-jsj65,1.0,13631488
2026-09-16T15:02:08.003864+00:00,kai-scheduler,binder-869fc94c7-px6b2,58.0,113246208
2026-09-16T15:02:08.003864+00:00,kai-scheduler,kai-operator-69b5d7bcf7-czbxk,2.0,65011712
2026-09-16T15:02:08.003864+00:00,kai-scheduler,kai-scheduler-default-68ccd47c8c-997mr,72.0,127926272
2026-09-16T15:02:08.003864+00:00,kai-scheduler,pod-grouper-65456f756-n274h,1.0,9437184
2026-09-16T15:02:08.003864+00:00,kai-scheduler,podgroup-controller-68f9cc8dbf-xpkz4,1.0,13631488
2026-09-16T15:02:08.003864+00:00,kai-scheduler,queue-controller-f86fcd76c-bhc6d,1.0,11534336
2026-09-16T15:02:08.003864+00:00,kube-system,coredns-8db54c48d-h8vhc,9.0,27262976
2026-09-16T15:02:08.003864+00:00,kube-system,kwok-controller-5cf8c7c44b-mnqlx,175.0,39845888
2026-09-16T15:02:08.003864+00:00,kube-system,local-path-provisioner-5d9d9885bc-ppp5s,1.0,15728640
2026-09-16T15:02:08.003864+00:00,kube-system,metrics-server-75dc6f8d87-xxvrs,21.0,57671680
2026-09-16T15:02:08.003864+00:00,kube-system,svclb-traefik-28666cf9-lqs2s,0.0,0
2026-09-16T15:02:08.003864+00:00,kube-system,traefik-9bcdbbd9-hvhbt,17.0,44040192
2026-09-16T15:02:08.003864+00:00,pyroscope,pyroscope-0,9.0,94371840
2026-09-16T15:02:08.003864+00:00,pyroscope,pyroscope-alloy-0,83.0,163577856
2026-09-16T15:02:14.235571+00:00,grove-system,grove-operator-745f874b98-n9hq9,25.0,153092096
2026-09-16T15:02:14.235571+00:00,kai-scheduler,admission-86666f457d-jsj65,1.0,13631488
2026-09-16T15:02:14.235571+00:00,kai-scheduler,binder-869fc94c7-px6b2,11.0,120586240
2026-09-16T15:02:14.235571+00:00,kai-scheduler,kai-operator-69b5d7bcf7-czbxk,4.0,66060288
2026-09-16T15:02:14.235571+00:00,kai-scheduler,kai-scheduler-default-68ccd47c8c-997mr,17.0,145752064
2026-09-16T15:02:14.235571+00:00,kai-scheduler,pod-grouper-65456f756-n274h,1.0,9437184
2026-09-16T15:02:14.235571+00:00,kai-scheduler,podgroup-controller-68f9cc8dbf-xpkz4,1.0,13631488
2026-09-16T15:02:14.235571+00:00,kai-scheduler,queue-controller-f86fcd76c-bhc6d,1.0,11534336
2026-09-16T15:02:14.235571+00:00,kube-system,coredns-8db54c48d-h8vhc,3.0,27262976
2026-09-16T15:02:14.235571+00:00,kube-system,kwok-controller-5cf8c7c44b-mnqlx,7.0,38797312
2026-09-16T15:02:14.235571+00:00,kube-system,local-path-provisioner-5d9d9885bc-ppp5s,1.0,15728640
2026-09-16T15:02:14.235571+00:00,kube-system,metrics-server-75dc6f8d87-xxvrs,6.0,57671680
2026-09-16T15:02:14.235571+00:00,kube-system,svclb-traefik-28666cf9-lqs2s,0.0,0
2026-09-16T15:02:14.235571+00:00,kube-system,traefik-9bcdbbd9-hvhbt,4.0,46137344
2026-09-16T15:02:14.235571+00:00,pyroscope,pyroscope-0,6.0,82837504
2026-09-16T15:02:14.235571+00:00,pyroscope,pyroscope-alloy-0,17.0,169869312
2026-09-16T15:02:20.467498+00:00,grove-system,grove-operator-745f874b98-n9hq9,25.0,153092096
2026-09-16T15:02:20.467498+00:00,kai-scheduler,admission-86666f457d-jsj65,1.0,13631488
2026-09-16T15:02:20.467498+00:00,kai-scheduler,binder-869fc94c7-px6b2,11.0,120586240
2026-09-16T15:02:20.467498+00:00,kai-scheduler,kai-operator-69b5d7bcf7-czbxk,4.0,66060288
2026-09-16T15:02:20.467498+00:00,kai-scheduler,kai-scheduler-default-68ccd47c8c-997mr,17.0,145752064
2026-09-16T15:02:20.467498+00:00,kai-scheduler,pod-grouper-65456f756-n274h,1.0,9437184
2026-09-16T15:02:20.467498+00:00,kai-scheduler,podgroup-controller-68f9cc8dbf-xpkz4,1.0,13631488
2026-09-16T15:02:20.467498+00:00,kai-scheduler,queue-controller-f86fcd76c-bhc6d,1.0,11534336
2026-09-16T15:02:20.467498+00:00,kube-system,coredns-8db54c48d-h8vhc,3.0,27262976
2026-09-16T15:02:20.467498+00:00,kube-system,kwok-controller-5cf8c7c44b-mnqlx,7.0,38797312
2026-09-16T15:02:20.467498+00:00,kube-system,local-path-provisioner-5d9d9885bc-ppp5s,1.0,15728640
2026-09-16T15:02:20.467498+00:00,kube-system,metrics-server-75dc6f8d87-xxvrs,6.0,57671680
2026-09-16T15:02:20.467498+00:00,kube-system,svclb-traefik-28666cf9-lqs2s,0.0,0
2026-09-16T15:02:20.467498+00:00,kube-system,traefik-9bcdbbd9-hvhbt,4.0,46137344
2026-09-16T15:02:20.467498+00:00,pyroscope,pyroscope-0,6.0,82837504
2026-09-16T15:02:20.467498+00:00,pyroscope,pyroscope-alloy-0,17.0,169869312
2026-09-16T15:02:26.711287+00:00,grove-system,grove-operator-745f874b98-n9hq9,39.0,152043520
2026-09-16T15:02:26.711287+00:00,kai-scheduler,admission-86666f457d-jsj65,1.0,13631488
2026-09-16T15:02:26.711287+00:00,kai-scheduler,binder-869fc94c7-px6b2,5.0,122683392
2026-09-16T15:02:26.711287+00:00,kai-scheduler,kai-operator-69b5d7bcf7-czbxk,4.0,66060288
2026-09-16T15:02:26.711287+00:00,kai-scheduler,kai-scheduler-default-68ccd47c8c-997mr,20.0,152043520
2026-09-16T15:02:26.711287+00:00,kai-scheduler,pod-grouper-65456f756-n274h,1.0,9437184
2026-09-16T15:02:26.711287+00:00,kai-scheduler,podgroup-controller-68f9cc8dbf-xpkz4,1.0,13631488
2026-09-16T15:02:26.711287+00:00,kai-scheduler,queue-controller-f86fcd76c-bhc6d,1.0,11534336
2026-09-16T15:02:26.711287+00:00,kube-system,coredns-8db54c48d-h8vhc,3.0,28311552
2026-09-16T15:02:26.711287+00:00,kube-system,kwok-controller-5cf8c7c44b-mnqlx,25.0,38797312
2026-09-16T15:02:26.711287+00:00,kube-system,local-path-provisioner-5d9d9885bc-ppp5s,1.0,15728640
2026-09-16T15:02:26.711287+00:00,kube-system,metrics-server-75dc6f8d87-xxvrs,9.0,61865984
2026-09-16T15:02:26.711287+00:00,kube-system,svclb-traefik-28666cf9-lqs2s,0.0,0
2026-09-16T15:02:26.711287+00:00,kube-system,traefik-9bcdbbd9-hvhbt,5.0,46137344
2026-09-16T15:02:26.711287+00:00,pyroscope,pyroscope-0,6.0,82837504
2026-09-16T15:02:26.711287+00:00,pyroscope,pyroscope-alloy-0,26.0,179306496
2026-09-16T15:02:32.948915+00:00,grove-system,grove-operator-745f874b98-n9hq9,39.0,152043520
2026-09-16T15:02:32.948915+00:00,kai-scheduler,admission-86666f457d-jsj65,1.0,13631488
2026-09-16T15:02:32.948915+00:00,kai-scheduler,binder-869fc94c7-px6b2,5.0,122683392
2026-09-16T15:02:32.948915+00:00,kai-scheduler,kai-operator-69b5d7bcf7-czbxk,4.0,66060288
2026-09-16T15:02:32.948915+00:00,kai-scheduler,kai-scheduler-default-68ccd47c8c-997mr,20.0,152043520
2026-09-16T15:02:32.948915+00:00,kai-scheduler,pod-grouper-65456f756-n274h,1.0,9437184
2026-09-16T15:02:32.948915+00:00,kai-scheduler,podgroup-controller-68f9cc8dbf-xpkz4,1.0,13631488
2026-09-16T15:02:32.948915+00:00,kai-scheduler,queue-controller-f86fcd76c-bhc6d,1.0,11534336
2026-09-16T15:02:32.948915+00:00,kube-system,coredns-8db54c48d-h8vhc,3.0,28311552
2026-09-16T15:02:32.948915+00:00,kube-system,kwok-controller-5cf8c7c44b-mnqlx,25.0,38797312
2026-09-16T15:02:32.948915+00:00,kube-system,local-path-provisioner-5d9d9885bc-ppp5s,1.0,15728640
2026-09-16T15:02:32.948915+00:00,kube-system,metrics-server-75dc6f8d87-xxvrs,9.0,61865984
2026-09-16T15:02:32.948915+00:00,kube-system,svclb-traefik-28666cf9-lqs2s,0.0,0
2026-09-16T15:02:32.948915+00:00,kube-system,traefik-9bcdbbd9-hvhbt,5.0,46137344
2026-09-16T15:02:32.948915+00:00,pyroscope,pyroscope-0,6.0,82837504
2026-09-16T15:02:32.948915+00:00,pyroscope,pyroscope-alloy-0,26.0,179306496
2026-09-16T15:02:39.184675+00:00,grove-system,grove-operator-745f874b98-n9hq9,39.0,152043520
2026-09-16T15:02:39.184675+00:00,kai-scheduler,admission-86666f457d-jsj65,1.0,13631488
2026-09-16T15:02:39.184675+00:00,kai-scheduler,binder-869fc94c7-px6b2,5.0,122683392
2026-09-16T15:02:39.184675+00:00,kai-scheduler,kai-operator-69b5d7bcf7-czbxk,4.0,66060288
2026-09-16T15:02:39.184675+00:00,kai-scheduler,kai-scheduler-default-68ccd47c8c-997mr,20.0,152043520
2026-09-16T15:02:39.184675+00:00,kai-scheduler,pod-grouper-65456f756-n274h,1.0,9437184
2026-09-16T15:02:39.184675+00:00,kai-scheduler,podgroup-controller-68f9cc8dbf-xpkz4,1.0,13631488
2026-09-16T15:02:39.184675+00:00,kai-scheduler,queue-controller-f86fcd76c-bhc6d,1.0,11534336
2026-09-16T15:02:39.184675+00:00,kube-system,coredns-8db54c48d-h8vhc,3.0,28311552
2026-09-16T15:02:39.184675+00:00,kube-system,kwok-controller-5cf8c7c44b-mnqlx,25.0,38797312
2026-09-16T15:02:39.184675+00:00,kube-system,local-path-provisioner-5d9d9885bc-ppp5s,1.0,15728640
2026-09-16T15:02:39.184675+00:00,kube-system,metrics-server-75dc6f8d87-xxvrs,9.0,61865984
2026-09-16T15:02:39.184675+00:00,kube-system,svclb-traefik-28666cf9-lqs2s,0.0,0
2026-09-16T15:02:39.184675+00:00,kube-system,traefik-9bcdbbd9-hvhbt,5.0,46137344
2026-09-16T15:02:39.184675+00:00,pyroscope,pyroscope-0,6.0,82837504
2026-09-16T15:02:39.184675+00:00,pyroscope,pyroscope-alloy-0,26.0,179306496
2026-09-16T15:02:45.420883+00:00,grove-system,grove-operator-745f874b98-n9hq9,47.0,147849216
2026-09-16T15:02:45.420883+00:00,kai-scheduler,admission-86666f457d-jsj65,1.0,13631488
2026-09-16T15:02:45.420883+00:00,kai-scheduler,binder-869fc94c7-px6b2,28.0,127926272
2026-09-16T15:02:45.420883+00:00,kai-scheduler,kai-operator-69b5d7bcf7-czbxk,1.0,65011712
2026-09-16T15:02:45.420883+00:00,kai-scheduler,kai-scheduler-default-68ccd47c8c-997mr,41.0,133169152
2026-09-16T15:02:45.420883+00:00,kai-scheduler,pod-grouper-65456f756-n274h,1.0,9437184
2026-09-16T15:02:45.420883+00:00,kai-scheduler,podgroup-controller-68f9cc8dbf-xpkz4,1.0,13631488
2026-09-16T15:02:45.420883+00:00,kai-scheduler,queue-controller-f86fcd76c-bhc6d,1.0,11534336
2026-09-16T15:02:45.420883+00:00,kube-system,coredns-8db54c48d-h8vhc,3.0,26214400
2026-09-16T15:02:45.420883+00:00,kube-system,kwok-controller-5cf8c7c44b-mnqlx,84.0,40894464
2026-09-16T15:02:45.420883+00:00,kube-system,local-path-provisioner-5d9d9885bc-ppp5s,1.0,15728640
2026-09-16T15:02:45.420883+00:00,kube-system,metrics-server-75dc6f8d87-xxvrs,9.0,61865984
2026-09-16T15:02:45.420883+00:00,kube-system,svclb-traefik-28666cf9-lqs2s,0.0,0
2026-09-16T15:02:45.420883+00:00,kube-system,traefik-9bcdbbd9-hvhbt,3.0,44040192
2026-09-16T15:02:45.420883+00:00,pyroscope,pyroscope-0,5.0,82837504
2026-09-16T15:02:45.420883+00:00,pyroscope,pyroscope-alloy-0,26.0,179306496
2026-09-16T15:02:51.661120+00:00,grove-system,grove-operator-745f874b98-n9hq9,47.0,147849216
2026-09-16T15:02:51.661120+00:00,kai-scheduler,admission-86666f457d-jsj65,1.0,13631488
2026-09-16T15:02:51.661120+00:00,kai-scheduler,binder-869fc94c7-px6b2,28.0,127926272
2026-09-16T15:02:51.661120+00:00,kai-scheduler,kai-operator-69b5d7bcf7-czbxk,1.0,65011712
2026-09-16T15:02:51.661120+00:00,kai-scheduler,kai-scheduler-default-68ccd47c8c-997mr,41.0,133169152
2026-09-16T15:02:51.661120+00:00,kai-scheduler,pod-grouper-65456f756-n274h,1.0,9437184
2026-09-16T15:02:51.661120+00:00,kai-scheduler,podgroup-controller-68f9cc8dbf-xpkz4,1.0,13631488
2026-09-16T15:02:51.661120+00:00,kai-scheduler,queue-controller-f86fcd76c-bhc6d,1.0,11534336
2026-09-16T15:02:51.661120+00:00,kube-system,coredns-8db54c48d-h8vhc,3.0,26214400
2026-09-16T15:02:51.661120+00:00,kube-system,kwok-controller-5cf8c7c44b-mnqlx,84.0,40894464
2026-09-16T15:02:51.661120+00:00,kube-system,local-path-provisioner-5d9d9885bc-ppp5s,1.0,15728640
2026-09-16T15:02:51.661120+00:00,kube-system,metrics-server-75dc6f8d87-xxvrs,9.0,61865984
2026-09-16T15:02:51.661120+00:00,kube-system,svclb-traefik-28666cf9-lqs2s,0.0,0
2026-09-16T15:02:51.661120+00:00,kube-system,traefik-9bcdbbd9-hvhbt,3.0,44040192
2026-09-16T15:02:51.661120+00:00,pyroscope,pyroscope-0,5.0,82837504
2026-09-16T15:02:51.661120+00:00,pyroscope,pyroscope-alloy-0,26.0,179306496
2026-09-16T15:02:57.900427+00:00,grove-system,grove-operator-745f874b98-n9hq9,42.0,149946368
2026-09-16T15:02:57.900427+00:00,kai-scheduler,admission-86666f457d-jsj65,1.0,13631488
2026-09-16T15:02:57.900427+00:00,kai-scheduler,binder-869fc94c7-px6b2,50.0,112197632
2026-09-16T15:02:57.900427+00:00,kai-scheduler,kai-operator-69b5d7bcf7-czbxk,1.0,65011712
2026-09-16T15:02:57.900427+00:00,kai-scheduler,kai-scheduler-default-68ccd47c8c-997mr,41.0,125829120
2026-09-16T15:02:57.900427+00:00,kai-scheduler,pod-grouper-65456f756-n274h,1.0,9437184
2026-09-16T15:02:57.900427+00:00,kai-scheduler,podgroup-controller-68f9cc8dbf-xpkz4,1.0,13631488
2026-09-16T15:02:57.900427+00:00,kai-scheduler,queue-controller-f86fcd76c-bhc6d,1.0,11534336
2026-09-16T15:02:57.900427+00:00,kube-system,coredns-8db54c48d-h8vhc,2.0,26214400
2026-09-16T15:02:57.900427+00:00,kube-system,kwok-controller-5cf8c7c44b-mnqlx,90.0,39845888
2026-09-16T15:02:57.900427+00:00,kube-system,local-path-provisioner-5d9d9885bc-ppp5s,1.0,15728640
2026-09-16T15:02:57.900427+00:00,kube-system,metrics-server-75dc6f8d87-xxvrs,32.0,63963136
2026-09-16T15:02:57.900427+00:00,kube-system,svclb-traefik-28666cf9-lqs2s,0.0,0
2026-09-16T15:02:57.900427+00:00,kube-system,traefik-9bcdbbd9-hvhbt,1.0,44040192
2026-09-16T15:02:57.900427+00:00,pyroscope,pyroscope-0,6.0,82837504
2026-09-16T15:02:57.900427+00:00,pyroscope,pyroscope-alloy-0,52.0,167772160
2026-09-16T15:03:04.135083+00:00,grove-system,grove-operator-745f874b98-n9hq9,42.0,149946368
2026-09-16T15:03:04.135083+00:00,kai-scheduler,admission-86666f457d-jsj65,1.0,13631488
2026-09-16T15:03:04.135083+00:00,kai-scheduler,binder-869fc94c7-px6b2,50.0,112197632
2026-09-16T15:03:04.135083+00:00,kai-scheduler,kai-operator-69b5d7bcf7-czbxk,1.0,65011712
2026-09-16T15:03:04.135083+00:00,kai-scheduler,kai-scheduler-default-68ccd47c8c-997mr,41.0,125829120
2026-09-16T15:03:04.135083+00:00,kai-scheduler,pod-grouper-65456f756-n274h,1.0,9437184
2026-09-16T15:03:04.135083+00:00,kai-scheduler,podgroup-controller-68f9cc8dbf-xpkz4,1.0,13631488
2026-09-16T15:03:04.135083+00:00,kai-scheduler,queue-controller-f86fcd76c-bhc6d,1.0,11534336
2026-09-16T15:03:04.135083+00:00,kube-system,coredns-8db54c48d-h8vhc,2.0,26214400
2026-09-16T15:03:04.135083+00:00,kube-system,kwok-controller-5cf8c7c44b-mnqlx,90.0,39845888
2026-09-16T15:03:04.135083+00:00,kube-system,local-path-provisioner-5d9d9885bc-ppp5s,1.0,15728640
2026-09-16T15:03:04.135083+00:00,kube-system,metrics-server-75dc6f8d87-xxvrs,32.0,63963136
2026-09-16T15:03:04.135083+00:00,kube-system,svclb-traefik-28666cf9-lqs2s,0.0,0
2026-09-16T15:03:04.135083+00:00,kube-system,traefik-9bcdbbd9-hvhbt,1.0,44040192
2026-09-16T15:03:04.135083+00:00,pyroscope,pyroscope-0,6.0,82837504
2026-09-16T15:03:04.135083+00:00,pyroscope,pyroscope-alloy-0,52.0,167772160
2026-09-16T15:03:10.369100+00:00,grove-system,grove-operator-745f874b98-n9hq9,42.0,149946368
2026-09-16T15:03:10.369100+00:00,kai-scheduler,admission-86666f457d-jsj65,1.0,13631488
2026-09-16T15:03:10.369100+00:00,kai-scheduler,binder-869fc94c7-px6b2,50.0,112197632
2026-09-16T15:03:10.369100+00:00,kai-scheduler,kai-operator-69b5d7bcf7-czbxk,1.0,65011712
2026-09-16T15:03:10.369100+00:00,kai-scheduler,kai-scheduler-default-68ccd47c8c-997mr,41.0,125829120
2026-09-16T15:03:10.369100+00:00,kai-scheduler,pod-grouper-65456f756-n274h,1.0,9437184
2026-09-16T15:03:10.369100+00:00,kai-scheduler,podgroup-controller-68f9cc8dbf-xpkz4,1.0,13631488
2026-09-16T15:03:10.369100+00:00,kai-scheduler,queue-controller-f86fcd76c-bhc6d,1.0,11534336
2026-09-16T15:03:10.369100+00:00,kube-system,coredns-8db54c48d-h8vhc,2.0,26214400
2026-09-16T15:03:10.369100+00:00,kube-system,kwok-controller-5cf8c7c44b-mnqlx,90.0,39845888
2026-09-16T15:03:10.369100+00:00,kube-system,local-path-provisioner-5d9d9885bc-ppp5s,1.0,15728640
2026-09-16T15:03:10.369100+00:00,kube-system,metrics-server-75dc6f8d87-xxvrs,32.0,63963136
2026-09-16T15:03:10.369100+00:00,kube-system,svclb-traefik-28666cf9-lqs2s,0.0,0
2026-09-16T15:03:10.369100+00:00,kube-system,traefik-9bcdbbd9-hvhbt,1.0,44040192
2026-09-16T15:03:10.369100+00:00,pyroscope,pyroscope-0,6.0,82837504
2026-09-16T15:03:10.369100+00:00,pyroscope,pyroscope-alloy-0,52.0,167772160
2026-09-16T15:03:16.604507+00:00,grove-system,grove-operator-745f874b98-n9hq9,42.0,143654912
2026-09-16T15:03:16.604507+00:00,kai-scheduler,admission-86666f457d-jsj65,1.0,13631488
2026-09-16T15:03:16.604507+00:00,kai-scheduler,binder-869fc94c7-px6b2,50.0,102760448
2026-09-16T15:03:16.604507+00:00,kai-scheduler,kai-operator-69b5d7bcf7-czbxk,1.0,65011712
2026-09-16T15:03:16.604507+00:00,kai-scheduler,kai-scheduler-default-68ccd47c8c-997mr,37.0,124780544
2026-09-16T15:03:16.604507+00:00,kai-scheduler,pod-grouper-65456f756-n274h,1.0,9437184
2026-09-16T15:03:16.604507+00:00,kai-scheduler,podgroup-controller-68f9cc8dbf-xpkz4,1.0,13631488
2026-09-16T15:03:16.604507+00:00,kai-scheduler,queue-controller-f86fcd76c-bhc6d,1.0,11534336
2026-09-16T15:03:16.604507+00:00,kube-system,coredns-8db54c48d-h8vhc,2.0,27262976
2026-09-16T15:03:16.604507+00:00,kube-system,kwok-controller-5cf8c7c44b-mnqlx,90.0,40894464
2026-09-16T15:03:16.604507+00:00,kube-system,local-path-provisioner-5d9d9885bc-ppp5s,1.0,15728640
2026-09-16T15:03:16.604507+00:00,kube-system,metrics-server-75dc6f8d87-xxvrs,31.0,65011712
2026-09-16T15:03:16.604507+00:00,kube-system,svclb-traefik-28666cf9-lqs2s,0.0,0
2026-09-16T15:03:16.604507+00:00,kube-system,traefik-9bcdbbd9-hvhbt,1.0,44040192
2026-09-16T15:03:16.604507+00:00,pyroscope,pyroscope-0,5.0,82837504
2026-09-16T15:03:16.604507+00:00,pyroscope,pyroscope-alloy-0,46.0,159383552
2026-09-16T15:03:22.857675+00:00,grove-system,grove-operator-745f874b98-n9hq9,42.0,143654912
2026-09-16T15:03:22.857675+00:00,kai-scheduler,admission-86666f457d-jsj65,1.0,13631488
2026-09-16T15:03:22.857675+00:00,kai-scheduler,binder-869fc94c7-px6b2,50.0,102760448
2026-09-16T15:03:22.857675+00:00,kai-scheduler,kai-operator-69b5d7bcf7-czbxk,1.0,65011712
2026-09-16T15:03:22.857675+00:00,kai-scheduler,kai-scheduler-default-68ccd47c8c-997mr,37.0,124780544
2026-09-16T15:03:22.857675+00:00,kai-scheduler,pod-grouper-65456f756-n274h,1.0,9437184
2026-09-16T15:03:22.857675+00:00,kai-scheduler,podgroup-controller-68f9cc8dbf-xpkz4,1.0,13631488
2026-09-16T15:03:22.857675+00:00,kai-scheduler,queue-controller-f86fcd76c-bhc6d,1.0,11534336
2026-09-16T15:03:22.857675+00:00,kube-system,coredns-8db54c48d-h8vhc,2.0,27262976
2026-09-16T15:03:22.857675+00:00,kube-system,kwok-controller-5cf8c7c44b-mnqlx,90.0,40894464
2026-09-16T15:03:22.857675+00:00,kube-system,local-path-provisioner-5d9d9885bc-ppp5s,1.0,15728640
2026-09-16T15:03:22.857675+00:00,kube-system,metrics-server-75dc6f8d87-xxvrs,31.0,65011712
2026-09-16T15:03:22.857675+00:00,kube-system,svclb-traefik-28666cf9-lqs2s,0.0,0
2026-09-16T15:03:22.857675+00:00,kube-system,traefik-9bcdbbd9-hvhbt,1.0,44040192
2026-09-16T15:03:22.857675+00:00,pyroscope,pyroscope-0,5.0,82837504
2026-09-16T15:03:22.857675+00:00,pyroscope,pyroscope-alloy-0,46.0,159383552
2026-09-16T15:03:29.097384+00:00,grove-system,grove-operator-745f874b98-n9hq9,44.0,131072000
2026-09-16T15:03:29.097384+00:00,kai-scheduler,admission-86666f457d-jsj65,1.0,13631488
2026-09-16T15:03:29.097384+00:00,kai-scheduler,binder-869fc94c7-px6b2,44.0,75497472
2026-09-16T15:03:29.097384+00:00,kai-scheduler,kai-operator-69b5d7bcf7-czbxk,16.0,67108864
2026-09-16T15:03:29.097384+00:00,kai-scheduler,kai-scheduler-default-68ccd47c8c-997mr,37.0,92274688
2026-09-16T15:03:29.097384+00:00,kai-scheduler,pod-grouper-65456f756-n274h,1.0,9437184
2026-09-16T15:03:29.097384+00:00,kai-scheduler,podgroup-controller-68f9cc8dbf-xpkz4,1.0,13631488
2026-09-16T15:03:29.097384+00:00,kai-scheduler,queue-controller-f86fcd76c-bhc6d,1.0,11534336
2026-09-16T15:03:29.097384+00:00,kube-system,coredns-8db54c48d-h8vhc,4.0,28311552
2026-09-16T15:03:29.097384+00:00,kube-system,kwok-controller-5cf8c7c44b-mnqlx,56.0,39845888
2026-09-16T15:03:29.097384+00:00,kube-system,local-path-provisioner-5d9d9885bc-ppp5s,1.0,15728640
2026-09-16T15:03:29.097384+00:00,kube-system,metrics-server-75dc6f8d87-xxvrs,26.0,60817408
2026-09-16T15:03:29.097384+00:00,kube-system,svclb-traefik-28666cf9-lqs2s,0.0,0
2026-09-16T15:03:29.097384+00:00,kube-system,traefik-9bcdbbd9-hvhbt,26.0,45088768
2026-09-16T15:03:29.097384+00:00,pyroscope,pyroscope-0,9.0,90177536
2026-09-16T15:03:29.097384+00:00,pyroscope,pyroscope-alloy-0,42.0,159383552
2026-09-16T15:03:35.329465+00:00,grove-system,grove-operator-745f874b98-n9hq9,44.0,131072000
2026-09-16T15:03:35.329465+00:00,kai-scheduler,admission-86666f457d-jsj65,1.0,13631488
2026-09-16T15:03:35.329465+00:00,kai-scheduler,binder-869fc94c7-px6b2,44.0,75497472
2026-09-16T15:03:35.329465+00:00,kai-scheduler,kai-operator-69b5d7bcf7-czbxk,16.0,67108864
2026-09-16T15:03:35.329465+00:00,kai-scheduler,kai-scheduler-default-68ccd47c8c-997mr,37.0,92274688
2026-09-16T15:03:35.329465+00:00,kai-scheduler,pod-grouper-65456f756-n274h,1.0,9437184
2026-09-16T15:03:35.329465+00:00,kai-scheduler,podgroup-controller-68f9cc8dbf-xpkz4,1.0,13631488
2026-09-16T15:03:35.329465+00:00,kai-scheduler,queue-controller-f86fcd76c-bhc6d,1.0,11534336
2026-09-16T15:03:35.329465+00:00,kube-system,coredns-8db54c48d-h8vhc,4.0,28311552
2026-09-16T15:03:35.329465+00:00,kube-system,kwok-controller-5cf8c7c44b-mnqlx,56.0,39845888
2026-09-16T15:03:35.329465+00:00,kube-system,local-path-provisioner-5d9d9885bc-ppp5s,1.0,15728640
2026-09-16T15:03:35.329465+00:00,kube-system,metrics-server-75dc6f8d87-xxvrs,26.0,60817408
2026-09-16T15:03:35.329465+00:00,kube-system,svclb-traefik-28666cf9-lqs2s,0.0,0
2026-09-16T15:03:35.329465+00:00,kube-system,traefik-9bcdbbd9-hvhbt,26.0,45088768
2026-09-16T15:03:35.329465+00:00,pyroscope,pyroscope-0,9.0,90177536
2026-09-16T15:03:35.329465+00:00,pyroscope,pyroscope-alloy-0,42.0,159383552
2026-09-16T15:03:41.588794+00:00,grove-system,grove-operator-745f874b98-n9hq9,375.0,139460608
2026-09-16T15:03:41.588794+00:00,kai-scheduler,admission-86666f457d-jsj65,1.0,13631488
2026-09-16T15:03:41.588794+00:00,kai-scheduler,binder-869fc94c7-px6b2,49.0,94371840
2026-09-16T15:03:41.588794+00:00,kai-scheduler,kai-operator-69b5d7bcf7-czbxk,3.0,67108864
2026-09-16T15:03:41.588794+00:00,kai-scheduler,kai-scheduler-default-68ccd47c8c-997mr,46.0,91226112
2026-09-16T15:03:41.588794+00:00,kai-scheduler,pod-grouper-65456f756-n274h,1.0,9437184
2026-09-16T15:03:41.588794+00:00,kai-scheduler,podgroup-controller-68f9cc8dbf-xpkz4,1.0,13631488
2026-09-16T15:03:41.588794+00:00,kai-scheduler,queue-controller-f86fcd76c-bhc6d,1.0,11534336
2026-09-16T15:03:41.588794+00:00,kube-system,coredns-8db54c48d-h8vhc,10.0,27262976
2026-09-16T15:03:41.588794+00:00,kube-system,kwok-controller-5cf8c7c44b-mnqlx,158.0,38797312
2026-09-16T15:03:41.588794+00:00,kube-system,local-path-provisioner-5d9d9885bc-ppp5s,1.0,15728640
2026-09-16T15:03:41.588794+00:00,kube-system,metrics-server-75dc6f8d87-xxvrs,19.0,60817408
2026-09-16T15:03:41.588794+00:00,kube-system,svclb-traefik-28666cf9-lqs2s,0.0,0
2026-09-16T15:03:41.588794+00:00,kube-system,traefik-9bcdbbd9-hvhbt,26.0,45088768
2026-09-16T15:03:41.588794+00:00,pyroscope,pyroscope-0,9.0,95420416
2026-09-16T15:03:41.588794+00:00,pyroscope,pyroscope-alloy-0,56.0,148897792
2026-09-16T15:03:47.819715+00:00,grove-system,grove-operator-745f874b98-n9hq9,375.0,139460608
2026-09-16T15:03:47.819715+00:00,kai-scheduler,admission-86666f457d-jsj65,1.0,13631488
2026-09-16T15:03:47.819715+00:00,kai-scheduler,binder-869fc94c7-px6b2,49.0,94371840
2026-09-16T15:03:47.819715+00:00,kai-scheduler,kai-operator-69b5d7bcf7-czbxk,3.0,67108864
2026-09-16T15:03:47.819715+00:00,kai-scheduler,kai-scheduler-default-68ccd47c8c-997mr,46.0,91226112
2026-09-16T15:03:47.819715+00:00,kai-scheduler,pod-grouper-65456f756-n274h,1.0,9437184
2026-09-16T15:03:47.819715+00:00,kai-scheduler,podgroup-controller-68f9cc8dbf-xpkz4,1.0,13631488
2026-09-16T15:03:47.819715+00:00,kai-scheduler,queue-controller-f86fcd76c-bhc6d,1.0,11534336
2026-09-16T15:03:47.819715+00:00,kube-system,coredns-8db54c48d-h8vhc,10.0,27262976
2026-09-16T15:03:47.819715+00:00,kube-system,kwok-controller-5cf8c7c44b-mnqlx,158.0,38797312
2026-09-16T15:03:47.819715+00:00,kube-system,local-path-provisioner-5d9d9885bc-ppp5s,1.0,15728640
2026-09-16T15:03:47.819715+00:00,kube-system,metrics-server-75dc6f8d87-xxvrs,19.0,60817408
2026-09-16T15:03:47.819715+00:00,kube-system,svclb-traefik-28666cf9-lqs2s,0.0,0
2026-09-16T15:03:47.819715+00:00,kube-system,traefik-9bcdbbd9-hvhbt,26.0,45088768
2026-09-16T15:03:47.819715+00:00,pyroscope,pyroscope-0,9.0,95420416
2026-09-16T15:03:47.819715+00:00,pyroscope,pyroscope-alloy-0,56.0,148897792
2026-09-16T15:03:54.053694+00:00,grove-system,grove-operator-745f874b98-n9hq9,375.0,139460608
2026-09-16T15:03:54.053694+00:00,kai-scheduler,admission-86666f457d-jsj65,1.0,13631488
2026-09-16T15:03:54.053694+00:00,kai-scheduler,binder-869fc94c7-px6b2,49.0,94371840
2026-09-16T15:03:54.053694+00:00,kai-scheduler,kai-operator-69b5d7bcf7-czbxk,3.0,67108864
2026-09-16T15:03:54.053694+00:00,kai-scheduler,kai-scheduler-default-68ccd47c8c-997mr,46.0,91226112
2026-09-16T15:03:54.053694+00:00,kai-scheduler,pod-grouper-65456f756-n274h,1.0,9437184
2026-09-16T15:03:54.053694+00:00,kai-scheduler,podgroup-controller-68f9cc8dbf-xpkz4,1.0,13631488
2026-09-16T15:03:54.053694+00:00,kai-scheduler,queue-controller-f86fcd76c-bhc6d,1.0,11534336
2026-09-16T15:03:54.053694+00:00,kube-system,coredns-8db54c48d-h8vhc,10.0,27262976
2026-09-16T15:03:54.053694+00:00,kube-system,kwok-controller-5cf8c7c44b-mnqlx,158.0,38797312
2026-09-16T15:03:54.053694+00:00,kube-system,local-path-provisioner-5d9d9885bc-ppp5s,1.0,15728640
2026-09-16T15:03:54.053694+00:00,kube-system,metrics-server-75dc6f8d87-xxvrs,19.0,60817408
2026-09-16T15:03:54.053694+00:00,kube-system,svclb-traefik-28666cf9-lqs2s,0.0,0
2026-09-16T15:03:54.053694+00:00,kube-system,traefik-9bcdbbd9-hvhbt,26.0,45088768
2026-09-16T15:03:54.053694+00:00,pyroscope,pyroscope-0,9.0,95420416
2026-09-16T15:03:54.053694+00:00,pyroscope,pyroscope-alloy-0,56.0,148897792
2026-09-16T15:04:00.288077+00:00,grove-system,grove-operator-745f874b98-n9hq9,375.0,139460608
2026-09-16T15:04:00.288077+00:00,kai-scheduler,admission-86666f457d-jsj65,1.0,13631488
2026-09-16T15:04:00.288077+00:00,kai-scheduler,binder-869fc94c7-px6b2,49.0,94371840
2026-09-16T15:04:00.288077+00:00,kai-scheduler,kai-operator-69b5d7bcf7-czbxk,1.0,65011712
2026-09-16T15:04:00.288077+00:00,kai-scheduler,kai-scheduler-default-68ccd47c8c-997mr,58.0,122683392
2026-09-16T15:04:00.288077+00:00,kai-scheduler,pod-grouper-65456f756-n274h,1.0,9437184
2026-09-16T15:04:00.288077+00:00,kai-scheduler,podgroup-controller-68f9cc8dbf-xpkz4,1.0,13631488
2026-09-16T15:04:00.288077+00:00,kai-scheduler,queue-controller-f86fcd76c-bhc6d,1.0,11534336
2026-09-16T15:04:00.288077+00:00,kube-system,coredns-8db54c48d-h8vhc,10.0,27262976
2026-09-16T15:04:00.288077+00:00,kube-system,kwok-controller-5cf8c7c44b-mnqlx,183.0,41943040
2026-09-16T15:04:00.288077+00:00,kube-system,local-path-provisioner-5d9d9885bc-ppp5s,1.0,15728640
2026-09-16T15:04:00.288077+00:00,kube-system,metrics-server-75dc6f8d87-xxvrs,23.0,58720256
2026-09-16T15:04:00.288077+00:00,kube-system,svclb-traefik-28666cf9-lqs2s,0.0,0
2026-09-16T15:04:00.288077+00:00,kube-system,traefik-9bcdbbd9-hvhbt,17.0,44040192
2026-09-16T15:04:00.288077+00:00,pyroscope,pyroscope-0,8.0,92274688
2026-09-16T15:04:00.288077+00:00,pyroscope,pyroscope-alloy-0,51.0,158334976
2026-09-16T15:04:06.520335+00:00,grove-system,grove-operator-745f874b98-n9hq9,375.0,139460608
2026-09-16T15:04:06.520335+00:00,kai-scheduler,admission-86666f457d-jsj65,1.0,13631488
2026-09-16T15:04:06.520335+00:00,kai-scheduler,binder-869fc94c7-px6b2,49.0,94371840
2026-09-16T15:04:06.520335+00:00,kai-scheduler,kai-operator-69b5d7bcf7-czbxk,1.0,65011712
2026-09-16T15:04:06.520335+00:00,kai-scheduler,kai-scheduler-default-68ccd47c8c-997mr,58.0,122683392
2026-09-16T15:04:06.520335+00:00,kai-scheduler,pod-grouper-65456f756-n274h,1.0,9437184
2026-09-16T15:04:06.520335+00:00,kai-scheduler,podgroup-controller-68f9cc8dbf-xpkz4,1.0,13631488
2026-09-16T15:04:06.520335+00:00,kai-scheduler,queue-controller-f86fcd76c-bhc6d,1.0,11534336
2026-09-16T15:04:06.520335+00:00,kube-system,coredns-8db54c48d-h8vhc,10.0,27262976
2026-09-16T15:04:06.520335+00:00,kube-system,kwok-controller-5cf8c7c44b-mnqlx,183.0,41943040
2026-09-16T15:04:06.520335+00:00,kube-system,local-path-provisioner-5d9d9885bc-ppp5s,1.0,15728640
2026-09-16T15:04:06.520335+00:00,kube-system,metrics-server-75dc6f8d87-xxvrs,23.0,58720256
2026-09-16T15:04:06.520335+00:00,kube-system,svclb-traefik-28666cf9-lqs2s,0.0,0
2026-09-16T15:04:06.520335+00:00,kube-system,traefik-9bcdbbd9-hvhbt,17.0,44040192
2026-09-16T15:04:06.520335+00:00,pyroscope,pyroscope-0,8.0,92274688
2026-09-16T15:04:06.520335+00:00,pyroscope,pyroscope-alloy-0,51.0,158334976
2026-09-16T15:04:12.757258+00:00,grove-system,grove-operator-745f874b98-n9hq9,563.0,157286400
2026-09-16T15:04:12.757258+00:00,kai-scheduler,admission-86666f457d-jsj65,1.0,14680064
2026-09-16T15:04:12.757258+00:00,kai-scheduler,binder-869fc94c7-px6b2,28.0,116391936
2026-09-16T15:04:12.757258+00:00,kai-scheduler,kai-operator-69b5d7bcf7-czbxk,3.0,67108864
2026-09-16T15:04:12.757258+00:00,kai-scheduler,kai-scheduler-default-68ccd47c8c-997mr,17.0,147849216
2026-09-16T15:04:12.757258+00:00,kai-scheduler,pod-grouper-65456f756-n274h,1.0,9437184
2026-09-16T15:04:12.757258+00:00,kai-scheduler,podgroup-controller-68f9cc8dbf-xpkz4,1.0,13631488
2026-09-16T15:04:12.757258+00:00,kai-scheduler,queue-controller-f86fcd76c-bhc6d,1.0,11534336
2026-09-16T15:04:12.757258+00:00,kube-system,coredns-8db54c48d-h8vhc,7.0,27262976
2026-09-16T15:04:12.757258+00:00,kube-system,kwok-controller-5cf8c7c44b-mnqlx,29.0,39845888
2026-09-16T15:04:12.757258+00:00,kube-system,local-path-provisioner-5d9d9885bc-ppp5s,1.0,15728640
2026-09-16T15:04:12.757258+00:00,kube-system,metrics-server-75dc6f8d87-xxvrs,23.0,58720256
2026-09-16T15:04:12.757258+00:00,kube-system,svclb-traefik-28666cf9-lqs2s,0.0,0
2026-09-16T15:04:12.757258+00:00,kube-system,traefik-9bcdbbd9-hvhbt,15.0,50331648
2026-09-16T15:04:12.757258+00:00,pyroscope,pyroscope-0,8.0,92274688
2026-09-16T15:04:12.757258+00:00,pyroscope,pyroscope-alloy-0,40.0,169869312
2026-09-16T15:04:18.991430+00:00,grove-system,grove-operator-745f874b98-n9hq9,563.0,157286400
2026-09-16T15:04:18.991430+00:00,kai-scheduler,admission-86666f457d-jsj65,1.0,14680064
2026-09-16T15:04:18.991430+00:00,kai-scheduler,binder-869fc94c7-px6b2,28.0,116391936
2026-09-16T15:04:18.991430+00:00,kai-scheduler,kai-operator-69b5d7bcf7-czbxk,3.0,67108864
2026-09-16T15:04:18.991430+00:00,kai-scheduler,kai-scheduler-default-68ccd47c8c-997mr,17.0,147849216
2026-09-16T15:04:18.991430+00:00,kai-scheduler,pod-grouper-65456f756-n274h,1.0,9437184
2026-09-16T15:04:18.991430+00:00,kai-scheduler,podgroup-controller-68f9cc8dbf-xpkz4,1.0,13631488
2026-09-16T15:04:18.991430+00:00,kai-scheduler,queue-controller-f86fcd76c-bhc6d,1.0,11534336
2026-09-16T15:04:18.991430+00:00,kube-system,coredns-8db54c48d-h8vhc,7.0,27262976
2026-09-16T15:04:18.991430+00:00,kube-system,kwok-controller-5cf8c7c44b-mnqlx,29.0,39845888
2026-09-16T15:04:18.991430+00:00,kube-system,local-path-provisioner-5d9d9885bc-ppp5s,1.0,15728640
2026-09-16T15:04:18.991430+00:00,kube-system,metrics-server-75dc6f8d87-xxvrs,23.0,58720256
2026-09-16T15:04:18.991430+00:00,kube-system,svclb-traefik-28666cf9-lqs2s,0.0,0
2026-09-16T15:04:18.991430+00:00,kube-system,traefik-9bcdbbd9-hvhbt,15.0,50331648
2026-09-16T15:04:18.991430+00:00,pyroscope,pyroscope-0,8.0,92274688
2026-09-16T15:04:18.991430+00:00,pyroscope,pyroscope-alloy-0,40.0,169869312
2026-09-16T15:04:25.232922+00:00,grove-system,grove-operator-745f874b98-n9hq9,563.0,157286400
2026-09-16T15:04:25.232922+00:00,kai-scheduler,admission-86666f457d-jsj65,1.0,14680064
2026-09-16T15:04:25.232922+00:00,kai-scheduler,binder-869fc94c7-px6b2,28.0,116391936
2026-09-16T15:04:25.232922+00:00,kai-scheduler,kai-operator-69b5d7bcf7-czbxk,3.0,67108864
2026-09-16T15:04:25.232922+00:00,kai-scheduler,kai-scheduler-default-68ccd47c8c-997mr,17.0,147849216
2026-09-16T15:04:25.232922+00:00,kai-scheduler,pod-grouper-65456f756-n274h,1.0,9437184
2026-09-16T15:04:25.232922+00:00,kai-scheduler,podgroup-controller-68f9cc8dbf-xpkz4,1.0,13631488
2026-09-16T15:04:25.232922+00:00,kai-scheduler,queue-controller-f86fcd76c-bhc6d,1.0,11534336
2026-09-16T15:04:25.232922+00:00,kube-system,coredns-8db54c48d-h8vhc,7.0,27262976
2026-09-16T15:04:25.232922+00:00,kube-system,kwok-controller-5cf8c7c44b-mnqlx,29.0,39845888
2026-09-16T15:04:25.232922+00:00,kube-system,local-path-provisioner-5d9d9885bc-ppp5s,1.0,15728640
2026-09-16T15:04:25.232922+00:00,kube-system,metrics-server-75dc6f8d87-xxvrs,23.0,58720256
2026-09-16T15:04:25.232922+00:00,kube-system,svclb-traefik-28666cf9-lqs2s,0.0,0
2026-09-16T15:04:25.232922+00:00,kube-system,traefik-9bcdbbd9-hvhbt,15.0,50331648
2026-09-16T15:04:25.232922+00:00,pyroscope,pyroscope-0,8.0,92274688
2026-09-16T15:04:25.232922+00:00,pyroscope,pyroscope-alloy-0,40.0,169869312
2026-09-16T15:04:31.476743+00:00,grove-system,grove-operator-745f874b98-n9hq9,27.0,157286400
2026-09-16T15:04:31.476743+00:00,kai-scheduler,admission-86666f457d-jsj65,1.0,13631488
2026-09-16T15:04:31.476743+00:00,kai-scheduler,binder-869fc94c7-px6b2,7.0,116391936
2026-09-16T15:04:31.476743+00:00,kai-scheduler,kai-operator-69b5d7bcf7-czbxk,4.0,62914560
2026-09-16T15:04:31.476743+00:00,kai-scheduler,kai-scheduler-default-68ccd47c8c-997mr,19.0,149946368
2026-09-16T15:04:31.476743+00:00,kai-scheduler,pod-grouper-65456f756-n274h,1.0,9437184
2026-09-16T15:04:31.476743+00:00,kai-scheduler,podgroup-controller-68f9cc8dbf-xpkz4,1.0,13631488
2026-09-16T15:04:31.476743+00:00,kai-scheduler,queue-controller-f86fcd76c-bhc6d,1.0,11534336
2026-09-16T15:04:31.476743+00:00,kube-system,coredns-8db54c48d-h8vhc,7.0,27262976
2026-09-16T15:04:31.476743+00:00,kube-system,kwok-controller-5cf8c7c44b-mnqlx,15.0,41943040
2026-09-16T15:04:31.476743+00:00,kube-system,local-path-provisioner-5d9d9885bc-ppp5s,1.0,15728640
2026-09-16T15:04:31.476743+00:00,kube-system,metrics-server-75dc6f8d87-xxvrs,7.0,60817408
2026-09-16T15:04:31.476743+00:00,kube-system,svclb-traefik-28666cf9-lqs2s,0.0,0
2026-09-16T15:04:31.476743+00:00,kube-system,traefik-9bcdbbd9-hvhbt,3.0,51380224
2026-09-16T15:04:31.476743+00:00,pyroscope,pyroscope-0,6.0,82837504
2026-09-16T15:04:31.476743+00:00,pyroscope,pyroscope-alloy-0,13.0,180355072
2026-09-16T15:04:37.717802+00:00,grove-system,grove-operator-745f874b98-n9hq9,27.0,157286400
2026-09-16T15:04:37.717802+00:00,kai-scheduler,admission-86666f457d-jsj65,1.0,13631488
2026-09-16T15:04:37.717802+00:00,kai-scheduler,binder-869fc94c7-px6b2,7.0,116391936
2026-09-16T15:04:37.717802+00:00,kai-scheduler,kai-operator-69b5d7bcf7-czbxk,4.0,62914560
2026-09-16T15:04:37.717802+00:00,kai-scheduler,kai-scheduler-default-68ccd47c8c-997mr,19.0,149946368
2026-09-16T15:04:37.717802+00:00,kai-scheduler,pod-grouper-65456f756-n274h,1.0,9437184
2026-09-16T15:04:37.717802+00:00,kai-scheduler,podgroup-controller-68f9cc8dbf-xpkz4,1.0,13631488
2026-09-16T15:04:37.717802+00:00,kai-scheduler,queue-controller-f86fcd76c-bhc6d,1.0,11534336
2026-09-16T15:04:37.717802+00:00,kube-system,coredns-8db54c48d-h8vhc,7.0,27262976
2026-09-16T15:04:37.717802+00:00,kube-system,kwok-controller-5cf8c7c44b-mnqlx,15.0,41943040
2026-09-16T15:04:37.717802+00:00,kube-system,local-path-provisioner-5d9d9885bc-ppp5s,1.0,15728640
2026-09-16T15:04:37.717802+00:00,kube-system,metrics-server-75dc6f8d87-xxvrs,7.0,60817408
2026-09-16T15:04:37.717802+00:00,kube-system,svclb-traefik-28666cf9-lqs2s,0.0,0
2026-09-16T15:04:37.717802+00:00,kube-system,traefik-9bcdbbd9-hvhbt,3.0,51380224
2026-09-16T15:04:37.717802+00:00,pyroscope,pyroscope-0,6.0,82837504
2026-09-16T15:04:37.717802+00:00,pyroscope,pyroscope-alloy-0,13.0,180355072
2026-09-16T15:04:43.951855+00:00,grove-system,grove-operator-745f874b98-n9hq9,49.0,148897792
2026-09-16T15:04:43.951855+00:00,kai-scheduler,admission-86666f457d-jsj65,1.0,13631488
2026-09-16T15:04:43.951855+00:00,kai-scheduler,binder-869fc94c7-px6b2,7.0,116391936
2026-09-16T15:04:43.951855+00:00,kai-scheduler,kai-operator-69b5d7bcf7-czbxk,1.0,62914560
2026-09-16T15:04:43.951855+00:00,kai-scheduler,kai-scheduler-default-68ccd47c8c-997mr,19.0,149946368
2026-09-16T15:04:43.951855+00:00,kai-scheduler,pod-grouper-65456f756-n274h,1.0,9437184
2026-09-16T15:04:43.951855+00:00,kai-scheduler,podgroup-controller-68f9cc8dbf-xpkz4,1.0,13631488
2026-09-16T15:04:43.951855+00:00,kai-scheduler,queue-controller-f86fcd76c-bhc6d,1.0,11534336
2026-09-16T15:04:43.951855+00:00,kube-system,coredns-8db54c48d-h8vhc,3.0,26214400
2026-09-16T15:04:43.951855+00:00,kube-system,kwok-controller-5cf8c7c44b-mnqlx,68.0,40894464
2026-09-16T15:04:43.951855+00:00,kube-system,local-path-provisioner-5d9d9885bc-ppp5s,1.0,15728640
2026-09-16T15:04:43.951855+00:00,kube-system,metrics-server-75dc6f8d87-xxvrs,9.0,60817408
2026-09-16T15:04:43.951855+00:00,kube-system,svclb-traefik-28666cf9-lqs2s,0.0,0
2026-09-16T15:04:43.951855+00:00,kube-system,traefik-9bcdbbd9-hvhbt,3.0,50331648
2026-09-16T15:04:43.951855+00:00,pyroscope,pyroscope-0,4.0,82837504
2026-09-16T15:04:43.951855+00:00,pyroscope,pyroscope-alloy-0,45.0,182452224
2026-09-16T15:04:50.189845+00:00,grove-system,grove-operator-745f874b98-n9hq9,49.0,148897792
2026-09-16T15:04:50.189845+00:00,kai-scheduler,admission-86666f457d-jsj65,1.0,13631488
2026-09-16T15:04:50.189845+00:00,kai-scheduler,binder-869fc94c7-px6b2,7.0,116391936
2026-09-16T15:04:50.189845+00:00,kai-scheduler,kai-operator-69b5d7bcf7-czbxk,1.0,62914560
2026-09-16T15:04:50.189845+00:00,kai-scheduler,kai-scheduler-default-68ccd47c8c-997mr,19.0,149946368
2026-09-16T15:04:50.189845+00:00,kai-scheduler,pod-grouper-65456f756-n274h,1.0,9437184
2026-09-16T15:04:50.189845+00:00,kai-scheduler,podgroup-controller-68f9cc8dbf-xpkz4,1.0,13631488
2026-09-16T15:04:50.189845+00:00,kai-scheduler,queue-controller-f86fcd76c-bhc6d,1.0,11534336
2026-09-16T15:04:50.189845+00:00,kube-system,coredns-8db54c48d-h8vhc,3.0,26214400
2026-09-16T15:04:50.189845+00:00,kube-system,kwok-controller-5cf8c7c44b-mnqlx,68.0,40894464
2026-09-16T15:04:50.189845+00:00,kube-system,local-path-provisioner-5d9d9885bc-ppp5s,1.0,15728640
2026-09-16T15:04:50.189845+00:00,kube-system,metrics-server-75dc6f8d87-xxvrs,9.0,60817408
2026-09-16T15:04:50.189845+00:00,kube-system,svclb-traefik-28666cf9-lqs2s,0.0,0
2026-09-16T15:04:50.189845+00:00,kube-system,traefik-9bcdbbd9-hvhbt,3.0,50331648
2026-09-16T15:04:50.189845+00:00,pyroscope,pyroscope-0,4.0,82837504
2026-09-16T15:04:50.189845+00:00,pyroscope,pyroscope-alloy-0,45.0,182452224
2026-09-16T15:04:56.427043+00:00,grove-system,grove-operator-745f874b98-n9hq9,49.0,148897792
2026-09-16T15:04:56.427043+00:00,kai-scheduler,admission-86666f457d-jsj65,1.0,13631488
2026-09-16T15:04:56.427043+00:00,kai-scheduler,binder-869fc94c7-px6b2,7.0,116391936
2026-09-16T15:04:56.427043+00:00,kai-scheduler,kai-operator-69b5d7bcf7-czbxk,1.0,62914560
2026-09-16T15:04:56.427043+00:00,kai-scheduler,kai-scheduler-default-68ccd47c8c-997mr,19.0,149946368
2026-09-16T15:04:56.427043+00:00,kai-scheduler,pod-grouper-65456f756-n274h,1.0,9437184
2026-09-16T15:04:56.427043+00:00,kai-scheduler,podgroup-controller-68f9cc8dbf-xpkz4,1.0,13631488
2026-09-16T15:04:56.427043+00:00,kai-scheduler,queue-controller-f86fcd76c-bhc6d,1.0,11534336
2026-09-16T15:04:56.427043+00:00,kube-system,coredns-8db54c48d-h8vhc,3.0,26214400
2026-09-16T15:04:56.427043+00:00,kube-system,kwok-controller-5cf8c7c44b-mnqlx,68.0,40894464
2026-09-16T15:04:56.427043+00:00,kube-system,local-path-provisioner-5d9d9885bc-ppp5s,1.0,15728640
2026-09-16T15:04:56.427043+00:00,kube-system,metrics-server-75dc6f8d87-xxvrs,9.0,60817408
2026-09-16T15:04:56.427043+00:00,kube-system,svclb-traefik-28666cf9-lqs2s,0.0,0
2026-09-16T15:04:56.427043+00:00,kube-system,traefik-9bcdbbd9-hvhbt,3.0,50331648
2026-09-16T15:04:56.427043+00:00,pyroscope,pyroscope-0,6.0,84934656
2026-09-16T15:04:56.427043+00:00,pyroscope,pyroscope-alloy-0,49.0,166723584
2026-09-16T15:05:02.664893+00:00,grove-system,grove-operator-745f874b98-n9hq9,46.0,142606336
2026-09-16T15:05:02.664893+00:00,kai-scheduler,admission-86666f457d-jsj65,1.0,13631488
2026-09-16T15:05:02.664893+00:00,kai-scheduler,binder-869fc94c7-px6b2,44.0,113246208
2026-09-16T15:05:02.664893+00:00,kai-scheduler,kai-operator-69b5d7bcf7-czbxk,1.0,62914560
2026-09-16T15:05:02.664893+00:00,kai-scheduler,kai-scheduler-default-68ccd47c8c-997mr,39.0,136314880
2026-09-16T15:05:02.664893+00:00,kai-scheduler,pod-grouper-65456f756-n274h,1.0,9437184
2026-09-16T15:05:02.664893+00:00,kai-scheduler,podgroup-controller-68f9cc8dbf-xpkz4,1.0,13631488
2026-09-16T15:05:02.664893+00:00,kai-scheduler,queue-controller-f86fcd76c-bhc6d,1.0,11534336
2026-09-16T15:05:02.664893+00:00,kube-system,coredns-8db54c48d-h8vhc,3.0,26214400
2026-09-16T15:05:02.664893+00:00,kube-system,kwok-controller-5cf8c7c44b-mnqlx,91.0,40894464
2026-09-16T15:05:02.664893+00:00,kube-system,local-path-provisioner-5d9d9885bc-ppp5s,1.0,15728640
2026-09-16T15:05:02.664893+00:00,kube-system,metrics-server-75dc6f8d87-xxvrs,29.0,66060288
2026-09-16T15:05:02.664893+00:00,kube-system,svclb-traefik-28666cf9-lqs2s,0.0,0
2026-09-16T15:05:02.664893+00:00,kube-system,traefik-9bcdbbd9-hvhbt,1.0,50331648
2026-09-16T15:05:02.664893+00:00,pyroscope,pyroscope-0,6.0,84934656
2026-09-16T15:05:02.664893+00:00,pyroscope,pyroscope-alloy-0,49.0,166723584
