timestamp,namespace,pod,cpu_millicores,mem_bytes
2026-09-16T14:42:38.102543+00:00,kube-system,coredns-8db54c48d-h2bc9,2.0,22020096
2026-09-16T14:42:38.102543+00:00,kube-system,kwok-controller-5cf8c7c44b-wmm4g,2.0,18874368
2026-09-16T14:42:38.102543+00:00,kube-system,local-path-provisioner-5d9d9885bc-pqnq2,5.0,13631488
2026-09-16T14:42:38.102543+00:00,kube-system,metrics-server-786d997795-v8v2v,13.0,26214400
2026-09-16T14:42:38.102543+00:00,kube-system,svclb-traefik-1c0eca4d-9wc8r,0.0,0
2026-09-16T14:42:38.102543+00:00,kube-system,traefik-9bcdbbd9-v6fcx,13.0,34603008
2026-09-16T14:42:38.102543+00:00,pyroscope,pyroscope-0,2.0,24117248
2026-09-16T14:42:38.102543+00:00,pyroscope,pyroscope-alloy-0,5.0,65011712
2026-09-16T14:42:44.397704+00:00,grove-system,grove-operator-67d9846db9-7hfl4,14.0,22020096
2026-09-16T14:42:44.397704+00:00,kai-scheduler,admission-86666f457d-z8xrj,6.0,13631488
2026-09-16T14:42:44.397704+00:00,kai-scheduler,binder-869fc94c7-qhfb6,18.0,24117248
2026-09-16T14:42:44.397704+00:00,kai-scheduler,kai-operator-69b5d7bcf7-pf5h6,64.0,59768832
2026-09-16T14:42:44.397704+00:00,kai-scheduler,kai-scheduler-default-84cb767847-php4b,8.0,24117248
2026-09-16T14:42:44.397704+00:00,kai-scheduler,pod-grouper-65456f756-pbhlk,5.0,11534336
2026-09-16T14:42:44.397704+00:00,kai-scheduler,podgroup-controller-68f9cc8dbf-stpwz,5.0,11534336
2026-09-16T14:42:44.397704+00:00,kai-scheduler,queue-controller-f86fcd76c-qgw86,1.0,13631488
2026-09-16T14:42:44.397704+00:00,kube-system,coredns-8db54c48d-h2bc9,2.0,22020096
2026-09-16T14:42:44.397704+00:00,kube-system,kwok-controller-5cf8c7c44b-wmm4g,2.0,18874368
2026-09-16T14:42:44.397704+00:00,kube-system,local-path-provisioner-5d9d9885bc-pqnq2,5.0,13631488
2026-09-16T14:42:44.397704+00:00,kube-system,metrics-server-786d997795-v8v2v,13.0,26214400
2026-09-16T14:42:44.397704+00:00,kube-system,svclb-traefik-1c0eca4d-9wc8r,0.0,0
2026-09-16T14:42:44.397704+00:00,kube-system,traefik-9bcdbbd9-v6fcx,13.0,34603008
2026-09-16T14:42:44.397704+00:00,pyroscope,pyroscope-0,2.0,24117248
2026-09-16T14:42:44.397704+00:00,pyroscope,pyroscope-alloy-0,5.0,65011712
2026-09-16T14:42:50.626203+00:00,grove-system,grove-operator-67d9846db9-7hfl4,14.0,22020096
2026-09-16T14:42:50.626203+00:00,kai-scheduler,admission-86666f457d-z8xrj,6.0,13631488
2026-09-16T14:42:50.626203+00:00,kai-scheduler,binder-869fc94c7-qhfb6,18.0,24117248
2026-09-16T14:42:50.626203+00:00,kai-scheduler,kai-operator-69b5d7bcf7-pf5h6,64.0,59768832
2026-09-16T14:42:50.626203+00:00,kai-scheduler,kai-scheduler-default-84cb767847-php4b,8.0,24117248
2026-09-16T14:42:50.626203+00:00,kai-scheduler,pod-grouper-65456f756-pbhlk,5.0,11534336
2026-09-16T14:42:50.626203+00:00,kai-scheduler,podgroup-controller-68f9cc8dbf-stpwz,5.0,11534336
2026-09-16T14:42:50.626203+00:00,kai-scheduler,queue-controller-f86fcd76c-qgw86,1.0,13631488
2026-09-16T14:42:50.626203+00:00,kube-system,coredns-8db54c48d-h2bc9,2.0,22020096
2026-09-16T14:42:50.626203+00:00,kube-system,kwok-controller-5cf8c7c44b-wmm4g,2.0,18874368
2026-09-16T14:42:50.626203+00:00,kube-system,local-path-provisioner-5d9d9885bc-pqnq2,5.0,13631488
2026-09-16T14:42:50.626203+00:00,kube-system,metrics-server-786d997795-v8v2v,13.0,26214400
2026-09-16T14:42:50.626203+00:00,kube-system,svclb-traefik-1c0eca4d-9wc8r,0.0,0
2026-09-16T14:42:50.626203+00:00,kube-system,traefik-9bcdbbd9-v6fcx,13.0,34603008
2026-09-16T14:42:50.626203+00:00,pyroscope,pyroscope-0,2.0,24117248
2026-09-16T14:42:50.626203+00:00,pyroscope,pyroscope-alloy-0,5.0,65011712
2026-09-16T14:42:56.861001+00:00,grove-system,grove-operator-67d9846db9-7hfl4,2.0,24117248
2026-09-16T14:42:56.861001+00:00,kai-scheduler,admission-86666f457d-z8xrj,1.0,13631488
2026-09-16T14:42:56.861001+00:00,kai-scheduler,binder-869fc94c7-qhfb6,17.0,24117248
2026-09-16T14:42:56.861001+00:00,kai-scheduler,kai-operator-69b5d7bcf7-pf5h6,22.0,61865984
2026-09-16T14:42:56.861001+00:00,kai-scheduler,kai-scheduler-default-84cb767847-php4b,23.0,46137344
2026-09-16T14:42:56.861001+00:00,kai-scheduler,pod-grouper-65456f756-pbhlk,1.0,11534336
2026-09-16T14:42:56.861001+00:00,kai-scheduler,podgroup-controller-68f9cc8dbf-stpwz,1.0,11534336
2026-09-16T14:42:56.861001+00:00,kai-scheduler,queue-controller-f86fcd76c-qgw86,1.0,13631488
2026-09-16T14:42:56.861001+00:00,kube-system,coredns-8db54c48d-h2bc9,2.0,20971520
2026-09-16T14:42:56.861001+00:00,kube-system,kwok-controller-5cf8c7c44b-wmm4g,49.0,24117248
2026-09-16T14:42:56.861001+00:00,kube-system,local-path-provisioner-5d9d9885bc-pqnq2,1.0,13631488
2026-09-16T14:42:56.861001+00:00,kube-system,metrics-server-786d997795-v8v2v,17.0,35651584
2026-09-16T14:42:56.861001+00:00,kube-system,svclb-traefik-1c0eca4d-9wc8r,0.0,0
2026-09-16T14:42:56.861001+00:00,kube-system,traefik-9bcdbbd9-v6fcx,31.0,37748736
2026-09-16T14:42:56.861001+00:00,pyroscope,pyroscope-0,3.0,28311552
2026-09-16T14:42:56.861001+00:00,pyroscope,pyroscope-alloy-0,4.0,68157440
2026-09-16T14:43:03.096498+00:00,grove-system,grove-operator-67d9846db9-7hfl4,2.0,24117248
2026-09-16T14:43:03.096498+00:00,kai-scheduler,admission-86666f457d-z8xrj,1.0,13631488
2026-09-16T14:43:03.096498+00:00,kai-scheduler,binder-869fc94c7-qhfb6,17.0,24117248
2026-09-16T14:43:03.096498+00:00,kai-scheduler,kai-operator-69b5d7bcf7-pf5h6,22.0,61865984
2026-09-16T14:43:03.096498+00:00,kai-scheduler,kai-scheduler-default-84cb767847-php4b,23.0,46137344
2026-09-16T14:43:03.096498+00:00,kai-scheduler,pod-grouper-65456f756-pbhlk,1.0,11534336
2026-09-16T14:43:03.096498+00:00,kai-scheduler,podgroup-controller-68f9cc8dbf-stpwz,1.0,11534336
2026-09-16T14:43:03.096498+00:00,kai-scheduler,queue-controller-f86fcd76c-qgw86,1.0,13631488
2026-09-16T14:43:03.096498+00:00,kube-system,coredns-8db54c48d-h2bc9,2.0,20971520
2026-09-16T14:43:03.096498+00:00,kube-system,kwok-controller-5cf8c7c44b-wmm4g,49.0,24117248
2026-09-16T14:43:03.096498+00:00,kube-system,local-path-provisioner-5d9d9885bc-pqnq2,1.0,13631488
2026-09-16T14:43:03.096498+00:00,kube-system,metrics-server-786d997795-v8v2v,17.0,35651584
2026-09-16T14:43:03.096498+00:00,kube-system,svclb-traefik-1c0eca4d-9wc8r,0.0,0
2026-09-16T14:43:03.096498+00:00,kube-system,traefik-9bcdbbd9-v6fcx,31.0,37748736
2026-09-16T14:43:03.096498+00:00,pyroscope,pyroscope-0,3.0,28311552
2026-09-16T14:43:03.096498+00:00,pyroscope,pyroscope-alloy-0,4.0,68157440
2026-09-16T14:43:09.345752+00:00,grove-system,grove-operator-67d9846db9-7hfl4,32.0,52428800
2026-09-16T14:43:09.345752+00:00,kai-scheduler,admission-86666f457d-z8xrj,1.0,13631488
2026-09-16T14:43:09.345752+00:00,kai-scheduler,binder-869fc94c7-qhfb6,12.0,25165824
2026-09-16T14:43:09.345752+00:00,kai-scheduler,kai-operator-69b5d7bcf7-pf5h6,21.0,59768832
2026-09-16T14:43:09.345752+00:00,kai-scheduler,kai-scheduler-default-84cb767847-php4b,21.0,46137344
2026-09-16T14:43:09.345752+00:00,kai-scheduler,pod-grouper-65456f756-pbhlk,1.0,11534336
2026-09-16T14:43:09.345752+00:00,kai-scheduler,podgroup-controller-68f9cc8dbf-stpwz,1.0,11534336
2026-09-16T14:43:09.345752+00:00,kai-scheduler,queue-controller-f86fcd76c-qgw86,1.0,13631488
2026-09-16T14:43:09.345752+00:00,kube-system,coredns-8db54c48d-h2bc9,4.0,20971520
2026-09-16T14:43:09.345752+00:00,kube-system,kwok-controller-5cf8c7c44b-wmm4g,32.0,27262976
2026-09-16T14:43:09.345752+00:00,kube-system,local-path-provisioner-5d9d9885bc-pqnq2,1.0,13631488
2026-09-16T14:43:09.345752+00:00,kube-system,metrics-server-75dc6f8d87-wfq8p,15.0,32505856
2026-09-16T14:43:09.345752+00:00,kube-system,metrics-server-786d997795-v8v2v,21.0,36700160
2026-09-16T14:43:09.345752+00:00,kube-system,svclb-traefik-1c0eca4d-9wc8r,0.0,0
2026-09-16T14:43:09.345752+00:00,kube-system,traefik-9bcdbbd9-v6fcx,31.0,37748736
2026-09-16T14:43:09.345752+00:00,pyroscope,pyroscope-0,12.0,42991616
2026-09-16T14:43:09.345752+00:00,pyroscope,pyroscope-alloy-0,4.0,68157440
2026-09-16T14:43:15.621856+00:00,grove-system,grove-operator-67d9846db9-7hfl4,32.0,52428800
2026-09-16T14:43:15.621856+00:00,kai-scheduler,admission-86666f457d-z8xrj,1.0,13631488
2026-09-16T14:43:15.621856+00:00,kai-scheduler,binder-869fc94c7-qhfb6,12.0,25165824
2026-09-16T14:43:15.621856+00:00,kai-scheduler,kai-operator-69b5d7bcf7-pf5h6,12.0,61865984
2026-09-16T14:43:15.621856+00:00,kai-scheduler,kai-scheduler-default-84cb767847-php4b,22.0,46137344
2026-09-16T14:43:15.621856+00:00,kai-scheduler,pod-grouper-65456f756-pbhlk,1.0,11534336
2026-09-16T14:43:15.621856+00:00,kai-scheduler,podgroup-controller-68f9cc8dbf-stpwz,1.0,11534336
2026-09-16T14:43:15.621856+00:00,kai-scheduler,queue-controller-f86fcd76c-qgw86,1.0,13631488
2026-09-16T14:43:15.621856+00:00,kube-system,coredns-8db54c48d-h2bc9,4.0,20971520
2026-09-16T14:43:15.621856+00:00,kube-system,kwok-controller-5cf8c7c44b-wmm4g,32.0,27262976
2026-09-16T14:43:15.621856+00:00,kube-system,local-path-provisioner-5d9d9885bc-pqnq2,1.0,13631488
2026-09-16T14:43:15.621856+00:00,kube-system,metrics-server-75dc6f8d87-wfq8p,16.0,32505856
2026-09-16T14:43:15.621856+00:00,kube-system,svclb-traefik-1c0eca4d-9wc8r,0.0,0
2026-09-16T14:43:15.621856+00:00,kube-system,traefik-9bcdbbd9-v6fcx,31.0,37748736
2026-09-16T14:43:15.621856+00:00,pyroscope,pyroscope-0,12.0,42991616
2026-09-16T14:43:15.621856+00:00,pyroscope,pyroscope-alloy-0,4.0,68157440
2026-09-16T14:43:21.894680+00:00,grove-system,grove-operator-67d9846db9-7hfl4,32.0,52428800
2026-09-16T14:43:21.894680+00:00,kai-scheduler,admission-86666f457d-z8xrj,1.0,13631488
2026-09-16T14:43:21.894680+00:00,kai-scheduler,binder-869fc94c7-qhfb6,51.0,49283072
2026-09-16T14:43:21.894680+00:00,kai-scheduler,kai-operator-69b5d7bcf7-pf5h6,12.0,59768832
2026-09-16T14:43:21.894680+00:00,kai-scheduler,kai-scheduler-default-84cb767847-php4b,22.0,46137344
2026-09-16T14:43:21.894680+00:00,kai-scheduler,pod-grouper-65456f756-pbhlk,1.0,11534336
2026-09-16T14:43:21.894680+00:00,kai-scheduler,podgroup-controller-68f9cc8dbf-stpwz,1.0,11534336
2026-09-16T14:43:21.894680+00:00,kai-scheduler,queue-controller-f86fcd76c-qgw86,1.0,13631488
2026-09-16T14:43:21.894680+00:00,kube-system,coredns-8db54c48d-h2bc9,8.0,25165824
2026-09-16T14:43:21.894680+00:00,kube-system,kwok-controller-5cf8c7c44b-wmm4g,50.0,30408704
2026-09-16T14:43:21.894680+00:00,kube-system,local-path-provisioner-5d9d9885bc-pqnq2,1.0,13631488
2026-09-16T14:43:21.894680+00:00,kube-system,metrics-server-75dc6f8d87-wfq8p,13.0,35651584
2026-09-16T14:43:21.894680+00:00,kube-system,svclb-traefik-1c0eca4d-9wc8r,0.0,0
2026-09-16T14:43:21.894680+00:00,kube-system,traefik-9bcdbbd9-v6fcx,31.0,38797312
2026-09-16T14:43:21.894680+00:00,pyroscope,pyroscope-0,6.0,50331648
2026-09-16T14:43:21.894680+00:00,pyroscope,pyroscope-alloy-0,19.0,88080384
2026-09-16T14:43:28.145106+00:00,grove-system,grove-operator-67d9846db9-7hfl4,32.0,52428800
2026-09-16T14:43:28.145106+00:00,kai-scheduler,admission-86666f457d-z8xrj,1.0,13631488
2026-09-16T14:43:28.145106+00:00,kai-scheduler,binder-869fc94c7-qhfb6,51.0,49283072
2026-09-16T14:43:28.145106+00:00,kai-scheduler,kai-operator-69b5d7bcf7-pf5h6,12.0,59768832
2026-09-16T14:43:28.145106+00:00,kai-scheduler,kai-scheduler-default-84cb767847-php4b,22.0,46137344
2026-09-16T14:43:28.145106+00:00,kai-scheduler,pod-grouper-65456f756-pbhlk,1.0,11534336
2026-09-16T14:43:28.145106+00:00,kai-scheduler,podgroup-controller-68f9cc8dbf-stpwz,1.0,11534336
2026-09-16T14:43:28.145106+00:00,kai-scheduler,queue-controller-f86fcd76c-qgw86,1.0,13631488
2026-09-16T14:43:28.145106+00:00,kube-system,coredns-8db54c48d-h2bc9,8.0,25165824
2026-09-16T14:43:28.145106+00:00,kube-system,kwok-controller-5cf8c7c44b-wmm4g,50.0,30408704
2026-09-16T14:43:28.145106+00:00,kube-system,local-path-provisioner-5d9d9885bc-pqnq2,1.0,13631488
2026-09-16T14:43:28.145106+00:00,kube-system,metrics-server-75dc6f8d87-wfq8p,13.0,35651584
2026-09-16T14:43:28.145106+00:00,kube-system,svclb-traefik-1c0eca4d-9wc8r,0.0,0
2026-09-16T14:43:28.145106+00:00,kube-system,traefik-9bcdbbd9-v6fcx,31.0,38797312
2026-09-16T14:43:28.145106+00:00,pyroscope,pyroscope-0,6.0,50331648
2026-09-16T14:43:28.145106+00:00,pyroscope,pyroscope-alloy-0,19.0,88080384
2026-09-16T14:43:34.374519+00:00,grove-system,grove-operator-67d9846db9-7hfl4,32.0,52428800
2026-09-16T14:43:34.374519+00:00,kai-scheduler,admission-86666f457d-z8xrj,1.0,13631488
2026-09-16T14:43:34.374519+00:00,kai-scheduler,binder-869fc94c7-qhfb6,51.0,49283072
2026-09-16T14:43:34.374519+00:00,kai-scheduler,kai-operator-69b5d7bcf7-pf5h6,12.0,59768832
2026-09-16T14:43:34.374519+00:00,kai-scheduler,kai-scheduler-default-84cb767847-php4b,22.0,46137344
2026-09-16T14:43:34.374519+00:00,kai-scheduler,pod-grouper-65456f756-pbhlk,1.0,11534336
2026-09-16T14:43:34.374519+00:00,kai-scheduler,podgroup-controller-68f9cc8dbf-stpwz,1.0,11534336
2026-09-16T14:43:34.374519+00:00,kai-scheduler,queue-controller-f86fcd76c-qgw86,1.0,13631488
2026-09-16T14:43:34.374519+00:00,kube-system,coredns-8db54c48d-h2bc9,8.0,25165824
2026-09-16T14:43:34.374519+00:00,kube-system,kwok-controller-5cf8c7c44b-wmm4g,50.0,30408704
2026-09-16T14:43:34.374519+00:00,kube-system,local-path-provisioner-5d9d9885bc-pqnq2,1.0,13631488
2026-09-16T14:43:34.374519+00:00,kube-system,metrics-server-75dc6f8d87-wfq8p,13.0,35651584
2026-09-16T14:43:34.374519+00:00,kube-system,svclb-traefik-1c0eca4d-9wc8r,0.0,0
2026-09-16T14:43:34.374519+00:00,kube-system,traefik-9bcdbbd9-v6fcx,31.0,38797312
2026-09-16T14:43:34.374519+00:00,pyroscope,pyroscope-0,6.0,50331648
2026-09-16T14:43:34.374519+00:00,pyroscope,pyroscope-alloy-0,19.0,88080384
2026-09-16T14:43:40.610088+00:00,grove-system,grove-operator-67d9846db9-7hfl4,824.0,114294784
2026-09-16T14:43:40.610088+00:00,kai-scheduler,admission-86666f457d-z8xrj,1.0,13631488
2026-09-16T14:43:40.610088+00:00,kai-scheduler,binder-869fc94c7-qhfb6,95.0,75497472
2026-09-16T14:43:40.610088+00:00,kai-scheduler,kai-operator-69b5d7bcf7-pf5h6,12.0,59768832
2026-09-16T14:43:40.610088+00:00,kai-scheduler,kai-scheduler-default-84cb767847-php4b,76.0,85983232
2026-09-16T14:43:40.610088+00:00,kai-scheduler,pod-grouper-65456f756-pbhlk,1.0,11534336
2026-09-16T14:43:40.610088+00:00,kai-scheduler,podgroup-controller-68f9cc8dbf-stpwz,1.0,11534336
2026-09-16T14:43:40.610088+00:00,kai-scheduler,queue-controller-f86fcd76c-qgw86,1.0,13631488
2026-09-16T14:43:40.610088+00:00,kube-system,coredns-8db54c48d-h2bc9,12.0,24117248
2026-09-16T14:43:40.610088+00:00,kube-system,kwok-controller-5cf8c7c44b-wmm4g,183.0,31457280
2026-09-16T14:43:40.610088+00:00,kube-system,local-path-provisioner-5d9d9885bc-pqnq2,1.0,13631488
2026-09-16T14:43:40.610088+00:00,kube-system,metrics-server-75dc6f8d87-wfq8p,13.0,35651584
2026-09-16T14:43:40.610088+00:00,kube-system,svclb-traefik-1c0eca4d-9wc8r,0.0,0
2026-09-16T14:43:40.610088+00:00,kube-system,traefik-9bcdbbd9-v6fcx,16.0,40894464
2026-09-16T14:43:40.610088+00:00,pyroscope,pyroscope-0,9.0,55574528
2026-09-16T14:43:40.610088+00:00,pyroscope,pyroscope-alloy-0,102.0,111149056
2026-09-16T14:43:46.849025+00:00,grove-system,grove-operator-67d9846db9-7hfl4,824.0,114294784
2026-09-16T14:43:46.849025+00:00,kai-scheduler,admission-86666f457d-z8xrj,1.0,13631488
2026-09-16T14:43:46.849025+00:00,kai-scheduler,binder-869fc94c7-qhfb6,95.0,75497472
2026-09-16T14:43:46.849025+00:00,kai-scheduler,kai-operator-69b5d7bcf7-pf5h6,12.0,59768832
2026-09-16T14:43:46.849025+00:00,kai-scheduler,kai-scheduler-default-84cb767847-php4b,76.0,85983232
2026-09-16T14:43:46.849025+00:00,kai-scheduler,pod-grouper-65456f756-pbhlk,1.0,11534336
2026-09-16T14:43:46.849025+00:00,kai-scheduler,podgroup-controller-68f9cc8dbf-stpwz,1.0,11534336
2026-09-16T14:43:46.849025+00:00,kai-scheduler,queue-controller-f86fcd76c-qgw86,1.0,13631488
2026-09-16T14:43:46.849025+00:00,kube-system,coredns-8db54c48d-h2bc9,12.0,24117248
2026-09-16T14:43:46.849025+00:00,kube-system,kwok-controller-5cf8c7c44b-wmm4g,183.0,31457280
2026-09-16T14:43:46.849025+00:00,kube-system,local-path-provisioner-5d9d9885bc-pqnq2,1.0,13631488
2026-09-16T14:43:46.849025+00:00,kube-system,metrics-server-75dc6f8d87-wfq8p,13.0,35651584
2026-09-16T14:43:46.849025+00:00,kube-system,svclb-traefik-1c0eca4d-9wc8r,0.0,0
2026-09-16T14:43:46.849025+00:00,kube-system,traefik-9bcdbbd9-v6fcx,16.0,40894464
2026-09-16T14:43:46.849025+00:00,pyroscope,pyroscope-0,9.0,55574528
2026-09-16T14:43:46.849025+00:00,pyroscope,pyroscope-alloy-0,102.0,111149056
2026-09-16T14:43:53.089443+00:00,grove-system,grove-operator-67d9846db9-7hfl4,712.0,117440512
2026-09-16T14:43:53.089443+00:00,kai-scheduler,admission-86666f457d-z8xrj,1.0,13631488
2026-09-16T14:43:53.089443+00:00,kai-scheduler,binder-869fc94c7-qhfb6,22.0,74448896
2026-09-16T14:43:53.089443+00:00,kai-scheduler,kai-operator-69b5d7bcf7-pf5h6,1.0,59768832
2026-09-16T14:43:53.089443+00:00,kai-scheduler,kai-scheduler-default-84cb767847-php4b,52.0,105906176
2026-09-16T14:43:53.089443+00:00,kai-scheduler,pod-grouper-65456f756-pbhlk,1.0,11534336
2026-09-16T14:43:53.089443+00:00,kai-scheduler,podgroup-controller-68f9cc8dbf-stpwz,1.0,11534336
2026-09-16T14:43:53.089443+00:00,kai-scheduler,queue-controller-f86fcd76c-qgw86,1.0,13631488
2026-09-16T14:43:53.089443+00:00,kube-system,coredns-8db54c48d-h2bc9,6.0,24117248
2026-09-16T14:43:53.089443+00:00,kube-system,kwok-controller-5cf8c7c44b-wmm4g,213.0,31457280
2026-09-16T14:43:53.089443+00:00,kube-system,local-path-provisioner-5d9d9885bc-pqnq2,1.0,13631488
2026-09-16T14:43:53.089443+00:00,kube-system,metrics-server-75dc6f8d87-wfq8p,30.0,41943040
2026-09-16T14:43:53.089443+00:00,kube-system,svclb-traefik-1c0eca4d-9wc8r,0.0,0
2026-09-16T14:43:53.089443+00:00,kube-system,traefik-9bcdbbd9-v6fcx,10.0,40894464
2026-09-16T14:43:53.089443+00:00,pyroscope,pyroscope-0,9.0,55574528
2026-09-16T14:43:53.089443+00:00,pyroscope,pyroscope-alloy-0,42.0,120586240
2026-09-16T14:43:59.328713+00:00,grove-system,grove-operator-67d9846db9-7hfl4,712.0,117440512
2026-09-16T14:43:59.328713+00:00,kai-scheduler,admission-86666f457d-z8xrj,1.0,13631488
2026-09-16T14:43:59.328713+00:00,kai-scheduler,binder-869fc94c7-qhfb6,22.0,74448896
2026-09-16T14:43:59.328713+00:00,kai-scheduler,kai-operator-69b5d7bcf7-pf5h6,1.0,59768832
2026-09-16T14:43:59.328713+00:00,kai-scheduler,kai-scheduler-default-84cb767847-php4b,52.0,105906176
2026-09-16T14:43:59.328713+00:00,kai-scheduler,pod-grouper-65456f756-pbhlk,1.0,11534336
2026-09-16T14:43:59.328713+00:00,kai-scheduler,podgroup-controller-68f9cc8dbf-stpwz,1.0,11534336
2026-09-16T14:43:59.328713+00:00,kai-scheduler,queue-controller-f86fcd76c-qgw86,1.0,13631488
2026-09-16T14:43:59.328713+00:00,kube-system,coredns-8db54c48d-h2bc9,6.0,24117248
2026-09-16T14:43:59.328713+00:00,kube-system,kwok-controller-5cf8c7c44b-wmm4g,213.0,31457280
2026-09-16T14:43:59.328713+00:00,kube-system,local-path-provisioner-5d9d9885bc-pqnq2,1.0,13631488
2026-09-16T14:43:59.328713+00:00,kube-system,metrics-server-75dc6f8d87-wfq8p,30.0,41943040
2026-09-16T14:43:59.328713+00:00,kube-system,svclb-traefik-1c0eca4d-9wc8r,0.0,0
2026-09-16T14:43:59.328713+00:00,kube-system,traefik-9bcdbbd9-v6fcx,10.0,40894464
2026-09-16T14:43:59.328713+00:00,pyroscope,pyroscope-0,9.0,55574528
2026-09-16T14:43:59.328713+00:00,pyroscope,pyroscope-alloy-0,42.0,120586240
2026-09-16T14:44:05.564412+00:00,grove-system,grove-operator-67d9846db9-7hfl4,712.0,117440512
2026-09-16T14:44:05.564412+00:00,kai-scheduler,admission-86666f457d-z8xrj,1.0,13631488
2026-09-16T14:44:05.564412+00:00,kai-scheduler,binder-869fc94c7-qhfb6,22.0,74448896
2026-09-16T14:44:05.564412+00:00,kai-scheduler,kai-operator-69b5d7bcf7-pf5h6,1.0,59768832
2026-09-16T14:44:05.564412+00:00,kai-scheduler,kai-scheduler-default-84cb767847-php4b,52.0,105906176
2026-09-16T14:44:05.564412+00:00,kai-scheduler,pod-grouper-65456f756-pbhlk,1.0,11534336
2026-09-16T14:44:05.564412+00:00,kai-scheduler,podgroup-controller-68f9cc8dbf-stpwz,1.0,11534336
2026-09-16T14:44:05.564412+00:00,kai-scheduler,queue-controller-f86fcd76c-qgw86,1.0,13631488
2026-09-16T14:44:05.564412+00:00,kube-system,coredns-8db54c48d-h2bc9,6.0,24117248
2026-09-16T14:44:05.564412+00:00,kube-system,kwok-controller-5cf8c7c44b-wmm4g,213.0,31457280
2026-09-16T14:44:05.564412+00:00,kube-system,local-path-provisioner-5d9d9885bc-pqnq2,1.0,13631488
2026-09-16T14:44:05.564412+00:00,kube-system,metrics-server-75dc6f8d87-wfq8p,30.0,41943040
2026-09-16T14:44:05.564412+00:00,kube-system,svclb-traefik-1c0eca4d-9wc8r,0.0,0
2026-09-16T14:44:05.564412+00:00,kube-system,traefik-9bcdbbd9-v6fcx,10.0,40894464
2026-09-16T14:44:05.564412+00:00,pyroscope,pyroscope-0,9.0,55574528
2026-09-16T14:44:05.564412+00:00,pyroscope,pyroscope-alloy-0,42.0,120586240
2026-09-16T14:44:11.795491+00:00,grove-system,grove-operator-67d9846db9-7hfl4,46.0,113246208
2026-09-16T14:44:11.795491+00:00,kai-scheduler,admission-86666f457d-z8xrj,1.0,13631488
2026-09-16T14:44:11.795491+00:00,kai-scheduler,binder-869fc94c7-qhfb6,39.0,75497472
2026-09-16T14:44:11.795491+00:00,kai-scheduler,kai-operator-69b5d7bcf7-pf5h6,2.0,59768832
2026-09-16T14:44:11.795491+00:00,kai-scheduler,kai-scheduler-default-84cb767847-php4b,27.0,110100480
2026-09-16T14:44:11.795491+00:00,kai-scheduler,pod-grouper-65456f756-pbhlk,1.0,11534336
2026-09-16T14:44:11.795491+00:00,kai-scheduler,podgroup-controller-68f9cc8dbf-stpwz,1.0,11534336
2026-09-16T14:44:11.795491+00:00,kai-scheduler,queue-controller-f86fcd76c-qgw86,1.0,13631488
2026-09-16T14:44:11.795491+00:00,kube-system,coredns-8db54c48d-h2bc9,3.0,23068672
2026-09-16T14:44:11.795491+00:00,kube-system,kwok-controller-5cf8c7c44b-wmm4g,45.0,32505856
2026-09-16T14:44:11.795491+00:00,kube-system,local-path-provisioner-5d9d9885bc-pqnq2,1.0,13631488
2026-09-16T14:44:11.795491+00:00,kube-system,metrics-server-75dc6f8d87-wfq8p,14.0,45088768
2026-09-16T14:44:11.795491+00:00,kube-system,svclb-traefik-1c0eca4d-9wc8r,0.0,0
2026-09-16T14:44:11.795491+00:00,kube-system,traefik-9bcdbbd9-v6fcx,2.0,39845888
2026-09-16T14:44:11.795491+00:00,pyroscope,pyroscope-0,6.0,54525952
2026-09-16T14:44:11.795491+00:00,pyroscope,pyroscope-alloy-0,30.0,132120576
2026-09-16T14:44:18.028804+00:00,grove-system,grove-operator-67d9846db9-7hfl4,46.0,113246208
2026-09-16T14:44:18.028804+00:00,kai-scheduler,admission-86666f457d-z8xrj,1.0,13631488
2026-09-16T14:44:18.028804+00:00,kai-scheduler,binder-869fc94c7-qhfb6,39.0,75497472
2026-09-16T14:44:18.028804+00:00,kai-scheduler,kai-operator-69b5d7bcf7-pf5h6,2.0,59768832
2026-09-16T14:44:18.028804+00:00,kai-scheduler,kai-scheduler-default-84cb767847-php4b,27.0,110100480
2026-09-16T14:44:18.028804+00:00,kai-scheduler,pod-grouper-65456f756-pbhlk,1.0,11534336
2026-09-16T14:44:18.028804+00:00,kai-scheduler,podgroup-controller-68f9cc8dbf-stpwz,1.0,11534336
2026-09-16T14:44:18.028804+00:00,kai-scheduler,queue-controller-f86fcd76c-qgw86,1.0,13631488
2026-09-16T14:44:18.028804+00:00,kube-system,coredns-8db54c48d-h2bc9,3.0,23068672
2026-09-16T14:44:18.028804+00:00,kube-system,kwok-controller-5cf8c7c44b-wmm4g,45.0,32505856
2026-09-16T14:44:18.028804+00:00,kube-system,local-path-provisioner-5d9d9885bc-pqnq2,1.0,13631488
2026-09-16T14:44:18.028804+00:00,kube-system,metrics-server-75dc6f8d87-wfq8p,14.0,45088768
2026-09-16T14:44:18.028804+00:00,kube-system,svclb-traefik-1c0eca4d-9wc8r,0.0,0
2026-09-16T14:44:18.028804+00:00,kube-system,traefik-9bcdbbd9-v6fcx,2.0,39845888
2026-09-16T14:44:18.028804+00:00,pyroscope,pyroscope-0,6.0,54525952
2026-09-16T14:44:18.028804+00:00,pyroscope,pyroscope-alloy-0,30.0,132120576
2026-09-16T14:44:24.263283+00:00,grove-system,grove-operator-67d9846db9-7hfl4,42.0,113246208
2026-09-16T14:44:24.263283+00:00,kai-scheduler,admission-86666f457d-z8xrj,1.0,13631488
2026-09-16T14:44:24.263283+00:00,kai-scheduler,binder-869fc94c7-qhfb6,36.0,73400320
2026-09-16T14:44:24.263283+00:00,kai-scheduler,kai-operator-69b5d7bcf7-pf5h6,1.0,60817408
2026-09-16T14:44:24.263283+00:00,kai-scheduler,kai-scheduler-default-84cb767847-php4b,42.0,100663296
2026-09-16T14:44:24.263283+00:00,kai-scheduler,pod-grouper-65456f756-pbhlk,1.0,11534336
2026-09-16T14:44:24.263283+00:00,kai-scheduler,podgroup-controller-68f9cc8dbf-stpwz,1.0,11534336
2026-09-16T14:44:24.263283+00:00,kai-scheduler,queue-controller-f86fcd76c-qgw86,1.0,13631488
2026-09-16T14:44:24.263283+00:00,kube-system,coredns-8db54c48d-h2bc9,2.0,25165824
2026-09-16T14:44:24.263283+00:00,kube-system,kwok-controller-5cf8c7c44b-wmm4g,93.0,35651584
2026-09-16T14:44:24.263283+00:00,kube-system,local-path-provisioner-5d9d9885bc-pqnq2,1.0,13631488
2026-09-16T14:44:24.263283+00:00,kube-system,metrics-server-75dc6f8d87-wfq8p,33.0,55574528
2026-09-16T14:44:24.263283+00:00,kube-system,svclb-traefik-1c0eca4d-9wc8r,0.0,0
2026-09-16T14:44:24.263283+00:00,kube-system,traefik-9bcdbbd9-v6fcx,1.0,40894464
2026-09-16T14:44:24.263283+00:00,pyroscope,pyroscope-0,9.0,66060288
2026-09-16T14:44:24.263283+00:00,pyroscope,pyroscope-alloy-0,51.0,130023424
2026-09-16T14:44:30.502346+00:00,grove-system,grove-operator-67d9846db9-7hfl4,42.0,113246208
2026-09-16T14:44:30.502346+00:00,kai-scheduler,admission-86666f457d-z8xrj,1.0,13631488
2026-09-16T14:44:30.502346+00:00,kai-scheduler,binder-869fc94c7-qhfb6,36.0,73400320
2026-09-16T14:44:30.502346+00:00,kai-scheduler,kai-operator-69b5d7bcf7-pf5h6,1.0,60817408
2026-09-16T14:44:30.502346+00:00,kai-scheduler,kai-scheduler-default-84cb767847-php4b,42.0,100663296
2026-09-16T14:44:30.502346+00:00,kai-scheduler,pod-grouper-65456f756-pbhlk,1.0,11534336
2026-09-16T14:44:30.502346+00:00,kai-scheduler,podgroup-controller-68f9cc8dbf-stpwz,1.0,11534336
2026-09-16T14:44:30.502346+00:00,kai-scheduler,queue-controller-f86fcd76c-qgw86,1.0,13631488
2026-09-16T14:44:30.502346+00:00,kube-system,coredns-8db54c48d-h2bc9,2.0,25165824
2026-09-16T14:44:30.502346+00:00,kube-system,kwok-controller-5cf8c7c44b-wmm4g,93.0,35651584
2026-09-16T14:44:30.502346+00:00,kube-system,local-path-provisioner-5d9d9885bc-pqnq2,1.0,13631488
2026-09-16T14:44:30.502346+00:00,kube-system,metrics-server-75dc6f8d87-wfq8p,33.0,55574528
2026-09-16T14:44:30.502346+00:00,kube-system,svclb-traefik-1c0eca4d-9wc8r,0.0,0
2026-09-16T14:44:30.502346+00:00,kube-system,traefik-9bcdbbd9-v6fcx,1.0,40894464
2026-09-16T14:44:30.502346+00:00,pyroscope,pyroscope-0,9.0,66060288
2026-09-16T14:44:30.502346+00:00,pyroscope,pyroscope-alloy-0,51.0,130023424
2026-09-16T14:44:36.741144+00:00,grove-system,grove-operator-67d9846db9-7hfl4,41.0,109051904
2026-09-16T14:44:36.741144+00:00,kai-scheduler,admission-86666f457d-z8xrj,1.0,13631488
2026-09-16T14:44:36.741144+00:00,kai-scheduler,binder-869fc94c7-qhfb6,21.0,77594624
2026-09-16T14:44:36.741144+00:00,kai-scheduler,kai-operator-69b5d7bcf7-pf5h6,2.0,59768832
2026-09-16T14:44:36.741144+00:00,kai-scheduler,kai-scheduler-default-84cb767847-php4b,15.0,104857600
2026-09-16T14:44:36.741144+00:00,kai-scheduler,pod-grouper-65456f756-pbhlk,1.0,11534336
2026-09-16T14:44:36.741144+00:00,kai-scheduler,podgroup-controller-68f9cc8dbf-stpwz,1.0,11534336
2026-09-16T14:44:36.741144+00:00,kai-scheduler,queue-controller-f86fcd76c-qgw86,1.0,13631488
2026-09-16T14:44:36.741144+00:00,kube-system,coredns-8db54c48d-h2bc9,3.0,25165824
2026-09-16T14:44:36.741144+00:00,kube-system,kwok-controller-5cf8c7c44b-wmm4g,8.0,32505856
2026-09-16T14:44:36.741144+00:00,kube-system,local-path-provisioner-5d9d9885bc-pqnq2,1.0,13631488
2026-09-16T14:44:36.741144+00:00,kube-system,metrics-server-75dc6f8d87-wfq8p,11.0,55574528
2026-09-16T14:44:36.741144+00:00,kube-system,svclb-traefik-1c0eca4d-9wc8r,0.0,0
2026-09-16T14:44:36.741144+00:00,kube-system,traefik-9bcdbbd9-v6fcx,2.0,39845888
2026-09-16T14:44:36.741144+00:00,pyroscope,pyroscope-0,5.0,65011712
2026-09-16T14:44:36.741144+00:00,pyroscope,pyroscope-alloy-0,21.0,135266304
2026-09-16T14:44:42.977580+00:00,grove-system,grove-operator-67d9846db9-7hfl4,41.0,109051904
2026-09-16T14:44:42.977580+00:00,kai-scheduler,admission-86666f457d-z8xrj,1.0,13631488
2026-09-16T14:44:42.977580+00:00,kai-scheduler,binder-869fc94c7-qhfb6,21.0,77594624
2026-09-16T14:44:42.977580+00:00,kai-scheduler,kai-operator-69b5d7bcf7-pf5h6,2.0,59768832
2026-09-16T14:44:42.977580+00:00,kai-scheduler,kai-scheduler-default-84cb767847-php4b,15.0,104857600
2026-09-16T14:44:42.977580+00:00,kai-scheduler,pod-grouper-65456f756-pbhlk,1.0,11534336
2026-09-16T14:44:42.977580+00:00,kai-scheduler,podgroup-controller-68f9cc8dbf-stpwz,1.0,11534336
2026-09-16T14:44:42.977580+00:00,kai-scheduler,queue-controller-f86fcd76c-qgw86,1.0,13631488
2026-09-16T14:44:42.977580+00:00,kube-system,coredns-8db54c48d-h2bc9,3.0,25165824
2026-09-16T14:44:42.977580+00:00,kube-system,kwok-controller-5cf8c7c44b-wmm4g,8.0,32505856
2026-09-16T14:44:42.977580+00:00,kube-system,local-path-provisioner-5d9d9885bc-pqnq2,1.0,13631488
2026-09-16T14:44:42.977580+00:00,kube-system,metrics-server-75dc6f8d87-wfq8p,11.0,55574528
2026-09-16T14:44:42.977580+00:00,kube-system,svclb-traefik-1c0eca4d-9wc8r,0.0,0
2026-09-16T14:44:42.977580+00:00,kube-system,traefik-9bcdbbd9-v6fcx,2.0,39845888
2026-09-16T14:44:42.977580+00:00,pyroscope,pyroscope-0,5.0,65011712
2026-09-16T14:44:42.977580+00:00,pyroscope,pyroscope-alloy-0,21.0,135266304
2026-09-16T14:44:49.210750+00:00,grove-system,grove-operator-67d9846db9-7hfl4,41.0,109051904
2026-09-16T14:44:49.210750+00:00,kai-scheduler,admission-86666f457d-z8xrj,1.0,13631488
2026-09-16T14:44:49.210750+00:00,kai-scheduler,binder-869fc94c7-qhfb6,21.0,77594624
2026-09-16T14:44:49.210750+00:00,kai-scheduler,kai-operator-69b5d7bcf7-pf5h6,2.0,59768832
2026-09-16T14:44:49.210750+00:00,kai-scheduler,kai-scheduler-default-84cb767847-php4b,15.0,104857600
2026-09-16T14:44:49.210750+00:00,kai-scheduler,pod-grouper-65456f756-pbhlk,1.0,11534336
2026-09-16T14:44:49.210750+00:00,kai-scheduler,podgroup-controller-68f9cc8dbf-stpwz,1.0,11534336
2026-09-16T14:44:49.210750+00:00,kai-scheduler,queue-controller-f86fcd76c-qgw86,1.0,13631488
2026-09-16T14:44:49.210750+00:00,kube-system,coredns-8db54c48d-h2bc9,3.0,25165824
2026-09-16T14:44:49.210750+00:00,kube-system,kwok-controller-5cf8c7c44b-wmm4g,8.0,32505856
2026-09-16T14:44:49.210750+00:00,kube-system,local-path-provisioner-5d9d9885bc-pqnq2,1.0,13631488
2026-09-16T14:44:49.210750+00:00,kube-system,metrics-server-75dc6f8d87-wfq8p,11.0,55574528
2026-09-16T14:44:49.210750+00:00,kube-system,svclb-traefik-1c0eca4d-9wc8r,0.0,0
2026-09-16T14:44:49.210750+00:00,kube-system,traefik-9bcdbbd9-v6fcx,2.0,39845888
2026-09-16T14:44:49.210750+00:00,pyroscope,pyroscope-0,5.0,65011712
2026-09-16T14:44:49.210750+00:00,pyroscope,pyroscope-alloy-0,21.0,135266304
2026-09-16T14:44:55.449312+00:00,grove-system,grove-operator-67d9846db9-7hfl4,39.0,108003328
2026-09-16T14:44:55.449312+00:00,kai-scheduler,admission-86666f457d-z8xrj,1.0,13631488
2026-09-16T14:44:55.449312+00:00,kai-scheduler,binder-869fc94c7-qhfb6,47.0,76546048
2026-09-16T14:44:55.449312+00:00,kai-scheduler,kai-operator-69b5d7bcf7-pf5h6,1.0,59768832
2026-09-16T14:44:55.449312+00:00,kai-scheduler,kai-scheduler-default-84cb767847-php4b,36.0,98566144
2026-09-16T14:44:55.449312+00:00,kai-scheduler,pod-grouper-65456f756-pbhlk,1.0,11534336
2026-09-16T14:44:55.449312+00:00,kai-scheduler,podgroup-controller-68f9cc8dbf-stpwz,1.0,11534336
2026-09-16T14:44:55.449312+00:00,kai-scheduler,queue-controller-f86fcd76c-qgw86,1.0,13631488
2026-09-16T14:44:55.449312+00:00,kube-system,coredns-8db54c48d-h2bc9,2.0,23068672
2026-09-16T14:44:55.449312+00:00,kube-system,kwok-controller-5cf8c7c44b-wmm4g,80.0,36700160
2026-09-16T14:44:55.449312+00:00,kube-system,local-path-provisioner-5d9d9885bc-pqnq2,1.0,13631488
2026-09-16T14:44:55.449312+00:00,kube-system,metrics-server-75dc6f8d87-wfq8p,34.0,55574528
2026-09-16T14:44:55.449312+00:00,kube-system,svclb-traefik-1c0eca4d-9wc8r,0.0,0
2026-09-16T14:44:55.449312+00:00,kube-system,traefik-9bcdbbd9-v6fcx,2.0,39845888
2026-09-16T14:44:55.449312+00:00,pyroscope,pyroscope-0,5.0,65011712
2026-09-16T14:44:55.449312+00:00,pyroscope,pyroscope-alloy-0,46.0,132120576
2026-09-16T14:45:01.730328+00:00,grove-system,grove-operator-67d9846db9-7hfl4,39.0,108003328
2026-09-16T14:45:01.730328+00:00,kai-scheduler,admission-86666f457d-z8xrj,1.0,13631488
2026-09-16T14:45:01.730328+00:00,kai-scheduler,binder-869fc94c7-qhfb6,47.0,76546048
2026-09-16T14:45:01.730328+00:00,kai-scheduler,kai-operator-69b5d7bcf7-pf5h6,1.0,59768832
2026-09-16T14:45:01.730328+00:00,kai-scheduler,kai-scheduler-default-84cb767847-php4b,36.0,98566144
2026-09-16T14:45:01.730328+00:00,kai-scheduler,pod-grouper-65456f756-pbhlk,1.0,11534336
2026-09-16T14:45:01.730328+00:00,kai-scheduler,podgroup-controller-68f9cc8dbf-stpwz,1.0,11534336
2026-09-16T14:45:01.730328+00:00,kai-scheduler,queue-controller-f86fcd76c-qgw86,1.0,13631488
2026-09-16T14:45:01.730328+00:00,kube-system,coredns-8db54c48d-h2bc9,2.0,23068672
2026-09-16T14:45:01.730328+00:00,kube-system,kwok-controller-5cf8c7c44b-wmm4g,80.0,36700160
2026-09-16T14:45:01.730328+00:00,kube-system,local-path-provisioner-5d9d9885bc-pqnq2,1.0,13631488
2026-09-16T14:45:01.730328+00:00,kube-system,metrics-server-75dc6f8d87-wfq8p,34.0,55574528
2026-09-16T14:45:01.730328+00:00,kube-system,svclb-traefik-1c0eca4d-9wc8r,0.0,0
2026-09-16T14:45:01.730328+00:00,kube-system,traefik-9bcdbbd9-v6fcx,2.0,39845888
2026-09-16T14:45:01.730328+00:00,pyroscope,pyroscope-0,5.0,65011712
2026-09-16T14:45:01.730328+00:00,pyroscope,pyroscope-alloy-0,46.0,132120576
2026-09-16T14:45:07.989531+00:00,grove-system,grove-operator-67d9846db9-7hfl4,203.0,119537664
2026-09-16T14:45:07.989531+00:00,kai-scheduler,admission-86666f457d-z8xrj,1.0,13631488
2026-09-16T14:45:07.989531+00:00,kai-scheduler,binder-869fc94c7-qhfb6,43.0,85983232
2026-09-16T14:45:07.989531+00:00,kai-scheduler,kai-operator-69b5d7bcf7-pf5h6,11.0,60817408
2026-09-16T14:45:07.989531+00:00,kai-scheduler,kai-scheduler-default-84cb767847-php4b,28.0,96468992
2026-09-16T14:45:07.989531+00:00,kai-scheduler,pod-grouper-65456f756-pbhlk,1.0,11534336
2026-09-16T14:45:07.989531+00:00,kai-scheduler,podgroup-controller-68f9cc8dbf-stpwz,1.0,11534336
2026-09-16T14:45:07.989531+00:00,kai-scheduler,queue-controller-f86fcd76c-qgw86,1.0,13631488
2026-09-16T14:45:07.989531+00:00,kube-system,coredns-8db54c48d-h2bc9,4.0,23068672
2026-09-16T14:45:07.989531+00:00,kube-system,kwok-controller-5cf8c7c44b-wmm4g,50.0,33554432
2026-09-16T14:45:07.989531+00:00,kube-system,local-path-provisioner-5d9d9885bc-pqnq2,1.0,13631488
2026-09-16T14:45:07.989531+00:00,kube-system,metrics-server-75dc6f8d87-wfq8p,26.0,55574528
2026-09-16T14:45:07.989531+00:00,kube-system,svclb-traefik-1c0eca4d-9wc8r,0.0,0
2026-09-16T14:45:07.989531+00:00,kube-system,traefik-9bcdbbd9-v6fcx,6.0,42991616
2026-09-16T14:45:07.989531+00:00,pyroscope,pyroscope-0,7.0,92274688
2026-09-16T14:45:07.989531+00:00,pyroscope,pyroscope-alloy-0,21.0,134217728
2026-09-16T14:45:14.242160+00:00,grove-system,grove-operator-67d9846db9-7hfl4,203.0,119537664
2026-09-16T14:45:14.242160+00:00,kai-scheduler,admission-86666f457d-z8xrj,1.0,13631488
2026-09-16T14:45:14.242160+00:00,kai-scheduler,binder-869fc94c7-qhfb6,43.0,85983232
2026-09-16T14:45:14.242160+00:00,kai-scheduler,kai-operator-69b5d7bcf7-pf5h6,11.0,60817408
2026-09-16T14:45:14.242160+00:00,kai-scheduler,kai-scheduler-default-84cb767847-php4b,28.0,96468992
2026-09-16T14:45:14.242160+00:00,kai-scheduler,pod-grouper-65456f756-pbhlk,1.0,11534336
2026-09-16T14:45:14.242160+00:00,kai-scheduler,podgroup-controller-68f9cc8dbf-stpwz,1.0,11534336
2026-09-16T14:45:14.242160+00:00,kai-scheduler,queue-controller-f86fcd76c-qgw86,1.0,13631488
2026-09-16T14:45:14.242160+00:00,kube-system,coredns-8db54c48d-h2bc9,4.0,23068672
2026-09-16T14:45:14.242160+00:00,kube-system,kwok-controller-5cf8c7c44b-wmm4g,50.0,33554432
2026-09-16T14:45:14.242160+00:00,kube-system,local-path-provisioner-5d9d9885bc-pqnq2,1.0,13631488
2026-09-16T14:45:14.242160+00:00,kube-system,metrics-server-75dc6f8d87-wfq8p,26.0,55574528
2026-09-16T14:45:14.242160+00:00,kube-system,svclb-traefik-1c0eca4d-9wc8r,0.0,0
2026-09-16T14:45:14.242160+00:00,kube-system,traefik-9bcdbbd9-v6fcx,6.0,42991616
2026-09-16T14:45:14.242160+00:00,pyroscope,pyroscope-0,7.0,92274688
2026-09-16T14:45:14.242160+00:00,pyroscope,pyroscope-alloy-0,21.0,134217728
2026-09-16T14:45:20.496724+00:00,grove-system,grove-operator-67d9846db9-7hfl4,203.0,119537664
2026-09-16T14:45:20.496724+00:00,kai-scheduler,admission-86666f457d-z8xrj,1.0,13631488
2026-09-16T14:45:20.496724+00:00,kai-scheduler,binder-869fc94c7-qhfb6,43.0,85983232
2026-09-16T14:45:20.496724+00:00,kai-scheduler,kai-operator-69b5d7bcf7-pf5h6,11.0,60817408
2026-09-16T14:45:20.496724+00:00,kai-scheduler,kai-scheduler-default-84cb767847-php4b,28.0,96468992
2026-09-16T14:45:20.496724+00:00,kai-scheduler,pod-grouper-65456f756-pbhlk,1.0,11534336
2026-09-16T14:45:20.496724+00:00,kai-scheduler,podgroup-controller-68f9cc8dbf-stpwz,1.0,11534336
2026-09-16T14:45:20.496724+00:00,kai-scheduler,queue-controller-f86fcd76c-qgw86,1.0,13631488
2026-09-16T14:45:20.496724+00:00,kube-system,coredns-8db54c48d-h2bc9,4.0,23068672
2026-09-16T14:45:20.496724+00:00,kube-system,kwok-controller-5cf8c7c44b-wmm4g,50.0,33554432
2026-09-16T14:45:20.496724+00:00,kube-system,local-path-provisioner-5d9d9885bc-pqnq2,1.0,13631488
2026-09-16T14:45:20.496724+00:00,kube-system,metrics-server-75dc6f8d87-wfq8p,26.0,55574528
2026-09-16T14:45:20.496724+00:00,kube-system,svclb-traefik-1c0eca4d-9wc8r,0.0,0
2026-09-16T14:45:20.496724+00:00,kube-system,traefik-9bcdbbd9-v6fcx,6.0,42991616
2026-09-16T14:45:20.496724+00:00,pyroscope,pyroscope-0,7.0,92274688
2026-09-16T14:45:20.496724+00:00,pyroscope,pyroscope-alloy-0,21.0,134217728
2026-09-16T14:45:26.728832+00:00,grove-system,grove-operator-67d9846db9-7hfl4,1129.0,135266304
2026-09-16T14:45:26.728832+00:00,kai-scheduler,admission-86666f457d-z8xrj,1.0,13631488
2026-09-16T14:45:26.728832+00:00,kai-scheduler,binder-869fc94c7-qhfb6,43.0,85983232
2026-09-16T14:45:26.728832+00:00,kai-scheduler,kai-operator-69b5d7bcf7-pf5h6,3.0,59768832
2026-09-16T14:45:26.728832+00:00,kai-scheduler,kai-scheduler-default-84cb767847-php4b,68.0,97517568
2026-09-16T14:45:26.728832+00:00,kai-scheduler,pod-grouper-65456f756-pbhlk,1.0,11534336
2026-09-16T14:45:26.728832+00:00,kai-scheduler,podgroup-controller-68f9cc8dbf-stpwz,1.0,11534336
2026-09-16T14:45:26.728832+00:00,kai-scheduler,queue-controller-f86fcd76c-qgw86,1.0,13631488
2026-09-16T14:45:26.728832+00:00,kube-system,coredns-8db54c48d-h2bc9,10.0,24117248
2026-09-16T14:45:26.728832+00:00,kube-system,kwok-controller-5cf8c7c44b-wmm4g,188.0,34603008
2026-09-16T14:45:26.728832+00:00,kube-system,local-path-provisioner-5d9d9885bc-pqnq2,1.0,13631488
2026-09-16T14:45:26.728832+00:00,kube-system,metrics-server-75dc6f8d87-wfq8p,19.0,55574528
2026-09-16T14:45:26.728832+00:00,kube-system,svclb-traefik-1c0eca4d-9wc8r,0.0,0
2026-09-16T14:45:26.728832+00:00,kube-system,traefik-9bcdbbd9-v6fcx,21.0,41943040
2026-09-16T14:45:26.728832+00:00,pyroscope,pyroscope-0,8.0,61865984
2026-09-16T14:45:26.728832+00:00,pyroscope,pyroscope-alloy-0,100.0,152043520
2026-09-16T14:45:32.968851+00:00,grove-system,grove-operator-67d9846db9-7hfl4,1129.0,135266304
2026-09-16T14:45:32.968851+00:00,kai-scheduler,admission-86666f457d-z8xrj,1.0,13631488
2026-09-16T14:45:32.968851+00:00,kai-scheduler,binder-869fc94c7-qhfb6,43.0,85983232
2026-09-16T14:45:32.968851+00:00,kai-scheduler,kai-operator-69b5d7bcf7-pf5h6,3.0,59768832
2026-09-16T14:45:32.968851+00:00,kai-scheduler,kai-scheduler-default-84cb767847-php4b,68.0,97517568
2026-09-16T14:45:32.968851+00:00,kai-scheduler,pod-grouper-65456f756-pbhlk,1.0,11534336
2026-09-16T14:45:32.968851+00:00,kai-scheduler,podgroup-controller-68f9cc8dbf-stpwz,1.0,11534336
2026-09-16T14:45:32.968851+00:00,kai-scheduler,queue-controller-f86fcd76c-qgw86,1.0,13631488
2026-09-16T14:45:32.968851+00:00,kube-system,coredns-8db54c48d-h2bc9,10.0,24117248
2026-09-16T14:45:32.968851+00:00,kube-system,kwok-controller-5cf8c7c44b-wmm4g,188.0,34603008
2026-09-16T14:45:32.968851+00:00,kube-system,local-path-provisioner-5d9d9885bc-pqnq2,1.0,13631488
2026-09-16T14:45:32.968851+00:00,kube-system,metrics-server-75dc6f8d87-wfq8p,19.0,55574528
2026-09-16T14:45:32.968851+00:00,kube-system,svclb-traefik-1c0eca4d-9wc8r,0.0,0
2026-09-16T14:45:32.968851+00:00,kube-system,traefik-9bcdbbd9-v6fcx,21.0,41943040
2026-09-16T14:45:32.968851+00:00,pyroscope,pyroscope-0,8.0,61865984
2026-09-16T14:45:32.968851+00:00,pyroscope,pyroscope-alloy-0,100.0,152043520
2026-09-16T14:45:39.207784+00:00,grove-system,grove-operator-67d9846db9-7hfl4,573.0,138412032
2026-09-16T14:45:39.207784+00:00,kai-scheduler,admission-86666f457d-z8xrj,1.0,13631488
2026-09-16T14:45:39.207784+00:00,kai-scheduler,binder-869fc94c7-qhfb6,95.0,121634816
2026-09-16T14:45:39.207784+00:00,kai-scheduler,kai-operator-69b5d7bcf7-pf5h6,2.0,59768832
2026-09-16T14:45:39.207784+00:00,kai-scheduler,kai-scheduler-default-84cb767847-php4b,97.0,120586240
2026-09-16T14:45:39.207784+00:00,kai-scheduler,pod-grouper-65456f756-pbhlk,1.0,11534336
2026-09-16T14:45:39.207784+00:00,kai-scheduler,podgroup-controller-68f9cc8dbf-stpwz,1.0,11534336
2026-09-16T14:45:39.207784+00:00,kai-scheduler,queue-controller-f86fcd76c-qgw86,1.0,13631488
2026-09-16T14:45:39.207784+00:00,kube-system,coredns-8db54c48d-h2bc9,8.0,25165824
2026-09-16T14:45:39.207784+00:00,kube-system,kwok-controller-5cf8c7c44b-wmm4g,185.0,33554432
2026-09-16T14:45:39.207784+00:00,kube-system,local-path-provisioner-5d9d9885bc-pqnq2,1.0,13631488
2026-09-16T14:45:39.207784+00:00,kube-system,metrics-server-75dc6f8d87-wfq8p,24.0,54525952
2026-09-16T14:45:39.207784+00:00,kube-system,svclb-traefik-1c0eca4d-9wc8r,0.0,0
2026-09-16T14:45:39.207784+00:00,kube-system,traefik-9bcdbbd9-v6fcx,15.0,41943040
2026-09-16T14:45:39.207784+00:00,pyroscope,pyroscope-0,8.0,61865984
2026-09-16T14:45:39.207784+00:00,pyroscope,pyroscope-alloy-0,70.0,160432128
2026-09-16T14:45:45.448968+00:00,grove-system,grove-operator-67d9846db9-7hfl4,573.0,138412032
2026-09-16T14:45:45.448968+00:00,kai-scheduler,admission-86666f457d-z8xrj,1.0,13631488
2026-09-16T14:45:45.448968+00:00,kai-scheduler,binder-869fc94c7-qhfb6,95.0,121634816
2026-09-16T14:45:45.448968+00:00,kai-scheduler,kai-operator-69b5d7bcf7-pf5h6,2.0,59768832
2026-09-16T14:45:45.448968+00:00,kai-scheduler,kai-scheduler-default-84cb767847-php4b,97.0,120586240
2026-09-16T14:45:45.448968+00:00,kai-scheduler,pod-grouper-65456f756-pbhlk,1.0,11534336
2026-09-16T14:45:45.448968+00:00,kai-scheduler,podgroup-controller-68f9cc8dbf-stpwz,1.0,11534336
2026-09-16T14:45:45.448968+00:00,kai-scheduler,queue-controller-f86fcd76c-qgw86,1.0,13631488
2026-09-16T14:45:45.448968+00:00,kube-system,coredns-8db54c48d-h2bc9,8.0,25165824
2026-09-16T14:45:45.448968+00:00,kube-system,kwok-controller-5cf8c7c44b-wmm4g,185.0,33554432
2026-09-16T14:45:45.448968+00:00,kube-system,local-path-provisioner-5d9d9885bc-pqnq2,1.0,13631488
2026-09-16T14:45:45.448968+00:00,kube-system,metrics-server-75dc6f8d87-wfq8p,24.0,54525952
2026-09-16T14:45:45.448968+00:00,kube-system,svclb-traefik-1c0eca4d-9wc8r,0.0,0
2026-09-16T14:45:45.448968+00:00,kube-system,traefik-9bcdbbd9-v6fcx,15.0,41943040
2026-09-16T14:45:45.448968+00:00,pyroscope,pyroscope-0,8.0,61865984
2026-09-16T14:45:45.448968+00:00,pyroscope,pyroscope-alloy-0,70.0,160432128
2026-09-16T14:45:51.700956+00:00,grove-system,grove-operator-67d9846db9-7hfl4,49.0,132120576
2026-09-16T14:45:51.700956+00:00,kai-scheduler,admission-86666f457d-z8xrj,1.0,13631488
2026-09-16T14:45:51.700956+00:00,kai-scheduler,binder-869fc94c7-qhfb6,31.0,120586240
2026-09-16T14:45:51.700956+00:00,kai-scheduler,kai-operator-69b5d7bcf7-pf5h6,1.0,59768832
2026-09-16T14:45:51.700956+00:00,kai-scheduler,kai-scheduler-default-84cb767847-php4b,29.0,146800640
2026-09-16T14:45:51.700956+00:00,kai-scheduler,pod-grouper-65456f756-pbhlk,1.0,11534336
2026-09-16T14:45:51.700956+00:00,kai-scheduler,podgroup-controller-68f9cc8dbf-stpwz,1.0,11534336
2026-09-16T14:45:51.700956+00:00,kai-scheduler,queue-controller-f86fcd76c-qgw86,1.0,13631488
2026-09-16T14:45:51.700956+00:00,kube-system,coredns-8db54c48d-h2bc9,3.0,25165824
2026-09-16T14:45:51.700956+00:00,kube-system,kwok-controller-5cf8c7c44b-wmm4g,36.0,34603008
2026-09-16T14:45:51.700956+00:00,kube-system,local-path-provisioner-5d9d9885bc-pqnq2,1.0,13631488
2026-09-16T14:45:51.700956+00:00,kube-system,metrics-server-75dc6f8d87-wfq8p,14.0,57671680
2026-09-16T14:45:51.700956+00:00,kube-system,svclb-traefik-1c0eca4d-9wc8r,0.0,0
2026-09-16T14:45:51.700956+00:00,kube-system,traefik-9bcdbbd9-v6fcx,6.0,41943040
2026-09-16T14:45:51.700956+00:00,pyroscope,pyroscope-0,8.0,63963136
2026-09-16T14:45:51.700956+00:00,pyroscope,pyroscope-alloy-0,28.0,161480704
2026-09-16T14:45:57.939024+00:00,grove-system,grove-operator-67d9846db9-7hfl4,49.0,132120576
2026-09-16T14:45:57.939024+00:00,kai-scheduler,admission-86666f457d-z8xrj,1.0,13631488
2026-09-16T14:45:57.939024+00:00,kai-scheduler,binder-869fc94c7-qhfb6,31.0,120586240
2026-09-16T14:45:57.939024+00:00,kai-scheduler,kai-operator-69b5d7bcf7-pf5h6,1.0,59768832
2026-09-16T14:45:57.939024+00:00,kai-scheduler,kai-scheduler-default-84cb767847-php4b,29.0,146800640
2026-09-16T14:45:57.939024+00:00,kai-scheduler,pod-grouper-65456f756-pbhlk,1.0,11534336
2026-09-16T14:45:57.939024+00:00,kai-scheduler,podgroup-controller-68f9cc8dbf-stpwz,1.0,11534336
2026-09-16T14:45:57.939024+00:00,kai-scheduler,queue-controller-f86fcd76c-qgw86,1.0,13631488
2026-09-16T14:45:57.939024+00:00,kube-system,coredns-8db54c48d-h2bc9,3.0,25165824
2026-09-16T14:45:57.939024+00:00,kube-system,kwok-controller-5cf8c7c44b-wmm4g,36.0,34603008
2026-09-16T14:45:57.939024+00:00,kube-system,local-path-provisioner-5d9d9885bc-pqnq2,1.0,13631488
2026-09-16T14:45:57.939024+00:00,kube-system,metrics-server-75dc6f8d87-wfq8p,14.0,57671680
2026-09-16T14:45:57.939024+00:00,kube-system,svclb-traefik-1c0eca4d-9wc8r,0.0,0
2026-09-16T14:45:57.939024+00:00,kube-system,traefik-9bcdbbd9-v6fcx,6.0,41943040
2026-09-16T14:45:57.939024+00:00,pyroscope,pyroscope-0,8.0,63963136
2026-09-16T14:45:57.939024+00:00,pyroscope,pyroscope-alloy-0,28.0,161480704
2026-09-16T14:46:04.169582+00:00,grove-system,grove-operator-67d9846db9-7hfl4,49.0,132120576
2026-09-16T14:46:04.169582+00:00,kai-scheduler,admission-86666f457d-z8xrj,1.0,13631488
2026-09-16T14:46:04.169582+00:00,kai-scheduler,binder-869fc94c7-qhfb6,31.0,120586240
2026-09-16T14:46:04.169582+00:00,kai-scheduler,kai-operator-69b5d7bcf7-pf5h6,1.0,59768832
2026-09-16T14:46:04.169582+00:00,kai-scheduler,kai-scheduler-default-84cb767847-php4b,29.0,146800640
2026-09-16T14:46:04.169582+00:00,kai-scheduler,pod-grouper-65456f756-pbhlk,1.0,11534336
2026-09-16T14:46:04.169582+00:00,kai-scheduler,podgroup-controller-68f9cc8dbf-stpwz,1.0,11534336
2026-09-16T14:46:04.169582+00:00,kai-scheduler,queue-controller-f86fcd76c-qgw86,1.0,13631488
2026-09-16T14:46:04.169582+00:00,kube-system,coredns-8db54c48d-h2bc9,3.0,25165824
2026-09-16T14:46:04.169582+00:00,kube-system,kwok-controller-5cf8c7c44b-wmm4g,36.0,34603008
2026-09-16T14:46:04.169582+00:00,kube-system,local-path-provisioner-5d9d9885bc-pqnq2,1.0,13631488
2026-09-16T14:46:04.169582+00:00,kube-system,metrics-server-75dc6f8d87-wfq8p,14.0,57671680
2026-09-16T14:46:04.169582+00:00,kube-system,svclb-traefik-1c0eca4d-9wc8r,0.0,0
2026-09-16T14:46:04.169582+00:00,kube-system,traefik-9bcdbbd9-v6fcx,6.0,41943040
2026-09-16T14:46:04.169582+00:00,pyroscope,pyroscope-0,8.0,63963136
2026-09-16T14:46:04.169582+00:00,pyroscope,pyroscope-alloy-0,28.0,161480704
2026-09-16T14:46:10.402431+00:00,grove-system,grove-operator-67d9846db9-7hfl4,40.0,130023424
2026-09-16T14:46:10.402431+00:00,kai-scheduler,admission-86666f457d-z8xrj,1.0,13631488
2026-09-16T14:46:10.402431+00:00,kai-scheduler,binder-869fc94c7-qhfb6,31.0,120586240
2026-09-16T14:46:10.402431+00:00,kai-scheduler,kai-operator-69b5d7bcf7-pf5h6,1.0,59768832
2026-09-16T14:46:10.402431+00:00,kai-scheduler,kai-scheduler-default-84cb767847-php4b,42.0,123731968
2026-09-16T14:46:10.402431+00:00,kai-scheduler,pod-grouper-65456f756-pbhlk,1.0,11534336
2026-09-16T14:46:10.402431+00:00,kai-scheduler,podgroup-controller-68f9cc8dbf-stpwz,1.0,11534336
2026-09-16T14:46:10.402431+00:00,kai-scheduler,queue-controller-f86fcd76c-qgw86,1.0,13631488
2026-09-16T14:46:10.402431+00:00,kube-system,coredns-8db54c48d-h2bc9,2.0,25165824
2026-09-16T14:46:10.402431+00:00,kube-system,kwok-controller-5cf8c7c44b-wmm4g,88.0,34603008
2026-09-16T14:46:10.402431+00:00,kube-system,local-path-provisioner-5d9d9885bc-pqnq2,1.0,13631488
2026-09-16T14:46:10.402431+00:00,kube-system,metrics-server-75dc6f8d87-wfq8p,32.0,60817408
2026-09-16T14:46:10.402431+00:00,kube-system,svclb-traefik-1c0eca4d-9wc8r,0.0,0
2026-09-16T14:46:10.402431+00:00,kube-system,traefik-9bcdbbd9-v6fcx,1.0,40894464
2026-09-16T14:46:10.402431+00:00,pyroscope,pyroscope-0,6.0,61865984
2026-09-16T14:46:10.402431+00:00,pyroscope,pyroscope-alloy-0,53.0,166723584
2026-09-16T14:46:16.638293+00:00,grove-system,grove-operator-67d9846db9-7hfl4,40.0,130023424
2026-09-16T14:46:16.638293+00:00,kai-scheduler,admission-86666f457d-z8xrj,1.0,13631488
2026-09-16T14:46:16.638293+00:00,kai-scheduler,binder-869fc94c7-qhfb6,31.0,120586240
2026-09-16T14:46:16.638293+00:00,kai-scheduler,kai-operator-69b5d7bcf7-pf5h6,1.0,59768832
2026-09-16T14:46:16.638293+00:00,kai-scheduler,kai-scheduler-default-84cb767847-php4b,42.0,123731968
2026-09-16T14:46:16.638293+00:00,kai-scheduler,pod-grouper-65456f756-pbhlk,1.0,11534336
2026-09-16T14:46:16.638293+00:00,kai-scheduler,podgroup-controller-68f9cc8dbf-stpwz,1.0,11534336
2026-09-16T14:46:16.638293+00:00,kai-scheduler,queue-controller-f86fcd76c-qgw86,1.0,13631488
2026-09-16T14:46:16.638293+00:00,kube-system,coredns-8db54c48d-h2bc9,2.0,25165824
2026-09-16T14:46:16.638293+00:00,kube-system,kwok-controller-5cf8c7c44b-wmm4g,88.0,34603008
2026-09-16T14:46:16.638293+00:00,kube-system,local-path-provisioner-5d9d9885bc-pqnq2,1.0,13631488
2026-09-16T14:46:16.638293+00:00,kube-system,metrics-server-75dc6f8d87-wfq8p,32.0,60817408
2026-09-16T14:46:16.638293+00:00,kube-system,svclb-traefik-1c0eca4d-9wc8r,0.0,0
2026-09-16T14:46:16.638293+00:00,kube-system,traefik-9bcdbbd9-v6fcx,1.0,40894464
2026-09-16T14:46:16.638293+00:00,pyroscope,pyroscope-0,6.0,61865984
2026-09-16T14:46:16.638293+00:00,pyroscope,pyroscope-alloy-0,53.0,166723584
2026-09-16T14:46:22.876790+00:00,grove-system,grove-operator-67d9846db9-7hfl4,45.0,126877696
2026-09-16T14:46:22.876790+00:00,kai-scheduler,admission-86666f457d-z8xrj,1.0,14680064
2026-09-16T14:46:22.876790+00:00,kai-scheduler,binder-869fc94c7-qhfb6,35.0,112197632
2026-09-16T14:46:22.876790+00:00,kai-scheduler,kai-operator-69b5d7bcf7-pf5h6,2.0,59768832
2026-09-16T14:46:22.876790+00:00,kai-scheduler,kai-scheduler-default-84cb767847-php4b,30.0,126877696
2026-09-16T14:46:22.876790+00:00,kai-scheduler,pod-grouper-65456f756-pbhlk,1.0,11534336
2026-09-16T14:46:22.876790+00:00,kai-scheduler,podgroup-controller-68f9cc8dbf-stpwz,1.0,11534336
2026-09-16T14:46:22.876790+00:00,kai-scheduler,queue-controller-f86fcd76c-qgw86,1.0,13631488
2026-09-16T14:46:22.876790+00:00,kube-system,coredns-8db54c48d-h2bc9,3.0,26214400
2026-09-16T14:46:22.876790+00:00,kube-system,kwok-controller-5cf8c7c44b-wmm4g,39.0,33554432
2026-09-16T14:46:22.876790+00:00,kube-system,local-path-provisioner-5d9d9885bc-pqnq2,1.0,13631488
2026-09-16T14:46:22.876790+00:00,kube-system,metrics-server-75dc6f8d87-wfq8p,20.0,60817408
2026-09-16T14:46:22.876790+00:00,kube-system,svclb-traefik-1c0eca4d-9wc8r,0.0,0
2026-09-16T14:46:22.876790+00:00,kube-system,traefik-9bcdbbd9-v6fcx,2.0,41943040
2026-09-16T14:46:22.876790+00:00,pyroscope,pyroscope-0,8.0,69206016
2026-09-16T14:46:22.876790+00:00,pyroscope,pyroscope-alloy-0,36.0,155189248
2026-09-16T14:46:29.110003+00:00,grove-system,grove-operator-67d9846db9-7hfl4,45.0,126877696
2026-09-16T14:46:29.110003+00:00,kai-scheduler,admission-86666f457d-z8xrj,1.0,14680064
2026-09-16T14:46:29.110003+00:00,kai-scheduler,binder-869fc94c7-qhfb6,35.0,112197632
2026-09-16T14:46:29.110003+00:00,kai-scheduler,kai-operator-69b5d7bcf7-pf5h6,2.0,59768832
2026-09-16T14:46:29.110003+00:00,kai-scheduler,kai-scheduler-default-84cb767847-php4b,30.0,126877696
2026-09-16T14:46:29.110003+00:00,kai-scheduler,pod-grouper-65456f756-pbhlk,1.0,11534336
2026-09-16T14:46:29.110003+00:00,kai-scheduler,podgroup-controller-68f9cc8dbf-stpwz,1.0,11534336
2026-09-16T14:46:29.110003+00:00,kai-scheduler,queue-controller-f86fcd76c-qgw86,1.0,13631488
2026-09-16T14:46:29.110003+00:00,kube-system,coredns-8db54c48d-h2bc9,3.0,26214400
2026-09-16T14:46:29.110003+00:00,kube-system,kwok-controller-5cf8c7c44b-wmm4g,39.0,33554432
2026-09-16T14:46:29.110003+00:00,kube-system,local-path-provisioner-5d9d9885bc-pqnq2,1.0,13631488
2026-09-16T14:46:29.110003+00:00,kube-system,metrics-server-75dc6f8d87-wfq8p,20.0,60817408
2026-09-16T14:46:29.110003+00:00,kube-system,svclb-traefik-1c0eca4d-9wc8r,0.0,0
2026-09-16T14:46:29.110003+00:00,kube-system,traefik-9bcdbbd9-v6fcx,2.0,41943040
2026-09-16T14:46:29.110003+00:00,pyroscope,pyroscope-0,8.0,69206016
2026-09-16T14:46:29.110003+00:00,pyroscope,pyroscope-alloy-0,36.0,155189248
2026-09-16T14:46:35.348816+00:00,grove-system,grove-operator-67d9846db9-7hfl4,45.0,126877696
2026-09-16T14:46:35.348816+00:00,kai-scheduler,admission-86666f457d-z8xrj,1.0,14680064
2026-09-16T14:46:35.348816+00:00,kai-scheduler,binder-869fc94c7-qhfb6,35.0,112197632
2026-09-16T14:46:35.348816+00:00,kai-scheduler,kai-operator-69b5d7bcf7-pf5h6,2.0,59768832
2026-09-16T14:46:35.348816+00:00,kai-scheduler,kai-scheduler-default-84cb767847-php4b,30.0,126877696
2026-09-16T14:46:35.348816+00:00,kai-scheduler,pod-grouper-65456f756-pbhlk,1.0,11534336
2026-09-16T14:46:35.348816+00:00,kai-scheduler,podgroup-controller-68f9cc8dbf-stpwz,1.0,11534336
2026-09-16T14:46:35.348816+00:00,kai-scheduler,queue-controller-f86fcd76c-qgw86,1.0,13631488
2026-09-16T14:46:35.348816+00:00,kube-system,coredns-8db54c48d-h2bc9,3.0,26214400
2026-09-16T14:46:35.348816+00:00,kube-system,kwok-controller-5cf8c7c44b-wmm4g,39.0,33554432
2026-09-16T14:46:35.348816+00:00,kube-system,local-path-provisioner-5d9d9885bc-pqnq2,1.0,13631488
2026-09-16T14:46:35.348816+00:00,kube-system,metrics-server-75dc6f8d87-wfq8p,20.0,60817408
2026-09-16T14:46:35.348816+00:00,kube-system,svclb-traefik-1c0eca4d-9wc8r,0.0,0
2026-09-16T14:46:35.348816+00:00,kube-system,traefik-9bcdbbd9-v6fcx,2.0,41943040
2026-09-16T14:46:35.348816+00:00,pyroscope,pyroscope-0,8.0,69206016
2026-09-16T14:46:35.348816+00:00,pyroscope,pyroscope-alloy-0,36.0,155189248
2026-09-16T14:46:41.582188+00:00,grove-system,grove-operator-67d9846db9-7hfl4,45.0,126877696
2026-09-16T14:46:41.582188+00:00,kai-scheduler,admission-86666f457d-z8xrj,1.0,13631488
2026-09-16T14:46:41.582188+00:00,kai-scheduler,binder-869fc94c7-qhfb6,26.0,108003328
2026-09-16T14:46:41.582188+00:00,kai-scheduler,kai-operator-69b5d7bcf7-pf5h6,1.0,59768832
2026-09-16T14:46:41.582188+00:00,kai-scheduler,kai-scheduler-default-84cb767847-php4b,20.0,130023424
2026-09-16T14:46:41.582188+00:00,kai-scheduler,pod-grouper-65456f756-pbhlk,1.0,11534336
2026-09-16T14:46:41.582188+00:00,kai-scheduler,podgroup-controller-68f9cc8dbf-stpwz,1.0,11534336
2026-09-16T14:46:41.582188+00:00,kai-scheduler,queue-controller-f86fcd76c-qgw86,1.0,13631488
2026-09-16T14:46:41.582188+00:00,kube-system,coredns-8db54c48d-h2bc9,2.0,26214400
2026-09-16T14:46:41.582188+00:00,kube-system,kwok-controller-5cf8c7c44b-wmm4g,69.0,36700160
2026-09-16T14:46:41.582188+00:00,kube-system,local-path-provisioner-5d9d9885bc-pqnq2,1.0,13631488
2026-09-16T14:46:41.582188+00:00,kube-system,metrics-server-75dc6f8d87-wfq8p,22.0,62914560
2026-09-16T14:46:41.582188+00:00,kube-system,svclb-traefik-1c0eca4d-9wc8r,0.0,0
2026-09-16T14:46:41.582188+00:00,kube-system,traefik-9bcdbbd9-v6fcx,2.0,40894464
2026-09-16T14:46:41.582188+00:00,pyroscope,pyroscope-0,5.0,71303168
2026-09-16T14:46:41.582188+00:00,pyroscope,pyroscope-alloy-0,25.0,156237824
2026-09-16T14:46:47.862491+00:00,grove-system,grove-operator-67d9846db9-7hfl4,45.0,126877696
2026-09-16T14:46:47.862491+00:00,kai-scheduler,admission-86666f457d-z8xrj,1.0,13631488
2026-09-16T14:46:47.862491+00:00,kai-scheduler,binder-869fc94c7-qhfb6,26.0,108003328
2026-09-16T14:46:47.862491+00:00,kai-scheduler,kai-operator-69b5d7bcf7-pf5h6,1.0,59768832
2026-09-16T14:46:47.862491+00:00,kai-scheduler,kai-scheduler-default-84cb767847-php4b,20.0,130023424
2026-09-16T14:46:47.862491+00:00,kai-scheduler,pod-grouper-65456f756-pbhlk,1.0,11534336
2026-09-16T14:46:47.862491+00:00,kai-scheduler,podgroup-controller-68f9cc8dbf-stpwz,1.0,11534336
2026-09-16T14:46:47.862491+00:00,kai-scheduler,queue-controller-f86fcd76c-qgw86,1.0,13631488
2026-09-16T14:46:47.862491+00:00,kube-system,coredns-8db54c48d-h2bc9,2.0,26214400
2026-09-16T14:46:47.862491+00:00,kube-system,kwok-controller-5cf8c7c44b-wmm4g,69.0,36700160
2026-09-16T14:46:47.862491+00:00,kube-system,local-path-provisioner-5d9d9885bc-pqnq2,1.0,13631488
2026-09-16T14:46:47.862491+00:00,kube-system,metrics-server-75dc6f8d87-wfq8p,22.0,62914560
2026-09-16T14:46:47.862491+00:00,kube-system,svclb-traefik-1c0eca4d-9wc8r,0.0,0
2026-09-16T14:46:47.862491+00:00,kube-system,traefik-9bcdbbd9-v6fcx,2.0,40894464
2026-09-16T14:46:47.862491+00:00,pyroscope,pyroscope-0,5.0,71303168
2026-09-16T14:46:47.862491+00:00,pyroscope,pyroscope-alloy-0,25.0,156237824
2026-09-16T14:46:54.118602+00:00,grove-system,grove-operator-67d9846db9-7hfl4,39.0,119537664
2026-09-16T14:46:54.118602+00:00,kai-scheduler,admission-86666f457d-z8xrj,1.0,13631488
2026-09-16T14:46:54.118602+00:00,kai-scheduler,binder-869fc94c7-qhfb6,43.0,81788928
2026-09-16T14:46:54.118602+00:00,kai-scheduler,kai-operator-69b5d7bcf7-pf5h6,6.0,61865984
2026-09-16T14:46:54.118602+00:00,kai-scheduler,kai-scheduler-default-84cb767847-php4b,37.0,101711872
2026-09-16T14:46:54.118602+00:00,kai-scheduler,pod-grouper-65456f756-pbhlk,1.0,11534336
2026-09-16T14:46:54.118602+00:00,kai-scheduler,podgroup-controller-68f9cc8dbf-stpwz,1.0,11534336
2026-09-16T14:46:54.118602+00:00,kai-scheduler,queue-controller-f86fcd76c-qgw86,1.0,13631488
2026-09-16T14:46:54.118602+00:00,kube-system,coredns-8db54c48d-h2bc9,2.0,26214400
2026-09-16T14:46:54.118602+00:00,kube-system,kwok-controller-5cf8c7c44b-wmm4g,92.0,35651584
2026-09-16T14:46:54.118602+00:00,kube-system,local-path-provisioner-5d9d9885bc-pqnq2,1.0,13631488
2026-09-16T14:46:54.118602+00:00,kube-system,metrics-server-75dc6f8d87-wfq8p,27.0,61865984
2026-09-16T14:46:54.118602+00:00,kube-system,svclb-traefik-1c0eca4d-9wc8r,0.0,0
2026-09-16T14:46:54.118602+00:00,kube-system,traefik-9bcdbbd9-v6fcx,1.0,40894464
2026-09-16T14:46:54.118602+00:00,pyroscope,pyroscope-0,8.0,76546048
2026-09-16T14:46:54.118602+00:00,pyroscope,pyroscope-alloy-0,45.0,143654912
2026-09-16T14:47:00.381637+00:00,grove-system,grove-operator-67d9846db9-7hfl4,39.0,119537664
2026-09-16T14:47:00.381637+00:00,kai-scheduler,admission-86666f457d-z8xrj,1.0,13631488
2026-09-16T14:47:00.381637+00:00,kai-scheduler,binder-869fc94c7-qhfb6,43.0,81788928
2026-09-16T14:47:00.381637+00:00,kai-scheduler,kai-operator-69b5d7bcf7-pf5h6,6.0,61865984
2026-09-16T14:47:00.381637+00:00,kai-scheduler,kai-scheduler-default-84cb767847-php4b,37.0,101711872
2026-09-16T14:47:00.381637+00:00,kai-scheduler,pod-grouper-65456f756-pbhlk,1.0,11534336
2026-09-16T14:47:00.381637+00:00,kai-scheduler,podgroup-controller-68f9cc8dbf-stpwz,1.0,11534336
2026-09-16T14:47:00.381637+00:00,kai-scheduler,queue-controller-f86fcd76c-qgw86,1.0,13631488
2026-09-16T14:47:00.381637+00:00,kube-system,coredns-8db54c48d-h2bc9,2.0,26214400
2026-09-16T14:47:00.381637+00:00,kube-system,kwok-controller-5cf8c7c44b-wmm4g,92.0,35651584
2026-09-16T14:47:00.381637+00:00,kube-system,local-path-provisioner-5d9d9885bc-pqnq2,1.0,13631488
2026-09-16T14:47:00.381637+00:00,kube-system,metrics-server-75dc6f8d87-wfq8p,27.0,61865984
2026-09-16T14:47:00.381637+00:00,kube-system,svclb-traefik-1c0eca4d-9wc8r,0.0,0
2026-09-16T14:47:00.381637+00:00,kube-system,traefik-9bcdbbd9-v6fcx,1.0,40894464
2026-09-16T14:47:00.381637+00:00,pyroscope,pyroscope-0,8.0,76546048
2026-09-16T14:47:00.381637+00:00,pyroscope,pyroscope-alloy-0,45.0,143654912
2026-09-16T14:47:06.633419+00:00,grove-system,grove-operator-67d9846db9-7hfl4,705.0,142606336
2026-09-16T14:47:06.633419+00:00,kai-scheduler,admission-86666f457d-z8xrj,1.0,13631488
2026-09-16T14:47:06.633419+00:00,kai-scheduler,binder-869fc94c7-qhfb6,99.0,126877696
2026-09-16T14:47:06.633419+00:00,kai-scheduler,kai-operator-69b5d7bcf7-pf5h6,2.0,59768832
2026-09-16T14:47:06.633419+00:00,kai-scheduler,kai-scheduler-default-84cb767847-php4b,44.0,94371840
2026-09-16T14:47:06.633419+00:00,kai-scheduler,pod-grouper-65456f756-pbhlk,1.0,11534336
2026-09-16T14:47:06.633419+00:00,kai-scheduler,podgroup-controller-68f9cc8dbf-stpwz,1.0,11534336
2026-09-16T14:47:06.633419+00:00,kai-scheduler,queue-controller-f86fcd76c-qgw86,1.0,13631488
2026-09-16T14:47:06.633419+00:00,kube-system,coredns-8db54c48d-h2bc9,4.0,26214400
2026-09-16T14:47:06.633419+00:00,kube-system,kwok-controller-5cf8c7c44b-wmm4g,58.0,35651584
2026-09-16T14:47:06.633419+00:00,kube-system,local-path-provisioner-5d9d9885bc-pqnq2,1.0,13631488
2026-09-16T14:47:06.633419+00:00,kube-system,metrics-server-75dc6f8d87-wfq8p,22.0,58720256
2026-09-16T14:47:06.633419+00:00,kube-system,svclb-traefik-1c0eca4d-9wc8r,0.0,0
2026-09-16T14:47:06.633419+00:00,kube-system,traefik-9bcdbbd9-v6fcx,21.0,40894464
2026-09-16T14:47:06.633419+00:00,pyroscope,pyroscope-0,6.0,78643200
2026-09-16T14:47:06.633419+00:00,pyroscope,pyroscope-alloy-0,51.0,143654912
2026-09-16T14:47:12.868012+00:00,grove-system,grove-operator-67d9846db9-7hfl4,705.0,142606336
2026-09-16T14:47:12.868012+00:00,kai-scheduler,admission-86666f457d-z8xrj,1.0,13631488
2026-09-16T14:47:12.868012+00:00,kai-scheduler,binder-869fc94c7-qhfb6,99.0,126877696
2026-09-16T14:47:12.868012+00:00,kai-scheduler,kai-operator-69b5d7bcf7-pf5h6,2.0,59768832
2026-09-16T14:47:12.868012+00:00,kai-scheduler,kai-scheduler-default-84cb767847-php4b,44.0,94371840
2026-09-16T14:47:12.868012+00:00,kai-scheduler,pod-grouper-65456f756-pbhlk,1.0,11534336
2026-09-16T14:47:12.868012+00:00,kai-scheduler,podgroup-controller-68f9cc8dbf-stpwz,1.0,11534336
2026-09-16T14:47:12.868012+00:00,kai-scheduler,queue-controller-f86fcd76c-qgw86,1.0,13631488
2026-09-16T14:47:12.868012+00:00,kube-system,coredns-8db54c48d-h2bc9,4.0,26214400
2026-09-16T14:47:12.868012+00:00,kube-system,kwok-controller-5cf8c7c44b-wmm4g,58.0,35651584
2026-09-16T14:47:12.868012+00:00,kube-system,local-path-provisioner-5d9d9885bc-pqnq2,1.0,13631488
2026-09-16T14:47:12.868012+00:00,kube-system,metrics-server-75dc6f8d87-wfq8p,22.0,58720256
2026-09-16T14:47:12.868012+00:00,kube-system,svclb-traefik-1c0eca4d-9wc8r,0.0,0
2026-09-16T14:47:12.868012+00:00,kube-system,traefik-9bcdbbd9-v6fcx,21.0,40894464
2026-09-16T14:47:12.868012+00:00,pyroscope,pyroscope-0,6.0,78643200
2026-09-16T14:47:12.868012+00:00,pyroscope,pyroscope-alloy-0,51.0,143654912
2026-09-16T14:47:19.102673+00:00,grove-system,grove-operator-67d9846db9-7hfl4,705.0,142606336
2026-09-16T14:47:19.102673+00:00,kai-scheduler,admission-86666f457d-z8xrj,1.0,13631488
2026-09-16T14:47:19.102673+00:00,kai-scheduler,binder-869fc94c7-qhfb6,99.0,126877696
2026-09-16T14:47:19.102673+00:00,kai-scheduler,kai-operator-69b5d7bcf7-pf5h6,2.0,59768832
2026-09-16T14:47:19.102673+00:00,kai-scheduler,kai-scheduler-default-84cb767847-php4b,44.0,94371840
2026-09-16T14:47:19.102673+00:00,kai-scheduler,pod-grouper-65456f756-pbhlk,1.0,11534336
2026-09-16T14:47:19.102673+00:00,kai-scheduler,podgroup-controller-68f9cc8dbf-stpwz,1.0,11534336
2026-09-16T14:47:19.102673+00:00,kai-scheduler,queue-controller-f86fcd76c-qgw86,1.0,13631488
2026-09-16T14:47:19.102673+00:00,kube-system,coredns-8db54c48d-h2bc9,4.0,26214400
2026-09-16T14:47:19.102673+00:00,kube-system,kwok-controller-5cf8c7c44b-wmm4g,58.0,35651584
2026-09-16T14:47:19.102673+00:00,kube-system,local-path-provisioner-5d9d9885bc-pqnq2,1.0,13631488
2026-09-16T14:47:19.102673+00:00,kube-system,metrics-server-75dc6f8d87-wfq8p,22.0,58720256
2026-09-16T14:47:19.102673+00:00,kube-system,svclb-traefik-1c0eca4d-9wc8r,0.0,0
2026-09-16T14:47:19.102673+00:00,kube-system,traefik-9bcdbbd9-v6fcx,21.0,40894464
2026-09-16T14:47:19.102673+00:00,pyroscope,pyroscope-0,6.0,78643200
2026-09-16T14:47:19.102673+00:00,pyroscope,pyroscope-alloy-0,51.0,143654912
2026-09-16T14:47:25.331608+00:00,grove-system,grove-operator-67d9846db9-7hfl4,824.0,140509184
2026-09-16T14:47:25.331608+00:00,kai-scheduler,admission-86666f457d-z8xrj,1.0,13631488
2026-09-16T14:47:25.331608+00:00,kai-scheduler,binder-869fc94c7-qhfb6,63.0,121634816
2026-09-16T14:47:25.331608+00:00,kai-scheduler,kai-operator-69b5d7bcf7-pf5h6,2.0,60817408
2026-09-16T14:47:25.331608+00:00,kai-scheduler,kai-scheduler-default-84cb767847-php4b,94.0,120586240
2026-09-16T14:47:25.331608+00:00,kai-scheduler,pod-grouper-65456f756-pbhlk,1.0,11534336
2026-09-16T14:47:25.331608+00:00,kai-scheduler,podgroup-controller-68f9cc8dbf-stpwz,1.0,11534336
2026-09-16T14:47:25.331608+00:00,kai-scheduler,queue-controller-f86fcd76c-qgw86,1.0,13631488
2026-09-16T14:47:25.331608+00:00,kube-system,coredns-8db54c48d-h2bc9,11.0,26214400
2026-09-16T14:47:25.331608+00:00,kube-system,kwok-controller-5cf8c7c44b-wmm4g,266.0,35651584
2026-09-16T14:47:25.331608+00:00,kube-system,local-path-provisioner-5d9d9885bc-pqnq2,1.0,13631488
2026-09-16T14:47:25.331608+00:00,kube-system,metrics-server-75dc6f8d87-wfq8p,22.0,58720256
2026-09-16T14:47:25.331608+00:00,kube-system,svclb-traefik-1c0eca4d-9wc8r,0.0,0
2026-09-16T14:47:25.331608+00:00,kube-system,traefik-9bcdbbd9-v6fcx,16.0,41943040
2026-09-16T14:47:25.331608+00:00,pyroscope,pyroscope-0,13.0,87031808
2026-09-16T14:47:25.331608+00:00,pyroscope,pyroscope-alloy-0,78.0,162529280
2026-09-16T14:47:31.565253+00:00,grove-system,grove-operator-67d9846db9-7hfl4,824.0,140509184
2026-09-16T14:47:31.565253+00:00,kai-scheduler,admission-86666f457d-z8xrj,1.0,13631488
2026-09-16T14:47:31.565253+00:00,kai-scheduler,binder-869fc94c7-qhfb6,63.0,121634816
2026-09-16T14:47:31.565253+00:00,kai-scheduler,kai-operator-69b5d7bcf7-pf5h6,2.0,60817408
2026-09-16T14:47:31.565253+00:00,kai-scheduler,kai-scheduler-default-84cb767847-php4b,94.0,120586240
2026-09-16T14:47:31.565253+00:00,kai-scheduler,pod-grouper-65456f756-pbhlk,1.0,11534336
2026-09-16T14:47:31.565253+00:00,kai-scheduler,podgroup-controller-68f9cc8dbf-stpwz,1.0,11534336
2026-09-16T14:47:31.565253+00:00,kai-scheduler,queue-controller-f86fcd76c-qgw86,1.0,13631488
2026-09-16T14:47:31.565253+00:00,kube-system,coredns-8db54c48d-h2bc9,11.0,26214400
2026-09-16T14:47:31.565253+00:00,kube-system,kwok-controller-5cf8c7c44b-wmm4g,266.0,35651584
2026-09-16T14:47:31.565253+00:00,kube-system,local-path-provisioner-5d9d9885bc-pqnq2,1.0,13631488
2026-09-16T14:47:31.565253+00:00,kube-system,metrics-server-75dc6f8d87-wfq8p,22.0,58720256
2026-09-16T14:47:31.565253+00:00,kube-system,svclb-traefik-1c0eca4d-9wc8r,0.0,0
2026-09-16T14:47:31.565253+00:00,kube-system,traefik-9bcdbbd9-v6fcx,16.0,41943040
2026-09-16T14:47:31.565253+00:00,pyroscope,pyroscope-0,13.0,87031808
2026-09-16T14:47:31.565253+00:00,pyroscope,pyroscope-alloy-0,78.0,162529280
2026-09-16T14:47:37.796248+00:00,grove-system,grove-operator-67d9846db9-7hfl4,824.0,140509184
2026-09-16T14:47:37.796248+00:00,kai-scheduler,admission-86666f457d-z8xrj,1.0,14680064
2026-09-16T14:47:37.796248+00:00,kai-scheduler,binder-869fc94c7-qhfb6,1.0,121634816
2026-09-16T14:47:37.796248+00:00,kai-scheduler,kai-operator-69b5d7bcf7-pf5h6,1.0,59768832
2026-09-16T14:47:37.796248+00:00,kai-scheduler,kai-scheduler-default-84cb767847-php4b,23.0,139460608
2026-09-16T14:47:37.796248+00:00,kai-scheduler,pod-grouper-65456f756-pbhlk,1.0,11534336
2026-09-16T14:47:37.796248+00:00,kai-scheduler,podgroup-controller-68f9cc8dbf-stpwz,1.0,11534336
2026-09-16T14:47:37.796248+00:00,kai-scheduler,queue-controller-f86fcd76c-qgw86,1.0,13631488
2026-09-16T14:47:37.796248+00:00,kube-system,coredns-8db54c48d-h2bc9,4.0,27262976
2026-09-16T14:47:37.796248+00:00,kube-system,kwok-controller-5cf8c7c44b-wmm4g,6.0,33554432
2026-09-16T14:47:37.796248+00:00,kube-system,local-path-provisioner-5d9d9885bc-pqnq2,1.0,13631488
2026-09-16T14:47:37.796248+00:00,kube-system,metrics-server-75dc6f8d87-wfq8p,19.0,60817408
2026-09-16T14:47:37.796248+00:00,kube-system,svclb-traefik-1c0eca4d-9wc8r,0.0,0
2026-09-16T14:47:37.796248+00:00,kube-system,traefik-9bcdbbd9-v6fcx,5.0,40894464
2026-09-16T14:47:37.796248+00:00,pyroscope,pyroscope-0,6.0,92274688
2026-09-16T14:47:37.796248+00:00,pyroscope,pyroscope-alloy-0,5.0,164626432
2026-09-16T14:47:44.031000+00:00,grove-system,grove-operator-67d9846db9-7hfl4,824.0,140509184
2026-09-16T14:47:44.031000+00:00,kai-scheduler,admission-86666f457d-z8xrj,1.0,14680064
2026-09-16T14:47:44.031000+00:00,kai-scheduler,binder-869fc94c7-qhfb6,1.0,121634816
2026-09-16T14:47:44.031000+00:00,kai-scheduler,kai-operator-69b5d7bcf7-pf5h6,1.0,59768832
2026-09-16T14:47:44.031000+00:00,kai-scheduler,kai-scheduler-default-84cb767847-php4b,23.0,139460608
2026-09-16T14:47:44.031000+00:00,kai-scheduler,pod-grouper-65456f756-pbhlk,1.0,11534336
2026-09-16T14:47:44.031000+00:00,kai-scheduler,podgroup-controller-68f9cc8dbf-stpwz,1.0,11534336
2026-09-16T14:47:44.031000+00:00,kai-scheduler,queue-controller-f86fcd76c-qgw86,1.0,13631488
2026-09-16T14:47:44.031000+00:00,kube-system,coredns-8db54c48d-h2bc9,4.0,27262976
2026-09-16T14:47:44.031000+00:00,kube-system,kwok-controller-5cf8c7c44b-wmm4g,6.0,33554432
2026-09-16T14:47:44.031000+00:00,kube-system,local-path-provisioner-5d9d9885bc-pqnq2,1.0,13631488
2026-09-16T14:47:44.031000+00:00,kube-system,metrics-server-75dc6f8d87-wfq8p,19.0,60817408
2026-09-16T14:47:44.031000+00:00,kube-system,svclb-traefik-1c0eca4d-9wc8r,0.0,0
2026-09-16T14:47:44.031000+00:00,kube-system,traefik-9bcdbbd9-v6fcx,5.0,40894464
2026-09-16T14:47:44.031000+00:00,pyroscope,pyroscope-0,6.0,92274688
2026-09-16T14:47:44.031000+00:00,pyroscope,pyroscope-alloy-0,5.0,164626432
2026-09-16T14:47:50.266405+00:00,grove-system,grove-operator-67d9846db9-7hfl4,824.0,140509184
2026-09-16T14:47:50.266405+00:00,kai-scheduler,admission-86666f457d-z8xrj,1.0,14680064
2026-09-16T14:47:50.266405+00:00,kai-scheduler,binder-869fc94c7-qhfb6,1.0,121634816
2026-09-16T14:47:50.266405+00:00,kai-scheduler,kai-operator-69b5d7bcf7-pf5h6,1.0,59768832
2026-09-16T14:47:50.266405+00:00,kai-scheduler,kai-scheduler-default-84cb767847-php4b,23.0,139460608
2026-09-16T14:47:50.266405+00:00,kai-scheduler,pod-grouper-65456f756-pbhlk,1.0,11534336
2026-09-16T14:47:50.266405+00:00,kai-scheduler,podgroup-controller-68f9cc8dbf-stpwz,1.0,11534336
2026-09-16T14:47:50.266405+00:00,kai-scheduler,queue-controller-f86fcd76c-qgw86,1.0,13631488
2026-09-16T14:47:50.266405+00:00,kube-system,coredns-8db54c48d-h2bc9,4.0,27262976
2026-09-16T14:47:50.266405+00:00,kube-system,kwok-controller-5cf8c7c44b-wmm4g,6.0,33554432
2026-09-16T14:47:50.266405+00:00,kube-system,local-path-provisioner-5d9d9885bc-pqnq2,1.0,13631488
2026-09-16T14:47:50.266405+00:00,kube-system,metrics-server-75dc6f8d87-wfq8p,19.0,60817408
2026-09-16T14:47:50.266405+00:00,kube-system,svclb-traefik-1c0eca4d-9wc8r,0.0,0
2026-09-16T14:47:50.266405+00:00,kube-system,traefik-9bcdbbd9-v6fcx,5.0,40894464
2026-09-16T14:47:50.266405+00:00,pyroscope,pyroscope-0,6.0,92274688
2026-09-16T14:47:50.266405+00:00,pyroscope,pyroscope-alloy-0,5.0,164626432
2026-09-16T14:47:56.500829+00:00,grove-system,grove-operator-67d9846db9-7hfl4,19.0,146800640
2026-09-16T14:47:56.500829+00:00,kai-scheduler,admission-86666f457d-z8xrj,1.0,14680064
2026-09-16T14:47:56.500829+00:00,kai-scheduler,binder-869fc94c7-qhfb6,1.0,121634816
2026-09-16T14:47:56.500829+00:00,kai-scheduler,kai-operator-69b5d7bcf7-pf5h6,1.0,59768832
2026-09-16T14:47:56.500829+00:00,kai-scheduler,kai-scheduler-default-84cb767847-php4b,13.0,138412032
2026-09-16T14:47:56.500829+00:00,kai-scheduler,pod-grouper-65456f756-pbhlk,1.0,11534336
2026-09-16T14:47:56.500829+00:00,kai-scheduler,podgroup-controller-68f9cc8dbf-stpwz,1.0,11534336
2026-09-16T14:47:56.500829+00:00,kai-scheduler,queue-controller-f86fcd76c-qgw86,1.0,13631488
2026-09-16T14:47:56.500829+00:00,kube-system,coredns-8db54c48d-h2bc9,4.0,27262976
2026-09-16T14:47:56.500829+00:00,kube-system,kwok-controller-5cf8c7c44b-wmm4g,10.0,37748736
2026-09-16T14:47:56.500829+00:00,kube-system,local-path-provisioner-5d9d9885bc-pqnq2,1.0,13631488
2026-09-16T14:47:56.500829+00:00,kube-system,metrics-server-75dc6f8d87-wfq8p,6.0,57671680
2026-09-16T14:47:56.500829+00:00,kube-system,svclb-traefik-1c0eca4d-9wc8r,0.0,0
2026-09-16T14:47:56.500829+00:00,kube-system,traefik-9bcdbbd9-v6fcx,1.0,40894464
2026-09-16T14:47:56.500829+00:00,pyroscope,pyroscope-0,6.0,91226112
2026-09-16T14:47:56.500829+00:00,pyroscope,pyroscope-alloy-0,5.0,164626432
2026-09-16T14:48:02.736506+00:00,grove-system,grove-operator-67d9846db9-7hfl4,19.0,146800640
2026-09-16T14:48:02.736506+00:00,kai-scheduler,admission-86666f457d-z8xrj,1.0,14680064
2026-09-16T14:48:02.736506+00:00,kai-scheduler,binder-869fc94c7-qhfb6,1.0,121634816
2026-09-16T14:48:02.736506+00:00,kai-scheduler,kai-operator-69b5d7bcf7-pf5h6,1.0,59768832
2026-09-16T14:48:02.736506+00:00,kai-scheduler,kai-scheduler-default-84cb767847-php4b,13.0,138412032
2026-09-16T14:48:02.736506+00:00,kai-scheduler,pod-grouper-65456f756-pbhlk,1.0,11534336
2026-09-16T14:48:02.736506+00:00,kai-scheduler,podgroup-controller-68f9cc8dbf-stpwz,1.0,11534336
2026-09-16T14:48:02.736506+00:00,kai-scheduler,queue-controller-f86fcd76c-qgw86,1.0,13631488
2026-09-16T14:48:02.736506+00:00,kube-system,coredns-8db54c48d-h2bc9,4.0,27262976
2026-09-16T14:48:02.736506+00:00,kube-system,kwok-controller-5cf8c7c44b-wmm4g,10.0,37748736
2026-09-16T14:48:02.736506+00:00,kube-system,local-path-provisioner-5d9d9885bc-pqnq2,1.0,13631488
2026-09-16T14:48:02.736506+00:00,kube-system,metrics-server-75dc6f8d87-wfq8p,6.0,57671680
2026-09-16T14:48:02.736506+00:00,kube-system,svclb-traefik-1c0eca4d-9wc8r,0.0,0
2026-09-16T14:48:02.736506+00:00,kube-system,traefik-9bcdbbd9-v6fcx,1.0,40894464
2026-09-16T14:48:02.736506+00:00,pyroscope,pyroscope-0,6.0,91226112
2026-09-16T14:48:02.736506+00:00,pyroscope,pyroscope-alloy-0,5.0,164626432
2026-09-16T14:48:08.998471+00:00,grove-system,grove-operator-67d9846db9-7hfl4,41.0,144703488
2026-09-16T14:48:08.998471+00:00,kai-scheduler,admission-86666f457d-z8xrj,1.0,13631488
2026-09-16T14:48:08.998471+00:00,kai-scheduler,binder-869fc94c7-qhfb6,1.0,121634816
2026-09-16T14:48:08.998471+00:00,kai-scheduler,kai-operator-69b5d7bcf7-pf5h6,2.0,58720256
2026-09-16T14:48:08.998471+00:00,kai-scheduler,kai-scheduler-default-84cb767847-php4b,17.0,135266304
2026-09-16T14:48:08.998471+00:00,kai-scheduler,pod-grouper-65456f756-pbhlk,1.0,11534336
2026-09-16T14:48:08.998471+00:00,kai-scheduler,podgroup-controller-68f9cc8dbf-stpwz,1.0,11534336
2026-09-16T14:48:08.998471+00:00,kai-scheduler,queue-controller-f86fcd76c-qgw86,1.0,13631488
2026-09-16T14:48:08.998471+00:00,kube-system,coredns-8db54c48d-h2bc9,3.0,27262976
2026-09-16T14:48:08.998471+00:00,kube-system,kwok-controller-5cf8c7c44b-wmm4g,10.0,33554432
2026-09-16T14:48:08.998471+00:00,kube-system,local-path-provisioner-5d9d9885bc-pqnq2,1.0,13631488
2026-09-16T14:48:08.998471+00:00,kube-system,metrics-server-75dc6f8d87-wfq8p,7.0,59768832
2026-09-16T14:48:08.998471+00:00,kube-system,svclb-traefik-1c0eca4d-9wc8r,0.0,0
2026-09-16T14:48:08.998471+00:00,kube-system,traefik-9bcdbbd9-v6fcx,4.0,41943040
2026-09-16T14:48:08.998471+00:00,pyroscope,pyroscope-0,5.0,91226112
2026-09-16T14:48:08.998471+00:00,pyroscope,pyroscope-alloy-0,4.0,179306496
2026-09-16T14:48:15.240737+00:00,grove-system,grove-operator-67d9846db9-7hfl4,41.0,144703488
2026-09-16T14:48:15.240737+00:00,kai-scheduler,admission-86666f457d-z8xrj,1.0,13631488
2026-09-16T14:48:15.240737+00:00,kai-scheduler,binder-869fc94c7-qhfb6,1.0,121634816
2026-09-16T14:48:15.240737+00:00,kai-scheduler,kai-operator-69b5d7bcf7-pf5h6,2.0,58720256
2026-09-16T14:48:15.240737+00:00,kai-scheduler,kai-scheduler-default-84cb767847-php4b,17.0,135266304
2026-09-16T14:48:15.240737+00:00,kai-scheduler,pod-grouper-65456f756-pbhlk,1.0,11534336
2026-09-16T14:48:15.240737+00:00,kai-scheduler,podgroup-controller-68f9cc8dbf-stpwz,1.0,11534336
2026-09-16T14:48:15.240737+00:00,kai-scheduler,queue-controller-f86fcd76c-qgw86,1.0,13631488
2026-09-16T14:48:15.240737+00:00,kube-system,coredns-8db54c48d-h2bc9,3.0,27262976
2026-09-16T14:48:15.240737+00:00,kube-system,kwok-controller-5cf8c7c44b-wmm4g,10.0,33554432
2026-09-16T14:48:15.240737+00:00,kube-system,local-path-provisioner-5d9d9885bc-pqnq2,1.0,13631488
2026-09-16T14:48:15.240737+00:00,kube-system,metrics-server-75dc6f8d87-wfq8p,7.0,59768832
2026-09-16T14:48:15.240737+00:00,kube-system,svclb-traefik-1c0eca4d-9wc8r,0.0,0
2026-09-16T14:48:15.240737+00:00,kube-system,traefik-9bcdbbd9-v6fcx,4.0,41943040
2026-09-16T14:48:15.240737+00:00,pyroscope,pyroscope-0,5.0,91226112
2026-09-16T14:48:15.240737+00:00,pyroscope,pyroscope-alloy-0,4.0,179306496
2026-09-16T14:48:21.480853+00:00,grove-system,grove-operator-67d9846db9-7hfl4,51.0,139460608
2026-09-16T14:48:21.480853+00:00,kai-scheduler,admission-86666f457d-z8xrj,1.0,13631488
2026-09-16T14:48:21.480853+00:00,kai-scheduler,binder-869fc94c7-qhfb6,16.0,124780544
2026-09-16T14:48:21.480853+00:00,kai-scheduler,kai-operator-69b5d7bcf7-pf5h6,1.0,59768832
2026-09-16T14:48:21.480853+00:00,kai-scheduler,kai-scheduler-default-84cb767847-php4b,27.0,147849216
2026-09-16T14:48:21.480853+00:00,kai-scheduler,pod-grouper-65456f756-pbhlk,1.0,11534336
2026-09-16T14:48:21.480853+00:00,kai-scheduler,podgroup-controller-68f9cc8dbf-stpwz,1.0,11534336
2026-09-16T14:48:21.480853+00:00,kai-scheduler,queue-controller-f86fcd76c-qgw86,1.0,13631488
2026-09-16T14:48:21.480853+00:00,kube-system,coredns-8db54c48d-h2bc9,4.0,26214400
2026-09-16T14:48:21.480853+00:00,kube-system,kwok-controller-5cf8c7c44b-wmm4g,24.0,36700160
2026-09-16T14:48:21.480853+00:00,kube-system,local-path-provisioner-5d9d9885bc-pqnq2,1.0,13631488
2026-09-16T14:48:21.480853+00:00,kube-system,metrics-server-75dc6f8d87-wfq8p,22.0,63963136
2026-09-16T14:48:21.480853+00:00,kube-system,svclb-traefik-1c0eca4d-9wc8r,0.0,0
2026-09-16T14:48:21.480853+00:00,kube-system,traefik-9bcdbbd9-v6fcx,3.0,40894464
2026-09-16T14:48:21.480853+00:00,pyroscope,pyroscope-0,5.0,82837504
2026-09-16T14:48:21.480853+00:00,pyroscope,pyroscope-alloy-0,37.0,184549376
2026-09-16T14:48:27.720631+00:00,grove-system,grove-operator-67d9846db9-7hfl4,51.0,139460608
2026-09-16T14:48:27.720631+00:00,kai-scheduler,admission-86666f457d-z8xrj,1.0,13631488
2026-09-16T14:48:27.720631+00:00,kai-scheduler,binder-869fc94c7-qhfb6,16.0,124780544
2026-09-16T14:48:27.720631+00:00,kai-scheduler,kai-operator-69b5d7bcf7-pf5h6,1.0,59768832
2026-09-16T14:48:27.720631+00:00,kai-scheduler,kai-scheduler-default-84cb767847-php4b,27.0,147849216
2026-09-16T14:48:27.720631+00:00,kai-scheduler,pod-grouper-65456f756-pbhlk,1.0,11534336
2026-09-16T14:48:27.720631+00:00,kai-scheduler,podgroup-controller-68f9cc8dbf-stpwz,1.0,11534336
2026-09-16T14:48:27.720631+00:00,kai-scheduler,queue-controller-f86fcd76c-qgw86,1.0,13631488
2026-09-16T14:48:27.720631+00:00,kube-system,coredns-8db54c48d-h2bc9,4.0,26214400
2026-09-16T14:48:27.720631+00:00,kube-system,kwok-controller-5cf8c7c44b-wmm4g,24.0,36700160
2026-09-16T14:48:27.720631+00:00,kube-system,local-path-provisioner-5d9d9885bc-pqnq2,1.0,13631488
2026-09-16T14:48:27.720631+00:00,kube-system,metrics-server-75dc6f8d87-wfq8p,22.0,63963136
2026-09-16T14:48:27.720631+00:00,kube-system,svclb-traefik-1c0eca4d-9wc8r,0.0,0
2026-09-16T14:48:27.720631+00:00,kube-system,traefik-9bcdbbd9-v6fcx,3.0,40894464
2026-09-16T14:48:27.720631+00:00,pyroscope,pyroscope-0,5.0,82837504
2026-09-16T14:48:27.720631+00:00,pyroscope,pyroscope-alloy-0,37.0,184549376
2026-09-16T14:48:33.955086+00:00,grove-system,grove-operator-67d9846db9-7hfl4,51.0,139460608
2026-09-16T14:48:33.955086+00:00,kai-scheduler,admission-86666f457d-z8xrj,1.0,13631488
2026-09-16T14:48:33.955086+00:00,kai-scheduler,binder-869fc94c7-qhfb6,16.0,124780544
2026-09-16T14:48:33.955086+00:00,kai-scheduler,kai-operator-69b5d7bcf7-pf5h6,1.0,59768832
2026-09-16T14:48:33.955086+00:00,kai-scheduler,kai-scheduler-default-84cb767847-php4b,27.0,147849216
2026-09-16T14:48:33.955086+00:00,kai-scheduler,pod-grouper-65456f756-pbhlk,1.0,11534336
2026-09-16T14:48:33.955086+00:00,kai-scheduler,podgroup-controller-68f9cc8dbf-stpwz,1.0,11534336
2026-09-16T14:48:33.955086+00:00,kai-scheduler,queue-controller-f86fcd76c-qgw86,1.0,13631488
2026-09-16T14:48:33.955086+00:00,kube-system,coredns-8db54c48d-h2bc9,4.0,26214400
2026-09-16T14:48:33.955086+00:00,kube-system,kwok-controller-5cf8c7c44b-wmm4g,24.0,36700160
2026-09-16T14:48:33.955086+00:00,kube-system,local-path-provisioner-5d9d9885bc-pqnq2,1.0,13631488
2026-09-16T14:48:33.955086+00:00,kube-system,metrics-server-75dc6f8d87-wfq8p,22.0,63963136
2026-09-16T14:48:33.955086+00:00,kube-system,svclb-traefik-1c0eca4d-9wc8r,0.0,0
2026-09-16T14:48:33.955086+00:00,kube-system,traefik-9bcdbbd9-v6fcx,3.0,40894464
2026-09-16T14:48:33.955086+00:00,pyroscope,pyroscope-0,5.0,82837504
2026-09-16T14:48:33.955086+00:00,pyroscope,pyroscope-alloy-0,37.0,184549376
2026-09-16T14:48:40.193844+00:00,grove-system,grove-operator-67d9846db9-7hfl4,40.0,131072000
2026-09-16T14:48:40.193844+00:00,kai-scheduler,admission-86666f457d-z8xrj,1.0,13631488
2026-09-16T14:48:40.193844+00:00,kai-scheduler,binder-869fc94c7-qhfb6,48.0,119537664
2026-09-16T14:48:40.193844+00:00,kai-scheduler,kai-operator-69b5d7bcf7-pf5h6,1.0,58720256
2026-09-16T14:48:40.193844+00:00,kai-scheduler,kai-scheduler-default-84cb767847-php4b,41.0,136314880
2026-09-16T14:48:40.193844+00:00,kai-scheduler,pod-grouper-65456f756-pbhlk,1.0,11534336
2026-09-16T14:48:40.193844+00:00,kai-scheduler,podgroup-controller-68f9cc8dbf-stpwz,1.0,11534336
2026-09-16T14:48:40.193844+00:00,kai-scheduler,queue-controller-f86fcd76c-qgw86,1.0,13631488
2026-09-16T14:48:40.193844+00:00,kube-system,coredns-8db54c48d-h2bc9,2.0,26214400
2026-09-16T14:48:40.193844+00:00,kube-system,kwok-controller-5cf8c7c44b-wmm4g,91.0,35651584
2026-09-16T14:48:40.193844+00:00,kube-system,local-path-provisioner-5d9d9885bc-pqnq2,1.0,13631488
2026-09-16T14:48:40.193844+00:00,kube-system,metrics-server-75dc6f8d87-wfq8p,22.0,63963136
2026-09-16T14:48:40.193844+00:00,kube-system,svclb-traefik-1c0eca4d-9wc8r,0.0,0
2026-09-16T14:48:40.193844+00:00,kube-system,traefik-9bcdbbd9-v6fcx,1.0,40894464
2026-09-16T14:48:40.193844+00:00,pyroscope,pyroscope-0,5.0,76546048
2026-09-16T14:48:40.193844+00:00,pyroscope,pyroscope-alloy-0,56.0,161480704
2026-09-16T14:48:46.434006+00:00,grove-system,grove-operator-67d9846db9-7hfl4,40.0,131072000
2026-09-16T14:48:46.434006+00:00,kai-scheduler,admission-86666f457d-z8xrj,1.0,13631488
2026-09-16T14:48:46.434006+00:00,kai-scheduler,binder-869fc94c7-qhfb6,48.0,119537664
2026-09-16T14:48:46.434006+00:00,kai-scheduler,kai-operator-69b5d7bcf7-pf5h6,1.0,58720256
2026-09-16T14:48:46.434006+00:00,kai-scheduler,kai-scheduler-default-84cb767847-php4b,41.0,136314880
2026-09-16T14:48:46.434006+00:00,kai-scheduler,pod-grouper-65456f756-pbhlk,1.0,11534336
2026-09-16T14:48:46.434006+00:00,kai-scheduler,podgroup-controller-68f9cc8dbf-stpwz,1.0,11534336
2026-09-16T14:48:46.434006+00:00,kai-scheduler,queue-controller-f86fcd76c-qgw86,1.0,13631488
2026-09-16T14:48:46.434006+00:00,kube-system,coredns-8db54c48d-h2bc9,2.0,26214400
2026-09-16T14:48:46.434006+00:00,kube-system,kwok-controller-5cf8c7c44b-wmm4g,91.0,35651584
2026-09-16T14:48:46.434006+00:00,kube-system,local-path-provisioner-5d9d9885bc-pqnq2,1.0,13631488
2026-09-16T14:48:46.434006+00:00,kube-system,metrics-server-75dc6f8d87-wfq8p,22.0,63963136
2026-09-16T14:48:46.434006+00:00,kube-system,svclb-traefik-1c0eca4d-9wc8r,0.0,0
2026-09-16T14:48:46.434006+00:00,kube-system,traefik-9bcdbbd9-v6fcx,1.0,40894464
2026-09-16T14:48:46.434006+00:00,pyroscope,pyroscope-0,5.0,76546048
2026-09-16T14:48:46.434006+00:00,pyroscope,pyroscope-alloy-0,56.0,161480704
2026-09-16T14:48:52.668917+00:00,grove-system,grove-operator-67d9846db9-7hfl4,41.0,124780544
2026-09-16T14:48:52.668917+00:00,kai-scheduler,admission-86666f457d-z8xrj,1.0,13631488
2026-09-16T14:48:52.668917+00:00,kai-scheduler,binder-869fc94c7-qhfb6,48.0,113246208
2026-09-16T14:48:52.668917+00:00,kai-scheduler,kai-operator-69b5d7bcf7-pf5h6,1.0,58720256
2026-09-16T14:48:52.668917+00:00,kai-scheduler,kai-scheduler-default-84cb767847-php4b,39.0,115343360
2026-09-16T14:48:52.668917+00:00,kai-scheduler,pod-grouper-65456f756-pbhlk,1.0,11534336
2026-09-16T14:48:52.668917+00:00,kai-scheduler,podgroup-controller-68f9cc8dbf-stpwz,1.0,11534336
2026-09-16T14:48:52.668917+00:00,kai-scheduler,queue-controller-f86fcd76c-qgw86,1.0,13631488
2026-09-16T14:48:52.668917+00:00,kube-system,coredns-8db54c48d-h2bc9,2.0,26214400
2026-09-16T14:48:52.668917+00:00,kube-system,kwok-controller-5cf8c7c44b-wmm4g,90.0,38797312
2026-09-16T14:48:52.668917+00:00,kube-system,local-path-provisioner-5d9d9885bc-pqnq2,1.0,13631488
2026-09-16T14:48:52.668917+00:00,kube-system,metrics-server-75dc6f8d87-wfq8p,33.0,68157440
2026-09-16T14:48:52.668917+00:00,kube-system,svclb-traefik-1c0eca4d-9wc8r,0.0,0
2026-09-16T14:48:52.668917+00:00,kube-system,traefik-9bcdbbd9-v6fcx,1.0,40894464
2026-09-16T14:48:52.668917+00:00,pyroscope,pyroscope-0,5.0,79691776
2026-09-16T14:48:52.668917+00:00,pyroscope,pyroscope-alloy-0,46.0,155189248
2026-09-16T14:48:58.901799+00:00,grove-system,grove-operator-67d9846db9-7hfl4,41.0,124780544
2026-09-16T14:48:58.901799+00:00,kai-scheduler,admission-86666f457d-z8xrj,1.0,13631488
2026-09-16T14:48:58.901799+00:00,kai-scheduler,binder-869fc94c7-qhfb6,48.0,113246208
2026-09-16T14:48:58.901799+00:00,kai-scheduler,kai-operator-69b5d7bcf7-pf5h6,1.0,58720256
2026-09-16T14:48:58.901799+00:00,kai-scheduler,kai-scheduler-default-84cb767847-php4b,39.0,115343360
2026-09-16T14:48:58.901799+00:00,kai-scheduler,pod-grouper-65456f756-pbhlk,1.0,11534336
2026-09-16T14:48:58.901799+00:00,kai-scheduler,podgroup-controller-68f9cc8dbf-stpwz,1.0,11534336
2026-09-16T14:48:58.901799+00:00,kai-scheduler,queue-controller-f86fcd76c-qgw86,1.0,13631488
2026-09-16T14:48:58.901799+00:00,kube-system,coredns-8db54c48d-h2bc9,2.0,26214400
2026-09-16T14:48:58.901799+00:00,kube-system,kwok-controller-5cf8c7c44b-wmm4g,90.0,38797312
2026-09-16T14:48:58.901799+00:00,kube-system,local-path-provisioner-5d9d9885bc-pqnq2,1.0,13631488
2026-09-16T14:48:58.901799+00:00,kube-system,metrics-server-75dc6f8d87-wfq8p,33.0,68157440
2026-09-16T14:48:58.901799+00:00,kube-system,svclb-traefik-1c0eca4d-9wc8r,0.0,0
2026-09-16T14:48:58.901799+00:00,kube-system,traefik-9bcdbbd9-v6fcx,1.0,40894464
2026-09-16T14:48:58.901799+00:00,pyroscope,pyroscope-0,5.0,79691776
2026-09-16T14:48:58.901799+00:00,pyroscope,pyroscope-alloy-0,46.0,155189248
2026-09-16T14:49:05.148807+00:00,grove-system,grove-operator-67d9846db9-7hfl4,41.0,124780544
2026-09-16T14:49:05.148807+00:00,kai-scheduler,admission-86666f457d-z8xrj,1.0,13631488
2026-09-16T14:49:05.148807+00:00,kai-scheduler,binder-869fc94c7-qhfb6,48.0,113246208
2026-09-16T14:49:05.148807+00:00,kai-scheduler,kai-operator-69b5d7bcf7-pf5h6,1.0,58720256
2026-09-16T14:49:05.148807+00:00,kai-scheduler,kai-scheduler-default-84cb767847-php4b,39.0,115343360
2026-09-16T14:49:05.148807+00:00,kai-scheduler,pod-grouper-65456f756-pbhlk,1.0,11534336
2026-09-16T14:49:05.148807+00:00,kai-scheduler,podgroup-controller-68f9cc8dbf-stpwz,1.0,11534336
2026-09-16T14:49:05.148807+00:00,kai-scheduler,queue-controller-f86fcd76c-qgw86,1.0,13631488
2026-09-16T14:49:05.148807+00:00,kube-system,coredns-8db54c48d-h2bc9,2.0,26214400
2026-09-16T14:49:05.148807+00:00,kube-system,kwok-controller-5cf8c7c44b-wmm4g,90.0,38797312
2026-09-16T14:49:05.148807+00:00,kube-system,local-path-provisioner-5d9d9885bc-pqnq2,1.0,13631488
2026-09-16T14:49:05.148807+00:00,kube-system,metrics-server-75dc6f8d87-wfq8p,33.0,68157440
2026-09-16T14:49:05.148807+00:00,kube-system,svclb-traefik-1c0eca4d-9wc8r,0.0,0
2026-09-16T14:49:05.148807+00:00,kube-system,traefik-9bcdbbd9-v6fcx,1.0,40894464
2026-09-16T14:49:05.148807+00:00,pyroscope,pyroscope-0,5.0,79691776
2026-09-16T14:49:05.148807+00:00,pyroscope,pyroscope-alloy-0,46.0,155189248
2026-09-16T14:49:11.386636+00:00,grove-system,grove-operator-67d9846db9-7hfl4,31.0,116391936
2026-09-16T14:49:11.386636+00:00,kai-scheduler,admission-86666f457d-z8xrj,1.0,13631488
2026-09-16T14:49:11.386636+00:00,kai-scheduler,binder-869fc94c7-qhfb6,49.0,101711872
2026-09-16T14:49:11.386636+00:00,kai-scheduler,kai-operator-69b5d7bcf7-pf5h6,6.0,60817408
2026-09-16T14:49:11.386636+00:00,kai-scheduler,kai-scheduler-default-84cb767847-php4b,34.0,98566144
2026-09-16T14:49:11.386636+00:00,kai-scheduler,pod-grouper-65456f756-pbhlk,1.0,11534336
2026-09-16T14:49:11.386636+00:00,kai-scheduler,podgroup-controller-68f9cc8dbf-stpwz,1.0,11534336
2026-09-16T14:49:11.386636+00:00,kai-scheduler,queue-controller-f86fcd76c-qgw86,1.0,13631488
2026-09-16T14:49:11.386636+00:00,kube-system,coredns-8db54c48d-h2bc9,2.0,26214400
2026-09-16T14:49:11.386636+00:00,kube-system,kwok-controller-5cf8c7c44b-wmm4g,91.0,38797312
2026-09-16T14:49:11.386636+00:00,kube-system,local-path-provisioner-5d9d9885bc-pqnq2,1.0,13631488
2026-09-16T14:49:11.386636+00:00,kube-system,metrics-server-75dc6f8d87-wfq8p,30.0,65011712
2026-09-16T14:49:11.386636+00:00,kube-system,svclb-traefik-1c0eca4d-9wc8r,0.0,0
2026-09-16T14:49:11.386636+00:00,kube-system,traefik-9bcdbbd9-v6fcx,10.0,42991616
2026-09-16T14:49:11.386636+00:00,pyroscope,pyroscope-0,5.0,77594624
2026-09-16T14:49:11.386636+00:00,pyroscope,pyroscope-alloy-0,35.0,144703488
2026-09-16T14:49:17.637325+00:00,grove-system,grove-operator-67d9846db9-7hfl4,31.0,116391936
2026-09-16T14:49:17.637325+00:00,kai-scheduler,admission-86666f457d-z8xrj,1.0,13631488
2026-09-16T14:49:17.637325+00:00,kai-scheduler,binder-869fc94c7-qhfb6,49.0,101711872
2026-09-16T14:49:17.637325+00:00,kai-scheduler,kai-operator-69b5d7bcf7-pf5h6,6.0,60817408
2026-09-16T14:49:17.637325+00:00,kai-scheduler,kai-scheduler-default-84cb767847-php4b,34.0,98566144
2026-09-16T14:49:17.637325+00:00,kai-scheduler,pod-grouper-65456f756-pbhlk,1.0,11534336
2026-09-16T14:49:17.637325+00:00,kai-scheduler,podgroup-controller-68f9cc8dbf-stpwz,1.0,11534336
2026-09-16T14:49:17.637325+00:00,kai-scheduler,queue-controller-f86fcd76c-qgw86,1.0,13631488
2026-09-16T14:49:17.637325+00:00,kube-system,coredns-8db54c48d-h2bc9,2.0,26214400
2026-09-16T14:49:17.637325+00:00,kube-system,kwok-controller-5cf8c7c44b-wmm4g,91.0,38797312
2026-09-16T14:49:17.637325+00:00,kube-system,local-path-provisioner-5d9d9885bc-pqnq2,1.0,13631488
2026-09-16T14:49:17.637325+00:00,kube-system,metrics-server-75dc6f8d87-wfq8p,30.0,65011712
2026-09-16T14:49:17.637325+00:00,kube-system,svclb-traefik-1c0eca4d-9wc8r,0.0,0
2026-09-16T14:49:17.637325+00:00,kube-system,traefik-9bcdbbd9-v6fcx,10.0,42991616
2026-09-16T14:49:17.637325+00:00,pyroscope,pyroscope-0,5.0,77594624
2026-09-16T14:49:17.637325+00:00,pyroscope,pyroscope-alloy-0,35.0,144703488
2026-09-16T14:49:23.895185+00:00,grove-system,grove-operator-67d9846db9-7hfl4,31.0,116391936
2026-09-16T14:49:23.895185+00:00,kai-scheduler,admission-86666f457d-z8xrj,1.0,13631488
2026-09-16T14:49:23.895185+00:00,kai-scheduler,binder-869fc94c7-qhfb6,31.0,81788928
2026-09-16T14:49:23.895185+00:00,kai-scheduler,kai-operator-69b5d7bcf7-pf5h6,16.0,62914560
2026-09-16T14:49:23.895185+00:00,kai-scheduler,kai-scheduler-default-84cb767847-php4b,25.0,84934656
2026-09-16T14:49:23.895185+00:00,kai-scheduler,pod-grouper-65456f756-pbhlk,1.0,11534336
2026-09-16T14:49:23.895185+00:00,kai-scheduler,podgroup-controller-68f9cc8dbf-stpwz,1.0,11534336
2026-09-16T14:49:23.895185+00:00,kai-scheduler,queue-controller-f86fcd76c-qgw86,1.0,13631488
2026-09-16T14:49:23.895185+00:00,kube-system,coredns-8db54c48d-h2bc9,3.0,27262976
2026-09-16T14:49:23.895185+00:00,kube-system,kwok-controller-5cf8c7c44b-wmm4g,57.0,35651584
2026-09-16T14:49:23.895185+00:00,kube-system,local-path-provisioner-5d9d9885bc-pqnq2,1.0,13631488
2026-09-16T14:49:23.895185+00:00,kube-system,metrics-server-75dc6f8d87-wfq8p,23.0,61865984
2026-09-16T14:49:23.895185+00:00,kube-system,svclb-traefik-1c0eca4d-9wc8r,0.0,0
2026-09-16T14:49:23.895185+00:00,kube-system,traefik-9bcdbbd9-v6fcx,10.0,42991616
2026-09-16T14:49:23.895185+00:00,pyroscope,pyroscope-0,14.0,106954752
2026-09-16T14:49:23.895185+00:00,pyroscope,pyroscope-alloy-0,12.0,136314880
2026-09-16T14:49:30.129411+00:00,grove-system,grove-operator-67d9846db9-7hfl4,31.0,116391936
2026-09-16T14:49:30.129411+00:00,kai-scheduler,admission-86666f457d-z8xrj,1.0,13631488
2026-09-16T14:49:30.129411+00:00,kai-scheduler,binder-869fc94c7-qhfb6,31.0,81788928
2026-09-16T14:49:30.129411+00:00,kai-scheduler,kai-operator-69b5d7bcf7-pf5h6,16.0,62914560
2026-09-16T14:49:30.129411+00:00,kai-scheduler,kai-scheduler-default-84cb767847-php4b,25.0,84934656
2026-09-16T14:49:30.129411+00:00,kai-scheduler,pod-grouper-65456f756-pbhlk,1.0,11534336
2026-09-16T14:49:30.129411+00:00,kai-scheduler,podgroup-controller-68f9cc8dbf-stpwz,1.0,11534336
2026-09-16T14:49:30.129411+00:00,kai-scheduler,queue-controller-f86fcd76c-qgw86,1.0,13631488
2026-09-16T14:49:30.129411+00:00,kube-system,coredns-8db54c48d-h2bc9,3.0,27262976
2026-09-16T14:49:30.129411+00:00,kube-system,kwok-controller-5cf8c7c44b-wmm4g,57.0,35651584
2026-09-16T14:49:30.129411+00:00,kube-system,local-path-provisioner-5d9d9885bc-pqnq2,1.0,13631488
2026-09-16T14:49:30.129411+00:00,kube-system,metrics-server-75dc6f8d87-wfq8p,23.0,61865984
2026-09-16T14:49:30.129411+00:00,kube-system,svclb-traefik-1c0eca4d-9wc8r,0.0,0
2026-09-16T14:49:30.129411+00:00,kube-system,traefik-9bcdbbd9-v6fcx,10.0,42991616
2026-09-16T14:49:30.129411+00:00,pyroscope,pyroscope-0,14.0,106954752
2026-09-16T14:49:30.129411+00:00,pyroscope,pyroscope-alloy-0,12.0,136314880
2026-09-16T14:49:36.400596+00:00,grove-system,grove-operator-67d9846db9-7hfl4,272.0,127926272
2026-09-16T14:49:36.400596+00:00,kai-scheduler,admission-86666f457d-z8xrj,1.0,13631488
2026-09-16T14:49:36.400596+00:00,kai-scheduler,binder-869fc94c7-qhfb6,51.0,103809024
2026-09-16T14:49:36.400596+00:00,kai-scheduler,kai-operator-69b5d7bcf7-pf5h6,16.0,62914560
2026-09-16T14:49:36.400596+00:00,kai-scheduler,kai-scheduler-default-84cb767847-php4b,42.0,108003328
2026-09-16T14:49:36.400596+00:00,kai-scheduler,pod-grouper-65456f756-pbhlk,1.0,11534336
2026-09-16T14:49:36.400596+00:00,kai-scheduler,podgroup-controller-68f9cc8dbf-stpwz,1.0,11534336
2026-09-16T14:49:36.400596+00:00,kai-scheduler,queue-controller-f86fcd76c-qgw86,1.0,13631488
2026-09-16T14:49:36.400596+00:00,kube-system,coredns-8db54c48d-h2bc9,9.0,29360128
2026-09-16T14:49:36.400596+00:00,kube-system,kwok-controller-5cf8c7c44b-wmm4g,100.0,37748736
2026-09-16T14:49:36.400596+00:00,kube-system,local-path-provisioner-5d9d9885bc-pqnq2,1.0,13631488
2026-09-16T14:49:36.400596+00:00,kube-system,metrics-server-75dc6f8d87-wfq8p,20.0,61865984
2026-09-16T14:49:36.400596+00:00,kube-system,svclb-traefik-1c0eca4d-9wc8r,0.0,0
2026-09-16T14:49:36.400596+00:00,kube-system,traefik-9bcdbbd9-v6fcx,24.0,41943040
2026-09-16T14:49:36.400596+00:00,pyroscope,pyroscope-0,9.0,98566144
2026-09-16T14:49:36.400596+00:00,pyroscope,pyroscope-alloy-0,66.0,143654912
2026-09-16T14:49:42.635931+00:00,grove-system,grove-operator-67d9846db9-7hfl4,272.0,127926272
2026-09-16T14:49:42.635931+00:00,kai-scheduler,admission-86666f457d-z8xrj,1.0,13631488
2026-09-16T14:49:42.635931+00:00,kai-scheduler,binder-869fc94c7-qhfb6,51.0,103809024
2026-09-16T14:49:42.635931+00:00,kai-scheduler,kai-operator-69b5d7bcf7-pf5h6,16.0,62914560
2026-09-16T14:49:42.635931+00:00,kai-scheduler,kai-scheduler-default-84cb767847-php4b,42.0,108003328
2026-09-16T14:49:42.635931+00:00,kai-scheduler,pod-grouper-65456f756-pbhlk,1.0,11534336
2026-09-16T14:49:42.635931+00:00,kai-scheduler,podgroup-controller-68f9cc8dbf-stpwz,1.0,11534336
2026-09-16T14:49:42.635931+00:00,kai-scheduler,queue-controller-f86fcd76c-qgw86,1.0,13631488
2026-09-16T14:49:42.635931+00:00,kube-system,coredns-8db54c48d-h2bc9,9.0,29360128
2026-09-16T14:49:42.635931+00:00,kube-system,kwok-controller-5cf8c7c44b-wmm4g,100.0,37748736
2026-09-16T14:49:42.635931+00:00,kube-system,local-path-provisioner-5d9d9885bc-pqnq2,1.0,13631488
2026-09-16T14:49:42.635931+00:00,kube-system,metrics-server-75dc6f8d87-wfq8p,20.0,61865984
2026-09-16T14:49:42.635931+00:00,kube-system,svclb-traefik-1c0eca4d-9wc8r,0.0,0
2026-09-16T14:49:42.635931+00:00,kube-system,traefik-9bcdbbd9-v6fcx,24.0,41943040
2026-09-16T14:49:42.635931+00:00,pyroscope,pyroscope-0,9.0,98566144
2026-09-16T14:49:42.635931+00:00,pyroscope,pyroscope-alloy-0,66.0,143654912
2026-09-16T14:49:48.869296+00:00,grove-system,grove-operator-67d9846db9-7hfl4,272.0,127926272
2026-09-16T14:49:48.869296+00:00,kai-scheduler,admission-86666f457d-z8xrj,1.0,13631488
2026-09-16T14:49:48.869296+00:00,kai-scheduler,binder-869fc94c7-qhfb6,51.0,103809024
2026-09-16T14:49:48.869296+00:00,kai-scheduler,kai-operator-69b5d7bcf7-pf5h6,16.0,62914560
2026-09-16T14:49:48.869296+00:00,kai-scheduler,kai-scheduler-default-84cb767847-php4b,42.0,108003328
2026-09-16T14:49:48.869296+00:00,kai-scheduler,pod-grouper-65456f756-pbhlk,1.0,11534336
2026-09-16T14:49:48.869296+00:00,kai-scheduler,podgroup-controller-68f9cc8dbf-stpwz,1.0,11534336
2026-09-16T14:49:48.869296+00:00,kai-scheduler,queue-controller-f86fcd76c-qgw86,1.0,13631488
2026-09-16T14:49:48.869296+00:00,kube-system,coredns-8db54c48d-h2bc9,9.0,29360128
2026-09-16T14:49:48.869296+00:00,kube-system,kwok-controller-5cf8c7c44b-wmm4g,100.0,37748736
2026-09-16T14:49:48.869296+00:00,kube-system,local-path-provisioner-5d9d9885bc-pqnq2,1.0,13631488
2026-09-16T14:49:48.869296+00:00,kube-system,metrics-server-75dc6f8d87-wfq8p,20.0,61865984
2026-09-16T14:49:48.869296+00:00,kube-system,svclb-traefik-1c0eca4d-9wc8r,0.0,0
2026-09-16T14:49:48.869296+00:00,kube-system,traefik-9bcdbbd9-v6fcx,24.0,41943040
2026-09-16T14:49:48.869296+00:00,pyroscope,pyroscope-0,9.0,98566144
2026-09-16T14:49:48.869296+00:00,pyroscope,pyroscope-alloy-0,66.0,143654912
2026-09-16T14:49:55.100982+00:00,grove-system,grove-operator-67d9846db9-7hfl4,864.0,143654912
2026-09-16T14:49:55.100982+00:00,kai-scheduler,admission-86666f457d-z8xrj,1.0,13631488
2026-09-16T14:49:55.100982+00:00,kai-scheduler,binder-869fc94c7-qhfb6,60.0,127926272
2026-09-16T14:49:55.100982+00:00,kai-scheduler,kai-operator-69b5d7bcf7-pf5h6,2.0,62914560
2026-09-16T14:49:55.100982+00:00,kai-scheduler,kai-scheduler-default-84cb767847-php4b,42.0,108003328
2026-09-16T14:49:55.100982+00:00,kai-scheduler,pod-grouper-65456f756-pbhlk,1.0,11534336
2026-09-16T14:49:55.100982+00:00,kai-scheduler,podgroup-controller-68f9cc8dbf-stpwz,1.0,11534336
2026-09-16T14:49:55.100982+00:00,kai-scheduler,queue-controller-f86fcd76c-qgw86,1.0,13631488
2026-09-16T14:49:55.100982+00:00,kube-system,coredns-8db54c48d-h2bc9,9.0,27262976
2026-09-16T14:49:55.100982+00:00,kube-system,kwok-controller-5cf8c7c44b-wmm4g,156.0,38797312
2026-09-16T14:49:55.100982+00:00,kube-system,local-path-provisioner-5d9d9885bc-pqnq2,1.0,13631488
2026-09-16T14:49:55.100982+00:00,kube-system,metrics-server-75dc6f8d87-wfq8p,18.0,62914560
2026-09-16T14:49:55.100982+00:00,kube-system,svclb-traefik-1c0eca4d-9wc8r,0.0,0
2026-09-16T14:49:55.100982+00:00,kube-system,traefik-9bcdbbd9-v6fcx,16.0,41943040
2026-09-16T14:49:55.100982+00:00,pyroscope,pyroscope-0,7.0,98566144
2026-09-16T14:49:55.100982+00:00,pyroscope,pyroscope-alloy-0,75.0,161480704
2026-09-16T14:50:01.336430+00:00,grove-system,grove-operator-67d9846db9-7hfl4,864.0,143654912
2026-09-16T14:50:01.336430+00:00,kai-scheduler,admission-86666f457d-z8xrj,1.0,13631488
2026-09-16T14:50:01.336430+00:00,kai-scheduler,binder-869fc94c7-qhfb6,60.0,127926272
2026-09-16T14:50:01.336430+00:00,kai-scheduler,kai-operator-69b5d7bcf7-pf5h6,2.0,62914560
2026-09-16T14:50:01.336430+00:00,kai-scheduler,kai-scheduler-default-84cb767847-php4b,42.0,108003328
2026-09-16T14:50:01.336430+00:00,kai-scheduler,pod-grouper-65456f756-pbhlk,1.0,11534336
2026-09-16T14:50:01.336430+00:00,kai-scheduler,podgroup-controller-68f9cc8dbf-stpwz,1.0,11534336
2026-09-16T14:50:01.336430+00:00,kai-scheduler,queue-controller-f86fcd76c-qgw86,1.0,13631488
2026-09-16T14:50:01.336430+00:00,kube-system,coredns-8db54c48d-h2bc9,9.0,27262976
2026-09-16T14:50:01.336430+00:00,kube-system,kwok-controller-5cf8c7c44b-wmm4g,156.0,38797312
2026-09-16T14:50:01.336430+00:00,kube-system,local-path-provisioner-5d9d9885bc-pqnq2,1.0,13631488
2026-09-16T14:50:01.336430+00:00,kube-system,metrics-server-75dc6f8d87-wfq8p,18.0,62914560
2026-09-16T14:50:01.336430+00:00,kube-system,svclb-traefik-1c0eca4d-9wc8r,0.0,0
2026-09-16T14:50:01.336430+00:00,kube-system,traefik-9bcdbbd9-v6fcx,16.0,41943040
2026-09-16T14:50:01.336430+00:00,pyroscope,pyroscope-0,7.0,98566144
2026-09-16T14:50:01.336430+00:00,pyroscope,pyroscope-alloy-0,75.0,161480704
2026-09-16T14:50:07.570694+00:00,grove-system,grove-operator-67d9846db9-7hfl4,146.0,143654912
2026-09-16T14:50:07.570694+00:00,kai-scheduler,admission-86666f457d-z8xrj,1.0,13631488
2026-09-16T14:50:07.570694+00:00,kai-scheduler,binder-869fc94c7-qhfb6,1.0,127926272
2026-09-16T14:50:07.570694+00:00,kai-scheduler,kai-operator-69b5d7bcf7-pf5h6,2.0,63963136
2026-09-16T14:50:07.570694+00:00,kai-scheduler,kai-scheduler-default-84cb767847-php4b,42.0,142606336
2026-09-16T14:50:07.570694+00:00,kai-scheduler,pod-grouper-65456f756-pbhlk,1.0,11534336
2026-09-16T14:50:07.570694+00:00,kai-scheduler,podgroup-controller-68f9cc8dbf-stpwz,1.0,11534336
2026-09-16T14:50:07.570694+00:00,kai-scheduler,queue-controller-f86fcd76c-qgw86,1.0,13631488
2026-09-16T14:50:07.570694+00:00,kube-system,coredns-8db54c48d-h2bc9,5.0,27262976
2026-09-16T14:50:07.570694+00:00,kube-system,kwok-controller-5cf8c7c44b-wmm4g,53.0,34603008
2026-09-16T14:50:07.570694+00:00,kube-system,local-path-provisioner-5d9d9885bc-pqnq2,1.0,13631488
2026-09-16T14:50:07.570694+00:00,kube-system,metrics-server-75dc6f8d87-wfq8p,18.0,62914560
2026-09-16T14:50:07.570694+00:00,kube-system,svclb-traefik-1c0eca4d-9wc8r,0.0,0
2026-09-16T14:50:07.570694+00:00,kube-system,traefik-9bcdbbd9-v6fcx,12.0,41943040
2026-09-16T14:50:07.570694+00:00,pyroscope,pyroscope-0,9.0,92274688
2026-09-16T14:50:07.570694+00:00,pyroscope,pyroscope-alloy-0,75.0,161480704
2026-09-16T14:50:13.810304+00:00,grove-system,grove-operator-67d9846db9-7hfl4,146.0,143654912
2026-09-16T14:50:13.810304+00:00,kai-scheduler,admission-86666f457d-z8xrj,1.0,13631488
2026-09-16T14:50:13.810304+00:00,kai-scheduler,binder-869fc94c7-qhfb6,1.0,127926272
2026-09-16T14:50:13.810304+00:00,kai-scheduler,kai-operator-69b5d7bcf7-pf5h6,2.0,63963136
2026-09-16T14:50:13.810304+00:00,kai-scheduler,kai-scheduler-default-84cb767847-php4b,42.0,142606336
2026-09-16T14:50:13.810304+00:00,kai-scheduler,pod-grouper-65456f756-pbhlk,1.0,11534336
2026-09-16T14:50:13.810304+00:00,kai-scheduler,podgroup-controller-68f9cc8dbf-stpwz,1.0,11534336
2026-09-16T14:50:13.810304+00:00,kai-scheduler,queue-controller-f86fcd76c-qgw86,1.0,13631488
2026-09-16T14:50:13.810304+00:00,kube-system,coredns-8db54c48d-h2bc9,5.0,27262976
2026-09-16T14:50:13.810304+00:00,kube-system,kwok-controller-5cf8c7c44b-wmm4g,53.0,34603008
2026-09-16T14:50:13.810304+00:00,kube-system,local-path-provisioner-5d9d9885bc-pqnq2,1.0,13631488
2026-09-16T14:50:13.810304+00:00,kube-system,metrics-server-75dc6f8d87-wfq8p,18.0,62914560
2026-09-16T14:50:13.810304+00:00,kube-system,svclb-traefik-1c0eca4d-9wc8r,0.0,0
2026-09-16T14:50:13.810304+00:00,kube-system,traefik-9bcdbbd9-v6fcx,12.0,41943040
2026-09-16T14:50:13.810304+00:00,pyroscope,pyroscope-0,9.0,92274688
2026-09-16T14:50:13.810304+00:00,pyroscope,pyroscope-alloy-0,75.0,161480704
2026-09-16T14:50:20.049914+00:00,grove-system,grove-operator-67d9846db9-7hfl4,146.0,143654912
2026-09-16T14:50:20.049914+00:00,kai-scheduler,admission-86666f457d-z8xrj,1.0,13631488
2026-09-16T14:50:20.049914+00:00,kai-scheduler,binder-869fc94c7-qhfb6,1.0,127926272
2026-09-16T14:50:20.049914+00:00,kai-scheduler,kai-operator-69b5d7bcf7-pf5h6,2.0,63963136
2026-09-16T14:50:20.049914+00:00,kai-scheduler,kai-scheduler-default-84cb767847-php4b,42.0,142606336
2026-09-16T14:50:20.049914+00:00,kai-scheduler,pod-grouper-65456f756-pbhlk,1.0,11534336
2026-09-16T14:50:20.049914+00:00,kai-scheduler,podgroup-controller-68f9cc8dbf-stpwz,1.0,11534336
2026-09-16T14:50:20.049914+00:00,kai-scheduler,queue-controller-f86fcd76c-qgw86,1.0,13631488
2026-09-16T14:50:20.049914+00:00,kube-system,coredns-8db54c48d-h2bc9,5.0,27262976
2026-09-16T14:50:20.049914+00:00,kube-system,kwok-controller-5cf8c7c44b-wmm4g,53.0,34603008
2026-09-16T14:50:20.049914+00:00,kube-system,local-path-provisioner-5d9d9885bc-pqnq2,1.0,13631488
2026-09-16T14:50:20.049914+00:00,kube-system,metrics-server-75dc6f8d87-wfq8p,18.0,62914560
2026-09-16T14:50:20.049914+00:00,kube-system,svclb-traefik-1c0eca4d-9wc8r,0.0,0
2026-09-16T14:50:20.049914+00:00,kube-system,traefik-9bcdbbd9-v6fcx,12.0,41943040
2026-09-16T14:50:20.049914+00:00,pyroscope,pyroscope-0,9.0,92274688
2026-09-16T14:50:20.049914+00:00,pyroscope,pyroscope-alloy-0,75.0,161480704
2026-09-16T14:50:26.288547+00:00,grove-system,grove-operator-67d9846db9-7hfl4,61.0,141557760
2026-09-16T14:50:26.288547+00:00,kai-scheduler,admission-86666f457d-z8xrj,1.0,13631488
2026-09-16T14:50:26.288547+00:00,kai-scheduler,binder-869fc94c7-qhfb6,24.0,131072000
2026-09-16T14:50:26.288547+00:00,kai-scheduler,kai-operator-69b5d7bcf7-pf5h6,1.0,62914560
2026-09-16T14:50:26.288547+00:00,kai-scheduler,kai-scheduler-default-84cb767847-php4b,27.0,147849216
2026-09-16T14:50:26.288547+00:00,kai-scheduler,pod-grouper-65456f756-pbhlk,1.0,11534336
2026-09-16T14:50:26.288547+00:00,kai-scheduler,podgroup-controller-68f9cc8dbf-stpwz,1.0,11534336
2026-09-16T14:50:26.288547+00:00,kai-scheduler,queue-controller-f86fcd76c-qgw86,1.0,13631488
2026-09-16T14:50:26.288547+00:00,kube-system,coredns-8db54c48d-h2bc9,4.0,27262976
2026-09-16T14:50:26.288547+00:00,kube-system,kwok-controller-5cf8c7c44b-wmm4g,15.0,33554432
2026-09-16T14:50:26.288547+00:00,kube-system,local-path-provisioner-5d9d9885bc-pqnq2,1.0,13631488
2026-09-16T14:50:26.288547+00:00,kube-system,metrics-server-75dc6f8d87-wfq8p,11.0,67108864
2026-09-16T14:50:26.288547+00:00,kube-system,svclb-traefik-1c0eca4d-9wc8r,0.0,0
2026-09-16T14:50:26.288547+00:00,kube-system,traefik-9bcdbbd9-v6fcx,3.0,42991616
2026-09-16T14:50:26.288547+00:00,pyroscope,pyroscope-0,5.0,84934656
2026-09-16T14:50:26.288547+00:00,pyroscope,pyroscope-alloy-0,14.0,164626432
2026-09-16T14:50:32.529549+00:00,grove-system,grove-operator-67d9846db9-7hfl4,61.0,141557760
2026-09-16T14:50:32.529549+00:00,kai-scheduler,admission-86666f457d-z8xrj,1.0,13631488
2026-09-16T14:50:32.529549+00:00,kai-scheduler,binder-869fc94c7-qhfb6,24.0,131072000
2026-09-16T14:50:32.529549+00:00,kai-scheduler,kai-operator-69b5d7bcf7-pf5h6,1.0,62914560
2026-09-16T14:50:32.529549+00:00,kai-scheduler,kai-scheduler-default-84cb767847-php4b,27.0,147849216
2026-09-16T14:50:32.529549+00:00,kai-scheduler,pod-grouper-65456f756-pbhlk,1.0,11534336
2026-09-16T14:50:32.529549+00:00,kai-scheduler,podgroup-controller-68f9cc8dbf-stpwz,1.0,11534336
2026-09-16T14:50:32.529549+00:00,kai-scheduler,queue-controller-f86fcd76c-qgw86,1.0,13631488
2026-09-16T14:50:32.529549+00:00,kube-system,coredns-8db54c48d-h2bc9,4.0,27262976
2026-09-16T14:50:32.529549+00:00,kube-system,kwok-controller-5cf8c7c44b-wmm4g,15.0,33554432
2026-09-16T14:50:32.529549+00:00,kube-system,local-path-provisioner-5d9d9885bc-pqnq2,1.0,13631488
2026-09-16T14:50:32.529549+00:00,kube-system,metrics-server-75dc6f8d87-wfq8p,11.0,67108864
2026-09-16T14:50:32.529549+00:00,kube-system,svclb-traefik-1c0eca4d-9wc8r,0.0,0
2026-09-16T14:50:32.529549+00:00,kube-system,traefik-9bcdbbd9-v6fcx,3.0,42991616
2026-09-16T14:50:32.529549+00:00,pyroscope,pyroscope-0,5.0,84934656
2026-09-16T14:50:32.529549+00:00,pyroscope,pyroscope-alloy-0,14.0,164626432
2026-09-16T14:50:38.763883+00:00,grove-system,grove-operator-67d9846db9-7hfl4,42.0,135266304
2026-09-16T14:50:38.763883+00:00,kai-scheduler,admission-86666f457d-z8xrj,1.0,13631488
2026-09-16T14:50:38.763883+00:00,kai-scheduler,binder-869fc94c7-qhfb6,49.0,119537664
2026-09-16T14:50:38.763883+00:00,kai-scheduler,kai-operator-69b5d7bcf7-pf5h6,1.0,62914560
2026-09-16T14:50:38.763883+00:00,kai-scheduler,kai-scheduler-default-84cb767847-php4b,43.0,102760448
2026-09-16T14:50:38.763883+00:00,kai-scheduler,pod-grouper-65456f756-pbhlk,1.0,11534336
2026-09-16T14:50:38.763883+00:00,kai-scheduler,podgroup-controller-68f9cc8dbf-stpwz,1.0,11534336
2026-09-16T14:50:38.763883+00:00,kai-scheduler,queue-controller-f86fcd76c-qgw86,1.0,13631488
2026-09-16T14:50:38.763883+00:00,kube-system,coredns-8db54c48d-h2bc9,2.0,26214400
2026-09-16T14:50:38.763883+00:00,kube-system,kwok-controller-5cf8c7c44b-wmm4g,86.0,37748736
2026-09-16T14:50:38.763883+00:00,kube-system,local-path-provisioner-5d9d9885bc-pqnq2,1.0,13631488
2026-09-16T14:50:38.763883+00:00,kube-system,metrics-server-75dc6f8d87-wfq8p,23.0,73400320
2026-09-16T14:50:38.763883+00:00,kube-system,svclb-traefik-1c0eca4d-9wc8r,0.0,0
2026-09-16T14:50:38.763883+00:00,kube-system,traefik-9bcdbbd9-v6fcx,2.0,41943040
2026-09-16T14:50:38.763883+00:00,pyroscope,pyroscope-0,6.0,83886080
2026-09-16T14:50:38.763883+00:00,pyroscope,pyroscope-alloy-0,48.0,163577856
2026-09-16T14:50:45.004914+00:00,grove-system,grove-operator-67d9846db9-7hfl4,42.0,135266304
2026-09-16T14:50:45.004914+00:00,kai-scheduler,admission-86666f457d-z8xrj,1.0,13631488
2026-09-16T14:50:45.004914+00:00,kai-scheduler,binder-869fc94c7-qhfb6,49.0,119537664
2026-09-16T14:50:45.004914+00:00,kai-scheduler,kai-operator-69b5d7bcf7-pf5h6,1.0,62914560
2026-09-16T14:50:45.004914+00:00,kai-scheduler,kai-scheduler-default-84cb767847-php4b,43.0,102760448
2026-09-16T14:50:45.004914+00:00,kai-scheduler,pod-grouper-65456f756-pbhlk,1.0,11534336
2026-09-16T14:50:45.004914+00:00,kai-scheduler,podgroup-controller-68f9cc8dbf-stpwz,1.0,11534336
2026-09-16T14:50:45.004914+00:00,kai-scheduler,queue-controller-f86fcd76c-qgw86,1.0,13631488
2026-09-16T14:50:45.004914+00:00,kube-system,coredns-8db54c48d-h2bc9,2.0,26214400
2026-09-16T14:50:45.004914+00:00,kube-system,kwok-controller-5cf8c7c44b-wmm4g,86.0,37748736
2026-09-16T14:50:45.004914+00:00,kube-system,local-path-provisioner-5d9d9885bc-pqnq2,1.0,13631488
2026-09-16T14:50:45.004914+00:00,kube-system,metrics-server-75dc6f8d87-wfq8p,23.0,73400320
2026-09-16T14:50:45.004914+00:00,kube-system,svclb-traefik-1c0eca4d-9wc8r,0.0,0
2026-09-16T14:50:45.004914+00:00,kube-system,traefik-9bcdbbd9-v6fcx,2.0,41943040
2026-09-16T14:50:45.004914+00:00,pyroscope,pyroscope-0,6.0,83886080
2026-09-16T14:50:45.004914+00:00,pyroscope,pyroscope-alloy-0,48.0,163577856
2026-09-16T14:50:51.241978+00:00,grove-system,grove-operator-67d9846db9-7hfl4,41.0,131072000
2026-09-16T14:50:51.241978+00:00,kai-scheduler,admission-86666f457d-z8xrj,1.0,13631488
2026-09-16T14:50:51.241978+00:00,kai-scheduler,binder-869fc94c7-qhfb6,49.0,119537664
2026-09-16T14:50:51.241978+00:00,kai-scheduler,kai-operator-69b5d7bcf7-pf5h6,1.0,62914560
2026-09-16T14:50:51.241978+00:00,kai-scheduler,kai-scheduler-default-84cb767847-php4b,43.0,102760448
2026-09-16T14:50:51.241978+00:00,kai-scheduler,pod-grouper-65456f756-pbhlk,1.0,11534336
2026-09-16T14:50:51.241978+00:00,kai-scheduler,podgroup-controller-68f9cc8dbf-stpwz,1.0,11534336
2026-09-16T14:50:51.241978+00:00,kai-scheduler,queue-controller-f86fcd76c-qgw86,1.0,13631488
2026-09-16T14:50:51.241978+00:00,kube-system,coredns-8db54c48d-h2bc9,3.0,26214400
2026-09-16T14:50:51.241978+00:00,kube-system,kwok-controller-5cf8c7c44b-wmm4g,129.0,38797312
2026-09-16T14:50:51.241978+00:00,kube-system,local-path-provisioner-5d9d9885bc-pqnq2,1.0,13631488
2026-09-16T14:50:51.241978+00:00,kube-system,metrics-server-75dc6f8d87-wfq8p,31.0,67108864
2026-09-16T14:50:51.241978+00:00,kube-system,svclb-traefik-1c0eca4d-9wc8r,0.0,0
2026-09-16T14:50:51.241978+00:00,kube-system,traefik-9bcdbbd9-v6fcx,1.0,41943040
2026-09-16T14:50:51.241978+00:00,pyroscope,pyroscope-0,6.0,81788928
2026-09-16T14:50:51.241978+00:00,pyroscope,pyroscope-alloy-0,48.0,149946368
2026-09-16T14:50:57.479827+00:00,grove-system,grove-operator-67d9846db9-7hfl4,41.0,131072000
2026-09-16T14:50:57.479827+00:00,kai-scheduler,admission-86666f457d-z8xrj,1.0,13631488
2026-09-16T14:50:57.479827+00:00,kai-scheduler,binder-869fc94c7-qhfb6,49.0,119537664
2026-09-16T14:50:57.479827+00:00,kai-scheduler,kai-operator-69b5d7bcf7-pf5h6,1.0,62914560
2026-09-16T14:50:57.479827+00:00,kai-scheduler,kai-scheduler-default-84cb767847-php4b,43.0,102760448
2026-09-16T14:50:57.479827+00:00,kai-scheduler,pod-grouper-65456f756-pbhlk,1.0,11534336
2026-09-16T14:50:57.479827+00:00,kai-scheduler,podgroup-controller-68f9cc8dbf-stpwz,1.0,11534336
2026-09-16T14:50:57.479827+00:00,kai-scheduler,queue-controller-f86fcd76c-qgw86,1.0,13631488
2026-09-16T14:50:57.479827+00:00,kube-system,coredns-8db54c48d-h2bc9,3.0,26214400
2026-09-16T14:50:57.479827+00:00,kube-system,kwok-controller-5cf8c7c44b-wmm4g,129.0,38797312
2026-09-16T14:50:57.479827+00:00,kube-system,local-path-provisioner-5d9d9885bc-pqnq2,1.0,13631488
2026-09-16T14:50:57.479827+00:00,kube-system,metrics-server-75dc6f8d87-wfq8p,31.0,67108864
2026-09-16T14:50:57.479827+00:00,kube-system,svclb-traefik-1c0eca4d-9wc8r,0.0,0
2026-09-16T14:50:57.479827+00:00,kube-system,traefik-9bcdbbd9-v6fcx,1.0,41943040
2026-09-16T14:50:57.479827+00:00,pyroscope,pyroscope-0,6.0,81788928
2026-09-16T14:50:57.479827+00:00,pyroscope,pyroscope-alloy-0,48.0,149946368
2026-09-16T14:51:03.712765+00:00,grove-system,grove-operator-67d9846db9-7hfl4,41.0,131072000
2026-09-16T14:51:03.712765+00:00,kai-scheduler,admission-86666f457d-z8xrj,1.0,13631488
2026-09-16T14:51:03.712765+00:00,kai-scheduler,binder-869fc94c7-qhfb6,49.0,119537664
2026-09-16T14:51:03.712765+00:00,kai-scheduler,kai-operator-69b5d7bcf7-pf5h6,1.0,62914560
2026-09-16T14:51:03.712765+00:00,kai-scheduler,kai-scheduler-default-84cb767847-php4b,43.0,102760448
2026-09-16T14:51:03.712765+00:00,kai-scheduler,pod-grouper-65456f756-pbhlk,1.0,11534336
2026-09-16T14:51:03.712765+00:00,kai-scheduler,podgroup-controller-68f9cc8dbf-stpwz,1.0,11534336
2026-09-16T14:51:03.712765+00:00,kai-scheduler,queue-controller-f86fcd76c-qgw86,1.0,13631488
2026-09-16T14:51:03.712765+00:00,kube-system,coredns-8db54c48d-h2bc9,3.0,26214400
2026-09-16T14:51:03.712765+00:00,kube-system,kwok-controller-5cf8c7c44b-wmm4g,129.0,38797312
2026-09-16T14:51:03.712765+00:00,kube-system,local-path-provisioner-5d9d9885bc-pqnq2,1.0,13631488
2026-09-16T14:51:03.712765+00:00,kube-system,metrics-server-75dc6f8d87-wfq8p,31.0,67108864
2026-09-16T14:51:03.712765+00:00,kube-system,svclb-traefik-1c0eca4d-9wc8r,0.0,0
2026-09-16T14:51:03.712765+00:00,kube-system,traefik-9bcdbbd9-v6fcx,1.0,41943040
2026-09-16T14:51:03.712765+00:00,pyroscope,pyroscope-0,6.0,81788928
2026-09-16T14:51:03.712765+00:00,pyroscope,pyroscope-alloy-0,48.0,149946368
2026-09-16T14:51:09.965140+00:00,grove-system,grove-operator-67d9846db9-7hfl4,41.0,131072000
2026-09-16T14:51:09.965140+00:00,kai-scheduler,admission-86666f457d-z8xrj,1.0,13631488
2026-09-16T14:51:09.965140+00:00,kai-scheduler,binder-869fc94c7-qhfb6,48.0,106954752
2026-09-16T14:51:09.965140+00:00,kai-scheduler,kai-operator-69b5d7bcf7-pf5h6,1.0,62914560
2026-09-16T14:51:09.965140+00:00,kai-scheduler,kai-scheduler-default-84cb767847-php4b,38.0,93323264
2026-09-16T14:51:09.965140+00:00,kai-scheduler,pod-grouper-65456f756-pbhlk,1.0,11534336
2026-09-16T14:51:09.965140+00:00,kai-scheduler,podgroup-controller-68f9cc8dbf-stpwz,1.0,11534336
2026-09-16T14:51:09.965140+00:00,kai-scheduler,queue-controller-f86fcd76c-qgw86,1.0,13631488
2026-09-16T14:51:09.965140+00:00,kube-system,coredns-8db54c48d-h2bc9,3.0,26214400
2026-09-16T14:51:09.965140+00:00,kube-system,kwok-controller-5cf8c7c44b-wmm4g,87.0,39845888
2026-09-16T14:51:09.965140+00:00,kube-system,local-path-provisioner-5d9d9885bc-pqnq2,1.0,13631488
2026-09-16T14:51:09.965140+00:00,kube-system,metrics-server-75dc6f8d87-wfq8p,31.0,67108864
2026-09-16T14:51:09.965140+00:00,kube-system,svclb-traefik-1c0eca4d-9wc8r,0.0,0
2026-09-16T14:51:09.965140+00:00,kube-system,traefik-9bcdbbd9-v6fcx,1.0,41943040
2026-09-16T14:51:09.965140+00:00,pyroscope,pyroscope-0,8.0,95420416
2026-09-16T14:51:09.965140+00:00,pyroscope,pyroscope-alloy-0,48.0,149946368
2026-09-16T14:51:16.200146+00:00,grove-system,grove-operator-67d9846db9-7hfl4,41.0,131072000
2026-09-16T14:51:16.200146+00:00,kai-scheduler,admission-86666f457d-z8xrj,1.0,13631488
2026-09-16T14:51:16.200146+00:00,kai-scheduler,binder-869fc94c7-qhfb6,48.0,106954752
2026-09-16T14:51:16.200146+00:00,kai-scheduler,kai-operator-69b5d7bcf7-pf5h6,1.0,62914560
2026-09-16T14:51:16.200146+00:00,kai-scheduler,kai-scheduler-default-84cb767847-php4b,38.0,93323264
2026-09-16T14:51:16.200146+00:00,kai-scheduler,pod-grouper-65456f756-pbhlk,1.0,11534336
2026-09-16T14:51:16.200146+00:00,kai-scheduler,podgroup-controller-68f9cc8dbf-stpwz,1.0,11534336
2026-09-16T14:51:16.200146+00:00,kai-scheduler,queue-controller-f86fcd76c-qgw86,1.0,13631488
2026-09-16T14:51:16.200146+00:00,kube-system,coredns-8db54c48d-h2bc9,3.0,26214400
2026-09-16T14:51:16.200146+00:00,kube-system,kwok-controller-5cf8c7c44b-wmm4g,87.0,39845888
2026-09-16T14:51:16.200146+00:00,kube-system,local-path-provisioner-5d9d9885bc-pqnq2,1.0,13631488
2026-09-16T14:51:16.200146+00:00,kube-system,metrics-server-75dc6f8d87-wfq8p,31.0,67108864
2026-09-16T14:51:16.200146+00:00,kube-system,svclb-traefik-1c0eca4d-9wc8r,0.0,0
2026-09-16T14:51:16.200146+00:00,kube-system,traefik-9bcdbbd9-v6fcx,1.0,41943040
2026-09-16T14:51:16.200146+00:00,pyroscope,pyroscope-0,8.0,95420416
2026-09-16T14:51:16.200146+00:00,pyroscope,pyroscope-alloy-0,48.0,149946368
2026-09-16T14:51:22.432784+00:00,grove-system,grove-operator-67d9846db9-7hfl4,40.0,120586240
2026-09-16T14:51:22.432784+00:00,kai-scheduler,admission-86666f457d-z8xrj,1.0,13631488
2026-09-16T14:51:22.432784+00:00,kai-scheduler,binder-869fc94c7-qhfb6,51.0,102760448
2026-09-16T14:51:22.432784+00:00,kai-scheduler,kai-operator-69b5d7bcf7-pf5h6,17.0,63963136
2026-09-16T14:51:22.432784+00:00,kai-scheduler,kai-scheduler-default-84cb767847-php4b,27.0,80740352
2026-09-16T14:51:22.432784+00:00,kai-scheduler,pod-grouper-65456f756-pbhlk,1.0,11534336
2026-09-16T14:51:22.432784+00:00,kai-scheduler,podgroup-controller-68f9cc8dbf-stpwz,1.0,11534336
2026-09-16T14:51:22.432784+00:00,kai-scheduler,queue-controller-f86fcd76c-qgw86,1.0,13631488
2026-09-16T14:51:22.432784+00:00,kube-system,coredns-8db54c48d-h2bc9,5.0,26214400
2026-09-16T14:51:22.432784+00:00,kube-system,kwok-controller-5cf8c7c44b-wmm4g,72.0,38797312
2026-09-16T14:51:22.432784+00:00,kube-system,local-path-provisioner-5d9d9885bc-pqnq2,1.0,13631488
2026-09-16T14:51:22.432784+00:00,kube-system,metrics-server-75dc6f8d87-wfq8p,18.0,63963136
2026-09-16T14:51:22.432784+00:00,kube-system,svclb-traefik-1c0eca4d-9wc8r,0.0,0
2026-09-16T14:51:22.432784+00:00,kube-system,traefik-9bcdbbd9-v6fcx,26.0,41943040
2026-09-16T14:51:22.432784+00:00,pyroscope,pyroscope-0,9.0,104857600
2026-09-16T14:51:22.432784+00:00,pyroscope,pyroscope-alloy-0,32.0,141557760
2026-09-16T14:51:28.706701+00:00,grove-system,grove-operator-67d9846db9-7hfl4,40.0,120586240
2026-09-16T14:51:28.706701+00:00,kai-scheduler,admission-86666f457d-z8xrj,1.0,13631488
2026-09-16T14:51:28.706701+00:00,kai-scheduler,binder-869fc94c7-qhfb6,51.0,102760448
2026-09-16T14:51:28.706701+00:00,kai-scheduler,kai-operator-69b5d7bcf7-pf5h6,17.0,63963136
2026-09-16T14:51:28.706701+00:00,kai-scheduler,kai-scheduler-default-84cb767847-php4b,27.0,80740352
2026-09-16T14:51:28.706701+00:00,kai-scheduler,pod-grouper-65456f756-pbhlk,1.0,11534336
2026-09-16T14:51:28.706701+00:00,kai-scheduler,podgroup-controller-68f9cc8dbf-stpwz,1.0,11534336
2026-09-16T14:51:28.706701+00:00,kai-scheduler,queue-controller-f86fcd76c-qgw86,1.0,13631488
2026-09-16T14:51:28.706701+00:00,kube-system,coredns-8db54c48d-h2bc9,5.0,26214400
2026-09-16T14:51:28.706701+00:00,kube-system,kwok-controller-5cf8c7c44b-wmm4g,72.0,38797312
2026-09-16T14:51:28.706701+00:00,kube-system,local-path-provisioner-5d9d9885bc-pqnq2,1.0,13631488
2026-09-16T14:51:28.706701+00:00,kube-system,metrics-server-75dc6f8d87-wfq8p,18.0,63963136
2026-09-16T14:51:28.706701+00:00,kube-system,svclb-traefik-1c0eca4d-9wc8r,0.0,0
2026-09-16T14:51:28.706701+00:00,kube-system,traefik-9bcdbbd9-v6fcx,26.0,41943040
2026-09-16T14:51:28.706701+00:00,pyroscope,pyroscope-0,9.0,104857600
2026-09-16T14:51:28.706701+00:00,pyroscope,pyroscope-alloy-0,32.0,141557760
2026-09-16T14:51:34.949043+00:00,grove-system,grove-operator-67d9846db9-7hfl4,40.0,120586240
2026-09-16T14:51:34.949043+00:00,kai-scheduler,admission-86666f457d-z8xrj,1.0,13631488
2026-09-16T14:51:34.949043+00:00,kai-scheduler,binder-869fc94c7-qhfb6,51.0,102760448
2026-09-16T14:51:34.949043+00:00,kai-scheduler,kai-operator-69b5d7bcf7-pf5h6,17.0,63963136
2026-09-16T14:51:34.949043+00:00,kai-scheduler,kai-scheduler-default-84cb767847-php4b,27.0,80740352
2026-09-16T14:51:34.949043+00:00,kai-scheduler,pod-grouper-65456f756-pbhlk,1.0,11534336
2026-09-16T14:51:34.949043+00:00,kai-scheduler,podgroup-controller-68f9cc8dbf-stpwz,1.0,11534336
2026-09-16T14:51:34.949043+00:00,kai-scheduler,queue-controller-f86fcd76c-qgw86,1.0,13631488
2026-09-16T14:51:34.949043+00:00,kube-system,coredns-8db54c48d-h2bc9,5.0,26214400
2026-09-16T14:51:34.949043+00:00,kube-system,kwok-controller-5cf8c7c44b-wmm4g,72.0,38797312
2026-09-16T14:51:34.949043+00:00,kube-system,local-path-provisioner-5d9d9885bc-pqnq2,1.0,13631488
2026-09-16T14:51:34.949043+00:00,kube-system,metrics-server-75dc6f8d87-wfq8p,18.0,63963136
2026-09-16T14:51:34.949043+00:00,kube-system,svclb-traefik-1c0eca4d-9wc8r,0.0,0
2026-09-16T14:51:34.949043+00:00,kube-system,traefik-9bcdbbd9-v6fcx,26.0,41943040
2026-09-16T14:51:34.949043+00:00,pyroscope,pyroscope-0,9.0,104857600
2026-09-16T14:51:34.949043+00:00,pyroscope,pyroscope-alloy-0,32.0,141557760
2026-09-16T14:51:41.183370+00:00,grove-system,grove-operator-67d9846db9-7hfl4,791.0,153092096
2026-09-16T14:51:41.183370+00:00,kai-scheduler,admission-86666f457d-z8xrj,1.0,13631488
2026-09-16T14:51:41.183370+00:00,kai-scheduler,binder-869fc94c7-qhfb6,55.0,117440512
2026-09-16T14:51:41.183370+00:00,kai-scheduler,kai-operator-69b5d7bcf7-pf5h6,2.0,63963136
2026-09-16T14:51:41.183370+00:00,kai-scheduler,kai-scheduler-default-84cb767847-php4b,70.0,115343360
2026-09-16T14:51:41.183370+00:00,kai-scheduler,pod-grouper-65456f756-pbhlk,1.0,11534336
2026-09-16T14:51:41.183370+00:00,kai-scheduler,podgroup-controller-68f9cc8dbf-stpwz,1.0,11534336
2026-09-16T14:51:41.183370+00:00,kai-scheduler,queue-controller-f86fcd76c-qgw86,1.0,13631488
2026-09-16T14:51:41.183370+00:00,kube-system,coredns-8db54c48d-h2bc9,5.0,26214400
2026-09-16T14:51:41.183370+00:00,kube-system,kwok-controller-5cf8c7c44b-wmm4g,151.0,35651584
2026-09-16T14:51:41.183370+00:00,kube-system,local-path-provisioner-5d9d9885bc-pqnq2,1.0,13631488
2026-09-16T14:51:41.183370+00:00,kube-system,metrics-server-75dc6f8d87-wfq8p,23.0,62914560
2026-09-16T14:51:41.183370+00:00,kube-system,svclb-traefik-1c0eca4d-9wc8r,0.0,0
2026-09-16T14:51:41.183370+00:00,kube-system,traefik-9bcdbbd9-v6fcx,14.0,41943040
2026-09-16T14:51:41.183370+00:00,pyroscope,pyroscope-0,9.0,112197632
2026-09-16T14:51:41.183370+00:00,pyroscope,pyroscope-alloy-0,61.0,146800640
2026-09-16T14:51:47.417258+00:00,grove-system,grove-operator-67d9846db9-7hfl4,791.0,153092096
2026-09-16T14:51:47.417258+00:00,kai-scheduler,admission-86666f457d-z8xrj,1.0,13631488
2026-09-16T14:51:47.417258+00:00,kai-scheduler,binder-869fc94c7-qhfb6,55.0,117440512
2026-09-16T14:51:47.417258+00:00,kai-scheduler,kai-operator-69b5d7bcf7-pf5h6,2.0,63963136
2026-09-16T14:51:47.417258+00:00,kai-scheduler,kai-scheduler-default-84cb767847-php4b,70.0,115343360
2026-09-16T14:51:47.417258+00:00,kai-scheduler,pod-grouper-65456f756-pbhlk,1.0,11534336
2026-09-16T14:51:47.417258+00:00,kai-scheduler,podgroup-controller-68f9cc8dbf-stpwz,1.0,11534336
2026-09-16T14:51:47.417258+00:00,kai-scheduler,queue-controller-f86fcd76c-qgw86,1.0,13631488
2026-09-16T14:51:47.417258+00:00,kube-system,coredns-8db54c48d-h2bc9,5.0,26214400
2026-09-16T14:51:47.417258+00:00,kube-system,kwok-controller-5cf8c7c44b-wmm4g,151.0,35651584
2026-09-16T14:51:47.417258+00:00,kube-system,local-path-provisioner-5d9d9885bc-pqnq2,1.0,13631488
2026-09-16T14:51:47.417258+00:00,kube-system,metrics-server-75dc6f8d87-wfq8p,23.0,62914560
2026-09-16T14:51:47.417258+00:00,kube-system,svclb-traefik-1c0eca4d-9wc8r,0.0,0
2026-09-16T14:51:47.417258+00:00,kube-system,traefik-9bcdbbd9-v6fcx,14.0,41943040
2026-09-16T14:51:47.417258+00:00,pyroscope,pyroscope-0,9.0,112197632
2026-09-16T14:51:47.417258+00:00,pyroscope,pyroscope-alloy-0,61.0,146800640
2026-09-16T14:51:53.656579+00:00,grove-system,grove-operator-67d9846db9-7hfl4,279.0,147849216
2026-09-16T14:51:53.656579+00:00,kai-scheduler,admission-86666f457d-z8xrj,1.0,13631488
2026-09-16T14:51:53.656579+00:00,kai-scheduler,binder-869fc94c7-qhfb6,55.0,117440512
2026-09-16T14:51:53.656579+00:00,kai-scheduler,kai-operator-69b5d7bcf7-pf5h6,2.0,65011712
2026-09-16T14:51:53.656579+00:00,kai-scheduler,kai-scheduler-default-84cb767847-php4b,70.0,115343360
2026-09-16T14:51:53.656579+00:00,kai-scheduler,pod-grouper-65456f756-pbhlk,1.0,11534336
2026-09-16T14:51:53.656579+00:00,kai-scheduler,podgroup-controller-68f9cc8dbf-stpwz,1.0,11534336
2026-09-16T14:51:53.656579+00:00,kai-scheduler,queue-controller-f86fcd76c-qgw86,1.0,13631488
2026-09-16T14:51:53.656579+00:00,kube-system,coredns-8db54c48d-h2bc9,10.0,28311552
2026-09-16T14:51:53.656579+00:00,kube-system,kwok-controller-5cf8c7c44b-wmm4g,141.0,35651584
2026-09-16T14:51:53.656579+00:00,kube-system,local-path-provisioner-5d9d9885bc-pqnq2,1.0,13631488
2026-09-16T14:51:53.656579+00:00,kube-system,metrics-server-75dc6f8d87-wfq8p,17.0,63963136
2026-09-16T14:51:53.656579+00:00,kube-system,svclb-traefik-1c0eca4d-9wc8r,0.0,0
2026-09-16T14:51:53.656579+00:00,kube-system,traefik-9bcdbbd9-v6fcx,11.0,42991616
2026-09-16T14:51:53.656579+00:00,pyroscope,pyroscope-0,9.0,99614720
2026-09-16T14:51:53.656579+00:00,pyroscope,pyroscope-alloy-0,64.0,159383552
2026-09-16T14:51:59.892866+00:00,grove-system,grove-operator-67d9846db9-7hfl4,279.0,147849216
2026-09-16T14:51:59.892866+00:00,kai-scheduler,admission-86666f457d-z8xrj,1.0,13631488
2026-09-16T14:51:59.892866+00:00,kai-scheduler,binder-869fc94c7-qhfb6,55.0,117440512
2026-09-16T14:51:59.892866+00:00,kai-scheduler,kai-operator-69b5d7bcf7-pf5h6,2.0,65011712
2026-09-16T14:51:59.892866+00:00,kai-scheduler,kai-scheduler-default-84cb767847-php4b,70.0,115343360
2026-09-16T14:51:59.892866+00:00,kai-scheduler,pod-grouper-65456f756-pbhlk,1.0,11534336
2026-09-16T14:51:59.892866+00:00,kai-scheduler,podgroup-controller-68f9cc8dbf-stpwz,1.0,11534336
2026-09-16T14:51:59.892866+00:00,kai-scheduler,queue-controller-f86fcd76c-qgw86,1.0,13631488
2026-09-16T14:51:59.892866+00:00,kube-system,coredns-8db54c48d-h2bc9,10.0,28311552
2026-09-16T14:51:59.892866+00:00,kube-system,kwok-controller-5cf8c7c44b-wmm4g,141.0,35651584
2026-09-16T14:51:59.892866+00:00,kube-system,local-path-provisioner-5d9d9885bc-pqnq2,1.0,13631488
2026-09-16T14:51:59.892866+00:00,kube-system,metrics-server-75dc6f8d87-wfq8p,17.0,63963136
2026-09-16T14:51:59.892866+00:00,kube-system,svclb-traefik-1c0eca4d-9wc8r,0.0,0
2026-09-16T14:51:59.892866+00:00,kube-system,traefik-9bcdbbd9-v6fcx,11.0,42991616
2026-09-16T14:51:59.892866+00:00,pyroscope,pyroscope-0,9.0,99614720
2026-09-16T14:51:59.892866+00:00,pyroscope,pyroscope-alloy-0,64.0,159383552
2026-09-16T14:52:06.128767+00:00,grove-system,grove-operator-67d9846db9-7hfl4,51.0,146800640
2026-09-16T14:52:06.128767+00:00,kai-scheduler,admission-86666f457d-z8xrj,1.0,13631488
2026-09-16T14:52:06.128767+00:00,kai-scheduler,binder-869fc94c7-qhfb6,20.0,127926272
2026-09-16T14:52:06.128767+00:00,kai-scheduler,kai-operator-69b5d7bcf7-pf5h6,2.0,63963136
2026-09-16T14:52:06.128767+00:00,kai-scheduler,kai-scheduler-default-84cb767847-php4b,24.0,140509184
2026-09-16T14:52:06.128767+00:00,kai-scheduler,pod-grouper-65456f756-pbhlk,1.0,11534336
2026-09-16T14:52:06.128767+00:00,kai-scheduler,podgroup-controller-68f9cc8dbf-stpwz,1.0,11534336
2026-09-16T14:52:06.128767+00:00,kai-scheduler,queue-controller-f86fcd76c-qgw86,1.0,13631488
2026-09-16T14:52:06.128767+00:00,kube-system,coredns-8db54c48d-h2bc9,4.0,27262976
2026-09-16T14:52:06.128767+00:00,kube-system,kwok-controller-5cf8c7c44b-wmm4g,12.0,39845888
2026-09-16T14:52:06.128767+00:00,kube-system,local-path-provisioner-5d9d9885bc-pqnq2,1.0,13631488
2026-09-16T14:52:06.128767+00:00,kube-system,metrics-server-75dc6f8d87-wfq8p,10.0,65011712
2026-09-16T14:52:06.128767+00:00,kube-system,svclb-traefik-1c0eca4d-9wc8r,0.0,0
2026-09-16T14:52:06.128767+00:00,kube-system,traefik-9bcdbbd9-v6fcx,3.0,40894464
2026-09-16T14:52:06.128767+00:00,pyroscope,pyroscope-0,6.0,91226112
2026-09-16T14:52:06.128767+00:00,pyroscope,pyroscope-alloy-0,16.0,169869312
2026-09-16T14:52:12.359174+00:00,grove-system,grove-operator-67d9846db9-7hfl4,51.0,146800640
2026-09-16T14:52:12.359174+00:00,kai-scheduler,admission-86666f457d-z8xrj,1.0,13631488
2026-09-16T14:52:12.359174+00:00,kai-scheduler,binder-869fc94c7-qhfb6,20.0,127926272
2026-09-16T14:52:12.359174+00:00,kai-scheduler,kai-operator-69b5d7bcf7-pf5h6,2.0,63963136
2026-09-16T14:52:12.359174+00:00,kai-scheduler,kai-scheduler-default-84cb767847-php4b,24.0,140509184
2026-09-16T14:52:12.359174+00:00,kai-scheduler,pod-grouper-65456f756-pbhlk,1.0,11534336
2026-09-16T14:52:12.359174+00:00,kai-scheduler,podgroup-controller-68f9cc8dbf-stpwz,1.0,11534336
2026-09-16T14:52:12.359174+00:00,kai-scheduler,queue-controller-f86fcd76c-qgw86,1.0,13631488
2026-09-16T14:52:12.359174+00:00,kube-system,coredns-8db54c48d-h2bc9,4.0,27262976
2026-09-16T14:52:12.359174+00:00,kube-system,kwok-controller-5cf8c7c44b-wmm4g,12.0,39845888
2026-09-16T14:52:12.359174+00:00,kube-system,local-path-provisioner-5d9d9885bc-pqnq2,1.0,13631488
2026-09-16T14:52:12.359174+00:00,kube-system,metrics-server-75dc6f8d87-wfq8p,10.0,65011712
2026-09-16T14:52:12.359174+00:00,kube-system,svclb-traefik-1c0eca4d-9wc8r,0.0,0
2026-09-16T14:52:12.359174+00:00,kube-system,traefik-9bcdbbd9-v6fcx,3.0,40894464
2026-09-16T14:52:12.359174+00:00,pyroscope,pyroscope-0,6.0,91226112
2026-09-16T14:52:12.359174+00:00,pyroscope,pyroscope-alloy-0,16.0,169869312
2026-09-16T14:52:18.596670+00:00,grove-system,grove-operator-67d9846db9-7hfl4,51.0,146800640
2026-09-16T14:52:18.596670+00:00,kai-scheduler,admission-86666f457d-z8xrj,1.0,13631488
2026-09-16T14:52:18.596670+00:00,kai-scheduler,binder-869fc94c7-qhfb6,20.0,127926272
2026-09-16T14:52:18.596670+00:00,kai-scheduler,kai-operator-69b5d7bcf7-pf5h6,2.0,63963136
2026-09-16T14:52:18.596670+00:00,kai-scheduler,kai-scheduler-default-84cb767847-php4b,24.0,140509184
2026-09-16T14:52:18.596670+00:00,kai-scheduler,pod-grouper-65456f756-pbhlk,1.0,11534336
2026-09-16T14:52:18.596670+00:00,kai-scheduler,podgroup-controller-68f9cc8dbf-stpwz,1.0,11534336
2026-09-16T14:52:18.596670+00:00,kai-scheduler,queue-controller-f86fcd76c-qgw86,1.0,13631488
2026-09-16T14:52:18.596670+00:00,kube-system,coredns-8db54c48d-h2bc9,4.0,27262976
2026-09-16T14:52:18.596670+00:00,kube-system,kwok-controller-5cf8c7c44b-wmm4g,12.0,39845888
2026-09-16T14:52:18.596670+00:00,kube-system,local-path-provisioner-5d9d9885bc-pqnq2,1.0,13631488
2026-09-16T14:52:18.596670+00:00,kube-system,metrics-server-75dc6f8d87-wfq8p,10.0,65011712
2026-09-16T14:52:18.596670+00:00,kube-system,svclb-traefik-1c0eca4d-9wc8r,0.0,0
2026-09-16T14:52:18.596670+00:00,kube-system,traefik-9bcdbbd9-v6fcx,3.0,40894464
2026-09-16T14:52:18.596670+00:00,pyroscope,pyroscope-0,6.0,91226112
2026-09-16T14:52:18.596670+00:00,pyroscope,pyroscope-alloy-0,16.0,169869312
2026-09-16T14:52:24.836690+00:00,grove-system,grove-operator-67d9846db9-7hfl4,47.0,138412032
2026-09-16T14:52:24.836690+00:00,kai-scheduler,admission-86666f457d-z8xrj,1.0,14680064
2026-09-16T14:52:24.836690+00:00,kai-scheduler,binder-869fc94c7-qhfb6,23.0,131072000
2026-09-16T14:52:24.836690+00:00,kai-scheduler,kai-operator-69b5d7bcf7-pf5h6,1.0,63963136
2026-09-16T14:52:24.836690+00:00,kai-scheduler,kai-scheduler-default-84cb767847-php4b,24.0,140509184
2026-09-16T14:52:24.836690+00:00,kai-scheduler,pod-grouper-65456f756-pbhlk,1.0,11534336
2026-09-16T14:52:24.836690+00:00,kai-scheduler,podgroup-controller-68f9cc8dbf-stpwz,1.0,11534336
2026-09-16T14:52:24.836690+00:00,kai-scheduler,queue-controller-f86fcd76c-qgw86,1.0,13631488
2026-09-16T14:52:24.836690+00:00,kube-system,coredns-8db54c48d-h2bc9,4.0,26214400
2026-09-16T14:52:24.836690+00:00,kube-system,kwok-controller-5cf8c7c44b-wmm4g,54.0,38797312
2026-09-16T14:52:24.836690+00:00,kube-system,local-path-provisioner-5d9d9885bc-pqnq2,1.0,13631488
2026-09-16T14:52:24.836690+00:00,kube-system,metrics-server-75dc6f8d87-wfq8p,20.0,71303168
2026-09-16T14:52:24.836690+00:00,kube-system,svclb-traefik-1c0eca4d-9wc8r,0.0,0
2026-09-16T14:52:24.836690+00:00,kube-system,traefik-9bcdbbd9-v6fcx,7.0,45088768
2026-09-16T14:52:24.836690+00:00,pyroscope,pyroscope-0,6.0,91226112
2026-09-16T14:52:24.836690+00:00,pyroscope,pyroscope-alloy-0,40.0,173015040
2026-09-16T14:52:31.077063+00:00,grove-system,grove-operator-67d9846db9-7hfl4,47.0,138412032
2026-09-16T14:52:31.077063+00:00,kai-scheduler,admission-86666f457d-z8xrj,1.0,14680064
2026-09-16T14:52:31.077063+00:00,kai-scheduler,binder-869fc94c7-qhfb6,23.0,131072000
2026-09-16T14:52:31.077063+00:00,kai-scheduler,kai-operator-69b5d7bcf7-pf5h6,1.0,63963136
2026-09-16T14:52:31.077063+00:00,kai-scheduler,kai-scheduler-default-84cb767847-php4b,24.0,140509184
2026-09-16T14:52:31.077063+00:00,kai-scheduler,pod-grouper-65456f756-pbhlk,1.0,11534336
2026-09-16T14:52:31.077063+00:00,kai-scheduler,podgroup-controller-68f9cc8dbf-stpwz,1.0,11534336
2026-09-16T14:52:31.077063+00:00,kai-scheduler,queue-controller-f86fcd76c-qgw86,1.0,13631488
2026-09-16T14:52:31.077063+00:00,kube-system,coredns-8db54c48d-h2bc9,4.0,26214400
2026-09-16T14:52:31.077063+00:00,kube-system,kwok-controller-5cf8c7c44b-wmm4g,54.0,38797312
2026-09-16T14:52:31.077063+00:00,kube-system,local-path-provisioner-5d9d9885bc-pqnq2,1.0,13631488
2026-09-16T14:52:31.077063+00:00,kube-system,metrics-server-75dc6f8d87-wfq8p,20.0,71303168
2026-09-16T14:52:31.077063+00:00,kube-system,svclb-traefik-1c0eca4d-9wc8r,0.0,0
2026-09-16T14:52:31.077063+00:00,kube-system,traefik-9bcdbbd9-v6fcx,7.0,45088768
2026-09-16T14:52:31.077063+00:00,pyroscope,pyroscope-0,6.0,91226112
2026-09-16T14:52:31.077063+00:00,pyroscope,pyroscope-alloy-0,40.0,173015040
2026-09-16T14:52:37.319371+00:00,grove-system,grove-operator-67d9846db9-7hfl4,41.0,139460608
2026-09-16T14:52:37.319371+00:00,kai-scheduler,admission-86666f457d-z8xrj,1.0,13631488
2026-09-16T14:52:37.319371+00:00,kai-scheduler,binder-869fc94c7-qhfb6,50.0,116391936
2026-09-16T14:52:37.319371+00:00,kai-scheduler,kai-operator-69b5d7bcf7-pf5h6,1.0,63963136
2026-09-16T14:52:37.319371+00:00,kai-scheduler,kai-scheduler-default-84cb767847-php4b,40.0,105906176
2026-09-16T14:52:37.319371+00:00,kai-scheduler,pod-grouper-65456f756-pbhlk,1.0,11534336
2026-09-16T14:52:37.319371+00:00,kai-scheduler,podgroup-controller-68f9cc8dbf-stpwz,1.0,11534336
2026-09-16T14:52:37.319371+00:00,kai-scheduler,queue-controller-f86fcd76c-qgw86,1.0,13631488
2026-09-16T14:52:37.319371+00:00,kube-system,coredns-8db54c48d-h2bc9,4.0,26214400
2026-09-16T14:52:37.319371+00:00,kube-system,kwok-controller-5cf8c7c44b-wmm4g,91.0,38797312
2026-09-16T14:52:37.319371+00:00,kube-system,local-path-provisioner-5d9d9885bc-pqnq2,1.0,13631488
2026-09-16T14:52:37.319371+00:00,kube-system,metrics-server-75dc6f8d87-wfq8p,32.0,71303168
2026-09-16T14:52:37.319371+00:00,kube-system,svclb-traefik-1c0eca4d-9wc8r,0.0,0
2026-09-16T14:52:37.319371+00:00,kube-system,traefik-9bcdbbd9-v6fcx,7.0,45088768
2026-09-16T14:52:37.319371+00:00,pyroscope,pyroscope-0,6.0,91226112
2026-09-16T14:52:37.319371+00:00,pyroscope,pyroscope-alloy-0,50.0,168820736
2026-09-16T14:52:43.556668+00:00,grove-system,grove-operator-67d9846db9-7hfl4,41.0,139460608
2026-09-16T14:52:43.556668+00:00,kai-scheduler,admission-86666f457d-z8xrj,1.0,13631488
2026-09-16T14:52:43.556668+00:00,kai-scheduler,binder-869fc94c7-qhfb6,50.0,116391936
2026-09-16T14:52:43.556668+00:00,kai-scheduler,kai-operator-69b5d7bcf7-pf5h6,1.0,63963136
2026-09-16T14:52:43.556668+00:00,kai-scheduler,kai-scheduler-default-84cb767847-php4b,40.0,105906176
2026-09-16T14:52:43.556668+00:00,kai-scheduler,pod-grouper-65456f756-pbhlk,1.0,11534336
2026-09-16T14:52:43.556668+00:00,kai-scheduler,podgroup-controller-68f9cc8dbf-stpwz,1.0,11534336
2026-09-16T14:52:43.556668+00:00,kai-scheduler,queue-controller-f86fcd76c-qgw86,1.0,13631488
2026-09-16T14:52:43.556668+00:00,kube-system,coredns-8db54c48d-h2bc9,4.0,26214400
2026-09-16T14:52:43.556668+00:00,kube-system,kwok-controller-5cf8c7c44b-wmm4g,91.0,38797312
2026-09-16T14:52:43.556668+00:00,kube-system,local-path-provisioner-5d9d9885bc-pqnq2,1.0,13631488
2026-09-16T14:52:43.556668+00:00,kube-system,metrics-server-75dc6f8d87-wfq8p,32.0,71303168
2026-09-16T14:52:43.556668+00:00,kube-system,svclb-traefik-1c0eca4d-9wc8r,0.0,0
2026-09-16T14:52:43.556668+00:00,kube-system,traefik-9bcdbbd9-v6fcx,7.0,45088768
2026-09-16T14:52:43.556668+00:00,pyroscope,pyroscope-0,6.0,91226112
2026-09-16T14:52:43.556668+00:00,pyroscope,pyroscope-alloy-0,50.0,168820736
