timestamp,namespace,pod,cpu_millicores,mem_bytes
2026-09-16T20:39:39.545503+00:00,grove-system,grove-operator-7dc7f7d44b-psqff,3.0,29360128
2026-09-16T20:39:39.545503+00:00,kai-scheduler,admission-86666f457d-bh444,1.0,15728640
2026-09-16T20:39:39.545503+00:00,kai-scheduler,binder-869fc94c7-rfgfb,9.0,47185920
2026-09-16T20:39:39.545503+00:00,kai-scheduler,kai-operator-69b5d7bcf7-2mxdj,11.0,81788928
2026-09-16T20:39:39.545503+00:00,kai-scheduler,kai-scheduler-default-768f44b48c-cknk4,16.0,98566144
2026-09-16T20:39:39.545503+00:00,kai-scheduler,pod-grouper-65456f756-78scb,1.0,11534336
2026-09-16T20:39:39.545503+00:00,kai-scheduler,podgroup-controller-68f9cc8dbf-fdxdx,1.0,13631488
2026-09-16T20:39:39.545503+00:00,kai-scheduler,queue-controller-f86fcd76c-thqpj,1.0,11534336
2026-09-16T20:39:39.545503+00:00,kube-system,coredns-8db54c48d-rkl6z,3.0,20971520
2026-09-16T20:39:39.545503+00:00,kube-system,kwok-controller-5cf8c7c44b-688q7,68.0,48234496
2026-09-16T20:39:39.545503+00:00,kube-system,local-path-provisioner-5d9d9885bc-wxvl4,1.0,15728640
2026-09-16T20:39:39.545503+00:00,kube-system,metrics-server-786d997795-nb9n5,47.0,140509184
2026-09-16T20:39:39.545503+00:00,kube-system,svclb-traefik-9eca1d7e-rh8j2,0.0,0
2026-09-16T20:39:39.545503+00:00,kube-system,traefik-9bcdbbd9-j58m7,11.0,72351744
2026-09-16T20:39:39.545503+00:00,pyroscope,pyroscope-0,4.0,38797312
2026-09-16T20:39:39.545503+00:00,pyroscope,pyroscope-alloy-0,3.0,84934656
2026-09-16T20:40:10.814197+00:00,grove-system,grove-operator-7dc7f7d44b-psqff,3.0,29360128
2026-09-16T20:40:10.814197+00:00,kai-scheduler,admission-86666f457d-bh444,1.0,15728640
2026-09-16T20:40:10.814197+00:00,kai-scheduler,binder-869fc94c7-rfgfb,10.0,47185920
2026-09-16T20:40:10.814197+00:00,kai-scheduler,kai-operator-69b5d7bcf7-2mxdj,10.0,85983232
2026-09-16T20:40:10.814197+00:00,kai-scheduler,kai-scheduler-default-768f44b48c-cknk4,29.0,98566144
2026-09-16T20:40:10.814197+00:00,kai-scheduler,pod-grouper-65456f756-78scb,1.0,11534336
2026-09-16T20:40:10.814197+00:00,kai-scheduler,podgroup-controller-68f9cc8dbf-fdxdx,1.0,13631488
2026-09-16T20:40:10.814197+00:00,kai-scheduler,queue-controller-f86fcd76c-thqpj,1.0,11534336
2026-09-16T20:40:10.814197+00:00,kube-system,coredns-8db54c48d-rkl6z,2.0,20971520
2026-09-16T20:40:10.814197+00:00,kube-system,kwok-controller-5cf8c7c44b-688q7,71.0,51380224
2026-09-16T20:40:10.814197+00:00,kube-system,local-path-provisioner-5d9d9885bc-wxvl4,1.0,15728640
2026-09-16T20:40:10.814197+00:00,kube-system,metrics-server-75dc6f8d87-k68rp,86.0,79691776
2026-09-16T20:40:10.814197+00:00,kube-system,metrics-server-786d997795-nb9n5,44.0,140509184
2026-09-16T20:40:10.814197+00:00,kube-system,svclb-traefik-9eca1d7e-rh8j2,0.0,0
2026-09-16T20:40:10.814197+00:00,kube-system,traefik-9bcdbbd9-j58m7,23.0,76546048
2026-09-16T20:40:10.814197+00:00,pyroscope,pyroscope-0,4.0,39845888
2026-09-16T20:40:10.814197+00:00,pyroscope,pyroscope-alloy-0,7.0,92274688
2026-09-16T20:40:42.081374+00:00,grove-system,grove-operator-7dc7f7d44b-psqff,6.0,36700160
2026-09-16T20:40:42.081374+00:00,kai-scheduler,admission-86666f457d-bh444,1.0,15728640
2026-09-16T20:40:42.081374+00:00,kai-scheduler,binder-869fc94c7-rfgfb,33.0,52428800
2026-09-16T20:40:42.081374+00:00,kai-scheduler,kai-operator-69b5d7bcf7-2mxdj,27.0,85983232
2026-09-16T20:40:42.081374+00:00,kai-scheduler,kai-scheduler-default-768f44b48c-cknk4,40.0,100663296
2026-09-16T20:40:42.081374+00:00,kai-scheduler,pod-grouper-65456f756-78scb,1.0,11534336
2026-09-16T20:40:42.081374+00:00,kai-scheduler,podgroup-controller-68f9cc8dbf-fdxdx,1.0,13631488
2026-09-16T20:40:42.081374+00:00,kai-scheduler,queue-controller-f86fcd76c-thqpj,1.0,11534336
2026-09-16T20:40:42.081374+00:00,kube-system,coredns-8db54c48d-rkl6z,3.0,20971520
2026-09-16T20:40:42.081374+00:00,kube-system,kwok-controller-5cf8c7c44b-688q7,76.0,52428800
2026-09-16T20:40:42.081374+00:00,kube-system,local-path-provisioner-5d9d9885bc-wxvl4,1.0,15728640
2026-09-16T20:40:42.081374+00:00,kube-system,metrics-server-75dc6f8d87-k68rp,43.0,119537664
2026-09-16T20:40:42.081374+00:00,kube-system,svclb-traefik-9eca1d7e-rh8j2,0.0,0
2026-09-16T20:40:42.081374+00:00,kube-system,traefik-9bcdbbd9-j58m7,48.0,77594624
2026-09-16T20:40:42.081374+00:00,pyroscope,pyroscope-0,4.0,40894464
2026-09-16T20:40:42.081374+00:00,pyroscope,pyroscope-alloy-0,9.0,91226112
2026-09-16T20:41:13.328860+00:00,grove-system,grove-operator-7dc7f7d44b-psqff,23.0,46137344
2026-09-16T20:41:13.328860+00:00,kai-scheduler,admission-86666f457d-bh444,1.0,15728640
2026-09-16T20:41:13.328860+00:00,kai-scheduler,binder-869fc94c7-rfgfb,32.0,54525952
2026-09-16T20:41:13.328860+00:00,kai-scheduler,kai-operator-69b5d7bcf7-2mxdj,33.0,89128960
2026-09-16T20:41:13.328860+00:00,kai-scheduler,kai-scheduler-default-768f44b48c-cknk4,39.0,102760448
2026-09-16T20:41:13.328860+00:00,kai-scheduler,pod-grouper-65456f756-78scb,1.0,11534336
2026-09-16T20:41:13.328860+00:00,kai-scheduler,podgroup-controller-68f9cc8dbf-fdxdx,1.0,13631488
2026-09-16T20:41:13.328860+00:00,kai-scheduler,queue-controller-f86fcd76c-thqpj,1.0,11534336
2026-09-16T20:41:13.328860+00:00,kube-system,coredns-8db54c48d-rkl6z,2.0,20971520
2026-09-16T20:41:13.328860+00:00,kube-system,kwok-controller-5cf8c7c44b-688q7,91.0,51380224
2026-09-16T20:41:13.328860+00:00,kube-system,local-path-provisioner-5d9d9885bc-wxvl4,1.0,15728640
2026-09-16T20:41:13.328860+00:00,kube-system,metrics-server-75dc6f8d87-k68rp,52.0,139460608
2026-09-16T20:41:13.328860+00:00,kube-system,svclb-traefik-9eca1d7e-rh8j2,0.0,0
2026-09-16T20:41:13.328860+00:00,kube-system,traefik-9bcdbbd9-j58m7,49.0,78643200
2026-09-16T20:41:13.328860+00:00,pyroscope,pyroscope-0,5.0,52428800
2026-09-16T20:41:13.328860+00:00,pyroscope,pyroscope-alloy-0,5.0,92274688
2026-09-16T20:41:44.581265+00:00,grove-system,grove-operator-7dc7f7d44b-psqff,2.0,49283072
2026-09-16T20:41:44.581265+00:00,kai-scheduler,admission-86666f457d-bh444,1.0,15728640
2026-09-16T20:41:44.581265+00:00,kai-scheduler,binder-869fc94c7-rfgfb,32.0,53477376
2026-09-16T20:41:44.581265+00:00,kai-scheduler,kai-operator-69b5d7bcf7-2mxdj,34.0,89128960
2026-09-16T20:41:44.581265+00:00,kai-scheduler,kai-scheduler-default-768f44b48c-cknk4,38.0,99614720
2026-09-16T20:41:44.581265+00:00,kai-scheduler,pod-grouper-65456f756-78scb,1.0,11534336
2026-09-16T20:41:44.581265+00:00,kai-scheduler,podgroup-controller-68f9cc8dbf-fdxdx,1.0,13631488
2026-09-16T20:41:44.581265+00:00,kai-scheduler,queue-controller-f86fcd76c-thqpj,1.0,11534336
2026-09-16T20:41:44.581265+00:00,kube-system,coredns-8db54c48d-rkl6z,2.0,23068672
2026-09-16T20:41:44.581265+00:00,kube-system,kwok-controller-5cf8c7c44b-688q7,80.0,50331648
2026-09-16T20:41:44.581265+00:00,kube-system,local-path-provisioner-5d9d9885bc-wxvl4,1.0,15728640
2026-09-16T20:41:44.581265+00:00,kube-system,metrics-server-75dc6f8d87-k68rp,53.0,140509184
2026-09-16T20:41:44.581265+00:00,kube-system,svclb-traefik-9eca1d7e-rh8j2,0.0,0
2026-09-16T20:41:44.581265+00:00,kube-system,traefik-9bcdbbd9-j58m7,48.0,78643200
2026-09-16T20:41:44.581265+00:00,pyroscope,pyroscope-0,5.0,53477376
2026-09-16T20:41:44.581265+00:00,pyroscope,pyroscope-alloy-0,4.0,92274688
2026-09-16T20:42:15.831336+00:00,grove-system,grove-operator-7dc7f7d44b-psqff,232.0,106954752
2026-09-16T20:42:15.831336+00:00,kai-scheduler,admission-86666f457d-bh444,1.0,15728640
2026-09-16T20:42:15.831336+00:00,kai-scheduler,binder-869fc94c7-rfgfb,9.0,51380224
2026-09-16T20:42:15.831336+00:00,kai-scheduler,kai-operator-69b5d7bcf7-2mxdj,47.0,91226112
2026-09-16T20:42:15.831336+00:00,kai-scheduler,kai-scheduler-default-768f44b48c-cknk4,20.0,99614720
2026-09-16T20:42:15.831336+00:00,kai-scheduler,pod-grouper-65456f756-78scb,1.0,11534336
2026-09-16T20:42:15.831336+00:00,kai-scheduler,podgroup-controller-68f9cc8dbf-fdxdx,1.0,13631488
2026-09-16T20:42:15.831336+00:00,kai-scheduler,queue-controller-f86fcd76c-thqpj,1.0,11534336
2026-09-16T20:42:15.831336+00:00,kube-system,coredns-8db54c48d-rkl6z,36.0,27262976
2026-09-16T20:42:15.831336+00:00,kube-system,kwok-controller-5cf8c7c44b-688q7,94.0,49283072
2026-09-16T20:42:15.831336+00:00,kube-system,local-path-provisioner-5d9d9885bc-wxvl4,1.0,15728640
2026-09-16T20:42:15.831336+00:00,kube-system,metrics-server-75dc6f8d87-k68rp,45.0,140509184
2026-09-16T20:42:15.831336+00:00,kube-system,svclb-traefik-9eca1d7e-rh8j2,0.0,0
2026-09-16T20:42:15.831336+00:00,kube-system,traefik-9bcdbbd9-j58m7,71.0,82837504
2026-09-16T20:42:15.831336+00:00,pyroscope,pyroscope-0,7.0,65011712
2026-09-16T20:42:15.831336+00:00,pyroscope,pyroscope-alloy-0,5.0,96468992
2026-09-16T20:42:47.075527+00:00,grove-system,grove-operator-7dc7f7d44b-psqff,367.0,189792256
2026-09-16T20:42:47.075527+00:00,kai-scheduler,admission-86666f457d-bh444,1.0,15728640
2026-09-16T20:42:47.075527+00:00,kai-scheduler,binder-869fc94c7-rfgfb,9.0,51380224
2026-09-16T20:42:47.075527+00:00,kai-scheduler,kai-operator-69b5d7bcf7-2mxdj,48.0,97517568
2026-09-16T20:42:47.075527+00:00,kai-scheduler,kai-scheduler-default-768f44b48c-cknk4,23.0,100663296
2026-09-16T20:42:47.075527+00:00,kai-scheduler,pod-grouper-65456f756-78scb,1.0,11534336
2026-09-16T20:42:47.075527+00:00,kai-scheduler,podgroup-controller-68f9cc8dbf-fdxdx,1.0,13631488
2026-09-16T20:42:47.075527+00:00,kai-scheduler,queue-controller-f86fcd76c-thqpj,1.0,11534336
2026-09-16T20:42:47.075527+00:00,kube-system,coredns-8db54c48d-rkl6z,30.0,30408704
2026-09-16T20:42:47.075527+00:00,kube-system,kwok-controller-5cf8c7c44b-688q7,77.0,49283072
2026-09-16T20:42:47.075527+00:00,kube-system,local-path-provisioner-5d9d9885bc-wxvl4,1.0,15728640
2026-09-16T20:42:47.075527+00:00,kube-system,metrics-server-75dc6f8d87-k68rp,31.0,149946368
2026-09-16T20:42:47.075527+00:00,kube-system,svclb-traefik-9eca1d7e-rh8j2,0.0,0
2026-09-16T20:42:47.075527+00:00,kube-system,traefik-9bcdbbd9-j58m7,76.0,125829120
2026-09-16T20:42:47.075527+00:00,pyroscope,pyroscope-0,6.0,57671680
2026-09-16T20:42:47.075527+00:00,pyroscope,pyroscope-alloy-0,4.0,96468992
2026-09-16T20:43:18.323216+00:00,grove-system,grove-operator-7dc7f7d44b-psqff,406.0,219152384
2026-09-16T20:43:18.323216+00:00,kai-scheduler,admission-86666f457d-bh444,1.0,15728640
2026-09-16T20:43:18.323216+00:00,kai-scheduler,binder-869fc94c7-rfgfb,19.0,55574528
2026-09-16T20:43:18.323216+00:00,kai-scheduler,kai-operator-69b5d7bcf7-2mxdj,1.0,95420416
2026-09-16T20:43:18.323216+00:00,kai-scheduler,kai-scheduler-default-768f44b48c-cknk4,22.0,109051904
2026-09-16T20:43:18.323216+00:00,kai-scheduler,pod-grouper-65456f756-78scb,1.0,11534336
2026-09-16T20:43:18.323216+00:00,kai-scheduler,podgroup-controller-68f9cc8dbf-fdxdx,1.0,13631488
2026-09-16T20:43:18.323216+00:00,kai-scheduler,queue-controller-f86fcd76c-thqpj,1.0,11534336
2026-09-16T20:43:18.323216+00:00,kube-system,coredns-8db54c48d-rkl6z,8.0,32505856
2026-09-16T20:43:18.323216+00:00,kube-system,kwok-controller-5cf8c7c44b-688q7,97.0,50331648
2026-09-16T20:43:18.323216+00:00,kube-system,local-path-provisioner-5d9d9885bc-wxvl4,1.0,15728640
2026-09-16T20:43:18.323216+00:00,kube-system,metrics-server-75dc6f8d87-k68rp,31.0,150994944
2026-09-16T20:43:18.323216+00:00,kube-system,svclb-traefik-9eca1d7e-rh8j2,0.0,0
2026-09-16T20:43:18.323216+00:00,kube-system,traefik-9bcdbbd9-j58m7,11.0,128974848
2026-09-16T20:43:18.323216+00:00,pyroscope,pyroscope-0,6.0,62914560
2026-09-16T20:43:18.323216+00:00,pyroscope,pyroscope-alloy-0,10.0,97517568
2026-09-16T20:43:49.576469+00:00,grove-system,grove-operator-7dc7f7d44b-psqff,436.0,266338304
2026-09-16T20:43:49.576469+00:00,kai-scheduler,admission-86666f457d-bh444,1.0,15728640
2026-09-16T20:43:49.576469+00:00,kai-scheduler,binder-869fc94c7-rfgfb,36.0,92274688
2026-09-16T20:43:49.576469+00:00,kai-scheduler,kai-operator-69b5d7bcf7-2mxdj,1.0,96468992
2026-09-16T20:43:49.576469+00:00,kai-scheduler,kai-scheduler-default-768f44b48c-cknk4,42.0,132120576
2026-09-16T20:43:49.576469+00:00,kai-scheduler,pod-grouper-65456f756-78scb,1.0,11534336
2026-09-16T20:43:49.576469+00:00,kai-scheduler,podgroup-controller-68f9cc8dbf-fdxdx,1.0,13631488
2026-09-16T20:43:49.576469+00:00,kai-scheduler,queue-controller-f86fcd76c-thqpj,1.0,11534336
2026-09-16T20:43:49.576469+00:00,kube-system,coredns-8db54c48d-rkl6z,8.0,33554432
2026-09-16T20:43:49.576469+00:00,kube-system,kwok-controller-5cf8c7c44b-688q7,66.0,54525952
2026-09-16T20:43:49.576469+00:00,kube-system,local-path-provisioner-5d9d9885bc-wxvl4,1.0,15728640
2026-09-16T20:43:49.576469+00:00,kube-system,metrics-server-75dc6f8d87-k68rp,33.0,150994944
2026-09-16T20:43:49.576469+00:00,kube-system,svclb-traefik-9eca1d7e-rh8j2,0.0,0
2026-09-16T20:43:49.576469+00:00,kube-system,traefik-9bcdbbd9-j58m7,16.0,141557760
2026-09-16T20:43:49.576469+00:00,pyroscope,pyroscope-0,6.0,65011712
2026-09-16T20:43:49.576469+00:00,pyroscope,pyroscope-alloy-0,26.0,100663296
2026-09-16T20:44:20.831617+00:00,grove-system,grove-operator-7dc7f7d44b-psqff,466.0,311427072
2026-09-16T20:44:20.831617+00:00,kai-scheduler,admission-86666f457d-bh444,1.0,15728640
2026-09-16T20:44:20.831617+00:00,kai-scheduler,binder-869fc94c7-rfgfb,22.0,114294784
2026-09-16T20:44:20.831617+00:00,kai-scheduler,kai-operator-69b5d7bcf7-2mxdj,1.0,95420416
2026-09-16T20:44:20.831617+00:00,kai-scheduler,kai-scheduler-default-768f44b48c-cknk4,35.0,197132288
2026-09-16T20:44:20.831617+00:00,kai-scheduler,pod-grouper-65456f756-78scb,1.0,11534336
2026-09-16T20:44:20.831617+00:00,kai-scheduler,podgroup-controller-68f9cc8dbf-fdxdx,1.0,13631488
2026-09-16T20:44:20.831617+00:00,kai-scheduler,queue-controller-f86fcd76c-thqpj,1.0,11534336
2026-09-16T20:44:20.831617+00:00,kube-system,coredns-8db54c48d-rkl6z,8.0,32505856
2026-09-16T20:44:20.831617+00:00,kube-system,kwok-controller-5cf8c7c44b-688q7,56.0,53477376
2026-09-16T20:44:20.831617+00:00,kube-system,local-path-provisioner-5d9d9885bc-wxvl4,1.0,15728640
2026-09-16T20:44:20.831617+00:00,kube-system,metrics-server-75dc6f8d87-k68rp,36.0,153092096
2026-09-16T20:44:20.831617+00:00,kube-system,svclb-traefik-9eca1d7e-rh8j2,0.0,0
2026-09-16T20:44:20.831617+00:00,kube-system,traefik-9bcdbbd9-j58m7,12.0,142606336
2026-09-16T20:44:20.831617+00:00,pyroscope,pyroscope-0,7.0,65011712
2026-09-16T20:44:20.831617+00:00,pyroscope,pyroscope-alloy-0,32.0,126877696
2026-09-16T20:44:52.083993+00:00,grove-system,grove-operator-7dc7f7d44b-psqff,453.0,365953024
2026-09-16T20:44:52.083993+00:00,kai-scheduler,admission-86666f457d-bh444,1.0,15728640
2026-09-16T20:44:52.083993+00:00,kai-scheduler,binder-869fc94c7-rfgfb,33.0,154140672
2026-09-16T20:44:52.083993+00:00,kai-scheduler,kai-operator-69b5d7bcf7-2mxdj,4.0,95420416
2026-09-16T20:44:52.083993+00:00,kai-scheduler,kai-scheduler-default-768f44b48c-cknk4,54.0,261095424
2026-09-16T20:44:52.083993+00:00,kai-scheduler,pod-grouper-65456f756-78scb,1.0,11534336
2026-09-16T20:44:52.083993+00:00,kai-scheduler,podgroup-controller-68f9cc8dbf-fdxdx,1.0,13631488
2026-09-16T20:44:52.083993+00:00,kai-scheduler,queue-controller-f86fcd76c-thqpj,1.0,11534336
2026-09-16T20:44:52.083993+00:00,kube-system,coredns-8db54c48d-rkl6z,8.0,33554432
2026-09-16T20:44:52.083993+00:00,kube-system,kwok-controller-5cf8c7c44b-688q7,60.0,51380224
2026-09-16T20:44:52.083993+00:00,kube-system,local-path-provisioner-5d9d9885bc-wxvl4,1.0,15728640
2026-09-16T20:44:52.083993+00:00,kube-system,metrics-server-75dc6f8d87-k68rp,33.0,155189248
2026-09-16T20:44:52.083993+00:00,kube-system,svclb-traefik-9eca1d7e-rh8j2,0.0,0
2026-09-16T20:44:52.083993+00:00,kube-system,traefik-9bcdbbd9-j58m7,12.0,142606336
2026-09-16T20:44:52.083993+00:00,pyroscope,pyroscope-0,7.0,65011712
2026-09-16T20:44:52.083993+00:00,pyroscope,pyroscope-alloy-0,24.0,140509184
2026-09-16T20:45:23.344480+00:00,grove-system,grove-operator-7dc7f7d44b-psqff,575.0,426770432
2026-09-16T20:45:23.344480+00:00,kai-scheduler,admission-86666f457d-bh444,1.0,15728640
2026-09-16T20:45:23.344480+00:00,kai-scheduler,binder-869fc94c7-rfgfb,30.0,193986560
2026-09-16T20:45:23.344480+00:00,kai-scheduler,kai-operator-69b5d7bcf7-2mxdj,1.0,95420416
2026-09-16T20:45:23.344480+00:00,kai-scheduler,kai-scheduler-default-768f44b48c-cknk4,67.0,303038464
2026-09-16T20:45:23.344480+00:00,kai-scheduler,pod-grouper-65456f756-78scb,1.0,11534336
2026-09-16T20:45:23.344480+00:00,kai-scheduler,podgroup-controller-68f9cc8dbf-fdxdx,1.0,13631488
2026-09-16T20:45:23.344480+00:00,kai-scheduler,queue-controller-f86fcd76c-thqpj,1.0,11534336
2026-09-16T20:45:23.344480+00:00,kube-system,coredns-8db54c48d-rkl6z,8.0,36700160
2026-09-16T20:45:23.344480+00:00,kube-system,kwok-controller-5cf8c7c44b-688q7,105.0,55574528
2026-09-16T20:45:23.344480+00:00,kube-system,local-path-provisioner-5d9d9885bc-wxvl4,1.0,15728640
2026-09-16T20:45:23.344480+00:00,kube-system,metrics-server-75dc6f8d87-k68rp,41.0,155189248
2026-09-16T20:45:23.344480+00:00,kube-system,svclb-traefik-9eca1d7e-rh8j2,0.0,0
2026-09-16T20:45:23.344480+00:00,kube-system,traefik-9bcdbbd9-j58m7,12.0,144703488
2026-09-16T20:45:23.344480+00:00,pyroscope,pyroscope-0,8.0,70254592
2026-09-16T20:45:23.344480+00:00,pyroscope,pyroscope-alloy-0,38.0,167772160
2026-09-16T20:45:54.614032+00:00,grove-system,grove-operator-7dc7f7d44b-psqff,698.0,493879296
2026-09-16T20:45:54.614032+00:00,kai-scheduler,admission-86666f457d-bh444,1.0,15728640
2026-09-16T20:45:54.614032+00:00,kai-scheduler,kai-operator-69b5d7bcf7-2mxdj,5.0,99614720
2026-09-16T20:45:54.614032+00:00,kai-scheduler,kai-scheduler-default-768f44b48c-cknk4,78.0,304087040
2026-09-16T20:45:54.614032+00:00,kai-scheduler,pod-grouper-65456f756-78scb,1.0,11534336
2026-09-16T20:45:54.614032+00:00,kai-scheduler,podgroup-controller-68f9cc8dbf-fdxdx,1.0,13631488
2026-09-16T20:45:54.614032+00:00,kai-scheduler,queue-controller-f86fcd76c-thqpj,1.0,11534336
2026-09-16T20:45:54.614032+00:00,kube-system,coredns-8db54c48d-rkl6z,8.0,36700160
2026-09-16T20:45:54.614032+00:00,kube-system,kwok-controller-5cf8c7c44b-688q7,138.0,52428800
2026-09-16T20:45:54.614032+00:00,kube-system,local-path-provisioner-5d9d9885bc-wxvl4,1.0,15728640
2026-09-16T20:45:54.614032+00:00,kube-system,metrics-server-75dc6f8d87-k68rp,45.0,154140672
2026-09-16T20:45:54.614032+00:00,kube-system,svclb-traefik-9eca1d7e-rh8j2,0.0,0
2026-09-16T20:45:54.614032+00:00,kube-system,traefik-9bcdbbd9-j58m7,15.0,159383552
2026-09-16T20:45:54.614032+00:00,pyroscope,pyroscope-0,6.0,71303168
2026-09-16T20:45:54.614032+00:00,pyroscope,pyroscope-alloy-0,54.0,192937984
2026-09-16T20:46:25.899740+00:00,grove-system,grove-operator-7dc7f7d44b-psqff,830.0,562036736
2026-09-16T20:46:25.899740+00:00,kai-scheduler,admission-86666f457d-bh444,1.0,15728640
2026-09-16T20:46:25.899740+00:00,kai-scheduler,kai-operator-69b5d7bcf7-2mxdj,1.0,108003328
2026-09-16T20:46:25.899740+00:00,kai-scheduler,kai-scheduler-default-768f44b48c-cknk4,143.0,476053504
2026-09-16T20:46:25.899740+00:00,kai-scheduler,pod-grouper-65456f756-78scb,1.0,11534336
2026-09-16T20:46:25.899740+00:00,kai-scheduler,podgroup-controller-68f9cc8dbf-fdxdx,1.0,13631488
2026-09-16T20:46:25.899740+00:00,kai-scheduler,queue-controller-f86fcd76c-thqpj,1.0,11534336
2026-09-16T20:46:25.899740+00:00,kube-system,coredns-8db54c48d-rkl6z,9.0,38797312
2026-09-16T20:46:25.899740+00:00,kube-system,kwok-controller-5cf8c7c44b-688q7,279.0,54525952
2026-09-16T20:46:25.899740+00:00,kube-system,local-path-provisioner-5d9d9885bc-wxvl4,1.0,15728640
2026-09-16T20:46:25.899740+00:00,kube-system,metrics-server-75dc6f8d87-k68rp,67.0,153092096
2026-09-16T20:46:25.899740+00:00,kube-system,svclb-traefik-9eca1d7e-rh8j2,0.0,0
2026-09-16T20:46:25.899740+00:00,kube-system,traefik-9bcdbbd9-j58m7,13.0,159383552
2026-09-16T20:46:25.899740+00:00,pyroscope,pyroscope-0,7.0,71303168
2026-09-16T20:46:25.899740+00:00,pyroscope,pyroscope-alloy-0,110.0,264241152
2026-09-16T20:46:57.248317+00:00,grove-system,grove-operator-7dc7f7d44b-psqff,862.0,611319808
2026-09-16T20:46:57.248317+00:00,kai-scheduler,admission-86666f457d-bh444,1.0,15728640
2026-09-16T20:46:57.248317+00:00,kai-scheduler,kai-operator-69b5d7bcf7-2mxdj,3.0,108003328
2026-09-16T20:46:57.248317+00:00,kai-scheduler,pod-grouper-65456f756-78scb,1.0,11534336
2026-09-16T20:46:57.248317+00:00,kai-scheduler,podgroup-controller-68f9cc8dbf-fdxdx,1.0,13631488
2026-09-16T20:46:57.248317+00:00,kai-scheduler,queue-controller-f86fcd76c-thqpj,1.0,11534336
2026-09-16T20:46:57.248317+00:00,kube-system,coredns-8db54c48d-rkl6z,9.0,38797312
2026-09-16T20:46:57.248317+00:00,kube-system,kwok-controller-5cf8c7c44b-688q7,246.0,59768832
2026-09-16T20:46:57.248317+00:00,kube-system,local-path-provisioner-5d9d9885bc-wxvl4,1.0,15728640
2026-09-16T20:46:57.248317+00:00,kube-system,metrics-server-75dc6f8d87-k68rp,76.0,163577856
2026-09-16T20:46:57.248317+00:00,kube-system,svclb-traefik-9eca1d7e-rh8j2,0.0,0
2026-09-16T20:46:57.248317+00:00,kube-system,traefik-9bcdbbd9-j58m7,13.0,159383552
2026-09-16T20:46:57.248317+00:00,pyroscope,pyroscope-0,9.0,73400320
2026-09-16T20:46:57.248317+00:00,pyroscope,pyroscope-alloy-0,122.0,293601280
2026-09-16T20:47:28.558724+00:00,grove-system,grove-operator-7dc7f7d44b-psqff,877.0,624951296
2026-09-16T20:47:28.558724+00:00,kai-scheduler,admission-86666f457d-bh444,1.0,15728640
2026-09-16T20:47:28.558724+00:00,kai-scheduler,kai-operator-69b5d7bcf7-2mxdj,3.0,111149056
2026-09-16T20:47:28.558724+00:00,kai-scheduler,pod-grouper-65456f756-78scb,1.0,11534336
2026-09-16T20:47:28.558724+00:00,kai-scheduler,podgroup-controller-68f9cc8dbf-fdxdx,1.0,13631488
2026-09-16T20:47:28.558724+00:00,kai-scheduler,queue-controller-f86fcd76c-thqpj,1.0,11534336
2026-09-16T20:47:28.558724+00:00,kube-system,coredns-8db54c48d-rkl6z,8.0,40894464
2026-09-16T20:47:28.558724+00:00,kube-system,kwok-controller-5cf8c7c44b-688q7,345.0,63963136
2026-09-16T20:47:28.558724+00:00,kube-system,local-path-provisioner-5d9d9885bc-wxvl4,1.0,15728640
2026-09-16T20:47:28.558724+00:00,kube-system,metrics-server-75dc6f8d87-k68rp,75.0,166723584
2026-09-16T20:47:28.558724+00:00,kube-system,svclb-traefik-9eca1d7e-rh8j2,0.0,0
2026-09-16T20:47:28.558724+00:00,kube-system,traefik-9bcdbbd9-j58m7,11.0,169869312
2026-09-16T20:47:28.558724+00:00,pyroscope,pyroscope-0,8.0,73400320
2026-09-16T20:47:28.558724+00:00,pyroscope,pyroscope-alloy-0,159.0,328204288
2026-09-16T20:47:59.824309+00:00,grove-system,grove-operator-7dc7f7d44b-psqff,727.0,623902720
2026-09-16T20:47:59.824309+00:00,kai-scheduler,admission-86666f457d-bh444,1.0,15728640
2026-09-16T20:47:59.824309+00:00,kai-scheduler,kai-operator-69b5d7bcf7-2mxdj,4.0,111149056
2026-09-16T20:47:59.824309+00:00,kai-scheduler,pod-grouper-65456f756-78scb,1.0,11534336
2026-09-16T20:47:59.824309+00:00,kai-scheduler,podgroup-controller-68f9cc8dbf-fdxdx,1.0,13631488
2026-09-16T20:47:59.824309+00:00,kai-scheduler,queue-controller-f86fcd76c-thqpj,1.0,11534336
2026-09-16T20:47:59.824309+00:00,kube-system,coredns-8db54c48d-rkl6z,9.0,40894464
2026-09-16T20:47:59.824309+00:00,kube-system,kwok-controller-5cf8c7c44b-688q7,286.0,65011712
2026-09-16T20:47:59.824309+00:00,kube-system,local-path-provisioner-5d9d9885bc-wxvl4,1.0,15728640
2026-09-16T20:47:59.824309+00:00,kube-system,metrics-server-75dc6f8d87-k68rp,61.0,169869312
2026-09-16T20:47:59.824309+00:00,kube-system,svclb-traefik-9eca1d7e-rh8j2,0.0,0
2026-09-16T20:47:59.824309+00:00,kube-system,traefik-9bcdbbd9-j58m7,12.0,181403648
2026-09-16T20:47:59.824309+00:00,pyroscope,pyroscope-0,7.0,76546048
2026-09-16T20:47:59.824309+00:00,pyroscope,pyroscope-alloy-0,147.0,376438784
2026-09-16T20:48:31.115802+00:00,grove-system,grove-operator-7dc7f7d44b-psqff,722.0,622854144
2026-09-16T20:48:31.115802+00:00,kai-scheduler,admission-86666f457d-bh444,1.0,15728640
2026-09-16T20:48:31.115802+00:00,kai-scheduler,kai-operator-69b5d7bcf7-2mxdj,1.0,111149056
2026-09-16T20:48:31.115802+00:00,kai-scheduler,pod-grouper-65456f756-78scb,1.0,11534336
2026-09-16T20:48:31.115802+00:00,kai-scheduler,podgroup-controller-68f9cc8dbf-fdxdx,1.0,13631488
2026-09-16T20:48:31.115802+00:00,kai-scheduler,queue-controller-f86fcd76c-thqpj,1.0,11534336
2026-09-16T20:48:31.115802+00:00,kube-system,coredns-8db54c48d-rkl6z,9.0,41943040
2026-09-16T20:48:31.115802+00:00,kube-system,kwok-controller-5cf8c7c44b-688q7,310.0,63963136
2026-09-16T20:48:31.115802+00:00,kube-system,local-path-provisioner-5d9d9885bc-wxvl4,1.0,15728640
2026-09-16T20:48:31.115802+00:00,kube-system,metrics-server-75dc6f8d87-k68rp,70.0,187695104
2026-09-16T20:48:31.115802+00:00,kube-system,svclb-traefik-9eca1d7e-rh8j2,0.0,0
2026-09-16T20:48:31.115802+00:00,kube-system,traefik-9bcdbbd9-j58m7,12.0,183500800
2026-09-16T20:48:31.115802+00:00,pyroscope,pyroscope-0,8.0,75497472
2026-09-16T20:48:31.115802+00:00,pyroscope,pyroscope-alloy-0,193.0,399507456
2026-09-16T20:49:02.387331+00:00,grove-system,grove-operator-7dc7f7d44b-psqff,694.0,625999872
2026-09-16T20:49:02.387331+00:00,kai-scheduler,admission-86666f457d-bh444,1.0,16777216
2026-09-16T20:49:02.387331+00:00,kai-scheduler,kai-operator-69b5d7bcf7-2mxdj,1.0,111149056
2026-09-16T20:49:02.387331+00:00,kai-scheduler,pod-grouper-65456f756-78scb,1.0,11534336
2026-09-16T20:49:02.387331+00:00,kai-scheduler,podgroup-controller-68f9cc8dbf-fdxdx,1.0,13631488
2026-09-16T20:49:02.387331+00:00,kai-scheduler,queue-controller-f86fcd76c-thqpj,1.0,11534336
2026-09-16T20:49:02.387331+00:00,kube-system,coredns-8db54c48d-rkl6z,8.0,41943040
2026-09-16T20:49:02.387331+00:00,kube-system,kwok-controller-5cf8c7c44b-688q7,275.0,67108864
2026-09-16T20:49:02.387331+00:00,kube-system,local-path-provisioner-5d9d9885bc-wxvl4,1.0,15728640
2026-09-16T20:49:02.387331+00:00,kube-system,metrics-server-75dc6f8d87-k68rp,70.0,198180864
2026-09-16T20:49:02.387331+00:00,kube-system,svclb-traefik-9eca1d7e-rh8j2,0.0,0
2026-09-16T20:49:02.387331+00:00,kube-system,traefik-9bcdbbd9-j58m7,11.0,193986560
2026-09-16T20:49:02.387331+00:00,pyroscope,pyroscope-0,7.0,77594624
2026-09-16T20:49:02.387331+00:00,pyroscope,pyroscope-alloy-0,188.0,413138944
2026-09-16T20:49:33.723352+00:00,grove-system,grove-operator-7dc7f7d44b-psqff,539.0,653262848
2026-09-16T20:49:33.723352+00:00,kai-scheduler,admission-86666f457d-bh444,1.0,15728640
2026-09-16T20:49:33.723352+00:00,kai-scheduler,kai-operator-69b5d7bcf7-2mxdj,8.0,111149056
2026-09-16T20:49:33.723352+00:00,kai-scheduler,pod-grouper-65456f756-78scb,1.0,11534336
2026-09-16T20:49:33.723352+00:00,kai-scheduler,podgroup-controller-68f9cc8dbf-fdxdx,1.0,13631488
2026-09-16T20:49:33.723352+00:00,kai-scheduler,queue-controller-f86fcd76c-thqpj,1.0,11534336
2026-09-16T20:49:33.723352+00:00,kube-system,coredns-8db54c48d-rkl6z,9.0,41943040
2026-09-16T20:49:33.723352+00:00,kube-system,kwok-controller-5cf8c7c44b-688q7,62.0,63963136
2026-09-16T20:49:33.723352+00:00,kube-system,local-path-provisioner-5d9d9885bc-wxvl4,1.0,15728640
2026-09-16T20:49:33.723352+00:00,kube-system,metrics-server-75dc6f8d87-k68rp,33.0,197132288
2026-09-16T20:49:33.723352+00:00,kube-system,svclb-traefik-9eca1d7e-rh8j2,0.0,0
2026-09-16T20:49:33.723352+00:00,kube-system,traefik-9bcdbbd9-j58m7,24.0,203423744
2026-09-16T20:49:33.723352+00:00,pyroscope,pyroscope-0,15.0,103809024
2026-09-16T20:49:33.723352+00:00,pyroscope,pyroscope-alloy-0,100.0,442499072
2026-09-16T20:50:04.971452+00:00,grove-system,grove-operator-7dc7f7d44b-psqff,31.0,651165696
2026-09-16T20:50:04.971452+00:00,kai-scheduler,admission-86666f457d-bh444,1.0,15728640
2026-09-16T20:50:04.971452+00:00,kai-scheduler,kai-operator-69b5d7bcf7-2mxdj,5.0,111149056
2026-09-16T20:50:04.971452+00:00,kai-scheduler,pod-grouper-65456f756-78scb,1.0,11534336
2026-09-16T20:50:04.971452+00:00,kai-scheduler,podgroup-controller-68f9cc8dbf-fdxdx,1.0,13631488
2026-09-16T20:50:04.971452+00:00,kai-scheduler,queue-controller-f86fcd76c-thqpj,1.0,11534336
2026-09-16T20:50:04.971452+00:00,kube-system,coredns-8db54c48d-rkl6z,9.0,42991616
2026-09-16T20:50:04.971452+00:00,kube-system,kwok-controller-5cf8c7c44b-688q7,67.0,66060288
2026-09-16T20:50:04.971452+00:00,kube-system,local-path-provisioner-5d9d9885bc-wxvl4,1.0,15728640
2026-09-16T20:50:04.971452+00:00,kube-system,metrics-server-75dc6f8d87-k68rp,32.0,206569472
2026-09-16T20:50:04.971452+00:00,kube-system,svclb-traefik-9eca1d7e-rh8j2,0.0,0
2026-09-16T20:50:04.971452+00:00,kube-system,traefik-9bcdbbd9-j58m7,13.0,203423744
2026-09-16T20:50:04.971452+00:00,pyroscope,pyroscope-0,6.0,93323264
2026-09-16T20:50:04.971452+00:00,pyroscope,pyroscope-alloy-0,3.0,441450496
2026-09-16T20:50:36.215309+00:00,grove-system,grove-operator-7dc7f7d44b-psqff,36.0,646971392
2026-09-16T20:50:36.215309+00:00,kai-scheduler,admission-86666f457d-bh444,1.0,15728640
2026-09-16T20:50:36.215309+00:00,kai-scheduler,kai-operator-69b5d7bcf7-2mxdj,3.0,112197632
2026-09-16T20:50:36.215309+00:00,kai-scheduler,pod-grouper-65456f756-78scb,1.0,11534336
2026-09-16T20:50:36.215309+00:00,kai-scheduler,podgroup-controller-68f9cc8dbf-fdxdx,1.0,13631488
2026-09-16T20:50:36.215309+00:00,kai-scheduler,queue-controller-f86fcd76c-thqpj,1.0,11534336
2026-09-16T20:50:36.215309+00:00,kube-system,coredns-8db54c48d-rkl6z,9.0,46137344
2026-09-16T20:50:36.215309+00:00,kube-system,kwok-controller-5cf8c7c44b-688q7,84.0,65011712
2026-09-16T20:50:36.215309+00:00,kube-system,local-path-provisioner-5d9d9885bc-wxvl4,1.0,15728640
2026-09-16T20:50:36.215309+00:00,kube-system,metrics-server-75dc6f8d87-k68rp,36.0,218103808
2026-09-16T20:50:36.215309+00:00,kube-system,svclb-traefik-9eca1d7e-rh8j2,0.0,0
2026-09-16T20:50:36.215309+00:00,kube-system,traefik-9bcdbbd9-j58m7,12.0,203423744
2026-09-16T20:50:36.215309+00:00,pyroscope,pyroscope-0,6.0,93323264
2026-09-16T20:50:36.215309+00:00,pyroscope,pyroscope-alloy-0,5.0,449839104
2026-09-16T20:51:07.488372+00:00,grove-system,grove-operator-7dc7f7d44b-psqff,47.0,646971392
2026-09-16T20:51:07.488372+00:00,kai-scheduler,admission-86666f457d-bh444,1.0,15728640
2026-09-16T20:51:07.488372+00:00,kai-scheduler,kai-operator-69b5d7bcf7-2mxdj,6.0,112197632
2026-09-16T20:51:07.488372+00:00,kai-scheduler,pod-grouper-65456f756-78scb,1.0,11534336
2026-09-16T20:51:07.488372+00:00,kai-scheduler,podgroup-controller-68f9cc8dbf-fdxdx,1.0,13631488
2026-09-16T20:51:07.488372+00:00,kai-scheduler,queue-controller-f86fcd76c-thqpj,1.0,11534336
2026-09-16T20:51:07.488372+00:00,kube-system,coredns-8db54c48d-rkl6z,10.0,48234496
2026-09-16T20:51:07.488372+00:00,kube-system,kwok-controller-5cf8c7c44b-688q7,77.0,67108864
2026-09-16T20:51:07.488372+00:00,kube-system,local-path-provisioner-5d9d9885bc-wxvl4,1.0,15728640
2026-09-16T20:51:07.488372+00:00,kube-system,metrics-server-75dc6f8d87-k68rp,28.0,217055232
2026-09-16T20:51:07.488372+00:00,kube-system,svclb-traefik-9eca1d7e-rh8j2,0.0,0
2026-09-16T20:51:07.488372+00:00,kube-system,traefik-9bcdbbd9-j58m7,13.0,204472320
2026-09-16T20:51:07.488372+00:00,pyroscope,pyroscope-0,4.0,90177536
2026-09-16T20:51:07.488372+00:00,pyroscope,pyroscope-alloy-0,64.0,451936256
2026-09-16T20:51:38.809873+00:00,grove-system,grove-operator-7dc7f7d44b-psqff,42.0,644874240
2026-09-16T20:51:38.809873+00:00,kai-scheduler,admission-86666f457d-bh444,1.0,15728640
2026-09-16T20:51:38.809873+00:00,kai-scheduler,kai-operator-69b5d7bcf7-2mxdj,3.0,111149056
2026-09-16T20:51:38.809873+00:00,kai-scheduler,pod-grouper-65456f756-78scb,1.0,11534336
2026-09-16T20:51:38.809873+00:00,kai-scheduler,podgroup-controller-68f9cc8dbf-fdxdx,1.0,13631488
2026-09-16T20:51:38.809873+00:00,kai-scheduler,queue-controller-f86fcd76c-thqpj,1.0,11534336
2026-09-16T20:51:38.809873+00:00,kube-system,coredns-8db54c48d-rkl6z,9.0,47185920
2026-09-16T20:51:38.809873+00:00,kube-system,kwok-controller-5cf8c7c44b-688q7,72.0,69206016
2026-09-16T20:51:38.809873+00:00,kube-system,local-path-provisioner-5d9d9885bc-wxvl4,1.0,15728640
2026-09-16T20:51:38.809873+00:00,kube-system,metrics-server-75dc6f8d87-k68rp,28.0,217055232
2026-09-16T20:51:38.809873+00:00,kube-system,svclb-traefik-9eca1d7e-rh8j2,0.0,0
2026-09-16T20:51:38.809873+00:00,kube-system,traefik-9bcdbbd9-j58m7,22.0,203423744
2026-09-16T20:51:38.809873+00:00,pyroscope,pyroscope-0,6.0,92274688
2026-09-16T20:51:38.809873+00:00,pyroscope,pyroscope-alloy-0,4.0,451936256
2026-09-16T20:52:10.065891+00:00,grove-system,grove-operator-7dc7f7d44b-psqff,77.0,651165696
2026-09-16T20:52:10.065891+00:00,kai-scheduler,admission-86666f457d-bh444,1.0,15728640
2026-09-16T20:52:10.065891+00:00,kai-scheduler,kai-operator-69b5d7bcf7-2mxdj,3.0,111149056
2026-09-16T20:52:10.065891+00:00,kai-scheduler,pod-grouper-65456f756-78scb,1.0,11534336
2026-09-16T20:52:10.065891+00:00,kai-scheduler,podgroup-controller-68f9cc8dbf-fdxdx,1.0,13631488
2026-09-16T20:52:10.065891+00:00,kai-scheduler,queue-controller-f86fcd76c-thqpj,1.0,11534336
2026-09-16T20:52:10.065891+00:00,kube-system,coredns-8db54c48d-rkl6z,8.0,48234496
2026-09-16T20:52:10.065891+00:00,kube-system,kwok-controller-5cf8c7c44b-688q7,241.0,82837504
2026-09-16T20:52:10.065891+00:00,kube-system,local-path-provisioner-5d9d9885bc-wxvl4,1.0,15728640
2026-09-16T20:52:10.065891+00:00,kube-system,metrics-server-75dc6f8d87-k68rp,38.0,230686720
2026-09-16T20:52:10.065891+00:00,kube-system,svclb-traefik-9eca1d7e-rh8j2,0.0,0
2026-09-16T20:52:10.065891+00:00,kube-system,traefik-9bcdbbd9-j58m7,11.0,203423744
2026-09-16T20:52:10.065891+00:00,pyroscope,pyroscope-0,5.0,92274688
2026-09-16T20:52:10.065891+00:00,pyroscope,pyroscope-alloy-0,5.0,451936256
2026-09-16T20:52:41.319469+00:00,grove-system,grove-operator-7dc7f7d44b-psqff,55.0,649068544
2026-09-16T20:52:41.319469+00:00,kai-scheduler,admission-86666f457d-bh444,1.0,15728640
2026-09-16T20:52:41.319469+00:00,kai-scheduler,kai-operator-69b5d7bcf7-2mxdj,9.0,111149056
2026-09-16T20:52:41.319469+00:00,kai-scheduler,pod-grouper-65456f756-78scb,1.0,11534336
2026-09-16T20:52:41.319469+00:00,kai-scheduler,podgroup-controller-68f9cc8dbf-fdxdx,1.0,13631488
2026-09-16T20:52:41.319469+00:00,kai-scheduler,queue-controller-f86fcd76c-thqpj,1.0,11534336
2026-09-16T20:52:41.319469+00:00,kube-system,coredns-8db54c48d-rkl6z,10.0,51380224
2026-09-16T20:52:41.319469+00:00,kube-system,kwok-controller-5cf8c7c44b-688q7,75.0,81788928
2026-09-16T20:52:41.319469+00:00,kube-system,local-path-provisioner-5d9d9885bc-wxvl4,1.0,15728640
2026-09-16T20:52:41.319469+00:00,kube-system,metrics-server-75dc6f8d87-k68rp,31.0,230686720
2026-09-16T20:52:41.319469+00:00,kube-system,svclb-traefik-9eca1d7e-rh8j2,0.0,0
2026-09-16T20:52:41.319469+00:00,kube-system,traefik-9bcdbbd9-j58m7,11.0,203423744
2026-09-16T20:52:41.319469+00:00,pyroscope,pyroscope-0,5.0,93323264
2026-09-16T20:52:41.319469+00:00,pyroscope,pyroscope-alloy-0,62.0,443547648
2026-09-16T20:53:12.576414+00:00,grove-system,grove-operator-7dc7f7d44b-psqff,35.0,650117120
2026-09-16T20:53:12.576414+00:00,kai-scheduler,admission-86666f457d-bh444,1.0,15728640
2026-09-16T20:53:12.576414+00:00,kai-scheduler,kai-operator-69b5d7bcf7-2mxdj,3.0,112197632
2026-09-16T20:53:12.576414+00:00,kai-scheduler,pod-grouper-65456f756-78scb,1.0,11534336
2026-09-16T20:53:12.576414+00:00,kai-scheduler,podgroup-controller-68f9cc8dbf-fdxdx,1.0,13631488
2026-09-16T20:53:12.576414+00:00,kai-scheduler,queue-controller-f86fcd76c-thqpj,1.0,11534336
2026-09-16T20:53:12.576414+00:00,kube-system,coredns-8db54c48d-rkl6z,6.0,51380224
2026-09-16T20:53:12.576414+00:00,kube-system,kwok-controller-5cf8c7c44b-688q7,86.0,79691776
2026-09-16T20:53:12.576414+00:00,kube-system,local-path-provisioner-5d9d9885bc-wxvl4,1.0,15728640
2026-09-16T20:53:12.576414+00:00,kube-system,metrics-server-75dc6f8d87-k68rp,32.0,230686720
2026-09-16T20:53:12.576414+00:00,kube-system,svclb-traefik-9eca1d7e-rh8j2,0.0,0
2026-09-16T20:53:12.576414+00:00,kube-system,traefik-9bcdbbd9-j58m7,8.0,203423744
2026-09-16T20:53:12.576414+00:00,pyroscope,pyroscope-0,6.0,94371840
2026-09-16T20:53:12.576414+00:00,pyroscope,pyroscope-alloy-0,5.0,444596224
2026-09-16T20:53:43.826881+00:00,grove-system,grove-operator-7dc7f7d44b-psqff,36.0,651165696
2026-09-16T20:53:43.826881+00:00,kai-scheduler,admission-86666f457d-bh444,1.0,15728640
2026-09-16T20:53:43.826881+00:00,kai-scheduler,kai-operator-69b5d7bcf7-2mxdj,6.0,111149056
2026-09-16T20:53:43.826881+00:00,kai-scheduler,pod-grouper-65456f756-78scb,1.0,11534336
2026-09-16T20:53:43.826881+00:00,kai-scheduler,podgroup-controller-68f9cc8dbf-fdxdx,1.0,13631488
2026-09-16T20:53:43.826881+00:00,kai-scheduler,queue-controller-f86fcd76c-thqpj,1.0,11534336
2026-09-16T20:53:43.826881+00:00,kube-system,coredns-8db54c48d-rkl6z,3.0,51380224
2026-09-16T20:53:43.826881+00:00,kube-system,kwok-controller-5cf8c7c44b-688q7,99.0,82837504
2026-09-16T20:53:43.826881+00:00,kube-system,local-path-provisioner-5d9d9885bc-wxvl4,1.0,15728640
2026-09-16T20:53:43.826881+00:00,kube-system,metrics-server-75dc6f8d87-k68rp,30.0,231735296
2026-09-16T20:53:43.826881+00:00,kube-system,svclb-traefik-9eca1d7e-rh8j2,0.0,0
2026-09-16T20:53:43.826881+00:00,kube-system,traefik-9bcdbbd9-j58m7,4.0,203423744
2026-09-16T20:53:43.826881+00:00,pyroscope,pyroscope-0,5.0,94371840
2026-09-16T20:53:43.826881+00:00,pyroscope,pyroscope-alloy-0,95.0,443547648
2026-09-16T20:54:15.076923+00:00,grove-system,grove-operator-7dc7f7d44b-psqff,46.0,649068544
2026-09-16T20:54:15.076923+00:00,kai-scheduler,admission-86666f457d-bh444,1.0,16777216
2026-09-16T20:54:15.076923+00:00,kai-scheduler,kai-operator-69b5d7bcf7-2mxdj,3.0,111149056
2026-09-16T20:54:15.076923+00:00,kai-scheduler,pod-grouper-65456f756-78scb,1.0,11534336
2026-09-16T20:54:15.076923+00:00,kai-scheduler,podgroup-controller-68f9cc8dbf-fdxdx,1.0,13631488
2026-09-16T20:54:15.076923+00:00,kai-scheduler,queue-controller-f86fcd76c-thqpj,1.0,11534336
2026-09-16T20:54:15.076923+00:00,kube-system,coredns-8db54c48d-rkl6z,3.0,50331648
2026-09-16T20:54:15.076923+00:00,kube-system,kwok-controller-5cf8c7c44b-688q7,93.0,82837504
2026-09-16T20:54:15.076923+00:00,kube-system,local-path-provisioner-5d9d9885bc-wxvl4,1.0,15728640
2026-09-16T20:54:15.076923+00:00,kube-system,metrics-server-75dc6f8d87-k68rp,30.0,243269632
2026-09-16T20:54:15.076923+00:00,kube-system,svclb-traefik-9eca1d7e-rh8j2,0.0,0
2026-09-16T20:54:15.076923+00:00,kube-system,traefik-9bcdbbd9-j58m7,3.0,203423744
2026-09-16T20:54:15.076923+00:00,pyroscope,pyroscope-0,6.0,91226112
2026-09-16T20:54:15.076923+00:00,pyroscope,pyroscope-alloy-0,5.0,443547648
2026-09-16T20:54:46.331055+00:00,grove-system,grove-operator-7dc7f7d44b-psqff,83.0,631242752
2026-09-16T20:54:46.331055+00:00,kai-scheduler,admission-86666f457d-bh444,1.0,15728640
2026-09-16T20:54:46.331055+00:00,kai-scheduler,kai-operator-69b5d7bcf7-2mxdj,4.0,108003328
2026-09-16T20:54:46.331055+00:00,kai-scheduler,pod-grouper-65456f756-78scb,1.0,11534336
2026-09-16T20:54:46.331055+00:00,kai-scheduler,podgroup-controller-68f9cc8dbf-fdxdx,1.0,13631488
2026-09-16T20:54:46.331055+00:00,kai-scheduler,queue-controller-f86fcd76c-thqpj,1.0,11534336
2026-09-16T20:54:46.331055+00:00,kube-system,coredns-8db54c48d-rkl6z,3.0,50331648
2026-09-16T20:54:46.331055+00:00,kube-system,kwok-controller-5cf8c7c44b-688q7,95.0,81788928
2026-09-16T20:54:46.331055+00:00,kube-system,local-path-provisioner-5d9d9885bc-wxvl4,1.0,15728640
2026-09-16T20:54:46.331055+00:00,kube-system,metrics-server-75dc6f8d87-k68rp,29.0,244318208
2026-09-16T20:54:46.331055+00:00,kube-system,svclb-traefik-9eca1d7e-rh8j2,0.0,0
2026-09-16T20:54:46.331055+00:00,kube-system,traefik-9bcdbbd9-j58m7,3.0,202375168
2026-09-16T20:54:46.331055+00:00,pyroscope,pyroscope-0,5.0,92274688
2026-09-16T20:54:46.331055+00:00,pyroscope,pyroscope-alloy-0,6.0,444596224
2026-09-16T20:55:17.620038+00:00,grove-system,grove-operator-7dc7f7d44b-psqff,41.0,631242752
2026-09-16T20:55:17.620038+00:00,kai-scheduler,admission-86666f457d-bh444,1.0,15728640
2026-09-16T20:55:17.620038+00:00,kai-scheduler,kai-operator-69b5d7bcf7-2mxdj,3.0,108003328
2026-09-16T20:55:17.620038+00:00,kai-scheduler,pod-grouper-65456f756-78scb,1.0,11534336
2026-09-16T20:55:17.620038+00:00,kai-scheduler,podgroup-controller-68f9cc8dbf-fdxdx,1.0,13631488
2026-09-16T20:55:17.620038+00:00,kai-scheduler,queue-controller-f86fcd76c-thqpj,1.0,11534336
2026-09-16T20:55:17.620038+00:00,kube-system,coredns-8db54c48d-rkl6z,3.0,50331648
2026-09-16T20:55:17.620038+00:00,kube-system,kwok-controller-5cf8c7c44b-688q7,107.0,81788928
2026-09-16T20:55:17.620038+00:00,kube-system,local-path-provisioner-5d9d9885bc-wxvl4,1.0,15728640
2026-09-16T20:55:17.620038+00:00,kube-system,metrics-server-75dc6f8d87-k68rp,26.0,243269632
2026-09-16T20:55:17.620038+00:00,kube-system,svclb-traefik-9eca1d7e-rh8j2,0.0,0
2026-09-16T20:55:17.620038+00:00,kube-system,traefik-9bcdbbd9-j58m7,3.0,203423744
2026-09-16T20:55:17.620038+00:00,pyroscope,pyroscope-0,5.0,93323264
2026-09-16T20:55:17.620038+00:00,pyroscope,pyroscope-alloy-0,34.0,443547648
2026-09-16T20:55:48.863320+00:00,grove-system,grove-operator-7dc7f7d44b-psqff,30.0,625999872
2026-09-16T20:55:48.863320+00:00,kai-scheduler,admission-86666f457d-bh444,1.0,15728640
2026-09-16T20:55:48.863320+00:00,kai-scheduler,kai-operator-69b5d7bcf7-2mxdj,3.0,109051904
2026-09-16T20:55:48.863320+00:00,kai-scheduler,pod-grouper-65456f756-78scb,1.0,11534336
2026-09-16T20:55:48.863320+00:00,kai-scheduler,podgroup-controller-68f9cc8dbf-fdxdx,1.0,13631488
2026-09-16T20:55:48.863320+00:00,kai-scheduler,queue-controller-f86fcd76c-thqpj,1.0,11534336
2026-09-16T20:55:48.863320+00:00,kube-system,coredns-8db54c48d-rkl6z,3.0,50331648
2026-09-16T20:55:48.863320+00:00,kube-system,kwok-controller-5cf8c7c44b-688q7,79.0,83886080
2026-09-16T20:55:48.863320+00:00,kube-system,local-path-provisioner-5d9d9885bc-wxvl4,1.0,15728640
2026-09-16T20:55:48.863320+00:00,kube-system,metrics-server-75dc6f8d87-k68rp,38.0,243269632
2026-09-16T20:55:48.863320+00:00,kube-system,svclb-traefik-9eca1d7e-rh8j2,0.0,0
2026-09-16T20:55:48.863320+00:00,kube-system,traefik-9bcdbbd9-j58m7,3.0,202375168
2026-09-16T20:55:48.863320+00:00,pyroscope,pyroscope-0,5.0,92274688
2026-09-16T20:55:48.863320+00:00,pyroscope,pyroscope-alloy-0,18.0,450887680
2026-09-16T20:56:20.108286+00:00,grove-system,grove-operator-7dc7f7d44b-psqff,30.0,630194176
2026-09-16T20:56:20.108286+00:00,kai-scheduler,admission-86666f457d-bh444,1.0,15728640
2026-09-16T20:56:20.108286+00:00,kai-scheduler,kai-operator-69b5d7bcf7-2mxdj,3.0,110100480
2026-09-16T20:56:20.108286+00:00,kai-scheduler,pod-grouper-65456f756-78scb,1.0,11534336
2026-09-16T20:56:20.108286+00:00,kai-scheduler,podgroup-controller-68f9cc8dbf-fdxdx,1.0,13631488
2026-09-16T20:56:20.108286+00:00,kai-scheduler,queue-controller-f86fcd76c-thqpj,1.0,11534336
2026-09-16T20:56:20.108286+00:00,kube-system,coredns-8db54c48d-rkl6z,3.0,50331648
2026-09-16T20:56:20.108286+00:00,kube-system,kwok-controller-5cf8c7c44b-688q7,65.0,82837504
2026-09-16T20:56:20.108286+00:00,kube-system,local-path-provisioner-5d9d9885bc-wxvl4,1.0,15728640
2026-09-16T20:56:20.108286+00:00,kube-system,metrics-server-75dc6f8d87-k68rp,24.0,244318208
2026-09-16T20:56:20.108286+00:00,kube-system,svclb-traefik-9eca1d7e-rh8j2,0.0,0
2026-09-16T20:56:20.108286+00:00,kube-system,traefik-9bcdbbd9-j58m7,3.0,203423744
2026-09-16T20:56:20.108286+00:00,pyroscope,pyroscope-0,5.0,93323264
2026-09-16T20:56:20.108286+00:00,pyroscope,pyroscope-alloy-0,5.0,454033408
2026-09-16T20:56:51.359806+00:00,grove-system,grove-operator-7dc7f7d44b-psqff,61.0,633339904
2026-09-16T20:56:51.359806+00:00,kai-scheduler,admission-86666f457d-bh444,1.0,15728640
2026-09-16T20:56:51.359806+00:00,kai-scheduler,kai-operator-69b5d7bcf7-2mxdj,4.0,105906176
2026-09-16T20:56:51.359806+00:00,kai-scheduler,pod-grouper-65456f756-78scb,1.0,11534336
2026-09-16T20:56:51.359806+00:00,kai-scheduler,podgroup-controller-68f9cc8dbf-fdxdx,1.0,13631488
2026-09-16T20:56:51.359806+00:00,kai-scheduler,queue-controller-f86fcd76c-thqpj,1.0,11534336
2026-09-16T20:56:51.359806+00:00,kube-system,coredns-8db54c48d-rkl6z,4.0,50331648
2026-09-16T20:56:51.359806+00:00,kube-system,kwok-controller-5cf8c7c44b-688q7,77.0,81788928
2026-09-16T20:56:51.359806+00:00,kube-system,local-path-provisioner-5d9d9885bc-wxvl4,1.0,15728640
2026-09-16T20:56:51.359806+00:00,kube-system,metrics-server-75dc6f8d87-k68rp,28.0,245366784
2026-09-16T20:56:51.359806+00:00,kube-system,svclb-traefik-9eca1d7e-rh8j2,0.0,0
2026-09-16T20:56:51.359806+00:00,kube-system,traefik-9bcdbbd9-j58m7,3.0,203423744
2026-09-16T20:56:51.359806+00:00,pyroscope,pyroscope-0,4.0,93323264
2026-09-16T20:56:51.359806+00:00,pyroscope,pyroscope-alloy-0,5.0,457179136
2026-09-16T20:57:22.609402+00:00,grove-system,grove-operator-7dc7f7d44b-psqff,45.0,634388480
2026-09-16T20:57:22.609402+00:00,kai-scheduler,admission-86666f457d-bh444,1.0,15728640
2026-09-16T20:57:22.609402+00:00,kai-scheduler,kai-operator-69b5d7bcf7-2mxdj,2.0,105906176
2026-09-16T20:57:22.609402+00:00,kai-scheduler,pod-grouper-65456f756-78scb,1.0,11534336
2026-09-16T20:57:22.609402+00:00,kai-scheduler,podgroup-controller-68f9cc8dbf-fdxdx,1.0,13631488
2026-09-16T20:57:22.609402+00:00,kai-scheduler,queue-controller-f86fcd76c-thqpj,1.0,11534336
2026-09-16T20:57:22.609402+00:00,kube-system,coredns-8db54c48d-rkl6z,3.0,50331648
2026-09-16T20:57:22.609402+00:00,kube-system,kwok-controller-5cf8c7c44b-688q7,119.0,81788928
2026-09-16T20:57:22.609402+00:00,kube-system,local-path-provisioner-5d9d9885bc-wxvl4,1.0,15728640
2026-09-16T20:57:22.609402+00:00,kube-system,metrics-server-75dc6f8d87-k68rp,32.0,243269632
2026-09-16T20:57:22.609402+00:00,kube-system,svclb-traefik-9eca1d7e-rh8j2,0.0,0
2026-09-16T20:57:22.609402+00:00,kube-system,traefik-9bcdbbd9-j58m7,3.0,202375168
2026-09-16T20:57:22.609402+00:00,pyroscope,pyroscope-0,5.0,93323264
2026-09-16T20:57:22.609402+00:00,pyroscope,pyroscope-alloy-0,5.0,459276288
2026-09-16T20:57:53.855985+00:00,grove-system,grove-operator-7dc7f7d44b-psqff,44.0,628097024
2026-09-16T20:57:53.855985+00:00,kai-scheduler,admission-86666f457d-bh444,1.0,15728640
2026-09-16T20:57:53.855985+00:00,kai-scheduler,kai-operator-69b5d7bcf7-2mxdj,3.0,105906176
2026-09-16T20:57:53.855985+00:00,kai-scheduler,pod-grouper-65456f756-78scb,1.0,11534336
2026-09-16T20:57:53.855985+00:00,kai-scheduler,podgroup-controller-68f9cc8dbf-fdxdx,1.0,13631488
2026-09-16T20:57:53.855985+00:00,kai-scheduler,queue-controller-f86fcd76c-thqpj,1.0,11534336
2026-09-16T20:57:53.855985+00:00,kube-system,coredns-8db54c48d-rkl6z,3.0,50331648
2026-09-16T20:57:53.855985+00:00,kube-system,kwok-controller-5cf8c7c44b-688q7,104.0,82837504
2026-09-16T20:57:53.855985+00:00,kube-system,local-path-provisioner-5d9d9885bc-wxvl4,1.0,15728640
2026-09-16T20:57:53.855985+00:00,kube-system,metrics-server-75dc6f8d87-k68rp,30.0,244318208
2026-09-16T20:57:53.855985+00:00,kube-system,svclb-traefik-9eca1d7e-rh8j2,0.0,0
2026-09-16T20:57:53.855985+00:00,kube-system,traefik-9bcdbbd9-j58m7,9.0,203423744
2026-09-16T20:57:53.855985+00:00,pyroscope,pyroscope-0,5.0,95420416
2026-09-16T20:57:53.855985+00:00,pyroscope,pyroscope-alloy-0,86.0,469762048
2026-09-16T20:58:25.104969+00:00,grove-system,grove-operator-7dc7f7d44b-psqff,55.0,624951296
2026-09-16T20:58:25.104969+00:00,kai-scheduler,admission-86666f457d-bh444,1.0,15728640
2026-09-16T20:58:25.104969+00:00,kai-scheduler,kai-operator-69b5d7bcf7-2mxdj,4.0,104857600
2026-09-16T20:58:25.104969+00:00,kai-scheduler,pod-grouper-65456f756-78scb,1.0,11534336
2026-09-16T20:58:25.104969+00:00,kai-scheduler,podgroup-controller-68f9cc8dbf-fdxdx,1.0,13631488
2026-09-16T20:58:25.104969+00:00,kai-scheduler,queue-controller-f86fcd76c-thqpj,1.0,11534336
2026-09-16T20:58:25.104969+00:00,kube-system,coredns-8db54c48d-rkl6z,3.0,49283072
2026-09-16T20:58:25.104969+00:00,kube-system,kwok-controller-5cf8c7c44b-688q7,128.0,82837504
2026-09-16T20:58:25.104969+00:00,kube-system,local-path-provisioner-5d9d9885bc-wxvl4,1.0,15728640
2026-09-16T20:58:25.104969+00:00,kube-system,metrics-server-75dc6f8d87-k68rp,42.0,245366784
2026-09-16T20:58:25.104969+00:00,kube-system,svclb-traefik-9eca1d7e-rh8j2,0.0,0
2026-09-16T20:58:25.104969+00:00,kube-system,traefik-9bcdbbd9-j58m7,3.0,204472320
2026-09-16T20:58:25.104969+00:00,pyroscope,pyroscope-0,5.0,95420416
2026-09-16T20:58:25.104969+00:00,pyroscope,pyroscope-alloy-0,149.0,466616320
2026-09-16T20:58:56.355951+00:00,grove-system,grove-operator-7dc7f7d44b-psqff,17.0,624951296
2026-09-16T20:58:56.355951+00:00,kai-scheduler,admission-86666f457d-bh444,1.0,15728640
2026-09-16T20:58:56.355951+00:00,kai-scheduler,kai-operator-69b5d7bcf7-2mxdj,3.0,109051904
2026-09-16T20:58:56.355951+00:00,kai-scheduler,pod-grouper-65456f756-78scb,1.0,11534336
2026-09-16T20:58:56.355951+00:00,kai-scheduler,podgroup-controller-68f9cc8dbf-fdxdx,1.0,13631488
2026-09-16T20:58:56.355951+00:00,kai-scheduler,queue-controller-f86fcd76c-thqpj,1.0,11534336
2026-09-16T20:58:56.355951+00:00,kube-system,coredns-8db54c48d-rkl6z,5.0,49283072
2026-09-16T20:58:56.355951+00:00,kube-system,kwok-controller-5cf8c7c44b-688q7,558.0,81788928
2026-09-16T20:58:56.355951+00:00,kube-system,local-path-provisioner-5d9d9885bc-wxvl4,1.0,15728640
2026-09-16T20:58:56.355951+00:00,kube-system,metrics-server-75dc6f8d87-k68rp,56.0,245366784
2026-09-16T20:58:56.355951+00:00,kube-system,svclb-traefik-9eca1d7e-rh8j2,0.0,0
2026-09-16T20:58:56.355951+00:00,kube-system,traefik-9bcdbbd9-j58m7,3.0,203423744
2026-09-16T20:58:56.355951+00:00,pyroscope,pyroscope-0,5.0,94371840
2026-09-16T20:58:56.355951+00:00,pyroscope,pyroscope-alloy-0,144.0,464519168
2026-09-16T20:59:27.601326+00:00,grove-system,grove-operator-7dc7f7d44b-psqff,24.0,630194176
2026-09-16T20:59:27.601326+00:00,kai-scheduler,admission-86666f457d-bh444,1.0,15728640
2026-09-16T20:59:27.601326+00:00,kai-scheduler,kai-operator-69b5d7bcf7-2mxdj,1.0,110100480
2026-09-16T20:59:27.601326+00:00,kai-scheduler,pod-grouper-65456f756-78scb,1.0,11534336
2026-09-16T20:59:27.601326+00:00,kai-scheduler,podgroup-controller-68f9cc8dbf-fdxdx,1.0,13631488
2026-09-16T20:59:27.601326+00:00,kai-scheduler,queue-controller-f86fcd76c-thqpj,1.0,11534336
2026-09-16T20:59:27.601326+00:00,kube-system,coredns-8db54c48d-rkl6z,4.0,50331648
2026-09-16T20:59:27.601326+00:00,kube-system,kwok-controller-5cf8c7c44b-688q7,105.0,80740352
2026-09-16T20:59:27.601326+00:00,kube-system,local-path-provisioner-5d9d9885bc-wxvl4,1.0,15728640
2026-09-16T20:59:27.601326+00:00,kube-system,metrics-server-75dc6f8d87-k68rp,38.0,247463936
2026-09-16T20:59:27.601326+00:00,kube-system,svclb-traefik-9eca1d7e-rh8j2,0.0,0
2026-09-16T20:59:27.601326+00:00,kube-system,traefik-9bcdbbd9-j58m7,11.0,204472320
2026-09-16T20:59:27.601326+00:00,pyroscope,pyroscope-0,6.0,95420416
2026-09-16T20:59:27.601326+00:00,pyroscope,pyroscope-alloy-0,136.0,469762048
2026-09-16T20:59:58.845728+00:00,grove-system,grove-operator-7dc7f7d44b-psqff,29.0,638582784
2026-09-16T20:59:58.845728+00:00,kai-scheduler,admission-86666f457d-bh444,1.0,15728640
2026-09-16T20:59:58.845728+00:00,kai-scheduler,kai-operator-69b5d7bcf7-2mxdj,1.0,109051904
2026-09-16T20:59:58.845728+00:00,kai-scheduler,pod-grouper-65456f756-78scb,1.0,11534336
2026-09-16T20:59:58.845728+00:00,kai-scheduler,podgroup-controller-68f9cc8dbf-fdxdx,1.0,13631488
2026-09-16T20:59:58.845728+00:00,kai-scheduler,queue-controller-f86fcd76c-thqpj,1.0,11534336
2026-09-16T20:59:58.845728+00:00,kube-system,coredns-8db54c48d-rkl6z,3.0,49283072
2026-09-16T20:59:58.845728+00:00,kube-system,kwok-controller-5cf8c7c44b-688q7,137.0,83886080
2026-09-16T20:59:58.845728+00:00,kube-system,local-path-provisioner-5d9d9885bc-wxvl4,1.0,15728640
2026-09-16T20:59:58.845728+00:00,kube-system,metrics-server-75dc6f8d87-k68rp,44.0,245366784
2026-09-16T20:59:58.845728+00:00,kube-system,svclb-traefik-9eca1d7e-rh8j2,0.0,0
2026-09-16T20:59:58.845728+00:00,kube-system,traefik-9bcdbbd9-j58m7,3.0,204472320
2026-09-16T20:59:58.845728+00:00,pyroscope,pyroscope-0,6.0,96468992
2026-09-16T20:59:58.845728+00:00,pyroscope,pyroscope-alloy-0,151.0,466616320
2026-09-16T21:00:30.097366+00:00,grove-system,grove-operator-7dc7f7d44b-psqff,49.0,631242752
2026-09-16T21:00:30.097366+00:00,kai-scheduler,admission-86666f457d-bh444,1.0,15728640
2026-09-16T21:00:30.097366+00:00,kai-scheduler,kai-operator-69b5d7bcf7-2mxdj,1.0,109051904
2026-09-16T21:00:30.097366+00:00,kai-scheduler,pod-grouper-65456f756-78scb,1.0,11534336
2026-09-16T21:00:30.097366+00:00,kai-scheduler,podgroup-controller-68f9cc8dbf-fdxdx,1.0,13631488
2026-09-16T21:00:30.097366+00:00,kai-scheduler,queue-controller-f86fcd76c-thqpj,1.0,11534336
2026-09-16T21:00:30.097366+00:00,kube-system,coredns-8db54c48d-rkl6z,3.0,50331648
2026-09-16T21:00:30.097366+00:00,kube-system,kwok-controller-5cf8c7c44b-688q7,95.0,82837504
2026-09-16T21:00:30.097366+00:00,kube-system,local-path-provisioner-5d9d9885bc-wxvl4,1.0,15728640
2026-09-16T21:00:30.097366+00:00,kube-system,metrics-server-75dc6f8d87-k68rp,41.0,246415360
2026-09-16T21:00:30.097366+00:00,kube-system,svclb-traefik-9eca1d7e-rh8j2,0.0,0
2026-09-16T21:00:30.097366+00:00,kube-system,traefik-9bcdbbd9-j58m7,3.0,204472320
2026-09-16T21:00:30.097366+00:00,pyroscope,pyroscope-0,5.0,94371840
2026-09-16T21:00:30.097366+00:00,pyroscope,pyroscope-alloy-0,142.0,455081984
2026-09-16T21:01:01.350161+00:00,grove-system,grove-operator-7dc7f7d44b-psqff,35.0,633339904
2026-09-16T21:01:01.350161+00:00,kai-scheduler,admission-86666f457d-bh444,1.0,15728640
2026-09-16T21:01:01.350161+00:00,kai-scheduler,kai-operator-69b5d7bcf7-2mxdj,1.0,110100480
2026-09-16T21:01:01.350161+00:00,kai-scheduler,pod-grouper-65456f756-78scb,1.0,11534336
2026-09-16T21:01:01.350161+00:00,kai-scheduler,podgroup-controller-68f9cc8dbf-fdxdx,1.0,13631488
2026-09-16T21:01:01.350161+00:00,kai-scheduler,queue-controller-f86fcd76c-thqpj,1.0,11534336
2026-09-16T21:01:01.350161+00:00,kube-system,coredns-8db54c48d-rkl6z,4.0,49283072
2026-09-16T21:01:01.350161+00:00,kube-system,kwok-controller-5cf8c7c44b-688q7,117.0,83886080
2026-09-16T21:01:01.350161+00:00,kube-system,local-path-provisioner-5d9d9885bc-wxvl4,1.0,15728640
2026-09-16T21:01:01.350161+00:00,kube-system,metrics-server-75dc6f8d87-k68rp,43.0,246415360
2026-09-16T21:01:01.350161+00:00,kube-system,svclb-traefik-9eca1d7e-rh8j2,0.0,0
2026-09-16T21:01:01.350161+00:00,kube-system,traefik-9bcdbbd9-j58m7,3.0,204472320
2026-09-16T21:01:01.350161+00:00,pyroscope,pyroscope-0,5.0,97517568
2026-09-16T21:01:01.350161+00:00,pyroscope,pyroscope-alloy-0,101.0,452984832
2026-09-16T21:01:32.599570+00:00,grove-system,grove-operator-7dc7f7d44b-psqff,18.0,634388480
2026-09-16T21:01:32.599570+00:00,kai-scheduler,admission-86666f457d-bh444,1.0,15728640
2026-09-16T21:01:32.599570+00:00,kai-scheduler,kai-operator-69b5d7bcf7-2mxdj,1.0,110100480
2026-09-16T21:01:32.599570+00:00,kai-scheduler,pod-grouper-65456f756-78scb,1.0,11534336
2026-09-16T21:01:32.599570+00:00,kai-scheduler,podgroup-controller-68f9cc8dbf-fdxdx,1.0,13631488
2026-09-16T21:01:32.599570+00:00,kai-scheduler,queue-controller-f86fcd76c-thqpj,1.0,11534336
2026-09-16T21:01:32.599570+00:00,kube-system,coredns-8db54c48d-rkl6z,3.0,49283072
2026-09-16T21:01:32.599570+00:00,kube-system,kwok-controller-5cf8c7c44b-688q7,113.0,82837504
2026-09-16T21:01:32.599570+00:00,kube-system,local-path-provisioner-5d9d9885bc-wxvl4,1.0,15728640
2026-09-16T21:01:32.599570+00:00,kube-system,metrics-server-75dc6f8d87-k68rp,53.0,246415360
2026-09-16T21:01:32.599570+00:00,kube-system,svclb-traefik-9eca1d7e-rh8j2,0.0,0
2026-09-16T21:01:32.599570+00:00,kube-system,traefik-9bcdbbd9-j58m7,11.0,204472320
2026-09-16T21:01:32.599570+00:00,pyroscope,pyroscope-0,6.0,102760448
2026-09-16T21:01:32.599570+00:00,pyroscope,pyroscope-alloy-0,140.0,438304768
2026-09-16T21:02:03.854509+00:00,grove-system,grove-operator-7dc7f7d44b-psqff,20.0,639631360
2026-09-16T21:02:03.854509+00:00,kai-scheduler,admission-86666f457d-bh444,1.0,15728640
2026-09-16T21:02:03.854509+00:00,kai-scheduler,kai-operator-69b5d7bcf7-2mxdj,1.0,110100480
2026-09-16T21:02:03.854509+00:00,kai-scheduler,pod-grouper-65456f756-78scb,1.0,11534336
2026-09-16T21:02:03.854509+00:00,kai-scheduler,podgroup-controller-68f9cc8dbf-fdxdx,1.0,13631488
2026-09-16T21:02:03.854509+00:00,kai-scheduler,queue-controller-f86fcd76c-thqpj,1.0,11534336
2026-09-16T21:02:03.854509+00:00,kube-system,coredns-8db54c48d-rkl6z,3.0,50331648
2026-09-16T21:02:03.854509+00:00,kube-system,kwok-controller-5cf8c7c44b-688q7,107.0,82837504
2026-09-16T21:02:03.854509+00:00,kube-system,local-path-provisioner-5d9d9885bc-wxvl4,1.0,15728640
2026-09-16T21:02:03.854509+00:00,kube-system,metrics-server-75dc6f8d87-k68rp,35.0,245366784
2026-09-16T21:02:03.854509+00:00,kube-system,svclb-traefik-9eca1d7e-rh8j2,0.0,0
2026-09-16T21:02:03.854509+00:00,kube-system,traefik-9bcdbbd9-j58m7,3.0,204472320
2026-09-16T21:02:03.854509+00:00,pyroscope,pyroscope-0,6.0,102760448
2026-09-16T21:02:03.854509+00:00,pyroscope,pyroscope-alloy-0,123.0,439353344
2026-09-16T21:02:35.105508+00:00,grove-system,grove-operator-7dc7f7d44b-psqff,40.0,649068544
2026-09-16T21:02:35.105508+00:00,kai-scheduler,admission-86666f457d-bh444,1.0,16777216
2026-09-16T21:02:35.105508+00:00,kai-scheduler,kai-operator-69b5d7bcf7-2mxdj,1.0,110100480
2026-09-16T21:02:35.105508+00:00,kai-scheduler,pod-grouper-65456f756-78scb,1.0,11534336
2026-09-16T21:02:35.105508+00:00,kai-scheduler,podgroup-controller-68f9cc8dbf-fdxdx,1.0,13631488
2026-09-16T21:02:35.105508+00:00,kai-scheduler,queue-controller-f86fcd76c-thqpj,1.0,11534336
2026-09-16T21:02:35.105508+00:00,kube-system,coredns-8db54c48d-rkl6z,3.0,50331648
2026-09-16T21:02:35.105508+00:00,kube-system,kwok-controller-5cf8c7c44b-688q7,107.0,80740352
2026-09-16T21:02:35.105508+00:00,kube-system,local-path-provisioner-5d9d9885bc-wxvl4,1.0,15728640
2026-09-16T21:02:35.105508+00:00,kube-system,metrics-server-75dc6f8d87-k68rp,49.0,246415360
2026-09-16T21:02:35.105508+00:00,kube-system,svclb-traefik-9eca1d7e-rh8j2,0.0,0
2026-09-16T21:02:35.105508+00:00,kube-system,traefik-9bcdbbd9-j58m7,3.0,203423744
2026-09-16T21:02:35.105508+00:00,pyroscope,pyroscope-0,5.0,102760448
2026-09-16T21:02:35.105508+00:00,pyroscope,pyroscope-alloy-0,116.0,439353344
2026-09-16T21:03:06.357449+00:00,grove-system,grove-operator-7dc7f7d44b-psqff,35.0,646971392
2026-09-16T21:03:06.357449+00:00,kai-scheduler,admission-86666f457d-bh444,1.0,15728640
2026-09-16T21:03:06.357449+00:00,kai-scheduler,kai-operator-69b5d7bcf7-2mxdj,1.0,105906176
2026-09-16T21:03:06.357449+00:00,kai-scheduler,pod-grouper-65456f756-78scb,1.0,11534336
2026-09-16T21:03:06.357449+00:00,kai-scheduler,podgroup-controller-68f9cc8dbf-fdxdx,1.0,13631488
2026-09-16T21:03:06.357449+00:00,kai-scheduler,queue-controller-f86fcd76c-thqpj,1.0,11534336
2026-09-16T21:03:06.357449+00:00,kube-system,coredns-8db54c48d-rkl6z,3.0,50331648
2026-09-16T21:03:06.357449+00:00,kube-system,kwok-controller-5cf8c7c44b-688q7,134.0,82837504
2026-09-16T21:03:06.357449+00:00,kube-system,local-path-provisioner-5d9d9885bc-wxvl4,1.0,15728640
2026-09-16T21:03:06.357449+00:00,kube-system,metrics-server-75dc6f8d87-k68rp,43.0,246415360
2026-09-16T21:03:06.357449+00:00,kube-system,svclb-traefik-9eca1d7e-rh8j2,0.0,0
2026-09-16T21:03:06.357449+00:00,kube-system,traefik-9bcdbbd9-j58m7,3.0,204472320
2026-09-16T21:03:06.357449+00:00,pyroscope,pyroscope-0,6.0,102760448
2026-09-16T21:03:06.357449+00:00,pyroscope,pyroscope-alloy-0,99.0,440401920
2026-09-16T21:03:37.605625+00:00,grove-system,grove-operator-7dc7f7d44b-psqff,45.0,636485632
2026-09-16T21:03:37.605625+00:00,kai-scheduler,admission-86666f457d-bh444,1.0,15728640
2026-09-16T21:03:37.605625+00:00,kai-scheduler,kai-operator-69b5d7bcf7-2mxdj,3.0,108003328
2026-09-16T21:03:37.605625+00:00,kai-scheduler,pod-grouper-65456f756-78scb,1.0,11534336
2026-09-16T21:03:37.605625+00:00,kai-scheduler,podgroup-controller-68f9cc8dbf-fdxdx,1.0,13631488
2026-09-16T21:03:37.605625+00:00,kai-scheduler,queue-controller-f86fcd76c-thqpj,1.0,11534336
2026-09-16T21:03:37.605625+00:00,kube-system,coredns-8db54c48d-rkl6z,4.0,50331648
2026-09-16T21:03:37.605625+00:00,kube-system,kwok-controller-5cf8c7c44b-688q7,129.0,82837504
2026-09-16T21:03:37.605625+00:00,kube-system,local-path-provisioner-5d9d9885bc-wxvl4,1.0,15728640
2026-09-16T21:03:37.605625+00:00,kube-system,metrics-server-75dc6f8d87-k68rp,46.0,245366784
2026-09-16T21:03:37.605625+00:00,kube-system,svclb-traefik-9eca1d7e-rh8j2,0.0,0
2026-09-16T21:03:37.605625+00:00,kube-system,traefik-9bcdbbd9-j58m7,10.0,204472320
2026-09-16T21:03:37.605625+00:00,pyroscope,pyroscope-0,6.0,102760448
2026-09-16T21:03:37.605625+00:00,pyroscope,pyroscope-alloy-0,119.0,437256192
2026-09-16T21:04:08.854728+00:00,grove-system,grove-operator-7dc7f7d44b-psqff,36.0,636485632
2026-09-16T21:04:08.854728+00:00,kai-scheduler,admission-86666f457d-bh444,1.0,15728640
2026-09-16T21:04:08.854728+00:00,kai-scheduler,kai-operator-69b5d7bcf7-2mxdj,1.0,108003328
2026-09-16T21:04:08.854728+00:00,kai-scheduler,pod-grouper-65456f756-78scb,1.0,11534336
2026-09-16T21:04:08.854728+00:00,kai-scheduler,podgroup-controller-68f9cc8dbf-fdxdx,1.0,13631488
2026-09-16T21:04:08.854728+00:00,kai-scheduler,queue-controller-f86fcd76c-thqpj,1.0,11534336
2026-09-16T21:04:08.854728+00:00,kube-system,coredns-8db54c48d-rkl6z,3.0,49283072
2026-09-16T21:04:08.854728+00:00,kube-system,kwok-controller-5cf8c7c44b-688q7,121.0,82837504
2026-09-16T21:04:08.854728+00:00,kube-system,local-path-provisioner-5d9d9885bc-wxvl4,1.0,15728640
2026-09-16T21:04:08.854728+00:00,kube-system,metrics-server-75dc6f8d87-k68rp,40.0,244318208
2026-09-16T21:04:08.854728+00:00,kube-system,svclb-traefik-9eca1d7e-rh8j2,0.0,0
2026-09-16T21:04:08.854728+00:00,kube-system,traefik-9bcdbbd9-j58m7,3.0,203423744
2026-09-16T21:04:08.854728+00:00,pyroscope,pyroscope-0,5.0,102760448
2026-09-16T21:04:08.854728+00:00,pyroscope,pyroscope-alloy-0,102.0,441450496
2026-09-16T21:04:40.109144+00:00,grove-system,grove-operator-7dc7f7d44b-psqff,46.0,636485632
2026-09-16T21:04:40.109144+00:00,kai-scheduler,admission-86666f457d-bh444,1.0,15728640
2026-09-16T21:04:40.109144+00:00,kai-scheduler,kai-operator-69b5d7bcf7-2mxdj,1.0,114294784
2026-09-16T21:04:40.109144+00:00,kai-scheduler,kai-scheduler-default-768f44b48c-cknk4,103.0,384827392
2026-09-16T21:04:40.109144+00:00,kai-scheduler,pod-grouper-65456f756-78scb,1.0,11534336
2026-09-16T21:04:40.109144+00:00,kai-scheduler,podgroup-controller-68f9cc8dbf-fdxdx,1.0,13631488
2026-09-16T21:04:40.109144+00:00,kai-scheduler,queue-controller-f86fcd76c-thqpj,1.0,11534336
2026-09-16T21:04:40.109144+00:00,kube-system,coredns-8db54c48d-rkl6z,3.0,50331648
2026-09-16T21:04:40.109144+00:00,kube-system,kwok-controller-5cf8c7c44b-688q7,118.0,82837504
2026-09-16T21:04:40.109144+00:00,kube-system,local-path-provisioner-5d9d9885bc-wxvl4,1.0,15728640
2026-09-16T21:04:40.109144+00:00,kube-system,metrics-server-75dc6f8d87-k68rp,42.0,245366784
2026-09-16T21:04:40.109144+00:00,kube-system,svclb-traefik-9eca1d7e-rh8j2,0.0,0
2026-09-16T21:04:40.109144+00:00,kube-system,traefik-9bcdbbd9-j58m7,4.0,204472320
2026-09-16T21:04:40.109144+00:00,pyroscope,pyroscope-0,4.0,102760448
2026-09-16T21:04:40.109144+00:00,pyroscope,pyroscope-alloy-0,90.0,436207616
2026-09-16T21:05:11.406390+00:00,grove-system,grove-operator-7dc7f7d44b-psqff,24.0,644874240
2026-09-16T21:05:11.406390+00:00,kai-scheduler,admission-86666f457d-bh444,1.0,16777216
2026-09-16T21:05:11.406390+00:00,kai-scheduler,kai-operator-69b5d7bcf7-2mxdj,1.0,114294784
2026-09-16T21:05:11.406390+00:00,kai-scheduler,kai-scheduler-default-768f44b48c-cknk4,104.0,408944640
2026-09-16T21:05:11.406390+00:00,kai-scheduler,pod-grouper-65456f756-78scb,1.0,11534336
2026-09-16T21:05:11.406390+00:00,kai-scheduler,podgroup-controller-68f9cc8dbf-fdxdx,1.0,13631488
2026-09-16T21:05:11.406390+00:00,kai-scheduler,queue-controller-f86fcd76c-thqpj,1.0,11534336
2026-09-16T21:05:11.406390+00:00,kube-system,coredns-8db54c48d-rkl6z,3.0,49283072
2026-09-16T21:05:11.406390+00:00,kube-system,kwok-controller-5cf8c7c44b-688q7,118.0,81788928
2026-09-16T21:05:11.406390+00:00,kube-system,local-path-provisioner-5d9d9885bc-wxvl4,1.0,15728640
2026-09-16T21:05:11.406390+00:00,kube-system,metrics-server-75dc6f8d87-k68rp,40.0,245366784
2026-09-16T21:05:11.406390+00:00,kube-system,svclb-traefik-9eca1d7e-rh8j2,0.0,0
2026-09-16T21:05:11.406390+00:00,kube-system,traefik-9bcdbbd9-j58m7,3.0,203423744
2026-09-16T21:05:11.406390+00:00,pyroscope,pyroscope-0,5.0,102760448
2026-09-16T21:05:11.406390+00:00,pyroscope,pyroscope-alloy-0,107.0,439353344
2026-09-16T21:05:42.655773+00:00,grove-system,grove-operator-7dc7f7d44b-psqff,23.0,635437056
2026-09-16T21:05:42.655773+00:00,kai-scheduler,admission-86666f457d-bh444,1.0,15728640
2026-09-16T21:05:42.655773+00:00,kai-scheduler,kai-operator-69b5d7bcf7-2mxdj,1.0,114294784
2026-09-16T21:05:42.655773+00:00,kai-scheduler,kai-scheduler-default-768f44b48c-cknk4,97.0,438304768
2026-09-16T21:05:42.655773+00:00,kai-scheduler,pod-grouper-65456f756-78scb,1.0,11534336
2026-09-16T21:05:42.655773+00:00,kai-scheduler,podgroup-controller-68f9cc8dbf-fdxdx,1.0,13631488
2026-09-16T21:05:42.655773+00:00,kai-scheduler,queue-controller-f86fcd76c-thqpj,1.0,11534336
2026-09-16T21:05:42.655773+00:00,kube-system,coredns-8db54c48d-rkl6z,3.0,50331648
2026-09-16T21:05:42.655773+00:00,kube-system,kwok-controller-5cf8c7c44b-688q7,116.0,81788928
2026-09-16T21:05:42.655773+00:00,kube-system,local-path-provisioner-5d9d9885bc-wxvl4,1.0,15728640
2026-09-16T21:05:42.655773+00:00,kube-system,metrics-server-75dc6f8d87-k68rp,49.0,244318208
2026-09-16T21:05:42.655773+00:00,kube-system,svclb-traefik-9eca1d7e-rh8j2,0.0,0
2026-09-16T21:05:42.655773+00:00,kube-system,traefik-9bcdbbd9-j58m7,3.0,204472320
2026-09-16T21:05:42.655773+00:00,pyroscope,pyroscope-0,5.0,103809024
2026-09-16T21:05:42.655773+00:00,pyroscope,pyroscope-alloy-0,74.0,432013312
2026-09-16T21:06:13.907395+00:00,grove-system,grove-operator-7dc7f7d44b-psqff,50.0,630194176
2026-09-16T21:06:13.907395+00:00,kai-scheduler,admission-86666f457d-bh444,1.0,15728640
2026-09-16T21:06:13.907395+00:00,kai-scheduler,kai-operator-69b5d7bcf7-2mxdj,1.0,114294784
2026-09-16T21:06:13.907395+00:00,kai-scheduler,kai-scheduler-default-768f44b48c-cknk4,90.0,385875968
2026-09-16T21:06:13.907395+00:00,kai-scheduler,pod-grouper-65456f756-78scb,1.0,11534336
2026-09-16T21:06:13.907395+00:00,kai-scheduler,podgroup-controller-68f9cc8dbf-fdxdx,1.0,13631488
2026-09-16T21:06:13.907395+00:00,kai-scheduler,queue-controller-f86fcd76c-thqpj,1.0,11534336
2026-09-16T21:06:13.907395+00:00,kube-system,coredns-8db54c48d-rkl6z,3.0,50331648
2026-09-16T21:06:13.907395+00:00,kube-system,kwok-controller-5cf8c7c44b-688q7,111.0,82837504
2026-09-16T21:06:13.907395+00:00,kube-system,local-path-provisioner-5d9d9885bc-wxvl4,1.0,15728640
2026-09-16T21:06:13.907395+00:00,kube-system,metrics-server-75dc6f8d87-k68rp,43.0,246415360
2026-09-16T21:06:13.907395+00:00,kube-system,svclb-traefik-9eca1d7e-rh8j2,0.0,0
2026-09-16T21:06:13.907395+00:00,kube-system,traefik-9bcdbbd9-j58m7,4.0,203423744
2026-09-16T21:06:13.907395+00:00,pyroscope,pyroscope-0,5.0,103809024
2026-09-16T21:06:13.907395+00:00,pyroscope,pyroscope-alloy-0,95.0,424673280
2026-09-16T21:06:45.155580+00:00,grove-system,grove-operator-7dc7f7d44b-psqff,47.0,627048448
2026-09-16T21:06:45.155580+00:00,kai-scheduler,admission-86666f457d-bh444,1.0,15728640
2026-09-16T21:06:45.155580+00:00,kai-scheduler,kai-operator-69b5d7bcf7-2mxdj,3.0,108003328
2026-09-16T21:06:45.155580+00:00,kai-scheduler,kai-scheduler-default-768f44b48c-cknk4,87.0,399507456
2026-09-16T21:06:45.155580+00:00,kai-scheduler,pod-grouper-65456f756-78scb,1.0,11534336
2026-09-16T21:06:45.155580+00:00,kai-scheduler,podgroup-controller-68f9cc8dbf-fdxdx,1.0,13631488
2026-09-16T21:06:45.155580+00:00,kai-scheduler,queue-controller-f86fcd76c-thqpj,1.0,11534336
2026-09-16T21:06:45.155580+00:00,kube-system,coredns-8db54c48d-rkl6z,4.0,50331648
2026-09-16T21:06:45.155580+00:00,kube-system,kwok-controller-5cf8c7c44b-688q7,132.0,81788928
2026-09-16T21:06:45.155580+00:00,kube-system,local-path-provisioner-5d9d9885bc-wxvl4,1.0,15728640
2026-09-16T21:06:45.155580+00:00,kube-system,metrics-server-75dc6f8d87-k68rp,42.0,244318208
2026-09-16T21:06:45.155580+00:00,kube-system,svclb-traefik-9eca1d7e-rh8j2,0.0,0
2026-09-16T21:06:45.155580+00:00,kube-system,traefik-9bcdbbd9-j58m7,3.0,203423744
2026-09-16T21:06:45.155580+00:00,pyroscope,pyroscope-0,5.0,104857600
2026-09-16T21:06:45.155580+00:00,pyroscope,pyroscope-alloy-0,88.0,427819008
2026-09-16T21:07:16.407898+00:00,grove-system,grove-operator-7dc7f7d44b-psqff,81.0,630194176
2026-09-16T21:07:16.407898+00:00,kai-scheduler,admission-86666f457d-bh444,1.0,15728640
2026-09-16T21:07:16.407898+00:00,kai-scheduler,kai-operator-69b5d7bcf7-2mxdj,2.0,106954752
2026-09-16T21:07:16.407898+00:00,kai-scheduler,kai-scheduler-default-768f44b48c-cknk4,81.0,357564416
2026-09-16T21:07:16.407898+00:00,kai-scheduler,pod-grouper-65456f756-78scb,1.0,11534336
2026-09-16T21:07:16.407898+00:00,kai-scheduler,podgroup-controller-68f9cc8dbf-fdxdx,1.0,13631488
2026-09-16T21:07:16.407898+00:00,kai-scheduler,queue-controller-f86fcd76c-thqpj,1.0,11534336
2026-09-16T21:07:16.407898+00:00,kube-system,coredns-8db54c48d-rkl6z,3.0,51380224
2026-09-16T21:07:16.407898+00:00,kube-system,kwok-controller-5cf8c7c44b-688q7,278.0,81788928
2026-09-16T21:07:16.407898+00:00,kube-system,local-path-provisioner-5d9d9885bc-wxvl4,1.0,15728640
2026-09-16T21:07:16.407898+00:00,kube-system,metrics-server-75dc6f8d87-k68rp,30.0,245366784
2026-09-16T21:07:16.407898+00:00,kube-system,svclb-traefik-9eca1d7e-rh8j2,0.0,0
2026-09-16T21:07:16.407898+00:00,kube-system,traefik-9bcdbbd9-j58m7,3.0,204472320
2026-09-16T21:07:16.407898+00:00,pyroscope,pyroscope-0,12.0,124780544
2026-09-16T21:07:16.407898+00:00,pyroscope,pyroscope-alloy-0,83.0,424673280
2026-09-16T21:07:47.653718+00:00,grove-system,grove-operator-7dc7f7d44b-psqff,42.0,635437056
2026-09-16T21:07:47.653718+00:00,kai-scheduler,admission-86666f457d-bh444,1.0,16777216
2026-09-16T21:07:47.653718+00:00,kai-scheduler,kai-operator-69b5d7bcf7-2mxdj,3.0,106954752
2026-09-16T21:07:47.653718+00:00,kai-scheduler,kai-scheduler-default-768f44b48c-cknk4,78.0,376438784
2026-09-16T21:07:47.653718+00:00,kai-scheduler,pod-grouper-65456f756-78scb,1.0,11534336
2026-09-16T21:07:47.653718+00:00,kai-scheduler,podgroup-controller-68f9cc8dbf-fdxdx,1.0,13631488
2026-09-16T21:07:47.653718+00:00,kai-scheduler,queue-controller-f86fcd76c-thqpj,1.0,11534336
2026-09-16T21:07:47.653718+00:00,kube-system,coredns-8db54c48d-rkl6z,3.0,50331648
2026-09-16T21:07:47.653718+00:00,kube-system,kwok-controller-5cf8c7c44b-688q7,65.0,82837504
2026-09-16T21:07:47.653718+00:00,kube-system,local-path-provisioner-5d9d9885bc-wxvl4,1.0,15728640
2026-09-16T21:07:47.653718+00:00,kube-system,metrics-server-75dc6f8d87-k68rp,37.0,244318208
2026-09-16T21:07:47.653718+00:00,kube-system,svclb-traefik-9eca1d7e-rh8j2,0.0,0
2026-09-16T21:07:47.653718+00:00,kube-system,traefik-9bcdbbd9-j58m7,3.0,203423744
2026-09-16T21:07:47.653718+00:00,pyroscope,pyroscope-0,6.0,123731968
2026-09-16T21:07:47.653718+00:00,pyroscope,pyroscope-alloy-0,4.0,434110464
2026-09-16T21:08:18.902047+00:00,grove-system,grove-operator-7dc7f7d44b-psqff,43.0,635437056
2026-09-16T21:08:18.902047+00:00,kai-scheduler,admission-86666f457d-bh444,1.0,15728640
2026-09-16T21:08:18.902047+00:00,kai-scheduler,kai-operator-69b5d7bcf7-2mxdj,3.0,105906176
2026-09-16T21:08:18.902047+00:00,kai-scheduler,kai-scheduler-default-768f44b48c-cknk4,80.0,342884352
2026-09-16T21:08:18.902047+00:00,kai-scheduler,pod-grouper-65456f756-78scb,1.0,11534336
2026-09-16T21:08:18.902047+00:00,kai-scheduler,podgroup-controller-68f9cc8dbf-fdxdx,1.0,13631488
2026-09-16T21:08:18.902047+00:00,kai-scheduler,queue-controller-f86fcd76c-thqpj,1.0,12582912
2026-09-16T21:08:18.902047+00:00,kube-system,coredns-8db54c48d-rkl6z,3.0,51380224
2026-09-16T21:08:18.902047+00:00,kube-system,kwok-controller-5cf8c7c44b-688q7,94.0,80740352
2026-09-16T21:08:18.902047+00:00,kube-system,local-path-provisioner-5d9d9885bc-wxvl4,1.0,15728640
2026-09-16T21:08:18.902047+00:00,kube-system,metrics-server-75dc6f8d87-k68rp,25.0,245366784
2026-09-16T21:08:18.902047+00:00,kube-system,svclb-traefik-9eca1d7e-rh8j2,0.0,0
2026-09-16T21:08:18.902047+00:00,kube-system,traefik-9bcdbbd9-j58m7,3.0,204472320
2026-09-16T21:08:18.902047+00:00,pyroscope,pyroscope-0,4.0,284164096
2026-09-16T21:08:18.902047+00:00,pyroscope,pyroscope-alloy-0,7.0,452984832
2026-09-16T21:08:50.149325+00:00,grove-system,grove-operator-7dc7f7d44b-psqff,66.0,633339904
2026-09-16T21:08:50.149325+00:00,kai-scheduler,admission-86666f457d-bh444,1.0,15728640
2026-09-16T21:08:50.149325+00:00,kai-scheduler,kai-operator-69b5d7bcf7-2mxdj,6.0,105906176
2026-09-16T21:08:50.149325+00:00,kai-scheduler,kai-scheduler-default-768f44b48c-cknk4,73.0,361758720
2026-09-16T21:08:50.149325+00:00,kai-scheduler,pod-grouper-65456f756-78scb,1.0,11534336
2026-09-16T21:08:50.149325+00:00,kai-scheduler,podgroup-controller-68f9cc8dbf-fdxdx,1.0,13631488
2026-09-16T21:08:50.149325+00:00,kai-scheduler,queue-controller-f86fcd76c-thqpj,1.0,11534336
2026-09-16T21:08:50.149325+00:00,kube-system,coredns-8db54c48d-rkl6z,5.0,51380224
2026-09-16T21:08:50.149325+00:00,kube-system,kwok-controller-5cf8c7c44b-688q7,104.0,81788928
2026-09-16T21:08:50.149325+00:00,kube-system,local-path-provisioner-5d9d9885bc-wxvl4,1.0,15728640
2026-09-16T21:08:50.149325+00:00,kube-system,metrics-server-75dc6f8d87-k68rp,27.0,245366784
2026-09-16T21:08:50.149325+00:00,kube-system,svclb-traefik-9eca1d7e-rh8j2,0.0,0
2026-09-16T21:08:50.149325+00:00,kube-system,traefik-9bcdbbd9-j58m7,4.0,203423744
2026-09-16T21:08:50.149325+00:00,pyroscope,pyroscope-0,5.0,293601280
2026-09-16T21:08:50.149325+00:00,pyroscope,pyroscope-alloy-0,32.0,462422016
2026-09-16T21:09:21.395258+00:00,grove-system,grove-operator-7dc7f7d44b-psqff,105.0,631242752
2026-09-16T21:09:21.395258+00:00,kai-scheduler,admission-86666f457d-bh444,1.0,16777216
2026-09-16T21:09:21.395258+00:00,kai-scheduler,kai-operator-69b5d7bcf7-2mxdj,3.0,106954752
2026-09-16T21:09:21.395258+00:00,kai-scheduler,kai-scheduler-default-768f44b48c-cknk4,76.0,354418688
2026-09-16T21:09:21.395258+00:00,kai-scheduler,pod-grouper-65456f756-78scb,1.0,11534336
2026-09-16T21:09:21.395258+00:00,kai-scheduler,podgroup-controller-68f9cc8dbf-fdxdx,1.0,13631488
2026-09-16T21:09:21.395258+00:00,kai-scheduler,queue-controller-f86fcd76c-thqpj,1.0,11534336
2026-09-16T21:09:21.395258+00:00,kube-system,coredns-8db54c48d-rkl6z,3.0,51380224
2026-09-16T21:09:21.395258+00:00,kube-system,kwok-controller-5cf8c7c44b-688q7,96.0,81788928
2026-09-16T21:09:21.395258+00:00,kube-system,local-path-provisioner-5d9d9885bc-wxvl4,1.0,15728640
2026-09-16T21:09:21.395258+00:00,kube-system,metrics-server-75dc6f8d87-k68rp,30.0,245366784
2026-09-16T21:09:21.395258+00:00,kube-system,svclb-traefik-9eca1d7e-rh8j2,0.0,0
2026-09-16T21:09:21.395258+00:00,kube-system,traefik-9bcdbbd9-j58m7,3.0,204472320
2026-09-16T21:09:21.395258+00:00,pyroscope,pyroscope-0,4.0,295698432
2026-09-16T21:09:21.395258+00:00,pyroscope,pyroscope-alloy-0,5.0,463470592
2026-09-16T21:09:52.641504+00:00,grove-system,grove-operator-7dc7f7d44b-psqff,83.0,628097024
2026-09-16T21:09:52.641504+00:00,kai-scheduler,admission-86666f457d-bh444,1.0,15728640
2026-09-16T21:09:52.641504+00:00,kai-scheduler,kai-operator-69b5d7bcf7-2mxdj,3.0,106954752
2026-09-16T21:09:52.641504+00:00,kai-scheduler,kai-scheduler-default-768f44b48c-cknk4,76.0,384827392
2026-09-16T21:09:52.641504+00:00,kai-scheduler,pod-grouper-65456f756-78scb,1.0,11534336
2026-09-16T21:09:52.641504+00:00,kai-scheduler,podgroup-controller-68f9cc8dbf-fdxdx,1.0,13631488
2026-09-16T21:09:52.641504+00:00,kai-scheduler,queue-controller-f86fcd76c-thqpj,1.0,11534336
2026-09-16T21:09:52.641504+00:00,kube-system,coredns-8db54c48d-rkl6z,3.0,50331648
2026-09-16T21:09:52.641504+00:00,kube-system,kwok-controller-5cf8c7c44b-688q7,63.0,80740352
2026-09-16T21:09:52.641504+00:00,kube-system,local-path-provisioner-5d9d9885bc-wxvl4,1.0,15728640
2026-09-16T21:09:52.641504+00:00,kube-system,metrics-server-75dc6f8d87-k68rp,34.0,243269632
2026-09-16T21:09:52.641504+00:00,kube-system,svclb-traefik-9eca1d7e-rh8j2,0.0,0
2026-09-16T21:09:52.641504+00:00,kube-system,traefik-9bcdbbd9-j58m7,3.0,203423744
2026-09-16T21:09:52.641504+00:00,pyroscope,pyroscope-0,5.0,326107136
2026-09-16T21:09:52.641504+00:00,pyroscope,pyroscope-alloy-0,16.0,430964736
2026-09-16T21:10:23.893160+00:00,grove-system,grove-operator-7dc7f7d44b-psqff,60.0,635437056
2026-09-16T21:10:23.893160+00:00,kai-scheduler,admission-86666f457d-bh444,1.0,15728640
2026-09-16T21:10:23.893160+00:00,kai-scheduler,kai-operator-69b5d7bcf7-2mxdj,3.0,106954752
2026-09-16T21:10:23.893160+00:00,kai-scheduler,kai-scheduler-default-768f44b48c-cknk4,75.0,347078656
2026-09-16T21:10:23.893160+00:00,kai-scheduler,pod-grouper-65456f756-78scb,1.0,11534336
2026-09-16T21:10:23.893160+00:00,kai-scheduler,podgroup-controller-68f9cc8dbf-fdxdx,1.0,13631488
2026-09-16T21:10:23.893160+00:00,kai-scheduler,queue-controller-f86fcd76c-thqpj,1.0,11534336
2026-09-16T21:10:23.893160+00:00,kube-system,coredns-8db54c48d-rkl6z,3.0,50331648
2026-09-16T21:10:23.893160+00:00,kube-system,kwok-controller-5cf8c7c44b-688q7,67.0,81788928
2026-09-16T21:10:23.893160+00:00,kube-system,local-path-provisioner-5d9d9885bc-wxvl4,1.0,15728640
2026-09-16T21:10:23.893160+00:00,kube-system,metrics-server-75dc6f8d87-k68rp,27.0,244318208
2026-09-16T21:10:23.893160+00:00,kube-system,svclb-traefik-9eca1d7e-rh8j2,0.0,0
2026-09-16T21:10:23.893160+00:00,kube-system,traefik-9bcdbbd9-j58m7,3.0,203423744
2026-09-16T21:10:23.893160+00:00,pyroscope,pyroscope-0,7.0,161480704
2026-09-16T21:10:23.893160+00:00,pyroscope,pyroscope-alloy-0,23.0,434110464
2026-09-16T21:10:55.145418+00:00,grove-system,grove-operator-7dc7f7d44b-psqff,63.0,636485632
2026-09-16T21:10:55.145418+00:00,kai-scheduler,admission-86666f457d-bh444,1.0,15728640
2026-09-16T21:10:55.145418+00:00,kai-scheduler,kai-operator-69b5d7bcf7-2mxdj,6.0,106954752
2026-09-16T21:10:55.145418+00:00,kai-scheduler,kai-scheduler-default-768f44b48c-cknk4,76.0,384827392
2026-09-16T21:10:55.145418+00:00,kai-scheduler,pod-grouper-65456f756-78scb,1.0,11534336
2026-09-16T21:10:55.145418+00:00,kai-scheduler,podgroup-controller-68f9cc8dbf-fdxdx,1.0,13631488
2026-09-16T21:10:55.145418+00:00,kai-scheduler,queue-controller-f86fcd76c-thqpj,1.0,11534336
2026-09-16T21:10:55.145418+00:00,kube-system,coredns-8db54c48d-rkl6z,4.0,50331648
2026-09-16T21:10:55.145418+00:00,kube-system,kwok-controller-5cf8c7c44b-688q7,75.0,78643200
2026-09-16T21:10:55.145418+00:00,kube-system,local-path-provisioner-5d9d9885bc-wxvl4,1.0,15728640
2026-09-16T21:10:55.145418+00:00,kube-system,metrics-server-75dc6f8d87-k68rp,31.0,243269632
2026-09-16T21:10:55.145418+00:00,kube-system,svclb-traefik-9eca1d7e-rh8j2,0.0,0
2026-09-16T21:10:55.145418+00:00,kube-system,traefik-9bcdbbd9-j58m7,3.0,203423744
2026-09-16T21:10:55.145418+00:00,pyroscope,pyroscope-0,6.0,159383552
2026-09-16T21:10:55.145418+00:00,pyroscope,pyroscope-alloy-0,6.0,445644800
2026-09-16T21:11:26.397220+00:00,grove-system,grove-operator-7dc7f7d44b-psqff,45.0,630194176
2026-09-16T21:11:26.397220+00:00,kai-scheduler,admission-86666f457d-bh444,1.0,15728640
2026-09-16T21:11:26.397220+00:00,kai-scheduler,kai-operator-69b5d7bcf7-2mxdj,3.0,106954752
2026-09-16T21:11:26.397220+00:00,kai-scheduler,kai-scheduler-default-768f44b48c-cknk4,79.0,378535936
2026-09-16T21:11:26.397220+00:00,kai-scheduler,pod-grouper-65456f756-78scb,1.0,11534336
2026-09-16T21:11:26.397220+00:00,kai-scheduler,podgroup-controller-68f9cc8dbf-fdxdx,1.0,13631488
2026-09-16T21:11:26.397220+00:00,kai-scheduler,queue-controller-f86fcd76c-thqpj,1.0,11534336
2026-09-16T21:11:26.397220+00:00,kube-system,coredns-8db54c48d-rkl6z,4.0,51380224
2026-09-16T21:11:26.397220+00:00,kube-system,kwok-controller-5cf8c7c44b-688q7,79.0,81788928
2026-09-16T21:11:26.397220+00:00,kube-system,local-path-provisioner-5d9d9885bc-wxvl4,1.0,15728640
2026-09-16T21:11:26.397220+00:00,kube-system,metrics-server-75dc6f8d87-k68rp,29.0,244318208
2026-09-16T21:11:26.397220+00:00,kube-system,svclb-traefik-9eca1d7e-rh8j2,0.0,0
2026-09-16T21:11:26.397220+00:00,kube-system,traefik-9bcdbbd9-j58m7,9.0,203423744
2026-09-16T21:11:26.397220+00:00,pyroscope,pyroscope-0,6.0,156237824
2026-09-16T21:11:26.397220+00:00,pyroscope,pyroscope-alloy-0,4.0,444596224
2026-09-16T21:11:57.654347+00:00,grove-system,grove-operator-7dc7f7d44b-psqff,54.0,632291328
2026-09-16T21:11:57.654347+00:00,kai-scheduler,admission-86666f457d-bh444,1.0,15728640
2026-09-16T21:11:57.654347+00:00,kai-scheduler,kai-operator-69b5d7bcf7-2mxdj,3.0,106954752
2026-09-16T21:11:57.654347+00:00,kai-scheduler,kai-scheduler-default-768f44b48c-cknk4,78.0,387973120
2026-09-16T21:11:57.654347+00:00,kai-scheduler,pod-grouper-65456f756-78scb,1.0,11534336
2026-09-16T21:11:57.654347+00:00,kai-scheduler,podgroup-controller-68f9cc8dbf-fdxdx,1.0,13631488
2026-09-16T21:11:57.654347+00:00,kai-scheduler,queue-controller-f86fcd76c-thqpj,1.0,11534336
2026-09-16T21:11:57.654347+00:00,kube-system,coredns-8db54c48d-rkl6z,3.0,51380224
2026-09-16T21:11:57.654347+00:00,kube-system,kwok-controller-5cf8c7c44b-688q7,84.0,83886080
2026-09-16T21:11:57.654347+00:00,kube-system,local-path-provisioner-5d9d9885bc-wxvl4,1.0,15728640
2026-09-16T21:11:57.654347+00:00,kube-system,metrics-server-75dc6f8d87-k68rp,22.0,243269632
2026-09-16T21:11:57.654347+00:00,kube-system,svclb-traefik-9eca1d7e-rh8j2,0.0,0
2026-09-16T21:11:57.654347+00:00,kube-system,traefik-9bcdbbd9-j58m7,3.0,203423744
2026-09-16T21:11:57.654347+00:00,pyroscope,pyroscope-0,5.0,156237824
2026-09-16T21:11:57.654347+00:00,pyroscope,pyroscope-alloy-0,21.0,447741952
2026-09-16T21:12:28.904683+00:00,grove-system,grove-operator-7dc7f7d44b-psqff,31.0,638582784
2026-09-16T21:12:28.904683+00:00,kai-scheduler,admission-86666f457d-bh444,1.0,15728640
2026-09-16T21:12:28.904683+00:00,kai-scheduler,kai-operator-69b5d7bcf7-2mxdj,3.0,106954752
2026-09-16T21:12:28.904683+00:00,kai-scheduler,kai-scheduler-default-768f44b48c-cknk4,75.0,369098752
2026-09-16T21:12:28.904683+00:00,kai-scheduler,pod-grouper-65456f756-78scb,1.0,11534336
2026-09-16T21:12:28.904683+00:00,kai-scheduler,podgroup-controller-68f9cc8dbf-fdxdx,1.0,13631488
2026-09-16T21:12:28.904683+00:00,kai-scheduler,queue-controller-f86fcd76c-thqpj,1.0,11534336
2026-09-16T21:12:28.904683+00:00,kube-system,coredns-8db54c48d-rkl6z,4.0,51380224
2026-09-16T21:12:28.904683+00:00,kube-system,kwok-controller-5cf8c7c44b-688q7,72.0,82837504
2026-09-16T21:12:28.904683+00:00,kube-system,local-path-provisioner-5d9d9885bc-wxvl4,1.0,15728640
2026-09-16T21:12:28.904683+00:00,kube-system,metrics-server-75dc6f8d87-k68rp,28.0,243269632
2026-09-16T21:12:28.904683+00:00,kube-system,svclb-traefik-9eca1d7e-rh8j2,0.0,0
2026-09-16T21:12:28.904683+00:00,kube-system,traefik-9bcdbbd9-j58m7,3.0,203423744
2026-09-16T21:12:28.904683+00:00,pyroscope,pyroscope-0,6.0,156237824
2026-09-16T21:12:28.904683+00:00,pyroscope,pyroscope-alloy-0,5.0,451936256
2026-09-16T21:13:00.154364+00:00,grove-system,grove-operator-7dc7f7d44b-psqff,30.0,630194176
2026-09-16T21:13:00.154364+00:00,kai-scheduler,admission-86666f457d-bh444,1.0,15728640
2026-09-16T21:13:00.154364+00:00,kai-scheduler,kai-operator-69b5d7bcf7-2mxdj,3.0,103809024
2026-09-16T21:13:00.154364+00:00,kai-scheduler,kai-scheduler-default-768f44b48c-cknk4,69.0,373293056
2026-09-16T21:13:00.154364+00:00,kai-scheduler,pod-grouper-65456f756-78scb,1.0,11534336
2026-09-16T21:13:00.154364+00:00,kai-scheduler,podgroup-controller-68f9cc8dbf-fdxdx,1.0,13631488
2026-09-16T21:13:00.154364+00:00,kai-scheduler,queue-controller-f86fcd76c-thqpj,1.0,11534336
2026-09-16T21:13:00.154364+00:00,kube-system,coredns-8db54c48d-rkl6z,4.0,50331648
2026-09-16T21:13:00.154364+00:00,kube-system,kwok-controller-5cf8c7c44b-688q7,79.0,82837504
2026-09-16T21:13:00.154364+00:00,kube-system,local-path-provisioner-5d9d9885bc-wxvl4,1.0,15728640
2026-09-16T21:13:00.154364+00:00,kube-system,metrics-server-75dc6f8d87-k68rp,30.0,244318208
2026-09-16T21:13:00.154364+00:00,kube-system,svclb-traefik-9eca1d7e-rh8j2,0.0,0
2026-09-16T21:13:00.154364+00:00,kube-system,traefik-9bcdbbd9-j58m7,3.0,203423744
2026-09-16T21:13:00.154364+00:00,pyroscope,pyroscope-0,5.0,155189248
2026-09-16T21:13:00.154364+00:00,pyroscope,pyroscope-alloy-0,11.0,452984832
2026-09-16T21:13:31.436868+00:00,grove-system,grove-operator-7dc7f7d44b-psqff,42.0,631242752
2026-09-16T21:13:31.436868+00:00,kai-scheduler,admission-86666f457d-bh444,1.0,15728640
2026-09-16T21:13:31.436868+00:00,kai-scheduler,kai-operator-69b5d7bcf7-2mxdj,3.0,104857600
2026-09-16T21:13:31.436868+00:00,kai-scheduler,kai-scheduler-default-768f44b48c-cknk4,74.0,391118848
2026-09-16T21:13:31.436868+00:00,kai-scheduler,pod-grouper-65456f756-78scb,1.0,11534336
2026-09-16T21:13:31.436868+00:00,kai-scheduler,podgroup-controller-68f9cc8dbf-fdxdx,1.0,13631488
2026-09-16T21:13:31.436868+00:00,kai-scheduler,queue-controller-f86fcd76c-thqpj,1.0,11534336
2026-09-16T21:13:31.436868+00:00,kube-system,coredns-8db54c48d-rkl6z,3.0,51380224
2026-09-16T21:13:31.436868+00:00,kube-system,kwok-controller-5cf8c7c44b-688q7,96.0,80740352
2026-09-16T21:13:31.436868+00:00,kube-system,local-path-provisioner-5d9d9885bc-wxvl4,1.0,15728640
2026-09-16T21:13:31.436868+00:00,kube-system,metrics-server-75dc6f8d87-k68rp,26.0,244318208
2026-09-16T21:13:31.436868+00:00,kube-system,svclb-traefik-9eca1d7e-rh8j2,0.0,0
2026-09-16T21:13:31.436868+00:00,kube-system,traefik-9bcdbbd9-j58m7,3.0,203423744
2026-09-16T21:13:31.436868+00:00,pyroscope,pyroscope-0,5.0,156237824
2026-09-16T21:13:31.436868+00:00,pyroscope,pyroscope-alloy-0,6.0,452984832
2026-09-16T21:14:02.688680+00:00,grove-system,grove-operator-7dc7f7d44b-psqff,41.0,635437056
2026-09-16T21:14:02.688680+00:00,kai-scheduler,admission-86666f457d-bh444,1.0,16777216
2026-09-16T21:14:02.688680+00:00,kai-scheduler,kai-operator-69b5d7bcf7-2mxdj,5.0,104857600
2026-09-16T21:14:02.688680+00:00,kai-scheduler,kai-scheduler-default-768f44b48c-cknk4,75.0,404750336
2026-09-16T21:14:02.688680+00:00,kai-scheduler,pod-grouper-65456f756-78scb,1.0,11534336
2026-09-16T21:14:02.688680+00:00,kai-scheduler,podgroup-controller-68f9cc8dbf-fdxdx,1.0,13631488
2026-09-16T21:14:02.688680+00:00,kai-scheduler,queue-controller-f86fcd76c-thqpj,1.0,11534336
2026-09-16T21:14:02.688680+00:00,kube-system,coredns-8db54c48d-rkl6z,3.0,50331648
2026-09-16T21:14:02.688680+00:00,kube-system,kwok-controller-5cf8c7c44b-688q7,100.0,80740352
2026-09-16T21:14:02.688680+00:00,kube-system,local-path-provisioner-5d9d9885bc-wxvl4,1.0,15728640
2026-09-16T21:14:02.688680+00:00,kube-system,metrics-server-75dc6f8d87-k68rp,29.0,244318208
2026-09-16T21:14:02.688680+00:00,kube-system,svclb-traefik-9eca1d7e-rh8j2,0.0,0
2026-09-16T21:14:02.688680+00:00,kube-system,traefik-9bcdbbd9-j58m7,6.0,202375168
2026-09-16T21:14:02.688680+00:00,pyroscope,pyroscope-0,5.0,158334976
2026-09-16T21:14:02.688680+00:00,pyroscope,pyroscope-alloy-0,14.0,454033408
2026-09-16T21:14:33.932407+00:00,grove-system,grove-operator-7dc7f7d44b-psqff,28.0,637534208
2026-09-16T21:14:33.932407+00:00,kai-scheduler,admission-86666f457d-bh444,1.0,15728640
2026-09-16T21:14:33.932407+00:00,kai-scheduler,kai-operator-69b5d7bcf7-2mxdj,3.0,111149056
2026-09-16T21:14:33.932407+00:00,kai-scheduler,kai-scheduler-default-768f44b48c-cknk4,73.0,373293056
2026-09-16T21:14:33.932407+00:00,kai-scheduler,pod-grouper-65456f756-78scb,1.0,11534336
2026-09-16T21:14:33.932407+00:00,kai-scheduler,podgroup-controller-68f9cc8dbf-fdxdx,1.0,13631488
2026-09-16T21:14:33.932407+00:00,kai-scheduler,queue-controller-f86fcd76c-thqpj,1.0,11534336
2026-09-16T21:14:33.932407+00:00,kube-system,coredns-8db54c48d-rkl6z,3.0,50331648
2026-09-16T21:14:33.932407+00:00,kube-system,kwok-controller-5cf8c7c44b-688q7,81.0,82837504
2026-09-16T21:14:33.932407+00:00,kube-system,local-path-provisioner-5d9d9885bc-wxvl4,1.0,15728640
2026-09-16T21:14:33.932407+00:00,kube-system,metrics-server-75dc6f8d87-k68rp,31.0,244318208
2026-09-16T21:14:33.932407+00:00,kube-system,svclb-traefik-9eca1d7e-rh8j2,0.0,0
2026-09-16T21:14:33.932407+00:00,kube-system,traefik-9bcdbbd9-j58m7,3.0,202375168
2026-09-16T21:14:33.932407+00:00,pyroscope,pyroscope-0,5.0,158334976
2026-09-16T21:14:33.932407+00:00,pyroscope,pyroscope-alloy-0,6.0,443547648
2026-09-16T21:15:05.192369+00:00,grove-system,grove-operator-7dc7f7d44b-psqff,41.0,628097024
2026-09-16T21:15:05.192369+00:00,kai-scheduler,admission-86666f457d-bh444,1.0,15728640
2026-09-16T21:15:05.192369+00:00,kai-scheduler,kai-operator-69b5d7bcf7-2mxdj,3.0,109051904
2026-09-16T21:15:05.192369+00:00,kai-scheduler,kai-scheduler-default-768f44b48c-cknk4,80.0,394264576
2026-09-16T21:15:05.192369+00:00,kai-scheduler,pod-grouper-65456f756-78scb,1.0,11534336
2026-09-16T21:15:05.192369+00:00,kai-scheduler,podgroup-controller-68f9cc8dbf-fdxdx,1.0,13631488
2026-09-16T21:15:05.192369+00:00,kai-scheduler,queue-controller-f86fcd76c-thqpj,1.0,11534336
2026-09-16T21:15:05.192369+00:00,kube-system,coredns-8db54c48d-rkl6z,3.0,50331648
2026-09-16T21:15:05.192369+00:00,kube-system,kwok-controller-5cf8c7c44b-688q7,107.0,81788928
2026-09-16T21:15:05.192369+00:00,kube-system,local-path-provisioner-5d9d9885bc-wxvl4,1.0,15728640
2026-09-16T21:15:05.192369+00:00,kube-system,metrics-server-75dc6f8d87-k68rp,32.0,244318208
2026-09-16T21:15:05.192369+00:00,kube-system,svclb-traefik-9eca1d7e-rh8j2,0.0,0
2026-09-16T21:15:05.192369+00:00,kube-system,traefik-9bcdbbd9-j58m7,3.0,202375168
2026-09-16T21:15:05.192369+00:00,pyroscope,pyroscope-0,6.0,155189248
2026-09-16T21:15:05.192369+00:00,pyroscope,pyroscope-alloy-0,4.0,442499072
2026-09-16T21:15:36.438960+00:00,grove-system,grove-operator-7dc7f7d44b-psqff,31.0,631242752
2026-09-16T21:15:36.438960+00:00,kai-scheduler,admission-86666f457d-bh444,1.0,15728640
2026-09-16T21:15:36.438960+00:00,kai-scheduler,kai-operator-69b5d7bcf7-2mxdj,2.0,108003328
2026-09-16T21:15:36.438960+00:00,kai-scheduler,kai-scheduler-default-768f44b48c-cknk4,74.0,396361728
2026-09-16T21:15:36.438960+00:00,kai-scheduler,pod-grouper-65456f756-78scb,1.0,11534336
2026-09-16T21:15:36.438960+00:00,kai-scheduler,podgroup-controller-68f9cc8dbf-fdxdx,1.0,13631488
2026-09-16T21:15:36.438960+00:00,kai-scheduler,queue-controller-f86fcd76c-thqpj,1.0,11534336
2026-09-16T21:15:36.438960+00:00,kube-system,coredns-8db54c48d-rkl6z,3.0,51380224
2026-09-16T21:15:36.438960+00:00,kube-system,kwok-controller-5cf8c7c44b-688q7,87.0,81788928
2026-09-16T21:15:36.438960+00:00,kube-system,local-path-provisioner-5d9d9885bc-wxvl4,1.0,15728640
2026-09-16T21:15:36.438960+00:00,kube-system,metrics-server-75dc6f8d87-k68rp,29.0,244318208
2026-09-16T21:15:36.438960+00:00,kube-system,svclb-traefik-9eca1d7e-rh8j2,0.0,0
2026-09-16T21:15:36.438960+00:00,kube-system,traefik-9bcdbbd9-j58m7,3.0,202375168
2026-09-16T21:15:36.438960+00:00,pyroscope,pyroscope-0,6.0,156237824
2026-09-16T21:15:36.438960+00:00,pyroscope,pyroscope-alloy-0,31.0,443547648
2026-09-16T21:16:07.690719+00:00,grove-system,grove-operator-7dc7f7d44b-psqff,30.0,621805568
2026-09-16T21:16:07.690719+00:00,kai-scheduler,admission-86666f457d-bh444,1.0,15728640
2026-09-16T21:16:07.690719+00:00,kai-scheduler,kai-operator-69b5d7bcf7-2mxdj,1.0,109051904
2026-09-16T21:16:07.690719+00:00,kai-scheduler,kai-scheduler-default-768f44b48c-cknk4,84.0,400556032
2026-09-16T21:16:07.690719+00:00,kai-scheduler,pod-grouper-65456f756-78scb,1.0,11534336
2026-09-16T21:16:07.690719+00:00,kai-scheduler,podgroup-controller-68f9cc8dbf-fdxdx,1.0,13631488
2026-09-16T21:16:07.690719+00:00,kai-scheduler,queue-controller-f86fcd76c-thqpj,1.0,11534336
2026-09-16T21:16:07.690719+00:00,kube-system,coredns-8db54c48d-rkl6z,3.0,50331648
2026-09-16T21:16:07.690719+00:00,kube-system,kwok-controller-5cf8c7c44b-688q7,130.0,81788928
2026-09-16T21:16:07.690719+00:00,kube-system,local-path-provisioner-5d9d9885bc-wxvl4,1.0,16777216
2026-09-16T21:16:07.690719+00:00,kube-system,metrics-server-75dc6f8d87-k68rp,38.0,246415360
2026-09-16T21:16:07.690719+00:00,kube-system,svclb-traefik-9eca1d7e-rh8j2,0.0,0
2026-09-16T21:16:07.690719+00:00,kube-system,traefik-9bcdbbd9-j58m7,3.0,202375168
2026-09-16T21:16:07.690719+00:00,pyroscope,pyroscope-0,6.0,155189248
2026-09-16T21:16:07.690719+00:00,pyroscope,pyroscope-alloy-0,78.0,411041792
2026-09-16T21:16:38.945275+00:00,grove-system,grove-operator-7dc7f7d44b-psqff,19.0,627048448
2026-09-16T21:16:38.945275+00:00,kai-scheduler,admission-86666f457d-bh444,1.0,15728640
2026-09-16T21:16:38.945275+00:00,kai-scheduler,kai-operator-69b5d7bcf7-2mxdj,1.0,109051904
2026-09-16T21:16:38.945275+00:00,kai-scheduler,kai-scheduler-default-768f44b48c-cknk4,86.0,382730240
2026-09-16T21:16:38.945275+00:00,kai-scheduler,pod-grouper-65456f756-78scb,1.0,11534336
2026-09-16T21:16:38.945275+00:00,kai-scheduler,podgroup-controller-68f9cc8dbf-fdxdx,1.0,13631488
2026-09-16T21:16:38.945275+00:00,kai-scheduler,queue-controller-f86fcd76c-thqpj,1.0,11534336
2026-09-16T21:16:38.945275+00:00,kube-system,coredns-8db54c48d-rkl6z,3.0,50331648
2026-09-16T21:16:38.945275+00:00,kube-system,kwok-controller-5cf8c7c44b-688q7,115.0,80740352
2026-09-16T21:16:38.945275+00:00,kube-system,local-path-provisioner-5d9d9885bc-wxvl4,1.0,15728640
2026-09-16T21:16:38.945275+00:00,kube-system,metrics-server-75dc6f8d87-k68rp,45.0,246415360
2026-09-16T21:16:38.945275+00:00,kube-system,svclb-traefik-9eca1d7e-rh8j2,0.0,0
2026-09-16T21:16:38.945275+00:00,kube-system,traefik-9bcdbbd9-j58m7,3.0,202375168
2026-09-16T21:16:38.945275+00:00,pyroscope,pyroscope-0,6.0,155189248
2026-09-16T21:16:38.945275+00:00,pyroscope,pyroscope-alloy-0,87.0,407896064
2026-09-16T21:17:10.189033+00:00,grove-system,grove-operator-7dc7f7d44b-psqff,18.0,623902720
2026-09-16T21:17:10.189033+00:00,kai-scheduler,admission-86666f457d-bh444,1.0,15728640
2026-09-16T21:17:10.189033+00:00,kai-scheduler,kai-operator-69b5d7bcf7-2mxdj,1.0,103809024
2026-09-16T21:17:10.189033+00:00,kai-scheduler,kai-scheduler-default-768f44b48c-cknk4,73.0,352321536
2026-09-16T21:17:10.189033+00:00,kai-scheduler,pod-grouper-65456f756-78scb,1.0,11534336
2026-09-16T21:17:10.189033+00:00,kai-scheduler,podgroup-controller-68f9cc8dbf-fdxdx,1.0,13631488
2026-09-16T21:17:10.189033+00:00,kai-scheduler,queue-controller-f86fcd76c-thqpj,1.0,11534336
2026-09-16T21:17:10.189033+00:00,kube-system,coredns-8db54c48d-rkl6z,4.0,50331648
2026-09-16T21:17:10.189033+00:00,kube-system,kwok-controller-5cf8c7c44b-688q7,126.0,82837504
2026-09-16T21:17:10.189033+00:00,kube-system,local-path-provisioner-5d9d9885bc-wxvl4,1.0,15728640
2026-09-16T21:17:10.189033+00:00,kube-system,metrics-server-75dc6f8d87-k68rp,40.0,245366784
2026-09-16T21:17:10.189033+00:00,kube-system,svclb-traefik-9eca1d7e-rh8j2,0.0,0
2026-09-16T21:17:10.189033+00:00,kube-system,traefik-9bcdbbd9-j58m7,3.0,202375168
2026-09-16T21:17:10.189033+00:00,pyroscope,pyroscope-0,5.0,155189248
2026-09-16T21:17:10.189033+00:00,pyroscope,pyroscope-alloy-0,64.0,403701760
2026-09-16T21:17:41.442032+00:00,grove-system,grove-operator-7dc7f7d44b-psqff,18.0,631242752
2026-09-16T21:17:41.442032+00:00,kai-scheduler,admission-86666f457d-bh444,1.0,16777216
2026-09-16T21:17:41.442032+00:00,kai-scheduler,kai-operator-69b5d7bcf7-2mxdj,1.0,103809024
2026-09-16T21:17:41.442032+00:00,kai-scheduler,kai-scheduler-default-768f44b48c-cknk4,76.0,361758720
2026-09-16T21:17:41.442032+00:00,kai-scheduler,pod-grouper-65456f756-78scb,1.0,11534336
2026-09-16T21:17:41.442032+00:00,kai-scheduler,podgroup-controller-68f9cc8dbf-fdxdx,1.0,13631488
2026-09-16T21:17:41.442032+00:00,kai-scheduler,queue-controller-f86fcd76c-thqpj,1.0,11534336
2026-09-16T21:17:41.442032+00:00,kube-system,coredns-8db54c48d-rkl6z,3.0,50331648
2026-09-16T21:17:41.442032+00:00,kube-system,kwok-controller-5cf8c7c44b-688q7,104.0,81788928
2026-09-16T21:17:41.442032+00:00,kube-system,local-path-provisioner-5d9d9885bc-wxvl4,1.0,15728640
2026-09-16T21:17:41.442032+00:00,kube-system,metrics-server-75dc6f8d87-k68rp,44.0,244318208
2026-09-16T21:17:41.442032+00:00,kube-system,svclb-traefik-9eca1d7e-rh8j2,0.0,0
2026-09-16T21:17:41.442032+00:00,kube-system,traefik-9bcdbbd9-j58m7,3.0,202375168
2026-09-16T21:17:41.442032+00:00,pyroscope,pyroscope-0,6.0,152043520
2026-09-16T21:17:41.442032+00:00,pyroscope,pyroscope-alloy-0,78.0,402653184
2026-09-16T21:18:12.695547+00:00,grove-system,grove-operator-7dc7f7d44b-psqff,19.0,634388480
2026-09-16T21:18:12.695547+00:00,kai-scheduler,admission-86666f457d-bh444,1.0,16777216
2026-09-16T21:18:12.695547+00:00,kai-scheduler,kai-operator-69b5d7bcf7-2mxdj,1.0,103809024
2026-09-16T21:18:12.695547+00:00,kai-scheduler,kai-scheduler-default-768f44b48c-cknk4,68.0,367001600
2026-09-16T21:18:12.695547+00:00,kai-scheduler,pod-grouper-65456f756-78scb,1.0,11534336
2026-09-16T21:18:12.695547+00:00,kai-scheduler,podgroup-controller-68f9cc8dbf-fdxdx,1.0,13631488
2026-09-16T21:18:12.695547+00:00,kai-scheduler,queue-controller-f86fcd76c-thqpj,1.0,11534336
2026-09-16T21:18:12.695547+00:00,kube-system,coredns-8db54c48d-rkl6z,3.0,50331648
2026-09-16T21:18:12.695547+00:00,kube-system,kwok-controller-5cf8c7c44b-688q7,97.0,79691776
2026-09-16T21:18:12.695547+00:00,kube-system,local-path-provisioner-5d9d9885bc-wxvl4,1.0,15728640
2026-09-16T21:18:12.695547+00:00,kube-system,metrics-server-75dc6f8d87-k68rp,39.0,245366784
2026-09-16T21:18:12.695547+00:00,kube-system,svclb-traefik-9eca1d7e-rh8j2,0.0,0
2026-09-16T21:18:12.695547+00:00,kube-system,traefik-9bcdbbd9-j58m7,3.0,202375168
2026-09-16T21:18:12.695547+00:00,pyroscope,pyroscope-0,6.0,153092096
2026-09-16T21:18:12.695547+00:00,pyroscope,pyroscope-alloy-0,69.0,406847488
2026-09-16T21:18:43.966594+00:00,grove-system,grove-operator-7dc7f7d44b-psqff,26.0,627048448
2026-09-16T21:18:43.966594+00:00,kai-scheduler,admission-86666f457d-bh444,1.0,16777216
2026-09-16T21:18:43.966594+00:00,kai-scheduler,kai-operator-69b5d7bcf7-2mxdj,3.0,103809024
2026-09-16T21:18:43.966594+00:00,kai-scheduler,kai-scheduler-default-768f44b48c-cknk4,68.0,355467264
2026-09-16T21:18:43.966594+00:00,kai-scheduler,pod-grouper-65456f756-78scb,1.0,11534336
2026-09-16T21:18:43.966594+00:00,kai-scheduler,podgroup-controller-68f9cc8dbf-fdxdx,1.0,13631488
2026-09-16T21:18:43.966594+00:00,kai-scheduler,queue-controller-f86fcd76c-thqpj,1.0,11534336
2026-09-16T21:18:43.966594+00:00,kube-system,coredns-8db54c48d-rkl6z,3.0,50331648
2026-09-16T21:18:43.966594+00:00,kube-system,kwok-controller-5cf8c7c44b-688q7,100.0,80740352
2026-09-16T21:18:43.966594+00:00,kube-system,local-path-provisioner-5d9d9885bc-wxvl4,1.0,15728640
2026-09-16T21:18:43.966594+00:00,kube-system,metrics-server-75dc6f8d87-k68rp,41.0,240123904
2026-09-16T21:18:43.966594+00:00,kube-system,svclb-traefik-9eca1d7e-rh8j2,0.0,0
2026-09-16T21:18:43.966594+00:00,kube-system,traefik-9bcdbbd9-j58m7,3.0,202375168
2026-09-16T21:18:43.966594+00:00,pyroscope,pyroscope-0,5.0,154140672
2026-09-16T21:18:43.966594+00:00,pyroscope,pyroscope-alloy-0,66.0,404750336
2026-09-16T21:19:15.220843+00:00,grove-system,grove-operator-7dc7f7d44b-psqff,17.0,629145600
2026-09-16T21:19:15.220843+00:00,kai-scheduler,admission-86666f457d-bh444,1.0,16777216
2026-09-16T21:19:15.220843+00:00,kai-scheduler,kai-operator-69b5d7bcf7-2mxdj,1.0,103809024
2026-09-16T21:19:15.220843+00:00,kai-scheduler,kai-scheduler-default-768f44b48c-cknk4,71.0,340787200
2026-09-16T21:19:15.220843+00:00,kai-scheduler,pod-grouper-65456f756-78scb,1.0,11534336
2026-09-16T21:19:15.220843+00:00,kai-scheduler,podgroup-controller-68f9cc8dbf-fdxdx,1.0,13631488
2026-09-16T21:19:15.220843+00:00,kai-scheduler,queue-controller-f86fcd76c-thqpj,1.0,11534336
2026-09-16T21:19:15.220843+00:00,kube-system,coredns-8db54c48d-rkl6z,3.0,50331648
2026-09-16T21:19:15.220843+00:00,kube-system,kwok-controller-5cf8c7c44b-688q7,102.0,79691776
2026-09-16T21:19:15.220843+00:00,kube-system,local-path-provisioner-5d9d9885bc-wxvl4,1.0,15728640
2026-09-16T21:19:15.220843+00:00,kube-system,metrics-server-75dc6f8d87-k68rp,54.0,239075328
2026-09-16T21:19:15.220843+00:00,kube-system,svclb-traefik-9eca1d7e-rh8j2,0.0,0
2026-09-16T21:19:15.220843+00:00,kube-system,traefik-9bcdbbd9-j58m7,3.0,202375168
2026-09-16T21:19:15.220843+00:00,pyroscope,pyroscope-0,5.0,154140672
2026-09-16T21:19:15.220843+00:00,pyroscope,pyroscope-alloy-0,63.0,407896064
2026-09-16T21:19:46.472960+00:00,grove-system,grove-operator-7dc7f7d44b-psqff,18.0,631242752
2026-09-16T21:19:46.472960+00:00,kai-scheduler,admission-86666f457d-bh444,1.0,16777216
2026-09-16T21:19:46.472960+00:00,kai-scheduler,binder-869fc94c7-rfgfb,21.0,142606336
2026-09-16T21:19:46.472960+00:00,kai-scheduler,kai-operator-69b5d7bcf7-2mxdj,3.0,103809024
2026-09-16T21:19:46.472960+00:00,kai-scheduler,kai-scheduler-default-768f44b48c-cknk4,56.0,339738624
2026-09-16T21:19:46.472960+00:00,kai-scheduler,pod-grouper-65456f756-78scb,1.0,11534336
2026-09-16T21:19:46.472960+00:00,kai-scheduler,podgroup-controller-68f9cc8dbf-fdxdx,1.0,13631488
2026-09-16T21:19:46.472960+00:00,kai-scheduler,queue-controller-f86fcd76c-thqpj,1.0,11534336
2026-09-16T21:19:46.472960+00:00,kube-system,coredns-8db54c48d-rkl6z,3.0,49283072
2026-09-16T21:19:46.472960+00:00,kube-system,kwok-controller-5cf8c7c44b-688q7,121.0,81788928
2026-09-16T21:19:46.472960+00:00,kube-system,local-path-provisioner-5d9d9885bc-wxvl4,1.0,15728640
2026-09-16T21:19:46.472960+00:00,kube-system,metrics-server-75dc6f8d87-k68rp,47.0,241172480
2026-09-16T21:19:46.472960+00:00,kube-system,svclb-traefik-9eca1d7e-rh8j2,0.0,0
2026-09-16T21:19:46.472960+00:00,kube-system,traefik-9bcdbbd9-j58m7,3.0,203423744
2026-09-16T21:19:46.472960+00:00,pyroscope,pyroscope-0,5.0,155189248
2026-09-16T21:19:46.472960+00:00,pyroscope,pyroscope-alloy-0,58.0,400556032
2026-09-16T21:20:17.733469+00:00,grove-system,grove-operator-7dc7f7d44b-psqff,18.0,621805568
2026-09-16T21:20:17.733469+00:00,kai-scheduler,admission-86666f457d-bh444,1.0,16777216
2026-09-16T21:20:17.733469+00:00,kai-scheduler,binder-869fc94c7-rfgfb,21.0,164626432
2026-09-16T21:20:17.733469+00:00,kai-scheduler,kai-operator-69b5d7bcf7-2mxdj,1.0,103809024
2026-09-16T21:20:17.733469+00:00,kai-scheduler,kai-scheduler-default-768f44b48c-cknk4,63.0,330301440
2026-09-16T21:20:17.733469+00:00,kai-scheduler,pod-grouper-65456f756-78scb,1.0,11534336
2026-09-16T21:20:17.733469+00:00,kai-scheduler,podgroup-controller-68f9cc8dbf-fdxdx,1.0,13631488
2026-09-16T21:20:17.733469+00:00,kai-scheduler,queue-controller-f86fcd76c-thqpj,1.0,11534336
2026-09-16T21:20:17.733469+00:00,kube-system,coredns-8db54c48d-rkl6z,3.0,50331648
2026-09-16T21:20:17.733469+00:00,kube-system,kwok-controller-5cf8c7c44b-688q7,115.0,81788928
2026-09-16T21:20:17.733469+00:00,kube-system,local-path-provisioner-5d9d9885bc-wxvl4,1.0,15728640
2026-09-16T21:20:17.733469+00:00,kube-system,metrics-server-75dc6f8d87-k68rp,37.0,239075328
2026-09-16T21:20:17.733469+00:00,kube-system,svclb-traefik-9eca1d7e-rh8j2,0.0,0
2026-09-16T21:20:17.733469+00:00,kube-system,traefik-9bcdbbd9-j58m7,3.0,203423744
2026-09-16T21:20:17.733469+00:00,pyroscope,pyroscope-0,6.0,156237824
2026-09-16T21:20:17.733469+00:00,pyroscope,pyroscope-alloy-0,58.0,402653184
2026-09-16T21:20:48.980742+00:00,grove-system,grove-operator-7dc7f7d44b-psqff,19.0,619708416
2026-09-16T21:20:48.980742+00:00,kai-scheduler,admission-86666f457d-bh444,1.0,16777216
2026-09-16T21:20:48.980742+00:00,kai-scheduler,binder-869fc94c7-rfgfb,21.0,166723584
2026-09-16T21:20:48.980742+00:00,kai-scheduler,kai-operator-69b5d7bcf7-2mxdj,3.0,103809024
2026-09-16T21:20:48.980742+00:00,kai-scheduler,kai-scheduler-default-768f44b48c-cknk4,55.0,329252864
2026-09-16T21:20:48.980742+00:00,kai-scheduler,pod-grouper-65456f756-78scb,1.0,11534336
2026-09-16T21:20:48.980742+00:00,kai-scheduler,podgroup-controller-68f9cc8dbf-fdxdx,1.0,13631488
2026-09-16T21:20:48.980742+00:00,kai-scheduler,queue-controller-f86fcd76c-thqpj,1.0,11534336
2026-09-16T21:20:48.980742+00:00,kube-system,coredns-8db54c48d-rkl6z,4.0,50331648
2026-09-16T21:20:48.980742+00:00,kube-system,kwok-controller-5cf8c7c44b-688q7,124.0,80740352
2026-09-16T21:20:48.980742+00:00,kube-system,local-path-provisioner-5d9d9885bc-wxvl4,1.0,15728640
2026-09-16T21:20:48.980742+00:00,kube-system,metrics-server-75dc6f8d87-k68rp,51.0,242221056
2026-09-16T21:20:48.980742+00:00,kube-system,svclb-traefik-9eca1d7e-rh8j2,0.0,0
2026-09-16T21:20:48.980742+00:00,kube-system,traefik-9bcdbbd9-j58m7,3.0,202375168
2026-09-16T21:20:48.980742+00:00,pyroscope,pyroscope-0,6.0,157286400
2026-09-16T21:20:48.980742+00:00,pyroscope,pyroscope-alloy-0,60.0,394264576
2026-09-16T21:21:20.231262+00:00,grove-system,grove-operator-7dc7f7d44b-psqff,25.0,621805568
2026-09-16T21:21:20.231262+00:00,kai-scheduler,admission-86666f457d-bh444,1.0,16777216
2026-09-16T21:21:20.231262+00:00,kai-scheduler,binder-869fc94c7-rfgfb,19.0,152043520
2026-09-16T21:21:20.231262+00:00,kai-scheduler,kai-operator-69b5d7bcf7-2mxdj,1.0,103809024
2026-09-16T21:21:20.231262+00:00,kai-scheduler,kai-scheduler-default-768f44b48c-cknk4,52.0,322961408
2026-09-16T21:21:20.231262+00:00,kai-scheduler,pod-grouper-65456f756-78scb,1.0,11534336
2026-09-16T21:21:20.231262+00:00,kai-scheduler,podgroup-controller-68f9cc8dbf-fdxdx,1.0,13631488
2026-09-16T21:21:20.231262+00:00,kai-scheduler,queue-controller-f86fcd76c-thqpj,1.0,11534336
2026-09-16T21:21:20.231262+00:00,kube-system,coredns-8db54c48d-rkl6z,3.0,50331648
2026-09-16T21:21:20.231262+00:00,kube-system,kwok-controller-5cf8c7c44b-688q7,95.0,80740352
2026-09-16T21:21:20.231262+00:00,kube-system,local-path-provisioner-5d9d9885bc-wxvl4,1.0,15728640
2026-09-16T21:21:20.231262+00:00,kube-system,metrics-server-75dc6f8d87-k68rp,43.0,241172480
2026-09-16T21:21:20.231262+00:00,kube-system,svclb-traefik-9eca1d7e-rh8j2,0.0,0
2026-09-16T21:21:20.231262+00:00,kube-system,traefik-9bcdbbd9-j58m7,3.0,203423744
2026-09-16T21:21:20.231262+00:00,pyroscope,pyroscope-0,6.0,155189248
2026-09-16T21:21:20.231262+00:00,pyroscope,pyroscope-alloy-0,56.0,393216000
2026-09-16T21:21:51.481918+00:00,grove-system,grove-operator-7dc7f7d44b-psqff,23.0,621805568
2026-09-16T21:21:51.481918+00:00,kai-scheduler,admission-86666f457d-bh444,1.0,16777216
2026-09-16T21:21:51.481918+00:00,kai-scheduler,binder-869fc94c7-rfgfb,22.0,154140672
2026-09-16T21:21:51.481918+00:00,kai-scheduler,kai-operator-69b5d7bcf7-2mxdj,1.0,103809024
2026-09-16T21:21:51.481918+00:00,kai-scheduler,kai-scheduler-default-768f44b48c-cknk4,47.0,322961408
2026-09-16T21:21:51.481918+00:00,kai-scheduler,pod-grouper-65456f756-78scb,1.0,11534336
2026-09-16T21:21:51.481918+00:00,kai-scheduler,podgroup-controller-68f9cc8dbf-fdxdx,1.0,13631488
2026-09-16T21:21:51.481918+00:00,kai-scheduler,queue-controller-f86fcd76c-thqpj,1.0,11534336
2026-09-16T21:21:51.481918+00:00,kube-system,coredns-8db54c48d-rkl6z,3.0,50331648
2026-09-16T21:21:51.481918+00:00,kube-system,kwok-controller-5cf8c7c44b-688q7,150.0,80740352
2026-09-16T21:21:51.481918+00:00,kube-system,local-path-provisioner-5d9d9885bc-wxvl4,1.0,15728640
2026-09-16T21:21:51.481918+00:00,kube-system,metrics-server-75dc6f8d87-k68rp,40.0,241172480
2026-09-16T21:21:51.481918+00:00,kube-system,svclb-traefik-9eca1d7e-rh8j2,0.0,0
2026-09-16T21:21:51.481918+00:00,kube-system,traefik-9bcdbbd9-j58m7,3.0,202375168
2026-09-16T21:21:51.481918+00:00,pyroscope,pyroscope-0,5.0,155189248
2026-09-16T21:21:51.481918+00:00,pyroscope,pyroscope-alloy-0,39.0,392167424
2026-09-16T21:22:22.732384+00:00,grove-system,grove-operator-7dc7f7d44b-psqff,25.0,620756992
2026-09-16T21:22:22.732384+00:00,kai-scheduler,admission-86666f457d-bh444,1.0,16777216
2026-09-16T21:22:22.732384+00:00,kai-scheduler,binder-869fc94c7-rfgfb,22.0,154140672
2026-09-16T21:22:22.732384+00:00,kai-scheduler,kai-operator-69b5d7bcf7-2mxdj,1.0,104857600
2026-09-16T21:22:22.732384+00:00,kai-scheduler,kai-scheduler-default-768f44b48c-cknk4,42.0,322961408
2026-09-16T21:22:22.732384+00:00,kai-scheduler,pod-grouper-65456f756-78scb,1.0,11534336
2026-09-16T21:22:22.732384+00:00,kai-scheduler,podgroup-controller-68f9cc8dbf-fdxdx,1.0,13631488
2026-09-16T21:22:22.732384+00:00,kai-scheduler,queue-controller-f86fcd76c-thqpj,1.0,11534336
2026-09-16T21:22:22.732384+00:00,kube-system,coredns-8db54c48d-rkl6z,3.0,51380224
2026-09-16T21:22:22.732384+00:00,kube-system,kwok-controller-5cf8c7c44b-688q7,112.0,79691776
2026-09-16T21:22:22.732384+00:00,kube-system,local-path-provisioner-5d9d9885bc-wxvl4,1.0,15728640
2026-09-16T21:22:22.732384+00:00,kube-system,metrics-server-75dc6f8d87-k68rp,47.0,240123904
2026-09-16T21:22:22.732384+00:00,kube-system,svclb-traefik-9eca1d7e-rh8j2,0.0,0
2026-09-16T21:22:22.732384+00:00,kube-system,traefik-9bcdbbd9-j58m7,3.0,201326592
2026-09-16T21:22:22.732384+00:00,pyroscope,pyroscope-0,6.0,156237824
2026-09-16T21:22:22.732384+00:00,pyroscope,pyroscope-alloy-0,49.0,384827392
2026-09-16T21:22:53.975887+00:00,grove-system,grove-operator-7dc7f7d44b-psqff,26.0,618659840
2026-09-16T21:22:53.975887+00:00,kai-scheduler,admission-86666f457d-bh444,1.0,16777216
2026-09-16T21:22:53.975887+00:00,kai-scheduler,binder-869fc94c7-rfgfb,21.0,153092096
2026-09-16T21:22:53.975887+00:00,kai-scheduler,kai-operator-69b5d7bcf7-2mxdj,2.0,103809024
2026-09-16T21:22:53.975887+00:00,kai-scheduler,kai-scheduler-default-768f44b48c-cknk4,41.0,316669952
2026-09-16T21:22:53.975887+00:00,kai-scheduler,pod-grouper-65456f756-78scb,1.0,11534336
2026-09-16T21:22:53.975887+00:00,kai-scheduler,podgroup-controller-68f9cc8dbf-fdxdx,1.0,13631488
2026-09-16T21:22:53.975887+00:00,kai-scheduler,queue-controller-f86fcd76c-thqpj,1.0,11534336
2026-09-16T21:22:53.975887+00:00,kube-system,coredns-8db54c48d-rkl6z,4.0,50331648
2026-09-16T21:22:53.975887+00:00,kube-system,kwok-controller-5cf8c7c44b-688q7,131.0,80740352
2026-09-16T21:22:53.975887+00:00,kube-system,local-path-provisioner-5d9d9885bc-wxvl4,1.0,15728640
2026-09-16T21:22:53.975887+00:00,kube-system,metrics-server-75dc6f8d87-k68rp,41.0,240123904
2026-09-16T21:22:53.975887+00:00,kube-system,svclb-traefik-9eca1d7e-rh8j2,0.0,0
2026-09-16T21:22:53.975887+00:00,kube-system,traefik-9bcdbbd9-j58m7,3.0,201326592
2026-09-16T21:22:53.975887+00:00,pyroscope,pyroscope-0,6.0,157286400
2026-09-16T21:22:53.975887+00:00,pyroscope,pyroscope-alloy-0,38.0,381681664
2026-09-16T21:23:25.224270+00:00,grove-system,grove-operator-7dc7f7d44b-psqff,19.0,622854144
2026-09-16T21:23:25.224270+00:00,kai-scheduler,admission-86666f457d-bh444,1.0,16777216
2026-09-16T21:23:25.224270+00:00,kai-scheduler,binder-869fc94c7-rfgfb,21.0,153092096
2026-09-16T21:23:25.224270+00:00,kai-scheduler,kai-operator-69b5d7bcf7-2mxdj,1.0,103809024
2026-09-16T21:23:25.224270+00:00,kai-scheduler,kai-scheduler-default-768f44b48c-cknk4,38.0,334495744
2026-09-16T21:23:25.224270+00:00,kai-scheduler,pod-grouper-65456f756-78scb,1.0,11534336
2026-09-16T21:23:25.224270+00:00,kai-scheduler,podgroup-controller-68f9cc8dbf-fdxdx,1.0,13631488
2026-09-16T21:23:25.224270+00:00,kai-scheduler,queue-controller-f86fcd76c-thqpj,1.0,11534336
2026-09-16T21:23:25.224270+00:00,kube-system,coredns-8db54c48d-rkl6z,3.0,50331648
2026-09-16T21:23:25.224270+00:00,kube-system,kwok-controller-5cf8c7c44b-688q7,122.0,81788928
2026-09-16T21:23:25.224270+00:00,kube-system,local-path-provisioner-5d9d9885bc-wxvl4,1.0,15728640
2026-09-16T21:23:25.224270+00:00,kube-system,metrics-server-75dc6f8d87-k68rp,39.0,240123904
2026-09-16T21:23:25.224270+00:00,kube-system,svclb-traefik-9eca1d7e-rh8j2,0.0,0
2026-09-16T21:23:25.224270+00:00,kube-system,traefik-9bcdbbd9-j58m7,3.0,200278016
2026-09-16T21:23:25.224270+00:00,pyroscope,pyroscope-0,6.0,156237824
2026-09-16T21:23:25.224270+00:00,pyroscope,pyroscope-alloy-0,46.0,379584512
2026-09-16T21:23:56.473116+00:00,grove-system,grove-operator-7dc7f7d44b-psqff,27.0,618659840
2026-09-16T21:23:56.473116+00:00,kai-scheduler,admission-86666f457d-bh444,1.0,16777216
2026-09-16T21:23:56.473116+00:00,kai-scheduler,binder-869fc94c7-rfgfb,21.0,153092096
2026-09-16T21:23:56.473116+00:00,kai-scheduler,kai-operator-69b5d7bcf7-2mxdj,1.0,103809024
2026-09-16T21:23:56.473116+00:00,kai-scheduler,kai-scheduler-default-768f44b48c-cknk4,32.0,318767104
2026-09-16T21:23:56.473116+00:00,kai-scheduler,pod-grouper-65456f756-78scb,1.0,11534336
2026-09-16T21:23:56.473116+00:00,kai-scheduler,podgroup-controller-68f9cc8dbf-fdxdx,1.0,13631488
2026-09-16T21:23:56.473116+00:00,kai-scheduler,queue-controller-f86fcd76c-thqpj,1.0,11534336
2026-09-16T21:23:56.473116+00:00,kube-system,coredns-8db54c48d-rkl6z,3.0,50331648
2026-09-16T21:23:56.473116+00:00,kube-system,kwok-controller-5cf8c7c44b-688q7,105.0,80740352
2026-09-16T21:23:56.473116+00:00,kube-system,local-path-provisioner-5d9d9885bc-wxvl4,1.0,15728640
2026-09-16T21:23:56.473116+00:00,kube-system,metrics-server-75dc6f8d87-k68rp,41.0,241172480
2026-09-16T21:23:56.473116+00:00,kube-system,svclb-traefik-9eca1d7e-rh8j2,0.0,0
2026-09-16T21:23:56.473116+00:00,kube-system,traefik-9bcdbbd9-j58m7,3.0,201326592
2026-09-16T21:23:56.473116+00:00,pyroscope,pyroscope-0,6.0,157286400
2026-09-16T21:23:56.473116+00:00,pyroscope,pyroscope-alloy-0,31.0,370147328
2026-09-16T21:24:27.720976+00:00,grove-system,grove-operator-7dc7f7d44b-psqff,22.0,619708416
2026-09-16T21:24:27.720976+00:00,kai-scheduler,admission-86666f457d-bh444,1.0,16777216
2026-09-16T21:24:27.720976+00:00,kai-scheduler,binder-869fc94c7-rfgfb,19.0,152043520
2026-09-16T21:24:27.720976+00:00,kai-scheduler,kai-operator-69b5d7bcf7-2mxdj,1.0,103809024
2026-09-16T21:24:27.720976+00:00,kai-scheduler,kai-scheduler-default-768f44b48c-cknk4,30.0,317718528
2026-09-16T21:24:27.720976+00:00,kai-scheduler,pod-grouper-65456f756-78scb,1.0,11534336
2026-09-16T21:24:27.720976+00:00,kai-scheduler,podgroup-controller-68f9cc8dbf-fdxdx,1.0,13631488
2026-09-16T21:24:27.720976+00:00,kai-scheduler,queue-controller-f86fcd76c-thqpj,1.0,11534336
2026-09-16T21:24:27.720976+00:00,kube-system,coredns-8db54c48d-rkl6z,3.0,50331648
2026-09-16T21:24:27.720976+00:00,kube-system,kwok-controller-5cf8c7c44b-688q7,112.0,80740352
2026-09-16T21:24:27.720976+00:00,kube-system,local-path-provisioner-5d9d9885bc-wxvl4,1.0,15728640
2026-09-16T21:24:27.720976+00:00,kube-system,metrics-server-75dc6f8d87-k68rp,41.0,240123904
2026-09-16T21:24:27.720976+00:00,kube-system,svclb-traefik-9eca1d7e-rh8j2,0.0,0
2026-09-16T21:24:27.720976+00:00,kube-system,traefik-9bcdbbd9-j58m7,3.0,201326592
2026-09-16T21:24:27.720976+00:00,pyroscope,pyroscope-0,5.0,155189248
2026-09-16T21:24:27.720976+00:00,pyroscope,pyroscope-alloy-0,26.0,374341632
2026-09-16T21:24:58.970267+00:00,grove-system,grove-operator-7dc7f7d44b-psqff,15.0,617611264
2026-09-16T21:24:58.970267+00:00,kai-scheduler,admission-86666f457d-bh444,1.0,16777216
2026-09-16T21:24:58.970267+00:00,kai-scheduler,binder-869fc94c7-rfgfb,18.0,148897792
2026-09-16T21:24:58.970267+00:00,kai-scheduler,kai-operator-69b5d7bcf7-2mxdj,6.0,111149056
2026-09-16T21:24:58.970267+00:00,kai-scheduler,kai-scheduler-default-768f44b48c-cknk4,23.0,311427072
2026-09-16T21:24:58.970267+00:00,kai-scheduler,pod-grouper-65456f756-78scb,1.0,11534336
2026-09-16T21:24:58.970267+00:00,kai-scheduler,podgroup-controller-68f9cc8dbf-fdxdx,1.0,13631488
2026-09-16T21:24:58.970267+00:00,kai-scheduler,queue-controller-f86fcd76c-thqpj,1.0,11534336
2026-09-16T21:24:58.970267+00:00,kube-system,coredns-8db54c48d-rkl6z,3.0,49283072
2026-09-16T21:24:58.970267+00:00,kube-system,kwok-controller-5cf8c7c44b-688q7,105.0,78643200
2026-09-16T21:24:58.970267+00:00,kube-system,local-path-provisioner-5d9d9885bc-wxvl4,1.0,15728640
2026-09-16T21:24:58.970267+00:00,kube-system,metrics-server-75dc6f8d87-k68rp,34.0,243269632
2026-09-16T21:24:58.970267+00:00,kube-system,svclb-traefik-9eca1d7e-rh8j2,0.0,0
2026-09-16T21:24:58.970267+00:00,kube-system,traefik-9bcdbbd9-j58m7,3.0,201326592
2026-09-16T21:24:58.970267+00:00,pyroscope,pyroscope-0,9.0,167772160
2026-09-16T21:24:58.970267+00:00,pyroscope,pyroscope-alloy-0,10.0,372244480
2026-09-16T21:25:30.226103+00:00,grove-system,grove-operator-7dc7f7d44b-psqff,10.0,612368384
2026-09-16T21:25:30.226103+00:00,kai-scheduler,admission-86666f457d-bh444,1.0,16777216
2026-09-16T21:25:30.226103+00:00,kai-scheduler,binder-869fc94c7-rfgfb,34.0,152043520
2026-09-16T21:25:30.226103+00:00,kai-scheduler,kai-operator-69b5d7bcf7-2mxdj,36.0,125829120
2026-09-16T21:25:30.226103+00:00,kai-scheduler,kai-scheduler-default-768f44b48c-cknk4,39.0,312475648
2026-09-16T21:25:30.226103+00:00,kai-scheduler,pod-grouper-65456f756-78scb,1.0,11534336
2026-09-16T21:25:30.226103+00:00,kai-scheduler,podgroup-controller-68f9cc8dbf-fdxdx,1.0,13631488
2026-09-16T21:25:30.226103+00:00,kai-scheduler,queue-controller-f86fcd76c-thqpj,1.0,11534336
2026-09-16T21:25:30.226103+00:00,kube-system,coredns-8db54c48d-rkl6z,2.0,49283072
2026-09-16T21:25:30.226103+00:00,kube-system,kwok-controller-5cf8c7c44b-688q7,108.0,78643200
2026-09-16T21:25:30.226103+00:00,kube-system,local-path-provisioner-5d9d9885bc-wxvl4,1.0,15728640
2026-09-16T21:25:30.226103+00:00,kube-system,metrics-server-75dc6f8d87-k68rp,46.0,236978176
2026-09-16T21:25:30.226103+00:00,kube-system,svclb-traefik-9eca1d7e-rh8j2,0.0,0
2026-09-16T21:25:30.226103+00:00,kube-system,traefik-9bcdbbd9-j58m7,53.0,205520896
2026-09-16T21:25:30.226103+00:00,pyroscope,pyroscope-0,5.0,154140672
2026-09-16T21:25:30.226103+00:00,pyroscope,pyroscope-alloy-0,6.0,372244480
2026-09-16T21:26:01.480279+00:00,grove-system,grove-operator-7dc7f7d44b-psqff,121.0,634388480
2026-09-16T21:26:01.480279+00:00,kai-scheduler,admission-86666f457d-bh444,1.0,16777216
2026-09-16T21:26:01.480279+00:00,kai-scheduler,binder-869fc94c7-rfgfb,29.0,144703488
2026-09-16T21:26:01.480279+00:00,kai-scheduler,kai-operator-69b5d7bcf7-2mxdj,44.0,123731968
2026-09-16T21:26:01.480279+00:00,kai-scheduler,kai-scheduler-default-768f44b48c-cknk4,37.0,309329920
2026-09-16T21:26:01.480279+00:00,kai-scheduler,pod-grouper-65456f756-78scb,1.0,11534336
2026-09-16T21:26:01.480279+00:00,kai-scheduler,podgroup-controller-68f9cc8dbf-fdxdx,1.0,13631488
2026-09-16T21:26:01.480279+00:00,kai-scheduler,queue-controller-f86fcd76c-thqpj,1.0,11534336
2026-09-16T21:26:01.480279+00:00,kube-system,coredns-8db54c48d-rkl6z,31.0,51380224
2026-09-16T21:26:01.480279+00:00,kube-system,kwok-controller-5cf8c7c44b-688q7,109.0,79691776
2026-09-16T21:26:01.480279+00:00,kube-system,local-path-provisioner-5d9d9885bc-wxvl4,1.0,15728640
2026-09-16T21:26:01.480279+00:00,kube-system,metrics-server-75dc6f8d87-k68rp,47.0,236978176
2026-09-16T21:26:01.480279+00:00,kube-system,svclb-traefik-9eca1d7e-rh8j2,0.0,0
2026-09-16T21:26:01.480279+00:00,kube-system,traefik-9bcdbbd9-j58m7,67.0,210763776
2026-09-16T21:26:01.480279+00:00,pyroscope,pyroscope-0,7.0,156237824
2026-09-16T21:26:01.480279+00:00,pyroscope,pyroscope-alloy-0,7.0,369098752
2026-09-16T21:26:32.729722+00:00,grove-system,grove-operator-7dc7f7d44b-psqff,224.0,655360000
2026-09-16T21:26:32.729722+00:00,kai-scheduler,admission-86666f457d-bh444,1.0,16777216
2026-09-16T21:26:32.729722+00:00,kai-scheduler,binder-869fc94c7-rfgfb,10.0,144703488
2026-09-16T21:26:32.729722+00:00,kai-scheduler,kai-operator-69b5d7bcf7-2mxdj,43.0,126877696
2026-09-16T21:26:32.729722+00:00,kai-scheduler,kai-scheduler-default-768f44b48c-cknk4,21.0,308281344
2026-09-16T21:26:32.729722+00:00,kai-scheduler,pod-grouper-65456f756-78scb,1.0,11534336
2026-09-16T21:26:32.729722+00:00,kai-scheduler,podgroup-controller-68f9cc8dbf-fdxdx,1.0,13631488
2026-09-16T21:26:32.729722+00:00,kai-scheduler,queue-controller-f86fcd76c-thqpj,1.0,11534336
2026-09-16T21:26:32.729722+00:00,kube-system,coredns-8db54c48d-rkl6z,38.0,53477376
2026-09-16T21:26:32.729722+00:00,kube-system,kwok-controller-5cf8c7c44b-688q7,76.0,80740352
2026-09-16T21:26:32.729722+00:00,kube-system,local-path-provisioner-5d9d9885bc-wxvl4,1.0,15728640
2026-09-16T21:26:32.729722+00:00,kube-system,metrics-server-75dc6f8d87-k68rp,43.0,235929600
2026-09-16T21:26:32.729722+00:00,kube-system,svclb-traefik-9eca1d7e-rh8j2,0.0,0
2026-09-16T21:26:32.729722+00:00,kube-system,traefik-9bcdbbd9-j58m7,82.0,220200960
2026-09-16T21:26:32.729722+00:00,pyroscope,pyroscope-0,6.0,156237824
2026-09-16T21:26:32.729722+00:00,pyroscope,pyroscope-alloy-0,9.0,371195904
2026-09-16T21:27:03.987810+00:00,grove-system,grove-operator-7dc7f7d44b-psqff,468.0,724566016
2026-09-16T21:27:03.987810+00:00,kai-scheduler,admission-86666f457d-bh444,1.0,16777216
2026-09-16T21:27:03.987810+00:00,kai-scheduler,binder-869fc94c7-rfgfb,5.0,145752064
2026-09-16T21:27:03.987810+00:00,kai-scheduler,kai-operator-69b5d7bcf7-2mxdj,10.0,124780544
2026-09-16T21:27:03.987810+00:00,kai-scheduler,kai-scheduler-default-768f44b48c-cknk4,17.0,313524224
2026-09-16T21:27:03.987810+00:00,kai-scheduler,pod-grouper-65456f756-78scb,1.0,11534336
2026-09-16T21:27:03.987810+00:00,kai-scheduler,podgroup-controller-68f9cc8dbf-fdxdx,1.0,13631488
2026-09-16T21:27:03.987810+00:00,kai-scheduler,queue-controller-f86fcd76c-thqpj,1.0,11534336
2026-09-16T21:27:03.987810+00:00,kube-system,coredns-8db54c48d-rkl6z,14.0,52428800
2026-09-16T21:27:03.987810+00:00,kube-system,kwok-controller-5cf8c7c44b-688q7,78.0,78643200
2026-09-16T21:27:03.987810+00:00,kube-system,local-path-provisioner-5d9d9885bc-wxvl4,1.0,15728640
2026-09-16T21:27:03.987810+00:00,kube-system,metrics-server-75dc6f8d87-k68rp,32.0,236978176
2026-09-16T21:27:03.987810+00:00,kube-system,svclb-traefik-9eca1d7e-rh8j2,0.0,0
2026-09-16T21:27:03.987810+00:00,kube-system,traefik-9bcdbbd9-j58m7,27.0,238026752
2026-09-16T21:27:03.987810+00:00,pyroscope,pyroscope-0,7.0,162529280
2026-09-16T21:27:03.987810+00:00,pyroscope,pyroscope-alloy-0,12.0,364904448
2026-09-16T21:27:35.249759+00:00,grove-system,grove-operator-7dc7f7d44b-psqff,450.0,730857472
2026-09-16T21:27:35.249759+00:00,kai-scheduler,admission-86666f457d-bh444,1.0,16777216
2026-09-16T21:27:35.249759+00:00,kai-scheduler,binder-869fc94c7-rfgfb,40.0,170917888
2026-09-16T21:27:35.249759+00:00,kai-scheduler,kai-operator-69b5d7bcf7-2mxdj,1.0,124780544
2026-09-16T21:27:35.249759+00:00,kai-scheduler,kai-scheduler-default-768f44b48c-cknk4,43.0,333447168
2026-09-16T21:27:35.249759+00:00,kai-scheduler,pod-grouper-65456f756-78scb,1.0,11534336
2026-09-16T21:27:35.249759+00:00,kai-scheduler,podgroup-controller-68f9cc8dbf-fdxdx,1.0,13631488
2026-09-16T21:27:35.249759+00:00,kai-scheduler,queue-controller-f86fcd76c-thqpj,1.0,11534336
2026-09-16T21:27:35.249759+00:00,kube-system,coredns-8db54c48d-rkl6z,8.0,52428800
2026-09-16T21:27:35.249759+00:00,kube-system,kwok-controller-5cf8c7c44b-688q7,86.0,78643200
2026-09-16T21:27:35.249759+00:00,kube-system,local-path-provisioner-5d9d9885bc-wxvl4,1.0,15728640
2026-09-16T21:27:35.249759+00:00,kube-system,metrics-server-75dc6f8d87-k68rp,28.0,235929600
2026-09-16T21:27:35.249759+00:00,kube-system,svclb-traefik-9eca1d7e-rh8j2,0.0,0
2026-09-16T21:27:35.249759+00:00,kube-system,traefik-9bcdbbd9-j58m7,12.0,238026752
2026-09-16T21:27:35.249759+00:00,pyroscope,pyroscope-0,9.0,159383552
2026-09-16T21:27:35.249759+00:00,pyroscope,pyroscope-alloy-0,32.0,370147328
2026-09-16T21:28:06.506804+00:00,grove-system,grove-operator-7dc7f7d44b-psqff,473.0,767557632
2026-09-16T21:28:06.506804+00:00,kai-scheduler,admission-86666f457d-bh444,1.0,16777216
2026-09-16T21:28:06.506804+00:00,kai-scheduler,binder-869fc94c7-rfgfb,25.0,200278016
2026-09-16T21:28:06.506804+00:00,kai-scheduler,kai-operator-69b5d7bcf7-2mxdj,1.0,124780544
2026-09-16T21:28:06.506804+00:00,kai-scheduler,kai-scheduler-default-768f44b48c-cknk4,37.0,379584512
2026-09-16T21:28:06.506804+00:00,kai-scheduler,pod-grouper-65456f756-78scb,1.0,11534336
2026-09-16T21:28:06.506804+00:00,kai-scheduler,podgroup-controller-68f9cc8dbf-fdxdx,1.0,13631488
2026-09-16T21:28:06.506804+00:00,kai-scheduler,queue-controller-f86fcd76c-thqpj,1.0,11534336
2026-09-16T21:28:06.506804+00:00,kube-system,coredns-8db54c48d-rkl6z,8.0,53477376
2026-09-16T21:28:06.506804+00:00,kube-system,kwok-controller-5cf8c7c44b-688q7,91.0,78643200
2026-09-16T21:28:06.506804+00:00,kube-system,local-path-provisioner-5d9d9885bc-wxvl4,1.0,15728640
2026-09-16T21:28:06.506804+00:00,kube-system,metrics-server-75dc6f8d87-k68rp,36.0,240123904
2026-09-16T21:28:06.506804+00:00,kube-system,svclb-traefik-9eca1d7e-rh8j2,0.0,0
2026-09-16T21:28:06.506804+00:00,kube-system,traefik-9bcdbbd9-j58m7,24.0,257949696
2026-09-16T21:28:06.506804+00:00,pyroscope,pyroscope-0,7.0,159383552
2026-09-16T21:28:06.506804+00:00,pyroscope,pyroscope-alloy-0,26.0,382730240
2026-09-16T21:28:37.767080+00:00,grove-system,grove-operator-7dc7f7d44b-psqff,484.0,801112064
2026-09-16T21:28:37.767080+00:00,kai-scheduler,admission-86666f457d-bh444,1.0,16777216
2026-09-16T21:28:37.767080+00:00,kai-scheduler,binder-869fc94c7-rfgfb,46.0,146800640
2026-09-16T21:28:37.767080+00:00,kai-scheduler,kai-operator-69b5d7bcf7-2mxdj,3.0,122683392
2026-09-16T21:28:37.767080+00:00,kai-scheduler,kai-scheduler-default-768f44b48c-cknk4,58.0,421527552
2026-09-16T21:28:37.767080+00:00,kai-scheduler,pod-grouper-65456f756-78scb,1.0,11534336
2026-09-16T21:28:37.767080+00:00,kai-scheduler,podgroup-controller-68f9cc8dbf-fdxdx,1.0,13631488
2026-09-16T21:28:37.767080+00:00,kai-scheduler,queue-controller-f86fcd76c-thqpj,1.0,11534336
2026-09-16T21:28:37.767080+00:00,kube-system,coredns-8db54c48d-rkl6z,9.0,54525952
2026-09-16T21:28:37.767080+00:00,kube-system,kwok-controller-5cf8c7c44b-688q7,92.0,79691776
2026-09-16T21:28:37.767080+00:00,kube-system,local-path-provisioner-5d9d9885bc-wxvl4,1.0,15728640
2026-09-16T21:28:37.767080+00:00,kube-system,metrics-server-75dc6f8d87-k68rp,37.0,241172480
2026-09-16T21:28:37.767080+00:00,kube-system,svclb-traefik-9eca1d7e-rh8j2,0.0,0
2026-09-16T21:28:37.767080+00:00,kube-system,traefik-9bcdbbd9-j58m7,12.0,257949696
2026-09-16T21:28:37.767080+00:00,pyroscope,pyroscope-0,8.0,158334976
2026-09-16T21:28:37.767080+00:00,pyroscope,pyroscope-alloy-0,30.0,404750336
2026-09-16T21:29:09.063159+00:00,grove-system,grove-operator-7dc7f7d44b-psqff,554.0,862978048
2026-09-16T21:29:09.063159+00:00,kai-scheduler,admission-86666f457d-bh444,1.0,16777216
2026-09-16T21:29:09.063159+00:00,kai-scheduler,binder-869fc94c7-rfgfb,31.0,165675008
2026-09-16T21:29:09.063159+00:00,kai-scheduler,kai-operator-69b5d7bcf7-2mxdj,1.0,122683392
2026-09-16T21:29:09.063159+00:00,kai-scheduler,kai-scheduler-default-768f44b48c-cknk4,60.0,466616320
2026-09-16T21:29:09.063159+00:00,kai-scheduler,pod-grouper-65456f756-78scb,1.0,11534336
2026-09-16T21:29:09.063159+00:00,kai-scheduler,podgroup-controller-68f9cc8dbf-fdxdx,1.0,13631488
2026-09-16T21:29:09.063159+00:00,kai-scheduler,queue-controller-f86fcd76c-thqpj,1.0,11534336
2026-09-16T21:29:09.063159+00:00,kube-system,coredns-8db54c48d-rkl6z,8.0,53477376
2026-09-16T21:29:09.063159+00:00,kube-system,kwok-controller-5cf8c7c44b-688q7,103.0,78643200
2026-09-16T21:29:09.063159+00:00,kube-system,local-path-provisioner-5d9d9885bc-wxvl4,1.0,15728640
2026-09-16T21:29:09.063159+00:00,kube-system,metrics-server-75dc6f8d87-k68rp,49.0,244318208
2026-09-16T21:29:09.063159+00:00,kube-system,svclb-traefik-9eca1d7e-rh8j2,0.0,0
2026-09-16T21:29:09.063159+00:00,kube-system,traefik-9bcdbbd9-j58m7,12.0,257949696
2026-09-16T21:29:09.063159+00:00,pyroscope,pyroscope-0,6.0,160432128
2026-09-16T21:29:09.063159+00:00,pyroscope,pyroscope-alloy-0,31.0,424673280
2026-09-16T21:29:40.339707+00:00,grove-system,grove-operator-7dc7f7d44b-psqff,546.0,893386752
2026-09-16T21:29:40.339707+00:00,kai-scheduler,admission-86666f457d-bh444,1.0,16777216
2026-09-16T21:29:40.339707+00:00,kai-scheduler,kai-operator-69b5d7bcf7-2mxdj,6.0,123731968
2026-09-16T21:29:40.339707+00:00,kai-scheduler,kai-scheduler-default-768f44b48c-cknk4,87.0,523239424
2026-09-16T21:29:40.339707+00:00,kai-scheduler,pod-grouper-65456f756-78scb,1.0,11534336
2026-09-16T21:29:40.339707+00:00,kai-scheduler,podgroup-controller-68f9cc8dbf-fdxdx,1.0,13631488
2026-09-16T21:29:40.339707+00:00,kai-scheduler,queue-controller-f86fcd76c-thqpj,1.0,11534336
2026-09-16T21:29:40.339707+00:00,kube-system,coredns-8db54c48d-rkl6z,10.0,54525952
2026-09-16T21:29:40.339707+00:00,kube-system,kwok-controller-5cf8c7c44b-688q7,186.0,80740352
2026-09-16T21:29:40.339707+00:00,kube-system,local-path-provisioner-5d9d9885bc-wxvl4,1.0,15728640
2026-09-16T21:29:40.339707+00:00,kube-system,metrics-server-75dc6f8d87-k68rp,54.0,242221056
2026-09-16T21:29:40.339707+00:00,kube-system,svclb-traefik-9eca1d7e-rh8j2,0.0,0
2026-09-16T21:29:40.339707+00:00,kube-system,traefik-9bcdbbd9-j58m7,12.0,257949696
2026-09-16T21:29:40.339707+00:00,pyroscope,pyroscope-0,6.0,160432128
2026-09-16T21:29:40.339707+00:00,pyroscope,pyroscope-alloy-0,59.0,446693376
2026-09-16T21:30:11.610765+00:00,grove-system,grove-operator-7dc7f7d44b-psqff,749.0,961544192
2026-09-16T21:30:11.610765+00:00,kai-scheduler,admission-86666f457d-bh444,1.0,16777216
2026-09-16T21:30:11.610765+00:00,kai-scheduler,kai-operator-69b5d7bcf7-2mxdj,4.0,130023424
2026-09-16T21:30:11.610765+00:00,kai-scheduler,kai-scheduler-default-768f44b48c-cknk4,108.0,429916160
2026-09-16T21:30:11.610765+00:00,kai-scheduler,pod-grouper-65456f756-78scb,1.0,11534336
2026-09-16T21:30:11.610765+00:00,kai-scheduler,podgroup-controller-68f9cc8dbf-fdxdx,1.0,13631488
2026-09-16T21:30:11.610765+00:00,kai-scheduler,queue-controller-f86fcd76c-thqpj,1.0,11534336
2026-09-16T21:30:11.610765+00:00,kube-system,coredns-8db54c48d-rkl6z,9.0,54525952
2026-09-16T21:30:11.610765+00:00,kube-system,kwok-controller-5cf8c7c44b-688q7,155.0,79691776
2026-09-16T21:30:11.610765+00:00,kube-system,local-path-provisioner-5d9d9885bc-wxvl4,1.0,15728640
2026-09-16T21:30:11.610765+00:00,kube-system,metrics-server-75dc6f8d87-k68rp,67.0,247463936
2026-09-16T21:30:11.610765+00:00,kube-system,svclb-traefik-9eca1d7e-rh8j2,0.0,0
2026-09-16T21:30:11.610765+00:00,kube-system,traefik-9bcdbbd9-j58m7,21.0,268435456
2026-09-16T21:30:11.610765+00:00,pyroscope,pyroscope-0,7.0,160432128
2026-09-16T21:30:11.610765+00:00,pyroscope,pyroscope-alloy-0,114.0,506462208
2026-09-16T21:30:43.016267+00:00,grove-system,grove-operator-7dc7f7d44b-psqff,733.0,986710016
2026-09-16T21:30:43.016267+00:00,kai-scheduler,admission-86666f457d-bh444,1.0,16777216
2026-09-16T21:30:43.016267+00:00,kai-scheduler,kai-operator-69b5d7bcf7-2mxdj,6.0,130023424
2026-09-16T21:30:43.016267+00:00,kai-scheduler,kai-scheduler-default-768f44b48c-cknk4,165.0,476053504
2026-09-16T21:30:43.016267+00:00,kai-scheduler,pod-grouper-65456f756-78scb,1.0,11534336
2026-09-16T21:30:43.016267+00:00,kai-scheduler,podgroup-controller-68f9cc8dbf-fdxdx,1.0,13631488
2026-09-16T21:30:43.016267+00:00,kai-scheduler,queue-controller-f86fcd76c-thqpj,1.0,11534336
2026-09-16T21:30:43.016267+00:00,kube-system,coredns-8db54c48d-rkl6z,10.0,56623104
2026-09-16T21:30:43.016267+00:00,kube-system,kwok-controller-5cf8c7c44b-688q7,283.0,78643200
2026-09-16T21:30:43.016267+00:00,kube-system,local-path-provisioner-5d9d9885bc-wxvl4,1.0,15728640
2026-09-16T21:30:43.016267+00:00,kube-system,metrics-server-75dc6f8d87-k68rp,70.0,248512512
2026-09-16T21:30:43.016267+00:00,kube-system,svclb-traefik-9eca1d7e-rh8j2,0.0,0
2026-09-16T21:30:43.016267+00:00,kube-system,traefik-9bcdbbd9-j58m7,13.0,269484032
2026-09-16T21:30:43.016267+00:00,pyroscope,pyroscope-0,8.0,162529280
2026-09-16T21:30:43.016267+00:00,pyroscope,pyroscope-alloy-0,136.0,544210944
2026-09-16T21:31:14.306491+00:00,grove-system,grove-operator-7dc7f7d44b-psqff,1058.0,1011875840
2026-09-16T21:31:14.306491+00:00,kai-scheduler,admission-86666f457d-bh444,1.0,16777216
2026-09-16T21:31:14.306491+00:00,kai-scheduler,kai-operator-69b5d7bcf7-2mxdj,1.0,130023424
2026-09-16T21:31:14.306491+00:00,kai-scheduler,pod-grouper-65456f756-78scb,1.0,11534336
2026-09-16T21:31:14.306491+00:00,kai-scheduler,podgroup-controller-68f9cc8dbf-fdxdx,1.0,13631488
2026-09-16T21:31:14.306491+00:00,kai-scheduler,queue-controller-f86fcd76c-thqpj,1.0,11534336
2026-09-16T21:31:14.306491+00:00,kube-system,coredns-8db54c48d-rkl6z,9.0,56623104
2026-09-16T21:31:14.306491+00:00,kube-system,kwok-controller-5cf8c7c44b-688q7,296.0,81788928
2026-09-16T21:31:14.306491+00:00,kube-system,local-path-provisioner-5d9d9885bc-wxvl4,1.0,15728640
2026-09-16T21:31:14.306491+00:00,kube-system,metrics-server-75dc6f8d87-k68rp,76.0,255852544
2026-09-16T21:31:14.306491+00:00,kube-system,svclb-traefik-9eca1d7e-rh8j2,0.0,0
2026-09-16T21:31:14.306491+00:00,kube-system,traefik-9bcdbbd9-j58m7,13.0,268435456
2026-09-16T21:31:14.306491+00:00,pyroscope,pyroscope-0,8.0,164626432
2026-09-16T21:31:14.306491+00:00,pyroscope,pyroscope-alloy-0,146.0,566231040
2026-09-16T21:31:45.606397+00:00,grove-system,grove-operator-7dc7f7d44b-psqff,810.0,1018167296
2026-09-16T21:31:45.606397+00:00,kai-scheduler,admission-86666f457d-bh444,1.0,16777216
2026-09-16T21:31:45.606397+00:00,kai-scheduler,kai-operator-69b5d7bcf7-2mxdj,1.0,131072000
2026-09-16T21:31:45.606397+00:00,kai-scheduler,pod-grouper-65456f756-78scb,1.0,11534336
2026-09-16T21:31:45.606397+00:00,kai-scheduler,podgroup-controller-68f9cc8dbf-fdxdx,1.0,13631488
2026-09-16T21:31:45.606397+00:00,kai-scheduler,queue-controller-f86fcd76c-thqpj,1.0,11534336
2026-09-16T21:31:45.606397+00:00,kube-system,coredns-8db54c48d-rkl6z,11.0,58720256
2026-09-16T21:31:45.606397+00:00,kube-system,kwok-controller-5cf8c7c44b-688q7,309.0,79691776
2026-09-16T21:31:45.606397+00:00,kube-system,local-path-provisioner-5d9d9885bc-wxvl4,1.0,15728640
2026-09-16T21:31:45.606397+00:00,kube-system,metrics-server-75dc6f8d87-k68rp,66.0,255852544
2026-09-16T21:31:45.606397+00:00,kube-system,svclb-traefik-9eca1d7e-rh8j2,0.0,0
2026-09-16T21:31:45.606397+00:00,kube-system,traefik-9bcdbbd9-j58m7,12.0,279969792
2026-09-16T21:31:45.606397+00:00,pyroscope,pyroscope-0,8.0,164626432
2026-09-16T21:31:45.606397+00:00,pyroscope,pyroscope-alloy-0,158.0,584056832
2026-09-16T21:32:16.876770+00:00,grove-system,grove-operator-7dc7f7d44b-psqff,703.0,1020264448
2026-09-16T21:32:16.876770+00:00,kai-scheduler,admission-86666f457d-bh444,1.0,16777216
2026-09-16T21:32:16.876770+00:00,kai-scheduler,kai-operator-69b5d7bcf7-2mxdj,11.0,132120576
2026-09-16T21:32:16.876770+00:00,kai-scheduler,pod-grouper-65456f756-78scb,1.0,11534336
2026-09-16T21:32:16.876770+00:00,kai-scheduler,podgroup-controller-68f9cc8dbf-fdxdx,1.0,13631488
2026-09-16T21:32:16.876770+00:00,kai-scheduler,queue-controller-f86fcd76c-thqpj,1.0,11534336
2026-09-16T21:32:16.876770+00:00,kube-system,coredns-8db54c48d-rkl6z,9.0,58720256
2026-09-16T21:32:16.876770+00:00,kube-system,kwok-controller-5cf8c7c44b-688q7,291.0,82837504
2026-09-16T21:32:16.876770+00:00,kube-system,local-path-provisioner-5d9d9885bc-wxvl4,1.0,15728640
2026-09-16T21:32:16.876770+00:00,kube-system,metrics-server-75dc6f8d87-k68rp,66.0,272629760
2026-09-16T21:32:16.876770+00:00,kube-system,svclb-traefik-9eca1d7e-rh8j2,0.0,0
2026-09-16T21:32:16.876770+00:00,kube-system,traefik-9bcdbbd9-j58m7,18.0,286261248
2026-09-16T21:32:16.876770+00:00,pyroscope,pyroscope-0,8.0,164626432
2026-09-16T21:32:16.876770+00:00,pyroscope,pyroscope-alloy-0,169.0,637534208
2026-09-16T21:32:48.147089+00:00,grove-system,grove-operator-7dc7f7d44b-psqff,768.0,1018167296
2026-09-16T21:32:48.147089+00:00,kai-scheduler,admission-86666f457d-bh444,1.0,16777216
2026-09-16T21:32:48.147089+00:00,kai-scheduler,kai-operator-69b5d7bcf7-2mxdj,4.0,133169152
2026-09-16T21:32:48.147089+00:00,kai-scheduler,pod-grouper-65456f756-78scb,1.0,11534336
2026-09-16T21:32:48.147089+00:00,kai-scheduler,podgroup-controller-68f9cc8dbf-fdxdx,1.0,13631488
2026-09-16T21:32:48.147089+00:00,kai-scheduler,queue-controller-f86fcd76c-thqpj,1.0,11534336
2026-09-16T21:32:48.147089+00:00,kube-system,coredns-8db54c48d-rkl6z,10.0,62914560
2026-09-16T21:32:48.147089+00:00,kube-system,kwok-controller-5cf8c7c44b-688q7,314.0,82837504
2026-09-16T21:32:48.147089+00:00,kube-system,local-path-provisioner-5d9d9885bc-wxvl4,1.0,15728640
2026-09-16T21:32:48.147089+00:00,kube-system,metrics-server-75dc6f8d87-k68rp,82.0,286261248
2026-09-16T21:32:48.147089+00:00,kube-system,svclb-traefik-9eca1d7e-rh8j2,0.0,0
2026-09-16T21:32:48.147089+00:00,kube-system,traefik-9bcdbbd9-j58m7,13.0,286261248
2026-09-16T21:32:48.147089+00:00,pyroscope,pyroscope-0,7.0,166723584
2026-09-16T21:32:48.147089+00:00,pyroscope,pyroscope-alloy-0,183.0,637534208
2026-09-16T21:33:19.405736+00:00,grove-system,grove-operator-7dc7f7d44b-psqff,744.0,1030750208
2026-09-16T21:33:19.405736+00:00,kai-scheduler,admission-86666f457d-bh444,1.0,16777216
2026-09-16T21:33:19.405736+00:00,kai-scheduler,kai-operator-69b5d7bcf7-2mxdj,2.0,132120576
2026-09-16T21:33:19.405736+00:00,kai-scheduler,pod-grouper-65456f756-78scb,1.0,11534336
2026-09-16T21:33:19.405736+00:00,kai-scheduler,podgroup-controller-68f9cc8dbf-fdxdx,1.0,13631488
2026-09-16T21:33:19.405736+00:00,kai-scheduler,queue-controller-f86fcd76c-thqpj,1.0,11534336
2026-09-16T21:33:19.405736+00:00,kube-system,coredns-8db54c48d-rkl6z,9.0,61865984
2026-09-16T21:33:19.405736+00:00,kube-system,kwok-controller-5cf8c7c44b-688q7,147.0,83886080
2026-09-16T21:33:19.405736+00:00,kube-system,local-path-provisioner-5d9d9885bc-wxvl4,1.0,15728640
2026-09-16T21:33:19.405736+00:00,kube-system,metrics-server-75dc6f8d87-k68rp,39.0,283115520
2026-09-16T21:33:19.405736+00:00,kube-system,svclb-traefik-9eca1d7e-rh8j2,0.0,0
2026-09-16T21:33:19.405736+00:00,kube-system,traefik-9bcdbbd9-j58m7,12.0,287309824
2026-09-16T21:33:19.405736+00:00,pyroscope,pyroscope-0,22.0,195035136
2026-09-16T21:33:19.405736+00:00,pyroscope,pyroscope-alloy-0,186.0,685768704
2026-09-16T21:33:50.655101+00:00,grove-system,grove-operator-7dc7f7d44b-psqff,93.0,1024458752
2026-09-16T21:33:50.655101+00:00,kai-scheduler,admission-86666f457d-bh444,1.0,16777216
2026-09-16T21:33:50.655101+00:00,kai-scheduler,kai-operator-69b5d7bcf7-2mxdj,5.0,133169152
2026-09-16T21:33:50.655101+00:00,kai-scheduler,pod-grouper-65456f756-78scb,1.0,11534336
2026-09-16T21:33:50.655101+00:00,kai-scheduler,podgroup-controller-68f9cc8dbf-fdxdx,1.0,13631488
2026-09-16T21:33:50.655101+00:00,kai-scheduler,queue-controller-f86fcd76c-thqpj,1.0,11534336
2026-09-16T21:33:50.655101+00:00,kube-system,coredns-8db54c48d-rkl6z,9.0,61865984
2026-09-16T21:33:50.655101+00:00,kube-system,kwok-controller-5cf8c7c44b-688q7,92.0,83886080
2026-09-16T21:33:50.655101+00:00,kube-system,local-path-provisioner-5d9d9885bc-wxvl4,1.0,15728640
2026-09-16T21:33:50.655101+00:00,kube-system,metrics-server-75dc6f8d87-k68rp,38.0,301989888
2026-09-16T21:33:50.655101+00:00,kube-system,svclb-traefik-9eca1d7e-rh8j2,0.0,0
2026-09-16T21:33:50.655101+00:00,kube-system,traefik-9bcdbbd9-j58m7,13.0,287309824
2026-09-16T21:33:50.655101+00:00,pyroscope,pyroscope-0,7.0,165675008
2026-09-16T21:33:50.655101+00:00,pyroscope,pyroscope-alloy-0,71.0,685768704
2026-09-16T21:34:21.903380+00:00,grove-system,grove-operator-7dc7f7d44b-psqff,38.0,1025507328
2026-09-16T21:34:21.903380+00:00,kai-scheduler,admission-86666f457d-bh444,1.0,16777216
2026-09-16T21:34:21.903380+00:00,kai-scheduler,kai-operator-69b5d7bcf7-2mxdj,3.0,133169152
2026-09-16T21:34:21.903380+00:00,kai-scheduler,pod-grouper-65456f756-78scb,1.0,11534336
2026-09-16T21:34:21.903380+00:00,kai-scheduler,podgroup-controller-68f9cc8dbf-fdxdx,1.0,13631488
2026-09-16T21:34:21.903380+00:00,kai-scheduler,queue-controller-f86fcd76c-thqpj,1.0,11534336
2026-09-16T21:34:21.903380+00:00,kube-system,coredns-8db54c48d-rkl6z,9.0,54525952
2026-09-16T21:34:21.903380+00:00,kube-system,kwok-controller-5cf8c7c44b-688q7,82.0,84934656
2026-09-16T21:34:21.903380+00:00,kube-system,local-path-provisioner-5d9d9885bc-wxvl4,1.0,15728640
2026-09-16T21:34:21.903380+00:00,kube-system,metrics-server-75dc6f8d87-k68rp,32.0,301989888
2026-09-16T21:34:21.903380+00:00,kube-system,svclb-traefik-9eca1d7e-rh8j2,0.0,0
2026-09-16T21:34:21.903380+00:00,kube-system,traefik-9bcdbbd9-j58m7,22.0,294649856
2026-09-16T21:34:21.903380+00:00,pyroscope,pyroscope-0,4.0,169869312
2026-09-16T21:34:21.903380+00:00,pyroscope,pyroscope-alloy-0,6.0,685768704
2026-09-16T21:34:53.154564+00:00,grove-system,grove-operator-7dc7f7d44b-psqff,45.0,1026555904
2026-09-16T21:34:53.154564+00:00,kai-scheduler,admission-86666f457d-bh444,1.0,16777216
2026-09-16T21:34:53.154564+00:00,kai-scheduler,kai-operator-69b5d7bcf7-2mxdj,3.0,133169152
2026-09-16T21:34:53.154564+00:00,kai-scheduler,pod-grouper-65456f756-78scb,1.0,11534336
2026-09-16T21:34:53.154564+00:00,kai-scheduler,podgroup-controller-68f9cc8dbf-fdxdx,1.0,13631488
2026-09-16T21:34:53.154564+00:00,kai-scheduler,queue-controller-f86fcd76c-thqpj,1.0,11534336
2026-09-16T21:34:53.154564+00:00,kube-system,coredns-8db54c48d-rkl6z,9.0,53477376
2026-09-16T21:34:53.154564+00:00,kube-system,kwok-controller-5cf8c7c44b-688q7,98.0,77594624
2026-09-16T21:34:53.154564+00:00,kube-system,local-path-provisioner-5d9d9885bc-wxvl4,1.0,15728640
2026-09-16T21:34:53.154564+00:00,kube-system,metrics-server-75dc6f8d87-k68rp,28.0,303038464
2026-09-16T21:34:53.154564+00:00,kube-system,svclb-traefik-9eca1d7e-rh8j2,0.0,0
2026-09-16T21:34:53.154564+00:00,kube-system,traefik-9bcdbbd9-j58m7,13.0,294649856
2026-09-16T21:34:53.154564+00:00,pyroscope,pyroscope-0,6.0,171966464
2026-09-16T21:34:53.154564+00:00,pyroscope,pyroscope-alloy-0,5.0,685768704
2026-09-16T21:35:24.411535+00:00,grove-system,grove-operator-7dc7f7d44b-psqff,81.0,1023410176
2026-09-16T21:35:24.411535+00:00,kai-scheduler,admission-86666f457d-bh444,1.0,16777216
2026-09-16T21:35:24.411535+00:00,kai-scheduler,kai-operator-69b5d7bcf7-2mxdj,3.0,134217728
2026-09-16T21:35:24.411535+00:00,kai-scheduler,pod-grouper-65456f756-78scb,1.0,11534336
2026-09-16T21:35:24.411535+00:00,kai-scheduler,podgroup-controller-68f9cc8dbf-fdxdx,1.0,13631488
2026-09-16T21:35:24.411535+00:00,kai-scheduler,queue-controller-f86fcd76c-thqpj,1.0,11534336
2026-09-16T21:35:24.411535+00:00,kube-system,coredns-8db54c48d-rkl6z,9.0,52428800
2026-09-16T21:35:24.411535+00:00,kube-system,kwok-controller-5cf8c7c44b-688q7,99.0,79691776
2026-09-16T21:35:24.411535+00:00,kube-system,local-path-provisioner-5d9d9885bc-wxvl4,1.0,15728640
2026-09-16T21:35:24.411535+00:00,kube-system,metrics-server-75dc6f8d87-k68rp,27.0,309329920
2026-09-16T21:35:24.411535+00:00,kube-system,svclb-traefik-9eca1d7e-rh8j2,0.0,0
2026-09-16T21:35:24.411535+00:00,kube-system,traefik-9bcdbbd9-j58m7,13.0,293601280
2026-09-16T21:35:24.411535+00:00,pyroscope,pyroscope-0,6.0,171966464
2026-09-16T21:35:24.411535+00:00,pyroscope,pyroscope-alloy-0,6.0,691011584
2026-09-16T21:35:55.665668+00:00,grove-system,grove-operator-7dc7f7d44b-psqff,100.0,1007681536
2026-09-16T21:35:55.665668+00:00,kai-scheduler,admission-86666f457d-bh444,1.0,16777216
2026-09-16T21:35:55.665668+00:00,kai-scheduler,kai-operator-69b5d7bcf7-2mxdj,3.0,134217728
2026-09-16T21:35:55.665668+00:00,kai-scheduler,pod-grouper-65456f756-78scb,1.0,11534336
2026-09-16T21:35:55.665668+00:00,kai-scheduler,podgroup-controller-68f9cc8dbf-fdxdx,1.0,13631488
2026-09-16T21:35:55.665668+00:00,kai-scheduler,queue-controller-f86fcd76c-thqpj,1.0,11534336
2026-09-16T21:35:55.665668+00:00,kube-system,coredns-8db54c48d-rkl6z,8.0,53477376
2026-09-16T21:35:55.665668+00:00,kube-system,kwok-controller-5cf8c7c44b-688q7,327.0,80740352
2026-09-16T21:35:55.665668+00:00,kube-system,local-path-provisioner-5d9d9885bc-wxvl4,1.0,17825792
2026-09-16T21:35:55.665668+00:00,kube-system,metrics-server-75dc6f8d87-k68rp,30.0,324009984
2026-09-16T21:35:55.665668+00:00,kube-system,svclb-traefik-9eca1d7e-rh8j2,0.0,0
2026-09-16T21:35:55.665668+00:00,kube-system,traefik-9bcdbbd9-j58m7,11.0,296747008
2026-09-16T21:35:55.665668+00:00,pyroscope,pyroscope-0,5.0,161480704
2026-09-16T21:35:55.665668+00:00,pyroscope,pyroscope-alloy-0,7.0,697303040
2026-09-16T21:36:26.922563+00:00,grove-system,grove-operator-7dc7f7d44b-psqff,34.0,1010827264
2026-09-16T21:36:26.922563+00:00,kai-scheduler,admission-86666f457d-bh444,1.0,16777216
2026-09-16T21:36:26.922563+00:00,kai-scheduler,binder-869fc94c7-rfgfb,100.0,208666624
2026-09-16T21:36:26.922563+00:00,kai-scheduler,kai-operator-69b5d7bcf7-2mxdj,5.0,134217728
2026-09-16T21:36:26.922563+00:00,kai-scheduler,pod-grouper-65456f756-78scb,1.0,11534336
2026-09-16T21:36:26.922563+00:00,kai-scheduler,podgroup-controller-68f9cc8dbf-fdxdx,1.0,13631488
2026-09-16T21:36:26.922563+00:00,kai-scheduler,queue-controller-f86fcd76c-thqpj,1.0,11534336
2026-09-16T21:36:26.922563+00:00,kube-system,coredns-8db54c48d-rkl6z,10.0,53477376
2026-09-16T21:36:26.922563+00:00,kube-system,kwok-controller-5cf8c7c44b-688q7,86.0,79691776
2026-09-16T21:36:26.922563+00:00,kube-system,local-path-provisioner-5d9d9885bc-wxvl4,1.0,17825792
2026-09-16T21:36:26.922563+00:00,kube-system,metrics-server-75dc6f8d87-k68rp,23.0,322961408
2026-09-16T21:36:26.922563+00:00,kube-system,svclb-traefik-9eca1d7e-rh8j2,0.0,0
2026-09-16T21:36:26.922563+00:00,kube-system,traefik-9bcdbbd9-j58m7,12.0,296747008
2026-09-16T21:36:26.922563+00:00,pyroscope,pyroscope-0,5.0,160432128
2026-09-16T21:36:26.922563+00:00,pyroscope,pyroscope-alloy-0,53.0,714080256
2026-09-16T21:36:58.180702+00:00,grove-system,grove-operator-7dc7f7d44b-psqff,34.0,1008730112
2026-09-16T21:36:58.180702+00:00,kai-scheduler,admission-86666f457d-bh444,1.0,16777216
2026-09-16T21:36:58.180702+00:00,kai-scheduler,kai-operator-69b5d7bcf7-2mxdj,5.0,130023424
2026-09-16T21:36:58.180702+00:00,kai-scheduler,pod-grouper-65456f756-78scb,1.0,11534336
2026-09-16T21:36:58.180702+00:00,kai-scheduler,podgroup-controller-68f9cc8dbf-fdxdx,1.0,13631488
2026-09-16T21:36:58.180702+00:00,kai-scheduler,queue-controller-f86fcd76c-thqpj,1.0,11534336
2026-09-16T21:36:58.180702+00:00,kube-system,coredns-8db54c48d-rkl6z,7.0,53477376
2026-09-16T21:36:58.180702+00:00,kube-system,kwok-controller-5cf8c7c44b-688q7,84.0,79691776
2026-09-16T21:36:58.180702+00:00,kube-system,local-path-provisioner-5d9d9885bc-wxvl4,1.0,17825792
2026-09-16T21:36:58.180702+00:00,kube-system,metrics-server-75dc6f8d87-k68rp,29.0,322961408
2026-09-16T21:36:58.180702+00:00,kube-system,svclb-traefik-9eca1d7e-rh8j2,0.0,0
2026-09-16T21:36:58.180702+00:00,kube-system,traefik-9bcdbbd9-j58m7,8.0,297795584
2026-09-16T21:36:58.180702+00:00,pyroscope,pyroscope-0,6.0,160432128
2026-09-16T21:36:58.180702+00:00,pyroscope,pyroscope-alloy-0,22.0,714080256
2026-09-16T21:37:29.434572+00:00,grove-system,grove-operator-7dc7f7d44b-psqff,38.0,1012924416
2026-09-16T21:37:29.434572+00:00,kai-scheduler,admission-86666f457d-bh444,1.0,16777216
2026-09-16T21:37:29.434572+00:00,kai-scheduler,kai-operator-69b5d7bcf7-2mxdj,3.0,130023424
2026-09-16T21:37:29.434572+00:00,kai-scheduler,pod-grouper-65456f756-78scb,1.0,11534336
2026-09-16T21:37:29.434572+00:00,kai-scheduler,podgroup-controller-68f9cc8dbf-fdxdx,1.0,13631488
2026-09-16T21:37:29.434572+00:00,kai-scheduler,queue-controller-f86fcd76c-thqpj,1.0,11534336
2026-09-16T21:37:29.434572+00:00,kube-system,coredns-8db54c48d-rkl6z,3.0,53477376
2026-09-16T21:37:29.434572+00:00,kube-system,kwok-controller-5cf8c7c44b-688q7,78.0,82837504
2026-09-16T21:37:29.434572+00:00,kube-system,local-path-provisioner-5d9d9885bc-wxvl4,1.0,17825792
2026-09-16T21:37:29.434572+00:00,kube-system,metrics-server-75dc6f8d87-k68rp,36.0,322961408
2026-09-16T21:37:29.434572+00:00,kube-system,svclb-traefik-9eca1d7e-rh8j2,0.0,0
2026-09-16T21:37:29.434572+00:00,kube-system,traefik-9bcdbbd9-j58m7,5.0,295698432
2026-09-16T21:37:29.434572+00:00,pyroscope,pyroscope-0,5.0,162529280
2026-09-16T21:37:29.434572+00:00,pyroscope,pyroscope-alloy-0,6.0,714080256
2026-09-16T21:38:00.681521+00:00,grove-system,grove-operator-7dc7f7d44b-psqff,78.0,1007681536
2026-09-16T21:38:00.681521+00:00,kai-scheduler,admission-86666f457d-bh444,1.0,16777216
2026-09-16T21:38:00.681521+00:00,kai-scheduler,kai-operator-69b5d7bcf7-2mxdj,4.0,130023424
2026-09-16T21:38:00.681521+00:00,kai-scheduler,pod-grouper-65456f756-78scb,1.0,11534336
2026-09-16T21:38:00.681521+00:00,kai-scheduler,podgroup-controller-68f9cc8dbf-fdxdx,1.0,13631488
2026-09-16T21:38:00.681521+00:00,kai-scheduler,queue-controller-f86fcd76c-thqpj,1.0,11534336
2026-09-16T21:38:00.681521+00:00,kube-system,coredns-8db54c48d-rkl6z,3.0,52428800
2026-09-16T21:38:00.681521+00:00,kube-system,kwok-controller-5cf8c7c44b-688q7,79.0,81788928
2026-09-16T21:38:00.681521+00:00,kube-system,local-path-provisioner-5d9d9885bc-wxvl4,1.0,17825792
2026-09-16T21:38:00.681521+00:00,kube-system,metrics-server-75dc6f8d87-k68rp,29.0,322961408
2026-09-16T21:38:00.681521+00:00,kube-system,svclb-traefik-9eca1d7e-rh8j2,0.0,0
2026-09-16T21:38:00.681521+00:00,kube-system,traefik-9bcdbbd9-j58m7,13.0,298844160
2026-09-16T21:38:00.681521+00:00,pyroscope,pyroscope-0,5.0,164626432
2026-09-16T21:38:00.681521+00:00,pyroscope,pyroscope-alloy-0,48.0,695205888
2026-09-16T21:38:31.934852+00:00,grove-system,grove-operator-7dc7f7d44b-psqff,46.0,1009778688
2026-09-16T21:38:31.934852+00:00,kai-scheduler,admission-86666f457d-bh444,1.0,16777216
2026-09-16T21:38:31.934852+00:00,kai-scheduler,kai-operator-69b5d7bcf7-2mxdj,3.0,130023424
2026-09-16T21:38:31.934852+00:00,kai-scheduler,pod-grouper-65456f756-78scb,1.0,11534336
2026-09-16T21:38:31.934852+00:00,kai-scheduler,podgroup-controller-68f9cc8dbf-fdxdx,1.0,13631488
2026-09-16T21:38:31.934852+00:00,kai-scheduler,queue-controller-f86fcd76c-thqpj,1.0,11534336
2026-09-16T21:38:31.934852+00:00,kube-system,coredns-8db54c48d-rkl6z,3.0,51380224
2026-09-16T21:38:31.934852+00:00,kube-system,kwok-controller-5cf8c7c44b-688q7,87.0,82837504
2026-09-16T21:38:31.934852+00:00,kube-system,local-path-provisioner-5d9d9885bc-wxvl4,1.0,17825792
2026-09-16T21:38:31.934852+00:00,kube-system,metrics-server-75dc6f8d87-k68rp,28.0,325058560
2026-09-16T21:38:31.934852+00:00,kube-system,svclb-traefik-9eca1d7e-rh8j2,0.0,0
2026-09-16T21:38:31.934852+00:00,kube-system,traefik-9bcdbbd9-j58m7,3.0,297795584
2026-09-16T21:38:31.934852+00:00,pyroscope,pyroscope-0,5.0,164626432
2026-09-16T21:38:31.934852+00:00,pyroscope,pyroscope-alloy-0,6.0,695205888
2026-09-16T21:39:03.181425+00:00,grove-system,grove-operator-7dc7f7d44b-psqff,94.0,1004535808
2026-09-16T21:39:03.181425+00:00,kai-scheduler,admission-86666f457d-bh444,1.0,16777216
2026-09-16T21:39:03.181425+00:00,kai-scheduler,kai-operator-69b5d7bcf7-2mxdj,7.0,118489088
2026-09-16T21:39:03.181425+00:00,kai-scheduler,pod-grouper-65456f756-78scb,1.0,11534336
2026-09-16T21:39:03.181425+00:00,kai-scheduler,podgroup-controller-68f9cc8dbf-fdxdx,1.0,13631488
2026-09-16T21:39:03.181425+00:00,kai-scheduler,queue-controller-f86fcd76c-thqpj,1.0,11534336
2026-09-16T21:39:03.181425+00:00,kube-system,coredns-8db54c48d-rkl6z,3.0,52428800
2026-09-16T21:39:03.181425+00:00,kube-system,kwok-controller-5cf8c7c44b-688q7,88.0,81788928
2026-09-16T21:39:03.181425+00:00,kube-system,local-path-provisioner-5d9d9885bc-wxvl4,1.0,17825792
2026-09-16T21:39:03.181425+00:00,kube-system,metrics-server-75dc6f8d87-k68rp,27.0,324009984
2026-09-16T21:39:03.181425+00:00,kube-system,svclb-traefik-9eca1d7e-rh8j2,0.0,0
2026-09-16T21:39:03.181425+00:00,kube-system,traefik-9bcdbbd9-j58m7,4.0,297795584
2026-09-16T21:39:03.181425+00:00,pyroscope,pyroscope-0,7.0,162529280
2026-09-16T21:39:03.181425+00:00,pyroscope,pyroscope-alloy-0,36.0,675282944
2026-09-16T21:39:34.425202+00:00,grove-system,grove-operator-7dc7f7d44b-psqff,58.0,991952896
2026-09-16T21:39:34.425202+00:00,kai-scheduler,admission-86666f457d-bh444,1.0,16777216
2026-09-16T21:39:34.425202+00:00,kai-scheduler,kai-operator-69b5d7bcf7-2mxdj,3.0,118489088
2026-09-16T21:39:34.425202+00:00,kai-scheduler,pod-grouper-65456f756-78scb,1.0,11534336
2026-09-16T21:39:34.425202+00:00,kai-scheduler,podgroup-controller-68f9cc8dbf-fdxdx,1.0,13631488
2026-09-16T21:39:34.425202+00:00,kai-scheduler,queue-controller-f86fcd76c-thqpj,1.0,11534336
2026-09-16T21:39:34.425202+00:00,kube-system,coredns-8db54c48d-rkl6z,3.0,52428800
2026-09-16T21:39:34.425202+00:00,kube-system,kwok-controller-5cf8c7c44b-688q7,92.0,82837504
2026-09-16T21:39:34.425202+00:00,kube-system,local-path-provisioner-5d9d9885bc-wxvl4,1.0,17825792
2026-09-16T21:39:34.425202+00:00,kube-system,metrics-server-75dc6f8d87-k68rp,29.0,322961408
2026-09-16T21:39:34.425202+00:00,kube-system,svclb-traefik-9eca1d7e-rh8j2,0.0,0
2026-09-16T21:39:34.425202+00:00,kube-system,traefik-9bcdbbd9-j58m7,3.0,297795584
2026-09-16T21:39:34.425202+00:00,pyroscope,pyroscope-0,6.0,164626432
2026-09-16T21:39:34.425202+00:00,pyroscope,pyroscope-alloy-0,6.0,675282944
2026-09-16T21:40:05.676091+00:00,grove-system,grove-operator-7dc7f7d44b-psqff,35.0,995098624
2026-09-16T21:40:05.676091+00:00,kai-scheduler,admission-86666f457d-bh444,1.0,16777216
2026-09-16T21:40:05.676091+00:00,kai-scheduler,kai-operator-69b5d7bcf7-2mxdj,3.0,117440512
2026-09-16T21:40:05.676091+00:00,kai-scheduler,pod-grouper-65456f756-78scb,1.0,11534336
2026-09-16T21:40:05.676091+00:00,kai-scheduler,podgroup-controller-68f9cc8dbf-fdxdx,1.0,13631488
2026-09-16T21:40:05.676091+00:00,kai-scheduler,queue-controller-f86fcd76c-thqpj,1.0,11534336
2026-09-16T21:40:05.676091+00:00,kube-system,coredns-8db54c48d-rkl6z,4.0,52428800
2026-09-16T21:40:05.676091+00:00,kube-system,kwok-controller-5cf8c7c44b-688q7,85.0,82837504
2026-09-16T21:40:05.676091+00:00,kube-system,local-path-provisioner-5d9d9885bc-wxvl4,1.0,17825792
2026-09-16T21:40:05.676091+00:00,kube-system,metrics-server-75dc6f8d87-k68rp,37.0,322961408
2026-09-16T21:40:05.676091+00:00,kube-system,svclb-traefik-9eca1d7e-rh8j2,0.0,0
2026-09-16T21:40:05.676091+00:00,kube-system,traefik-9bcdbbd9-j58m7,3.0,297795584
2026-09-16T21:40:05.676091+00:00,pyroscope,pyroscope-0,5.0,165675008
2026-09-16T21:40:05.676091+00:00,pyroscope,pyroscope-alloy-0,6.0,657457152
2026-09-16T21:40:36.920103+00:00,grove-system,grove-operator-7dc7f7d44b-psqff,36.0,999292928
2026-09-16T21:40:36.920103+00:00,kai-scheduler,admission-86666f457d-bh444,1.0,16777216
2026-09-16T21:40:36.920103+00:00,kai-scheduler,kai-operator-69b5d7bcf7-2mxdj,3.0,117440512
2026-09-16T21:40:36.920103+00:00,kai-scheduler,pod-grouper-65456f756-78scb,1.0,11534336
2026-09-16T21:40:36.920103+00:00,kai-scheduler,podgroup-controller-68f9cc8dbf-fdxdx,1.0,13631488
2026-09-16T21:40:36.920103+00:00,kai-scheduler,queue-controller-f86fcd76c-thqpj,1.0,11534336
2026-09-16T21:40:36.920103+00:00,kube-system,coredns-8db54c48d-rkl6z,4.0,52428800
2026-09-16T21:40:36.920103+00:00,kube-system,kwok-controller-5cf8c7c44b-688q7,89.0,83886080
2026-09-16T21:40:36.920103+00:00,kube-system,local-path-provisioner-5d9d9885bc-wxvl4,1.0,17825792
2026-09-16T21:40:36.920103+00:00,kube-system,metrics-server-75dc6f8d87-k68rp,28.0,324009984
2026-09-16T21:40:36.920103+00:00,kube-system,svclb-traefik-9eca1d7e-rh8j2,0.0,0
2026-09-16T21:40:36.920103+00:00,kube-system,traefik-9bcdbbd9-j58m7,3.0,277872640
2026-09-16T21:40:36.920103+00:00,pyroscope,pyroscope-0,5.0,165675008
2026-09-16T21:40:36.920103+00:00,pyroscope,pyroscope-alloy-0,5.0,600834048
2026-09-16T21:41:08.166956+00:00,grove-system,grove-operator-7dc7f7d44b-psqff,44.0,1002438656
2026-09-16T21:41:08.166956+00:00,kai-scheduler,admission-86666f457d-bh444,1.0,16777216
2026-09-16T21:41:08.166956+00:00,kai-scheduler,kai-operator-69b5d7bcf7-2mxdj,4.0,106954752
2026-09-16T21:41:08.166956+00:00,kai-scheduler,pod-grouper-65456f756-78scb,1.0,11534336
2026-09-16T21:41:08.166956+00:00,kai-scheduler,podgroup-controller-68f9cc8dbf-fdxdx,1.0,13631488
2026-09-16T21:41:08.166956+00:00,kai-scheduler,queue-controller-f86fcd76c-thqpj,1.0,11534336
2026-09-16T21:41:08.166956+00:00,kube-system,coredns-8db54c48d-rkl6z,4.0,53477376
2026-09-16T21:41:08.166956+00:00,kube-system,kwok-controller-5cf8c7c44b-688q7,88.0,84934656
2026-09-16T21:41:08.166956+00:00,kube-system,local-path-provisioner-5d9d9885bc-wxvl4,1.0,17825792
2026-09-16T21:41:08.166956+00:00,kube-system,metrics-server-75dc6f8d87-k68rp,37.0,324009984
2026-09-16T21:41:08.166956+00:00,kube-system,svclb-traefik-9eca1d7e-rh8j2,0.0,0
2026-09-16T21:41:08.166956+00:00,kube-system,traefik-9bcdbbd9-j58m7,3.0,277872640
2026-09-16T21:41:08.166956+00:00,pyroscope,pyroscope-0,5.0,166723584
2026-09-16T21:41:08.166956+00:00,pyroscope,pyroscope-alloy-0,24.0,551550976
2026-09-16T21:41:39.414865+00:00,grove-system,grove-operator-7dc7f7d44b-psqff,64.0,991952896
2026-09-16T21:41:39.414865+00:00,kai-scheduler,admission-86666f457d-bh444,1.0,16777216
2026-09-16T21:41:39.414865+00:00,kai-scheduler,kai-operator-69b5d7bcf7-2mxdj,2.0,105906176
2026-09-16T21:41:39.414865+00:00,kai-scheduler,pod-grouper-65456f756-78scb,1.0,11534336
2026-09-16T21:41:39.414865+00:00,kai-scheduler,podgroup-controller-68f9cc8dbf-fdxdx,1.0,13631488
2026-09-16T21:41:39.414865+00:00,kai-scheduler,queue-controller-f86fcd76c-thqpj,1.0,11534336
2026-09-16T21:41:39.414865+00:00,kube-system,coredns-8db54c48d-rkl6z,3.0,52428800
2026-09-16T21:41:39.414865+00:00,kube-system,kwok-controller-5cf8c7c44b-688q7,102.0,82837504
2026-09-16T21:41:39.414865+00:00,kube-system,local-path-provisioner-5d9d9885bc-wxvl4,1.0,17825792
2026-09-16T21:41:39.414865+00:00,kube-system,metrics-server-75dc6f8d87-k68rp,34.0,325058560
2026-09-16T21:41:39.414865+00:00,kube-system,svclb-traefik-9eca1d7e-rh8j2,0.0,0
2026-09-16T21:41:39.414865+00:00,kube-system,traefik-9bcdbbd9-j58m7,3.0,277872640
2026-09-16T21:41:39.414865+00:00,pyroscope,pyroscope-0,5.0,168820736
2026-09-16T21:41:39.414865+00:00,pyroscope,pyroscope-alloy-0,97.0,521142272
2026-09-16T21:42:10.665545+00:00,grove-system,grove-operator-7dc7f7d44b-psqff,52.0,987758592
2026-09-16T21:42:10.665545+00:00,kai-scheduler,admission-86666f457d-bh444,1.0,16777216
2026-09-16T21:42:10.665545+00:00,kai-scheduler,kai-operator-69b5d7bcf7-2mxdj,3.0,110100480
2026-09-16T21:42:10.665545+00:00,kai-scheduler,pod-grouper-65456f756-78scb,1.0,11534336
2026-09-16T21:42:10.665545+00:00,kai-scheduler,podgroup-controller-68f9cc8dbf-fdxdx,1.0,13631488
2026-09-16T21:42:10.665545+00:00,kai-scheduler,queue-controller-f86fcd76c-thqpj,1.0,11534336
2026-09-16T21:42:10.665545+00:00,kube-system,coredns-8db54c48d-rkl6z,3.0,52428800
2026-09-16T21:42:10.665545+00:00,kube-system,kwok-controller-5cf8c7c44b-688q7,117.0,84934656
2026-09-16T21:42:10.665545+00:00,kube-system,local-path-provisioner-5d9d9885bc-wxvl4,1.0,17825792
2026-09-16T21:42:10.665545+00:00,kube-system,metrics-server-75dc6f8d87-k68rp,47.0,326107136
2026-09-16T21:42:10.665545+00:00,kube-system,svclb-traefik-9eca1d7e-rh8j2,0.0,0
2026-09-16T21:42:10.665545+00:00,kube-system,traefik-9bcdbbd9-j58m7,8.0,275775488
2026-09-16T21:42:10.665545+00:00,pyroscope,pyroscope-0,6.0,169869312
2026-09-16T21:42:10.665545+00:00,pyroscope,pyroscope-alloy-0,148.0,468713472
2026-09-16T21:42:41.913577+00:00,grove-system,grove-operator-7dc7f7d44b-psqff,20.0,991952896
2026-09-16T21:42:41.913577+00:00,kai-scheduler,admission-86666f457d-bh444,1.0,16777216
2026-09-16T21:42:41.913577+00:00,kai-scheduler,kai-operator-69b5d7bcf7-2mxdj,1.0,110100480
2026-09-16T21:42:41.913577+00:00,kai-scheduler,pod-grouper-65456f756-78scb,1.0,11534336
2026-09-16T21:42:41.913577+00:00,kai-scheduler,podgroup-controller-68f9cc8dbf-fdxdx,1.0,13631488
2026-09-16T21:42:41.913577+00:00,kai-scheduler,queue-controller-f86fcd76c-thqpj,1.0,11534336
2026-09-16T21:42:41.913577+00:00,kube-system,coredns-8db54c48d-rkl6z,3.0,52428800
2026-09-16T21:42:41.913577+00:00,kube-system,kwok-controller-5cf8c7c44b-688q7,129.0,83886080
2026-09-16T21:42:41.913577+00:00,kube-system,local-path-provisioner-5d9d9885bc-wxvl4,1.0,17825792
2026-09-16T21:42:41.913577+00:00,kube-system,metrics-server-75dc6f8d87-k68rp,52.0,325058560
2026-09-16T21:42:41.913577+00:00,kube-system,svclb-traefik-9eca1d7e-rh8j2,0.0,0
2026-09-16T21:42:41.913577+00:00,kube-system,traefik-9bcdbbd9-j58m7,3.0,274726912
2026-09-16T21:42:41.913577+00:00,pyroscope,pyroscope-0,5.0,169869312
2026-09-16T21:42:41.913577+00:00,pyroscope,pyroscope-alloy-0,140.0,447741952
2026-09-16T21:43:13.162293+00:00,grove-system,grove-operator-7dc7f7d44b-psqff,24.0,998244352
2026-09-16T21:43:13.162293+00:00,kai-scheduler,admission-86666f457d-bh444,1.0,16777216
2026-09-16T21:43:13.162293+00:00,kai-scheduler,kai-operator-69b5d7bcf7-2mxdj,1.0,116391936
2026-09-16T21:43:13.162293+00:00,kai-scheduler,pod-grouper-65456f756-78scb,1.0,11534336
2026-09-16T21:43:13.162293+00:00,kai-scheduler,podgroup-controller-68f9cc8dbf-fdxdx,1.0,13631488
2026-09-16T21:43:13.162293+00:00,kai-scheduler,queue-controller-f86fcd76c-thqpj,1.0,11534336
2026-09-16T21:43:13.162293+00:00,kube-system,coredns-8db54c48d-rkl6z,3.0,52428800
2026-09-16T21:43:13.162293+00:00,kube-system,kwok-controller-5cf8c7c44b-688q7,110.0,83886080
2026-09-16T21:43:13.162293+00:00,kube-system,local-path-provisioner-5d9d9885bc-wxvl4,1.0,17825792
2026-09-16T21:43:13.162293+00:00,kube-system,metrics-server-75dc6f8d87-k68rp,36.0,326107136
2026-09-16T21:43:13.162293+00:00,kube-system,svclb-traefik-9eca1d7e-rh8j2,0.0,0
2026-09-16T21:43:13.162293+00:00,kube-system,traefik-9bcdbbd9-j58m7,3.0,274726912
2026-09-16T21:43:13.162293+00:00,pyroscope,pyroscope-0,5.0,170917888
2026-09-16T21:43:13.162293+00:00,pyroscope,pyroscope-alloy-0,145.0,447741952
2026-09-16T21:43:44.413636+00:00,grove-system,grove-operator-7dc7f7d44b-psqff,25.0,996147200
2026-09-16T21:43:44.413636+00:00,kai-scheduler,admission-86666f457d-bh444,1.0,16777216
2026-09-16T21:43:44.413636+00:00,kai-scheduler,kai-operator-69b5d7bcf7-2mxdj,1.0,116391936
2026-09-16T21:43:44.413636+00:00,kai-scheduler,pod-grouper-65456f756-78scb,1.0,11534336
2026-09-16T21:43:44.413636+00:00,kai-scheduler,podgroup-controller-68f9cc8dbf-fdxdx,1.0,13631488
2026-09-16T21:43:44.413636+00:00,kai-scheduler,queue-controller-f86fcd76c-thqpj,1.0,11534336
2026-09-16T21:43:44.413636+00:00,kube-system,coredns-8db54c48d-rkl6z,4.0,52428800
2026-09-16T21:43:44.413636+00:00,kube-system,kwok-controller-5cf8c7c44b-688q7,114.0,84934656
2026-09-16T21:43:44.413636+00:00,kube-system,local-path-provisioner-5d9d9885bc-wxvl4,1.0,17825792
2026-09-16T21:43:44.413636+00:00,kube-system,metrics-server-75dc6f8d87-k68rp,53.0,326107136
2026-09-16T21:43:44.413636+00:00,kube-system,svclb-traefik-9eca1d7e-rh8j2,0.0,0
2026-09-16T21:43:44.413636+00:00,kube-system,traefik-9bcdbbd9-j58m7,3.0,276824064
2026-09-16T21:43:44.413636+00:00,pyroscope,pyroscope-0,6.0,164626432
2026-09-16T21:43:44.413636+00:00,pyroscope,pyroscope-alloy-0,142.0,456130560
2026-09-16T21:44:15.667903+00:00,grove-system,grove-operator-7dc7f7d44b-psqff,36.0,997195776
2026-09-16T21:44:15.667903+00:00,kai-scheduler,admission-86666f457d-bh444,1.0,16777216
2026-09-16T21:44:15.667903+00:00,kai-scheduler,kai-operator-69b5d7bcf7-2mxdj,1.0,116391936
2026-09-16T21:44:15.667903+00:00,kai-scheduler,pod-grouper-65456f756-78scb,1.0,11534336
2026-09-16T21:44:15.667903+00:00,kai-scheduler,podgroup-controller-68f9cc8dbf-fdxdx,1.0,13631488
2026-09-16T21:44:15.667903+00:00,kai-scheduler,queue-controller-f86fcd76c-thqpj,1.0,11534336
2026-09-16T21:44:15.667903+00:00,kube-system,coredns-8db54c48d-rkl6z,3.0,52428800
2026-09-16T21:44:15.667903+00:00,kube-system,kwok-controller-5cf8c7c44b-688q7,111.0,83886080
2026-09-16T21:44:15.667903+00:00,kube-system,local-path-provisioner-5d9d9885bc-wxvl4,1.0,17825792
2026-09-16T21:44:15.667903+00:00,kube-system,metrics-server-75dc6f8d87-k68rp,42.0,327155712
2026-09-16T21:44:15.667903+00:00,kube-system,svclb-traefik-9eca1d7e-rh8j2,0.0,0
2026-09-16T21:44:15.667903+00:00,kube-system,traefik-9bcdbbd9-j58m7,10.0,271581184
2026-09-16T21:44:15.667903+00:00,pyroscope,pyroscope-0,5.0,167772160
2026-09-16T21:44:15.667903+00:00,pyroscope,pyroscope-alloy-0,139.0,449839104
2026-09-16T21:44:46.916380+00:00,grove-system,grove-operator-7dc7f7d44b-psqff,39.0,982515712
2026-09-16T21:44:46.916380+00:00,kai-scheduler,admission-86666f457d-bh444,1.0,16777216
2026-09-16T21:44:46.916380+00:00,kai-scheduler,kai-operator-69b5d7bcf7-2mxdj,1.0,116391936
2026-09-16T21:44:46.916380+00:00,kai-scheduler,pod-grouper-65456f756-78scb,1.0,11534336
2026-09-16T21:44:46.916380+00:00,kai-scheduler,podgroup-controller-68f9cc8dbf-fdxdx,1.0,13631488
2026-09-16T21:44:46.916380+00:00,kai-scheduler,queue-controller-f86fcd76c-thqpj,1.0,11534336
2026-09-16T21:44:46.916380+00:00,kube-system,coredns-8db54c48d-rkl6z,3.0,52428800
2026-09-16T21:44:46.916380+00:00,kube-system,kwok-controller-5cf8c7c44b-688q7,371.0,93323264
2026-09-16T21:44:46.916380+00:00,kube-system,local-path-provisioner-5d9d9885bc-wxvl4,1.0,17825792
2026-09-16T21:44:46.916380+00:00,kube-system,metrics-server-75dc6f8d87-k68rp,36.0,325058560
2026-09-16T21:44:46.916380+00:00,kube-system,svclb-traefik-9eca1d7e-rh8j2,0.0,0
2026-09-16T21:44:46.916380+00:00,kube-system,traefik-9bcdbbd9-j58m7,3.0,246415360
2026-09-16T21:44:46.916380+00:00,pyroscope,pyroscope-0,6.0,167772160
2026-09-16T21:44:46.916380+00:00,pyroscope,pyroscope-alloy-0,128.0,446693376
2026-09-16T21:45:18.164789+00:00,grove-system,grove-operator-7dc7f7d44b-psqff,32.0,984612864
2026-09-16T21:45:18.164789+00:00,kai-scheduler,admission-86666f457d-bh444,1.0,16777216
2026-09-16T21:45:18.164789+00:00,kai-scheduler,kai-operator-69b5d7bcf7-2mxdj,1.0,106954752
2026-09-16T21:45:18.164789+00:00,kai-scheduler,pod-grouper-65456f756-78scb,1.0,11534336
2026-09-16T21:45:18.164789+00:00,kai-scheduler,podgroup-controller-68f9cc8dbf-fdxdx,1.0,13631488
2026-09-16T21:45:18.164789+00:00,kai-scheduler,queue-controller-f86fcd76c-thqpj,1.0,11534336
2026-09-16T21:45:18.164789+00:00,kube-system,coredns-8db54c48d-rkl6z,3.0,52428800
2026-09-16T21:45:18.164789+00:00,kube-system,kwok-controller-5cf8c7c44b-688q7,161.0,82837504
2026-09-16T21:45:18.164789+00:00,kube-system,local-path-provisioner-5d9d9885bc-wxvl4,1.0,17825792
2026-09-16T21:45:18.164789+00:00,kube-system,metrics-server-75dc6f8d87-k68rp,43.0,324009984
2026-09-16T21:45:18.164789+00:00,kube-system,svclb-traefik-9eca1d7e-rh8j2,0.0,0
2026-09-16T21:45:18.164789+00:00,kube-system,traefik-9bcdbbd9-j58m7,3.0,199229440
2026-09-16T21:45:18.164789+00:00,pyroscope,pyroscope-0,6.0,164626432
2026-09-16T21:45:18.164789+00:00,pyroscope,pyroscope-alloy-0,97.0,448790528
2026-09-16T21:45:49.416727+00:00,grove-system,grove-operator-7dc7f7d44b-psqff,19.0,983564288
2026-09-16T21:45:49.416727+00:00,kai-scheduler,admission-86666f457d-bh444,1.0,16777216
2026-09-16T21:45:49.416727+00:00,kai-scheduler,kai-operator-69b5d7bcf7-2mxdj,1.0,106954752
2026-09-16T21:45:49.416727+00:00,kai-scheduler,pod-grouper-65456f756-78scb,1.0,11534336
2026-09-16T21:45:49.416727+00:00,kai-scheduler,podgroup-controller-68f9cc8dbf-fdxdx,1.0,13631488
2026-09-16T21:45:49.416727+00:00,kai-scheduler,queue-controller-f86fcd76c-thqpj,1.0,11534336
2026-09-16T21:45:49.416727+00:00,kube-system,coredns-8db54c48d-rkl6z,3.0,52428800
2026-09-16T21:45:49.416727+00:00,kube-system,kwok-controller-5cf8c7c44b-688q7,126.0,82837504
2026-09-16T21:45:49.416727+00:00,kube-system,local-path-provisioner-5d9d9885bc-wxvl4,1.0,17825792
2026-09-16T21:45:49.416727+00:00,kube-system,metrics-server-75dc6f8d87-k68rp,41.0,325058560
2026-09-16T21:45:49.416727+00:00,kube-system,svclb-traefik-9eca1d7e-rh8j2,0.0,0
2026-09-16T21:45:49.416727+00:00,kube-system,traefik-9bcdbbd9-j58m7,3.0,199229440
2026-09-16T21:45:49.416727+00:00,pyroscope,pyroscope-0,6.0,168820736
2026-09-16T21:45:49.416727+00:00,pyroscope,pyroscope-alloy-0,124.0,451936256
2026-09-16T21:46:20.668206+00:00,grove-system,grove-operator-7dc7f7d44b-psqff,25.0,991952896
2026-09-16T21:46:20.668206+00:00,kai-scheduler,admission-86666f457d-bh444,1.0,16777216
2026-09-16T21:46:20.668206+00:00,kai-scheduler,kai-operator-69b5d7bcf7-2mxdj,1.0,106954752
2026-09-16T21:46:20.668206+00:00,kai-scheduler,pod-grouper-65456f756-78scb,1.0,11534336
2026-09-16T21:46:20.668206+00:00,kai-scheduler,podgroup-controller-68f9cc8dbf-fdxdx,1.0,13631488
2026-09-16T21:46:20.668206+00:00,kai-scheduler,queue-controller-f86fcd76c-thqpj,1.0,11534336
2026-09-16T21:46:20.668206+00:00,kube-system,coredns-8db54c48d-rkl6z,3.0,52428800
2026-09-16T21:46:20.668206+00:00,kube-system,kwok-controller-5cf8c7c44b-688q7,121.0,82837504
2026-09-16T21:46:20.668206+00:00,kube-system,local-path-provisioner-5d9d9885bc-wxvl4,1.0,17825792
2026-09-16T21:46:20.668206+00:00,kube-system,metrics-server-75dc6f8d87-k68rp,49.0,315621376
2026-09-16T21:46:20.668206+00:00,kube-system,svclb-traefik-9eca1d7e-rh8j2,0.0,0
2026-09-16T21:46:20.668206+00:00,kube-system,traefik-9bcdbbd9-j58m7,9.0,199229440
2026-09-16T21:46:20.668206+00:00,pyroscope,pyroscope-0,6.0,168820736
2026-09-16T21:46:20.668206+00:00,pyroscope,pyroscope-alloy-0,95.0,456130560
2026-09-16T21:46:51.926444+00:00,grove-system,grove-operator-7dc7f7d44b-psqff,25.0,983564288
2026-09-16T21:46:51.926444+00:00,kai-scheduler,admission-86666f457d-bh444,1.0,16777216
2026-09-16T21:46:51.926444+00:00,kai-scheduler,kai-operator-69b5d7bcf7-2mxdj,1.0,98566144
2026-09-16T21:46:51.926444+00:00,kai-scheduler,pod-grouper-65456f756-78scb,1.0,11534336
2026-09-16T21:46:51.926444+00:00,kai-scheduler,podgroup-controller-68f9cc8dbf-fdxdx,1.0,13631488
2026-09-16T21:46:51.926444+00:00,kai-scheduler,queue-controller-f86fcd76c-thqpj,1.0,11534336
2026-09-16T21:46:51.926444+00:00,kube-system,coredns-8db54c48d-rkl6z,3.0,52428800
2026-09-16T21:46:51.926444+00:00,kube-system,kwok-controller-5cf8c7c44b-688q7,106.0,83886080
2026-09-16T21:46:51.926444+00:00,kube-system,local-path-provisioner-5d9d9885bc-wxvl4,1.0,17825792
2026-09-16T21:46:51.926444+00:00,kube-system,metrics-server-75dc6f8d87-k68rp,42.0,316669952
2026-09-16T21:46:51.926444+00:00,kube-system,svclb-traefik-9eca1d7e-rh8j2,0.0,0
2026-09-16T21:46:51.926444+00:00,kube-system,traefik-9bcdbbd9-j58m7,3.0,199229440
2026-09-16T21:46:51.926444+00:00,pyroscope,pyroscope-0,7.0,175112192
2026-09-16T21:46:51.926444+00:00,pyroscope,pyroscope-alloy-0,132.0,449839104
2026-09-16T21:47:23.178018+00:00,grove-system,grove-operator-7dc7f7d44b-psqff,37.0,986710016
2026-09-16T21:47:23.178018+00:00,kai-scheduler,admission-86666f457d-bh444,1.0,16777216
2026-09-16T21:47:23.178018+00:00,kai-scheduler,kai-operator-69b5d7bcf7-2mxdj,4.0,105906176
2026-09-16T21:47:23.178018+00:00,kai-scheduler,pod-grouper-65456f756-78scb,1.0,11534336
2026-09-16T21:47:23.178018+00:00,kai-scheduler,podgroup-controller-68f9cc8dbf-fdxdx,1.0,13631488
2026-09-16T21:47:23.178018+00:00,kai-scheduler,queue-controller-f86fcd76c-thqpj,1.0,11534336
2026-09-16T21:47:23.178018+00:00,kube-system,coredns-8db54c48d-rkl6z,3.0,52428800
2026-09-16T21:47:23.178018+00:00,kube-system,kwok-controller-5cf8c7c44b-688q7,121.0,82837504
2026-09-16T21:47:23.178018+00:00,kube-system,local-path-provisioner-5d9d9885bc-wxvl4,1.0,17825792
2026-09-16T21:47:23.178018+00:00,kube-system,metrics-server-75dc6f8d87-k68rp,42.0,317718528
2026-09-16T21:47:23.178018+00:00,kube-system,svclb-traefik-9eca1d7e-rh8j2,0.0,0
2026-09-16T21:47:23.178018+00:00,kube-system,traefik-9bcdbbd9-j58m7,3.0,199229440
2026-09-16T21:47:23.178018+00:00,pyroscope,pyroscope-0,7.0,174063616
2026-09-16T21:47:23.178018+00:00,pyroscope,pyroscope-alloy-0,115.0,449839104
2026-09-16T21:47:54.435009+00:00,grove-system,grove-operator-7dc7f7d44b-psqff,35.0,967835648
2026-09-16T21:47:54.435009+00:00,kai-scheduler,admission-86666f457d-bh444,1.0,16777216
2026-09-16T21:47:54.435009+00:00,kai-scheduler,kai-operator-69b5d7bcf7-2mxdj,1.0,105906176
2026-09-16T21:47:54.435009+00:00,kai-scheduler,pod-grouper-65456f756-78scb,1.0,11534336
2026-09-16T21:47:54.435009+00:00,kai-scheduler,podgroup-controller-68f9cc8dbf-fdxdx,1.0,13631488
2026-09-16T21:47:54.435009+00:00,kai-scheduler,queue-controller-f86fcd76c-thqpj,1.0,11534336
2026-09-16T21:47:54.435009+00:00,kube-system,coredns-8db54c48d-rkl6z,3.0,52428800
2026-09-16T21:47:54.435009+00:00,kube-system,kwok-controller-5cf8c7c44b-688q7,116.0,82837504
2026-09-16T21:47:54.435009+00:00,kube-system,local-path-provisioner-5d9d9885bc-wxvl4,1.0,17825792
2026-09-16T21:47:54.435009+00:00,kube-system,metrics-server-75dc6f8d87-k68rp,34.0,314572800
2026-09-16T21:47:54.435009+00:00,kube-system,svclb-traefik-9eca1d7e-rh8j2,0.0,0
2026-09-16T21:47:54.435009+00:00,kube-system,traefik-9bcdbbd9-j58m7,4.0,199229440
2026-09-16T21:47:54.435009+00:00,pyroscope,pyroscope-0,5.0,175112192
2026-09-16T21:47:54.435009+00:00,pyroscope,pyroscope-alloy-0,103.0,452984832
2026-09-16T21:48:25.685457+00:00,grove-system,grove-operator-7dc7f7d44b-psqff,17.0,974127104
2026-09-16T21:48:25.685457+00:00,kai-scheduler,admission-86666f457d-bh444,1.0,16777216
2026-09-16T21:48:25.685457+00:00,kai-scheduler,kai-operator-69b5d7bcf7-2mxdj,1.0,105906176
2026-09-16T21:48:25.685457+00:00,kai-scheduler,kai-scheduler-default-768f44b48c-cknk4,98.0,459276288
2026-09-16T21:48:25.685457+00:00,kai-scheduler,pod-grouper-65456f756-78scb,1.0,11534336
2026-09-16T21:48:25.685457+00:00,kai-scheduler,podgroup-controller-68f9cc8dbf-fdxdx,1.0,13631488
2026-09-16T21:48:25.685457+00:00,kai-scheduler,queue-controller-f86fcd76c-thqpj,1.0,11534336
2026-09-16T21:48:25.685457+00:00,kube-system,coredns-8db54c48d-rkl6z,4.0,51380224
2026-09-16T21:48:25.685457+00:00,kube-system,kwok-controller-5cf8c7c44b-688q7,112.0,81788928
2026-09-16T21:48:25.685457+00:00,kube-system,local-path-provisioner-5d9d9885bc-wxvl4,1.0,17825792
2026-09-16T21:48:25.685457+00:00,kube-system,metrics-server-75dc6f8d87-k68rp,46.0,309329920
2026-09-16T21:48:25.685457+00:00,kube-system,svclb-traefik-9eca1d7e-rh8j2,0.0,0
2026-09-16T21:48:25.685457+00:00,kube-system,traefik-9bcdbbd9-j58m7,3.0,199229440
2026-09-16T21:48:25.685457+00:00,pyroscope,pyroscope-0,5.0,175112192
2026-09-16T21:48:25.685457+00:00,pyroscope,pyroscope-alloy-0,123.0,456130560
2026-09-16T21:48:56.930182+00:00,grove-system,grove-operator-7dc7f7d44b-psqff,36.0,962592768
2026-09-16T21:48:56.930182+00:00,kai-scheduler,admission-86666f457d-bh444,1.0,16777216
2026-09-16T21:48:56.930182+00:00,kai-scheduler,kai-operator-69b5d7bcf7-2mxdj,3.0,105906176
2026-09-16T21:48:56.930182+00:00,kai-scheduler,kai-scheduler-default-768f44b48c-cknk4,99.0,418381824
2026-09-16T21:48:56.930182+00:00,kai-scheduler,pod-grouper-65456f756-78scb,1.0,11534336
2026-09-16T21:48:56.930182+00:00,kai-scheduler,podgroup-controller-68f9cc8dbf-fdxdx,1.0,13631488
2026-09-16T21:48:56.930182+00:00,kai-scheduler,queue-controller-f86fcd76c-thqpj,1.0,11534336
2026-09-16T21:48:56.930182+00:00,kube-system,coredns-8db54c48d-rkl6z,3.0,52428800
2026-09-16T21:48:56.930182+00:00,kube-system,kwok-controller-5cf8c7c44b-688q7,118.0,83886080
2026-09-16T21:48:56.930182+00:00,kube-system,local-path-provisioner-5d9d9885bc-wxvl4,1.0,17825792
2026-09-16T21:48:56.930182+00:00,kube-system,metrics-server-75dc6f8d87-k68rp,42.0,307232768
2026-09-16T21:48:56.930182+00:00,kube-system,svclb-traefik-9eca1d7e-rh8j2,0.0,0
2026-09-16T21:48:56.930182+00:00,kube-system,traefik-9bcdbbd9-j58m7,3.0,199229440
2026-09-16T21:48:56.930182+00:00,pyroscope,pyroscope-0,6.0,171966464
2026-09-16T21:48:56.930182+00:00,pyroscope,pyroscope-alloy-0,94.0,454033408
2026-09-16T21:49:28.191318+00:00,grove-system,grove-operator-7dc7f7d44b-psqff,27.0,964689920
2026-09-16T21:49:28.191318+00:00,kai-scheduler,admission-86666f457d-bh444,1.0,16777216
2026-09-16T21:49:28.191318+00:00,kai-scheduler,kai-operator-69b5d7bcf7-2mxdj,1.0,105906176
2026-09-16T21:49:28.191318+00:00,kai-scheduler,kai-scheduler-default-768f44b48c-cknk4,94.0,403701760
2026-09-16T21:49:28.191318+00:00,kai-scheduler,pod-grouper-65456f756-78scb,1.0,11534336
2026-09-16T21:49:28.191318+00:00,kai-scheduler,podgroup-controller-68f9cc8dbf-fdxdx,1.0,13631488
2026-09-16T21:49:28.191318+00:00,kai-scheduler,queue-controller-f86fcd76c-thqpj,1.0,12582912
2026-09-16T21:49:28.191318+00:00,kube-system,coredns-8db54c48d-rkl6z,3.0,52428800
2026-09-16T21:49:28.191318+00:00,kube-system,kwok-controller-5cf8c7c44b-688q7,124.0,81788928
2026-09-16T21:49:28.191318+00:00,kube-system,local-path-provisioner-5d9d9885bc-wxvl4,1.0,17825792
2026-09-16T21:49:28.191318+00:00,kube-system,metrics-server-75dc6f8d87-k68rp,49.0,298844160
2026-09-16T21:49:28.191318+00:00,kube-system,svclb-traefik-9eca1d7e-rh8j2,0.0,0
2026-09-16T21:49:28.191318+00:00,kube-system,traefik-9bcdbbd9-j58m7,3.0,199229440
2026-09-16T21:49:28.191318+00:00,pyroscope,pyroscope-0,6.0,173015040
2026-09-16T21:49:28.191318+00:00,pyroscope,pyroscope-alloy-0,93.0,445644800
2026-09-16T21:49:59.439062+00:00,grove-system,grove-operator-7dc7f7d44b-psqff,61.0,965738496
2026-09-16T21:49:59.439062+00:00,kai-scheduler,admission-86666f457d-bh444,1.0,16777216
2026-09-16T21:49:59.439062+00:00,kai-scheduler,kai-operator-69b5d7bcf7-2mxdj,1.0,105906176
2026-09-16T21:49:59.439062+00:00,kai-scheduler,kai-scheduler-default-768f44b48c-cknk4,86.0,373293056
2026-09-16T21:49:59.439062+00:00,kai-scheduler,pod-grouper-65456f756-78scb,1.0,11534336
2026-09-16T21:49:59.439062+00:00,kai-scheduler,podgroup-controller-68f9cc8dbf-fdxdx,1.0,13631488
2026-09-16T21:49:59.439062+00:00,kai-scheduler,queue-controller-f86fcd76c-thqpj,1.0,12582912
2026-09-16T21:49:59.439062+00:00,kube-system,coredns-8db54c48d-rkl6z,3.0,51380224
2026-09-16T21:49:59.439062+00:00,kube-system,kwok-controller-5cf8c7c44b-688q7,409.0,81788928
2026-09-16T21:49:59.439062+00:00,kube-system,local-path-provisioner-5d9d9885bc-wxvl4,1.0,17825792
2026-09-16T21:49:59.439062+00:00,kube-system,metrics-server-75dc6f8d87-k68rp,46.0,297795584
2026-09-16T21:49:59.439062+00:00,kube-system,svclb-traefik-9eca1d7e-rh8j2,0.0,0
2026-09-16T21:49:59.439062+00:00,kube-system,traefik-9bcdbbd9-j58m7,3.0,199229440
2026-09-16T21:49:59.439062+00:00,pyroscope,pyroscope-0,6.0,173015040
2026-09-16T21:49:59.439062+00:00,pyroscope,pyroscope-alloy-0,111.0,456130560
2026-09-16T21:50:30.698280+00:00,grove-system,grove-operator-7dc7f7d44b-psqff,33.0,945815552
2026-09-16T21:50:30.698280+00:00,kai-scheduler,admission-86666f457d-bh444,1.0,16777216
2026-09-16T21:50:30.698280+00:00,kai-scheduler,kai-operator-69b5d7bcf7-2mxdj,1.0,105906176
2026-09-16T21:50:30.698280+00:00,kai-scheduler,kai-scheduler-default-768f44b48c-cknk4,92.0,402653184
2026-09-16T21:50:30.698280+00:00,kai-scheduler,pod-grouper-65456f756-78scb,1.0,11534336
2026-09-16T21:50:30.698280+00:00,kai-scheduler,podgroup-controller-68f9cc8dbf-fdxdx,1.0,13631488
2026-09-16T21:50:30.698280+00:00,kai-scheduler,queue-controller-f86fcd76c-thqpj,1.0,12582912
2026-09-16T21:50:30.698280+00:00,kube-system,coredns-8db54c48d-rkl6z,5.0,52428800
2026-09-16T21:50:30.698280+00:00,kube-system,kwok-controller-5cf8c7c44b-688q7,156.0,83886080
2026-09-16T21:50:30.698280+00:00,kube-system,local-path-provisioner-5d9d9885bc-wxvl4,1.0,17825792
2026-09-16T21:50:30.698280+00:00,kube-system,metrics-server-75dc6f8d87-k68rp,48.0,294649856
2026-09-16T21:50:30.698280+00:00,kube-system,svclb-traefik-9eca1d7e-rh8j2,0.0,0
2026-09-16T21:50:30.698280+00:00,kube-system,traefik-9bcdbbd9-j58m7,3.0,199229440
2026-09-16T21:50:30.698280+00:00,pyroscope,pyroscope-0,6.0,173015040
2026-09-16T21:50:30.698280+00:00,pyroscope,pyroscope-alloy-0,107.0,448790528
2026-09-16T21:51:01.946232+00:00,grove-system,grove-operator-7dc7f7d44b-psqff,49.0,884998144
2026-09-16T21:51:01.946232+00:00,kai-scheduler,admission-86666f457d-bh444,1.0,16777216
2026-09-16T21:51:01.946232+00:00,kai-scheduler,kai-operator-69b5d7bcf7-2mxdj,1.0,105906176
2026-09-16T21:51:01.946232+00:00,kai-scheduler,kai-scheduler-default-768f44b48c-cknk4,80.0,373293056
2026-09-16T21:51:01.946232+00:00,kai-scheduler,pod-grouper-65456f756-78scb,1.0,11534336
2026-09-16T21:51:01.946232+00:00,kai-scheduler,podgroup-controller-68f9cc8dbf-fdxdx,1.0,13631488
2026-09-16T21:51:01.946232+00:00,kai-scheduler,queue-controller-f86fcd76c-thqpj,1.0,12582912
2026-09-16T21:51:01.946232+00:00,kube-system,coredns-8db54c48d-rkl6z,3.0,52428800
2026-09-16T21:51:01.946232+00:00,kube-system,kwok-controller-5cf8c7c44b-688q7,112.0,81788928
2026-09-16T21:51:01.946232+00:00,kube-system,local-path-provisioner-5d9d9885bc-wxvl4,1.0,17825792
2026-09-16T21:51:01.946232+00:00,kube-system,metrics-server-75dc6f8d87-k68rp,40.0,294649856
2026-09-16T21:51:01.946232+00:00,kube-system,svclb-traefik-9eca1d7e-rh8j2,0.0,0
2026-09-16T21:51:01.946232+00:00,kube-system,traefik-9bcdbbd9-j58m7,3.0,200278016
2026-09-16T21:51:01.946232+00:00,pyroscope,pyroscope-0,13.0,178257920
2026-09-16T21:51:01.946232+00:00,pyroscope,pyroscope-alloy-0,68.0,441450496
2026-09-16T21:51:33.200899+00:00,grove-system,grove-operator-7dc7f7d44b-psqff,67.0,847249408
2026-09-16T21:51:33.200899+00:00,kai-scheduler,admission-86666f457d-bh444,1.0,16777216
2026-09-16T21:51:33.200899+00:00,kai-scheduler,kai-operator-69b5d7bcf7-2mxdj,3.0,103809024
2026-09-16T21:51:33.200899+00:00,kai-scheduler,kai-scheduler-default-768f44b48c-cknk4,78.0,370147328
2026-09-16T21:51:33.200899+00:00,kai-scheduler,pod-grouper-65456f756-78scb,1.0,11534336
2026-09-16T21:51:33.200899+00:00,kai-scheduler,podgroup-controller-68f9cc8dbf-fdxdx,1.0,13631488
2026-09-16T21:51:33.200899+00:00,kai-scheduler,queue-controller-f86fcd76c-thqpj,1.0,12582912
2026-09-16T21:51:33.200899+00:00,kube-system,coredns-8db54c48d-rkl6z,3.0,53477376
2026-09-16T21:51:33.200899+00:00,kube-system,kwok-controller-5cf8c7c44b-688q7,81.0,84934656
2026-09-16T21:51:33.200899+00:00,kube-system,local-path-provisioner-5d9d9885bc-wxvl4,1.0,17825792
2026-09-16T21:51:33.200899+00:00,kube-system,metrics-server-75dc6f8d87-k68rp,28.0,291504128
2026-09-16T21:51:33.200899+00:00,kube-system,svclb-traefik-9eca1d7e-rh8j2,0.0,0
2026-09-16T21:51:33.200899+00:00,kube-system,traefik-9bcdbbd9-j58m7,3.0,199229440
2026-09-16T21:51:33.200899+00:00,pyroscope,pyroscope-0,6.0,171966464
2026-09-16T21:51:33.200899+00:00,pyroscope,pyroscope-alloy-0,8.0,449839104
2026-09-16T21:52:04.453361+00:00,grove-system,grove-operator-7dc7f7d44b-psqff,43.0,819986432
2026-09-16T21:52:04.453361+00:00,kai-scheduler,admission-86666f457d-bh444,1.0,16777216
2026-09-16T21:52:04.453361+00:00,kai-scheduler,kai-operator-69b5d7bcf7-2mxdj,3.0,102760448
2026-09-16T21:52:04.453361+00:00,kai-scheduler,kai-scheduler-default-768f44b48c-cknk4,75.0,361758720
2026-09-16T21:52:04.453361+00:00,kai-scheduler,pod-grouper-65456f756-78scb,1.0,11534336
2026-09-16T21:52:04.453361+00:00,kai-scheduler,podgroup-controller-68f9cc8dbf-fdxdx,1.0,13631488
2026-09-16T21:52:04.453361+00:00,kai-scheduler,queue-controller-f86fcd76c-thqpj,1.0,12582912
2026-09-16T21:52:04.453361+00:00,kube-system,coredns-8db54c48d-rkl6z,3.0,52428800
2026-09-16T21:52:04.453361+00:00,kube-system,kwok-controller-5cf8c7c44b-688q7,85.0,83886080
2026-09-16T21:52:04.453361+00:00,kube-system,local-path-provisioner-5d9d9885bc-wxvl4,1.0,17825792
2026-09-16T21:52:04.453361+00:00,kube-system,metrics-server-75dc6f8d87-k68rp,34.0,289406976
2026-09-16T21:52:04.453361+00:00,kube-system,svclb-traefik-9eca1d7e-rh8j2,0.0,0
2026-09-16T21:52:04.453361+00:00,kube-system,traefik-9bcdbbd9-j58m7,3.0,199229440
2026-09-16T21:52:04.453361+00:00,pyroscope,pyroscope-0,5.0,170917888
2026-09-16T21:52:04.453361+00:00,pyroscope,pyroscope-alloy-0,6.0,468713472
2026-09-16T21:52:35.701997+00:00,grove-system,grove-operator-7dc7f7d44b-psqff,77.0,761266176
2026-09-16T21:52:35.701997+00:00,kai-scheduler,admission-86666f457d-bh444,1.0,16777216
2026-09-16T21:52:35.701997+00:00,kai-scheduler,kai-operator-69b5d7bcf7-2mxdj,5.0,104857600
2026-09-16T21:52:35.701997+00:00,kai-scheduler,kai-scheduler-default-768f44b48c-cknk4,78.0,353370112
2026-09-16T21:52:35.701997+00:00,kai-scheduler,pod-grouper-65456f756-78scb,1.0,11534336
2026-09-16T21:52:35.701997+00:00,kai-scheduler,podgroup-controller-68f9cc8dbf-fdxdx,1.0,13631488
2026-09-16T21:52:35.701997+00:00,kai-scheduler,queue-controller-f86fcd76c-thqpj,1.0,12582912
2026-09-16T21:52:35.701997+00:00,kube-system,coredns-8db54c48d-rkl6z,5.0,52428800
2026-09-16T21:52:35.701997+00:00,kube-system,kwok-controller-5cf8c7c44b-688q7,90.0,82837504
2026-09-16T21:52:35.701997+00:00,kube-system,local-path-provisioner-5d9d9885bc-wxvl4,1.0,18874368
2026-09-16T21:52:35.701997+00:00,kube-system,metrics-server-75dc6f8d87-k68rp,26.0,288358400
2026-09-16T21:52:35.701997+00:00,kube-system,svclb-traefik-9eca1d7e-rh8j2,0.0,0
2026-09-16T21:52:35.701997+00:00,kube-system,traefik-9bcdbbd9-j58m7,3.0,200278016
2026-09-16T21:52:35.701997+00:00,pyroscope,pyroscope-0,5.0,170917888
2026-09-16T21:52:35.701997+00:00,pyroscope,pyroscope-alloy-0,39.0,486539264
2026-09-16T21:53:06.948978+00:00,grove-system,grove-operator-7dc7f7d44b-psqff,66.0,738197504
2026-09-16T21:53:06.948978+00:00,kai-scheduler,admission-86666f457d-bh444,1.0,16777216
2026-09-16T21:53:06.948978+00:00,kai-scheduler,binder-869fc94c7-rfgfb,1.0,193986560
2026-09-16T21:53:06.948978+00:00,kai-scheduler,kai-operator-69b5d7bcf7-2mxdj,4.0,103809024
2026-09-16T21:53:06.948978+00:00,kai-scheduler,kai-scheduler-default-768f44b48c-cknk4,78.0,361758720
2026-09-16T21:53:06.948978+00:00,kai-scheduler,pod-grouper-65456f756-78scb,1.0,11534336
2026-09-16T21:53:06.948978+00:00,kai-scheduler,podgroup-controller-68f9cc8dbf-fdxdx,1.0,13631488
2026-09-16T21:53:06.948978+00:00,kai-scheduler,queue-controller-f86fcd76c-thqpj,1.0,12582912
2026-09-16T21:53:06.948978+00:00,kube-system,coredns-8db54c48d-rkl6z,4.0,53477376
2026-09-16T21:53:06.948978+00:00,kube-system,kwok-controller-5cf8c7c44b-688q7,86.0,84934656
2026-09-16T21:53:06.948978+00:00,kube-system,local-path-provisioner-5d9d9885bc-wxvl4,1.0,17825792
2026-09-16T21:53:06.948978+00:00,kube-system,metrics-server-75dc6f8d87-k68rp,34.0,288358400
2026-09-16T21:53:06.948978+00:00,kube-system,svclb-traefik-9eca1d7e-rh8j2,0.0,0
2026-09-16T21:53:06.948978+00:00,kube-system,traefik-9bcdbbd9-j58m7,4.0,199229440
2026-09-16T21:53:06.948978+00:00,pyroscope,pyroscope-0,6.0,171966464
2026-09-16T21:53:06.948978+00:00,pyroscope,pyroscope-alloy-0,18.0,487587840
2026-09-16T21:53:38.206996+00:00,grove-system,grove-operator-7dc7f7d44b-psqff,96.0,706740224
2026-09-16T21:53:38.206996+00:00,kai-scheduler,admission-86666f457d-bh444,1.0,16777216
2026-09-16T21:53:38.206996+00:00,kai-scheduler,binder-869fc94c7-rfgfb,1.0,193986560
2026-09-16T21:53:38.206996+00:00,kai-scheduler,kai-operator-69b5d7bcf7-2mxdj,3.0,103809024
2026-09-16T21:53:38.206996+00:00,kai-scheduler,kai-scheduler-default-768f44b48c-cknk4,81.0,342884352
2026-09-16T21:53:38.206996+00:00,kai-scheduler,pod-grouper-65456f756-78scb,1.0,11534336
2026-09-16T21:53:38.206996+00:00,kai-scheduler,podgroup-controller-68f9cc8dbf-fdxdx,1.0,13631488
2026-09-16T21:53:38.206996+00:00,kai-scheduler,queue-controller-f86fcd76c-thqpj,1.0,12582912
2026-09-16T21:53:38.206996+00:00,kube-system,coredns-8db54c48d-rkl6z,3.0,52428800
2026-09-16T21:53:38.206996+00:00,kube-system,kwok-controller-5cf8c7c44b-688q7,86.0,82837504
2026-09-16T21:53:38.206996+00:00,kube-system,local-path-provisioner-5d9d9885bc-wxvl4,1.0,17825792
2026-09-16T21:53:38.206996+00:00,kube-system,metrics-server-75dc6f8d87-k68rp,28.0,289406976
2026-09-16T21:53:38.206996+00:00,kube-system,svclb-traefik-9eca1d7e-rh8j2,0.0,0
2026-09-16T21:53:38.206996+00:00,kube-system,traefik-9bcdbbd9-j58m7,4.0,199229440
2026-09-16T21:53:38.206996+00:00,pyroscope,pyroscope-0,6.0,176160768
2026-09-16T21:53:38.206996+00:00,pyroscope,pyroscope-alloy-0,7.0,488636416
2026-09-16T21:54:09.448968+00:00,grove-system,grove-operator-7dc7f7d44b-psqff,94.0,673185792
2026-09-16T21:54:09.448968+00:00,kai-scheduler,admission-86666f457d-bh444,1.0,16777216
2026-09-16T21:54:09.448968+00:00,kai-scheduler,binder-869fc94c7-rfgfb,1.0,193986560
2026-09-16T21:54:09.448968+00:00,kai-scheduler,kai-operator-69b5d7bcf7-2mxdj,3.0,103809024
2026-09-16T21:54:09.448968+00:00,kai-scheduler,kai-scheduler-default-768f44b48c-cknk4,73.0,377487360
2026-09-16T21:54:09.448968+00:00,kai-scheduler,pod-grouper-65456f756-78scb,1.0,11534336
2026-09-16T21:54:09.448968+00:00,kai-scheduler,podgroup-controller-68f9cc8dbf-fdxdx,1.0,13631488
2026-09-16T21:54:09.448968+00:00,kai-scheduler,queue-controller-f86fcd76c-thqpj,1.0,12582912
2026-09-16T21:54:09.448968+00:00,kube-system,coredns-8db54c48d-rkl6z,3.0,52428800
2026-09-16T21:54:09.448968+00:00,kube-system,kwok-controller-5cf8c7c44b-688q7,84.0,84934656
2026-09-16T21:54:09.448968+00:00,kube-system,local-path-provisioner-5d9d9885bc-wxvl4,1.0,17825792
2026-09-16T21:54:09.448968+00:00,kube-system,metrics-server-75dc6f8d87-k68rp,38.0,288358400
2026-09-16T21:54:09.448968+00:00,kube-system,svclb-traefik-9eca1d7e-rh8j2,0.0,0
2026-09-16T21:54:09.448968+00:00,kube-system,traefik-9bcdbbd9-j58m7,3.0,200278016
2026-09-16T21:54:09.448968+00:00,pyroscope,pyroscope-0,5.0,176160768
2026-09-16T21:54:09.448968+00:00,pyroscope,pyroscope-alloy-0,5.0,445644800
2026-09-16T21:54:40.695493+00:00,grove-system,grove-operator-7dc7f7d44b-psqff,38.0,623902720
2026-09-16T21:54:40.695493+00:00,kai-scheduler,admission-86666f457d-bh444,1.0,16777216
2026-09-16T21:54:40.695493+00:00,kai-scheduler,binder-869fc94c7-rfgfb,8.0,193986560
2026-09-16T21:54:40.695493+00:00,kai-scheduler,kai-operator-69b5d7bcf7-2mxdj,3.0,104857600
2026-09-16T21:54:40.695493+00:00,kai-scheduler,kai-scheduler-default-768f44b48c-cknk4,75.0,377487360
2026-09-16T21:54:40.695493+00:00,kai-scheduler,pod-grouper-65456f756-78scb,1.0,11534336
2026-09-16T21:54:40.695493+00:00,kai-scheduler,podgroup-controller-68f9cc8dbf-fdxdx,1.0,13631488
2026-09-16T21:54:40.695493+00:00,kai-scheduler,queue-controller-f86fcd76c-thqpj,1.0,12582912
2026-09-16T21:54:40.695493+00:00,kube-system,coredns-8db54c48d-rkl6z,4.0,53477376
2026-09-16T21:54:40.695493+00:00,kube-system,kwok-controller-5cf8c7c44b-688q7,95.0,81788928
2026-09-16T21:54:40.695493+00:00,kube-system,local-path-provisioner-5d9d9885bc-wxvl4,1.0,17825792
2026-09-16T21:54:40.695493+00:00,kube-system,metrics-server-75dc6f8d87-k68rp,33.0,289406976
2026-09-16T21:54:40.695493+00:00,kube-system,svclb-traefik-9eca1d7e-rh8j2,0.0,0
2026-09-16T21:54:40.695493+00:00,kube-system,traefik-9bcdbbd9-j58m7,4.0,199229440
2026-09-16T21:54:40.695493+00:00,pyroscope,pyroscope-0,5.0,171966464
2026-09-16T21:54:40.695493+00:00,pyroscope,pyroscope-alloy-0,6.0,455081984
2026-09-16T21:55:11.945546+00:00,grove-system,grove-operator-7dc7f7d44b-psqff,34.0,607125504
2026-09-16T21:55:11.945546+00:00,kai-scheduler,admission-86666f457d-bh444,1.0,16777216
2026-09-16T21:55:11.945546+00:00,kai-scheduler,binder-869fc94c7-rfgfb,1.0,193986560
2026-09-16T21:55:11.945546+00:00,kai-scheduler,kai-operator-69b5d7bcf7-2mxdj,3.0,103809024
2026-09-16T21:55:11.945546+00:00,kai-scheduler,kai-scheduler-default-768f44b48c-cknk4,76.0,358612992
2026-09-16T21:55:11.945546+00:00,kai-scheduler,pod-grouper-65456f756-78scb,1.0,11534336
2026-09-16T21:55:11.945546+00:00,kai-scheduler,podgroup-controller-68f9cc8dbf-fdxdx,1.0,13631488
2026-09-16T21:55:11.945546+00:00,kai-scheduler,queue-controller-f86fcd76c-thqpj,1.0,12582912
2026-09-16T21:55:11.945546+00:00,kube-system,coredns-8db54c48d-rkl6z,4.0,52428800
2026-09-16T21:55:11.945546+00:00,kube-system,kwok-controller-5cf8c7c44b-688q7,78.0,82837504
2026-09-16T21:55:11.945546+00:00,kube-system,local-path-provisioner-5d9d9885bc-wxvl4,1.0,17825792
2026-09-16T21:55:11.945546+00:00,kube-system,metrics-server-75dc6f8d87-k68rp,24.0,288358400
2026-09-16T21:55:11.945546+00:00,kube-system,svclb-traefik-9eca1d7e-rh8j2,0.0,0
2026-09-16T21:55:11.945546+00:00,kube-system,traefik-9bcdbbd9-j58m7,3.0,199229440
2026-09-16T21:55:11.945546+00:00,pyroscope,pyroscope-0,5.0,171966464
2026-09-16T21:55:11.945546+00:00,pyroscope,pyroscope-alloy-0,6.0,467664896
2026-09-16T21:55:43.194610+00:00,grove-system,grove-operator-7dc7f7d44b-psqff,42.0,609222656
2026-09-16T21:55:43.194610+00:00,kai-scheduler,admission-86666f457d-bh444,1.0,16777216
2026-09-16T21:55:43.194610+00:00,kai-scheduler,binder-869fc94c7-rfgfb,1.0,193986560
2026-09-16T21:55:43.194610+00:00,kai-scheduler,kai-operator-69b5d7bcf7-2mxdj,3.0,102760448
2026-09-16T21:55:43.194610+00:00,kai-scheduler,kai-scheduler-default-768f44b48c-cknk4,71.0,400556032
2026-09-16T21:55:43.194610+00:00,kai-scheduler,pod-grouper-65456f756-78scb,1.0,11534336
2026-09-16T21:55:43.194610+00:00,kai-scheduler,podgroup-controller-68f9cc8dbf-fdxdx,1.0,13631488
2026-09-16T21:55:43.194610+00:00,kai-scheduler,queue-controller-f86fcd76c-thqpj,1.0,12582912
2026-09-16T21:55:43.194610+00:00,kube-system,coredns-8db54c48d-rkl6z,3.0,51380224
2026-09-16T21:55:43.194610+00:00,kube-system,kwok-controller-5cf8c7c44b-688q7,117.0,84934656
2026-09-16T21:55:43.194610+00:00,kube-system,local-path-provisioner-5d9d9885bc-wxvl4,1.0,17825792
2026-09-16T21:55:43.194610+00:00,kube-system,metrics-server-75dc6f8d87-k68rp,27.0,290455552
2026-09-16T21:55:43.194610+00:00,kube-system,svclb-traefik-9eca1d7e-rh8j2,0.0,0
2026-09-16T21:55:43.194610+00:00,kube-system,traefik-9bcdbbd9-j58m7,3.0,200278016
2026-09-16T21:55:43.194610+00:00,pyroscope,pyroscope-0,6.0,174063616
2026-09-16T21:55:43.194610+00:00,pyroscope,pyroscope-alloy-0,14.0,457179136
2026-09-16T21:56:14.444090+00:00,grove-system,grove-operator-7dc7f7d44b-psqff,51.0,611319808
2026-09-16T21:56:14.444090+00:00,kai-scheduler,admission-86666f457d-bh444,1.0,16777216
2026-09-16T21:56:14.444090+00:00,kai-scheduler,binder-869fc94c7-rfgfb,1.0,193986560
2026-09-16T21:56:14.444090+00:00,kai-scheduler,kai-operator-69b5d7bcf7-2mxdj,3.0,103809024
2026-09-16T21:56:14.444090+00:00,kai-scheduler,kai-scheduler-default-768f44b48c-cknk4,76.0,376438784
2026-09-16T21:56:14.444090+00:00,kai-scheduler,pod-grouper-65456f756-78scb,1.0,11534336
2026-09-16T21:56:14.444090+00:00,kai-scheduler,podgroup-controller-68f9cc8dbf-fdxdx,1.0,13631488
2026-09-16T21:56:14.444090+00:00,kai-scheduler,queue-controller-f86fcd76c-thqpj,1.0,12582912
2026-09-16T21:56:14.444090+00:00,kube-system,coredns-8db54c48d-rkl6z,3.0,53477376
2026-09-16T21:56:14.444090+00:00,kube-system,kwok-controller-5cf8c7c44b-688q7,86.0,83886080
2026-09-16T21:56:14.444090+00:00,kube-system,local-path-provisioner-5d9d9885bc-wxvl4,1.0,17825792
2026-09-16T21:56:14.444090+00:00,kube-system,metrics-server-75dc6f8d87-k68rp,29.0,290455552
2026-09-16T21:56:14.444090+00:00,kube-system,svclb-traefik-9eca1d7e-rh8j2,0.0,0
2026-09-16T21:56:14.444090+00:00,kube-system,traefik-9bcdbbd9-j58m7,3.0,199229440
2026-09-16T21:56:14.444090+00:00,pyroscope,pyroscope-0,6.0,177209344
2026-09-16T21:56:14.444090+00:00,pyroscope,pyroscope-alloy-0,5.0,461373440
2026-09-16T21:56:45.688729+00:00,grove-system,grove-operator-7dc7f7d44b-psqff,32.0,612368384
2026-09-16T21:56:45.688729+00:00,kai-scheduler,admission-86666f457d-bh444,1.0,16777216
2026-09-16T21:56:45.688729+00:00,kai-scheduler,binder-869fc94c7-rfgfb,5.0,193986560
2026-09-16T21:56:45.688729+00:00,kai-scheduler,kai-operator-69b5d7bcf7-2mxdj,3.0,103809024
2026-09-16T21:56:45.688729+00:00,kai-scheduler,kai-scheduler-default-768f44b48c-cknk4,75.0,396361728
2026-09-16T21:56:45.688729+00:00,kai-scheduler,pod-grouper-65456f756-78scb,1.0,11534336
2026-09-16T21:56:45.688729+00:00,kai-scheduler,podgroup-controller-68f9cc8dbf-fdxdx,1.0,13631488
2026-09-16T21:56:45.688729+00:00,kai-scheduler,queue-controller-f86fcd76c-thqpj,1.0,12582912
2026-09-16T21:56:45.688729+00:00,kube-system,coredns-8db54c48d-rkl6z,3.0,52428800
2026-09-16T21:56:45.688729+00:00,kube-system,kwok-controller-5cf8c7c44b-688q7,323.0,82837504
2026-09-16T21:56:45.688729+00:00,kube-system,local-path-provisioner-5d9d9885bc-wxvl4,1.0,17825792
2026-09-16T21:56:45.688729+00:00,kube-system,metrics-server-75dc6f8d87-k68rp,36.0,290455552
2026-09-16T21:56:45.688729+00:00,kube-system,svclb-traefik-9eca1d7e-rh8j2,0.0,0
2026-09-16T21:56:45.688729+00:00,kube-system,traefik-9bcdbbd9-j58m7,3.0,199229440
2026-09-16T21:56:45.688729+00:00,pyroscope,pyroscope-0,5.0,178257920
2026-09-16T21:56:45.688729+00:00,pyroscope,pyroscope-alloy-0,6.0,466616320
2026-09-16T21:57:16.973256+00:00,grove-system,grove-operator-7dc7f7d44b-psqff,32.0,611319808
2026-09-16T21:57:16.973256+00:00,kai-scheduler,admission-86666f457d-bh444,1.0,16777216
2026-09-16T21:57:16.973256+00:00,kai-scheduler,binder-869fc94c7-rfgfb,1.0,193986560
2026-09-16T21:57:16.973256+00:00,kai-scheduler,kai-operator-69b5d7bcf7-2mxdj,3.0,102760448
2026-09-16T21:57:16.973256+00:00,kai-scheduler,kai-scheduler-default-768f44b48c-cknk4,77.0,400556032
2026-09-16T21:57:16.973256+00:00,kai-scheduler,pod-grouper-65456f756-78scb,1.0,11534336
2026-09-16T21:57:16.973256+00:00,kai-scheduler,podgroup-controller-68f9cc8dbf-fdxdx,1.0,13631488
2026-09-16T21:57:16.973256+00:00,kai-scheduler,queue-controller-f86fcd76c-thqpj,1.0,12582912
2026-09-16T21:57:16.973256+00:00,kube-system,coredns-8db54c48d-rkl6z,4.0,53477376
2026-09-16T21:57:16.973256+00:00,kube-system,kwok-controller-5cf8c7c44b-688q7,78.0,83886080
2026-09-16T21:57:16.973256+00:00,kube-system,local-path-provisioner-5d9d9885bc-wxvl4,1.0,17825792
2026-09-16T21:57:16.973256+00:00,kube-system,metrics-server-75dc6f8d87-k68rp,34.0,290455552
2026-09-16T21:57:16.973256+00:00,kube-system,svclb-traefik-9eca1d7e-rh8j2,0.0,0
2026-09-16T21:57:16.973256+00:00,kube-system,traefik-9bcdbbd9-j58m7,3.0,199229440
2026-09-16T21:57:16.973256+00:00,pyroscope,pyroscope-0,5.0,177209344
2026-09-16T21:57:16.973256+00:00,pyroscope,pyroscope-alloy-0,6.0,446693376
2026-09-16T21:57:48.224081+00:00,grove-system,grove-operator-7dc7f7d44b-psqff,30.0,615514112
2026-09-16T21:57:48.224081+00:00,kai-scheduler,admission-86666f457d-bh444,1.0,16777216
2026-09-16T21:57:48.224081+00:00,kai-scheduler,binder-869fc94c7-rfgfb,1.0,193986560
2026-09-16T21:57:48.224081+00:00,kai-scheduler,kai-operator-69b5d7bcf7-2mxdj,3.0,103809024
2026-09-16T21:57:48.224081+00:00,kai-scheduler,kai-scheduler-default-768f44b48c-cknk4,74.0,394264576
2026-09-16T21:57:48.224081+00:00,kai-scheduler,pod-grouper-65456f756-78scb,1.0,11534336
2026-09-16T21:57:48.224081+00:00,kai-scheduler,podgroup-controller-68f9cc8dbf-fdxdx,1.0,13631488
2026-09-16T21:57:48.224081+00:00,kai-scheduler,queue-controller-f86fcd76c-thqpj,1.0,12582912
2026-09-16T21:57:48.224081+00:00,kube-system,coredns-8db54c48d-rkl6z,3.0,53477376
2026-09-16T21:57:48.224081+00:00,kube-system,kwok-controller-5cf8c7c44b-688q7,82.0,82837504
2026-09-16T21:57:48.224081+00:00,kube-system,local-path-provisioner-5d9d9885bc-wxvl4,1.0,17825792
2026-09-16T21:57:48.224081+00:00,kube-system,metrics-server-75dc6f8d87-k68rp,28.0,290455552
2026-09-16T21:57:48.224081+00:00,kube-system,svclb-traefik-9eca1d7e-rh8j2,0.0,0
2026-09-16T21:57:48.224081+00:00,kube-system,traefik-9bcdbbd9-j58m7,5.0,201326592
2026-09-16T21:57:48.224081+00:00,pyroscope,pyroscope-0,6.0,177209344
2026-09-16T21:57:48.224081+00:00,pyroscope,pyroscope-alloy-0,6.0,451936256
2026-09-16T21:58:19.478821+00:00,grove-system,grove-operator-7dc7f7d44b-psqff,36.0,609222656
2026-09-16T21:58:19.478821+00:00,kai-scheduler,admission-86666f457d-bh444,1.0,16777216
2026-09-16T21:58:19.478821+00:00,kai-scheduler,binder-869fc94c7-rfgfb,1.0,193986560
2026-09-16T21:58:19.478821+00:00,kai-scheduler,kai-operator-69b5d7bcf7-2mxdj,3.0,103809024
2026-09-16T21:58:19.478821+00:00,kai-scheduler,kai-scheduler-default-768f44b48c-cknk4,72.0,394264576
2026-09-16T21:58:19.478821+00:00,kai-scheduler,pod-grouper-65456f756-78scb,1.0,11534336
2026-09-16T21:58:19.478821+00:00,kai-scheduler,podgroup-controller-68f9cc8dbf-fdxdx,1.0,13631488
2026-09-16T21:58:19.478821+00:00,kai-scheduler,queue-controller-f86fcd76c-thqpj,1.0,12582912
2026-09-16T21:58:19.478821+00:00,kube-system,coredns-8db54c48d-rkl6z,3.0,53477376
2026-09-16T21:58:19.478821+00:00,kube-system,kwok-controller-5cf8c7c44b-688q7,90.0,83886080
2026-09-16T21:58:19.478821+00:00,kube-system,local-path-provisioner-5d9d9885bc-wxvl4,1.0,17825792
2026-09-16T21:58:19.478821+00:00,kube-system,metrics-server-75dc6f8d87-k68rp,42.0,291504128
2026-09-16T21:58:19.478821+00:00,kube-system,svclb-traefik-9eca1d7e-rh8j2,0.0,0
2026-09-16T21:58:19.478821+00:00,kube-system,traefik-9bcdbbd9-j58m7,5.0,199229440
2026-09-16T21:58:19.478821+00:00,pyroscope,pyroscope-0,6.0,178257920
2026-09-16T21:58:19.478821+00:00,pyroscope,pyroscope-alloy-0,7.0,439353344
2026-09-16T21:58:50.733811+00:00,grove-system,grove-operator-7dc7f7d44b-psqff,30.0,611319808
2026-09-16T21:58:50.733811+00:00,kai-scheduler,admission-86666f457d-bh444,1.0,16777216
2026-09-16T21:58:50.733811+00:00,kai-scheduler,binder-869fc94c7-rfgfb,6.0,193986560
2026-09-16T21:58:50.733811+00:00,kai-scheduler,kai-operator-69b5d7bcf7-2mxdj,3.0,102760448
2026-09-16T21:58:50.733811+00:00,kai-scheduler,kai-scheduler-default-768f44b48c-cknk4,76.0,379584512
2026-09-16T21:58:50.733811+00:00,kai-scheduler,pod-grouper-65456f756-78scb,1.0,11534336
2026-09-16T21:58:50.733811+00:00,kai-scheduler,podgroup-controller-68f9cc8dbf-fdxdx,1.0,13631488
2026-09-16T21:58:50.733811+00:00,kai-scheduler,queue-controller-f86fcd76c-thqpj,1.0,12582912
2026-09-16T21:58:50.733811+00:00,kube-system,coredns-8db54c48d-rkl6z,4.0,53477376
2026-09-16T21:58:50.733811+00:00,kube-system,kwok-controller-5cf8c7c44b-688q7,89.0,85983232
2026-09-16T21:58:50.733811+00:00,kube-system,local-path-provisioner-5d9d9885bc-wxvl4,1.0,17825792
2026-09-16T21:58:50.733811+00:00,kube-system,metrics-server-75dc6f8d87-k68rp,31.0,290455552
2026-09-16T21:58:50.733811+00:00,kube-system,svclb-traefik-9eca1d7e-rh8j2,0.0,0
2026-09-16T21:58:50.733811+00:00,kube-system,traefik-9bcdbbd9-j58m7,4.0,200278016
2026-09-16T21:58:50.733811+00:00,pyroscope,pyroscope-0,6.0,177209344
2026-09-16T21:58:50.733811+00:00,pyroscope,pyroscope-alloy-0,6.0,448790528
2026-09-16T21:59:21.988047+00:00,grove-system,grove-operator-7dc7f7d44b-psqff,30.0,618659840
2026-09-16T21:59:21.988047+00:00,kai-scheduler,admission-86666f457d-bh444,1.0,16777216
2026-09-16T21:59:21.988047+00:00,kai-scheduler,binder-869fc94c7-rfgfb,1.0,193986560
2026-09-16T21:59:21.988047+00:00,kai-scheduler,kai-operator-69b5d7bcf7-2mxdj,3.0,103809024
2026-09-16T21:59:21.988047+00:00,kai-scheduler,kai-scheduler-default-768f44b48c-cknk4,72.0,377487360
2026-09-16T21:59:21.988047+00:00,kai-scheduler,pod-grouper-65456f756-78scb,1.0,11534336
2026-09-16T21:59:21.988047+00:00,kai-scheduler,podgroup-controller-68f9cc8dbf-fdxdx,1.0,13631488
2026-09-16T21:59:21.988047+00:00,kai-scheduler,queue-controller-f86fcd76c-thqpj,1.0,12582912
2026-09-16T21:59:21.988047+00:00,kube-system,coredns-8db54c48d-rkl6z,4.0,52428800
2026-09-16T21:59:21.988047+00:00,kube-system,kwok-controller-5cf8c7c44b-688q7,93.0,85983232
2026-09-16T21:59:21.988047+00:00,kube-system,local-path-provisioner-5d9d9885bc-wxvl4,1.0,17825792
2026-09-16T21:59:21.988047+00:00,kube-system,metrics-server-75dc6f8d87-k68rp,28.0,251658240
2026-09-16T21:59:21.988047+00:00,kube-system,svclb-traefik-9eca1d7e-rh8j2,0.0,0
2026-09-16T21:59:21.988047+00:00,kube-system,traefik-9bcdbbd9-j58m7,3.0,200278016
2026-09-16T21:59:21.988047+00:00,pyroscope,pyroscope-0,5.0,179306496
2026-09-16T21:59:21.988047+00:00,pyroscope,pyroscope-alloy-0,5.0,450887680
2026-09-16T21:59:53.240472+00:00,grove-system,grove-operator-7dc7f7d44b-psqff,27.0,609222656
2026-09-16T21:59:53.240472+00:00,kai-scheduler,admission-86666f457d-bh444,1.0,16777216
2026-09-16T21:59:53.240472+00:00,kai-scheduler,binder-869fc94c7-rfgfb,20.0,201326592
2026-09-16T21:59:53.240472+00:00,kai-scheduler,kai-operator-69b5d7bcf7-2mxdj,1.0,102760448
2026-09-16T21:59:53.240472+00:00,kai-scheduler,kai-scheduler-default-768f44b48c-cknk4,86.0,401604608
2026-09-16T21:59:53.240472+00:00,kai-scheduler,pod-grouper-65456f756-78scb,1.0,11534336
2026-09-16T21:59:53.240472+00:00,kai-scheduler,podgroup-controller-68f9cc8dbf-fdxdx,1.0,13631488
2026-09-16T21:59:53.240472+00:00,kai-scheduler,queue-controller-f86fcd76c-thqpj,1.0,12582912
2026-09-16T21:59:53.240472+00:00,kube-system,coredns-8db54c48d-rkl6z,3.0,52428800
2026-09-16T21:59:53.240472+00:00,kube-system,kwok-controller-5cf8c7c44b-688q7,99.0,84934656
2026-09-16T21:59:53.240472+00:00,kube-system,local-path-provisioner-5d9d9885bc-wxvl4,1.0,17825792
2026-09-16T21:59:53.240472+00:00,kube-system,metrics-server-75dc6f8d87-k68rp,47.0,242221056
2026-09-16T21:59:53.240472+00:00,kube-system,svclb-traefik-9eca1d7e-rh8j2,0.0,0
2026-09-16T21:59:53.240472+00:00,kube-system,traefik-9bcdbbd9-j58m7,3.0,200278016
2026-09-16T21:59:53.240472+00:00,pyroscope,pyroscope-0,4.0,179306496
2026-09-16T21:59:53.240472+00:00,pyroscope,pyroscope-alloy-0,77.0,452984832
2026-09-16T22:00:24.493549+00:00,grove-system,grove-operator-7dc7f7d44b-psqff,18.0,617611264
2026-09-16T22:00:24.493549+00:00,kai-scheduler,admission-86666f457d-bh444,1.0,16777216
2026-09-16T22:00:24.493549+00:00,kai-scheduler,binder-869fc94c7-rfgfb,18.0,199229440
2026-09-16T22:00:24.493549+00:00,kai-scheduler,kai-operator-69b5d7bcf7-2mxdj,1.0,102760448
2026-09-16T22:00:24.493549+00:00,kai-scheduler,kai-scheduler-default-768f44b48c-cknk4,80.0,387973120
2026-09-16T22:00:24.493549+00:00,kai-scheduler,pod-grouper-65456f756-78scb,1.0,11534336
2026-09-16T22:00:24.493549+00:00,kai-scheduler,podgroup-controller-68f9cc8dbf-fdxdx,1.0,13631488
2026-09-16T22:00:24.493549+00:00,kai-scheduler,queue-controller-f86fcd76c-thqpj,1.0,12582912
2026-09-16T22:00:24.493549+00:00,kube-system,coredns-8db54c48d-rkl6z,3.0,51380224
2026-09-16T22:00:24.493549+00:00,kube-system,kwok-controller-5cf8c7c44b-688q7,114.0,84934656
2026-09-16T22:00:24.493549+00:00,kube-system,local-path-provisioner-5d9d9885bc-wxvl4,1.0,17825792
2026-09-16T22:00:24.493549+00:00,kube-system,metrics-server-75dc6f8d87-k68rp,36.0,246415360
2026-09-16T22:00:24.493549+00:00,kube-system,svclb-traefik-9eca1d7e-rh8j2,0.0,0
2026-09-16T22:00:24.493549+00:00,kube-system,traefik-9bcdbbd9-j58m7,6.0,199229440
2026-09-16T22:00:24.493549+00:00,pyroscope,pyroscope-0,4.0,179306496
2026-09-16T22:00:24.493549+00:00,pyroscope,pyroscope-alloy-0,78.0,420478976
2026-09-16T22:00:55.743952+00:00,grove-system,grove-operator-7dc7f7d44b-psqff,23.0,612368384
2026-09-16T22:00:55.743952+00:00,kai-scheduler,admission-86666f457d-bh444,1.0,16777216
2026-09-16T22:00:55.743952+00:00,kai-scheduler,kai-operator-69b5d7bcf7-2mxdj,3.0,102760448
2026-09-16T22:00:55.743952+00:00,kai-scheduler,kai-scheduler-default-768f44b48c-cknk4,79.0,367001600
2026-09-16T22:00:55.743952+00:00,kai-scheduler,pod-grouper-65456f756-78scb,1.0,11534336
2026-09-16T22:00:55.743952+00:00,kai-scheduler,podgroup-controller-68f9cc8dbf-fdxdx,1.0,13631488
2026-09-16T22:00:55.743952+00:00,kai-scheduler,queue-controller-f86fcd76c-thqpj,1.0,12582912
2026-09-16T22:00:55.743952+00:00,kube-system,coredns-8db54c48d-rkl6z,3.0,52428800
2026-09-16T22:00:55.743952+00:00,kube-system,kwok-controller-5cf8c7c44b-688q7,112.0,82837504
2026-09-16T22:00:55.743952+00:00,kube-system,local-path-provisioner-5d9d9885bc-wxvl4,1.0,17825792
2026-09-16T22:00:55.743952+00:00,kube-system,metrics-server-75dc6f8d87-k68rp,38.0,246415360
2026-09-16T22:00:55.743952+00:00,kube-system,svclb-traefik-9eca1d7e-rh8j2,0.0,0
2026-09-16T22:00:55.743952+00:00,kube-system,traefik-9bcdbbd9-j58m7,3.0,199229440
2026-09-16T22:00:55.743952+00:00,pyroscope,pyroscope-0,6.0,179306496
2026-09-16T22:00:55.743952+00:00,pyroscope,pyroscope-alloy-0,68.0,424673280
2026-09-16T22:01:27.004164+00:00,grove-system,grove-operator-7dc7f7d44b-psqff,17.0,614465536
2026-09-16T22:01:27.004164+00:00,kai-scheduler,admission-86666f457d-bh444,1.0,16777216
2026-09-16T22:01:27.004164+00:00,kai-scheduler,kai-operator-69b5d7bcf7-2mxdj,1.0,102760448
2026-09-16T22:01:27.004164+00:00,kai-scheduler,kai-scheduler-default-768f44b48c-cknk4,73.0,373293056
2026-09-16T22:01:27.004164+00:00,kai-scheduler,pod-grouper-65456f756-78scb,1.0,12582912
2026-09-16T22:01:27.004164+00:00,kai-scheduler,podgroup-controller-68f9cc8dbf-fdxdx,1.0,13631488
2026-09-16T22:01:27.004164+00:00,kai-scheduler,queue-controller-f86fcd76c-thqpj,1.0,12582912
2026-09-16T22:01:27.004164+00:00,kube-system,coredns-8db54c48d-rkl6z,3.0,52428800
2026-09-16T22:01:27.004164+00:00,kube-system,kwok-controller-5cf8c7c44b-688q7,115.0,82837504
2026-09-16T22:01:27.004164+00:00,kube-system,local-path-provisioner-5d9d9885bc-wxvl4,1.0,17825792
2026-09-16T22:01:27.004164+00:00,kube-system,metrics-server-75dc6f8d87-k68rp,37.0,246415360
2026-09-16T22:01:27.004164+00:00,kube-system,svclb-traefik-9eca1d7e-rh8j2,0.0,0
2026-09-16T22:01:27.004164+00:00,kube-system,traefik-9bcdbbd9-j58m7,3.0,199229440
2026-09-16T22:01:27.004164+00:00,pyroscope,pyroscope-0,5.0,179306496
2026-09-16T22:01:27.004164+00:00,pyroscope,pyroscope-alloy-0,75.0,424673280
2026-09-16T22:01:58.252793+00:00,grove-system,grove-operator-7dc7f7d44b-psqff,30.0,617611264
2026-09-16T22:01:58.252793+00:00,kai-scheduler,admission-86666f457d-bh444,1.0,16777216
2026-09-16T22:01:58.252793+00:00,kai-scheduler,kai-operator-69b5d7bcf7-2mxdj,1.0,102760448
2026-09-16T22:01:58.252793+00:00,kai-scheduler,kai-scheduler-default-768f44b48c-cknk4,69.0,370147328
2026-09-16T22:01:58.252793+00:00,kai-scheduler,pod-grouper-65456f756-78scb,1.0,11534336
2026-09-16T22:01:58.252793+00:00,kai-scheduler,podgroup-controller-68f9cc8dbf-fdxdx,1.0,13631488
2026-09-16T22:01:58.252793+00:00,kai-scheduler,queue-controller-f86fcd76c-thqpj,1.0,12582912
2026-09-16T22:01:58.252793+00:00,kube-system,coredns-8db54c48d-rkl6z,3.0,52428800
2026-09-16T22:01:58.252793+00:00,kube-system,kwok-controller-5cf8c7c44b-688q7,126.0,83886080
2026-09-16T22:01:58.252793+00:00,kube-system,local-path-provisioner-5d9d9885bc-wxvl4,1.0,17825792
2026-09-16T22:01:58.252793+00:00,kube-system,metrics-server-75dc6f8d87-k68rp,41.0,246415360
2026-09-16T22:01:58.252793+00:00,kube-system,svclb-traefik-9eca1d7e-rh8j2,0.0,0
2026-09-16T22:01:58.252793+00:00,kube-system,traefik-9bcdbbd9-j58m7,3.0,200278016
2026-09-16T22:01:58.252793+00:00,pyroscope,pyroscope-0,5.0,179306496
2026-09-16T22:01:58.252793+00:00,pyroscope,pyroscope-alloy-0,72.0,426770432
2026-09-16T22:02:29.502465+00:00,grove-system,grove-operator-7dc7f7d44b-psqff,18.0,619708416
2026-09-16T22:02:29.502465+00:00,kai-scheduler,admission-86666f457d-bh444,1.0,16777216
2026-09-16T22:02:29.502465+00:00,kai-scheduler,kai-operator-69b5d7bcf7-2mxdj,1.0,102760448
2026-09-16T22:02:29.502465+00:00,kai-scheduler,kai-scheduler-default-768f44b48c-cknk4,70.0,349175808
2026-09-16T22:02:29.502465+00:00,kai-scheduler,pod-grouper-65456f756-78scb,1.0,11534336
2026-09-16T22:02:29.502465+00:00,kai-scheduler,podgroup-controller-68f9cc8dbf-fdxdx,1.0,13631488
2026-09-16T22:02:29.502465+00:00,kai-scheduler,queue-controller-f86fcd76c-thqpj,1.0,12582912
2026-09-16T22:02:29.502465+00:00,kube-system,coredns-8db54c48d-rkl6z,3.0,52428800
2026-09-16T22:02:29.502465+00:00,kube-system,kwok-controller-5cf8c7c44b-688q7,114.0,82837504
2026-09-16T22:02:29.502465+00:00,kube-system,local-path-provisioner-5d9d9885bc-wxvl4,1.0,17825792
2026-09-16T22:02:29.502465+00:00,kube-system,metrics-server-75dc6f8d87-k68rp,40.0,248512512
2026-09-16T22:02:29.502465+00:00,kube-system,svclb-traefik-9eca1d7e-rh8j2,0.0,0
2026-09-16T22:02:29.502465+00:00,kube-system,traefik-9bcdbbd9-j58m7,7.0,199229440
2026-09-16T22:02:29.502465+00:00,pyroscope,pyroscope-0,6.0,179306496
2026-09-16T22:02:29.502465+00:00,pyroscope,pyroscope-alloy-0,63.0,422576128
2026-09-16T22:03:00.751952+00:00,grove-system,grove-operator-7dc7f7d44b-psqff,17.0,607125504
2026-09-16T22:03:00.751952+00:00,kai-scheduler,admission-86666f457d-bh444,1.0,16777216
2026-09-16T22:03:00.751952+00:00,kai-scheduler,kai-operator-69b5d7bcf7-2mxdj,3.0,102760448
2026-09-16T22:03:00.751952+00:00,kai-scheduler,kai-scheduler-default-768f44b48c-cknk4,63.0,339738624
2026-09-16T22:03:00.751952+00:00,kai-scheduler,pod-grouper-65456f756-78scb,1.0,11534336
2026-09-16T22:03:00.751952+00:00,kai-scheduler,podgroup-controller-68f9cc8dbf-fdxdx,1.0,13631488
2026-09-16T22:03:00.751952+00:00,kai-scheduler,queue-controller-f86fcd76c-thqpj,1.0,12582912
2026-09-16T22:03:00.751952+00:00,kube-system,coredns-8db54c48d-rkl6z,4.0,53477376
2026-09-16T22:03:00.751952+00:00,kube-system,kwok-controller-5cf8c7c44b-688q7,115.0,83886080
2026-09-16T22:03:00.751952+00:00,kube-system,local-path-provisioner-5d9d9885bc-wxvl4,1.0,17825792
2026-09-16T22:03:00.751952+00:00,kube-system,metrics-server-75dc6f8d87-k68rp,44.0,246415360
2026-09-16T22:03:00.751952+00:00,kube-system,svclb-traefik-9eca1d7e-rh8j2,0.0,0
2026-09-16T22:03:00.751952+00:00,kube-system,traefik-9bcdbbd9-j58m7,3.0,199229440
2026-09-16T22:03:00.751952+00:00,pyroscope,pyroscope-0,5.0,179306496
2026-09-16T22:03:00.751952+00:00,pyroscope,pyroscope-alloy-0,65.0,422576128
2026-09-16T22:03:32.007372+00:00,grove-system,grove-operator-7dc7f7d44b-psqff,16.0,613416960
2026-09-16T22:03:32.007372+00:00,kai-scheduler,admission-86666f457d-bh444,1.0,16777216
2026-09-16T22:03:32.007372+00:00,kai-scheduler,binder-869fc94c7-rfgfb,11.0,142606336
2026-09-16T22:03:32.007372+00:00,kai-scheduler,kai-operator-69b5d7bcf7-2mxdj,1.0,102760448
2026-09-16T22:03:32.007372+00:00,kai-scheduler,kai-scheduler-default-768f44b48c-cknk4,64.0,321912832
2026-09-16T22:03:32.007372+00:00,kai-scheduler,pod-grouper-65456f756-78scb,1.0,11534336
2026-09-16T22:03:32.007372+00:00,kai-scheduler,podgroup-controller-68f9cc8dbf-fdxdx,1.0,13631488
2026-09-16T22:03:32.007372+00:00,kai-scheduler,queue-controller-f86fcd76c-thqpj,1.0,12582912
2026-09-16T22:03:32.007372+00:00,kube-system,coredns-8db54c48d-rkl6z,3.0,52428800
2026-09-16T22:03:32.007372+00:00,kube-system,kwok-controller-5cf8c7c44b-688q7,118.0,84934656
2026-09-16T22:03:32.007372+00:00,kube-system,local-path-provisioner-5d9d9885bc-wxvl4,1.0,17825792
2026-09-16T22:03:32.007372+00:00,kube-system,metrics-server-75dc6f8d87-k68rp,49.0,246415360
2026-09-16T22:03:32.007372+00:00,kube-system,svclb-traefik-9eca1d7e-rh8j2,0.0,0
2026-09-16T22:03:32.007372+00:00,kube-system,traefik-9bcdbbd9-j58m7,3.0,199229440
2026-09-16T22:03:32.007372+00:00,pyroscope,pyroscope-0,7.0,180355072
2026-09-16T22:03:32.007372+00:00,pyroscope,pyroscope-alloy-0,54.0,424673280
2026-09-16T22:04:03.252071+00:00,grove-system,grove-operator-7dc7f7d44b-psqff,20.0,617611264
2026-09-16T22:04:03.252071+00:00,kai-scheduler,admission-86666f457d-bh444,1.0,16777216
2026-09-16T22:04:03.252071+00:00,kai-scheduler,binder-869fc94c7-rfgfb,20.0,184549376
2026-09-16T22:04:03.252071+00:00,kai-scheduler,kai-operator-69b5d7bcf7-2mxdj,1.0,102760448
2026-09-16T22:04:03.252071+00:00,kai-scheduler,kai-scheduler-default-768f44b48c-cknk4,59.0,320864256
2026-09-16T22:04:03.252071+00:00,kai-scheduler,pod-grouper-65456f756-78scb,1.0,11534336
2026-09-16T22:04:03.252071+00:00,kai-scheduler,podgroup-controller-68f9cc8dbf-fdxdx,1.0,13631488
2026-09-16T22:04:03.252071+00:00,kai-scheduler,queue-controller-f86fcd76c-thqpj,1.0,12582912
2026-09-16T22:04:03.252071+00:00,kube-system,coredns-8db54c48d-rkl6z,3.0,53477376
2026-09-16T22:04:03.252071+00:00,kube-system,kwok-controller-5cf8c7c44b-688q7,113.0,82837504
2026-09-16T22:04:03.252071+00:00,kube-system,local-path-provisioner-5d9d9885bc-wxvl4,1.0,17825792
2026-09-16T22:04:03.252071+00:00,kube-system,metrics-server-75dc6f8d87-k68rp,47.0,246415360
2026-09-16T22:04:03.252071+00:00,kube-system,svclb-traefik-9eca1d7e-rh8j2,0.0,0
2026-09-16T22:04:03.252071+00:00,kube-system,traefik-9bcdbbd9-j58m7,3.0,198180864
2026-09-16T22:04:03.252071+00:00,pyroscope,pyroscope-0,6.0,180355072
2026-09-16T22:04:03.252071+00:00,pyroscope,pyroscope-alloy-0,57.0,419430400
2026-09-16T22:04:34.501405+00:00,grove-system,grove-operator-7dc7f7d44b-psqff,23.0,608174080
2026-09-16T22:04:34.501405+00:00,kai-scheduler,admission-86666f457d-bh444,1.0,16777216
2026-09-16T22:04:34.501405+00:00,kai-scheduler,binder-869fc94c7-rfgfb,15.0,183500800
2026-09-16T22:04:34.501405+00:00,kai-scheduler,kai-operator-69b5d7bcf7-2mxdj,1.0,102760448
2026-09-16T22:04:34.501405+00:00,kai-scheduler,kai-scheduler-default-768f44b48c-cknk4,53.0,319815680
2026-09-16T22:04:34.501405+00:00,kai-scheduler,pod-grouper-65456f756-78scb,1.0,11534336
2026-09-16T22:04:34.501405+00:00,kai-scheduler,podgroup-controller-68f9cc8dbf-fdxdx,1.0,13631488
2026-09-16T22:04:34.501405+00:00,kai-scheduler,queue-controller-f86fcd76c-thqpj,1.0,12582912
2026-09-16T22:04:34.501405+00:00,kube-system,coredns-8db54c48d-rkl6z,4.0,52428800
2026-09-16T22:04:34.501405+00:00,kube-system,kwok-controller-5cf8c7c44b-688q7,111.0,82837504
2026-09-16T22:04:34.501405+00:00,kube-system,local-path-provisioner-5d9d9885bc-wxvl4,1.0,17825792
2026-09-16T22:04:34.501405+00:00,kube-system,metrics-server-75dc6f8d87-k68rp,42.0,248512512
2026-09-16T22:04:34.501405+00:00,kube-system,svclb-traefik-9eca1d7e-rh8j2,0.0,0
2026-09-16T22:04:34.501405+00:00,kube-system,traefik-9bcdbbd9-j58m7,3.0,199229440
2026-09-16T22:04:34.501405+00:00,pyroscope,pyroscope-0,6.0,180355072
2026-09-16T22:04:34.501405+00:00,pyroscope,pyroscope-alloy-0,50.0,424673280
2026-09-16T22:05:05.752098+00:00,grove-system,grove-operator-7dc7f7d44b-psqff,23.0,612368384
2026-09-16T22:05:05.752098+00:00,kai-scheduler,admission-86666f457d-bh444,1.0,16777216
2026-09-16T22:05:05.752098+00:00,kai-scheduler,binder-869fc94c7-rfgfb,19.0,164626432
2026-09-16T22:05:05.752098+00:00,kai-scheduler,kai-operator-69b5d7bcf7-2mxdj,3.0,102760448
2026-09-16T22:05:05.752098+00:00,kai-scheduler,kai-scheduler-default-768f44b48c-cknk4,55.0,317718528
2026-09-16T22:05:05.752098+00:00,kai-scheduler,pod-grouper-65456f756-78scb,1.0,11534336
2026-09-16T22:05:05.752098+00:00,kai-scheduler,podgroup-controller-68f9cc8dbf-fdxdx,1.0,13631488
2026-09-16T22:05:05.752098+00:00,kai-scheduler,queue-controller-f86fcd76c-thqpj,1.0,12582912
2026-09-16T22:05:05.752098+00:00,kube-system,coredns-8db54c48d-rkl6z,3.0,51380224
2026-09-16T22:05:05.752098+00:00,kube-system,kwok-controller-5cf8c7c44b-688q7,111.0,82837504
2026-09-16T22:05:05.752098+00:00,kube-system,local-path-provisioner-5d9d9885bc-wxvl4,1.0,17825792
2026-09-16T22:05:05.752098+00:00,kube-system,metrics-server-75dc6f8d87-k68rp,43.0,245366784
2026-09-16T22:05:05.752098+00:00,kube-system,svclb-traefik-9eca1d7e-rh8j2,0.0,0
2026-09-16T22:05:05.752098+00:00,kube-system,traefik-9bcdbbd9-j58m7,3.0,199229440
2026-09-16T22:05:05.752098+00:00,pyroscope,pyroscope-0,7.0,180355072
2026-09-16T22:05:05.752098+00:00,pyroscope,pyroscope-alloy-0,48.0,424673280
2026-09-16T22:05:37.000670+00:00,grove-system,grove-operator-7dc7f7d44b-psqff,18.0,615514112
2026-09-16T22:05:37.000670+00:00,kai-scheduler,admission-86666f457d-bh444,1.0,16777216
2026-09-16T22:05:37.000670+00:00,kai-scheduler,binder-869fc94c7-rfgfb,18.0,165675008
2026-09-16T22:05:37.000670+00:00,kai-scheduler,kai-operator-69b5d7bcf7-2mxdj,1.0,102760448
2026-09-16T22:05:37.000670+00:00,kai-scheduler,kai-scheduler-default-768f44b48c-cknk4,46.0,309329920
2026-09-16T22:05:37.000670+00:00,kai-scheduler,pod-grouper-65456f756-78scb,1.0,11534336
2026-09-16T22:05:37.000670+00:00,kai-scheduler,podgroup-controller-68f9cc8dbf-fdxdx,1.0,13631488
2026-09-16T22:05:37.000670+00:00,kai-scheduler,queue-controller-f86fcd76c-thqpj,1.0,12582912
2026-09-16T22:05:37.000670+00:00,kube-system,coredns-8db54c48d-rkl6z,3.0,52428800
2026-09-16T22:05:37.000670+00:00,kube-system,kwok-controller-5cf8c7c44b-688q7,115.0,81788928
2026-09-16T22:05:37.000670+00:00,kube-system,local-path-provisioner-5d9d9885bc-wxvl4,1.0,17825792
2026-09-16T22:05:37.000670+00:00,kube-system,metrics-server-75dc6f8d87-k68rp,40.0,245366784
2026-09-16T22:05:37.000670+00:00,kube-system,svclb-traefik-9eca1d7e-rh8j2,0.0,0
2026-09-16T22:05:37.000670+00:00,kube-system,traefik-9bcdbbd9-j58m7,3.0,198180864
2026-09-16T22:05:37.000670+00:00,pyroscope,pyroscope-0,6.0,181403648
2026-09-16T22:05:37.000670+00:00,pyroscope,pyroscope-alloy-0,43.0,411041792
2026-09-16T22:06:08.252730+00:00,grove-system,grove-operator-7dc7f7d44b-psqff,19.0,607125504
2026-09-16T22:06:08.252730+00:00,kai-scheduler,admission-86666f457d-bh444,1.0,16777216
2026-09-16T22:06:08.252730+00:00,kai-scheduler,binder-869fc94c7-rfgfb,18.0,163577856
2026-09-16T22:06:08.252730+00:00,kai-scheduler,kai-operator-69b5d7bcf7-2mxdj,1.0,102760448
2026-09-16T22:06:08.252730+00:00,kai-scheduler,kai-scheduler-default-768f44b48c-cknk4,45.0,299892736
2026-09-16T22:06:08.252730+00:00,kai-scheduler,pod-grouper-65456f756-78scb,1.0,11534336
2026-09-16T22:06:08.252730+00:00,kai-scheduler,podgroup-controller-68f9cc8dbf-fdxdx,1.0,13631488
2026-09-16T22:06:08.252730+00:00,kai-scheduler,queue-controller-f86fcd76c-thqpj,1.0,12582912
2026-09-16T22:06:08.252730+00:00,kube-system,coredns-8db54c48d-rkl6z,3.0,52428800
2026-09-16T22:06:08.252730+00:00,kube-system,kwok-controller-5cf8c7c44b-688q7,113.0,83886080
2026-09-16T22:06:08.252730+00:00,kube-system,local-path-provisioner-5d9d9885bc-wxvl4,1.0,17825792
2026-09-16T22:06:08.252730+00:00,kube-system,metrics-server-75dc6f8d87-k68rp,48.0,245366784
2026-09-16T22:06:08.252730+00:00,kube-system,svclb-traefik-9eca1d7e-rh8j2,0.0,0
2026-09-16T22:06:08.252730+00:00,kube-system,traefik-9bcdbbd9-j58m7,3.0,198180864
2026-09-16T22:06:08.252730+00:00,pyroscope,pyroscope-0,5.0,343932928
2026-09-16T22:06:08.252730+00:00,pyroscope,pyroscope-alloy-0,40.0,415236096
2026-09-16T22:06:39.501929+00:00,grove-system,grove-operator-7dc7f7d44b-psqff,22.0,612368384
2026-09-16T22:06:39.501929+00:00,kai-scheduler,admission-86666f457d-bh444,1.0,16777216
2026-09-16T22:06:39.501929+00:00,kai-scheduler,binder-869fc94c7-rfgfb,17.0,163577856
2026-09-16T22:06:39.501929+00:00,kai-scheduler,kai-operator-69b5d7bcf7-2mxdj,1.0,102760448
2026-09-16T22:06:39.501929+00:00,kai-scheduler,kai-scheduler-default-768f44b48c-cknk4,42.0,292552704
2026-09-16T22:06:39.501929+00:00,kai-scheduler,pod-grouper-65456f756-78scb,1.0,11534336
2026-09-16T22:06:39.501929+00:00,kai-scheduler,podgroup-controller-68f9cc8dbf-fdxdx,1.0,13631488
2026-09-16T22:06:39.501929+00:00,kai-scheduler,queue-controller-f86fcd76c-thqpj,1.0,12582912
2026-09-16T22:06:39.501929+00:00,kube-system,coredns-8db54c48d-rkl6z,4.0,53477376
2026-09-16T22:06:39.501929+00:00,kube-system,kwok-controller-5cf8c7c44b-688q7,115.0,82837504
2026-09-16T22:06:39.501929+00:00,kube-system,local-path-provisioner-5d9d9885bc-wxvl4,1.0,17825792
2026-09-16T22:06:39.501929+00:00,kube-system,metrics-server-75dc6f8d87-k68rp,40.0,245366784
2026-09-16T22:06:39.501929+00:00,kube-system,svclb-traefik-9eca1d7e-rh8j2,0.0,0
2026-09-16T22:06:39.501929+00:00,kube-system,traefik-9bcdbbd9-j58m7,3.0,198180864
2026-09-16T22:06:39.501929+00:00,pyroscope,pyroscope-0,7.0,167772160
2026-09-16T22:06:39.501929+00:00,pyroscope,pyroscope-alloy-0,42.0,414187520
2026-09-16T22:07:10.756908+00:00,grove-system,grove-operator-7dc7f7d44b-psqff,23.0,611319808
2026-09-16T22:07:10.756908+00:00,kai-scheduler,admission-86666f457d-bh444,1.0,16777216
2026-09-16T22:07:10.756908+00:00,kai-scheduler,binder-869fc94c7-rfgfb,18.0,163577856
2026-09-16T22:07:10.756908+00:00,kai-scheduler,kai-operator-69b5d7bcf7-2mxdj,2.0,102760448
2026-09-16T22:07:10.756908+00:00,kai-scheduler,kai-scheduler-default-768f44b48c-cknk4,37.0,292552704
2026-09-16T22:07:10.756908+00:00,kai-scheduler,pod-grouper-65456f756-78scb,1.0,11534336
2026-09-16T22:07:10.756908+00:00,kai-scheduler,podgroup-controller-68f9cc8dbf-fdxdx,1.0,13631488
2026-09-16T22:07:10.756908+00:00,kai-scheduler,queue-controller-f86fcd76c-thqpj,1.0,12582912
2026-09-16T22:07:10.756908+00:00,kube-system,coredns-8db54c48d-rkl6z,3.0,52428800
2026-09-16T22:07:10.756908+00:00,kube-system,kwok-controller-5cf8c7c44b-688q7,113.0,83886080
2026-09-16T22:07:10.756908+00:00,kube-system,local-path-provisioner-5d9d9885bc-wxvl4,1.0,17825792
2026-09-16T22:07:10.756908+00:00,kube-system,metrics-server-75dc6f8d87-k68rp,43.0,246415360
2026-09-16T22:07:10.756908+00:00,kube-system,svclb-traefik-9eca1d7e-rh8j2,0.0,0
2026-09-16T22:07:10.756908+00:00,kube-system,traefik-9bcdbbd9-j58m7,3.0,199229440
2026-09-16T22:07:10.756908+00:00,pyroscope,pyroscope-0,6.0,164626432
2026-09-16T22:07:10.756908+00:00,pyroscope,pyroscope-alloy-0,28.0,414187520
2026-09-16T22:07:42.009004+00:00,grove-system,grove-operator-7dc7f7d44b-psqff,23.0,609222656
2026-09-16T22:07:42.009004+00:00,kai-scheduler,admission-86666f457d-bh444,1.0,16777216
2026-09-16T22:07:42.009004+00:00,kai-scheduler,binder-869fc94c7-rfgfb,17.0,164626432
2026-09-16T22:07:42.009004+00:00,kai-scheduler,kai-operator-69b5d7bcf7-2mxdj,1.0,102760448
2026-09-16T22:07:42.009004+00:00,kai-scheduler,kai-scheduler-default-768f44b48c-cknk4,33.0,296747008
2026-09-16T22:07:42.009004+00:00,kai-scheduler,pod-grouper-65456f756-78scb,1.0,11534336
2026-09-16T22:07:42.009004+00:00,kai-scheduler,podgroup-controller-68f9cc8dbf-fdxdx,1.0,13631488
2026-09-16T22:07:42.009004+00:00,kai-scheduler,queue-controller-f86fcd76c-thqpj,1.0,12582912
2026-09-16T22:07:42.009004+00:00,kube-system,coredns-8db54c48d-rkl6z,3.0,52428800
2026-09-16T22:07:42.009004+00:00,kube-system,kwok-controller-5cf8c7c44b-688q7,109.0,82837504
2026-09-16T22:07:42.009004+00:00,kube-system,local-path-provisioner-5d9d9885bc-wxvl4,1.0,17825792
2026-09-16T22:07:42.009004+00:00,kube-system,metrics-server-75dc6f8d87-k68rp,40.0,247463936
2026-09-16T22:07:42.009004+00:00,kube-system,svclb-traefik-9eca1d7e-rh8j2,0.0,0
2026-09-16T22:07:42.009004+00:00,kube-system,traefik-9bcdbbd9-j58m7,3.0,198180864
2026-09-16T22:07:42.009004+00:00,pyroscope,pyroscope-0,7.0,164626432
2026-09-16T22:07:42.009004+00:00,pyroscope,pyroscope-alloy-0,36.0,413138944
2026-09-16T22:08:13.253842+00:00,grove-system,grove-operator-7dc7f7d44b-psqff,27.0,608174080
2026-09-16T22:08:13.253842+00:00,kai-scheduler,admission-86666f457d-bh444,1.0,16777216
2026-09-16T22:08:13.253842+00:00,kai-scheduler,binder-869fc94c7-rfgfb,20.0,163577856
2026-09-16T22:08:13.253842+00:00,kai-scheduler,kai-operator-69b5d7bcf7-2mxdj,1.0,102760448
2026-09-16T22:08:13.253842+00:00,kai-scheduler,kai-scheduler-default-768f44b48c-cknk4,30.0,296747008
2026-09-16T22:08:13.253842+00:00,kai-scheduler,pod-grouper-65456f756-78scb,1.0,11534336
2026-09-16T22:08:13.253842+00:00,kai-scheduler,podgroup-controller-68f9cc8dbf-fdxdx,1.0,13631488
2026-09-16T22:08:13.253842+00:00,kai-scheduler,queue-controller-f86fcd76c-thqpj,1.0,12582912
2026-09-16T22:08:13.253842+00:00,kube-system,coredns-8db54c48d-rkl6z,3.0,53477376
2026-09-16T22:08:13.253842+00:00,kube-system,kwok-controller-5cf8c7c44b-688q7,105.0,82837504
2026-09-16T22:08:13.253842+00:00,kube-system,local-path-provisioner-5d9d9885bc-wxvl4,1.0,17825792
2026-09-16T22:08:13.253842+00:00,kube-system,metrics-server-75dc6f8d87-k68rp,43.0,245366784
2026-09-16T22:08:13.253842+00:00,kube-system,svclb-traefik-9eca1d7e-rh8j2,0.0,0
2026-09-16T22:08:13.253842+00:00,kube-system,traefik-9bcdbbd9-j58m7,6.0,199229440
2026-09-16T22:08:13.253842+00:00,pyroscope,pyroscope-0,7.0,164626432
2026-09-16T22:08:13.253842+00:00,pyroscope,pyroscope-alloy-0,22.0,415236096
2026-09-16T22:08:44.508662+00:00,grove-system,grove-operator-7dc7f7d44b-psqff,15.0,608174080
2026-09-16T22:08:44.508662+00:00,kai-scheduler,admission-86666f457d-bh444,1.0,16777216
2026-09-16T22:08:44.508662+00:00,kai-scheduler,binder-869fc94c7-rfgfb,19.0,164626432
2026-09-16T22:08:44.508662+00:00,kai-scheduler,kai-operator-69b5d7bcf7-2mxdj,1.0,102760448
2026-09-16T22:08:44.508662+00:00,kai-scheduler,kai-scheduler-default-768f44b48c-cknk4,26.0,296747008
2026-09-16T22:08:44.508662+00:00,kai-scheduler,pod-grouper-65456f756-78scb,1.0,11534336
2026-09-16T22:08:44.508662+00:00,kai-scheduler,podgroup-controller-68f9cc8dbf-fdxdx,1.0,13631488
2026-09-16T22:08:44.508662+00:00,kai-scheduler,queue-controller-f86fcd76c-thqpj,1.0,12582912
2026-09-16T22:08:44.508662+00:00,kube-system,coredns-8db54c48d-rkl6z,3.0,52428800
2026-09-16T22:08:44.508662+00:00,kube-system,kwok-controller-5cf8c7c44b-688q7,111.0,81788928
2026-09-16T22:08:44.508662+00:00,kube-system,local-path-provisioner-5d9d9885bc-wxvl4,1.0,17825792
2026-09-16T22:08:44.508662+00:00,kube-system,metrics-server-75dc6f8d87-k68rp,40.0,245366784
2026-09-16T22:08:44.508662+00:00,kube-system,svclb-traefik-9eca1d7e-rh8j2,0.0,0
2026-09-16T22:08:44.508662+00:00,kube-system,traefik-9bcdbbd9-j58m7,3.0,199229440
2026-09-16T22:08:44.508662+00:00,pyroscope,pyroscope-0,5.0,164626432
2026-09-16T22:08:44.508662+00:00,pyroscope,pyroscope-alloy-0,22.0,414187520
2026-09-16T22:09:15.759291+00:00,grove-system,grove-operator-7dc7f7d44b-psqff,10.0,606076928
2026-09-16T22:09:15.759291+00:00,kai-scheduler,admission-86666f457d-bh444,1.0,17825792
2026-09-16T22:09:15.759291+00:00,kai-scheduler,binder-869fc94c7-rfgfb,34.0,169869312
2026-09-16T22:09:15.759291+00:00,kai-scheduler,kai-operator-69b5d7bcf7-2mxdj,37.0,111149056
2026-09-16T22:09:15.759291+00:00,kai-scheduler,kai-scheduler-default-768f44b48c-cknk4,34.0,295698432
2026-09-16T22:09:15.759291+00:00,kai-scheduler,pod-grouper-65456f756-78scb,1.0,11534336
2026-09-16T22:09:15.759291+00:00,kai-scheduler,podgroup-controller-68f9cc8dbf-fdxdx,1.0,13631488
2026-09-16T22:09:15.759291+00:00,kai-scheduler,queue-controller-f86fcd76c-thqpj,1.0,12582912
2026-09-16T22:09:15.759291+00:00,kube-system,coredns-8db54c48d-rkl6z,2.0,51380224
2026-09-16T22:09:15.759291+00:00,kube-system,kwok-controller-5cf8c7c44b-688q7,111.0,80740352
2026-09-16T22:09:15.759291+00:00,kube-system,local-path-provisioner-5d9d9885bc-wxvl4,1.0,17825792
2026-09-16T22:09:15.759291+00:00,kube-system,metrics-server-75dc6f8d87-k68rp,47.0,246415360
2026-09-16T22:09:15.759291+00:00,kube-system,svclb-traefik-9eca1d7e-rh8j2,0.0,0
2026-09-16T22:09:15.759291+00:00,kube-system,traefik-9bcdbbd9-j58m7,52.0,211812352
2026-09-16T22:09:15.759291+00:00,pyroscope,pyroscope-0,6.0,218103808
2026-09-16T22:09:15.759291+00:00,pyroscope,pyroscope-alloy-0,8.0,414187520
2026-09-16T22:09:47.038815+00:00,grove-system,grove-operator-7dc7f7d44b-psqff,11.0,607125504
2026-09-16T22:09:47.038815+00:00,kai-scheduler,admission-86666f457d-bh444,1.0,16777216
2026-09-16T22:09:47.038815+00:00,kai-scheduler,binder-869fc94c7-rfgfb,34.0,165675008
2026-09-16T22:09:47.038815+00:00,kai-scheduler,kai-operator-69b5d7bcf7-2mxdj,37.0,112197632
2026-09-16T22:09:47.038815+00:00,kai-scheduler,kai-scheduler-default-768f44b48c-cknk4,40.0,296747008
2026-09-16T22:09:47.038815+00:00,kai-scheduler,pod-grouper-65456f756-78scb,1.0,11534336
2026-09-16T22:09:47.038815+00:00,kai-scheduler,podgroup-controller-68f9cc8dbf-fdxdx,1.0,13631488
2026-09-16T22:09:47.038815+00:00,kai-scheduler,queue-controller-f86fcd76c-thqpj,1.0,12582912
2026-09-16T22:09:47.038815+00:00,kube-system,coredns-8db54c48d-rkl6z,2.0,52428800
2026-09-16T22:09:47.038815+00:00,kube-system,kwok-controller-5cf8c7c44b-688q7,111.0,82837504
2026-09-16T22:09:47.038815+00:00,kube-system,local-path-provisioner-5d9d9885bc-wxvl4,1.0,17825792
2026-09-16T22:09:47.038815+00:00,kube-system,metrics-server-75dc6f8d87-k68rp,52.0,247463936
2026-09-16T22:09:47.038815+00:00,kube-system,svclb-traefik-9eca1d7e-rh8j2,0.0,0
2026-09-16T22:09:47.038815+00:00,kube-system,traefik-9bcdbbd9-j58m7,53.0,214958080
2026-09-16T22:09:47.038815+00:00,pyroscope,pyroscope-0,6.0,173015040
2026-09-16T22:09:47.038815+00:00,pyroscope,pyroscope-alloy-0,12.0,417333248
2026-09-16T22:10:18.293477+00:00,grove-system,grove-operator-7dc7f7d44b-psqff,222.0,625999872
2026-09-16T22:10:18.293477+00:00,kai-scheduler,admission-86666f457d-bh444,1.0,16777216
2026-09-16T22:10:18.293477+00:00,kai-scheduler,binder-869fc94c7-rfgfb,10.0,162529280
2026-09-16T22:10:18.293477+00:00,kai-scheduler,kai-operator-69b5d7bcf7-2mxdj,48.0,113246208
2026-09-16T22:10:18.293477+00:00,kai-scheduler,kai-scheduler-default-768f44b48c-cknk4,27.0,295698432
2026-09-16T22:10:18.293477+00:00,kai-scheduler,pod-grouper-65456f756-78scb,1.0,11534336
2026-09-16T22:10:18.293477+00:00,kai-scheduler,podgroup-controller-68f9cc8dbf-fdxdx,1.0,13631488
2026-09-16T22:10:18.293477+00:00,kai-scheduler,queue-controller-f86fcd76c-thqpj,1.0,12582912
2026-09-16T22:10:18.293477+00:00,kube-system,coredns-8db54c48d-rkl6z,32.0,53477376
2026-09-16T22:10:18.293477+00:00,kube-system,kwok-controller-5cf8c7c44b-688q7,98.0,82837504
2026-09-16T22:10:18.293477+00:00,kube-system,local-path-provisioner-5d9d9885bc-wxvl4,1.0,17825792
2026-09-16T22:10:18.293477+00:00,kube-system,metrics-server-75dc6f8d87-k68rp,46.0,245366784
2026-09-16T22:10:18.293477+00:00,kube-system,svclb-traefik-9eca1d7e-rh8j2,0.0,0
2026-09-16T22:10:18.293477+00:00,kube-system,traefik-9bcdbbd9-j58m7,79.0,226492416
2026-09-16T22:10:18.293477+00:00,pyroscope,pyroscope-0,6.0,177209344
2026-09-16T22:10:18.293477+00:00,pyroscope,pyroscope-alloy-0,6.0,417333248
2026-09-16T22:10:49.551752+00:00,grove-system,grove-operator-7dc7f7d44b-psqff,291.0,667942912
2026-09-16T22:10:49.551752+00:00,kai-scheduler,admission-86666f457d-bh444,1.0,16777216
2026-09-16T22:10:49.551752+00:00,kai-scheduler,binder-869fc94c7-rfgfb,14.0,161480704
2026-09-16T22:10:49.551752+00:00,kai-scheduler,kai-operator-69b5d7bcf7-2mxdj,49.0,118489088
2026-09-16T22:10:49.551752+00:00,kai-scheduler,kai-scheduler-default-768f44b48c-cknk4,23.0,297795584
2026-09-16T22:10:49.551752+00:00,kai-scheduler,pod-grouper-65456f756-78scb,1.0,11534336
2026-09-16T22:10:49.551752+00:00,kai-scheduler,podgroup-controller-68f9cc8dbf-fdxdx,1.0,13631488
2026-09-16T22:10:49.551752+00:00,kai-scheduler,queue-controller-f86fcd76c-thqpj,1.0,12582912
2026-09-16T22:10:49.551752+00:00,kube-system,coredns-8db54c48d-rkl6z,37.0,54525952
2026-09-16T22:10:49.551752+00:00,kube-system,kwok-controller-5cf8c7c44b-688q7,92.0,81788928
2026-09-16T22:10:49.551752+00:00,kube-system,local-path-provisioner-5d9d9885bc-wxvl4,1.0,17825792
2026-09-16T22:10:49.551752+00:00,kube-system,metrics-server-75dc6f8d87-k68rp,47.0,245366784
2026-09-16T22:10:49.551752+00:00,kube-system,svclb-traefik-9eca1d7e-rh8j2,0.0,0
2026-09-16T22:10:49.551752+00:00,kube-system,traefik-9bcdbbd9-j58m7,66.0,249561088
2026-09-16T22:10:49.551752+00:00,pyroscope,pyroscope-0,7.0,174063616
2026-09-16T22:10:49.551752+00:00,pyroscope,pyroscope-alloy-0,7.0,417333248
2026-09-16T22:11:20.817940+00:00,grove-system,grove-operator-7dc7f7d44b-psqff,411.0,713031680
2026-09-16T22:11:20.817940+00:00,kai-scheduler,admission-86666f457d-bh444,1.0,16777216
2026-09-16T22:11:20.817940+00:00,kai-scheduler,binder-869fc94c7-rfgfb,18.0,160432128
2026-09-16T22:11:20.817940+00:00,kai-scheduler,kai-operator-69b5d7bcf7-2mxdj,4.0,117440512
2026-09-16T22:11:20.817940+00:00,kai-scheduler,kai-scheduler-default-768f44b48c-cknk4,27.0,305135616
2026-09-16T22:11:20.817940+00:00,kai-scheduler,pod-grouper-65456f756-78scb,1.0,11534336
2026-09-16T22:11:20.817940+00:00,kai-scheduler,podgroup-controller-68f9cc8dbf-fdxdx,1.0,13631488
2026-09-16T22:11:20.817940+00:00,kai-scheduler,queue-controller-f86fcd76c-thqpj,1.0,12582912
2026-09-16T22:11:20.817940+00:00,kube-system,coredns-8db54c48d-rkl6z,8.0,55574528
2026-09-16T22:11:20.817940+00:00,kube-system,kwok-controller-5cf8c7c44b-688q7,98.0,82837504
2026-09-16T22:11:20.817940+00:00,kube-system,local-path-provisioner-5d9d9885bc-wxvl4,1.0,17825792
2026-09-16T22:11:20.817940+00:00,kube-system,metrics-server-75dc6f8d87-k68rp,34.0,245366784
2026-09-16T22:11:20.817940+00:00,kube-system,svclb-traefik-9eca1d7e-rh8j2,0.0,0
2026-09-16T22:11:20.817940+00:00,kube-system,traefik-9bcdbbd9-j58m7,17.0,251658240
2026-09-16T22:11:20.817940+00:00,pyroscope,pyroscope-0,6.0,175112192
2026-09-16T22:11:20.817940+00:00,pyroscope,pyroscope-alloy-0,13.0,422576128
2026-09-16T22:11:52.072134+00:00,grove-system,grove-operator-7dc7f7d44b-psqff,460.0,724566016
2026-09-16T22:11:52.072134+00:00,kai-scheduler,admission-86666f457d-bh444,1.0,16777216
2026-09-16T22:11:52.072134+00:00,kai-scheduler,binder-869fc94c7-rfgfb,37.0,162529280
2026-09-16T22:11:52.072134+00:00,kai-scheduler,kai-operator-69b5d7bcf7-2mxdj,1.0,117440512
2026-09-16T22:11:52.072134+00:00,kai-scheduler,kai-scheduler-default-768f44b48c-cknk4,47.0,361758720
2026-09-16T22:11:52.072134+00:00,kai-scheduler,pod-grouper-65456f756-78scb,1.0,11534336
2026-09-16T22:11:52.072134+00:00,kai-scheduler,podgroup-controller-68f9cc8dbf-fdxdx,1.0,13631488
2026-09-16T22:11:52.072134+00:00,kai-scheduler,queue-controller-f86fcd76c-thqpj,1.0,12582912
2026-09-16T22:11:52.072134+00:00,kube-system,coredns-8db54c48d-rkl6z,8.0,54525952
2026-09-16T22:11:52.072134+00:00,kube-system,kwok-controller-5cf8c7c44b-688q7,91.0,83886080
2026-09-16T22:11:52.072134+00:00,kube-system,local-path-provisioner-5d9d9885bc-wxvl4,1.0,17825792
2026-09-16T22:11:52.072134+00:00,kube-system,metrics-server-75dc6f8d87-k68rp,36.0,246415360
2026-09-16T22:11:52.072134+00:00,kube-system,svclb-traefik-9eca1d7e-rh8j2,0.0,0
2026-09-16T22:11:52.072134+00:00,kube-system,traefik-9bcdbbd9-j58m7,12.0,253755392
2026-09-16T22:11:52.072134+00:00,pyroscope,pyroscope-0,7.0,175112192
2026-09-16T22:11:52.072134+00:00,pyroscope,pyroscope-alloy-0,39.0,422576128
2026-09-16T22:12:23.330112+00:00,grove-system,grove-operator-7dc7f7d44b-psqff,488.0,759169024
2026-09-16T22:12:23.330112+00:00,kai-scheduler,admission-86666f457d-bh444,1.0,16777216
2026-09-16T22:12:23.330112+00:00,kai-scheduler,binder-869fc94c7-rfgfb,18.0,162529280
2026-09-16T22:12:23.330112+00:00,kai-scheduler,kai-operator-69b5d7bcf7-2mxdj,1.0,117440512
2026-09-16T22:12:23.330112+00:00,kai-scheduler,kai-scheduler-default-768f44b48c-cknk4,42.0,384827392
2026-09-16T22:12:23.330112+00:00,kai-scheduler,pod-grouper-65456f756-78scb,1.0,11534336
2026-09-16T22:12:23.330112+00:00,kai-scheduler,podgroup-controller-68f9cc8dbf-fdxdx,1.0,13631488
2026-09-16T22:12:23.330112+00:00,kai-scheduler,queue-controller-f86fcd76c-thqpj,1.0,12582912
2026-09-16T22:12:23.330112+00:00,kube-system,coredns-8db54c48d-rkl6z,8.0,55574528
2026-09-16T22:12:23.330112+00:00,kube-system,kwok-controller-5cf8c7c44b-688q7,95.0,83886080
2026-09-16T22:12:23.330112+00:00,kube-system,local-path-provisioner-5d9d9885bc-wxvl4,1.0,17825792
2026-09-16T22:12:23.330112+00:00,kube-system,metrics-server-75dc6f8d87-k68rp,34.0,248512512
2026-09-16T22:12:23.330112+00:00,kube-system,svclb-traefik-9eca1d7e-rh8j2,0.0,0
2026-09-16T22:12:23.330112+00:00,kube-system,traefik-9bcdbbd9-j58m7,16.0,260046848
2026-09-16T22:12:23.330112+00:00,pyroscope,pyroscope-0,8.0,177209344
2026-09-16T22:12:23.330112+00:00,pyroscope,pyroscope-alloy-0,24.0,439353344
2026-09-16T22:12:54.584159+00:00,grove-system,grove-operator-7dc7f7d44b-psqff,480.0,791674880
2026-09-16T22:12:54.584159+00:00,kai-scheduler,admission-86666f457d-bh444,1.0,16777216
2026-09-16T22:12:54.584159+00:00,kai-scheduler,binder-869fc94c7-rfgfb,35.0,164626432
2026-09-16T22:12:54.584159+00:00,kai-scheduler,kai-operator-69b5d7bcf7-2mxdj,4.0,118489088
2026-09-16T22:12:54.584159+00:00,kai-scheduler,kai-scheduler-default-768f44b48c-cknk4,56.0,399507456
2026-09-16T22:12:54.584159+00:00,kai-scheduler,pod-grouper-65456f756-78scb,1.0,11534336
2026-09-16T22:12:54.584159+00:00,kai-scheduler,podgroup-controller-68f9cc8dbf-fdxdx,1.0,13631488
2026-09-16T22:12:54.584159+00:00,kai-scheduler,queue-controller-f86fcd76c-thqpj,1.0,12582912
2026-09-16T22:12:54.584159+00:00,kube-system,coredns-8db54c48d-rkl6z,9.0,55574528
2026-09-16T22:12:54.584159+00:00,kube-system,kwok-controller-5cf8c7c44b-688q7,95.0,83886080
2026-09-16T22:12:54.584159+00:00,kube-system,local-path-provisioner-5d9d9885bc-wxvl4,1.0,17825792
2026-09-16T22:12:54.584159+00:00,kube-system,metrics-server-75dc6f8d87-k68rp,35.0,249561088
2026-09-16T22:12:54.584159+00:00,kube-system,svclb-traefik-9eca1d7e-rh8j2,0.0,0
2026-09-16T22:12:54.584159+00:00,kube-system,traefik-9bcdbbd9-j58m7,12.0,261095424
2026-09-16T22:12:54.584159+00:00,pyroscope,pyroscope-0,7.0,177209344
2026-09-16T22:12:54.584159+00:00,pyroscope,pyroscope-alloy-0,28.0,461373440
2026-09-16T22:13:25.848985+00:00,grove-system,grove-operator-7dc7f7d44b-psqff,526.0,849346560
2026-09-16T22:13:25.848985+00:00,kai-scheduler,admission-86666f457d-bh444,1.0,16777216
2026-09-16T22:13:25.848985+00:00,kai-scheduler,binder-869fc94c7-rfgfb,100.0,191889408
2026-09-16T22:13:25.848985+00:00,kai-scheduler,kai-operator-69b5d7bcf7-2mxdj,7.0,118489088
2026-09-16T22:13:25.848985+00:00,kai-scheduler,kai-scheduler-default-768f44b48c-cknk4,87.0,424673280
2026-09-16T22:13:25.848985+00:00,kai-scheduler,pod-grouper-65456f756-78scb,1.0,11534336
2026-09-16T22:13:25.848985+00:00,kai-scheduler,podgroup-controller-68f9cc8dbf-fdxdx,1.0,13631488
2026-09-16T22:13:25.848985+00:00,kai-scheduler,queue-controller-f86fcd76c-thqpj,1.0,12582912
2026-09-16T22:13:25.848985+00:00,kube-system,coredns-8db54c48d-rkl6z,10.0,56623104
2026-09-16T22:13:25.848985+00:00,kube-system,kwok-controller-5cf8c7c44b-688q7,156.0,84934656
2026-09-16T22:13:25.848985+00:00,kube-system,local-path-provisioner-5d9d9885bc-wxvl4,1.0,17825792
2026-09-16T22:13:25.848985+00:00,kube-system,metrics-server-75dc6f8d87-k68rp,42.0,245366784
2026-09-16T22:13:25.848985+00:00,kube-system,svclb-traefik-9eca1d7e-rh8j2,0.0,0
2026-09-16T22:13:25.848985+00:00,kube-system,traefik-9bcdbbd9-j58m7,12.0,261095424
2026-09-16T22:13:25.848985+00:00,pyroscope,pyroscope-0,7.0,178257920
2026-09-16T22:13:25.848985+00:00,pyroscope,pyroscope-alloy-0,47.0,490733568
2026-09-16T22:13:57.162410+00:00,grove-system,grove-operator-7dc7f7d44b-psqff,795.0,880803840
2026-09-16T22:13:57.162410+00:00,kai-scheduler,admission-86666f457d-bh444,1.0,16777216
2026-09-16T22:13:57.162410+00:00,kai-scheduler,kai-operator-69b5d7bcf7-2mxdj,3.0,118489088
2026-09-16T22:13:57.162410+00:00,kai-scheduler,kai-scheduler-default-768f44b48c-cknk4,96.0,460324864
2026-09-16T22:13:57.162410+00:00,kai-scheduler,pod-grouper-65456f756-78scb,1.0,11534336
2026-09-16T22:13:57.162410+00:00,kai-scheduler,podgroup-controller-68f9cc8dbf-fdxdx,1.0,13631488
2026-09-16T22:13:57.162410+00:00,kai-scheduler,queue-controller-f86fcd76c-thqpj,1.0,12582912
2026-09-16T22:13:57.162410+00:00,kube-system,coredns-8db54c48d-rkl6z,9.0,56623104
2026-09-16T22:13:57.162410+00:00,kube-system,kwok-controller-5cf8c7c44b-688q7,147.0,83886080
2026-09-16T22:13:57.162410+00:00,kube-system,local-path-provisioner-5d9d9885bc-wxvl4,1.0,17825792
2026-09-16T22:13:57.162410+00:00,kube-system,metrics-server-75dc6f8d87-k68rp,41.0,245366784
2026-09-16T22:13:57.162410+00:00,kube-system,svclb-traefik-9eca1d7e-rh8j2,0.0,0
2026-09-16T22:13:57.162410+00:00,kube-system,traefik-9bcdbbd9-j58m7,18.0,267386880
2026-09-16T22:13:57.162410+00:00,pyroscope,pyroscope-0,8.0,179306496
2026-09-16T22:13:57.162410+00:00,pyroscope,pyroscope-alloy-0,69.0,526385152
2026-09-16T22:14:28.450662+00:00,grove-system,grove-operator-7dc7f7d44b-psqff,844.0,908066816
2026-09-16T22:14:28.450662+00:00,kai-scheduler,admission-86666f457d-bh444,1.0,16777216
2026-09-16T22:14:28.450662+00:00,kai-scheduler,kai-operator-69b5d7bcf7-2mxdj,1.0,119537664
2026-09-16T22:14:28.450662+00:00,kai-scheduler,kai-scheduler-default-768f44b48c-cknk4,150.0,461373440
2026-09-16T22:14:28.450662+00:00,kai-scheduler,pod-grouper-65456f756-78scb,1.0,11534336
2026-09-16T22:14:28.450662+00:00,kai-scheduler,podgroup-controller-68f9cc8dbf-fdxdx,1.0,13631488
2026-09-16T22:14:28.450662+00:00,kai-scheduler,queue-controller-f86fcd76c-thqpj,1.0,12582912
2026-09-16T22:14:28.450662+00:00,kube-system,coredns-8db54c48d-rkl6z,10.0,58720256
2026-09-16T22:14:28.450662+00:00,kube-system,kwok-controller-5cf8c7c44b-688q7,311.0,84934656
2026-09-16T22:14:28.450662+00:00,kube-system,local-path-provisioner-5d9d9885bc-wxvl4,1.0,17825792
2026-09-16T22:14:28.450662+00:00,kube-system,metrics-server-75dc6f8d87-k68rp,73.0,254803968
2026-09-16T22:14:28.450662+00:00,kube-system,svclb-traefik-9eca1d7e-rh8j2,0.0,0
2026-09-16T22:14:28.450662+00:00,kube-system,traefik-9bcdbbd9-j58m7,13.0,267386880
2026-09-16T22:14:28.450662+00:00,pyroscope,pyroscope-0,8.0,180355072
2026-09-16T22:14:28.450662+00:00,pyroscope,pyroscope-alloy-0,112.0,565182464
2026-09-16T22:14:59.814679+00:00,grove-system,grove-operator-7dc7f7d44b-psqff,834.0,926941184
2026-09-16T22:14:59.814679+00:00,kai-scheduler,admission-86666f457d-bh444,1.0,16777216
2026-09-16T22:14:59.814679+00:00,kai-scheduler,kai-operator-69b5d7bcf7-2mxdj,8.0,119537664
2026-09-16T22:14:59.814679+00:00,kai-scheduler,pod-grouper-65456f756-78scb,1.0,11534336
2026-09-16T22:14:59.814679+00:00,kai-scheduler,podgroup-controller-68f9cc8dbf-fdxdx,1.0,13631488
2026-09-16T22:14:59.814679+00:00,kai-scheduler,queue-controller-f86fcd76c-thqpj,1.0,12582912
2026-09-16T22:14:59.814679+00:00,kube-system,coredns-8db54c48d-rkl6z,9.0,58720256
2026-09-16T22:14:59.814679+00:00,kube-system,kwok-controller-5cf8c7c44b-688q7,291.0,84934656
2026-09-16T22:14:59.814679+00:00,kube-system,local-path-provisioner-5d9d9885bc-wxvl4,1.0,17825792
2026-09-16T22:14:59.814679+00:00,kube-system,metrics-server-75dc6f8d87-k68rp,82.0,257949696
2026-09-16T22:14:59.814679+00:00,kube-system,svclb-traefik-9eca1d7e-rh8j2,0.0,0
2026-09-16T22:14:59.814679+00:00,kube-system,traefik-9bcdbbd9-j58m7,13.0,267386880
2026-09-16T22:14:59.814679+00:00,pyroscope,pyroscope-0,7.0,180355072
2026-09-16T22:14:59.814679+00:00,pyroscope,pyroscope-alloy-0,138.0,581959680
2026-09-16T22:15:31.124827+00:00,grove-system,grove-operator-7dc7f7d44b-psqff,1033.0,942669824
2026-09-16T22:15:31.124827+00:00,kai-scheduler,admission-86666f457d-bh444,1.0,16777216
2026-09-16T22:15:31.124827+00:00,kai-scheduler,kai-operator-69b5d7bcf7-2mxdj,1.0,119537664
2026-09-16T22:15:31.124827+00:00,kai-scheduler,kai-scheduler-default-768f44b48c-cknk4,180.0,531628032
2026-09-16T22:15:31.124827+00:00,kai-scheduler,pod-grouper-65456f756-78scb,1.0,11534336
2026-09-16T22:15:31.124827+00:00,kai-scheduler,podgroup-controller-68f9cc8dbf-fdxdx,1.0,13631488
2026-09-16T22:15:31.124827+00:00,kai-scheduler,queue-controller-f86fcd76c-thqpj,1.0,12582912
2026-09-16T22:15:31.124827+00:00,kube-system,coredns-8db54c48d-rkl6z,7.0,59768832
2026-09-16T22:15:31.124827+00:00,kube-system,kwok-controller-5cf8c7c44b-688q7,288.0,85983232
2026-09-16T22:15:31.124827+00:00,kube-system,local-path-provisioner-5d9d9885bc-wxvl4,1.0,17825792
2026-09-16T22:15:31.124827+00:00,kube-system,metrics-server-75dc6f8d87-k68rp,71.0,264241152
2026-09-16T22:15:31.124827+00:00,kube-system,svclb-traefik-9eca1d7e-rh8j2,0.0,0
2026-09-16T22:15:31.124827+00:00,kube-system,traefik-9bcdbbd9-j58m7,10.0,269484032
2026-09-16T22:15:31.124827+00:00,pyroscope,pyroscope-0,10.0,181403648
2026-09-16T22:15:31.124827+00:00,pyroscope,pyroscope-alloy-0,155.0,621805568
2026-09-16T22:16:02.410103+00:00,grove-system,grove-operator-7dc7f7d44b-psqff,796.0,942669824
2026-09-16T22:16:02.410103+00:00,kai-scheduler,admission-86666f457d-bh444,1.0,16777216
2026-09-16T22:16:02.410103+00:00,kai-scheduler,kai-operator-69b5d7bcf7-2mxdj,7.0,119537664
2026-09-16T22:16:02.410103+00:00,kai-scheduler,pod-grouper-65456f756-78scb,1.0,11534336
2026-09-16T22:16:02.410103+00:00,kai-scheduler,podgroup-controller-68f9cc8dbf-fdxdx,1.0,13631488
2026-09-16T22:16:02.410103+00:00,kai-scheduler,queue-controller-f86fcd76c-thqpj,1.0,12582912
2026-09-16T22:16:02.410103+00:00,kube-system,coredns-8db54c48d-rkl6z,10.0,59768832
2026-09-16T22:16:02.410103+00:00,kube-system,kwok-controller-5cf8c7c44b-688q7,301.0,85983232
2026-09-16T22:16:02.410103+00:00,kube-system,local-path-provisioner-5d9d9885bc-wxvl4,1.0,17825792
2026-09-16T22:16:02.410103+00:00,kube-system,metrics-server-75dc6f8d87-k68rp,66.0,275775488
2026-09-16T22:16:02.410103+00:00,kube-system,svclb-traefik-9eca1d7e-rh8j2,0.0,0
2026-09-16T22:16:02.410103+00:00,kube-system,traefik-9bcdbbd9-j58m7,13.0,276824064
2026-09-16T22:16:02.410103+00:00,pyroscope,pyroscope-0,8.0,183500800
2026-09-16T22:16:02.410103+00:00,pyroscope,pyroscope-alloy-0,151.0,657457152
2026-09-16T22:16:33.695902+00:00,grove-system,grove-operator-7dc7f7d44b-psqff,778.0,944766976
2026-09-16T22:16:33.695902+00:00,kai-scheduler,admission-86666f457d-bh444,1.0,16777216
2026-09-16T22:16:33.695902+00:00,kai-scheduler,kai-operator-69b5d7bcf7-2mxdj,3.0,119537664
2026-09-16T22:16:33.695902+00:00,kai-scheduler,pod-grouper-65456f756-78scb,1.0,11534336
2026-09-16T22:16:33.695902+00:00,kai-scheduler,podgroup-controller-68f9cc8dbf-fdxdx,1.0,13631488
2026-09-16T22:16:33.695902+00:00,kai-scheduler,queue-controller-f86fcd76c-thqpj,1.0,12582912
2026-09-16T22:16:33.695902+00:00,kube-system,coredns-8db54c48d-rkl6z,9.0,59768832
2026-09-16T22:16:33.695902+00:00,kube-system,kwok-controller-5cf8c7c44b-688q7,303.0,88080384
2026-09-16T22:16:33.695902+00:00,kube-system,local-path-provisioner-5d9d9885bc-wxvl4,1.0,17825792
2026-09-16T22:16:33.695902+00:00,kube-system,metrics-server-75dc6f8d87-k68rp,78.0,289406976
2026-09-16T22:16:33.695902+00:00,kube-system,svclb-traefik-9eca1d7e-rh8j2,0.0,0
2026-09-16T22:16:33.695902+00:00,kube-system,traefik-9bcdbbd9-j58m7,12.0,278921216
2026-09-16T22:16:33.695902+00:00,pyroscope,pyroscope-0,8.0,183500800
2026-09-16T22:16:33.695902+00:00,pyroscope,pyroscope-alloy-0,201.0,686817280
2026-09-16T22:17:04.953451+00:00,grove-system,grove-operator-7dc7f7d44b-psqff,753.0,946864128
2026-09-16T22:17:04.953451+00:00,kai-scheduler,admission-86666f457d-bh444,1.0,16777216
2026-09-16T22:17:04.953451+00:00,kai-scheduler,kai-operator-69b5d7bcf7-2mxdj,1.0,119537664
2026-09-16T22:17:04.953451+00:00,kai-scheduler,pod-grouper-65456f756-78scb,1.0,11534336
2026-09-16T22:17:04.953451+00:00,kai-scheduler,podgroup-controller-68f9cc8dbf-fdxdx,1.0,13631488
2026-09-16T22:17:04.953451+00:00,kai-scheduler,queue-controller-f86fcd76c-thqpj,1.0,12582912
2026-09-16T22:17:04.953451+00:00,kube-system,coredns-8db54c48d-rkl6z,10.0,63963136
2026-09-16T22:17:04.953451+00:00,kube-system,kwok-controller-5cf8c7c44b-688q7,303.0,89128960
2026-09-16T22:17:04.953451+00:00,kube-system,local-path-provisioner-5d9d9885bc-wxvl4,1.0,17825792
2026-09-16T22:17:04.953451+00:00,kube-system,metrics-server-75dc6f8d87-k68rp,58.0,288358400
2026-09-16T22:17:04.953451+00:00,kube-system,svclb-traefik-9eca1d7e-rh8j2,0.0,0
2026-09-16T22:17:04.953451+00:00,kube-system,traefik-9bcdbbd9-j58m7,12.0,278921216
2026-09-16T22:17:04.953451+00:00,pyroscope,pyroscope-0,7.0,183500800
2026-09-16T22:17:04.953451+00:00,pyroscope,pyroscope-alloy-0,176.0,717225984
2026-09-16T22:17:36.225569+00:00,grove-system,grove-operator-7dc7f7d44b-psqff,663.0,945815552
2026-09-16T22:17:36.225569+00:00,kai-scheduler,admission-86666f457d-bh444,1.0,16777216
2026-09-16T22:17:36.225569+00:00,kai-scheduler,kai-operator-69b5d7bcf7-2mxdj,7.0,119537664
2026-09-16T22:17:36.225569+00:00,kai-scheduler,pod-grouper-65456f756-78scb,1.0,11534336
2026-09-16T22:17:36.225569+00:00,kai-scheduler,podgroup-controller-68f9cc8dbf-fdxdx,1.0,13631488
2026-09-16T22:17:36.225569+00:00,kai-scheduler,queue-controller-f86fcd76c-thqpj,1.0,12582912
2026-09-16T22:17:36.225569+00:00,kube-system,coredns-8db54c48d-rkl6z,8.0,62914560
2026-09-16T22:17:36.225569+00:00,kube-system,kwok-controller-5cf8c7c44b-688q7,97.0,88080384
2026-09-16T22:17:36.225569+00:00,kube-system,local-path-provisioner-5d9d9885bc-wxvl4,1.0,17825792
2026-09-16T22:17:36.225569+00:00,kube-system,metrics-server-75dc6f8d87-k68rp,36.0,297795584
2026-09-16T22:17:36.225569+00:00,kube-system,svclb-traefik-9eca1d7e-rh8j2,0.0,0
2026-09-16T22:17:36.225569+00:00,kube-system,traefik-9bcdbbd9-j58m7,12.0,278921216
2026-09-16T22:17:36.225569+00:00,pyroscope,pyroscope-0,6.0,183500800
2026-09-16T22:17:36.225569+00:00,pyroscope,pyroscope-alloy-0,79.0,715128832
2026-09-16T22:18:07.479327+00:00,grove-system,grove-operator-7dc7f7d44b-psqff,770.0,946864128
2026-09-16T22:18:07.479327+00:00,kai-scheduler,admission-86666f457d-bh444,1.0,16777216
2026-09-16T22:18:07.479327+00:00,kai-scheduler,kai-operator-69b5d7bcf7-2mxdj,1.0,119537664
2026-09-16T22:18:07.479327+00:00,kai-scheduler,pod-grouper-65456f756-78scb,1.0,11534336
2026-09-16T22:18:07.479327+00:00,kai-scheduler,podgroup-controller-68f9cc8dbf-fdxdx,1.0,13631488
2026-09-16T22:18:07.479327+00:00,kai-scheduler,queue-controller-f86fcd76c-thqpj,1.0,12582912
2026-09-16T22:18:07.479327+00:00,kube-system,coredns-8db54c48d-rkl6z,8.0,65011712
2026-09-16T22:18:07.479327+00:00,kube-system,kwok-controller-5cf8c7c44b-688q7,136.0,90177536
2026-09-16T22:18:07.479327+00:00,kube-system,local-path-provisioner-5d9d9885bc-wxvl4,1.0,17825792
2026-09-16T22:18:07.479327+00:00,kube-system,metrics-server-75dc6f8d87-k68rp,31.0,296747008
2026-09-16T22:18:07.479327+00:00,kube-system,svclb-traefik-9eca1d7e-rh8j2,0.0,0
2026-09-16T22:18:07.479327+00:00,kube-system,traefik-9bcdbbd9-j58m7,20.0,286261248
2026-09-16T22:18:07.479327+00:00,pyroscope,pyroscope-0,19.0,196083712
2026-09-16T22:18:07.479327+00:00,pyroscope,pyroscope-alloy-0,8.0,715128832
2026-09-16T22:18:38.737483+00:00,grove-system,grove-operator-7dc7f7d44b-psqff,537.0,957349888
2026-09-16T22:18:38.737483+00:00,kai-scheduler,admission-86666f457d-bh444,1.0,16777216
2026-09-16T22:18:38.737483+00:00,kai-scheduler,kai-operator-69b5d7bcf7-2mxdj,2.0,119537664
2026-09-16T22:18:38.737483+00:00,kai-scheduler,pod-grouper-65456f756-78scb,1.0,11534336
2026-09-16T22:18:38.737483+00:00,kai-scheduler,podgroup-controller-68f9cc8dbf-fdxdx,1.0,13631488
2026-09-16T22:18:38.737483+00:00,kai-scheduler,queue-controller-f86fcd76c-thqpj,1.0,12582912
2026-09-16T22:18:38.737483+00:00,kube-system,coredns-8db54c48d-rkl6z,9.0,66060288
2026-09-16T22:18:38.737483+00:00,kube-system,kwok-controller-5cf8c7c44b-688q7,89.0,91226112
2026-09-16T22:18:38.737483+00:00,kube-system,local-path-provisioner-5d9d9885bc-wxvl4,1.0,17825792
2026-09-16T22:18:38.737483+00:00,kube-system,metrics-server-75dc6f8d87-k68rp,32.0,297795584
2026-09-16T22:18:38.737483+00:00,kube-system,svclb-traefik-9eca1d7e-rh8j2,0.0,0
2026-09-16T22:18:38.737483+00:00,kube-system,traefik-9bcdbbd9-j58m7,14.0,285212672
2026-09-16T22:18:38.737483+00:00,pyroscope,pyroscope-0,11.0,203423744
2026-09-16T22:18:38.737483+00:00,pyroscope,pyroscope-alloy-0,5.0,715128832
2026-09-16T22:19:09.986056+00:00,grove-system,grove-operator-7dc7f7d44b-psqff,72.0,954204160
2026-09-16T22:19:09.986056+00:00,kai-scheduler,admission-86666f457d-bh444,1.0,16777216
2026-09-16T22:19:09.986056+00:00,kai-scheduler,kai-operator-69b5d7bcf7-2mxdj,3.0,120586240
2026-09-16T22:19:09.986056+00:00,kai-scheduler,pod-grouper-65456f756-78scb,1.0,11534336
2026-09-16T22:19:09.986056+00:00,kai-scheduler,podgroup-controller-68f9cc8dbf-fdxdx,1.0,13631488
2026-09-16T22:19:09.986056+00:00,kai-scheduler,queue-controller-f86fcd76c-thqpj,1.0,12582912
2026-09-16T22:19:09.986056+00:00,kube-system,coredns-8db54c48d-rkl6z,10.0,65011712
2026-09-16T22:19:09.986056+00:00,kube-system,kwok-controller-5cf8c7c44b-688q7,95.0,92274688
2026-09-16T22:19:09.986056+00:00,kube-system,local-path-provisioner-5d9d9885bc-wxvl4,1.0,17825792
2026-09-16T22:19:09.986056+00:00,kube-system,metrics-server-75dc6f8d87-k68rp,41.0,298844160
2026-09-16T22:19:09.986056+00:00,kube-system,svclb-traefik-9eca1d7e-rh8j2,0.0,0
2026-09-16T22:19:09.986056+00:00,kube-system,traefik-9bcdbbd9-j58m7,13.0,287309824
2026-09-16T22:19:09.986056+00:00,pyroscope,pyroscope-0,6.0,189792256
2026-09-16T22:19:09.986056+00:00,pyroscope,pyroscope-alloy-0,128.0,727711744
2026-09-16T22:19:41.238386+00:00,grove-system,grove-operator-7dc7f7d44b-psqff,120.0,951058432
2026-09-16T22:19:41.238386+00:00,kai-scheduler,admission-86666f457d-bh444,1.0,16777216
2026-09-16T22:19:41.238386+00:00,kai-scheduler,kai-operator-69b5d7bcf7-2mxdj,3.0,119537664
2026-09-16T22:19:41.238386+00:00,kai-scheduler,pod-grouper-65456f756-78scb,1.0,11534336
2026-09-16T22:19:41.238386+00:00,kai-scheduler,podgroup-controller-68f9cc8dbf-fdxdx,1.0,13631488
2026-09-16T22:19:41.238386+00:00,kai-scheduler,queue-controller-f86fcd76c-thqpj,1.0,12582912
2026-09-16T22:19:41.238386+00:00,kube-system,coredns-8db54c48d-rkl6z,9.0,68157440
2026-09-16T22:19:41.238386+00:00,kube-system,kwok-controller-5cf8c7c44b-688q7,539.0,97517568
2026-09-16T22:19:41.238386+00:00,kube-system,local-path-provisioner-5d9d9885bc-wxvl4,1.0,17825792
2026-09-16T22:19:41.238386+00:00,kube-system,metrics-server-75dc6f8d87-k68rp,29.0,299892736
2026-09-16T22:19:41.238386+00:00,kube-system,svclb-traefik-9eca1d7e-rh8j2,0.0,0
2026-09-16T22:19:41.238386+00:00,kube-system,traefik-9bcdbbd9-j58m7,12.0,286261248
2026-09-16T22:19:41.238386+00:00,pyroscope,pyroscope-0,6.0,186646528
2026-09-16T22:19:41.238386+00:00,pyroscope,pyroscope-alloy-0,7.0,727711744
2026-09-16T22:20:12.484584+00:00,grove-system,grove-operator-7dc7f7d44b-psqff,119.0,953155584
2026-09-16T22:20:12.484584+00:00,kai-scheduler,admission-86666f457d-bh444,1.0,16777216
2026-09-16T22:20:12.484584+00:00,kai-scheduler,binder-869fc94c7-rfgfb,100.0,192937984
2026-09-16T22:20:12.484584+00:00,kai-scheduler,kai-operator-69b5d7bcf7-2mxdj,4.0,120586240
2026-09-16T22:20:12.484584+00:00,kai-scheduler,pod-grouper-65456f756-78scb,1.0,11534336
2026-09-16T22:20:12.484584+00:00,kai-scheduler,podgroup-controller-68f9cc8dbf-fdxdx,1.0,13631488
2026-09-16T22:20:12.484584+00:00,kai-scheduler,queue-controller-f86fcd76c-thqpj,1.0,12582912
2026-09-16T22:20:12.484584+00:00,kube-system,coredns-8db54c48d-rkl6z,9.0,67108864
2026-09-16T22:20:12.484584+00:00,kube-system,kwok-controller-5cf8c7c44b-688q7,86.0,96468992
2026-09-16T22:20:12.484584+00:00,kube-system,local-path-provisioner-5d9d9885bc-wxvl4,1.0,17825792
2026-09-16T22:20:12.484584+00:00,kube-system,metrics-server-75dc6f8d87-k68rp,37.0,298844160
2026-09-16T22:20:12.484584+00:00,kube-system,svclb-traefik-9eca1d7e-rh8j2,0.0,0
2026-09-16T22:20:12.484584+00:00,kube-system,traefik-9bcdbbd9-j58m7,18.0,287309824
2026-09-16T22:20:12.484584+00:00,pyroscope,pyroscope-0,6.0,186646528
2026-09-16T22:20:12.484584+00:00,pyroscope,pyroscope-alloy-0,62.0,730857472
2026-09-16T22:20:43.740625+00:00,grove-system,grove-operator-7dc7f7d44b-psqff,126.0,952107008
2026-09-16T22:20:43.740625+00:00,kai-scheduler,admission-86666f457d-bh444,1.0,16777216
2026-09-16T22:20:43.740625+00:00,kai-scheduler,kai-operator-69b5d7bcf7-2mxdj,3.0,119537664
2026-09-16T22:20:43.740625+00:00,kai-scheduler,pod-grouper-65456f756-78scb,1.0,11534336
2026-09-16T22:20:43.740625+00:00,kai-scheduler,podgroup-controller-68f9cc8dbf-fdxdx,1.0,13631488
2026-09-16T22:20:43.740625+00:00,kai-scheduler,queue-controller-f86fcd76c-thqpj,1.0,12582912
2026-09-16T22:20:43.740625+00:00,kube-system,coredns-8db54c48d-rkl6z,8.0,67108864
2026-09-16T22:20:43.740625+00:00,kube-system,kwok-controller-5cf8c7c44b-688q7,93.0,97517568
2026-09-16T22:20:43.740625+00:00,kube-system,local-path-provisioner-5d9d9885bc-wxvl4,1.0,17825792
2026-09-16T22:20:43.740625+00:00,kube-system,metrics-server-75dc6f8d87-k68rp,31.0,299892736
2026-09-16T22:20:43.740625+00:00,kube-system,svclb-traefik-9eca1d7e-rh8j2,0.0,0
2026-09-16T22:20:43.740625+00:00,kube-system,traefik-9bcdbbd9-j58m7,10.0,286261248
2026-09-16T22:20:43.740625+00:00,pyroscope,pyroscope-0,4.0,188743680
2026-09-16T22:20:43.740625+00:00,pyroscope,pyroscope-alloy-0,38.0,730857472
2026-09-16T22:21:14.996091+00:00,grove-system,grove-operator-7dc7f7d44b-psqff,97.0,954204160
2026-09-16T22:21:14.996091+00:00,kai-scheduler,admission-86666f457d-bh444,1.0,16777216
2026-09-16T22:21:14.996091+00:00,kai-scheduler,kai-operator-69b5d7bcf7-2mxdj,5.0,120586240
2026-09-16T22:21:14.996091+00:00,kai-scheduler,pod-grouper-65456f756-78scb,1.0,11534336
2026-09-16T22:21:14.996091+00:00,kai-scheduler,podgroup-controller-68f9cc8dbf-fdxdx,1.0,13631488
2026-09-16T22:21:14.996091+00:00,kai-scheduler,queue-controller-f86fcd76c-thqpj,1.0,12582912
2026-09-16T22:21:14.996091+00:00,kube-system,coredns-8db54c48d-rkl6z,5.0,67108864
2026-09-16T22:21:14.996091+00:00,kube-system,kwok-controller-5cf8c7c44b-688q7,86.0,97517568
2026-09-16T22:21:14.996091+00:00,kube-system,local-path-provisioner-5d9d9885bc-wxvl4,1.0,17825792
2026-09-16T22:21:14.996091+00:00,kube-system,metrics-server-75dc6f8d87-k68rp,28.0,297795584
2026-09-16T22:21:14.996091+00:00,kube-system,svclb-traefik-9eca1d7e-rh8j2,0.0,0
2026-09-16T22:21:14.996091+00:00,kube-system,traefik-9bcdbbd9-j58m7,4.0,285212672
2026-09-16T22:21:14.996091+00:00,pyroscope,pyroscope-0,4.0,188743680
2026-09-16T22:21:14.996091+00:00,pyroscope,pyroscope-alloy-0,5.0,730857472
2026-09-16T22:21:46.252735+00:00,grove-system,grove-operator-7dc7f7d44b-psqff,50.0,956301312
2026-09-16T22:21:46.252735+00:00,kai-scheduler,admission-86666f457d-bh444,1.0,16777216
2026-09-16T22:21:46.252735+00:00,kai-scheduler,kai-operator-69b5d7bcf7-2mxdj,3.0,120586240
2026-09-16T22:21:46.252735+00:00,kai-scheduler,pod-grouper-65456f756-78scb,1.0,11534336
2026-09-16T22:21:46.252735+00:00,kai-scheduler,podgroup-controller-68f9cc8dbf-fdxdx,1.0,13631488
2026-09-16T22:21:46.252735+00:00,kai-scheduler,queue-controller-f86fcd76c-thqpj,1.0,12582912
2026-09-16T22:21:46.252735+00:00,kube-system,coredns-8db54c48d-rkl6z,4.0,68157440
2026-09-16T22:21:46.252735+00:00,kube-system,kwok-controller-5cf8c7c44b-688q7,86.0,96468992
2026-09-16T22:21:46.252735+00:00,kube-system,local-path-provisioner-5d9d9885bc-wxvl4,1.0,17825792
2026-09-16T22:21:46.252735+00:00,kube-system,metrics-server-75dc6f8d87-k68rp,30.0,297795584
2026-09-16T22:21:46.252735+00:00,kube-system,svclb-traefik-9eca1d7e-rh8j2,0.0,0
2026-09-16T22:21:46.252735+00:00,kube-system,traefik-9bcdbbd9-j58m7,3.0,284164096
2026-09-16T22:21:46.252735+00:00,pyroscope,pyroscope-0,6.0,196083712
2026-09-16T22:21:46.252735+00:00,pyroscope,pyroscope-alloy-0,50.0,730857472
2026-09-16T22:22:17.500906+00:00,grove-system,grove-operator-7dc7f7d44b-psqff,51.0,956301312
2026-09-16T22:22:17.500906+00:00,kai-scheduler,admission-86666f457d-bh444,1.0,16777216
2026-09-16T22:22:17.500906+00:00,kai-scheduler,kai-operator-69b5d7bcf7-2mxdj,3.0,120586240
2026-09-16T22:22:17.500906+00:00,kai-scheduler,pod-grouper-65456f756-78scb,1.0,11534336
2026-09-16T22:22:17.500906+00:00,kai-scheduler,podgroup-controller-68f9cc8dbf-fdxdx,1.0,13631488
2026-09-16T22:22:17.500906+00:00,kai-scheduler,queue-controller-f86fcd76c-thqpj,1.0,12582912
2026-09-16T22:22:17.500906+00:00,kube-system,coredns-8db54c48d-rkl6z,3.0,67108864
2026-09-16T22:22:17.500906+00:00,kube-system,kwok-controller-5cf8c7c44b-688q7,82.0,95420416
2026-09-16T22:22:17.500906+00:00,kube-system,local-path-provisioner-5d9d9885bc-wxvl4,1.0,17825792
2026-09-16T22:22:17.500906+00:00,kube-system,metrics-server-75dc6f8d87-k68rp,26.0,297795584
2026-09-16T22:22:17.500906+00:00,kube-system,svclb-traefik-9eca1d7e-rh8j2,0.0,0
2026-09-16T22:22:17.500906+00:00,kube-system,traefik-9bcdbbd9-j58m7,3.0,285212672
2026-09-16T22:22:17.500906+00:00,pyroscope,pyroscope-0,6.0,197132288
2026-09-16T22:22:17.500906+00:00,pyroscope,pyroscope-alloy-0,6.0,731906048
2026-09-16T22:22:48.746263+00:00,grove-system,grove-operator-7dc7f7d44b-psqff,43.0,957349888
2026-09-16T22:22:48.746263+00:00,kai-scheduler,admission-86666f457d-bh444,1.0,16777216
2026-09-16T22:22:48.746263+00:00,kai-scheduler,kai-operator-69b5d7bcf7-2mxdj,3.0,119537664
2026-09-16T22:22:48.746263+00:00,kai-scheduler,pod-grouper-65456f756-78scb,1.0,11534336
2026-09-16T22:22:48.746263+00:00,kai-scheduler,podgroup-controller-68f9cc8dbf-fdxdx,1.0,13631488
2026-09-16T22:22:48.746263+00:00,kai-scheduler,queue-controller-f86fcd76c-thqpj,1.0,12582912
2026-09-16T22:22:48.746263+00:00,kube-system,coredns-8db54c48d-rkl6z,5.0,68157440
2026-09-16T22:22:48.746263+00:00,kube-system,kwok-controller-5cf8c7c44b-688q7,80.0,96468992
2026-09-16T22:22:48.746263+00:00,kube-system,local-path-provisioner-5d9d9885bc-wxvl4,1.0,17825792
2026-09-16T22:22:48.746263+00:00,kube-system,metrics-server-75dc6f8d87-k68rp,24.0,297795584
2026-09-16T22:22:48.746263+00:00,kube-system,svclb-traefik-9eca1d7e-rh8j2,0.0,0
2026-09-16T22:22:48.746263+00:00,kube-system,traefik-9bcdbbd9-j58m7,3.0,277872640
2026-09-16T22:22:48.746263+00:00,pyroscope,pyroscope-0,5.0,192937984
2026-09-16T22:22:48.746263+00:00,pyroscope,pyroscope-alloy-0,7.0,731906048
2026-09-16T22:23:20.000118+00:00,grove-system,grove-operator-7dc7f7d44b-psqff,44.0,959447040
2026-09-16T22:23:20.000118+00:00,kai-scheduler,admission-86666f457d-bh444,1.0,16777216
2026-09-16T22:23:20.000118+00:00,kai-scheduler,kai-operator-69b5d7bcf7-2mxdj,3.0,117440512
2026-09-16T22:23:20.000118+00:00,kai-scheduler,pod-grouper-65456f756-78scb,1.0,11534336
2026-09-16T22:23:20.000118+00:00,kai-scheduler,podgroup-controller-68f9cc8dbf-fdxdx,1.0,13631488
2026-09-16T22:23:20.000118+00:00,kai-scheduler,queue-controller-f86fcd76c-thqpj,1.0,12582912
2026-09-16T22:23:20.000118+00:00,kube-system,coredns-8db54c48d-rkl6z,3.0,63963136
2026-09-16T22:23:20.000118+00:00,kube-system,kwok-controller-5cf8c7c44b-688q7,128.0,97517568
2026-09-16T22:23:20.000118+00:00,kube-system,local-path-provisioner-5d9d9885bc-wxvl4,1.0,17825792
2026-09-16T22:23:20.000118+00:00,kube-system,metrics-server-75dc6f8d87-k68rp,29.0,298844160
2026-09-16T22:23:20.000118+00:00,kube-system,svclb-traefik-9eca1d7e-rh8j2,0.0,0
2026-09-16T22:23:20.000118+00:00,kube-system,traefik-9bcdbbd9-j58m7,3.0,277872640
2026-09-16T22:23:20.000118+00:00,pyroscope,pyroscope-0,7.0,192937984
2026-09-16T22:23:20.000118+00:00,pyroscope,pyroscope-alloy-0,8.0,731906048
2026-09-16T22:23:51.245536+00:00,grove-system,grove-operator-7dc7f7d44b-psqff,42.0,958398464
2026-09-16T22:23:51.245536+00:00,kai-scheduler,admission-86666f457d-bh444,1.0,16777216
2026-09-16T22:23:51.245536+00:00,kai-scheduler,kai-operator-69b5d7bcf7-2mxdj,3.0,117440512
2026-09-16T22:23:51.245536+00:00,kai-scheduler,pod-grouper-65456f756-78scb,1.0,11534336
2026-09-16T22:23:51.245536+00:00,kai-scheduler,podgroup-controller-68f9cc8dbf-fdxdx,1.0,13631488
2026-09-16T22:23:51.245536+00:00,kai-scheduler,queue-controller-f86fcd76c-thqpj,1.0,12582912
2026-09-16T22:23:51.245536+00:00,kube-system,coredns-8db54c48d-rkl6z,3.0,63963136
2026-09-16T22:23:51.245536+00:00,kube-system,kwok-controller-5cf8c7c44b-688q7,89.0,96468992
2026-09-16T22:23:51.245536+00:00,kube-system,local-path-provisioner-5d9d9885bc-wxvl4,1.0,17825792
2026-09-16T22:23:51.245536+00:00,kube-system,metrics-server-75dc6f8d87-k68rp,29.0,298844160
2026-09-16T22:23:51.245536+00:00,kube-system,svclb-traefik-9eca1d7e-rh8j2,0.0,0
2026-09-16T22:23:51.245536+00:00,kube-system,traefik-9bcdbbd9-j58m7,3.0,278921216
2026-09-16T22:23:51.245536+00:00,pyroscope,pyroscope-0,4.0,196083712
2026-09-16T22:23:51.245536+00:00,pyroscope,pyroscope-alloy-0,5.0,742391808
2026-09-16T22:24:22.502125+00:00,grove-system,grove-operator-7dc7f7d44b-psqff,58.0,953155584
2026-09-16T22:24:22.502125+00:00,kai-scheduler,admission-86666f457d-bh444,1.0,16777216
2026-09-16T22:24:22.502125+00:00,kai-scheduler,kai-operator-69b5d7bcf7-2mxdj,3.0,117440512
2026-09-16T22:24:22.502125+00:00,kai-scheduler,pod-grouper-65456f756-78scb,1.0,11534336
2026-09-16T22:24:22.502125+00:00,kai-scheduler,podgroup-controller-68f9cc8dbf-fdxdx,1.0,13631488
2026-09-16T22:24:22.502125+00:00,kai-scheduler,queue-controller-f86fcd76c-thqpj,1.0,12582912
2026-09-16T22:24:22.502125+00:00,kube-system,coredns-8db54c48d-rkl6z,4.0,65011712
2026-09-16T22:24:22.502125+00:00,kube-system,kwok-controller-5cf8c7c44b-688q7,94.0,96468992
2026-09-16T22:24:22.502125+00:00,kube-system,local-path-provisioner-5d9d9885bc-wxvl4,1.0,17825792
2026-09-16T22:24:22.502125+00:00,kube-system,metrics-server-75dc6f8d87-k68rp,37.0,298844160
2026-09-16T22:24:22.502125+00:00,kube-system,svclb-traefik-9eca1d7e-rh8j2,0.0,0
2026-09-16T22:24:22.502125+00:00,kube-system,traefik-9bcdbbd9-j58m7,10.0,273678336
2026-09-16T22:24:22.502125+00:00,pyroscope,pyroscope-0,7.0,197132288
2026-09-16T22:24:22.502125+00:00,pyroscope,pyroscope-alloy-0,7.0,728760320
2026-09-16T22:24:53.750905+00:00,grove-system,grove-operator-7dc7f7d44b-psqff,46.0,953155584
2026-09-16T22:24:53.750905+00:00,kai-scheduler,admission-86666f457d-bh444,1.0,16777216
2026-09-16T22:24:53.750905+00:00,kai-scheduler,kai-operator-69b5d7bcf7-2mxdj,3.0,116391936
2026-09-16T22:24:53.750905+00:00,kai-scheduler,pod-grouper-65456f756-78scb,1.0,11534336
2026-09-16T22:24:53.750905+00:00,kai-scheduler,podgroup-controller-68f9cc8dbf-fdxdx,1.0,13631488
2026-09-16T22:24:53.750905+00:00,kai-scheduler,queue-controller-f86fcd76c-thqpj,1.0,12582912
2026-09-16T22:24:53.750905+00:00,kube-system,coredns-8db54c48d-rkl6z,5.0,63963136
2026-09-16T22:24:53.750905+00:00,kube-system,kwok-controller-5cf8c7c44b-688q7,92.0,96468992
2026-09-16T22:24:53.750905+00:00,kube-system,local-path-provisioner-5d9d9885bc-wxvl4,1.0,17825792
2026-09-16T22:24:53.750905+00:00,kube-system,metrics-server-75dc6f8d87-k68rp,33.0,297795584
2026-09-16T22:24:53.750905+00:00,kube-system,svclb-traefik-9eca1d7e-rh8j2,0.0,0
2026-09-16T22:24:53.750905+00:00,kube-system,traefik-9bcdbbd9-j58m7,3.0,272629760
2026-09-16T22:24:53.750905+00:00,pyroscope,pyroscope-0,6.0,193986560
2026-09-16T22:24:53.750905+00:00,pyroscope,pyroscope-alloy-0,5.0,728760320
2026-09-16T22:25:25.002838+00:00,grove-system,grove-operator-7dc7f7d44b-psqff,62.0,950009856
2026-09-16T22:25:25.002838+00:00,kai-scheduler,admission-86666f457d-bh444,1.0,16777216
2026-09-16T22:25:25.002838+00:00,kai-scheduler,kai-operator-69b5d7bcf7-2mxdj,3.0,110100480
2026-09-16T22:25:25.002838+00:00,kai-scheduler,pod-grouper-65456f756-78scb,1.0,11534336
2026-09-16T22:25:25.002838+00:00,kai-scheduler,podgroup-controller-68f9cc8dbf-fdxdx,1.0,13631488
2026-09-16T22:25:25.002838+00:00,kai-scheduler,queue-controller-f86fcd76c-thqpj,1.0,12582912
2026-09-16T22:25:25.002838+00:00,kube-system,coredns-8db54c48d-rkl6z,3.0,62914560
2026-09-16T22:25:25.002838+00:00,kube-system,kwok-controller-5cf8c7c44b-688q7,88.0,96468992
2026-09-16T22:25:25.002838+00:00,kube-system,local-path-provisioner-5d9d9885bc-wxvl4,1.0,17825792
2026-09-16T22:25:25.002838+00:00,kube-system,metrics-server-75dc6f8d87-k68rp,27.0,298844160
2026-09-16T22:25:25.002838+00:00,kube-system,svclb-traefik-9eca1d7e-rh8j2,0.0,0
2026-09-16T22:25:25.002838+00:00,kube-system,traefik-9bcdbbd9-j58m7,3.0,273678336
2026-09-16T22:25:25.002838+00:00,pyroscope,pyroscope-0,6.0,191889408
2026-09-16T22:25:25.002838+00:00,pyroscope,pyroscope-alloy-0,6.0,735051776
2026-09-16T22:25:56.255148+00:00,grove-system,grove-operator-7dc7f7d44b-psqff,42.0,956301312
2026-09-16T22:25:56.255148+00:00,kai-scheduler,admission-86666f457d-bh444,1.0,16777216
2026-09-16T22:25:56.255148+00:00,kai-scheduler,kai-operator-69b5d7bcf7-2mxdj,3.0,115343360
2026-09-16T22:25:56.255148+00:00,kai-scheduler,pod-grouper-65456f756-78scb,1.0,11534336
2026-09-16T22:25:56.255148+00:00,kai-scheduler,podgroup-controller-68f9cc8dbf-fdxdx,1.0,13631488
2026-09-16T22:25:56.255148+00:00,kai-scheduler,queue-controller-f86fcd76c-thqpj,1.0,12582912
2026-09-16T22:25:56.255148+00:00,kube-system,coredns-8db54c48d-rkl6z,4.0,62914560
2026-09-16T22:25:56.255148+00:00,kube-system,kwok-controller-5cf8c7c44b-688q7,89.0,96468992
2026-09-16T22:25:56.255148+00:00,kube-system,local-path-provisioner-5d9d9885bc-wxvl4,1.0,17825792
2026-09-16T22:25:56.255148+00:00,kube-system,metrics-server-75dc6f8d87-k68rp,31.0,297795584
2026-09-16T22:25:56.255148+00:00,kube-system,svclb-traefik-9eca1d7e-rh8j2,0.0,0
2026-09-16T22:25:56.255148+00:00,kube-system,traefik-9bcdbbd9-j58m7,9.0,272629760
2026-09-16T22:25:56.255148+00:00,pyroscope,pyroscope-0,6.0,193986560
2026-09-16T22:25:56.255148+00:00,pyroscope,pyroscope-alloy-0,33.0,740294656
2026-09-16T22:26:27.503223+00:00,grove-system,grove-operator-7dc7f7d44b-psqff,67.0,944766976
2026-09-16T22:26:27.503223+00:00,kai-scheduler,admission-86666f457d-bh444,1.0,16777216
2026-09-16T22:26:27.503223+00:00,kai-scheduler,kai-operator-69b5d7bcf7-2mxdj,3.0,116391936
2026-09-16T22:26:27.503223+00:00,kai-scheduler,pod-grouper-65456f756-78scb,1.0,11534336
2026-09-16T22:26:27.503223+00:00,kai-scheduler,podgroup-controller-68f9cc8dbf-fdxdx,1.0,13631488
2026-09-16T22:26:27.503223+00:00,kai-scheduler,queue-controller-f86fcd76c-thqpj,1.0,12582912
2026-09-16T22:26:27.503223+00:00,kube-system,coredns-8db54c48d-rkl6z,3.0,63963136
2026-09-16T22:26:27.503223+00:00,kube-system,kwok-controller-5cf8c7c44b-688q7,88.0,95420416
2026-09-16T22:26:27.503223+00:00,kube-system,local-path-provisioner-5d9d9885bc-wxvl4,1.0,17825792
2026-09-16T22:26:27.503223+00:00,kube-system,metrics-server-75dc6f8d87-k68rp,28.0,297795584
2026-09-16T22:26:27.503223+00:00,kube-system,svclb-traefik-9eca1d7e-rh8j2,0.0,0
2026-09-16T22:26:27.503223+00:00,kube-system,traefik-9bcdbbd9-j58m7,3.0,272629760
2026-09-16T22:26:27.503223+00:00,pyroscope,pyroscope-0,6.0,191889408
2026-09-16T22:26:27.503223+00:00,pyroscope,pyroscope-alloy-0,7.0,740294656
2026-09-16T22:26:58.751713+00:00,grove-system,grove-operator-7dc7f7d44b-psqff,26.0,944766976
2026-09-16T22:26:58.751713+00:00,kai-scheduler,admission-86666f457d-bh444,1.0,16777216
2026-09-16T22:26:58.751713+00:00,kai-scheduler,kai-operator-69b5d7bcf7-2mxdj,7.0,117440512
2026-09-16T22:26:58.751713+00:00,kai-scheduler,pod-grouper-65456f756-78scb,1.0,11534336
2026-09-16T22:26:58.751713+00:00,kai-scheduler,podgroup-controller-68f9cc8dbf-fdxdx,1.0,13631488
2026-09-16T22:26:58.751713+00:00,kai-scheduler,queue-controller-f86fcd76c-thqpj,1.0,12582912
2026-09-16T22:26:58.751713+00:00,kube-system,coredns-8db54c48d-rkl6z,3.0,62914560
2026-09-16T22:26:58.751713+00:00,kube-system,kwok-controller-5cf8c7c44b-688q7,91.0,96468992
2026-09-16T22:26:58.751713+00:00,kube-system,local-path-provisioner-5d9d9885bc-wxvl4,1.0,17825792
2026-09-16T22:26:58.751713+00:00,kube-system,metrics-server-75dc6f8d87-k68rp,28.0,297795584
2026-09-16T22:26:58.751713+00:00,kube-system,svclb-traefik-9eca1d7e-rh8j2,0.0,0
2026-09-16T22:26:58.751713+00:00,kube-system,traefik-9bcdbbd9-j58m7,4.0,272629760
2026-09-16T22:26:58.751713+00:00,pyroscope,pyroscope-0,6.0,193986560
2026-09-16T22:26:58.751713+00:00,pyroscope,pyroscope-alloy-0,56.0,740294656
2026-09-16T22:27:30.004399+00:00,grove-system,grove-operator-7dc7f7d44b-psqff,30.0,951058432
2026-09-16T22:27:30.004399+00:00,kai-scheduler,admission-86666f457d-bh444,1.0,16777216
2026-09-16T22:27:30.004399+00:00,kai-scheduler,kai-operator-69b5d7bcf7-2mxdj,3.0,118489088
2026-09-16T22:27:30.004399+00:00,kai-scheduler,pod-grouper-65456f756-78scb,1.0,11534336
2026-09-16T22:27:30.004399+00:00,kai-scheduler,podgroup-controller-68f9cc8dbf-fdxdx,1.0,13631488
2026-09-16T22:27:30.004399+00:00,kai-scheduler,queue-controller-f86fcd76c-thqpj,1.0,12582912
2026-09-16T22:27:30.004399+00:00,kube-system,coredns-8db54c48d-rkl6z,3.0,61865984
2026-09-16T22:27:30.004399+00:00,kube-system,kwok-controller-5cf8c7c44b-688q7,88.0,97517568
2026-09-16T22:27:30.004399+00:00,kube-system,local-path-provisioner-5d9d9885bc-wxvl4,1.0,17825792
2026-09-16T22:27:30.004399+00:00,kube-system,metrics-server-75dc6f8d87-k68rp,36.0,297795584
2026-09-16T22:27:30.004399+00:00,kube-system,svclb-traefik-9eca1d7e-rh8j2,0.0,0
2026-09-16T22:27:30.004399+00:00,kube-system,traefik-9bcdbbd9-j58m7,4.0,272629760
2026-09-16T22:27:30.004399+00:00,pyroscope,pyroscope-0,6.0,191889408
2026-09-16T22:27:30.004399+00:00,pyroscope,pyroscope-alloy-0,6.0,740294656
2026-09-16T22:28:01.252898+00:00,grove-system,grove-operator-7dc7f7d44b-psqff,28.0,945815552
2026-09-16T22:28:01.252898+00:00,kai-scheduler,admission-86666f457d-bh444,1.0,16777216
2026-09-16T22:28:01.252898+00:00,kai-scheduler,kai-operator-69b5d7bcf7-2mxdj,3.0,118489088
2026-09-16T22:28:01.252898+00:00,kai-scheduler,pod-grouper-65456f756-78scb,1.0,11534336
2026-09-16T22:28:01.252898+00:00,kai-scheduler,podgroup-controller-68f9cc8dbf-fdxdx,1.0,13631488
2026-09-16T22:28:01.252898+00:00,kai-scheduler,queue-controller-f86fcd76c-thqpj,1.0,12582912
2026-09-16T22:28:01.252898+00:00,kube-system,coredns-8db54c48d-rkl6z,3.0,62914560
2026-09-16T22:28:01.252898+00:00,kube-system,kwok-controller-5cf8c7c44b-688q7,106.0,97517568
2026-09-16T22:28:01.252898+00:00,kube-system,local-path-provisioner-5d9d9885bc-wxvl4,1.0,17825792
2026-09-16T22:28:01.252898+00:00,kube-system,metrics-server-75dc6f8d87-k68rp,32.0,298844160
2026-09-16T22:28:01.252898+00:00,kube-system,svclb-traefik-9eca1d7e-rh8j2,0.0,0
2026-09-16T22:28:01.252898+00:00,kube-system,traefik-9bcdbbd9-j58m7,8.0,274726912
2026-09-16T22:28:01.252898+00:00,pyroscope,pyroscope-0,7.0,191889408
2026-09-16T22:28:01.252898+00:00,pyroscope,pyroscope-alloy-0,6.0,740294656
2026-09-16T22:28:32.512684+00:00,grove-system,grove-operator-7dc7f7d44b-psqff,31.0,951058432
2026-09-16T22:28:32.512684+00:00,kai-scheduler,admission-86666f457d-bh444,1.0,16777216
2026-09-16T22:28:32.512684+00:00,kai-scheduler,kai-operator-69b5d7bcf7-2mxdj,3.0,118489088
2026-09-16T22:28:32.512684+00:00,kai-scheduler,pod-grouper-65456f756-78scb,1.0,11534336
2026-09-16T22:28:32.512684+00:00,kai-scheduler,podgroup-controller-68f9cc8dbf-fdxdx,1.0,13631488
2026-09-16T22:28:32.512684+00:00,kai-scheduler,queue-controller-f86fcd76c-thqpj,1.0,12582912
2026-09-16T22:28:32.512684+00:00,kube-system,coredns-8db54c48d-rkl6z,3.0,61865984
2026-09-16T22:28:32.512684+00:00,kube-system,kwok-controller-5cf8c7c44b-688q7,87.0,97517568
2026-09-16T22:28:32.512684+00:00,kube-system,local-path-provisioner-5d9d9885bc-wxvl4,1.0,17825792
2026-09-16T22:28:32.512684+00:00,kube-system,metrics-server-75dc6f8d87-k68rp,29.0,297795584
2026-09-16T22:28:32.512684+00:00,kube-system,svclb-traefik-9eca1d7e-rh8j2,0.0,0
2026-09-16T22:28:32.512684+00:00,kube-system,traefik-9bcdbbd9-j58m7,3.0,272629760
2026-09-16T22:28:32.512684+00:00,pyroscope,pyroscope-0,6.0,191889408
2026-09-16T22:28:32.512684+00:00,pyroscope,pyroscope-alloy-0,8.0,735051776
2026-09-16T22:29:03.760884+00:00,grove-system,grove-operator-7dc7f7d44b-psqff,48.0,940572672
2026-09-16T22:29:03.760884+00:00,kai-scheduler,admission-86666f457d-bh444,1.0,16777216
2026-09-16T22:29:03.760884+00:00,kai-scheduler,kai-operator-69b5d7bcf7-2mxdj,5.0,116391936
2026-09-16T22:29:03.760884+00:00,kai-scheduler,pod-grouper-65456f756-78scb,1.0,11534336
2026-09-16T22:29:03.760884+00:00,kai-scheduler,podgroup-controller-68f9cc8dbf-fdxdx,1.0,13631488
2026-09-16T22:29:03.760884+00:00,kai-scheduler,queue-controller-f86fcd76c-thqpj,1.0,12582912
2026-09-16T22:29:03.760884+00:00,kube-system,coredns-8db54c48d-rkl6z,3.0,62914560
2026-09-16T22:29:03.760884+00:00,kube-system,kwok-controller-5cf8c7c44b-688q7,93.0,97517568
2026-09-16T22:29:03.760884+00:00,kube-system,local-path-provisioner-5d9d9885bc-wxvl4,1.0,17825792
2026-09-16T22:29:03.760884+00:00,kube-system,metrics-server-75dc6f8d87-k68rp,37.0,298844160
2026-09-16T22:29:03.760884+00:00,kube-system,svclb-traefik-9eca1d7e-rh8j2,0.0,0
2026-09-16T22:29:03.760884+00:00,kube-system,traefik-9bcdbbd9-j58m7,3.0,272629760
2026-09-16T22:29:03.760884+00:00,pyroscope,pyroscope-0,5.0,191889408
2026-09-16T22:29:03.760884+00:00,pyroscope,pyroscope-alloy-0,38.0,734003200
2026-09-16T22:29:35.011813+00:00,grove-system,grove-operator-7dc7f7d44b-psqff,32.0,940572672
2026-09-16T22:29:35.011813+00:00,kai-scheduler,admission-86666f457d-bh444,1.0,16777216
2026-09-16T22:29:35.011813+00:00,kai-scheduler,kai-operator-69b5d7bcf7-2mxdj,3.0,116391936
2026-09-16T22:29:35.011813+00:00,kai-scheduler,pod-grouper-65456f756-78scb,1.0,11534336
2026-09-16T22:29:35.011813+00:00,kai-scheduler,podgroup-controller-68f9cc8dbf-fdxdx,1.0,13631488
2026-09-16T22:29:35.011813+00:00,kai-scheduler,queue-controller-f86fcd76c-thqpj,1.0,12582912
2026-09-16T22:29:35.011813+00:00,kube-system,coredns-8db54c48d-rkl6z,3.0,62914560
2026-09-16T22:29:35.011813+00:00,kube-system,kwok-controller-5cf8c7c44b-688q7,88.0,96468992
2026-09-16T22:29:35.011813+00:00,kube-system,local-path-provisioner-5d9d9885bc-wxvl4,1.0,17825792
2026-09-16T22:29:35.011813+00:00,kube-system,metrics-server-75dc6f8d87-k68rp,28.0,298844160
2026-09-16T22:29:35.011813+00:00,kube-system,svclb-traefik-9eca1d7e-rh8j2,0.0,0
2026-09-16T22:29:35.011813+00:00,kube-system,traefik-9bcdbbd9-j58m7,3.0,272629760
2026-09-16T22:29:35.011813+00:00,pyroscope,pyroscope-0,6.0,193986560
2026-09-16T22:29:35.011813+00:00,pyroscope,pyroscope-alloy-0,7.0,734003200
2026-09-16T22:30:06.260927+00:00,grove-system,grove-operator-7dc7f7d44b-psqff,61.0,933232640
2026-09-16T22:30:06.260927+00:00,kai-scheduler,admission-86666f457d-bh444,1.0,16777216
2026-09-16T22:30:06.260927+00:00,kai-scheduler,kai-operator-69b5d7bcf7-2mxdj,3.0,117440512
2026-09-16T22:30:06.260927+00:00,kai-scheduler,pod-grouper-65456f756-78scb,1.0,11534336
2026-09-16T22:30:06.260927+00:00,kai-scheduler,podgroup-controller-68f9cc8dbf-fdxdx,1.0,13631488
2026-09-16T22:30:06.260927+00:00,kai-scheduler,queue-controller-f86fcd76c-thqpj,1.0,12582912
2026-09-16T22:30:06.260927+00:00,kube-system,coredns-8db54c48d-rkl6z,3.0,62914560
2026-09-16T22:30:06.260927+00:00,kube-system,kwok-controller-5cf8c7c44b-688q7,89.0,96468992
2026-09-16T22:30:06.260927+00:00,kube-system,local-path-provisioner-5d9d9885bc-wxvl4,1.0,17825792
2026-09-16T22:30:06.260927+00:00,kube-system,metrics-server-75dc6f8d87-k68rp,25.0,300941312
2026-09-16T22:30:06.260927+00:00,kube-system,svclb-traefik-9eca1d7e-rh8j2,0.0,0
2026-09-16T22:30:06.260927+00:00,kube-system,traefik-9bcdbbd9-j58m7,3.0,273678336
2026-09-16T22:30:06.260927+00:00,pyroscope,pyroscope-0,6.0,198180864
2026-09-16T22:30:06.260927+00:00,pyroscope,pyroscope-alloy-0,53.0,734003200
2026-09-16T22:30:37.504947+00:00,grove-system,grove-operator-7dc7f7d44b-psqff,34.0,938475520
2026-09-16T22:30:37.504947+00:00,kai-scheduler,admission-86666f457d-bh444,1.0,16777216
2026-09-16T22:30:37.504947+00:00,kai-scheduler,kai-operator-69b5d7bcf7-2mxdj,3.0,117440512
2026-09-16T22:30:37.504947+00:00,kai-scheduler,pod-grouper-65456f756-78scb,1.0,11534336
2026-09-16T22:30:37.504947+00:00,kai-scheduler,podgroup-controller-68f9cc8dbf-fdxdx,1.0,13631488
2026-09-16T22:30:37.504947+00:00,kai-scheduler,queue-controller-f86fcd76c-thqpj,1.0,12582912
2026-09-16T22:30:37.504947+00:00,kube-system,coredns-8db54c48d-rkl6z,3.0,63963136
2026-09-16T22:30:37.504947+00:00,kube-system,kwok-controller-5cf8c7c44b-688q7,124.0,98566144
2026-09-16T22:30:37.504947+00:00,kube-system,local-path-provisioner-5d9d9885bc-wxvl4,1.0,17825792
2026-09-16T22:30:37.504947+00:00,kube-system,metrics-server-75dc6f8d87-k68rp,29.0,300941312
2026-09-16T22:30:37.504947+00:00,kube-system,svclb-traefik-9eca1d7e-rh8j2,0.0,0
2026-09-16T22:30:37.504947+00:00,kube-system,traefik-9bcdbbd9-j58m7,3.0,269484032
2026-09-16T22:30:37.504947+00:00,pyroscope,pyroscope-0,6.0,197132288
2026-09-16T22:30:37.504947+00:00,pyroscope,pyroscope-alloy-0,25.0,734003200
2026-09-16T22:31:08.751586+00:00,grove-system,grove-operator-7dc7f7d44b-psqff,62.0,927989760
2026-09-16T22:31:08.751586+00:00,kai-scheduler,admission-86666f457d-bh444,1.0,16777216
2026-09-16T22:31:08.751586+00:00,kai-scheduler,binder-869fc94c7-rfgfb,100.0,159383552
2026-09-16T22:31:08.751586+00:00,kai-scheduler,kai-operator-69b5d7bcf7-2mxdj,8.0,110100480
2026-09-16T22:31:08.751586+00:00,kai-scheduler,pod-grouper-65456f756-78scb,1.0,11534336
2026-09-16T22:31:08.751586+00:00,kai-scheduler,podgroup-controller-68f9cc8dbf-fdxdx,1.0,13631488
2026-09-16T22:31:08.751586+00:00,kai-scheduler,queue-controller-f86fcd76c-thqpj,1.0,12582912
2026-09-16T22:31:08.751586+00:00,kube-system,coredns-8db54c48d-rkl6z,3.0,61865984
2026-09-16T22:31:08.751586+00:00,kube-system,kwok-controller-5cf8c7c44b-688q7,90.0,96468992
2026-09-16T22:31:08.751586+00:00,kube-system,local-path-provisioner-5d9d9885bc-wxvl4,1.0,17825792
2026-09-16T22:31:08.751586+00:00,kube-system,metrics-server-75dc6f8d87-k68rp,29.0,299892736
2026-09-16T22:31:08.751586+00:00,kube-system,svclb-traefik-9eca1d7e-rh8j2,0.0,0
2026-09-16T22:31:08.751586+00:00,kube-system,traefik-9bcdbbd9-j58m7,3.0,269484032
2026-09-16T22:31:08.751586+00:00,pyroscope,pyroscope-0,5.0,196083712
2026-09-16T22:31:08.751586+00:00,pyroscope,pyroscope-alloy-0,41.0,735051776
2026-09-16T22:31:40.002036+00:00,grove-system,grove-operator-7dc7f7d44b-psqff,38.0,933232640
2026-09-16T22:31:40.002036+00:00,kai-scheduler,admission-86666f457d-bh444,1.0,16777216
2026-09-16T22:31:40.002036+00:00,kai-scheduler,kai-operator-69b5d7bcf7-2mxdj,6.0,113246208
2026-09-16T22:31:40.002036+00:00,kai-scheduler,pod-grouper-65456f756-78scb,1.0,11534336
2026-09-16T22:31:40.002036+00:00,kai-scheduler,podgroup-controller-68f9cc8dbf-fdxdx,1.0,13631488
2026-09-16T22:31:40.002036+00:00,kai-scheduler,queue-controller-f86fcd76c-thqpj,1.0,12582912
2026-09-16T22:31:40.002036+00:00,kube-system,coredns-8db54c48d-rkl6z,3.0,62914560
2026-09-16T22:31:40.002036+00:00,kube-system,kwok-controller-5cf8c7c44b-688q7,92.0,97517568
2026-09-16T22:31:40.002036+00:00,kube-system,local-path-provisioner-5d9d9885bc-wxvl4,1.0,17825792
2026-09-16T22:31:40.002036+00:00,kube-system,metrics-server-75dc6f8d87-k68rp,38.0,299892736
2026-09-16T22:31:40.002036+00:00,kube-system,svclb-traefik-9eca1d7e-rh8j2,0.0,0
2026-09-16T22:31:40.002036+00:00,kube-system,traefik-9bcdbbd9-j58m7,3.0,269484032
2026-09-16T22:31:40.002036+00:00,pyroscope,pyroscope-0,6.0,196083712
2026-09-16T22:31:40.002036+00:00,pyroscope,pyroscope-alloy-0,104.0,727711744
2026-09-16T22:32:11.251515+00:00,grove-system,grove-operator-7dc7f7d44b-psqff,33.0,926941184
2026-09-16T22:32:11.251515+00:00,kai-scheduler,admission-86666f457d-bh444,1.0,16777216
2026-09-16T22:32:11.251515+00:00,kai-scheduler,kai-operator-69b5d7bcf7-2mxdj,7.0,121634816
2026-09-16T22:32:11.251515+00:00,kai-scheduler,pod-grouper-65456f756-78scb,1.0,11534336
2026-09-16T22:32:11.251515+00:00,kai-scheduler,podgroup-controller-68f9cc8dbf-fdxdx,1.0,13631488
2026-09-16T22:32:11.251515+00:00,kai-scheduler,queue-controller-f86fcd76c-thqpj,1.0,12582912
2026-09-16T22:32:11.251515+00:00,kube-system,coredns-8db54c48d-rkl6z,3.0,62914560
2026-09-16T22:32:11.251515+00:00,kube-system,kwok-controller-5cf8c7c44b-688q7,95.0,96468992
2026-09-16T22:32:11.251515+00:00,kube-system,local-path-provisioner-5d9d9885bc-wxvl4,1.0,17825792
2026-09-16T22:32:11.251515+00:00,kube-system,metrics-server-75dc6f8d87-k68rp,37.0,299892736
2026-09-16T22:32:11.251515+00:00,kube-system,svclb-traefik-9eca1d7e-rh8j2,0.0,0
2026-09-16T22:32:11.251515+00:00,kube-system,traefik-9bcdbbd9-j58m7,10.0,269484032
2026-09-16T22:32:11.251515+00:00,pyroscope,pyroscope-0,6.0,199229440
2026-09-16T22:32:11.251515+00:00,pyroscope,pyroscope-alloy-0,52.0,727711744
2026-09-16T22:32:42.498806+00:00,grove-system,grove-operator-7dc7f7d44b-psqff,30.0,930086912
2026-09-16T22:32:42.498806+00:00,kai-scheduler,admission-86666f457d-bh444,1.0,16777216
2026-09-16T22:32:42.498806+00:00,kai-scheduler,kai-operator-69b5d7bcf7-2mxdj,3.0,118489088
2026-09-16T22:32:42.498806+00:00,kai-scheduler,pod-grouper-65456f756-78scb,1.0,11534336
2026-09-16T22:32:42.498806+00:00,kai-scheduler,podgroup-controller-68f9cc8dbf-fdxdx,1.0,13631488
2026-09-16T22:32:42.498806+00:00,kai-scheduler,queue-controller-f86fcd76c-thqpj,1.0,12582912
2026-09-16T22:32:42.498806+00:00,kube-system,coredns-8db54c48d-rkl6z,4.0,62914560
2026-09-16T22:32:42.498806+00:00,kube-system,kwok-controller-5cf8c7c44b-688q7,89.0,97517568
2026-09-16T22:32:42.498806+00:00,kube-system,local-path-provisioner-5d9d9885bc-wxvl4,1.0,17825792
2026-09-16T22:32:42.498806+00:00,kube-system,metrics-server-75dc6f8d87-k68rp,23.0,299892736
2026-09-16T22:32:42.498806+00:00,kube-system,svclb-traefik-9eca1d7e-rh8j2,0.0,0
2026-09-16T22:32:42.498806+00:00,kube-system,traefik-9bcdbbd9-j58m7,4.0,269484032
2026-09-16T22:32:42.498806+00:00,pyroscope,pyroscope-0,5.0,200278016
2026-09-16T22:32:42.498806+00:00,pyroscope,pyroscope-alloy-0,89.0,723517440
2026-09-16T22:33:13.751726+00:00,grove-system,grove-operator-7dc7f7d44b-psqff,55.0,920649728
2026-09-16T22:33:13.751726+00:00,kai-scheduler,admission-86666f457d-bh444,1.0,16777216
2026-09-16T22:33:13.751726+00:00,kai-scheduler,kai-operator-69b5d7bcf7-2mxdj,3.0,119537664
2026-09-16T22:33:13.751726+00:00,kai-scheduler,pod-grouper-65456f756-78scb,1.0,11534336
2026-09-16T22:33:13.751726+00:00,kai-scheduler,podgroup-controller-68f9cc8dbf-fdxdx,1.0,13631488
2026-09-16T22:33:13.751726+00:00,kai-scheduler,queue-controller-f86fcd76c-thqpj,1.0,12582912
2026-09-16T22:33:13.751726+00:00,kube-system,coredns-8db54c48d-rkl6z,3.0,62914560
2026-09-16T22:33:13.751726+00:00,kube-system,kwok-controller-5cf8c7c44b-688q7,94.0,96468992
2026-09-16T22:33:13.751726+00:00,kube-system,local-path-provisioner-5d9d9885bc-wxvl4,1.0,17825792
2026-09-16T22:33:13.751726+00:00,kube-system,metrics-server-75dc6f8d87-k68rp,39.0,301989888
2026-09-16T22:33:13.751726+00:00,kube-system,svclb-traefik-9eca1d7e-rh8j2,0.0,0
2026-09-16T22:33:13.751726+00:00,kube-system,traefik-9bcdbbd9-j58m7,3.0,268435456
2026-09-16T22:33:13.751726+00:00,pyroscope,pyroscope-0,5.0,201326592
2026-09-16T22:33:13.751726+00:00,pyroscope,pyroscope-alloy-0,91.0,738197504
2026-09-16T22:33:45.006505+00:00,grove-system,grove-operator-7dc7f7d44b-psqff,29.0,925892608
2026-09-16T22:33:45.006505+00:00,kai-scheduler,admission-86666f457d-bh444,1.0,16777216
2026-09-16T22:33:45.006505+00:00,kai-scheduler,kai-operator-69b5d7bcf7-2mxdj,3.0,119537664
2026-09-16T22:33:45.006505+00:00,kai-scheduler,pod-grouper-65456f756-78scb,1.0,11534336
2026-09-16T22:33:45.006505+00:00,kai-scheduler,podgroup-controller-68f9cc8dbf-fdxdx,1.0,13631488
2026-09-16T22:33:45.006505+00:00,kai-scheduler,queue-controller-f86fcd76c-thqpj,1.0,12582912
2026-09-16T22:33:45.006505+00:00,kube-system,coredns-8db54c48d-rkl6z,3.0,61865984
2026-09-16T22:33:45.006505+00:00,kube-system,kwok-controller-5cf8c7c44b-688q7,90.0,96468992
2026-09-16T22:33:45.006505+00:00,kube-system,local-path-provisioner-5d9d9885bc-wxvl4,1.0,17825792
2026-09-16T22:33:45.006505+00:00,kube-system,metrics-server-75dc6f8d87-k68rp,31.0,301989888
2026-09-16T22:33:45.006505+00:00,kube-system,svclb-traefik-9eca1d7e-rh8j2,0.0,0
2026-09-16T22:33:45.006505+00:00,kube-system,traefik-9bcdbbd9-j58m7,3.0,268435456
2026-09-16T22:33:45.006505+00:00,pyroscope,pyroscope-0,6.0,200278016
2026-09-16T22:33:45.006505+00:00,pyroscope,pyroscope-alloy-0,57.0,738197504
2026-09-16T22:34:16.254684+00:00,grove-system,grove-operator-7dc7f7d44b-psqff,30.0,914358272
2026-09-16T22:34:16.254684+00:00,kai-scheduler,admission-86666f457d-bh444,1.0,16777216
2026-09-16T22:34:16.254684+00:00,kai-scheduler,kai-operator-69b5d7bcf7-2mxdj,4.0,113246208
2026-09-16T22:34:16.254684+00:00,kai-scheduler,pod-grouper-65456f756-78scb,1.0,11534336
2026-09-16T22:34:16.254684+00:00,kai-scheduler,podgroup-controller-68f9cc8dbf-fdxdx,1.0,13631488
2026-09-16T22:34:16.254684+00:00,kai-scheduler,queue-controller-f86fcd76c-thqpj,1.0,12582912
2026-09-16T22:34:16.254684+00:00,kube-system,coredns-8db54c48d-rkl6z,3.0,62914560
2026-09-16T22:34:16.254684+00:00,kube-system,kwok-controller-5cf8c7c44b-688q7,85.0,97517568
2026-09-16T22:34:16.254684+00:00,kube-system,local-path-provisioner-5d9d9885bc-wxvl4,1.0,17825792
2026-09-16T22:34:16.254684+00:00,kube-system,metrics-server-75dc6f8d87-k68rp,28.0,300941312
2026-09-16T22:34:16.254684+00:00,kube-system,svclb-traefik-9eca1d7e-rh8j2,0.0,0
2026-09-16T22:34:16.254684+00:00,kube-system,traefik-9bcdbbd9-j58m7,9.0,268435456
2026-09-16T22:34:16.254684+00:00,pyroscope,pyroscope-0,6.0,201326592
2026-09-16T22:34:16.254684+00:00,pyroscope,pyroscope-alloy-0,6.0,725614592
2026-09-16T22:34:47.511139+00:00,grove-system,grove-operator-7dc7f7d44b-psqff,32.0,915406848
2026-09-16T22:34:47.511139+00:00,kai-scheduler,admission-86666f457d-bh444,1.0,16777216
2026-09-16T22:34:47.511139+00:00,kai-scheduler,kai-operator-69b5d7bcf7-2mxdj,3.0,113246208
2026-09-16T22:34:47.511139+00:00,kai-scheduler,pod-grouper-65456f756-78scb,1.0,11534336
2026-09-16T22:34:47.511139+00:00,kai-scheduler,podgroup-controller-68f9cc8dbf-fdxdx,1.0,13631488
2026-09-16T22:34:47.511139+00:00,kai-scheduler,queue-controller-f86fcd76c-thqpj,1.0,12582912
2026-09-16T22:34:47.511139+00:00,kube-system,coredns-8db54c48d-rkl6z,5.0,62914560
2026-09-16T22:34:47.511139+00:00,kube-system,kwok-controller-5cf8c7c44b-688q7,91.0,97517568
2026-09-16T22:34:47.511139+00:00,kube-system,local-path-provisioner-5d9d9885bc-wxvl4,1.0,17825792
2026-09-16T22:34:47.511139+00:00,kube-system,metrics-server-75dc6f8d87-k68rp,30.0,299892736
2026-09-16T22:34:47.511139+00:00,kube-system,svclb-traefik-9eca1d7e-rh8j2,0.0,0
2026-09-16T22:34:47.511139+00:00,kube-system,traefik-9bcdbbd9-j58m7,4.0,268435456
2026-09-16T22:34:47.511139+00:00,pyroscope,pyroscope-0,6.0,200278016
2026-09-16T22:34:47.511139+00:00,pyroscope,pyroscope-alloy-0,53.0,726663168
2026-09-16T22:35:18.761429+00:00,grove-system,grove-operator-7dc7f7d44b-psqff,32.0,914358272
2026-09-16T22:35:18.761429+00:00,kai-scheduler,admission-86666f457d-bh444,1.0,16777216
2026-09-16T22:35:18.761429+00:00,kai-scheduler,kai-operator-69b5d7bcf7-2mxdj,3.0,113246208
2026-09-16T22:35:18.761429+00:00,kai-scheduler,pod-grouper-65456f756-78scb,1.0,11534336
2026-09-16T22:35:18.761429+00:00,kai-scheduler,podgroup-controller-68f9cc8dbf-fdxdx,1.0,13631488
2026-09-16T22:35:18.761429+00:00,kai-scheduler,queue-controller-f86fcd76c-thqpj,1.0,12582912
2026-09-16T22:35:18.761429+00:00,kube-system,coredns-8db54c48d-rkl6z,3.0,61865984
2026-09-16T22:35:18.761429+00:00,kube-system,kwok-controller-5cf8c7c44b-688q7,329.0,95420416
2026-09-16T22:35:18.761429+00:00,kube-system,local-path-provisioner-5d9d9885bc-wxvl4,1.0,17825792
2026-09-16T22:35:18.761429+00:00,kube-system,metrics-server-75dc6f8d87-k68rp,32.0,301989888
2026-09-16T22:35:18.761429+00:00,kube-system,svclb-traefik-9eca1d7e-rh8j2,0.0,0
2026-09-16T22:35:18.761429+00:00,kube-system,traefik-9bcdbbd9-j58m7,3.0,268435456
2026-09-16T22:35:18.761429+00:00,pyroscope,pyroscope-0,7.0,201326592
2026-09-16T22:35:18.761429+00:00,pyroscope,pyroscope-alloy-0,85.0,725614592
2026-09-16T22:35:50.020623+00:00,grove-system,grove-operator-7dc7f7d44b-psqff,21.0,918552576
2026-09-16T22:35:50.020623+00:00,kai-scheduler,admission-86666f457d-bh444,1.0,16777216
2026-09-16T22:35:50.020623+00:00,kai-scheduler,kai-operator-69b5d7bcf7-2mxdj,2.0,112197632
2026-09-16T22:35:50.020623+00:00,kai-scheduler,pod-grouper-65456f756-78scb,1.0,11534336
2026-09-16T22:35:50.020623+00:00,kai-scheduler,podgroup-controller-68f9cc8dbf-fdxdx,1.0,13631488
2026-09-16T22:35:50.020623+00:00,kai-scheduler,queue-controller-f86fcd76c-thqpj,1.0,12582912
2026-09-16T22:35:50.020623+00:00,kube-system,coredns-8db54c48d-rkl6z,3.0,61865984
2026-09-16T22:35:50.020623+00:00,kube-system,kwok-controller-5cf8c7c44b-688q7,97.0,97517568
2026-09-16T22:35:50.020623+00:00,kube-system,local-path-provisioner-5d9d9885bc-wxvl4,1.0,17825792
2026-09-16T22:35:50.020623+00:00,kube-system,metrics-server-75dc6f8d87-k68rp,33.0,300941312
2026-09-16T22:35:50.020623+00:00,kube-system,svclb-traefik-9eca1d7e-rh8j2,0.0,0
2026-09-16T22:35:50.020623+00:00,kube-system,traefik-9bcdbbd9-j58m7,3.0,267386880
2026-09-16T22:35:50.020623+00:00,pyroscope,pyroscope-0,6.0,201326592
2026-09-16T22:35:50.020623+00:00,pyroscope,pyroscope-alloy-0,52.0,739246080
2026-09-16T22:36:21.277938+00:00,grove-system,grove-operator-7dc7f7d44b-psqff,17.0,897581056
2026-09-16T22:36:21.277938+00:00,kai-scheduler,admission-86666f457d-bh444,1.0,16777216
2026-09-16T22:36:21.277938+00:00,kai-scheduler,kai-operator-69b5d7bcf7-2mxdj,3.0,108003328
2026-09-16T22:36:21.277938+00:00,kai-scheduler,pod-grouper-65456f756-78scb,1.0,11534336
2026-09-16T22:36:21.277938+00:00,kai-scheduler,podgroup-controller-68f9cc8dbf-fdxdx,1.0,13631488
2026-09-16T22:36:21.277938+00:00,kai-scheduler,queue-controller-f86fcd76c-thqpj,1.0,12582912
2026-09-16T22:36:21.277938+00:00,kube-system,coredns-8db54c48d-rkl6z,3.0,60817408
2026-09-16T22:36:21.277938+00:00,kube-system,kwok-controller-5cf8c7c44b-688q7,122.0,95420416
2026-09-16T22:36:21.277938+00:00,kube-system,local-path-provisioner-5d9d9885bc-wxvl4,1.0,17825792
2026-09-16T22:36:21.277938+00:00,kube-system,metrics-server-75dc6f8d87-k68rp,38.0,300941312
2026-09-16T22:36:21.277938+00:00,kube-system,svclb-traefik-9eca1d7e-rh8j2,0.0,0
2026-09-16T22:36:21.277938+00:00,kube-system,traefik-9bcdbbd9-j58m7,7.0,265289728
2026-09-16T22:36:21.277938+00:00,pyroscope,pyroscope-0,6.0,201326592
2026-09-16T22:36:21.277938+00:00,pyroscope,pyroscope-alloy-0,151.0,723517440
2026-09-16T22:36:52.532434+00:00,grove-system,grove-operator-7dc7f7d44b-psqff,17.0,902823936
2026-09-16T22:36:52.532434+00:00,kai-scheduler,admission-86666f457d-bh444,1.0,16777216
2026-09-16T22:36:52.532434+00:00,kai-scheduler,kai-operator-69b5d7bcf7-2mxdj,4.0,108003328
2026-09-16T22:36:52.532434+00:00,kai-scheduler,pod-grouper-65456f756-78scb,1.0,11534336
2026-09-16T22:36:52.532434+00:00,kai-scheduler,podgroup-controller-68f9cc8dbf-fdxdx,1.0,13631488
2026-09-16T22:36:52.532434+00:00,kai-scheduler,queue-controller-f86fcd76c-thqpj,1.0,12582912
2026-09-16T22:36:52.532434+00:00,kube-system,coredns-8db54c48d-rkl6z,4.0,60817408
2026-09-16T22:36:52.532434+00:00,kube-system,kwok-controller-5cf8c7c44b-688q7,123.0,96468992
2026-09-16T22:36:52.532434+00:00,kube-system,local-path-provisioner-5d9d9885bc-wxvl4,1.0,17825792
2026-09-16T22:36:52.532434+00:00,kube-system,metrics-server-75dc6f8d87-k68rp,49.0,300941312
2026-09-16T22:36:52.532434+00:00,kube-system,svclb-traefik-9eca1d7e-rh8j2,0.0,0
2026-09-16T22:36:52.532434+00:00,kube-system,traefik-9bcdbbd9-j58m7,3.0,266338304
2026-09-16T22:36:52.532434+00:00,pyroscope,pyroscope-0,5.0,196083712
2026-09-16T22:36:52.532434+00:00,pyroscope,pyroscope-alloy-0,162.0,716177408
2026-09-16T22:37:23.787617+00:00,grove-system,grove-operator-7dc7f7d44b-psqff,34.0,883949568
2026-09-16T22:37:23.787617+00:00,kai-scheduler,admission-86666f457d-bh444,1.0,16777216
2026-09-16T22:37:23.787617+00:00,kai-scheduler,kai-operator-69b5d7bcf7-2mxdj,1.0,111149056
2026-09-16T22:37:23.787617+00:00,kai-scheduler,pod-grouper-65456f756-78scb,1.0,11534336
2026-09-16T22:37:23.787617+00:00,kai-scheduler,podgroup-controller-68f9cc8dbf-fdxdx,1.0,13631488
2026-09-16T22:37:23.787617+00:00,kai-scheduler,queue-controller-f86fcd76c-thqpj,1.0,12582912
2026-09-16T22:37:23.787617+00:00,kube-system,coredns-8db54c48d-rkl6z,3.0,60817408
2026-09-16T22:37:23.787617+00:00,kube-system,kwok-controller-5cf8c7c44b-688q7,113.0,96468992
2026-09-16T22:37:23.787617+00:00,kube-system,local-path-provisioner-5d9d9885bc-wxvl4,1.0,17825792
2026-09-16T22:37:23.787617+00:00,kube-system,metrics-server-75dc6f8d87-k68rp,44.0,301989888
2026-09-16T22:37:23.787617+00:00,kube-system,svclb-traefik-9eca1d7e-rh8j2,0.0,0
2026-09-16T22:37:23.787617+00:00,kube-system,traefik-9bcdbbd9-j58m7,3.0,265289728
2026-09-16T22:37:23.787617+00:00,pyroscope,pyroscope-0,5.0,195035136
2026-09-16T22:37:23.787617+00:00,pyroscope,pyroscope-alloy-0,133.0,708837376
2026-09-16T22:37:55.037107+00:00,grove-system,grove-operator-7dc7f7d44b-psqff,18.0,886046720
2026-09-16T22:37:55.037107+00:00,kai-scheduler,admission-86666f457d-bh444,1.0,16777216
2026-09-16T22:37:55.037107+00:00,kai-scheduler,kai-operator-69b5d7bcf7-2mxdj,3.0,114294784
2026-09-16T22:37:55.037107+00:00,kai-scheduler,pod-grouper-65456f756-78scb,1.0,11534336
2026-09-16T22:37:55.037107+00:00,kai-scheduler,podgroup-controller-68f9cc8dbf-fdxdx,1.0,13631488
2026-09-16T22:37:55.037107+00:00,kai-scheduler,queue-controller-f86fcd76c-thqpj,1.0,12582912
2026-09-16T22:37:55.037107+00:00,kube-system,coredns-8db54c48d-rkl6z,3.0,60817408
2026-09-16T22:37:55.037107+00:00,kube-system,kwok-controller-5cf8c7c44b-688q7,121.0,97517568
2026-09-16T22:37:55.037107+00:00,kube-system,local-path-provisioner-5d9d9885bc-wxvl4,1.0,17825792
2026-09-16T22:37:55.037107+00:00,kube-system,metrics-server-75dc6f8d87-k68rp,52.0,300941312
2026-09-16T22:37:55.037107+00:00,kube-system,svclb-traefik-9eca1d7e-rh8j2,0.0,0
2026-09-16T22:37:55.037107+00:00,kube-system,traefik-9bcdbbd9-j58m7,3.0,265289728
2026-09-16T22:37:55.037107+00:00,pyroscope,pyroscope-0,7.0,199229440
2026-09-16T22:37:55.037107+00:00,pyroscope,pyroscope-alloy-0,190.0,704643072
2026-09-16T22:38:26.286679+00:00,grove-system,grove-operator-7dc7f7d44b-psqff,44.0,871366656
2026-09-16T22:38:26.286679+00:00,kai-scheduler,admission-86666f457d-bh444,1.0,16777216
2026-09-16T22:38:26.286679+00:00,kai-scheduler,kai-operator-69b5d7bcf7-2mxdj,1.0,114294784
2026-09-16T22:38:26.286679+00:00,kai-scheduler,pod-grouper-65456f756-78scb,1.0,11534336
2026-09-16T22:38:26.286679+00:00,kai-scheduler,podgroup-controller-68f9cc8dbf-fdxdx,1.0,13631488
2026-09-16T22:38:26.286679+00:00,kai-scheduler,queue-controller-f86fcd76c-thqpj,1.0,12582912
2026-09-16T22:38:26.286679+00:00,kube-system,coredns-8db54c48d-rkl6z,3.0,61865984
2026-09-16T22:38:26.286679+00:00,kube-system,kwok-controller-5cf8c7c44b-688q7,127.0,97517568
2026-09-16T22:38:26.286679+00:00,kube-system,local-path-provisioner-5d9d9885bc-wxvl4,1.0,17825792
2026-09-16T22:38:26.286679+00:00,kube-system,metrics-server-75dc6f8d87-k68rp,40.0,299892736
2026-09-16T22:38:26.286679+00:00,kube-system,svclb-traefik-9eca1d7e-rh8j2,0.0,0
2026-09-16T22:38:26.286679+00:00,kube-system,traefik-9bcdbbd9-j58m7,3.0,265289728
2026-09-16T22:38:26.286679+00:00,pyroscope,pyroscope-0,6.0,192937984
2026-09-16T22:38:26.286679+00:00,pyroscope,pyroscope-alloy-0,102.0,684720128
2026-09-16T22:38:57.531830+00:00,grove-system,grove-operator-7dc7f7d44b-psqff,14.0,873463808
2026-09-16T22:38:57.531830+00:00,kai-scheduler,admission-86666f457d-bh444,1.0,16777216
2026-09-16T22:38:57.531830+00:00,kai-scheduler,kai-operator-69b5d7bcf7-2mxdj,2.0,115343360
2026-09-16T22:38:57.531830+00:00,kai-scheduler,pod-grouper-65456f756-78scb,1.0,11534336
2026-09-16T22:38:57.531830+00:00,kai-scheduler,podgroup-controller-68f9cc8dbf-fdxdx,1.0,13631488
2026-09-16T22:38:57.531830+00:00,kai-scheduler,queue-controller-f86fcd76c-thqpj,1.0,12582912
2026-09-16T22:38:57.531830+00:00,kube-system,coredns-8db54c48d-rkl6z,3.0,60817408
2026-09-16T22:38:57.531830+00:00,kube-system,kwok-controller-5cf8c7c44b-688q7,124.0,96468992
2026-09-16T22:38:57.531830+00:00,kube-system,local-path-provisioner-5d9d9885bc-wxvl4,1.0,17825792
2026-09-16T22:38:57.531830+00:00,kube-system,metrics-server-75dc6f8d87-k68rp,48.0,301989888
2026-09-16T22:38:57.531830+00:00,kube-system,svclb-traefik-9eca1d7e-rh8j2,0.0,0
2026-09-16T22:38:57.531830+00:00,kube-system,traefik-9bcdbbd9-j58m7,3.0,266338304
2026-09-16T22:38:57.531830+00:00,pyroscope,pyroscope-0,5.0,192937984
2026-09-16T22:38:57.531830+00:00,pyroscope,pyroscope-alloy-0,134.0,664797184
2026-09-16T22:39:28.791296+00:00,grove-system,grove-operator-7dc7f7d44b-psqff,38.0,866123776
2026-09-16T22:39:28.791296+00:00,kai-scheduler,admission-86666f457d-bh444,1.0,16777216
2026-09-16T22:39:28.791296+00:00,kai-scheduler,kai-operator-69b5d7bcf7-2mxdj,3.0,111149056
2026-09-16T22:39:28.791296+00:00,kai-scheduler,pod-grouper-65456f756-78scb,1.0,11534336
2026-09-16T22:39:28.791296+00:00,kai-scheduler,podgroup-controller-68f9cc8dbf-fdxdx,1.0,13631488
2026-09-16T22:39:28.791296+00:00,kai-scheduler,queue-controller-f86fcd76c-thqpj,1.0,12582912
2026-09-16T22:39:28.791296+00:00,kube-system,coredns-8db54c48d-rkl6z,3.0,60817408
2026-09-16T22:39:28.791296+00:00,kube-system,kwok-controller-5cf8c7c44b-688q7,145.0,94371840
2026-09-16T22:39:28.791296+00:00,kube-system,local-path-provisioner-5d9d9885bc-wxvl4,1.0,17825792
2026-09-16T22:39:28.791296+00:00,kube-system,metrics-server-75dc6f8d87-k68rp,47.0,299892736
2026-09-16T22:39:28.791296+00:00,kube-system,svclb-traefik-9eca1d7e-rh8j2,0.0,0
2026-09-16T22:39:28.791296+00:00,kube-system,traefik-9bcdbbd9-j58m7,3.0,266338304
2026-09-16T22:39:28.791296+00:00,pyroscope,pyroscope-0,5.0,192937984
2026-09-16T22:39:28.791296+00:00,pyroscope,pyroscope-alloy-0,133.0,667942912
2026-09-16T22:40:00.045645+00:00,grove-system,grove-operator-7dc7f7d44b-psqff,18.0,870318080
2026-09-16T22:40:00.045645+00:00,kai-scheduler,admission-86666f457d-bh444,1.0,16777216
2026-09-16T22:40:00.045645+00:00,kai-scheduler,kai-operator-69b5d7bcf7-2mxdj,1.0,111149056
2026-09-16T22:40:00.045645+00:00,kai-scheduler,pod-grouper-65456f756-78scb,1.0,11534336
2026-09-16T22:40:00.045645+00:00,kai-scheduler,podgroup-controller-68f9cc8dbf-fdxdx,1.0,13631488
2026-09-16T22:40:00.045645+00:00,kai-scheduler,queue-controller-f86fcd76c-thqpj,1.0,12582912
2026-09-16T22:40:00.045645+00:00,kube-system,coredns-8db54c48d-rkl6z,3.0,60817408
2026-09-16T22:40:00.045645+00:00,kube-system,kwok-controller-5cf8c7c44b-688q7,116.0,94371840
2026-09-16T22:40:00.045645+00:00,kube-system,local-path-provisioner-5d9d9885bc-wxvl4,1.0,17825792
2026-09-16T22:40:00.045645+00:00,kube-system,metrics-server-75dc6f8d87-k68rp,40.0,299892736
2026-09-16T22:40:00.045645+00:00,kube-system,svclb-traefik-9eca1d7e-rh8j2,0.0,0
2026-09-16T22:40:00.045645+00:00,kube-system,traefik-9bcdbbd9-j58m7,3.0,265289728
2026-09-16T22:40:00.045645+00:00,pyroscope,pyroscope-0,6.0,195035136
2026-09-16T22:40:00.045645+00:00,pyroscope,pyroscope-alloy-0,114.0,667942912
2026-09-16T22:40:31.292980+00:00,grove-system,grove-operator-7dc7f7d44b-psqff,45.0,858783744
2026-09-16T22:40:31.292980+00:00,kai-scheduler,admission-86666f457d-bh444,1.0,16777216
2026-09-16T22:40:31.292980+00:00,kai-scheduler,kai-operator-69b5d7bcf7-2mxdj,1.0,111149056
2026-09-16T22:40:31.292980+00:00,kai-scheduler,pod-grouper-65456f756-78scb,1.0,11534336
2026-09-16T22:40:31.292980+00:00,kai-scheduler,podgroup-controller-68f9cc8dbf-fdxdx,1.0,13631488
2026-09-16T22:40:31.292980+00:00,kai-scheduler,queue-controller-f86fcd76c-thqpj,1.0,12582912
2026-09-16T22:40:31.292980+00:00,kube-system,coredns-8db54c48d-rkl6z,3.0,59768832
2026-09-16T22:40:31.292980+00:00,kube-system,kwok-controller-5cf8c7c44b-688q7,115.0,94371840
2026-09-16T22:40:31.292980+00:00,kube-system,local-path-provisioner-5d9d9885bc-wxvl4,1.0,17825792
2026-09-16T22:40:31.292980+00:00,kube-system,metrics-server-75dc6f8d87-k68rp,41.0,301989888
2026-09-16T22:40:31.292980+00:00,kube-system,svclb-traefik-9eca1d7e-rh8j2,0.0,0
2026-09-16T22:40:31.292980+00:00,kube-system,traefik-9bcdbbd9-j58m7,5.0,263192576
2026-09-16T22:40:31.292980+00:00,pyroscope,pyroscope-0,5.0,195035136
2026-09-16T22:40:31.292980+00:00,pyroscope,pyroscope-alloy-0,120.0,650117120
2026-09-16T22:41:02.545481+00:00,grove-system,grove-operator-7dc7f7d44b-psqff,16.0,866123776
2026-09-16T22:41:02.545481+00:00,kai-scheduler,admission-86666f457d-bh444,1.0,16777216
2026-09-16T22:41:02.545481+00:00,kai-scheduler,kai-operator-69b5d7bcf7-2mxdj,1.0,112197632
2026-09-16T22:41:02.545481+00:00,kai-scheduler,pod-grouper-65456f756-78scb,1.0,12582912
2026-09-16T22:41:02.545481+00:00,kai-scheduler,podgroup-controller-68f9cc8dbf-fdxdx,1.0,13631488
2026-09-16T22:41:02.545481+00:00,kai-scheduler,queue-controller-f86fcd76c-thqpj,1.0,12582912
2026-09-16T22:41:02.545481+00:00,kube-system,coredns-8db54c48d-rkl6z,4.0,60817408
2026-09-16T22:41:02.545481+00:00,kube-system,kwok-controller-5cf8c7c44b-688q7,119.0,95420416
2026-09-16T22:41:02.545481+00:00,kube-system,local-path-provisioner-5d9d9885bc-wxvl4,1.0,17825792
2026-09-16T22:41:02.545481+00:00,kube-system,metrics-server-75dc6f8d87-k68rp,40.0,301989888
2026-09-16T22:41:02.545481+00:00,kube-system,svclb-traefik-9eca1d7e-rh8j2,0.0,0
2026-09-16T22:41:02.545481+00:00,kube-system,traefik-9bcdbbd9-j58m7,3.0,264241152
2026-09-16T22:41:02.545481+00:00,pyroscope,pyroscope-0,6.0,196083712
2026-09-16T22:41:02.545481+00:00,pyroscope,pyroscope-alloy-0,106.0,641728512
2026-09-16T22:41:33.804810+00:00,grove-system,grove-operator-7dc7f7d44b-psqff,30.0,854589440
2026-09-16T22:41:33.804810+00:00,kai-scheduler,admission-86666f457d-bh444,1.0,16777216
2026-09-16T22:41:33.804810+00:00,kai-scheduler,kai-operator-69b5d7bcf7-2mxdj,2.0,106954752
2026-09-16T22:41:33.804810+00:00,kai-scheduler,pod-grouper-65456f756-78scb,1.0,11534336
2026-09-16T22:41:33.804810+00:00,kai-scheduler,podgroup-controller-68f9cc8dbf-fdxdx,1.0,13631488
2026-09-16T22:41:33.804810+00:00,kai-scheduler,queue-controller-f86fcd76c-thqpj,1.0,12582912
2026-09-16T22:41:33.804810+00:00,kube-system,coredns-8db54c48d-rkl6z,3.0,60817408
2026-09-16T22:41:33.804810+00:00,kube-system,kwok-controller-5cf8c7c44b-688q7,114.0,95420416
2026-09-16T22:41:33.804810+00:00,kube-system,local-path-provisioner-5d9d9885bc-wxvl4,1.0,17825792
2026-09-16T22:41:33.804810+00:00,kube-system,metrics-server-75dc6f8d87-k68rp,46.0,300941312
2026-09-16T22:41:33.804810+00:00,kube-system,svclb-traefik-9eca1d7e-rh8j2,0.0,0
2026-09-16T22:41:33.804810+00:00,kube-system,traefik-9bcdbbd9-j58m7,3.0,264241152
2026-09-16T22:41:33.804810+00:00,pyroscope,pyroscope-0,6.0,196083712
2026-09-16T22:41:33.804810+00:00,pyroscope,pyroscope-alloy-0,104.0,641728512
2026-09-16T22:42:05.054199+00:00,grove-system,grove-operator-7dc7f7d44b-psqff,20.0,855638016
2026-09-16T22:42:05.054199+00:00,kai-scheduler,admission-86666f457d-bh444,1.0,17825792
2026-09-16T22:42:05.054199+00:00,kai-scheduler,kai-operator-69b5d7bcf7-2mxdj,4.0,106954752
2026-09-16T22:42:05.054199+00:00,kai-scheduler,pod-grouper-65456f756-78scb,1.0,12582912
2026-09-16T22:42:05.054199+00:00,kai-scheduler,podgroup-controller-68f9cc8dbf-fdxdx,1.0,13631488
2026-09-16T22:42:05.054199+00:00,kai-scheduler,queue-controller-f86fcd76c-thqpj,1.0,12582912
2026-09-16T22:42:05.054199+00:00,kube-system,coredns-8db54c48d-rkl6z,3.0,61865984
2026-09-16T22:42:05.054199+00:00,kube-system,kwok-controller-5cf8c7c44b-688q7,367.0,94371840
2026-09-16T22:42:05.054199+00:00,kube-system,local-path-provisioner-5d9d9885bc-wxvl4,1.0,17825792
2026-09-16T22:42:05.054199+00:00,kube-system,metrics-server-75dc6f8d87-k68rp,44.0,300941312
2026-09-16T22:42:05.054199+00:00,kube-system,svclb-traefik-9eca1d7e-rh8j2,0.0,0
2026-09-16T22:42:05.054199+00:00,kube-system,traefik-9bcdbbd9-j58m7,3.0,264241152
2026-09-16T22:42:05.054199+00:00,pyroscope,pyroscope-0,7.0,196083712
2026-09-16T22:42:05.054199+00:00,pyroscope,pyroscope-alloy-0,98.0,645922816
2026-09-16T22:42:36.299462+00:00,grove-system,grove-operator-7dc7f7d44b-psqff,19.0,847249408
2026-09-16T22:42:36.299462+00:00,kai-scheduler,admission-86666f457d-bh444,1.0,16777216
2026-09-16T22:42:36.299462+00:00,kai-scheduler,kai-operator-69b5d7bcf7-2mxdj,4.0,111149056
2026-09-16T22:42:36.299462+00:00,kai-scheduler,pod-grouper-65456f756-78scb,1.0,11534336
2026-09-16T22:42:36.299462+00:00,kai-scheduler,podgroup-controller-68f9cc8dbf-fdxdx,1.0,13631488
2026-09-16T22:42:36.299462+00:00,kai-scheduler,queue-controller-f86fcd76c-thqpj,1.0,12582912
2026-09-16T22:42:36.299462+00:00,kube-system,coredns-8db54c48d-rkl6z,4.0,60817408
2026-09-16T22:42:36.299462+00:00,kube-system,kwok-controller-5cf8c7c44b-688q7,116.0,95420416
2026-09-16T22:42:36.299462+00:00,kube-system,local-path-provisioner-5d9d9885bc-wxvl4,1.0,17825792
2026-09-16T22:42:36.299462+00:00,kube-system,metrics-server-75dc6f8d87-k68rp,48.0,300941312
2026-09-16T22:42:36.299462+00:00,kube-system,svclb-traefik-9eca1d7e-rh8j2,0.0,0
2026-09-16T22:42:36.299462+00:00,kube-system,traefik-9bcdbbd9-j58m7,4.0,263192576
2026-09-16T22:42:36.299462+00:00,pyroscope,pyroscope-0,7.0,199229440
2026-09-16T22:42:36.299462+00:00,pyroscope,pyroscope-alloy-0,93.0,629145600
2026-09-16T22:43:07.547199+00:00,grove-system,grove-operator-7dc7f7d44b-psqff,17.0,855638016
2026-09-16T22:43:07.547199+00:00,kai-scheduler,admission-86666f457d-bh444,1.0,16777216
2026-09-16T22:43:07.547199+00:00,kai-scheduler,kai-operator-69b5d7bcf7-2mxdj,1.0,111149056
2026-09-16T22:43:07.547199+00:00,kai-scheduler,pod-grouper-65456f756-78scb,1.0,11534336
2026-09-16T22:43:07.547199+00:00,kai-scheduler,podgroup-controller-68f9cc8dbf-fdxdx,1.0,13631488
2026-09-16T22:43:07.547199+00:00,kai-scheduler,queue-controller-f86fcd76c-thqpj,1.0,12582912
2026-09-16T22:43:07.547199+00:00,kube-system,coredns-8db54c48d-rkl6z,4.0,60817408
2026-09-16T22:43:07.547199+00:00,kube-system,kwok-controller-5cf8c7c44b-688q7,121.0,94371840
2026-09-16T22:43:07.547199+00:00,kube-system,local-path-provisioner-5d9d9885bc-wxvl4,1.0,17825792
2026-09-16T22:43:07.547199+00:00,kube-system,metrics-server-75dc6f8d87-k68rp,40.0,299892736
2026-09-16T22:43:07.547199+00:00,kube-system,svclb-traefik-9eca1d7e-rh8j2,0.0,0
2026-09-16T22:43:07.547199+00:00,kube-system,traefik-9bcdbbd9-j58m7,3.0,262144000
2026-09-16T22:43:07.547199+00:00,pyroscope,pyroscope-0,6.0,200278016
2026-09-16T22:43:07.547199+00:00,pyroscope,pyroscope-alloy-0,88.0,612368384
2026-09-16T22:43:38.805742+00:00,grove-system,grove-operator-7dc7f7d44b-psqff,18.0,842006528
2026-09-16T22:43:38.805742+00:00,kai-scheduler,admission-86666f457d-bh444,1.0,16777216
2026-09-16T22:43:38.805742+00:00,kai-scheduler,kai-operator-69b5d7bcf7-2mxdj,1.0,114294784
2026-09-16T22:43:38.805742+00:00,kai-scheduler,kai-scheduler-default-768f44b48c-cknk4,95.0,322961408
2026-09-16T22:43:38.805742+00:00,kai-scheduler,pod-grouper-65456f756-78scb,1.0,11534336
2026-09-16T22:43:38.805742+00:00,kai-scheduler,podgroup-controller-68f9cc8dbf-fdxdx,1.0,13631488
2026-09-16T22:43:38.805742+00:00,kai-scheduler,queue-controller-f86fcd76c-thqpj,1.0,12582912
2026-09-16T22:43:38.805742+00:00,kube-system,coredns-8db54c48d-rkl6z,3.0,59768832
2026-09-16T22:43:38.805742+00:00,kube-system,kwok-controller-5cf8c7c44b-688q7,121.0,96468992
2026-09-16T22:43:38.805742+00:00,kube-system,local-path-provisioner-5d9d9885bc-wxvl4,1.0,17825792
2026-09-16T22:43:38.805742+00:00,kube-system,metrics-server-75dc6f8d87-k68rp,47.0,300941312
2026-09-16T22:43:38.805742+00:00,kube-system,svclb-traefik-9eca1d7e-rh8j2,0.0,0
2026-09-16T22:43:38.805742+00:00,kube-system,traefik-9bcdbbd9-j58m7,3.0,262144000
2026-09-16T22:43:38.805742+00:00,pyroscope,pyroscope-0,5.0,200278016
2026-09-16T22:43:38.805742+00:00,pyroscope,pyroscope-alloy-0,108.0,617611264
2026-09-16T22:44:10.062681+00:00,grove-system,grove-operator-7dc7f7d44b-psqff,38.0,847249408
2026-09-16T22:44:10.062681+00:00,kai-scheduler,admission-86666f457d-bh444,1.0,16777216
2026-09-16T22:44:10.062681+00:00,kai-scheduler,kai-operator-69b5d7bcf7-2mxdj,1.0,114294784
2026-09-16T22:44:10.062681+00:00,kai-scheduler,kai-scheduler-default-768f44b48c-cknk4,95.0,391118848
2026-09-16T22:44:10.062681+00:00,kai-scheduler,pod-grouper-65456f756-78scb,1.0,11534336
2026-09-16T22:44:10.062681+00:00,kai-scheduler,podgroup-controller-68f9cc8dbf-fdxdx,1.0,13631488
2026-09-16T22:44:10.062681+00:00,kai-scheduler,queue-controller-f86fcd76c-thqpj,1.0,12582912
2026-09-16T22:44:10.062681+00:00,kube-system,coredns-8db54c48d-rkl6z,3.0,60817408
2026-09-16T22:44:10.062681+00:00,kube-system,kwok-controller-5cf8c7c44b-688q7,123.0,95420416
2026-09-16T22:44:10.062681+00:00,kube-system,local-path-provisioner-5d9d9885bc-wxvl4,1.0,17825792
2026-09-16T22:44:10.062681+00:00,kube-system,metrics-server-75dc6f8d87-k68rp,41.0,300941312
2026-09-16T22:44:10.062681+00:00,kube-system,svclb-traefik-9eca1d7e-rh8j2,0.0,0
2026-09-16T22:44:10.062681+00:00,kube-system,traefik-9bcdbbd9-j58m7,3.0,262144000
2026-09-16T22:44:10.062681+00:00,pyroscope,pyroscope-0,6.0,200278016
2026-09-16T22:44:10.062681+00:00,pyroscope,pyroscope-alloy-0,89.0,606076928
2026-09-16T22:44:41.314573+00:00,grove-system,grove-operator-7dc7f7d44b-psqff,32.0,834666496
2026-09-16T22:44:41.314573+00:00,kai-scheduler,admission-86666f457d-bh444,1.0,16777216
2026-09-16T22:44:41.314573+00:00,kai-scheduler,kai-operator-69b5d7bcf7-2mxdj,1.0,114294784
2026-09-16T22:44:41.314573+00:00,kai-scheduler,kai-scheduler-default-768f44b48c-cknk4,89.0,342884352
2026-09-16T22:44:41.314573+00:00,kai-scheduler,pod-grouper-65456f756-78scb,1.0,11534336
2026-09-16T22:44:41.314573+00:00,kai-scheduler,podgroup-controller-68f9cc8dbf-fdxdx,1.0,13631488
2026-09-16T22:44:41.314573+00:00,kai-scheduler,queue-controller-f86fcd76c-thqpj,1.0,12582912
2026-09-16T22:44:41.314573+00:00,kube-system,coredns-8db54c48d-rkl6z,4.0,59768832
2026-09-16T22:44:41.314573+00:00,kube-system,kwok-controller-5cf8c7c44b-688q7,118.0,94371840
2026-09-16T22:44:41.314573+00:00,kube-system,local-path-provisioner-5d9d9885bc-wxvl4,1.0,17825792
2026-09-16T22:44:41.314573+00:00,kube-system,metrics-server-75dc6f8d87-k68rp,41.0,297795584
2026-09-16T22:44:41.314573+00:00,kube-system,svclb-traefik-9eca1d7e-rh8j2,0.0,0
2026-09-16T22:44:41.314573+00:00,kube-system,traefik-9bcdbbd9-j58m7,3.0,261095424
2026-09-16T22:44:41.314573+00:00,pyroscope,pyroscope-0,6.0,199229440
2026-09-16T22:44:41.314573+00:00,pyroscope,pyroscope-alloy-0,81.0,595591168
2026-09-16T22:45:12.561806+00:00,grove-system,grove-operator-7dc7f7d44b-psqff,19.0,837812224
2026-09-16T22:45:12.561806+00:00,kai-scheduler,admission-86666f457d-bh444,1.0,16777216
2026-09-16T22:45:12.561806+00:00,kai-scheduler,kai-operator-69b5d7bcf7-2mxdj,1.0,108003328
2026-09-16T22:45:12.561806+00:00,kai-scheduler,kai-scheduler-default-768f44b48c-cknk4,85.0,337641472
2026-09-16T22:45:12.561806+00:00,kai-scheduler,pod-grouper-65456f756-78scb,1.0,11534336
2026-09-16T22:45:12.561806+00:00,kai-scheduler,podgroup-controller-68f9cc8dbf-fdxdx,1.0,13631488
2026-09-16T22:45:12.561806+00:00,kai-scheduler,queue-controller-f86fcd76c-thqpj,1.0,12582912
2026-09-16T22:45:12.561806+00:00,kube-system,coredns-8db54c48d-rkl6z,3.0,58720256
2026-09-16T22:45:12.561806+00:00,kube-system,kwok-controller-5cf8c7c44b-688q7,123.0,95420416
2026-09-16T22:45:12.561806+00:00,kube-system,local-path-provisioner-5d9d9885bc-wxvl4,1.0,17825792
2026-09-16T22:45:12.561806+00:00,kube-system,metrics-server-75dc6f8d87-k68rp,42.0,296747008
2026-09-16T22:45:12.561806+00:00,kube-system,svclb-traefik-9eca1d7e-rh8j2,0.0,0
2026-09-16T22:45:12.561806+00:00,kube-system,traefik-9bcdbbd9-j58m7,3.0,261095424
2026-09-16T22:45:12.561806+00:00,pyroscope,pyroscope-0,4.0,199229440
2026-09-16T22:45:12.561806+00:00,pyroscope,pyroscope-alloy-0,66.0,580911104
2026-09-16T22:45:43.817361+00:00,grove-system,grove-operator-7dc7f7d44b-psqff,17.0,830472192
2026-09-16T22:45:43.817361+00:00,kai-scheduler,admission-86666f457d-bh444,1.0,16777216
2026-09-16T22:45:43.817361+00:00,kai-scheduler,kai-operator-69b5d7bcf7-2mxdj,1.0,108003328
2026-09-16T22:45:43.817361+00:00,kai-scheduler,kai-scheduler-default-768f44b48c-cknk4,80.0,344981504
2026-09-16T22:45:43.817361+00:00,kai-scheduler,pod-grouper-65456f756-78scb,1.0,11534336
2026-09-16T22:45:43.817361+00:00,kai-scheduler,podgroup-controller-68f9cc8dbf-fdxdx,1.0,13631488
2026-09-16T22:45:43.817361+00:00,kai-scheduler,queue-controller-f86fcd76c-thqpj,1.0,12582912
2026-09-16T22:45:43.817361+00:00,kube-system,coredns-8db54c48d-rkl6z,3.0,59768832
2026-09-16T22:45:43.817361+00:00,kube-system,kwok-controller-5cf8c7c44b-688q7,116.0,95420416
2026-09-16T22:45:43.817361+00:00,kube-system,local-path-provisioner-5d9d9885bc-wxvl4,1.0,17825792
2026-09-16T22:45:43.817361+00:00,kube-system,metrics-server-75dc6f8d87-k68rp,40.0,299892736
2026-09-16T22:45:43.817361+00:00,kube-system,svclb-traefik-9eca1d7e-rh8j2,0.0,0
2026-09-16T22:45:43.817361+00:00,kube-system,traefik-9bcdbbd9-j58m7,3.0,261095424
2026-09-16T22:45:43.817361+00:00,pyroscope,pyroscope-0,6.0,199229440
2026-09-16T22:45:43.817361+00:00,pyroscope,pyroscope-alloy-0,85.0,586153984
2026-09-16T22:46:15.065458+00:00,grove-system,grove-operator-7dc7f7d44b-psqff,27.0,802160640
2026-09-16T22:46:15.065458+00:00,kai-scheduler,admission-86666f457d-bh444,1.0,16777216
2026-09-16T22:46:15.065458+00:00,kai-scheduler,kai-operator-69b5d7bcf7-2mxdj,1.0,108003328
2026-09-16T22:46:15.065458+00:00,kai-scheduler,kai-scheduler-default-768f44b48c-cknk4,77.0,341835776
2026-09-16T22:46:15.065458+00:00,kai-scheduler,pod-grouper-65456f756-78scb,1.0,11534336
2026-09-16T22:46:15.065458+00:00,kai-scheduler,podgroup-controller-68f9cc8dbf-fdxdx,1.0,13631488
2026-09-16T22:46:15.065458+00:00,kai-scheduler,queue-controller-f86fcd76c-thqpj,1.0,12582912
2026-09-16T22:46:15.065458+00:00,kube-system,coredns-8db54c48d-rkl6z,3.0,58720256
2026-09-16T22:46:15.065458+00:00,kube-system,kwok-controller-5cf8c7c44b-688q7,115.0,96468992
2026-09-16T22:46:15.065458+00:00,kube-system,local-path-provisioner-5d9d9885bc-wxvl4,1.0,17825792
2026-09-16T22:46:15.065458+00:00,kube-system,metrics-server-75dc6f8d87-k68rp,49.0,295698432
2026-09-16T22:46:15.065458+00:00,kube-system,svclb-traefik-9eca1d7e-rh8j2,0.0,0
2026-09-16T22:46:15.065458+00:00,kube-system,traefik-9bcdbbd9-j58m7,9.0,258998272
2026-09-16T22:46:15.065458+00:00,pyroscope,pyroscope-0,5.0,199229440
2026-09-16T22:46:15.065458+00:00,pyroscope,pyroscope-alloy-0,73.0,588251136
2026-09-16T22:46:46.311482+00:00,grove-system,grove-operator-7dc7f7d44b-psqff,30.0,807403520
2026-09-16T22:46:46.311482+00:00,kai-scheduler,admission-86666f457d-bh444,1.0,16777216
2026-09-16T22:46:46.311482+00:00,kai-scheduler,kai-operator-69b5d7bcf7-2mxdj,1.0,109051904
2026-09-16T22:46:46.311482+00:00,kai-scheduler,kai-scheduler-default-768f44b48c-cknk4,75.0,331350016
2026-09-16T22:46:46.311482+00:00,kai-scheduler,pod-grouper-65456f756-78scb,1.0,11534336
2026-09-16T22:46:46.311482+00:00,kai-scheduler,podgroup-controller-68f9cc8dbf-fdxdx,1.0,13631488
2026-09-16T22:46:46.311482+00:00,kai-scheduler,queue-controller-f86fcd76c-thqpj,1.0,12582912
2026-09-16T22:46:46.311482+00:00,kube-system,coredns-8db54c48d-rkl6z,3.0,59768832
2026-09-16T22:46:46.311482+00:00,kube-system,kwok-controller-5cf8c7c44b-688q7,121.0,95420416
2026-09-16T22:46:46.311482+00:00,kube-system,local-path-provisioner-5d9d9885bc-wxvl4,1.0,17825792
2026-09-16T22:46:46.311482+00:00,kube-system,metrics-server-75dc6f8d87-k68rp,41.0,295698432
2026-09-16T22:46:46.311482+00:00,kube-system,svclb-traefik-9eca1d7e-rh8j2,0.0,0
2026-09-16T22:46:46.311482+00:00,kube-system,traefik-9bcdbbd9-j58m7,3.0,258998272
2026-09-16T22:46:46.311482+00:00,pyroscope,pyroscope-0,6.0,201326592
2026-09-16T22:46:46.311482+00:00,pyroscope,pyroscope-alloy-0,74.0,575668224
2026-09-16T22:47:17.567199+00:00,grove-system,grove-operator-7dc7f7d44b-psqff,16.0,808452096
2026-09-16T22:47:17.567199+00:00,kai-scheduler,admission-86666f457d-bh444,1.0,16777216
2026-09-16T22:47:17.567199+00:00,kai-scheduler,binder-869fc94c7-rfgfb,78.0,159383552
2026-09-16T22:47:17.567199+00:00,kai-scheduler,kai-operator-69b5d7bcf7-2mxdj,5.0,108003328
2026-09-16T22:47:17.567199+00:00,kai-scheduler,kai-scheduler-default-768f44b48c-cknk4,69.0,322961408
2026-09-16T22:47:17.567199+00:00,kai-scheduler,pod-grouper-65456f756-78scb,1.0,11534336
2026-09-16T22:47:17.567199+00:00,kai-scheduler,podgroup-controller-68f9cc8dbf-fdxdx,1.0,13631488
2026-09-16T22:47:17.567199+00:00,kai-scheduler,queue-controller-f86fcd76c-thqpj,1.0,12582912
2026-09-16T22:47:17.567199+00:00,kube-system,coredns-8db54c48d-rkl6z,4.0,59768832
2026-09-16T22:47:17.567199+00:00,kube-system,kwok-controller-5cf8c7c44b-688q7,114.0,95420416
2026-09-16T22:47:17.567199+00:00,kube-system,local-path-provisioner-5d9d9885bc-wxvl4,1.0,17825792
2026-09-16T22:47:17.567199+00:00,kube-system,metrics-server-75dc6f8d87-k68rp,54.0,287309824
2026-09-16T22:47:17.567199+00:00,kube-system,svclb-traefik-9eca1d7e-rh8j2,0.0,0
2026-09-16T22:47:17.567199+00:00,kube-system,traefik-9bcdbbd9-j58m7,3.0,258998272
2026-09-16T22:47:17.567199+00:00,pyroscope,pyroscope-0,5.0,201326592
2026-09-16T22:47:17.567199+00:00,pyroscope,pyroscope-alloy-0,77.0,567279616
2026-09-16T22:47:48.817392+00:00,grove-system,grove-operator-7dc7f7d44b-psqff,18.0,802160640
2026-09-16T22:47:48.817392+00:00,kai-scheduler,admission-86666f457d-bh444,1.0,16777216
2026-09-16T22:47:48.817392+00:00,kai-scheduler,binder-869fc94c7-rfgfb,17.0,169869312
2026-09-16T22:47:48.817392+00:00,kai-scheduler,kai-operator-69b5d7bcf7-2mxdj,1.0,106954752
2026-09-16T22:47:48.817392+00:00,kai-scheduler,kai-scheduler-default-768f44b48c-cknk4,69.0,327155712
2026-09-16T22:47:48.817392+00:00,kai-scheduler,pod-grouper-65456f756-78scb,1.0,11534336
2026-09-16T22:47:48.817392+00:00,kai-scheduler,podgroup-controller-68f9cc8dbf-fdxdx,1.0,13631488
2026-09-16T22:47:48.817392+00:00,kai-scheduler,queue-controller-f86fcd76c-thqpj,1.0,12582912
2026-09-16T22:47:48.817392+00:00,kube-system,coredns-8db54c48d-rkl6z,3.0,59768832
2026-09-16T22:47:48.817392+00:00,kube-system,kwok-controller-5cf8c7c44b-688q7,115.0,93323264
2026-09-16T22:47:48.817392+00:00,kube-system,local-path-provisioner-5d9d9885bc-wxvl4,1.0,17825792
2026-09-16T22:47:48.817392+00:00,kube-system,metrics-server-75dc6f8d87-k68rp,39.0,286261248
2026-09-16T22:47:48.817392+00:00,kube-system,svclb-traefik-9eca1d7e-rh8j2,0.0,0
2026-09-16T22:47:48.817392+00:00,kube-system,traefik-9bcdbbd9-j58m7,3.0,258998272
2026-09-16T22:47:48.817392+00:00,pyroscope,pyroscope-0,5.0,202375168
2026-09-16T22:47:48.817392+00:00,pyroscope,pyroscope-alloy-0,69.0,549453824
2026-09-16T22:48:20.070803+00:00,grove-system,grove-operator-7dc7f7d44b-psqff,18.0,805306368
2026-09-16T22:48:20.070803+00:00,kai-scheduler,admission-86666f457d-bh444,1.0,16777216
2026-09-16T22:48:20.070803+00:00,kai-scheduler,binder-869fc94c7-rfgfb,21.0,199229440
2026-09-16T22:48:20.070803+00:00,kai-scheduler,kai-operator-69b5d7bcf7-2mxdj,1.0,106954752
2026-09-16T22:48:20.070803+00:00,kai-scheduler,kai-scheduler-default-768f44b48c-cknk4,60.0,317718528
2026-09-16T22:48:20.070803+00:00,kai-scheduler,pod-grouper-65456f756-78scb,1.0,11534336
2026-09-16T22:48:20.070803+00:00,kai-scheduler,podgroup-controller-68f9cc8dbf-fdxdx,1.0,13631488
2026-09-16T22:48:20.070803+00:00,kai-scheduler,queue-controller-f86fcd76c-thqpj,1.0,12582912
2026-09-16T22:48:20.070803+00:00,kube-system,coredns-8db54c48d-rkl6z,3.0,59768832
2026-09-16T22:48:20.070803+00:00,kube-system,kwok-controller-5cf8c7c44b-688q7,112.0,93323264
2026-09-16T22:48:20.070803+00:00,kube-system,local-path-provisioner-5d9d9885bc-wxvl4,1.0,17825792
2026-09-16T22:48:20.070803+00:00,kube-system,metrics-server-75dc6f8d87-k68rp,38.0,285212672
2026-09-16T22:48:20.070803+00:00,kube-system,svclb-traefik-9eca1d7e-rh8j2,0.0,0
2026-09-16T22:48:20.070803+00:00,kube-system,traefik-9bcdbbd9-j58m7,8.0,257949696
2026-09-16T22:48:20.070803+00:00,pyroscope,pyroscope-0,4.0,202375168
2026-09-16T22:48:20.070803+00:00,pyroscope,pyroscope-alloy-0,57.0,558891008
2026-09-16T22:48:51.320978+00:00,grove-system,grove-operator-7dc7f7d44b-psqff,30.0,781189120
2026-09-16T22:48:51.320978+00:00,kai-scheduler,admission-86666f457d-bh444,1.0,16777216
2026-09-16T22:48:51.320978+00:00,kai-scheduler,binder-869fc94c7-rfgfb,20.0,173015040
2026-09-16T22:48:51.320978+00:00,kai-scheduler,kai-operator-69b5d7bcf7-2mxdj,1.0,106954752
2026-09-16T22:48:51.320978+00:00,kai-scheduler,kai-scheduler-default-768f44b48c-cknk4,58.0,267386880
2026-09-16T22:48:51.320978+00:00,kai-scheduler,pod-grouper-65456f756-78scb,1.0,11534336
2026-09-16T22:48:51.320978+00:00,kai-scheduler,podgroup-controller-68f9cc8dbf-fdxdx,1.0,13631488
2026-09-16T22:48:51.320978+00:00,kai-scheduler,queue-controller-f86fcd76c-thqpj,1.0,12582912
2026-09-16T22:48:51.320978+00:00,kube-system,coredns-8db54c48d-rkl6z,4.0,58720256
2026-09-16T22:48:51.320978+00:00,kube-system,kwok-controller-5cf8c7c44b-688q7,110.0,92274688
2026-09-16T22:48:51.320978+00:00,kube-system,local-path-provisioner-5d9d9885bc-wxvl4,1.0,17825792
2026-09-16T22:48:51.320978+00:00,kube-system,metrics-server-75dc6f8d87-k68rp,58.0,286261248
2026-09-16T22:48:51.320978+00:00,kube-system,svclb-traefik-9eca1d7e-rh8j2,0.0,0
2026-09-16T22:48:51.320978+00:00,kube-system,traefik-9bcdbbd9-j58m7,3.0,257949696
2026-09-16T22:48:51.320978+00:00,pyroscope,pyroscope-0,6.0,202375168
2026-09-16T22:48:51.320978+00:00,pyroscope,pyroscope-alloy-0,53.0,547356672
2026-09-16T22:49:22.572834+00:00,grove-system,grove-operator-7dc7f7d44b-psqff,26.0,780140544
2026-09-16T22:49:22.572834+00:00,kai-scheduler,admission-86666f457d-bh444,1.0,16777216
2026-09-16T22:49:22.572834+00:00,kai-scheduler,binder-869fc94c7-rfgfb,18.0,173015040
2026-09-16T22:49:22.572834+00:00,kai-scheduler,kai-operator-69b5d7bcf7-2mxdj,3.0,106954752
2026-09-16T22:49:22.572834+00:00,kai-scheduler,kai-scheduler-default-768f44b48c-cknk4,57.0,284164096
2026-09-16T22:49:22.572834+00:00,kai-scheduler,pod-grouper-65456f756-78scb,1.0,11534336
2026-09-16T22:49:22.572834+00:00,kai-scheduler,podgroup-controller-68f9cc8dbf-fdxdx,1.0,13631488
2026-09-16T22:49:22.572834+00:00,kai-scheduler,queue-controller-f86fcd76c-thqpj,1.0,12582912
2026-09-16T22:49:22.572834+00:00,kube-system,coredns-8db54c48d-rkl6z,3.0,58720256
2026-09-16T22:49:22.572834+00:00,kube-system,kwok-controller-5cf8c7c44b-688q7,112.0,93323264
2026-09-16T22:49:22.572834+00:00,kube-system,local-path-provisioner-5d9d9885bc-wxvl4,1.0,17825792
2026-09-16T22:49:22.572834+00:00,kube-system,metrics-server-75dc6f8d87-k68rp,42.0,284164096
2026-09-16T22:49:22.572834+00:00,kube-system,svclb-traefik-9eca1d7e-rh8j2,0.0,0
2026-09-16T22:49:22.572834+00:00,kube-system,traefik-9bcdbbd9-j58m7,3.0,257949696
2026-09-16T22:49:22.572834+00:00,pyroscope,pyroscope-0,6.0,202375168
2026-09-16T22:49:22.572834+00:00,pyroscope,pyroscope-alloy-0,42.0,533725184
2026-09-16T22:49:53.821434+00:00,grove-system,grove-operator-7dc7f7d44b-psqff,27.0,771751936
2026-09-16T22:49:53.821434+00:00,kai-scheduler,admission-86666f457d-bh444,1.0,16777216
2026-09-16T22:49:53.821434+00:00,kai-scheduler,binder-869fc94c7-rfgfb,17.0,171966464
2026-09-16T22:49:53.821434+00:00,kai-scheduler,kai-operator-69b5d7bcf7-2mxdj,1.0,108003328
2026-09-16T22:49:53.821434+00:00,kai-scheduler,kai-scheduler-default-768f44b48c-cknk4,55.0,278921216
2026-09-16T22:49:53.821434+00:00,kai-scheduler,pod-grouper-65456f756-78scb,1.0,11534336
2026-09-16T22:49:53.821434+00:00,kai-scheduler,podgroup-controller-68f9cc8dbf-fdxdx,1.0,13631488
2026-09-16T22:49:53.821434+00:00,kai-scheduler,queue-controller-f86fcd76c-thqpj,1.0,12582912
2026-09-16T22:49:53.821434+00:00,kube-system,coredns-8db54c48d-rkl6z,3.0,58720256
2026-09-16T22:49:53.821434+00:00,kube-system,kwok-controller-5cf8c7c44b-688q7,112.0,94371840
2026-09-16T22:49:53.821434+00:00,kube-system,local-path-provisioner-5d9d9885bc-wxvl4,1.0,17825792
2026-09-16T22:49:53.821434+00:00,kube-system,metrics-server-75dc6f8d87-k68rp,42.0,287309824
2026-09-16T22:49:53.821434+00:00,kube-system,svclb-traefik-9eca1d7e-rh8j2,0.0,0
2026-09-16T22:49:53.821434+00:00,kube-system,traefik-9bcdbbd9-j58m7,3.0,258998272
2026-09-16T22:49:53.821434+00:00,pyroscope,pyroscope-0,7.0,200278016
2026-09-16T22:49:53.821434+00:00,pyroscope,pyroscope-alloy-0,51.0,516947968
2026-09-16T22:50:25.079469+00:00,grove-system,grove-operator-7dc7f7d44b-psqff,25.0,759169024
2026-09-16T22:50:25.079469+00:00,kai-scheduler,admission-86666f457d-bh444,1.0,16777216
2026-09-16T22:50:25.079469+00:00,kai-scheduler,binder-869fc94c7-rfgfb,21.0,171966464
2026-09-16T22:50:25.079469+00:00,kai-scheduler,kai-operator-69b5d7bcf7-2mxdj,1.0,108003328
2026-09-16T22:50:25.079469+00:00,kai-scheduler,kai-scheduler-default-768f44b48c-cknk4,50.0,267386880
2026-09-16T22:50:25.079469+00:00,kai-scheduler,pod-grouper-65456f756-78scb,1.0,11534336
2026-09-16T22:50:25.079469+00:00,kai-scheduler,podgroup-controller-68f9cc8dbf-fdxdx,1.0,13631488
2026-09-16T22:50:25.079469+00:00,kai-scheduler,queue-controller-f86fcd76c-thqpj,1.0,12582912
2026-09-16T22:50:25.079469+00:00,kube-system,coredns-8db54c48d-rkl6z,3.0,58720256
2026-09-16T22:50:25.079469+00:00,kube-system,kwok-controller-5cf8c7c44b-688q7,116.0,92274688
2026-09-16T22:50:25.079469+00:00,kube-system,local-path-provisioner-5d9d9885bc-wxvl4,1.0,17825792
2026-09-16T22:50:25.079469+00:00,kube-system,metrics-server-75dc6f8d87-k68rp,38.0,285212672
2026-09-16T22:50:25.079469+00:00,kube-system,svclb-traefik-9eca1d7e-rh8j2,0.0,0
2026-09-16T22:50:25.079469+00:00,kube-system,traefik-9bcdbbd9-j58m7,3.0,257949696
2026-09-16T22:50:25.079469+00:00,pyroscope,pyroscope-0,5.0,200278016
2026-09-16T22:50:25.079469+00:00,pyroscope,pyroscope-alloy-0,52.0,499122176
2026-09-16T22:50:56.334765+00:00,grove-system,grove-operator-7dc7f7d44b-psqff,26.0,754974720
2026-09-16T22:50:56.334765+00:00,kai-scheduler,admission-86666f457d-bh444,1.0,16777216
2026-09-16T22:50:56.334765+00:00,kai-scheduler,binder-869fc94c7-rfgfb,18.0,171966464
2026-09-16T22:50:56.334765+00:00,kai-scheduler,kai-operator-69b5d7bcf7-2mxdj,1.0,106954752
2026-09-16T22:50:56.334765+00:00,kai-scheduler,kai-scheduler-default-768f44b48c-cknk4,49.0,264241152
2026-09-16T22:50:56.334765+00:00,kai-scheduler,pod-grouper-65456f756-78scb,1.0,11534336
2026-09-16T22:50:56.334765+00:00,kai-scheduler,podgroup-controller-68f9cc8dbf-fdxdx,1.0,13631488
2026-09-16T22:50:56.334765+00:00,kai-scheduler,queue-controller-f86fcd76c-thqpj,1.0,12582912
2026-09-16T22:50:56.334765+00:00,kube-system,coredns-8db54c48d-rkl6z,3.0,58720256
2026-09-16T22:50:56.334765+00:00,kube-system,kwok-controller-5cf8c7c44b-688q7,118.0,92274688
2026-09-16T22:50:56.334765+00:00,kube-system,local-path-provisioner-5d9d9885bc-wxvl4,1.0,17825792
2026-09-16T22:50:56.334765+00:00,kube-system,metrics-server-75dc6f8d87-k68rp,39.0,277872640
2026-09-16T22:50:56.334765+00:00,kube-system,svclb-traefik-9eca1d7e-rh8j2,0.0,0
2026-09-16T22:50:56.334765+00:00,kube-system,traefik-9bcdbbd9-j58m7,3.0,254803968
2026-09-16T22:50:56.334765+00:00,pyroscope,pyroscope-0,7.0,200278016
2026-09-16T22:50:56.334765+00:00,pyroscope,pyroscope-alloy-0,52.0,494927872
2026-09-16T22:51:27.587908+00:00,grove-system,grove-operator-7dc7f7d44b-psqff,29.0,729808896
2026-09-16T22:51:27.587908+00:00,kai-scheduler,admission-86666f457d-bh444,1.0,16777216
2026-09-16T22:51:27.587908+00:00,kai-scheduler,binder-869fc94c7-rfgfb,18.0,173015040
2026-09-16T22:51:27.587908+00:00,kai-scheduler,kai-operator-69b5d7bcf7-2mxdj,1.0,106954752
2026-09-16T22:51:27.587908+00:00,kai-scheduler,kai-scheduler-default-768f44b48c-cknk4,44.0,260046848
2026-09-16T22:51:27.587908+00:00,kai-scheduler,pod-grouper-65456f756-78scb,1.0,11534336
2026-09-16T22:51:27.587908+00:00,kai-scheduler,podgroup-controller-68f9cc8dbf-fdxdx,1.0,13631488
2026-09-16T22:51:27.587908+00:00,kai-scheduler,queue-controller-f86fcd76c-thqpj,1.0,12582912
2026-09-16T22:51:27.587908+00:00,kube-system,coredns-8db54c48d-rkl6z,3.0,57671680
2026-09-16T22:51:27.587908+00:00,kube-system,kwok-controller-5cf8c7c44b-688q7,114.0,93323264
2026-09-16T22:51:27.587908+00:00,kube-system,local-path-provisioner-5d9d9885bc-wxvl4,1.0,17825792
2026-09-16T22:51:27.587908+00:00,kube-system,metrics-server-75dc6f8d87-k68rp,39.0,276824064
2026-09-16T22:51:27.587908+00:00,kube-system,svclb-traefik-9eca1d7e-rh8j2,0.0,0
2026-09-16T22:51:27.587908+00:00,kube-system,traefik-9bcdbbd9-j58m7,3.0,253755392
2026-09-16T22:51:27.587908+00:00,pyroscope,pyroscope-0,7.0,201326592
2026-09-16T22:51:27.587908+00:00,pyroscope,pyroscope-alloy-0,41.0,482344960
2026-09-16T22:51:58.841125+00:00,grove-system,grove-operator-7dc7f7d44b-psqff,17.0,735051776
2026-09-16T22:51:58.841125+00:00,kai-scheduler,admission-86666f457d-bh444,1.0,16777216
2026-09-16T22:51:58.841125+00:00,kai-scheduler,binder-869fc94c7-rfgfb,17.0,174063616
2026-09-16T22:51:58.841125+00:00,kai-scheduler,kai-operator-69b5d7bcf7-2mxdj,1.0,106954752
2026-09-16T22:51:58.841125+00:00,kai-scheduler,kai-scheduler-default-768f44b48c-cknk4,39.0,271581184
2026-09-16T22:51:58.841125+00:00,kai-scheduler,pod-grouper-65456f756-78scb,1.0,11534336
2026-09-16T22:51:58.841125+00:00,kai-scheduler,podgroup-controller-68f9cc8dbf-fdxdx,1.0,13631488
2026-09-16T22:51:58.841125+00:00,kai-scheduler,queue-controller-f86fcd76c-thqpj,1.0,12582912
2026-09-16T22:51:58.841125+00:00,kube-system,coredns-8db54c48d-rkl6z,3.0,58720256
2026-09-16T22:51:58.841125+00:00,kube-system,kwok-controller-5cf8c7c44b-688q7,112.0,92274688
2026-09-16T22:51:58.841125+00:00,kube-system,local-path-provisioner-5d9d9885bc-wxvl4,1.0,17825792
2026-09-16T22:51:58.841125+00:00,kube-system,metrics-server-75dc6f8d87-k68rp,46.0,273678336
2026-09-16T22:51:58.841125+00:00,kube-system,svclb-traefik-9eca1d7e-rh8j2,0.0,0
2026-09-16T22:51:58.841125+00:00,kube-system,traefik-9bcdbbd9-j58m7,3.0,254803968
2026-09-16T22:51:58.841125+00:00,pyroscope,pyroscope-0,4.0,200278016
2026-09-16T22:51:58.841125+00:00,pyroscope,pyroscope-alloy-0,35.0,463470592
2026-09-16T22:52:30.092805+00:00,grove-system,grove-operator-7dc7f7d44b-psqff,24.0,715128832
2026-09-16T22:52:30.092805+00:00,kai-scheduler,admission-86666f457d-bh444,1.0,16777216
2026-09-16T22:52:30.092805+00:00,kai-scheduler,binder-869fc94c7-rfgfb,19.0,171966464
2026-09-16T22:52:30.092805+00:00,kai-scheduler,kai-operator-69b5d7bcf7-2mxdj,1.0,108003328
2026-09-16T22:52:30.092805+00:00,kai-scheduler,kai-scheduler-default-768f44b48c-cknk4,35.0,254803968
2026-09-16T22:52:30.092805+00:00,kai-scheduler,pod-grouper-65456f756-78scb,1.0,11534336
2026-09-16T22:52:30.092805+00:00,kai-scheduler,podgroup-controller-68f9cc8dbf-fdxdx,1.0,13631488
2026-09-16T22:52:30.092805+00:00,kai-scheduler,queue-controller-f86fcd76c-thqpj,1.0,12582912
2026-09-16T22:52:30.092805+00:00,kube-system,coredns-8db54c48d-rkl6z,3.0,58720256
2026-09-16T22:52:30.092805+00:00,kube-system,kwok-controller-5cf8c7c44b-688q7,114.0,92274688
2026-09-16T22:52:30.092805+00:00,kube-system,local-path-provisioner-5d9d9885bc-wxvl4,1.0,17825792
2026-09-16T22:52:30.092805+00:00,kube-system,metrics-server-75dc6f8d87-k68rp,48.0,272629760
2026-09-16T22:52:30.092805+00:00,kube-system,svclb-traefik-9eca1d7e-rh8j2,0.0,0
2026-09-16T22:52:30.092805+00:00,kube-system,traefik-9bcdbbd9-j58m7,3.0,248512512
2026-09-16T22:52:30.092805+00:00,pyroscope,pyroscope-0,6.0,200278016
2026-09-16T22:52:30.092805+00:00,pyroscope,pyroscope-alloy-0,33.0,448790528
2026-09-16T22:53:01.342536+00:00,grove-system,grove-operator-7dc7f7d44b-psqff,26.0,695205888
2026-09-16T22:53:01.342536+00:00,kai-scheduler,admission-86666f457d-bh444,1.0,16777216
2026-09-16T22:53:01.342536+00:00,kai-scheduler,binder-869fc94c7-rfgfb,17.0,174063616
2026-09-16T22:53:01.342536+00:00,kai-scheduler,kai-operator-69b5d7bcf7-2mxdj,1.0,106954752
2026-09-16T22:53:01.342536+00:00,kai-scheduler,kai-scheduler-default-768f44b48c-cknk4,33.0,255852544
2026-09-16T22:53:01.342536+00:00,kai-scheduler,pod-grouper-65456f756-78scb,1.0,11534336
2026-09-16T22:53:01.342536+00:00,kai-scheduler,podgroup-controller-68f9cc8dbf-fdxdx,1.0,13631488
2026-09-16T22:53:01.342536+00:00,kai-scheduler,queue-controller-f86fcd76c-thqpj,1.0,12582912
2026-09-16T22:53:01.342536+00:00,kube-system,coredns-8db54c48d-rkl6z,3.0,57671680
2026-09-16T22:53:01.342536+00:00,kube-system,kwok-controller-5cf8c7c44b-688q7,109.0,92274688
2026-09-16T22:53:01.342536+00:00,kube-system,local-path-provisioner-5d9d9885bc-wxvl4,1.0,17825792
2026-09-16T22:53:01.342536+00:00,kube-system,metrics-server-75dc6f8d87-k68rp,42.0,274726912
2026-09-16T22:53:01.342536+00:00,kube-system,svclb-traefik-9eca1d7e-rh8j2,0.0,0
2026-09-16T22:53:01.342536+00:00,kube-system,traefik-9bcdbbd9-j58m7,3.0,247463936
2026-09-16T22:53:01.342536+00:00,pyroscope,pyroscope-0,5.0,200278016
2026-09-16T22:53:01.342536+00:00,pyroscope,pyroscope-alloy-0,30.0,438304768
2026-09-16T22:53:32.587862+00:00,grove-system,grove-operator-7dc7f7d44b-psqff,21.0,683671552
2026-09-16T22:53:32.587862+00:00,kai-scheduler,admission-86666f457d-bh444,1.0,16777216
2026-09-16T22:53:32.587862+00:00,kai-scheduler,binder-869fc94c7-rfgfb,20.0,170917888
2026-09-16T22:53:32.587862+00:00,kai-scheduler,kai-operator-69b5d7bcf7-2mxdj,1.0,106954752
2026-09-16T22:53:32.587862+00:00,kai-scheduler,kai-scheduler-default-768f44b48c-cknk4,29.0,255852544
2026-09-16T22:53:32.587862+00:00,kai-scheduler,pod-grouper-65456f756-78scb,1.0,11534336
2026-09-16T22:53:32.587862+00:00,kai-scheduler,podgroup-controller-68f9cc8dbf-fdxdx,1.0,13631488
2026-09-16T22:53:32.587862+00:00,kai-scheduler,queue-controller-f86fcd76c-thqpj,1.0,12582912
2026-09-16T22:53:32.587862+00:00,kube-system,coredns-8db54c48d-rkl6z,3.0,56623104
2026-09-16T22:53:32.587862+00:00,kube-system,kwok-controller-5cf8c7c44b-688q7,130.0,91226112
2026-09-16T22:53:32.587862+00:00,kube-system,local-path-provisioner-5d9d9885bc-wxvl4,1.0,17825792
2026-09-16T22:53:32.587862+00:00,kube-system,metrics-server-75dc6f8d87-k68rp,34.0,266338304
2026-09-16T22:53:32.587862+00:00,kube-system,svclb-traefik-9eca1d7e-rh8j2,0.0,0
2026-09-16T22:53:32.587862+00:00,kube-system,traefik-9bcdbbd9-j58m7,3.0,248512512
2026-09-16T22:53:32.587862+00:00,pyroscope,pyroscope-0,7.0,200278016
2026-09-16T22:53:32.587862+00:00,pyroscope,pyroscope-alloy-0,26.0,417333248
2026-09-16T22:54:03.868723+00:00,grove-system,grove-operator-7dc7f7d44b-psqff,18.0,653262848
2026-09-16T22:54:03.868723+00:00,kai-scheduler,admission-86666f457d-bh444,1.0,16777216
2026-09-16T22:54:03.868723+00:00,kai-scheduler,binder-869fc94c7-rfgfb,30.0,176160768
2026-09-16T22:54:03.868723+00:00,kai-scheduler,kai-operator-69b5d7bcf7-2mxdj,3.0,112197632
2026-09-16T22:54:03.868723+00:00,kai-scheduler,kai-scheduler-default-768f44b48c-cknk4,42.0,258998272
2026-09-16T22:54:03.868723+00:00,kai-scheduler,pod-grouper-65456f756-78scb,1.0,11534336
2026-09-16T22:54:03.868723+00:00,kai-scheduler,podgroup-controller-68f9cc8dbf-fdxdx,1.0,13631488
2026-09-16T22:54:03.868723+00:00,kai-scheduler,queue-controller-f86fcd76c-thqpj,1.0,12582912
2026-09-16T22:54:03.868723+00:00,kube-system,coredns-8db54c48d-rkl6z,3.0,57671680
2026-09-16T22:54:03.868723+00:00,kube-system,kwok-controller-5cf8c7c44b-688q7,112.0,91226112
2026-09-16T22:54:03.868723+00:00,kube-system,local-path-provisioner-5d9d9885bc-wxvl4,1.0,17825792
2026-09-16T22:54:03.868723+00:00,kube-system,metrics-server-75dc6f8d87-k68rp,50.0,258998272
2026-09-16T22:54:03.868723+00:00,kube-system,svclb-traefik-9eca1d7e-rh8j2,0.0,0
2026-09-16T22:54:03.868723+00:00,kube-system,traefik-9bcdbbd9-j58m7,34.0,241172480
2026-09-16T22:54:03.868723+00:00,pyroscope,pyroscope-0,10.0,212860928
2026-09-16T22:54:03.868723+00:00,pyroscope,pyroscope-alloy-0,15.0,391118848
2026-09-16T22:54:35.152904+00:00,grove-system,grove-operator-7dc7f7d44b-psqff,10.0,648019968
2026-09-16T22:54:35.152904+00:00,kai-scheduler,admission-86666f457d-bh444,1.0,16777216
2026-09-16T22:54:35.152904+00:00,kai-scheduler,binder-869fc94c7-rfgfb,33.0,178257920
2026-09-16T22:54:35.152904+00:00,kai-scheduler,kai-operator-69b5d7bcf7-2mxdj,36.0,128974848
2026-09-16T22:54:35.152904+00:00,kai-scheduler,kai-scheduler-default-768f44b48c-cknk4,38.0,257949696
2026-09-16T22:54:35.152904+00:00,kai-scheduler,pod-grouper-65456f756-78scb,1.0,11534336
2026-09-16T22:54:35.152904+00:00,kai-scheduler,podgroup-controller-68f9cc8dbf-fdxdx,1.0,13631488
2026-09-16T22:54:35.152904+00:00,kai-scheduler,queue-controller-f86fcd76c-thqpj,1.0,12582912
2026-09-16T22:54:35.152904+00:00,kube-system,coredns-8db54c48d-rkl6z,2.0,56623104
2026-09-16T22:54:35.152904+00:00,kube-system,kwok-controller-5cf8c7c44b-688q7,104.0,90177536
2026-09-16T22:54:35.152904+00:00,kube-system,local-path-provisioner-5d9d9885bc-wxvl4,1.0,17825792
2026-09-16T22:54:35.152904+00:00,kube-system,metrics-server-75dc6f8d87-k68rp,47.0,254803968
2026-09-16T22:54:35.152904+00:00,kube-system,svclb-traefik-9eca1d7e-rh8j2,0.0,0
2026-09-16T22:54:35.152904+00:00,kube-system,traefik-9bcdbbd9-j58m7,49.0,222298112
2026-09-16T22:54:35.152904+00:00,pyroscope,pyroscope-0,6.0,218103808
2026-09-16T22:54:35.152904+00:00,pyroscope,pyroscope-alloy-0,10.0,381681664
2026-09-16T22:55:06.406017+00:00,grove-system,grove-operator-7dc7f7d44b-psqff,9.0,645922816
2026-09-16T22:55:06.406017+00:00,kai-scheduler,admission-86666f457d-bh444,1.0,16777216
2026-09-16T22:55:06.406017+00:00,kai-scheduler,binder-869fc94c7-rfgfb,34.0,175112192
2026-09-16T22:55:06.406017+00:00,kai-scheduler,kai-operator-69b5d7bcf7-2mxdj,37.0,126877696
2026-09-16T22:55:06.406017+00:00,kai-scheduler,kai-scheduler-default-768f44b48c-cknk4,40.0,255852544
2026-09-16T22:55:06.406017+00:00,kai-scheduler,pod-grouper-65456f756-78scb,1.0,11534336
2026-09-16T22:55:06.406017+00:00,kai-scheduler,podgroup-controller-68f9cc8dbf-fdxdx,1.0,13631488
2026-09-16T22:55:06.406017+00:00,kai-scheduler,queue-controller-f86fcd76c-thqpj,1.0,12582912
2026-09-16T22:55:06.406017+00:00,kube-system,coredns-8db54c48d-rkl6z,3.0,53477376
2026-09-16T22:55:06.406017+00:00,kube-system,kwok-controller-5cf8c7c44b-688q7,108.0,89128960
2026-09-16T22:55:06.406017+00:00,kube-system,local-path-provisioner-5d9d9885bc-wxvl4,1.0,17825792
2026-09-16T22:55:06.406017+00:00,kube-system,metrics-server-75dc6f8d87-k68rp,48.0,254803968
2026-09-16T22:55:06.406017+00:00,kube-system,svclb-traefik-9eca1d7e-rh8j2,0.0,0
2026-09-16T22:55:06.406017+00:00,kube-system,traefik-9bcdbbd9-j58m7,53.0,218103808
2026-09-16T22:55:06.406017+00:00,pyroscope,pyroscope-0,5.0,199229440
2026-09-16T22:55:06.406017+00:00,pyroscope,pyroscope-alloy-0,10.0,383778816
2026-09-16T22:55:37.656489+00:00,grove-system,grove-operator-7dc7f7d44b-psqff,10.0,641728512
2026-09-16T22:55:37.656489+00:00,kai-scheduler,admission-86666f457d-bh444,1.0,16777216
2026-09-16T22:55:37.656489+00:00,kai-scheduler,binder-869fc94c7-rfgfb,33.0,174063616
2026-09-16T22:55:37.656489+00:00,kai-scheduler,kai-operator-69b5d7bcf7-2mxdj,35.0,126877696
2026-09-16T22:55:37.656489+00:00,kai-scheduler,kai-scheduler-default-768f44b48c-cknk4,41.0,261095424
2026-09-16T22:55:37.656489+00:00,kai-scheduler,pod-grouper-65456f756-78scb,1.0,11534336
2026-09-16T22:55:37.656489+00:00,kai-scheduler,podgroup-controller-68f9cc8dbf-fdxdx,1.0,13631488
2026-09-16T22:55:37.656489+00:00,kai-scheduler,queue-controller-f86fcd76c-thqpj,1.0,12582912
2026-09-16T22:55:37.656489+00:00,kube-system,coredns-8db54c48d-rkl6z,2.0,53477376
2026-09-16T22:55:37.656489+00:00,kube-system,kwok-controller-5cf8c7c44b-688q7,114.0,91226112
2026-09-16T22:55:37.656489+00:00,kube-system,local-path-provisioner-5d9d9885bc-wxvl4,1.0,17825792
2026-09-16T22:55:37.656489+00:00,kube-system,metrics-server-75dc6f8d87-k68rp,52.0,257949696
2026-09-16T22:55:37.656489+00:00,kube-system,svclb-traefik-9eca1d7e-rh8j2,0.0,0
2026-09-16T22:55:37.656489+00:00,kube-system,traefik-9bcdbbd9-j58m7,48.0,219152384
2026-09-16T22:55:37.656489+00:00,pyroscope,pyroscope-0,7.0,205520896
2026-09-16T22:55:37.656489+00:00,pyroscope,pyroscope-alloy-0,8.0,385875968
2026-09-16T22:56:08.907766+00:00,grove-system,grove-operator-7dc7f7d44b-psqff,11.0,644874240
2026-09-16T22:56:08.907766+00:00,kai-scheduler,admission-86666f457d-bh444,1.0,16777216
2026-09-16T22:56:08.907766+00:00,kai-scheduler,binder-869fc94c7-rfgfb,33.0,174063616
2026-09-16T22:56:08.907766+00:00,kai-scheduler,kai-operator-69b5d7bcf7-2mxdj,36.0,125829120
2026-09-16T22:56:08.907766+00:00,kai-scheduler,kai-scheduler-default-768f44b48c-cknk4,39.0,260046848
2026-09-16T22:56:08.907766+00:00,kai-scheduler,pod-grouper-65456f756-78scb,1.0,11534336
2026-09-16T22:56:08.907766+00:00,kai-scheduler,podgroup-controller-68f9cc8dbf-fdxdx,1.0,13631488
2026-09-16T22:56:08.907766+00:00,kai-scheduler,queue-controller-f86fcd76c-thqpj,1.0,12582912
2026-09-16T22:56:08.907766+00:00,kube-system,coredns-8db54c48d-rkl6z,2.0,53477376
2026-09-16T22:56:08.907766+00:00,kube-system,kwok-controller-5cf8c7c44b-688q7,104.0,89128960
2026-09-16T22:56:08.907766+00:00,kube-system,local-path-provisioner-5d9d9885bc-wxvl4,1.0,17825792
2026-09-16T22:56:08.907766+00:00,kube-system,metrics-server-75dc6f8d87-k68rp,54.0,258998272
2026-09-16T22:56:08.907766+00:00,kube-system,svclb-traefik-9eca1d7e-rh8j2,0.0,0
2026-09-16T22:56:08.907766+00:00,kube-system,traefik-9bcdbbd9-j58m7,51.0,217055232
2026-09-16T22:56:08.907766+00:00,pyroscope,pyroscope-0,5.0,204472320
2026-09-16T22:56:08.907766+00:00,pyroscope,pyroscope-alloy-0,12.0,384827392
2026-09-16T22:56:40.165026+00:00,grove-system,grove-operator-7dc7f7d44b-psqff,92.0,668991488
2026-09-16T22:56:40.165026+00:00,kai-scheduler,admission-86666f457d-bh444,1.0,16777216
2026-09-16T22:56:40.165026+00:00,kai-scheduler,binder-869fc94c7-rfgfb,10.0,169869312
2026-09-16T22:56:40.165026+00:00,kai-scheduler,kai-operator-69b5d7bcf7-2mxdj,47.0,128974848
2026-09-16T22:56:40.165026+00:00,kai-scheduler,kai-scheduler-default-768f44b48c-cknk4,19.0,261095424
2026-09-16T22:56:40.165026+00:00,kai-scheduler,pod-grouper-65456f756-78scb,1.0,11534336
2026-09-16T22:56:40.165026+00:00,kai-scheduler,podgroup-controller-68f9cc8dbf-fdxdx,1.0,13631488
2026-09-16T22:56:40.165026+00:00,kai-scheduler,queue-controller-f86fcd76c-thqpj,1.0,12582912
2026-09-16T22:56:40.165026+00:00,kube-system,coredns-8db54c48d-rkl6z,29.0,54525952
2026-09-16T22:56:40.165026+00:00,kube-system,kwok-controller-5cf8c7c44b-688q7,108.0,90177536
2026-09-16T22:56:40.165026+00:00,kube-system,local-path-provisioner-5d9d9885bc-wxvl4,1.0,17825792
2026-09-16T22:56:40.165026+00:00,kube-system,metrics-server-75dc6f8d87-k68rp,48.0,258998272
2026-09-16T22:56:40.165026+00:00,kube-system,svclb-traefik-9eca1d7e-rh8j2,0.0,0
2026-09-16T22:56:40.165026+00:00,kube-system,traefik-9bcdbbd9-j58m7,70.0,232783872
2026-09-16T22:56:40.165026+00:00,pyroscope,pyroscope-0,8.0,209715200
2026-09-16T22:56:40.165026+00:00,pyroscope,pyroscope-alloy-0,10.0,389021696
2026-09-16T22:57:11.413459+00:00,grove-system,grove-operator-7dc7f7d44b-psqff,423.0,735051776
2026-09-16T22:57:11.413459+00:00,kai-scheduler,admission-86666f457d-bh444,1.0,16777216
2026-09-16T22:57:11.413459+00:00,kai-scheduler,binder-869fc94c7-rfgfb,29.0,182452224
2026-09-16T22:57:11.413459+00:00,kai-scheduler,kai-operator-69b5d7bcf7-2mxdj,1.0,128974848
2026-09-16T22:57:11.413459+00:00,kai-scheduler,kai-scheduler-default-768f44b48c-cknk4,36.0,265289728
2026-09-16T22:57:11.413459+00:00,kai-scheduler,pod-grouper-65456f756-78scb,1.0,11534336
2026-09-16T22:57:11.413459+00:00,kai-scheduler,podgroup-controller-68f9cc8dbf-fdxdx,1.0,13631488
2026-09-16T22:57:11.413459+00:00,kai-scheduler,queue-controller-f86fcd76c-thqpj,1.0,12582912
2026-09-16T22:57:11.413459+00:00,kube-system,coredns-8db54c48d-rkl6z,9.0,54525952
2026-09-16T22:57:11.413459+00:00,kube-system,kwok-controller-5cf8c7c44b-688q7,99.0,89128960
2026-09-16T22:57:11.413459+00:00,kube-system,local-path-provisioner-5d9d9885bc-wxvl4,1.0,17825792
2026-09-16T22:57:11.413459+00:00,kube-system,metrics-server-75dc6f8d87-k68rp,33.0,261095424
2026-09-16T22:57:11.413459+00:00,kube-system,svclb-traefik-9eca1d7e-rh8j2,0.0,0
2026-09-16T22:57:11.413459+00:00,kube-system,traefik-9bcdbbd9-j58m7,15.0,234881024
2026-09-16T22:57:11.413459+00:00,pyroscope,pyroscope-0,7.0,205520896
2026-09-16T22:57:11.413459+00:00,pyroscope,pyroscope-alloy-0,21.0,389021696
2026-09-16T22:57:42.674633+00:00,grove-system,grove-operator-7dc7f7d44b-psqff,555.0,760217600
2026-09-16T22:57:42.674633+00:00,kai-scheduler,admission-86666f457d-bh444,1.0,16777216
2026-09-16T22:57:42.674633+00:00,kai-scheduler,binder-869fc94c7-rfgfb,56.0,93323264
2026-09-16T22:57:42.674633+00:00,kai-scheduler,kai-operator-69b5d7bcf7-2mxdj,2.0,128974848
2026-09-16T22:57:42.674633+00:00,kai-scheduler,kai-scheduler-default-768f44b48c-cknk4,51.0,287309824
2026-09-16T22:57:42.674633+00:00,kai-scheduler,pod-grouper-65456f756-78scb,1.0,11534336
2026-09-16T22:57:42.674633+00:00,kai-scheduler,podgroup-controller-68f9cc8dbf-fdxdx,1.0,13631488
2026-09-16T22:57:42.674633+00:00,kai-scheduler,queue-controller-f86fcd76c-thqpj,1.0,12582912
2026-09-16T22:57:42.674633+00:00,kube-system,coredns-8db54c48d-rkl6z,8.0,54525952
2026-09-16T22:57:42.674633+00:00,kube-system,kwok-controller-5cf8c7c44b-688q7,100.0,90177536
2026-09-16T22:57:42.674633+00:00,kube-system,local-path-provisioner-5d9d9885bc-wxvl4,1.0,17825792
2026-09-16T22:57:42.674633+00:00,kube-system,metrics-server-75dc6f8d87-k68rp,36.0,260046848
2026-09-16T22:57:42.674633+00:00,kube-system,svclb-traefik-9eca1d7e-rh8j2,0.0,0
2026-09-16T22:57:42.674633+00:00,kube-system,traefik-9bcdbbd9-j58m7,12.0,234881024
2026-09-16T22:57:42.674633+00:00,pyroscope,pyroscope-0,7.0,205520896
2026-09-16T22:57:42.674633+00:00,pyroscope,pyroscope-alloy-0,45.0,397410304
2026-09-16T22:58:13.951383+00:00,grove-system,grove-operator-7dc7f7d44b-psqff,669.0,822083584
2026-09-16T22:58:13.951383+00:00,kai-scheduler,admission-86666f457d-bh444,1.0,16777216
2026-09-16T22:58:13.951383+00:00,kai-scheduler,binder-869fc94c7-rfgfb,58.0,146800640
2026-09-16T22:58:13.951383+00:00,kai-scheduler,kai-operator-69b5d7bcf7-2mxdj,1.0,128974848
2026-09-16T22:58:13.951383+00:00,kai-scheduler,kai-scheduler-default-768f44b48c-cknk4,62.0,362807296
2026-09-16T22:58:13.951383+00:00,kai-scheduler,pod-grouper-65456f756-78scb,1.0,11534336
2026-09-16T22:58:13.951383+00:00,kai-scheduler,podgroup-controller-68f9cc8dbf-fdxdx,1.0,13631488
2026-09-16T22:58:13.951383+00:00,kai-scheduler,queue-controller-f86fcd76c-thqpj,1.0,12582912
2026-09-16T22:58:13.951383+00:00,kube-system,coredns-8db54c48d-rkl6z,9.0,55574528
2026-09-16T22:58:13.951383+00:00,kube-system,kwok-controller-5cf8c7c44b-688q7,103.0,91226112
2026-09-16T22:58:13.951383+00:00,kube-system,local-path-provisioner-5d9d9885bc-wxvl4,1.0,17825792
2026-09-16T22:58:13.951383+00:00,kube-system,metrics-server-75dc6f8d87-k68rp,36.0,258998272
2026-09-16T22:58:13.951383+00:00,kube-system,svclb-traefik-9eca1d7e-rh8j2,0.0,0
2026-09-16T22:58:13.951383+00:00,kube-system,traefik-9bcdbbd9-j58m7,13.0,244318208
2026-09-16T22:58:13.951383+00:00,pyroscope,pyroscope-0,7.0,207618048
2026-09-16T22:58:13.951383+00:00,pyroscope,pyroscope-alloy-0,62.0,429916160
2026-09-16T22:58:45.239536+00:00,grove-system,grove-operator-7dc7f7d44b-psqff,914.0,858783744
2026-09-16T22:58:45.239536+00:00,kai-scheduler,admission-86666f457d-bh444,1.0,16777216
2026-09-16T22:58:45.239536+00:00,kai-scheduler,kai-operator-69b5d7bcf7-2mxdj,13.0,125829120
2026-09-16T22:58:45.239536+00:00,kai-scheduler,kai-scheduler-default-768f44b48c-cknk4,124.0,419430400
2026-09-16T22:58:45.239536+00:00,kai-scheduler,pod-grouper-65456f756-78scb,1.0,11534336
2026-09-16T22:58:45.239536+00:00,kai-scheduler,podgroup-controller-68f9cc8dbf-fdxdx,1.0,13631488
2026-09-16T22:58:45.239536+00:00,kai-scheduler,queue-controller-f86fcd76c-thqpj,1.0,12582912
2026-09-16T22:58:45.239536+00:00,kube-system,coredns-8db54c48d-rkl6z,9.0,55574528
2026-09-16T22:58:45.239536+00:00,kube-system,kwok-controller-5cf8c7c44b-688q7,290.0,90177536
2026-09-16T22:58:45.239536+00:00,kube-system,local-path-provisioner-5d9d9885bc-wxvl4,1.0,17825792
2026-09-16T22:58:45.239536+00:00,kube-system,metrics-server-75dc6f8d87-k68rp,64.0,261095424
2026-09-16T22:58:45.239536+00:00,kube-system,svclb-traefik-9eca1d7e-rh8j2,0.0,0
2026-09-16T22:58:45.239536+00:00,kube-system,traefik-9bcdbbd9-j58m7,13.0,249561088
2026-09-16T22:58:45.239536+00:00,pyroscope,pyroscope-0,8.0,207618048
2026-09-16T22:58:45.239536+00:00,pyroscope,pyroscope-alloy-0,111.0,465567744
2026-09-16T22:59:16.522139+00:00,grove-system,grove-operator-7dc7f7d44b-psqff,845.0,850395136
2026-09-16T22:59:16.522139+00:00,kai-scheduler,admission-86666f457d-bh444,1.0,16777216
2026-09-16T22:59:16.522139+00:00,kai-scheduler,binder-869fc94c7-rfgfb,232.0,9437184
2026-09-16T22:59:16.522139+00:00,kai-scheduler,kai-operator-69b5d7bcf7-2mxdj,1.0,125829120
2026-09-16T22:59:16.522139+00:00,kai-scheduler,kai-scheduler-default-768f44b48c-cknk4,139.0,479199232
2026-09-16T22:59:16.522139+00:00,kai-scheduler,pod-grouper-65456f756-78scb,1.0,11534336
2026-09-16T22:59:16.522139+00:00,kai-scheduler,podgroup-controller-68f9cc8dbf-fdxdx,1.0,13631488
2026-09-16T22:59:16.522139+00:00,kai-scheduler,queue-controller-f86fcd76c-thqpj,1.0,12582912
2026-09-16T22:59:16.522139+00:00,kube-system,coredns-8db54c48d-rkl6z,9.0,56623104
2026-09-16T22:59:16.522139+00:00,kube-system,kwok-controller-5cf8c7c44b-688q7,289.0,92274688
2026-09-16T22:59:16.522139+00:00,kube-system,local-path-provisioner-5d9d9885bc-wxvl4,1.0,17825792
2026-09-16T22:59:16.522139+00:00,kube-system,metrics-server-75dc6f8d87-k68rp,70.0,262144000
2026-09-16T22:59:16.522139+00:00,kube-system,svclb-traefik-9eca1d7e-rh8j2,0.0,0
2026-09-16T22:59:16.522139+00:00,kube-system,traefik-9bcdbbd9-j58m7,13.0,250609664
2026-09-16T22:59:16.522139+00:00,pyroscope,pyroscope-0,9.0,211812352
2026-09-16T22:59:16.522139+00:00,pyroscope,pyroscope-alloy-0,121.0,491782144
2026-09-16T22:59:47.790930+00:00,grove-system,grove-operator-7dc7f7d44b-psqff,689.0,855638016
2026-09-16T22:59:47.790930+00:00,kai-scheduler,admission-86666f457d-bh444,1.0,16777216
2026-09-16T22:59:47.790930+00:00,kai-scheduler,kai-operator-69b5d7bcf7-2mxdj,4.0,127926272
2026-09-16T22:59:47.790930+00:00,kai-scheduler,kai-scheduler-default-768f44b48c-cknk4,135.0,521142272
2026-09-16T22:59:47.790930+00:00,kai-scheduler,pod-grouper-65456f756-78scb,1.0,11534336
2026-09-16T22:59:47.790930+00:00,kai-scheduler,podgroup-controller-68f9cc8dbf-fdxdx,1.0,13631488
2026-09-16T22:59:47.790930+00:00,kai-scheduler,queue-controller-f86fcd76c-thqpj,1.0,12582912
2026-09-16T22:59:47.790930+00:00,kube-system,coredns-8db54c48d-rkl6z,10.0,57671680
2026-09-16T22:59:47.790930+00:00,kube-system,kwok-controller-5cf8c7c44b-688q7,273.0,92274688
2026-09-16T22:59:47.790930+00:00,kube-system,local-path-provisioner-5d9d9885bc-wxvl4,1.0,17825792
2026-09-16T22:59:47.790930+00:00,kube-system,metrics-server-75dc6f8d87-k68rp,65.0,272629760
2026-09-16T22:59:47.790930+00:00,kube-system,svclb-traefik-9eca1d7e-rh8j2,0.0,0
2026-09-16T22:59:47.790930+00:00,kube-system,traefik-9bcdbbd9-j58m7,13.0,253755392
2026-09-16T22:59:47.790930+00:00,pyroscope,pyroscope-0,8.0,204472320
2026-09-16T22:59:47.790930+00:00,pyroscope,pyroscope-alloy-0,120.0,510656512
2026-09-16T23:00:19.058969+00:00,grove-system,grove-operator-7dc7f7d44b-psqff,531.0,866123776
2026-09-16T23:00:19.058969+00:00,kai-scheduler,admission-86666f457d-bh444,1.0,16777216
2026-09-16T23:00:19.058969+00:00,kai-scheduler,kai-operator-69b5d7bcf7-2mxdj,35.0,126877696
2026-09-16T23:00:19.058969+00:00,kai-scheduler,kai-scheduler-default-768f44b48c-cknk4,86.0,389021696
2026-09-16T23:00:19.058969+00:00,kai-scheduler,pod-grouper-65456f756-78scb,1.0,11534336
2026-09-16T23:00:19.058969+00:00,kai-scheduler,podgroup-controller-68f9cc8dbf-fdxdx,1.0,13631488
2026-09-16T23:00:19.058969+00:00,kai-scheduler,queue-controller-f86fcd76c-thqpj,1.0,12582912
2026-09-16T23:00:19.058969+00:00,kube-system,coredns-8db54c48d-rkl6z,39.0,59768832
2026-09-16T23:00:19.058969+00:00,kube-system,kwok-controller-5cf8c7c44b-688q7,92.0,92274688
2026-09-16T23:00:19.058969+00:00,kube-system,local-path-provisioner-5d9d9885bc-wxvl4,1.0,17825792
2026-09-16T23:00:19.058969+00:00,kube-system,metrics-server-75dc6f8d87-k68rp,28.0,272629760
2026-09-16T23:00:19.058969+00:00,kube-system,svclb-traefik-9eca1d7e-rh8j2,0.0,0
2026-09-16T23:00:19.058969+00:00,kube-system,traefik-9bcdbbd9-j58m7,52.0,267386880
2026-09-16T23:00:19.058969+00:00,pyroscope,pyroscope-0,7.0,224395264
2026-09-16T23:00:19.058969+00:00,pyroscope,pyroscope-alloy-0,24.0,534773760
2026-09-16T23:00:50.325372+00:00,grove-system,grove-operator-7dc7f7d44b-psqff,504.0,903872512
2026-09-16T23:00:50.325372+00:00,kai-scheduler,admission-86666f457d-bh444,1.0,16777216
2026-09-16T23:00:50.325372+00:00,kai-scheduler,kai-operator-69b5d7bcf7-2mxdj,1.0,126877696
2026-09-16T23:00:50.325372+00:00,kai-scheduler,kai-scheduler-default-768f44b48c-cknk4,87.0,390070272
2026-09-16T23:00:50.325372+00:00,kai-scheduler,pod-grouper-65456f756-78scb,1.0,11534336
2026-09-16T23:00:50.325372+00:00,kai-scheduler,podgroup-controller-68f9cc8dbf-fdxdx,1.0,13631488
2026-09-16T23:00:50.325372+00:00,kai-scheduler,queue-controller-f86fcd76c-thqpj,1.0,12582912
2026-09-16T23:00:50.325372+00:00,kube-system,coredns-8db54c48d-rkl6z,15.0,62914560
2026-09-16T23:00:50.325372+00:00,kube-system,kwok-controller-5cf8c7c44b-688q7,94.0,93323264
2026-09-16T23:00:50.325372+00:00,kube-system,local-path-provisioner-5d9d9885bc-wxvl4,1.0,17825792
2026-09-16T23:00:50.325372+00:00,kube-system,metrics-server-75dc6f8d87-k68rp,32.0,287309824
2026-09-16T23:00:50.325372+00:00,kube-system,svclb-traefik-9eca1d7e-rh8j2,0.0,0
2026-09-16T23:00:50.325372+00:00,kube-system,traefik-9bcdbbd9-j58m7,12.0,272629760
2026-09-16T23:00:50.325372+00:00,pyroscope,pyroscope-0,7.0,224395264
2026-09-16T23:00:50.325372+00:00,pyroscope,pyroscope-alloy-0,44.0,541065216
2026-09-16T23:01:21.579998+00:00,grove-system,grove-operator-7dc7f7d44b-psqff,457.0,908066816
2026-09-16T23:01:21.579998+00:00,kai-scheduler,admission-86666f457d-bh444,1.0,16777216
2026-09-16T23:01:21.579998+00:00,kai-scheduler,kai-operator-69b5d7bcf7-2mxdj,5.0,126877696
2026-09-16T23:01:21.579998+00:00,kai-scheduler,kai-scheduler-default-768f44b48c-cknk4,94.0,384827392
2026-09-16T23:01:21.579998+00:00,kai-scheduler,pod-grouper-65456f756-78scb,1.0,11534336
2026-09-16T23:01:21.579998+00:00,kai-scheduler,podgroup-controller-68f9cc8dbf-fdxdx,1.0,13631488
2026-09-16T23:01:21.579998+00:00,kai-scheduler,queue-controller-f86fcd76c-thqpj,1.0,12582912
2026-09-16T23:01:21.579998+00:00,kube-system,coredns-8db54c48d-rkl6z,10.0,63963136
2026-09-16T23:01:21.579998+00:00,kube-system,kwok-controller-5cf8c7c44b-688q7,97.0,93323264
2026-09-16T23:01:21.579998+00:00,kube-system,local-path-provisioner-5d9d9885bc-wxvl4,1.0,17825792
2026-09-16T23:01:21.579998+00:00,kube-system,metrics-server-75dc6f8d87-k68rp,47.0,292552704
2026-09-16T23:01:21.579998+00:00,kube-system,svclb-traefik-9eca1d7e-rh8j2,0.0,0
2026-09-16T23:01:21.579998+00:00,kube-system,traefik-9bcdbbd9-j58m7,12.0,272629760
2026-09-16T23:01:21.579998+00:00,pyroscope,pyroscope-0,8.0,225443840
2026-09-16T23:01:21.579998+00:00,pyroscope,pyroscope-alloy-0,97.0,549453824
2026-09-16T23:01:52.844789+00:00,grove-system,grove-operator-7dc7f7d44b-psqff,519.0,916455424
2026-09-16T23:01:52.844789+00:00,kai-scheduler,admission-86666f457d-bh444,1.0,16777216
2026-09-16T23:01:52.844789+00:00,kai-scheduler,kai-operator-69b5d7bcf7-2mxdj,1.0,126877696
2026-09-16T23:01:52.844789+00:00,kai-scheduler,kai-scheduler-default-768f44b48c-cknk4,110.0,427819008
2026-09-16T23:01:52.844789+00:00,kai-scheduler,pod-grouper-65456f756-78scb,1.0,11534336
2026-09-16T23:01:52.844789+00:00,kai-scheduler,podgroup-controller-68f9cc8dbf-fdxdx,1.0,13631488
2026-09-16T23:01:52.844789+00:00,kai-scheduler,queue-controller-f86fcd76c-thqpj,1.0,12582912
2026-09-16T23:01:52.844789+00:00,kube-system,coredns-8db54c48d-rkl6z,8.0,62914560
2026-09-16T23:01:52.844789+00:00,kube-system,kwok-controller-5cf8c7c44b-688q7,106.0,93323264
2026-09-16T23:01:52.844789+00:00,kube-system,local-path-provisioner-5d9d9885bc-wxvl4,1.0,17825792
2026-09-16T23:01:52.844789+00:00,kube-system,metrics-server-75dc6f8d87-k68rp,30.0,292552704
2026-09-16T23:01:52.844789+00:00,kube-system,svclb-traefik-9eca1d7e-rh8j2,0.0,0
2026-09-16T23:01:52.844789+00:00,kube-system,traefik-9bcdbbd9-j58m7,12.0,274726912
2026-09-16T23:01:52.844789+00:00,pyroscope,pyroscope-0,7.0,220200960
2026-09-16T23:01:52.844789+00:00,pyroscope,pyroscope-alloy-0,108.0,551550976
2026-09-16T23:02:24.191364+00:00,grove-system,grove-operator-7dc7f7d44b-psqff,663.0,983564288
2026-09-16T23:02:24.191364+00:00,kai-scheduler,admission-86666f457d-bh444,1.0,16777216
2026-09-16T23:02:24.191364+00:00,kai-scheduler,kai-operator-69b5d7bcf7-2mxdj,1.0,127926272
2026-09-16T23:02:24.191364+00:00,kai-scheduler,pod-grouper-65456f756-78scb,1.0,11534336
2026-09-16T23:02:24.191364+00:00,kai-scheduler,podgroup-controller-68f9cc8dbf-fdxdx,1.0,13631488
2026-09-16T23:02:24.191364+00:00,kai-scheduler,queue-controller-f86fcd76c-thqpj,1.0,12582912
2026-09-16T23:02:24.191364+00:00,kube-system,coredns-8db54c48d-rkl6z,9.0,62914560
2026-09-16T23:02:24.191364+00:00,kube-system,kwok-controller-5cf8c7c44b-688q7,340.0,94371840
2026-09-16T23:02:24.191364+00:00,kube-system,local-path-provisioner-5d9d9885bc-wxvl4,1.0,17825792
2026-09-16T23:02:24.191364+00:00,kube-system,metrics-server-75dc6f8d87-k68rp,49.0,294649856
2026-09-16T23:02:24.191364+00:00,kube-system,svclb-traefik-9eca1d7e-rh8j2,0.0,0
2026-09-16T23:02:24.191364+00:00,kube-system,traefik-9bcdbbd9-j58m7,26.0,291504128
2026-09-16T23:02:24.191364+00:00,pyroscope,pyroscope-0,7.0,221249536
2026-09-16T23:02:24.191364+00:00,pyroscope,pyroscope-alloy-0,139.0,603979776
2026-09-16T23:02:55.481063+00:00,grove-system,grove-operator-7dc7f7d44b-psqff,859.0,1064304640
2026-09-16T23:02:55.481063+00:00,kai-scheduler,admission-86666f457d-bh444,1.0,16777216
2026-09-16T23:02:55.481063+00:00,kai-scheduler,binder-869fc94c7-rfgfb,101.0,187695104
2026-09-16T23:02:55.481063+00:00,kai-scheduler,kai-operator-69b5d7bcf7-2mxdj,7.0,136314880
2026-09-16T23:02:55.481063+00:00,kai-scheduler,pod-grouper-65456f756-78scb,1.0,11534336
2026-09-16T23:02:55.481063+00:00,kai-scheduler,podgroup-controller-68f9cc8dbf-fdxdx,1.0,13631488
2026-09-16T23:02:55.481063+00:00,kai-scheduler,queue-controller-f86fcd76c-thqpj,1.0,12582912
2026-09-16T23:02:55.481063+00:00,kube-system,coredns-8db54c48d-rkl6z,10.0,65011712
2026-09-16T23:02:55.481063+00:00,kube-system,kwok-controller-5cf8c7c44b-688q7,336.0,94371840
2026-09-16T23:02:55.481063+00:00,kube-system,local-path-provisioner-5d9d9885bc-wxvl4,1.0,17825792
2026-09-16T23:02:55.481063+00:00,kube-system,metrics-server-75dc6f8d87-k68rp,68.0,295698432
2026-09-16T23:02:55.481063+00:00,kube-system,svclb-traefik-9eca1d7e-rh8j2,0.0,0
2026-09-16T23:02:55.481063+00:00,kube-system,traefik-9bcdbbd9-j58m7,12.0,290455552
2026-09-16T23:02:55.481063+00:00,pyroscope,pyroscope-0,7.0,222298112
2026-09-16T23:02:55.481063+00:00,pyroscope,pyroscope-alloy-0,182.0,622854144
2026-09-16T23:03:26.768910+00:00,grove-system,grove-operator-7dc7f7d44b-psqff,762.0,1039138816
2026-09-16T23:03:26.768910+00:00,kai-scheduler,admission-86666f457d-bh444,1.0,16777216
2026-09-16T23:03:26.768910+00:00,kai-scheduler,kai-operator-69b5d7bcf7-2mxdj,4.0,139460608
2026-09-16T23:03:26.768910+00:00,kai-scheduler,pod-grouper-65456f756-78scb,1.0,11534336
2026-09-16T23:03:26.768910+00:00,kai-scheduler,podgroup-controller-68f9cc8dbf-fdxdx,1.0,13631488
2026-09-16T23:03:26.768910+00:00,kai-scheduler,queue-controller-f86fcd76c-thqpj,1.0,12582912
2026-09-16T23:03:26.768910+00:00,kube-system,coredns-8db54c48d-rkl6z,9.0,66060288
2026-09-16T23:03:26.768910+00:00,kube-system,kwok-controller-5cf8c7c44b-688q7,306.0,95420416
2026-09-16T23:03:26.768910+00:00,kube-system,local-path-provisioner-5d9d9885bc-wxvl4,1.0,17825792
2026-09-16T23:03:26.768910+00:00,kube-system,metrics-server-75dc6f8d87-k68rp,79.0,303038464
2026-09-16T23:03:26.768910+00:00,kube-system,svclb-traefik-9eca1d7e-rh8j2,0.0,0
2026-09-16T23:03:26.768910+00:00,kube-system,traefik-9bcdbbd9-j58m7,13.0,291504128
2026-09-16T23:03:26.768910+00:00,pyroscope,pyroscope-0,8.0,225443840
2026-09-16T23:03:26.768910+00:00,pyroscope,pyroscope-alloy-0,183.0,654311424
2026-09-16T23:03:58.035221+00:00,grove-system,grove-operator-7dc7f7d44b-psqff,712.0,1048576000
2026-09-16T23:03:58.035221+00:00,kai-scheduler,admission-86666f457d-bh444,1.0,16777216
2026-09-16T23:03:58.035221+00:00,kai-scheduler,kai-operator-69b5d7bcf7-2mxdj,2.0,140509184
2026-09-16T23:03:58.035221+00:00,kai-scheduler,pod-grouper-65456f756-78scb,1.0,11534336
2026-09-16T23:03:58.035221+00:00,kai-scheduler,podgroup-controller-68f9cc8dbf-fdxdx,1.0,13631488
2026-09-16T23:03:58.035221+00:00,kai-scheduler,queue-controller-f86fcd76c-thqpj,1.0,12582912
2026-09-16T23:03:58.035221+00:00,kube-system,coredns-8db54c48d-rkl6z,11.0,67108864
2026-09-16T23:03:58.035221+00:00,kube-system,kwok-controller-5cf8c7c44b-688q7,287.0,95420416
2026-09-16T23:03:58.035221+00:00,kube-system,local-path-provisioner-5d9d9885bc-wxvl4,1.0,17825792
2026-09-16T23:03:58.035221+00:00,kube-system,metrics-server-75dc6f8d87-k68rp,49.0,309329920
2026-09-16T23:03:58.035221+00:00,kube-system,svclb-traefik-9eca1d7e-rh8j2,0.0,0
2026-09-16T23:03:58.035221+00:00,kube-system,traefik-9bcdbbd9-j58m7,13.0,293601280
2026-09-16T23:03:58.035221+00:00,pyroscope,pyroscope-0,15.0,243269632
2026-09-16T23:03:58.035221+00:00,pyroscope,pyroscope-alloy-0,90.0,676331520
2026-09-16T23:04:29.292833+00:00,grove-system,grove-operator-7dc7f7d44b-psqff,45.0,1052770304
2026-09-16T23:04:29.292833+00:00,kai-scheduler,admission-86666f457d-bh444,1.0,16777216
2026-09-16T23:04:29.292833+00:00,kai-scheduler,kai-operator-69b5d7bcf7-2mxdj,3.0,140509184
2026-09-16T23:04:29.292833+00:00,kai-scheduler,pod-grouper-65456f756-78scb,1.0,11534336
2026-09-16T23:04:29.292833+00:00,kai-scheduler,podgroup-controller-68f9cc8dbf-fdxdx,1.0,13631488
2026-09-16T23:04:29.292833+00:00,kai-scheduler,queue-controller-f86fcd76c-thqpj,1.0,12582912
2026-09-16T23:04:29.292833+00:00,kube-system,coredns-8db54c48d-rkl6z,9.0,68157440
2026-09-16T23:04:29.292833+00:00,kube-system,kwok-controller-5cf8c7c44b-688q7,93.0,96468992
2026-09-16T23:04:29.292833+00:00,kube-system,local-path-provisioner-5d9d9885bc-wxvl4,1.0,17825792
2026-09-16T23:04:29.292833+00:00,kube-system,metrics-server-75dc6f8d87-k68rp,38.0,310378496
2026-09-16T23:04:29.292833+00:00,kube-system,svclb-traefik-9eca1d7e-rh8j2,0.0,0
2026-09-16T23:04:29.292833+00:00,kube-system,traefik-9bcdbbd9-j58m7,21.0,298844160
2026-09-16T23:04:29.292833+00:00,pyroscope,pyroscope-0,6.0,239075328
2026-09-16T23:04:29.292833+00:00,pyroscope,pyroscope-alloy-0,7.0,677380096
2026-09-16T23:05:00.549962+00:00,grove-system,grove-operator-7dc7f7d44b-psqff,53.0,1052770304
2026-09-16T23:05:00.549962+00:00,kai-scheduler,admission-86666f457d-bh444,1.0,16777216
2026-09-16T23:05:00.549962+00:00,kai-scheduler,kai-operator-69b5d7bcf7-2mxdj,3.0,140509184
2026-09-16T23:05:00.549962+00:00,kai-scheduler,pod-grouper-65456f756-78scb,1.0,11534336
2026-09-16T23:05:00.549962+00:00,kai-scheduler,podgroup-controller-68f9cc8dbf-fdxdx,1.0,13631488
2026-09-16T23:05:00.549962+00:00,kai-scheduler,queue-controller-f86fcd76c-thqpj,1.0,12582912
2026-09-16T23:05:00.549962+00:00,kube-system,coredns-8db54c48d-rkl6z,9.0,67108864
2026-09-16T23:05:00.549962+00:00,kube-system,kwok-controller-5cf8c7c44b-688q7,86.0,98566144
2026-09-16T23:05:00.549962+00:00,kube-system,local-path-provisioner-5d9d9885bc-wxvl4,1.0,17825792
2026-09-16T23:05:00.549962+00:00,kube-system,metrics-server-75dc6f8d87-k68rp,30.0,310378496
2026-09-16T23:05:00.549962+00:00,kube-system,svclb-traefik-9eca1d7e-rh8j2,0.0,0
2026-09-16T23:05:00.549962+00:00,kube-system,traefik-9bcdbbd9-j58m7,13.0,299892736
2026-09-16T23:05:00.549962+00:00,pyroscope,pyroscope-0,5.0,225443840
2026-09-16T23:05:00.549962+00:00,pyroscope,pyroscope-alloy-0,6.0,679477248
2026-09-16T23:05:31.799731+00:00,grove-system,grove-operator-7dc7f7d44b-psqff,37.0,1054867456
2026-09-16T23:05:31.799731+00:00,kai-scheduler,admission-86666f457d-bh444,1.0,16777216
2026-09-16T23:05:31.799731+00:00,kai-scheduler,kai-operator-69b5d7bcf7-2mxdj,3.0,141557760
2026-09-16T23:05:31.799731+00:00,kai-scheduler,pod-grouper-65456f756-78scb,1.0,11534336
2026-09-16T23:05:31.799731+00:00,kai-scheduler,podgroup-controller-68f9cc8dbf-fdxdx,1.0,13631488
2026-09-16T23:05:31.799731+00:00,kai-scheduler,queue-controller-f86fcd76c-thqpj,1.0,12582912
2026-09-16T23:05:31.799731+00:00,kube-system,coredns-8db54c48d-rkl6z,9.0,69206016
2026-09-16T23:05:31.799731+00:00,kube-system,kwok-controller-5cf8c7c44b-688q7,91.0,97517568
2026-09-16T23:05:31.799731+00:00,kube-system,local-path-provisioner-5d9d9885bc-wxvl4,1.0,17825792
2026-09-16T23:05:31.799731+00:00,kube-system,metrics-server-75dc6f8d87-k68rp,29.0,328204288
2026-09-16T23:05:31.799731+00:00,kube-system,svclb-traefik-9eca1d7e-rh8j2,0.0,0
2026-09-16T23:05:31.799731+00:00,kube-system,traefik-9bcdbbd9-j58m7,13.0,298844160
2026-09-16T23:05:31.799731+00:00,pyroscope,pyroscope-0,6.0,226492416
2026-09-16T23:05:31.799731+00:00,pyroscope,pyroscope-alloy-0,7.0,697303040
2026-09-16T23:06:03.053449+00:00,grove-system,grove-operator-7dc7f7d44b-psqff,84.0,1060110336
2026-09-16T23:06:03.053449+00:00,kai-scheduler,admission-86666f457d-bh444,1.0,16777216
2026-09-16T23:06:03.053449+00:00,kai-scheduler,kai-operator-69b5d7bcf7-2mxdj,10.0,140509184
2026-09-16T23:06:03.053449+00:00,kai-scheduler,pod-grouper-65456f756-78scb,1.0,11534336
2026-09-16T23:06:03.053449+00:00,kai-scheduler,podgroup-controller-68f9cc8dbf-fdxdx,1.0,13631488
2026-09-16T23:06:03.053449+00:00,kai-scheduler,queue-controller-f86fcd76c-thqpj,1.0,12582912
2026-09-16T23:06:03.053449+00:00,kube-system,coredns-8db54c48d-rkl6z,9.0,68157440
2026-09-16T23:06:03.053449+00:00,kube-system,kwok-controller-5cf8c7c44b-688q7,93.0,97517568
2026-09-16T23:06:03.053449+00:00,kube-system,local-path-provisioner-5d9d9885bc-wxvl4,1.0,17825792
2026-09-16T23:06:03.053449+00:00,kube-system,metrics-server-75dc6f8d87-k68rp,31.0,333447168
2026-09-16T23:06:03.053449+00:00,kube-system,svclb-traefik-9eca1d7e-rh8j2,0.0,0
2026-09-16T23:06:03.053449+00:00,kube-system,traefik-9bcdbbd9-j58m7,13.0,313524224
2026-09-16T23:06:03.053449+00:00,pyroscope,pyroscope-0,6.0,223346688
2026-09-16T23:06:03.053449+00:00,pyroscope,pyroscope-alloy-0,50.0,708837376
2026-09-16T23:06:34.310894+00:00,grove-system,grove-operator-7dc7f7d44b-psqff,106.0,1060110336
2026-09-16T23:06:34.310894+00:00,kai-scheduler,admission-86666f457d-bh444,1.0,16777216
2026-09-16T23:06:34.310894+00:00,kai-scheduler,kai-operator-69b5d7bcf7-2mxdj,3.0,141557760
2026-09-16T23:06:34.310894+00:00,kai-scheduler,pod-grouper-65456f756-78scb,1.0,11534336
2026-09-16T23:06:34.310894+00:00,kai-scheduler,podgroup-controller-68f9cc8dbf-fdxdx,1.0,13631488
2026-09-16T23:06:34.310894+00:00,kai-scheduler,queue-controller-f86fcd76c-thqpj,1.0,12582912
2026-09-16T23:06:34.310894+00:00,kube-system,coredns-8db54c48d-rkl6z,10.0,70254592
2026-09-16T23:06:34.310894+00:00,kube-system,kwok-controller-5cf8c7c44b-688q7,91.0,97517568
2026-09-16T23:06:34.310894+00:00,kube-system,local-path-provisioner-5d9d9885bc-wxvl4,1.0,17825792
2026-09-16T23:06:34.310894+00:00,kube-system,metrics-server-75dc6f8d87-k68rp,29.0,333447168
2026-09-16T23:06:34.310894+00:00,kube-system,svclb-traefik-9eca1d7e-rh8j2,0.0,0
2026-09-16T23:06:34.310894+00:00,kube-system,traefik-9bcdbbd9-j58m7,18.0,318767104
2026-09-16T23:06:34.310894+00:00,pyroscope,pyroscope-0,6.0,221249536
2026-09-16T23:06:34.310894+00:00,pyroscope,pyroscope-alloy-0,7.0,708837376
2026-09-16T23:07:05.569479+00:00,grove-system,grove-operator-7dc7f7d44b-psqff,190.0,1059061760
2026-09-16T23:07:05.569479+00:00,kai-scheduler,admission-86666f457d-bh444,1.0,16777216
2026-09-16T23:07:05.569479+00:00,kai-scheduler,kai-operator-69b5d7bcf7-2mxdj,3.0,140509184
2026-09-16T23:07:05.569479+00:00,kai-scheduler,pod-grouper-65456f756-78scb,1.0,11534336
2026-09-16T23:07:05.569479+00:00,kai-scheduler,podgroup-controller-68f9cc8dbf-fdxdx,1.0,13631488
2026-09-16T23:07:05.569479+00:00,kai-scheduler,queue-controller-f86fcd76c-thqpj,1.0,12582912
2026-09-16T23:07:05.569479+00:00,kube-system,coredns-8db54c48d-rkl6z,9.0,71303168
2026-09-16T23:07:05.569479+00:00,kube-system,kwok-controller-5cf8c7c44b-688q7,92.0,97517568
2026-09-16T23:07:05.569479+00:00,kube-system,local-path-provisioner-5d9d9885bc-wxvl4,1.0,17825792
2026-09-16T23:07:05.569479+00:00,kube-system,metrics-server-75dc6f8d87-k68rp,29.0,333447168
2026-09-16T23:07:05.569479+00:00,kube-system,svclb-traefik-9eca1d7e-rh8j2,0.0,0
2026-09-16T23:07:05.569479+00:00,kube-system,traefik-9bcdbbd9-j58m7,12.0,318767104
2026-09-16T23:07:05.569479+00:00,pyroscope,pyroscope-0,6.0,223346688
2026-09-16T23:07:05.569479+00:00,pyroscope,pyroscope-alloy-0,10.0,714080256
2026-09-16T23:07:36.822272+00:00,grove-system,grove-operator-7dc7f7d44b-psqff,96.0,1059061760
2026-09-16T23:07:36.822272+00:00,kai-scheduler,admission-86666f457d-bh444,1.0,16777216
2026-09-16T23:07:36.822272+00:00,kai-scheduler,kai-operator-69b5d7bcf7-2mxdj,3.0,140509184
2026-09-16T23:07:36.822272+00:00,kai-scheduler,pod-grouper-65456f756-78scb,1.0,11534336
2026-09-16T23:07:36.822272+00:00,kai-scheduler,podgroup-controller-68f9cc8dbf-fdxdx,1.0,13631488
2026-09-16T23:07:36.822272+00:00,kai-scheduler,queue-controller-f86fcd76c-thqpj,1.0,12582912
2026-09-16T23:07:36.822272+00:00,kube-system,coredns-8db54c48d-rkl6z,6.0,71303168
2026-09-16T23:07:36.822272+00:00,kube-system,kwok-controller-5cf8c7c44b-688q7,89.0,98566144
2026-09-16T23:07:36.822272+00:00,kube-system,local-path-provisioner-5d9d9885bc-wxvl4,1.0,17825792
2026-09-16T23:07:36.822272+00:00,kube-system,metrics-server-75dc6f8d87-k68rp,46.0,336592896
2026-09-16T23:07:36.822272+00:00,kube-system,svclb-traefik-9eca1d7e-rh8j2,0.0,0
2026-09-16T23:07:36.822272+00:00,kube-system,traefik-9bcdbbd9-j58m7,8.0,318767104
2026-09-16T23:07:36.822272+00:00,pyroscope,pyroscope-0,24.0,425721856
2026-09-16T23:07:36.822272+00:00,pyroscope,pyroscope-alloy-0,61.0,728760320
2026-09-16T23:08:08.075587+00:00,grove-system,grove-operator-7dc7f7d44b-psqff,40.0,1059061760
2026-09-16T23:08:08.075587+00:00,kai-scheduler,admission-86666f457d-bh444,1.0,16777216
2026-09-16T23:08:08.075587+00:00,kai-scheduler,kai-operator-69b5d7bcf7-2mxdj,3.0,132120576
2026-09-16T23:08:08.075587+00:00,kai-scheduler,pod-grouper-65456f756-78scb,1.0,11534336
2026-09-16T23:08:08.075587+00:00,kai-scheduler,podgroup-controller-68f9cc8dbf-fdxdx,1.0,13631488
2026-09-16T23:08:08.075587+00:00,kai-scheduler,queue-controller-f86fcd76c-thqpj,1.0,12582912
2026-09-16T23:08:08.075587+00:00,kube-system,coredns-8db54c48d-rkl6z,4.0,70254592
2026-09-16T23:08:08.075587+00:00,kube-system,kwok-controller-5cf8c7c44b-688q7,89.0,98566144
2026-09-16T23:08:08.075587+00:00,kube-system,local-path-provisioner-5d9d9885bc-wxvl4,1.0,17825792
2026-09-16T23:08:08.075587+00:00,kube-system,metrics-server-75dc6f8d87-k68rp,29.0,336592896
2026-09-16T23:08:08.075587+00:00,kube-system,svclb-traefik-9eca1d7e-rh8j2,0.0,0
2026-09-16T23:08:08.075587+00:00,kube-system,traefik-9bcdbbd9-j58m7,9.0,318767104
2026-09-16T23:08:08.075587+00:00,pyroscope,pyroscope-0,5.0,429916160
2026-09-16T23:08:08.075587+00:00,pyroscope,pyroscope-alloy-0,7.0,728760320
2026-09-16T23:08:39.336793+00:00,grove-system,grove-operator-7dc7f7d44b-psqff,42.0,1060110336
2026-09-16T23:08:39.336793+00:00,kai-scheduler,admission-86666f457d-bh444,1.0,16777216
2026-09-16T23:08:39.336793+00:00,kai-scheduler,kai-operator-69b5d7bcf7-2mxdj,6.0,132120576
2026-09-16T23:08:39.336793+00:00,kai-scheduler,pod-grouper-65456f756-78scb,1.0,11534336
2026-09-16T23:08:39.336793+00:00,kai-scheduler,podgroup-controller-68f9cc8dbf-fdxdx,1.0,13631488
2026-09-16T23:08:39.336793+00:00,kai-scheduler,queue-controller-f86fcd76c-thqpj,1.0,12582912
2026-09-16T23:08:39.336793+00:00,kube-system,coredns-8db54c48d-rkl6z,3.0,70254592
2026-09-16T23:08:39.336793+00:00,kube-system,kwok-controller-5cf8c7c44b-688q7,91.0,99614720
2026-09-16T23:08:39.336793+00:00,kube-system,local-path-provisioner-5d9d9885bc-wxvl4,1.0,17825792
2026-09-16T23:08:39.336793+00:00,kube-system,metrics-server-75dc6f8d87-k68rp,27.0,336592896
2026-09-16T23:08:39.336793+00:00,kube-system,svclb-traefik-9eca1d7e-rh8j2,0.0,0
2026-09-16T23:08:39.336793+00:00,kube-system,traefik-9bcdbbd9-j58m7,13.0,319815680
2026-09-16T23:08:39.336793+00:00,pyroscope,pyroscope-0,4.0,435159040
2026-09-16T23:08:39.336793+00:00,pyroscope,pyroscope-alloy-0,49.0,706740224
2026-09-16T23:09:10.584214+00:00,grove-system,grove-operator-7dc7f7d44b-psqff,59.0,1053818880
2026-09-16T23:09:10.584214+00:00,kai-scheduler,admission-86666f457d-bh444,1.0,16777216
2026-09-16T23:09:10.584214+00:00,kai-scheduler,kai-operator-69b5d7bcf7-2mxdj,3.0,132120576
2026-09-16T23:09:10.584214+00:00,kai-scheduler,pod-grouper-65456f756-78scb,1.0,11534336
2026-09-16T23:09:10.584214+00:00,kai-scheduler,podgroup-controller-68f9cc8dbf-fdxdx,1.0,13631488
2026-09-16T23:09:10.584214+00:00,kai-scheduler,queue-controller-f86fcd76c-thqpj,1.0,12582912
2026-09-16T23:09:10.584214+00:00,kube-system,coredns-8db54c48d-rkl6z,3.0,71303168
2026-09-16T23:09:10.584214+00:00,kube-system,kwok-controller-5cf8c7c44b-688q7,102.0,98566144
2026-09-16T23:09:10.584214+00:00,kube-system,local-path-provisioner-5d9d9885bc-wxvl4,1.0,17825792
2026-09-16T23:09:10.584214+00:00,kube-system,metrics-server-75dc6f8d87-k68rp,28.0,337641472
2026-09-16T23:09:10.584214+00:00,kube-system,svclb-traefik-9eca1d7e-rh8j2,0.0,0
2026-09-16T23:09:10.584214+00:00,kube-system,traefik-9bcdbbd9-j58m7,3.0,318767104
2026-09-16T23:09:10.584214+00:00,pyroscope,pyroscope-0,6.0,185597952
2026-09-16T23:09:10.584214+00:00,pyroscope,pyroscope-alloy-0,6.0,702545920
2026-09-16T23:09:41.829830+00:00,grove-system,grove-operator-7dc7f7d44b-psqff,39.0,1054867456
2026-09-16T23:09:41.829830+00:00,kai-scheduler,admission-86666f457d-bh444,1.0,16777216
2026-09-16T23:09:41.829830+00:00,kai-scheduler,kai-operator-69b5d7bcf7-2mxdj,3.0,132120576
2026-09-16T23:09:41.829830+00:00,kai-scheduler,pod-grouper-65456f756-78scb,1.0,11534336
2026-09-16T23:09:41.829830+00:00,kai-scheduler,podgroup-controller-68f9cc8dbf-fdxdx,1.0,13631488
2026-09-16T23:09:41.829830+00:00,kai-scheduler,queue-controller-f86fcd76c-thqpj,1.0,12582912
2026-09-16T23:09:41.829830+00:00,kube-system,coredns-8db54c48d-rkl6z,4.0,70254592
2026-09-16T23:09:41.829830+00:00,kube-system,kwok-controller-5cf8c7c44b-688q7,89.0,99614720
2026-09-16T23:09:41.829830+00:00,kube-system,local-path-provisioner-5d9d9885bc-wxvl4,1.0,17825792
2026-09-16T23:09:41.829830+00:00,kube-system,metrics-server-75dc6f8d87-k68rp,22.0,339738624
2026-09-16T23:09:41.829830+00:00,kube-system,svclb-traefik-9eca1d7e-rh8j2,0.0,0
2026-09-16T23:09:41.829830+00:00,kube-system,traefik-9bcdbbd9-j58m7,3.0,319815680
2026-09-16T23:09:41.829830+00:00,pyroscope,pyroscope-0,5.0,187695104
2026-09-16T23:09:41.829830+00:00,pyroscope,pyroscope-alloy-0,6.0,702545920
2026-09-16T23:10:13.077438+00:00,grove-system,grove-operator-7dc7f7d44b-psqff,44.0,1054867456
2026-09-16T23:10:13.077438+00:00,kai-scheduler,admission-86666f457d-bh444,1.0,16777216
2026-09-16T23:10:13.077438+00:00,kai-scheduler,kai-operator-69b5d7bcf7-2mxdj,3.0,125829120
2026-09-16T23:10:13.077438+00:00,kai-scheduler,pod-grouper-65456f756-78scb,1.0,11534336
2026-09-16T23:10:13.077438+00:00,kai-scheduler,podgroup-controller-68f9cc8dbf-fdxdx,1.0,13631488
2026-09-16T23:10:13.077438+00:00,kai-scheduler,queue-controller-f86fcd76c-thqpj,1.0,12582912
2026-09-16T23:10:13.077438+00:00,kube-system,coredns-8db54c48d-rkl6z,3.0,67108864
2026-09-16T23:10:13.077438+00:00,kube-system,kwok-controller-5cf8c7c44b-688q7,87.0,99614720
2026-09-16T23:10:13.077438+00:00,kube-system,local-path-provisioner-5d9d9885bc-wxvl4,1.0,17825792
2026-09-16T23:10:13.077438+00:00,kube-system,metrics-server-75dc6f8d87-k68rp,34.0,343932928
2026-09-16T23:10:13.077438+00:00,kube-system,svclb-traefik-9eca1d7e-rh8j2,0.0,0
2026-09-16T23:10:13.077438+00:00,kube-system,traefik-9bcdbbd9-j58m7,12.0,299892736
2026-09-16T23:10:13.077438+00:00,pyroscope,pyroscope-0,6.0,192937984
2026-09-16T23:10:13.077438+00:00,pyroscope,pyroscope-alloy-0,6.0,702545920
2026-09-16T23:10:44.329145+00:00,grove-system,grove-operator-7dc7f7d44b-psqff,32.0,1058013184
2026-09-16T23:10:44.329145+00:00,kai-scheduler,admission-86666f457d-bh444,1.0,16777216
2026-09-16T23:10:44.329145+00:00,kai-scheduler,kai-operator-69b5d7bcf7-2mxdj,3.0,125829120
2026-09-16T23:10:44.329145+00:00,kai-scheduler,pod-grouper-65456f756-78scb,1.0,12582912
2026-09-16T23:10:44.329145+00:00,kai-scheduler,podgroup-controller-68f9cc8dbf-fdxdx,1.0,13631488
2026-09-16T23:10:44.329145+00:00,kai-scheduler,queue-controller-f86fcd76c-thqpj,1.0,12582912
2026-09-16T23:10:44.329145+00:00,kube-system,coredns-8db54c48d-rkl6z,3.0,66060288
2026-09-16T23:10:44.329145+00:00,kube-system,kwok-controller-5cf8c7c44b-688q7,91.0,99614720
2026-09-16T23:10:44.329145+00:00,kube-system,local-path-provisioner-5d9d9885bc-wxvl4,1.0,17825792
2026-09-16T23:10:44.329145+00:00,kube-system,metrics-server-75dc6f8d87-k68rp,28.0,341835776
2026-09-16T23:10:44.329145+00:00,kube-system,svclb-traefik-9eca1d7e-rh8j2,0.0,0
2026-09-16T23:10:44.329145+00:00,kube-system,traefik-9bcdbbd9-j58m7,4.0,299892736
2026-09-16T23:10:44.329145+00:00,pyroscope,pyroscope-0,6.0,191889408
2026-09-16T23:10:44.329145+00:00,pyroscope,pyroscope-alloy-0,7.0,702545920
2026-09-16T23:11:15.586279+00:00,grove-system,grove-operator-7dc7f7d44b-psqff,61.0,1056964608
2026-09-16T23:11:15.586279+00:00,kai-scheduler,admission-86666f457d-bh444,1.0,16777216
2026-09-16T23:11:15.586279+00:00,kai-scheduler,kai-operator-69b5d7bcf7-2mxdj,5.0,127926272
2026-09-16T23:11:15.586279+00:00,kai-scheduler,pod-grouper-65456f756-78scb,1.0,11534336
2026-09-16T23:11:15.586279+00:00,kai-scheduler,podgroup-controller-68f9cc8dbf-fdxdx,1.0,13631488
2026-09-16T23:11:15.586279+00:00,kai-scheduler,queue-controller-f86fcd76c-thqpj,1.0,12582912
2026-09-16T23:11:15.586279+00:00,kube-system,coredns-8db54c48d-rkl6z,3.0,66060288
2026-09-16T23:11:15.586279+00:00,kube-system,kwok-controller-5cf8c7c44b-688q7,88.0,98566144
2026-09-16T23:11:15.586279+00:00,kube-system,local-path-provisioner-5d9d9885bc-wxvl4,1.0,17825792
2026-09-16T23:11:15.586279+00:00,kube-system,metrics-server-75dc6f8d87-k68rp,34.0,339738624
2026-09-16T23:11:15.586279+00:00,kube-system,svclb-traefik-9eca1d7e-rh8j2,0.0,0
2026-09-16T23:11:15.586279+00:00,kube-system,traefik-9bcdbbd9-j58m7,3.0,298844160
2026-09-16T23:11:15.586279+00:00,pyroscope,pyroscope-0,6.0,191889408
2026-09-16T23:11:15.586279+00:00,pyroscope,pyroscope-alloy-0,66.0,702545920
2026-09-16T23:11:46.835085+00:00,grove-system,grove-operator-7dc7f7d44b-psqff,35.0,1059061760
2026-09-16T23:11:46.835085+00:00,kai-scheduler,admission-86666f457d-bh444,1.0,16777216
2026-09-16T23:11:46.835085+00:00,kai-scheduler,kai-operator-69b5d7bcf7-2mxdj,5.0,125829120
2026-09-16T23:11:46.835085+00:00,kai-scheduler,pod-grouper-65456f756-78scb,1.0,11534336
2026-09-16T23:11:46.835085+00:00,kai-scheduler,podgroup-controller-68f9cc8dbf-fdxdx,1.0,13631488
2026-09-16T23:11:46.835085+00:00,kai-scheduler,queue-controller-f86fcd76c-thqpj,1.0,12582912
2026-09-16T23:11:46.835085+00:00,kube-system,coredns-8db54c48d-rkl6z,3.0,66060288
2026-09-16T23:11:46.835085+00:00,kube-system,kwok-controller-5cf8c7c44b-688q7,88.0,98566144
2026-09-16T23:11:46.835085+00:00,kube-system,local-path-provisioner-5d9d9885bc-wxvl4,1.0,17825792
2026-09-16T23:11:46.835085+00:00,kube-system,metrics-server-75dc6f8d87-k68rp,24.0,340787200
2026-09-16T23:11:46.835085+00:00,kube-system,svclb-traefik-9eca1d7e-rh8j2,0.0,0
2026-09-16T23:11:46.835085+00:00,kube-system,traefik-9bcdbbd9-j58m7,3.0,299892736
2026-09-16T23:11:46.835085+00:00,pyroscope,pyroscope-0,6.0,191889408
2026-09-16T23:11:46.835085+00:00,pyroscope,pyroscope-alloy-0,6.0,702545920
2026-09-16T23:12:18.086107+00:00,grove-system,grove-operator-7dc7f7d44b-psqff,56.0,1038090240
2026-09-16T23:12:18.086107+00:00,kai-scheduler,admission-86666f457d-bh444,1.0,16777216
2026-09-16T23:12:18.086107+00:00,kai-scheduler,kai-operator-69b5d7bcf7-2mxdj,3.0,125829120
2026-09-16T23:12:18.086107+00:00,kai-scheduler,pod-grouper-65456f756-78scb,1.0,11534336
2026-09-16T23:12:18.086107+00:00,kai-scheduler,podgroup-controller-68f9cc8dbf-fdxdx,1.0,13631488
2026-09-16T23:12:18.086107+00:00,kai-scheduler,queue-controller-f86fcd76c-thqpj,1.0,12582912
2026-09-16T23:12:18.086107+00:00,kube-system,coredns-8db54c48d-rkl6z,3.0,66060288
2026-09-16T23:12:18.086107+00:00,kube-system,kwok-controller-5cf8c7c44b-688q7,90.0,98566144
2026-09-16T23:12:18.086107+00:00,kube-system,local-path-provisioner-5d9d9885bc-wxvl4,1.0,17825792
2026-09-16T23:12:18.086107+00:00,kube-system,metrics-server-75dc6f8d87-k68rp,23.0,340787200
2026-09-16T23:12:18.086107+00:00,kube-system,svclb-traefik-9eca1d7e-rh8j2,0.0,0
2026-09-16T23:12:18.086107+00:00,kube-system,traefik-9bcdbbd9-j58m7,4.0,299892736
2026-09-16T23:12:18.086107+00:00,pyroscope,pyroscope-0,5.0,192937984
2026-09-16T23:12:18.086107+00:00,pyroscope,pyroscope-alloy-0,57.0,727711744
2026-09-16T23:12:49.330945+00:00,grove-system,grove-operator-7dc7f7d44b-psqff,31.0,1042284544
2026-09-16T23:12:49.330945+00:00,kai-scheduler,admission-86666f457d-bh444,1.0,16777216
2026-09-16T23:12:49.330945+00:00,kai-scheduler,kai-operator-69b5d7bcf7-2mxdj,3.0,125829120
2026-09-16T23:12:49.330945+00:00,kai-scheduler,pod-grouper-65456f756-78scb,1.0,11534336
2026-09-16T23:12:49.330945+00:00,kai-scheduler,podgroup-controller-68f9cc8dbf-fdxdx,1.0,13631488
2026-09-16T23:12:49.330945+00:00,kai-scheduler,queue-controller-f86fcd76c-thqpj,1.0,12582912
2026-09-16T23:12:49.330945+00:00,kube-system,coredns-8db54c48d-rkl6z,3.0,66060288
2026-09-16T23:12:49.330945+00:00,kube-system,kwok-controller-5cf8c7c44b-688q7,90.0,99614720
2026-09-16T23:12:49.330945+00:00,kube-system,local-path-provisioner-5d9d9885bc-wxvl4,1.0,17825792
2026-09-16T23:12:49.330945+00:00,kube-system,metrics-server-75dc6f8d87-k68rp,41.0,340787200
2026-09-16T23:12:49.330945+00:00,kube-system,svclb-traefik-9eca1d7e-rh8j2,0.0,0
2026-09-16T23:12:49.330945+00:00,kube-system,traefik-9bcdbbd9-j58m7,3.0,298844160
2026-09-16T23:12:49.330945+00:00,pyroscope,pyroscope-0,6.0,190840832
2026-09-16T23:12:49.330945+00:00,pyroscope,pyroscope-alloy-0,21.0,728760320
2026-09-16T23:13:20.581931+00:00,grove-system,grove-operator-7dc7f7d44b-psqff,32.0,1046478848
2026-09-16T23:13:20.581931+00:00,kai-scheduler,admission-86666f457d-bh444,1.0,16777216
2026-09-16T23:13:20.581931+00:00,kai-scheduler,kai-operator-69b5d7bcf7-2mxdj,3.0,125829120
2026-09-16T23:13:20.581931+00:00,kai-scheduler,pod-grouper-65456f756-78scb,1.0,11534336
2026-09-16T23:13:20.581931+00:00,kai-scheduler,podgroup-controller-68f9cc8dbf-fdxdx,1.0,13631488
2026-09-16T23:13:20.581931+00:00,kai-scheduler,queue-controller-f86fcd76c-thqpj,1.0,12582912
2026-09-16T23:13:20.581931+00:00,kube-system,coredns-8db54c48d-rkl6z,3.0,66060288
2026-09-16T23:13:20.581931+00:00,kube-system,kwok-controller-5cf8c7c44b-688q7,756.0,109051904
2026-09-16T23:13:20.581931+00:00,kube-system,local-path-provisioner-5d9d9885bc-wxvl4,1.0,17825792
2026-09-16T23:13:20.581931+00:00,kube-system,metrics-server-75dc6f8d87-k68rp,38.0,341835776
2026-09-16T23:13:20.581931+00:00,kube-system,svclb-traefik-9eca1d7e-rh8j2,0.0,0
2026-09-16T23:13:20.581931+00:00,kube-system,traefik-9bcdbbd9-j58m7,3.0,298844160
2026-09-16T23:13:20.581931+00:00,pyroscope,pyroscope-0,6.0,192937984
2026-09-16T23:13:20.581931+00:00,pyroscope,pyroscope-alloy-0,6.0,727711744
2026-09-16T23:13:51.837714+00:00,grove-system,grove-operator-7dc7f7d44b-psqff,51.0,1041235968
2026-09-16T23:13:51.837714+00:00,kai-scheduler,admission-86666f457d-bh444,1.0,16777216
2026-09-16T23:13:51.837714+00:00,kai-scheduler,kai-operator-69b5d7bcf7-2mxdj,7.0,115343360
2026-09-16T23:13:51.837714+00:00,kai-scheduler,pod-grouper-65456f756-78scb,1.0,11534336
2026-09-16T23:13:51.837714+00:00,kai-scheduler,podgroup-controller-68f9cc8dbf-fdxdx,1.0,13631488
2026-09-16T23:13:51.837714+00:00,kai-scheduler,queue-controller-f86fcd76c-thqpj,1.0,12582912
2026-09-16T23:13:51.837714+00:00,kube-system,coredns-8db54c48d-rkl6z,3.0,66060288
2026-09-16T23:13:51.837714+00:00,kube-system,kwok-controller-5cf8c7c44b-688q7,85.0,102760448
2026-09-16T23:13:51.837714+00:00,kube-system,local-path-provisioner-5d9d9885bc-wxvl4,1.0,17825792
2026-09-16T23:13:51.837714+00:00,kube-system,metrics-server-75dc6f8d87-k68rp,30.0,340787200
2026-09-16T23:13:51.837714+00:00,kube-system,svclb-traefik-9eca1d7e-rh8j2,0.0,0
2026-09-16T23:13:51.837714+00:00,kube-system,traefik-9bcdbbd9-j58m7,4.0,297795584
2026-09-16T23:13:51.837714+00:00,pyroscope,pyroscope-0,6.0,193986560
2026-09-16T23:13:51.837714+00:00,pyroscope,pyroscope-alloy-0,6.0,728760320
2026-09-16T23:14:23.094043+00:00,grove-system,grove-operator-7dc7f7d44b-psqff,30.0,1044381696
2026-09-16T23:14:23.094043+00:00,kai-scheduler,admission-86666f457d-bh444,1.0,16777216
2026-09-16T23:14:23.094043+00:00,kai-scheduler,kai-operator-69b5d7bcf7-2mxdj,3.0,118489088
2026-09-16T23:14:23.094043+00:00,kai-scheduler,pod-grouper-65456f756-78scb,1.0,11534336
2026-09-16T23:14:23.094043+00:00,kai-scheduler,podgroup-controller-68f9cc8dbf-fdxdx,1.0,13631488
2026-09-16T23:14:23.094043+00:00,kai-scheduler,queue-controller-f86fcd76c-thqpj,1.0,12582912
2026-09-16T23:14:23.094043+00:00,kube-system,coredns-8db54c48d-rkl6z,4.0,66060288
2026-09-16T23:14:23.094043+00:00,kube-system,kwok-controller-5cf8c7c44b-688q7,89.0,102760448
2026-09-16T23:14:23.094043+00:00,kube-system,local-path-provisioner-5d9d9885bc-wxvl4,1.0,17825792
2026-09-16T23:14:23.094043+00:00,kube-system,metrics-server-75dc6f8d87-k68rp,22.0,340787200
2026-09-16T23:14:23.094043+00:00,kube-system,svclb-traefik-9eca1d7e-rh8j2,0.0,0
2026-09-16T23:14:23.094043+00:00,kube-system,traefik-9bcdbbd9-j58m7,9.0,295698432
2026-09-16T23:14:23.094043+00:00,pyroscope,pyroscope-0,8.0,192937984
2026-09-16T23:14:23.094043+00:00,pyroscope,pyroscope-alloy-0,9.0,728760320
2026-09-16T23:14:54.348513+00:00,grove-system,grove-operator-7dc7f7d44b-psqff,30.0,1045430272
2026-09-16T23:14:54.348513+00:00,kai-scheduler,admission-86666f457d-bh444,1.0,16777216
2026-09-16T23:14:54.348513+00:00,kai-scheduler,kai-operator-69b5d7bcf7-2mxdj,3.0,117440512
2026-09-16T23:14:54.348513+00:00,kai-scheduler,pod-grouper-65456f756-78scb,1.0,11534336
2026-09-16T23:14:54.348513+00:00,kai-scheduler,podgroup-controller-68f9cc8dbf-fdxdx,1.0,13631488
2026-09-16T23:14:54.348513+00:00,kai-scheduler,queue-controller-f86fcd76c-thqpj,1.0,12582912
2026-09-16T23:14:54.348513+00:00,kube-system,coredns-8db54c48d-rkl6z,3.0,66060288
2026-09-16T23:14:54.348513+00:00,kube-system,kwok-controller-5cf8c7c44b-688q7,93.0,102760448
2026-09-16T23:14:54.348513+00:00,kube-system,local-path-provisioner-5d9d9885bc-wxvl4,1.0,17825792
2026-09-16T23:14:54.348513+00:00,kube-system,metrics-server-75dc6f8d87-k68rp,27.0,340787200
2026-09-16T23:14:54.348513+00:00,kube-system,svclb-traefik-9eca1d7e-rh8j2,0.0,0
2026-09-16T23:14:54.348513+00:00,kube-system,traefik-9bcdbbd9-j58m7,3.0,296747008
2026-09-16T23:14:54.348513+00:00,pyroscope,pyroscope-0,5.0,193986560
2026-09-16T23:14:54.348513+00:00,pyroscope,pyroscope-alloy-0,6.0,727711744
2026-09-16T23:15:25.606210+00:00,grove-system,grove-operator-7dc7f7d44b-psqff,30.0,1042284544
2026-09-16T23:15:25.606210+00:00,kai-scheduler,admission-86666f457d-bh444,1.0,16777216
2026-09-16T23:15:25.606210+00:00,kai-scheduler,kai-operator-69b5d7bcf7-2mxdj,3.0,118489088
2026-09-16T23:15:25.606210+00:00,kai-scheduler,pod-grouper-65456f756-78scb,1.0,11534336
2026-09-16T23:15:25.606210+00:00,kai-scheduler,podgroup-controller-68f9cc8dbf-fdxdx,1.0,13631488
2026-09-16T23:15:25.606210+00:00,kai-scheduler,queue-controller-f86fcd76c-thqpj,1.0,12582912
2026-09-16T23:15:25.606210+00:00,kube-system,coredns-8db54c48d-rkl6z,3.0,66060288
2026-09-16T23:15:25.606210+00:00,kube-system,kwok-controller-5cf8c7c44b-688q7,93.0,102760448
2026-09-16T23:15:25.606210+00:00,kube-system,local-path-provisioner-5d9d9885bc-wxvl4,1.0,17825792
2026-09-16T23:15:25.606210+00:00,kube-system,metrics-server-75dc6f8d87-k68rp,30.0,341835776
2026-09-16T23:15:25.606210+00:00,kube-system,svclb-traefik-9eca1d7e-rh8j2,0.0,0
2026-09-16T23:15:25.606210+00:00,kube-system,traefik-9bcdbbd9-j58m7,3.0,296747008
2026-09-16T23:15:25.606210+00:00,pyroscope,pyroscope-0,4.0,192937984
2026-09-16T23:15:25.606210+00:00,pyroscope,pyroscope-alloy-0,8.0,728760320
2026-09-16T23:15:56.853454+00:00,grove-system,grove-operator-7dc7f7d44b-psqff,63.0,1020264448
2026-09-16T23:15:56.853454+00:00,kai-scheduler,admission-86666f457d-bh444,1.0,16777216
2026-09-16T23:15:56.853454+00:00,kai-scheduler,kai-operator-69b5d7bcf7-2mxdj,4.0,118489088
2026-09-16T23:15:56.853454+00:00,kai-scheduler,pod-grouper-65456f756-78scb,1.0,11534336
2026-09-16T23:15:56.853454+00:00,kai-scheduler,podgroup-controller-68f9cc8dbf-fdxdx,1.0,13631488
2026-09-16T23:15:56.853454+00:00,kai-scheduler,queue-controller-f86fcd76c-thqpj,1.0,12582912
2026-09-16T23:15:56.853454+00:00,kube-system,coredns-8db54c48d-rkl6z,4.0,66060288
2026-09-16T23:15:56.853454+00:00,kube-system,kwok-controller-5cf8c7c44b-688q7,87.0,102760448
2026-09-16T23:15:56.853454+00:00,kube-system,local-path-provisioner-5d9d9885bc-wxvl4,1.0,17825792
2026-09-16T23:15:56.853454+00:00,kube-system,metrics-server-75dc6f8d87-k68rp,38.0,342884352
2026-09-16T23:15:56.853454+00:00,kube-system,svclb-traefik-9eca1d7e-rh8j2,0.0,0
2026-09-16T23:15:56.853454+00:00,kube-system,traefik-9bcdbbd9-j58m7,4.0,296747008
2026-09-16T23:15:56.853454+00:00,pyroscope,pyroscope-0,5.0,186646528
2026-09-16T23:15:56.853454+00:00,pyroscope,pyroscope-alloy-0,6.0,728760320
2026-09-16T23:16:28.106343+00:00,grove-system,grove-operator-7dc7f7d44b-psqff,28.0,1024458752
2026-09-16T23:16:28.106343+00:00,kai-scheduler,admission-86666f457d-bh444,1.0,16777216
2026-09-16T23:16:28.106343+00:00,kai-scheduler,kai-operator-69b5d7bcf7-2mxdj,4.0,119537664
2026-09-16T23:16:28.106343+00:00,kai-scheduler,pod-grouper-65456f756-78scb,1.0,11534336
2026-09-16T23:16:28.106343+00:00,kai-scheduler,podgroup-controller-68f9cc8dbf-fdxdx,1.0,13631488
2026-09-16T23:16:28.106343+00:00,kai-scheduler,queue-controller-f86fcd76c-thqpj,1.0,12582912
2026-09-16T23:16:28.106343+00:00,kube-system,coredns-8db54c48d-rkl6z,3.0,66060288
2026-09-16T23:16:28.106343+00:00,kube-system,kwok-controller-5cf8c7c44b-688q7,87.0,101711872
2026-09-16T23:16:28.106343+00:00,kube-system,local-path-provisioner-5d9d9885bc-wxvl4,1.0,17825792
2026-09-16T23:16:28.106343+00:00,kube-system,metrics-server-75dc6f8d87-k68rp,27.0,342884352
2026-09-16T23:16:28.106343+00:00,kube-system,svclb-traefik-9eca1d7e-rh8j2,0.0,0
2026-09-16T23:16:28.106343+00:00,kube-system,traefik-9bcdbbd9-j58m7,3.0,294649856
2026-09-16T23:16:28.106343+00:00,pyroscope,pyroscope-0,7.0,187695104
2026-09-16T23:16:28.106343+00:00,pyroscope,pyroscope-alloy-0,32.0,719323136
2026-09-16T23:16:59.358193+00:00,grove-system,grove-operator-7dc7f7d44b-psqff,62.0,1026555904
2026-09-16T23:16:59.358193+00:00,kai-scheduler,admission-86666f457d-bh444,1.0,16777216
2026-09-16T23:16:59.358193+00:00,kai-scheduler,kai-operator-69b5d7bcf7-2mxdj,3.0,120586240
2026-09-16T23:16:59.358193+00:00,kai-scheduler,pod-grouper-65456f756-78scb,1.0,11534336
2026-09-16T23:16:59.358193+00:00,kai-scheduler,podgroup-controller-68f9cc8dbf-fdxdx,1.0,13631488
2026-09-16T23:16:59.358193+00:00,kai-scheduler,queue-controller-f86fcd76c-thqpj,1.0,12582912
2026-09-16T23:16:59.358193+00:00,kube-system,coredns-8db54c48d-rkl6z,3.0,66060288
2026-09-16T23:16:59.358193+00:00,kube-system,kwok-controller-5cf8c7c44b-688q7,87.0,103809024
2026-09-16T23:16:59.358193+00:00,kube-system,local-path-provisioner-5d9d9885bc-wxvl4,1.0,17825792
2026-09-16T23:16:59.358193+00:00,kube-system,metrics-server-75dc6f8d87-k68rp,32.0,340787200
2026-09-16T23:16:59.358193+00:00,kube-system,svclb-traefik-9eca1d7e-rh8j2,0.0,0
2026-09-16T23:16:59.358193+00:00,kube-system,traefik-9bcdbbd9-j58m7,3.0,294649856
2026-09-16T23:16:59.358193+00:00,pyroscope,pyroscope-0,6.0,189792256
2026-09-16T23:16:59.358193+00:00,pyroscope,pyroscope-alloy-0,63.0,719323136
2026-09-16T23:17:30.611075+00:00,grove-system,grove-operator-7dc7f7d44b-psqff,35.0,1028653056
2026-09-16T23:17:30.611075+00:00,kai-scheduler,admission-86666f457d-bh444,1.0,16777216
2026-09-16T23:17:30.611075+00:00,kai-scheduler,kai-operator-69b5d7bcf7-2mxdj,3.0,120586240
2026-09-16T23:17:30.611075+00:00,kai-scheduler,pod-grouper-65456f756-78scb,1.0,11534336
2026-09-16T23:17:30.611075+00:00,kai-scheduler,podgroup-controller-68f9cc8dbf-fdxdx,1.0,13631488
2026-09-16T23:17:30.611075+00:00,kai-scheduler,queue-controller-f86fcd76c-thqpj,1.0,12582912
2026-09-16T23:17:30.611075+00:00,kube-system,coredns-8db54c48d-rkl6z,3.0,66060288
2026-09-16T23:17:30.611075+00:00,kube-system,kwok-controller-5cf8c7c44b-688q7,90.0,102760448
2026-09-16T23:17:30.611075+00:00,kube-system,local-path-provisioner-5d9d9885bc-wxvl4,1.0,17825792
2026-09-16T23:17:30.611075+00:00,kube-system,metrics-server-75dc6f8d87-k68rp,31.0,342884352
2026-09-16T23:17:30.611075+00:00,kube-system,svclb-traefik-9eca1d7e-rh8j2,0.0,0
2026-09-16T23:17:30.611075+00:00,kube-system,traefik-9bcdbbd9-j58m7,3.0,295698432
2026-09-16T23:17:30.611075+00:00,pyroscope,pyroscope-0,6.0,192937984
2026-09-16T23:17:30.611075+00:00,pyroscope,pyroscope-alloy-0,7.0,719323136
2026-09-16T23:18:01.866560+00:00,grove-system,grove-operator-7dc7f7d44b-psqff,60.0,1019215872
2026-09-16T23:18:01.866560+00:00,kai-scheduler,admission-86666f457d-bh444,1.0,16777216
2026-09-16T23:18:01.866560+00:00,kai-scheduler,kai-operator-69b5d7bcf7-2mxdj,3.0,121634816
2026-09-16T23:18:01.866560+00:00,kai-scheduler,pod-grouper-65456f756-78scb,1.0,11534336
2026-09-16T23:18:01.866560+00:00,kai-scheduler,podgroup-controller-68f9cc8dbf-fdxdx,1.0,13631488
2026-09-16T23:18:01.866560+00:00,kai-scheduler,queue-controller-f86fcd76c-thqpj,1.0,12582912
2026-09-16T23:18:01.866560+00:00,kube-system,coredns-8db54c48d-rkl6z,3.0,65011712
2026-09-16T23:18:01.866560+00:00,kube-system,kwok-controller-5cf8c7c44b-688q7,89.0,102760448
2026-09-16T23:18:01.866560+00:00,kube-system,local-path-provisioner-5d9d9885bc-wxvl4,1.0,17825792
2026-09-16T23:18:01.866560+00:00,kube-system,metrics-server-75dc6f8d87-k68rp,32.0,341835776
2026-09-16T23:18:01.866560+00:00,kube-system,svclb-traefik-9eca1d7e-rh8j2,0.0,0
2026-09-16T23:18:01.866560+00:00,kube-system,traefik-9bcdbbd9-j58m7,5.0,295698432
2026-09-16T23:18:01.866560+00:00,pyroscope,pyroscope-0,6.0,191889408
2026-09-16T23:18:01.866560+00:00,pyroscope,pyroscope-alloy-0,107.0,744488960
2026-09-16T23:18:33.115799+00:00,grove-system,grove-operator-7dc7f7d44b-psqff,31.0,1022361600
2026-09-16T23:18:33.115799+00:00,kai-scheduler,admission-86666f457d-bh444,1.0,16777216
2026-09-16T23:18:33.115799+00:00,kai-scheduler,kai-operator-69b5d7bcf7-2mxdj,3.0,121634816
2026-09-16T23:18:33.115799+00:00,kai-scheduler,pod-grouper-65456f756-78scb,1.0,11534336
2026-09-16T23:18:33.115799+00:00,kai-scheduler,podgroup-controller-68f9cc8dbf-fdxdx,1.0,13631488
2026-09-16T23:18:33.115799+00:00,kai-scheduler,queue-controller-f86fcd76c-thqpj,1.0,12582912
2026-09-16T23:18:33.115799+00:00,kube-system,coredns-8db54c48d-rkl6z,3.0,66060288
2026-09-16T23:18:33.115799+00:00,kube-system,kwok-controller-5cf8c7c44b-688q7,90.0,101711872
2026-09-16T23:18:33.115799+00:00,kube-system,local-path-provisioner-5d9d9885bc-wxvl4,1.0,17825792
2026-09-16T23:18:33.115799+00:00,kube-system,metrics-server-75dc6f8d87-k68rp,27.0,340787200
2026-09-16T23:18:33.115799+00:00,kube-system,svclb-traefik-9eca1d7e-rh8j2,0.0,0
2026-09-16T23:18:33.115799+00:00,kube-system,traefik-9bcdbbd9-j58m7,7.0,295698432
2026-09-16T23:18:33.115799+00:00,pyroscope,pyroscope-0,6.0,185597952
2026-09-16T23:18:33.115799+00:00,pyroscope,pyroscope-alloy-0,7.0,744488960
2026-09-16T23:19:04.365636+00:00,grove-system,grove-operator-7dc7f7d44b-psqff,50.0,1004535808
2026-09-16T23:19:04.365636+00:00,kai-scheduler,admission-86666f457d-bh444,1.0,16777216
2026-09-16T23:19:04.365636+00:00,kai-scheduler,kai-operator-69b5d7bcf7-2mxdj,3.0,121634816
2026-09-16T23:19:04.365636+00:00,kai-scheduler,pod-grouper-65456f756-78scb,1.0,11534336
2026-09-16T23:19:04.365636+00:00,kai-scheduler,podgroup-controller-68f9cc8dbf-fdxdx,1.0,13631488
2026-09-16T23:19:04.365636+00:00,kai-scheduler,queue-controller-f86fcd76c-thqpj,1.0,12582912
2026-09-16T23:19:04.365636+00:00,kube-system,coredns-8db54c48d-rkl6z,3.0,65011712
2026-09-16T23:19:04.365636+00:00,kube-system,kwok-controller-5cf8c7c44b-688q7,92.0,102760448
2026-09-16T23:19:04.365636+00:00,kube-system,local-path-provisioner-5d9d9885bc-wxvl4,1.0,17825792
2026-09-16T23:19:04.365636+00:00,kube-system,metrics-server-75dc6f8d87-k68rp,34.0,341835776
2026-09-16T23:19:04.365636+00:00,kube-system,svclb-traefik-9eca1d7e-rh8j2,0.0,0
2026-09-16T23:19:04.365636+00:00,kube-system,traefik-9bcdbbd9-j58m7,3.0,294649856
2026-09-16T23:19:04.365636+00:00,pyroscope,pyroscope-0,6.0,186646528
2026-09-16T23:19:04.365636+00:00,pyroscope,pyroscope-alloy-0,50.0,741343232
2026-09-16T23:19:35.617278+00:00,grove-system,grove-operator-7dc7f7d44b-psqff,30.0,1009778688
2026-09-16T23:19:35.617278+00:00,kai-scheduler,admission-86666f457d-bh444,1.0,16777216
2026-09-16T23:19:35.617278+00:00,kai-scheduler,kai-operator-69b5d7bcf7-2mxdj,3.0,120586240
2026-09-16T23:19:35.617278+00:00,kai-scheduler,pod-grouper-65456f756-78scb,1.0,11534336
2026-09-16T23:19:35.617278+00:00,kai-scheduler,podgroup-controller-68f9cc8dbf-fdxdx,1.0,13631488
2026-09-16T23:19:35.617278+00:00,kai-scheduler,queue-controller-f86fcd76c-thqpj,1.0,12582912
2026-09-16T23:19:35.617278+00:00,kube-system,coredns-8db54c48d-rkl6z,3.0,65011712
2026-09-16T23:19:35.617278+00:00,kube-system,kwok-controller-5cf8c7c44b-688q7,82.0,102760448
2026-09-16T23:19:35.617278+00:00,kube-system,local-path-provisioner-5d9d9885bc-wxvl4,1.0,17825792
2026-09-16T23:19:35.617278+00:00,kube-system,metrics-server-75dc6f8d87-k68rp,29.0,340787200
2026-09-16T23:19:35.617278+00:00,kube-system,svclb-traefik-9eca1d7e-rh8j2,0.0,0
2026-09-16T23:19:35.617278+00:00,kube-system,traefik-9bcdbbd9-j58m7,3.0,295698432
2026-09-16T23:19:35.617278+00:00,pyroscope,pyroscope-0,4.0,190840832
2026-09-16T23:19:35.617278+00:00,pyroscope,pyroscope-alloy-0,7.0,719323136
2026-09-16T23:20:06.873313+00:00,grove-system,grove-operator-7dc7f7d44b-psqff,28.0,1009778688
2026-09-16T23:20:06.873313+00:00,kai-scheduler,admission-86666f457d-bh444,1.0,16777216
2026-09-16T23:20:06.873313+00:00,kai-scheduler,kai-operator-69b5d7bcf7-2mxdj,3.0,118489088
2026-09-16T23:20:06.873313+00:00,kai-scheduler,pod-grouper-65456f756-78scb,1.0,11534336
2026-09-16T23:20:06.873313+00:00,kai-scheduler,podgroup-controller-68f9cc8dbf-fdxdx,1.0,13631488
2026-09-16T23:20:06.873313+00:00,kai-scheduler,queue-controller-f86fcd76c-thqpj,1.0,12582912
2026-09-16T23:20:06.873313+00:00,kube-system,coredns-8db54c48d-rkl6z,3.0,65011712
2026-09-16T23:20:06.873313+00:00,kube-system,kwok-controller-5cf8c7c44b-688q7,97.0,102760448
2026-09-16T23:20:06.873313+00:00,kube-system,local-path-provisioner-5d9d9885bc-wxvl4,1.0,17825792
2026-09-16T23:20:06.873313+00:00,kube-system,metrics-server-75dc6f8d87-k68rp,35.0,343932928
2026-09-16T23:20:06.873313+00:00,kube-system,svclb-traefik-9eca1d7e-rh8j2,0.0,0
2026-09-16T23:20:06.873313+00:00,kube-system,traefik-9bcdbbd9-j58m7,3.0,294649856
2026-09-16T23:20:06.873313+00:00,pyroscope,pyroscope-0,6.0,192937984
2026-09-16T23:20:06.873313+00:00,pyroscope,pyroscope-alloy-0,7.0,718274560
2026-09-16T23:20:38.129159+00:00,grove-system,grove-operator-7dc7f7d44b-psqff,40.0,993001472
2026-09-16T23:20:38.129159+00:00,kai-scheduler,admission-86666f457d-bh444,1.0,16777216
2026-09-16T23:20:38.129159+00:00,kai-scheduler,kai-operator-69b5d7bcf7-2mxdj,3.0,119537664
2026-09-16T23:20:38.129159+00:00,kai-scheduler,pod-grouper-65456f756-78scb,1.0,11534336
2026-09-16T23:20:38.129159+00:00,kai-scheduler,podgroup-controller-68f9cc8dbf-fdxdx,1.0,13631488
2026-09-16T23:20:38.129159+00:00,kai-scheduler,queue-controller-f86fcd76c-thqpj,1.0,12582912
2026-09-16T23:20:38.129159+00:00,kube-system,coredns-8db54c48d-rkl6z,3.0,66060288
2026-09-16T23:20:38.129159+00:00,kube-system,kwok-controller-5cf8c7c44b-688q7,92.0,101711872
2026-09-16T23:20:38.129159+00:00,kube-system,local-path-provisioner-5d9d9885bc-wxvl4,1.0,17825792
2026-09-16T23:20:38.129159+00:00,kube-system,metrics-server-75dc6f8d87-k68rp,37.0,340787200
2026-09-16T23:20:38.129159+00:00,kube-system,svclb-traefik-9eca1d7e-rh8j2,0.0,0
2026-09-16T23:20:38.129159+00:00,kube-system,traefik-9bcdbbd9-j58m7,3.0,290455552
2026-09-16T23:20:38.129159+00:00,pyroscope,pyroscope-0,6.0,193986560
2026-09-16T23:20:38.129159+00:00,pyroscope,pyroscope-alloy-0,7.0,735051776
2026-09-16T23:21:09.382316+00:00,grove-system,grove-operator-7dc7f7d44b-psqff,44.0,986710016
2026-09-16T23:21:09.382316+00:00,kai-scheduler,admission-86666f457d-bh444,1.0,16777216
2026-09-16T23:21:09.382316+00:00,kai-scheduler,kai-operator-69b5d7bcf7-2mxdj,3.0,118489088
2026-09-16T23:21:09.382316+00:00,kai-scheduler,pod-grouper-65456f756-78scb,1.0,11534336
2026-09-16T23:21:09.382316+00:00,kai-scheduler,podgroup-controller-68f9cc8dbf-fdxdx,1.0,13631488
2026-09-16T23:21:09.382316+00:00,kai-scheduler,queue-controller-f86fcd76c-thqpj,1.0,12582912
2026-09-16T23:21:09.382316+00:00,kube-system,coredns-8db54c48d-rkl6z,3.0,65011712
2026-09-16T23:21:09.382316+00:00,kube-system,kwok-controller-5cf8c7c44b-688q7,87.0,102760448
2026-09-16T23:21:09.382316+00:00,kube-system,local-path-provisioner-5d9d9885bc-wxvl4,1.0,17825792
2026-09-16T23:21:09.382316+00:00,kube-system,metrics-server-75dc6f8d87-k68rp,24.0,340787200
2026-09-16T23:21:09.382316+00:00,kube-system,svclb-traefik-9eca1d7e-rh8j2,0.0,0
2026-09-16T23:21:09.382316+00:00,kube-system,traefik-9bcdbbd9-j58m7,3.0,290455552
2026-09-16T23:21:09.382316+00:00,pyroscope,pyroscope-0,7.0,191889408
2026-09-16T23:21:09.382316+00:00,pyroscope,pyroscope-alloy-0,76.0,735051776
2026-09-16T23:21:40.635477+00:00,grove-system,grove-operator-7dc7f7d44b-psqff,19.0,991952896
2026-09-16T23:21:40.635477+00:00,kai-scheduler,admission-86666f457d-bh444,1.0,16777216
2026-09-16T23:21:40.635477+00:00,kai-scheduler,kai-operator-69b5d7bcf7-2mxdj,4.0,108003328
2026-09-16T23:21:40.635477+00:00,kai-scheduler,pod-grouper-65456f756-78scb,1.0,11534336
2026-09-16T23:21:40.635477+00:00,kai-scheduler,podgroup-controller-68f9cc8dbf-fdxdx,1.0,13631488
2026-09-16T23:21:40.635477+00:00,kai-scheduler,queue-controller-f86fcd76c-thqpj,1.0,12582912
2026-09-16T23:21:40.635477+00:00,kube-system,coredns-8db54c48d-rkl6z,3.0,65011712
2026-09-16T23:21:40.635477+00:00,kube-system,kwok-controller-5cf8c7c44b-688q7,117.0,102760448
2026-09-16T23:21:40.635477+00:00,kube-system,local-path-provisioner-5d9d9885bc-wxvl4,1.0,17825792
2026-09-16T23:21:40.635477+00:00,kube-system,metrics-server-75dc6f8d87-k68rp,38.0,343932928
2026-09-16T23:21:40.635477+00:00,kube-system,svclb-traefik-9eca1d7e-rh8j2,0.0,0
2026-09-16T23:21:40.635477+00:00,kube-system,traefik-9bcdbbd9-j58m7,3.0,289406976
2026-09-16T23:21:40.635477+00:00,pyroscope,pyroscope-0,6.0,187695104
2026-09-16T23:21:40.635477+00:00,pyroscope,pyroscope-alloy-0,165.0,731906048
2026-09-16T23:22:11.891054+00:00,grove-system,grove-operator-7dc7f7d44b-psqff,34.0,959447040
2026-09-16T23:22:11.891054+00:00,kai-scheduler,admission-86666f457d-bh444,1.0,16777216
2026-09-16T23:22:11.891054+00:00,kai-scheduler,kai-operator-69b5d7bcf7-2mxdj,4.0,113246208
2026-09-16T23:22:11.891054+00:00,kai-scheduler,pod-grouper-65456f756-78scb,1.0,11534336
2026-09-16T23:22:11.891054+00:00,kai-scheduler,podgroup-controller-68f9cc8dbf-fdxdx,1.0,13631488
2026-09-16T23:22:11.891054+00:00,kai-scheduler,queue-controller-f86fcd76c-thqpj,1.0,12582912
2026-09-16T23:22:11.891054+00:00,kube-system,coredns-8db54c48d-rkl6z,3.0,63963136
2026-09-16T23:22:11.891054+00:00,kube-system,kwok-controller-5cf8c7c44b-688q7,2583.0,111149056
2026-09-16T23:22:11.891054+00:00,kube-system,local-path-provisioner-5d9d9885bc-wxvl4,1.0,17825792
2026-09-16T23:22:11.891054+00:00,kube-system,metrics-server-75dc6f8d87-k68rp,38.0,341835776
2026-09-16T23:22:11.891054+00:00,kube-system,svclb-traefik-9eca1d7e-rh8j2,0.0,0
2026-09-16T23:22:11.891054+00:00,kube-system,traefik-9bcdbbd9-j58m7,7.0,288358400
2026-09-16T23:22:11.891054+00:00,pyroscope,pyroscope-0,7.0,190840832
2026-09-16T23:22:11.891054+00:00,pyroscope,pyroscope-alloy-0,126.0,728760320
2026-09-16T23:22:43.148051+00:00,grove-system,grove-operator-7dc7f7d44b-psqff,17.0,962592768
2026-09-16T23:22:43.148051+00:00,kai-scheduler,admission-86666f457d-bh444,1.0,16777216
2026-09-16T23:22:43.148051+00:00,kai-scheduler,kai-operator-69b5d7bcf7-2mxdj,1.0,114294784
2026-09-16T23:22:43.148051+00:00,kai-scheduler,pod-grouper-65456f756-78scb,1.0,11534336
2026-09-16T23:22:43.148051+00:00,kai-scheduler,podgroup-controller-68f9cc8dbf-fdxdx,1.0,13631488
2026-09-16T23:22:43.148051+00:00,kai-scheduler,queue-controller-f86fcd76c-thqpj,1.0,12582912
2026-09-16T23:22:43.148051+00:00,kube-system,coredns-8db54c48d-rkl6z,3.0,65011712
2026-09-16T23:22:43.148051+00:00,kube-system,kwok-controller-5cf8c7c44b-688q7,2588.0,111149056
2026-09-16T23:22:43.148051+00:00,kube-system,local-path-provisioner-5d9d9885bc-wxvl4,1.0,17825792
2026-09-16T23:22:43.148051+00:00,kube-system,metrics-server-75dc6f8d87-k68rp,37.0,341835776
2026-09-16T23:22:43.148051+00:00,kube-system,svclb-traefik-9eca1d7e-rh8j2,0.0,0
2026-09-16T23:22:43.148051+00:00,kube-system,traefik-9bcdbbd9-j58m7,3.0,288358400
2026-09-16T23:22:43.148051+00:00,pyroscope,pyroscope-0,6.0,192937984
2026-09-16T23:22:43.148051+00:00,pyroscope,pyroscope-alloy-0,142.0,723517440
2026-09-16T23:23:14.397875+00:00,grove-system,grove-operator-7dc7f7d44b-psqff,34.0,967835648
2026-09-16T23:23:14.397875+00:00,kai-scheduler,admission-86666f457d-bh444,1.0,16777216
2026-09-16T23:23:14.397875+00:00,kai-scheduler,kai-operator-69b5d7bcf7-2mxdj,1.0,114294784
2026-09-16T23:23:14.397875+00:00,kai-scheduler,pod-grouper-65456f756-78scb,1.0,11534336
2026-09-16T23:23:14.397875+00:00,kai-scheduler,podgroup-controller-68f9cc8dbf-fdxdx,1.0,13631488
2026-09-16T23:23:14.397875+00:00,kai-scheduler,queue-controller-f86fcd76c-thqpj,1.0,12582912
2026-09-16T23:23:14.397875+00:00,kube-system,coredns-8db54c48d-rkl6z,4.0,63963136
2026-09-16T23:23:14.397875+00:00,kube-system,kwok-controller-5cf8c7c44b-688q7,308.0,102760448
2026-09-16T23:23:14.397875+00:00,kube-system,local-path-provisioner-5d9d9885bc-wxvl4,1.0,17825792
2026-09-16T23:23:14.397875+00:00,kube-system,metrics-server-75dc6f8d87-k68rp,45.0,342884352
2026-09-16T23:23:14.397875+00:00,kube-system,svclb-traefik-9eca1d7e-rh8j2,0.0,0
2026-09-16T23:23:14.397875+00:00,kube-system,traefik-9bcdbbd9-j58m7,3.0,287309824
2026-09-16T23:23:14.397875+00:00,pyroscope,pyroscope-0,7.0,195035136
2026-09-16T23:23:14.397875+00:00,pyroscope,pyroscope-alloy-0,156.0,722468864
2026-09-16T23:23:45.652318+00:00,grove-system,grove-operator-7dc7f7d44b-psqff,17.0,967835648
2026-09-16T23:23:45.652318+00:00,kai-scheduler,admission-86666f457d-bh444,1.0,16777216
2026-09-16T23:23:45.652318+00:00,kai-scheduler,kai-operator-69b5d7bcf7-2mxdj,3.0,114294784
2026-09-16T23:23:45.652318+00:00,kai-scheduler,pod-grouper-65456f756-78scb,1.0,11534336
2026-09-16T23:23:45.652318+00:00,kai-scheduler,podgroup-controller-68f9cc8dbf-fdxdx,1.0,13631488
2026-09-16T23:23:45.652318+00:00,kai-scheduler,queue-controller-f86fcd76c-thqpj,1.0,12582912
2026-09-16T23:23:45.652318+00:00,kube-system,coredns-8db54c48d-rkl6z,3.0,63963136
2026-09-16T23:23:45.652318+00:00,kube-system,kwok-controller-5cf8c7c44b-688q7,120.0,102760448
2026-09-16T23:23:45.652318+00:00,kube-system,local-path-provisioner-5d9d9885bc-wxvl4,1.0,17825792
2026-09-16T23:23:45.652318+00:00,kube-system,metrics-server-75dc6f8d87-k68rp,40.0,341835776
2026-09-16T23:23:45.652318+00:00,kube-system,svclb-traefik-9eca1d7e-rh8j2,0.0,0
2026-09-16T23:23:45.652318+00:00,kube-system,traefik-9bcdbbd9-j58m7,3.0,288358400
2026-09-16T23:23:45.652318+00:00,pyroscope,pyroscope-0,5.0,195035136
2026-09-16T23:23:45.652318+00:00,pyroscope,pyroscope-alloy-0,117.0,706740224
2026-09-16T23:24:16.905638+00:00,grove-system,grove-operator-7dc7f7d44b-psqff,18.0,969932800
2026-09-16T23:24:16.905638+00:00,kai-scheduler,admission-86666f457d-bh444,1.0,16777216
2026-09-16T23:24:16.905638+00:00,kai-scheduler,kai-operator-69b5d7bcf7-2mxdj,1.0,114294784
2026-09-16T23:24:16.905638+00:00,kai-scheduler,pod-grouper-65456f756-78scb,1.0,11534336
2026-09-16T23:24:16.905638+00:00,kai-scheduler,podgroup-controller-68f9cc8dbf-fdxdx,1.0,13631488
2026-09-16T23:24:16.905638+00:00,kai-scheduler,queue-controller-f86fcd76c-thqpj,1.0,12582912
2026-09-16T23:24:16.905638+00:00,kube-system,coredns-8db54c48d-rkl6z,4.0,63963136
2026-09-16T23:24:16.905638+00:00,kube-system,kwok-controller-5cf8c7c44b-688q7,121.0,102760448
2026-09-16T23:24:16.905638+00:00,kube-system,local-path-provisioner-5d9d9885bc-wxvl4,1.0,17825792
2026-09-16T23:24:16.905638+00:00,kube-system,metrics-server-75dc6f8d87-k68rp,48.0,340787200
2026-09-16T23:24:16.905638+00:00,kube-system,svclb-traefik-9eca1d7e-rh8j2,0.0,0
2026-09-16T23:24:16.905638+00:00,kube-system,traefik-9bcdbbd9-j58m7,6.0,286261248
2026-09-16T23:24:16.905638+00:00,pyroscope,pyroscope-0,7.0,193986560
2026-09-16T23:24:16.905638+00:00,pyroscope,pyroscope-alloy-0,156.0,699400192
2026-09-16T23:24:48.158481+00:00,grove-system,grove-operator-7dc7f7d44b-psqff,21.0,953155584
2026-09-16T23:24:48.158481+00:00,kai-scheduler,admission-86666f457d-bh444,1.0,16777216
2026-09-16T23:24:48.158481+00:00,kai-scheduler,kai-operator-69b5d7bcf7-2mxdj,1.0,114294784
2026-09-16T23:24:48.158481+00:00,kai-scheduler,pod-grouper-65456f756-78scb,1.0,11534336
2026-09-16T23:24:48.158481+00:00,kai-scheduler,podgroup-controller-68f9cc8dbf-fdxdx,1.0,13631488
2026-09-16T23:24:48.158481+00:00,kai-scheduler,queue-controller-f86fcd76c-thqpj,1.0,12582912
2026-09-16T23:24:48.158481+00:00,kube-system,coredns-8db54c48d-rkl6z,3.0,63963136
2026-09-16T23:24:48.158481+00:00,kube-system,kwok-controller-5cf8c7c44b-688q7,122.0,101711872
2026-09-16T23:24:48.158481+00:00,kube-system,local-path-provisioner-5d9d9885bc-wxvl4,1.0,17825792
2026-09-16T23:24:48.158481+00:00,kube-system,metrics-server-75dc6f8d87-k68rp,38.0,340787200
2026-09-16T23:24:48.158481+00:00,kube-system,svclb-traefik-9eca1d7e-rh8j2,0.0,0
2026-09-16T23:24:48.158481+00:00,kube-system,traefik-9bcdbbd9-j58m7,3.0,286261248
2026-09-16T23:24:48.158481+00:00,pyroscope,pyroscope-0,6.0,190840832
2026-09-16T23:24:48.158481+00:00,pyroscope,pyroscope-alloy-0,126.0,699400192
2026-09-16T23:25:19.409785+00:00,grove-system,grove-operator-7dc7f7d44b-psqff,18.0,954204160
2026-09-16T23:25:19.409785+00:00,kai-scheduler,admission-86666f457d-bh444,1.0,16777216
2026-09-16T23:25:19.409785+00:00,kai-scheduler,kai-operator-69b5d7bcf7-2mxdj,1.0,114294784
2026-09-16T23:25:19.409785+00:00,kai-scheduler,pod-grouper-65456f756-78scb,1.0,11534336
2026-09-16T23:25:19.409785+00:00,kai-scheduler,podgroup-controller-68f9cc8dbf-fdxdx,1.0,13631488
2026-09-16T23:25:19.409785+00:00,kai-scheduler,queue-controller-f86fcd76c-thqpj,1.0,12582912
2026-09-16T23:25:19.409785+00:00,kube-system,coredns-8db54c48d-rkl6z,3.0,62914560
2026-09-16T23:25:19.409785+00:00,kube-system,kwok-controller-5cf8c7c44b-688q7,118.0,101711872
2026-09-16T23:25:19.409785+00:00,kube-system,local-path-provisioner-5d9d9885bc-wxvl4,1.0,17825792
2026-09-16T23:25:19.409785+00:00,kube-system,metrics-server-75dc6f8d87-k68rp,40.0,340787200
2026-09-16T23:25:19.409785+00:00,kube-system,svclb-traefik-9eca1d7e-rh8j2,0.0,0
2026-09-16T23:25:19.409785+00:00,kube-system,traefik-9bcdbbd9-j58m7,3.0,287309824
2026-09-16T23:25:19.409785+00:00,pyroscope,pyroscope-0,4.0,191889408
2026-09-16T23:25:19.409785+00:00,pyroscope,pyroscope-alloy-0,131.0,683671552
2026-09-16T23:25:50.657402+00:00,grove-system,grove-operator-7dc7f7d44b-psqff,18.0,948961280
2026-09-16T23:25:50.657402+00:00,kai-scheduler,admission-86666f457d-bh444,1.0,16777216
2026-09-16T23:25:50.657402+00:00,kai-scheduler,kai-operator-69b5d7bcf7-2mxdj,3.0,114294784
2026-09-16T23:25:50.657402+00:00,kai-scheduler,pod-grouper-65456f756-78scb,1.0,11534336
2026-09-16T23:25:50.657402+00:00,kai-scheduler,podgroup-controller-68f9cc8dbf-fdxdx,1.0,13631488
2026-09-16T23:25:50.657402+00:00,kai-scheduler,queue-controller-f86fcd76c-thqpj,1.0,12582912
2026-09-16T23:25:50.657402+00:00,kube-system,coredns-8db54c48d-rkl6z,3.0,62914560
2026-09-16T23:25:50.657402+00:00,kube-system,kwok-controller-5cf8c7c44b-688q7,121.0,100663296
2026-09-16T23:25:50.657402+00:00,kube-system,local-path-provisioner-5d9d9885bc-wxvl4,1.0,17825792
2026-09-16T23:25:50.657402+00:00,kube-system,metrics-server-75dc6f8d87-k68rp,43.0,335544320
2026-09-16T23:25:50.657402+00:00,kube-system,svclb-traefik-9eca1d7e-rh8j2,0.0,0
2026-09-16T23:25:50.657402+00:00,kube-system,traefik-9bcdbbd9-j58m7,3.0,286261248
2026-09-16T23:25:50.657402+00:00,pyroscope,pyroscope-0,6.0,193986560
2026-09-16T23:25:50.657402+00:00,pyroscope,pyroscope-alloy-0,118.0,679477248
2026-09-16T23:26:21.909490+00:00,grove-system,grove-operator-7dc7f7d44b-psqff,21.0,952107008
2026-09-16T23:26:21.909490+00:00,kai-scheduler,admission-86666f457d-bh444,1.0,16777216
2026-09-16T23:26:21.909490+00:00,kai-scheduler,kai-operator-69b5d7bcf7-2mxdj,1.0,114294784
2026-09-16T23:26:21.909490+00:00,kai-scheduler,pod-grouper-65456f756-78scb,1.0,11534336
2026-09-16T23:26:21.909490+00:00,kai-scheduler,podgroup-controller-68f9cc8dbf-fdxdx,1.0,13631488
2026-09-16T23:26:21.909490+00:00,kai-scheduler,queue-controller-f86fcd76c-thqpj,1.0,12582912
2026-09-16T23:26:21.909490+00:00,kube-system,coredns-8db54c48d-rkl6z,5.0,62914560
2026-09-16T23:26:21.909490+00:00,kube-system,kwok-controller-5cf8c7c44b-688q7,121.0,100663296
2026-09-16T23:26:21.909490+00:00,kube-system,local-path-provisioner-5d9d9885bc-wxvl4,1.0,17825792
2026-09-16T23:26:21.909490+00:00,kube-system,metrics-server-75dc6f8d87-k68rp,46.0,336592896
2026-09-16T23:26:21.909490+00:00,kube-system,svclb-traefik-9eca1d7e-rh8j2,0.0,0
2026-09-16T23:26:21.909490+00:00,kube-system,traefik-9bcdbbd9-j58m7,3.0,287309824
2026-09-16T23:26:21.909490+00:00,pyroscope,pyroscope-0,6.0,191889408
2026-09-16T23:26:21.909490+00:00,pyroscope,pyroscope-alloy-0,133.0,660602880
2026-09-16T23:26:53.156314+00:00,grove-system,grove-operator-7dc7f7d44b-psqff,18.0,945815552
2026-09-16T23:26:53.156314+00:00,kai-scheduler,admission-86666f457d-bh444,1.0,17825792
2026-09-16T23:26:53.156314+00:00,kai-scheduler,kai-operator-69b5d7bcf7-2mxdj,1.0,114294784
2026-09-16T23:26:53.156314+00:00,kai-scheduler,pod-grouper-65456f756-78scb,1.0,11534336
2026-09-16T23:26:53.156314+00:00,kai-scheduler,podgroup-controller-68f9cc8dbf-fdxdx,1.0,13631488
2026-09-16T23:26:53.156314+00:00,kai-scheduler,queue-controller-f86fcd76c-thqpj,1.0,12582912
2026-09-16T23:26:53.156314+00:00,kube-system,coredns-8db54c48d-rkl6z,3.0,62914560
2026-09-16T23:26:53.156314+00:00,kube-system,kwok-controller-5cf8c7c44b-688q7,122.0,100663296
2026-09-16T23:26:53.156314+00:00,kube-system,local-path-provisioner-5d9d9885bc-wxvl4,1.0,17825792
2026-09-16T23:26:53.156314+00:00,kube-system,metrics-server-75dc6f8d87-k68rp,46.0,325058560
2026-09-16T23:26:53.156314+00:00,kube-system,svclb-traefik-9eca1d7e-rh8j2,0.0,0
2026-09-16T23:26:53.156314+00:00,kube-system,traefik-9bcdbbd9-j58m7,3.0,285212672
2026-09-16T23:26:53.156314+00:00,pyroscope,pyroscope-0,6.0,189792256
2026-09-16T23:26:53.156314+00:00,pyroscope,pyroscope-alloy-0,93.0,666894336
2026-09-16T23:27:24.415045+00:00,grove-system,grove-operator-7dc7f7d44b-psqff,17.0,948961280
2026-09-16T23:27:24.415045+00:00,kai-scheduler,admission-86666f457d-bh444,1.0,16777216
2026-09-16T23:27:24.415045+00:00,kai-scheduler,kai-operator-69b5d7bcf7-2mxdj,1.0,114294784
2026-09-16T23:27:24.415045+00:00,kai-scheduler,pod-grouper-65456f756-78scb,1.0,11534336
2026-09-16T23:27:24.415045+00:00,kai-scheduler,podgroup-controller-68f9cc8dbf-fdxdx,1.0,13631488
2026-09-16T23:27:24.415045+00:00,kai-scheduler,queue-controller-f86fcd76c-thqpj,1.0,12582912
2026-09-16T23:27:24.415045+00:00,kube-system,coredns-8db54c48d-rkl6z,3.0,62914560
2026-09-16T23:27:24.415045+00:00,kube-system,kwok-controller-5cf8c7c44b-688q7,121.0,100663296
2026-09-16T23:27:24.415045+00:00,kube-system,local-path-provisioner-5d9d9885bc-wxvl4,1.0,17825792
2026-09-16T23:27:24.415045+00:00,kube-system,metrics-server-75dc6f8d87-k68rp,39.0,325058560
2026-09-16T23:27:24.415045+00:00,kube-system,svclb-traefik-9eca1d7e-rh8j2,0.0,0
2026-09-16T23:27:24.415045+00:00,kube-system,traefik-9bcdbbd9-j58m7,3.0,285212672
2026-09-16T23:27:24.415045+00:00,pyroscope,pyroscope-0,7.0,188743680
2026-09-16T23:27:24.415045+00:00,pyroscope,pyroscope-alloy-0,104.0,660602880
2026-09-16T23:27:55.665560+00:00,grove-system,grove-operator-7dc7f7d44b-psqff,18.0,933232640
2026-09-16T23:27:55.665560+00:00,kai-scheduler,admission-86666f457d-bh444,1.0,16777216
2026-09-16T23:27:55.665560+00:00,kai-scheduler,kai-operator-69b5d7bcf7-2mxdj,1.0,115343360
2026-09-16T23:27:55.665560+00:00,kai-scheduler,pod-grouper-65456f756-78scb,1.0,11534336
2026-09-16T23:27:55.665560+00:00,kai-scheduler,podgroup-controller-68f9cc8dbf-fdxdx,1.0,13631488
2026-09-16T23:27:55.665560+00:00,kai-scheduler,queue-controller-f86fcd76c-thqpj,1.0,12582912
2026-09-16T23:27:55.665560+00:00,kube-system,coredns-8db54c48d-rkl6z,4.0,61865984
2026-09-16T23:27:55.665560+00:00,kube-system,kwok-controller-5cf8c7c44b-688q7,123.0,101711872
2026-09-16T23:27:55.665560+00:00,kube-system,local-path-provisioner-5d9d9885bc-wxvl4,1.0,17825792
2026-09-16T23:27:55.665560+00:00,kube-system,metrics-server-75dc6f8d87-k68rp,52.0,322961408
2026-09-16T23:27:55.665560+00:00,kube-system,svclb-traefik-9eca1d7e-rh8j2,0.0,0
2026-09-16T23:27:55.665560+00:00,kube-system,traefik-9bcdbbd9-j58m7,4.0,286261248
2026-09-16T23:27:55.665560+00:00,pyroscope,pyroscope-0,6.0,196083712
2026-09-16T23:27:55.665560+00:00,pyroscope,pyroscope-alloy-0,110.0,638582784
2026-09-16T23:28:26.917188+00:00,grove-system,grove-operator-7dc7f7d44b-psqff,19.0,936378368
2026-09-16T23:28:26.917188+00:00,kai-scheduler,admission-86666f457d-bh444,1.0,16777216
2026-09-16T23:28:26.917188+00:00,kai-scheduler,kai-operator-69b5d7bcf7-2mxdj,1.0,114294784
2026-09-16T23:28:26.917188+00:00,kai-scheduler,pod-grouper-65456f756-78scb,1.0,11534336
2026-09-16T23:28:26.917188+00:00,kai-scheduler,podgroup-controller-68f9cc8dbf-fdxdx,1.0,13631488
2026-09-16T23:28:26.917188+00:00,kai-scheduler,queue-controller-f86fcd76c-thqpj,1.0,12582912
2026-09-16T23:28:26.917188+00:00,kube-system,coredns-8db54c48d-rkl6z,4.0,62914560
2026-09-16T23:28:26.917188+00:00,kube-system,kwok-controller-5cf8c7c44b-688q7,116.0,101711872
2026-09-16T23:28:26.917188+00:00,kube-system,local-path-provisioner-5d9d9885bc-wxvl4,1.0,17825792
2026-09-16T23:28:26.917188+00:00,kube-system,metrics-server-75dc6f8d87-k68rp,41.0,322961408
2026-09-16T23:28:26.917188+00:00,kube-system,svclb-traefik-9eca1d7e-rh8j2,0.0,0
2026-09-16T23:28:26.917188+00:00,kube-system,traefik-9bcdbbd9-j58m7,7.0,285212672
2026-09-16T23:28:26.917188+00:00,pyroscope,pyroscope-0,5.0,196083712
2026-09-16T23:28:26.917188+00:00,pyroscope,pyroscope-alloy-0,98.0,627048448
2026-09-16T23:28:58.164057+00:00,grove-system,grove-operator-7dc7f7d44b-psqff,27.0,913309696
2026-09-16T23:28:58.164057+00:00,kai-scheduler,admission-86666f457d-bh444,1.0,16777216
2026-09-16T23:28:58.164057+00:00,kai-scheduler,kai-operator-69b5d7bcf7-2mxdj,1.0,115343360
2026-09-16T23:28:58.164057+00:00,kai-scheduler,pod-grouper-65456f756-78scb,1.0,11534336
2026-09-16T23:28:58.164057+00:00,kai-scheduler,podgroup-controller-68f9cc8dbf-fdxdx,1.0,13631488
2026-09-16T23:28:58.164057+00:00,kai-scheduler,queue-controller-f86fcd76c-thqpj,1.0,12582912
2026-09-16T23:28:58.164057+00:00,kube-system,coredns-8db54c48d-rkl6z,3.0,61865984
2026-09-16T23:28:58.164057+00:00,kube-system,kwok-controller-5cf8c7c44b-688q7,119.0,101711872
2026-09-16T23:28:58.164057+00:00,kube-system,local-path-provisioner-5d9d9885bc-wxvl4,1.0,17825792
2026-09-16T23:28:58.164057+00:00,kube-system,metrics-server-75dc6f8d87-k68rp,48.0,320864256
2026-09-16T23:28:58.164057+00:00,kube-system,svclb-traefik-9eca1d7e-rh8j2,0.0,0
2026-09-16T23:28:58.164057+00:00,kube-system,traefik-9bcdbbd9-j58m7,3.0,286261248
2026-09-16T23:28:58.164057+00:00,pyroscope,pyroscope-0,6.0,196083712
2026-09-16T23:28:58.164057+00:00,pyroscope,pyroscope-alloy-0,93.0,612368384
2026-09-16T23:29:29.411374+00:00,grove-system,grove-operator-7dc7f7d44b-psqff,18.0,915406848
2026-09-16T23:29:29.411374+00:00,kai-scheduler,admission-86666f457d-bh444,1.0,16777216
2026-09-16T23:29:29.411374+00:00,kai-scheduler,kai-operator-69b5d7bcf7-2mxdj,1.0,114294784
2026-09-16T23:29:29.411374+00:00,kai-scheduler,pod-grouper-65456f756-78scb,1.0,11534336
2026-09-16T23:29:29.411374+00:00,kai-scheduler,podgroup-controller-68f9cc8dbf-fdxdx,1.0,13631488
2026-09-16T23:29:29.411374+00:00,kai-scheduler,queue-controller-f86fcd76c-thqpj,1.0,12582912
2026-09-16T23:29:29.411374+00:00,kube-system,coredns-8db54c48d-rkl6z,3.0,62914560
2026-09-16T23:29:29.411374+00:00,kube-system,kwok-controller-5cf8c7c44b-688q7,117.0,100663296
2026-09-16T23:29:29.411374+00:00,kube-system,local-path-provisioner-5d9d9885bc-wxvl4,1.0,17825792
2026-09-16T23:29:29.411374+00:00,kube-system,metrics-server-75dc6f8d87-k68rp,44.0,320864256
2026-09-16T23:29:29.411374+00:00,kube-system,svclb-traefik-9eca1d7e-rh8j2,0.0,0
2026-09-16T23:29:29.411374+00:00,kube-system,traefik-9bcdbbd9-j58m7,3.0,285212672
2026-09-16T23:29:29.411374+00:00,pyroscope,pyroscope-0,6.0,195035136
2026-09-16T23:29:29.411374+00:00,pyroscope,pyroscope-alloy-0,105.0,623902720
2026-09-16T23:30:00.660668+00:00,grove-system,grove-operator-7dc7f7d44b-psqff,31.0,904921088
2026-09-16T23:30:00.660668+00:00,kai-scheduler,admission-86666f457d-bh444,1.0,16777216
2026-09-16T23:30:00.660668+00:00,kai-scheduler,kai-operator-69b5d7bcf7-2mxdj,1.0,109051904
2026-09-16T23:30:00.660668+00:00,kai-scheduler,kai-scheduler-default-768f44b48c-cknk4,149.0,363855872
2026-09-16T23:30:00.660668+00:00,kai-scheduler,pod-grouper-65456f756-78scb,1.0,11534336
2026-09-16T23:30:00.660668+00:00,kai-scheduler,podgroup-controller-68f9cc8dbf-fdxdx,1.0,13631488
2026-09-16T23:30:00.660668+00:00,kai-scheduler,queue-controller-f86fcd76c-thqpj,1.0,12582912
2026-09-16T23:30:00.660668+00:00,kube-system,coredns-8db54c48d-rkl6z,3.0,61865984
2026-09-16T23:30:00.660668+00:00,kube-system,kwok-controller-5cf8c7c44b-688q7,117.0,100663296
2026-09-16T23:30:00.660668+00:00,kube-system,local-path-provisioner-5d9d9885bc-wxvl4,1.0,17825792
2026-09-16T23:30:00.660668+00:00,kube-system,metrics-server-75dc6f8d87-k68rp,43.0,314572800
2026-09-16T23:30:00.660668+00:00,kube-system,svclb-traefik-9eca1d7e-rh8j2,0.0,0
2026-09-16T23:30:00.660668+00:00,kube-system,traefik-9bcdbbd9-j58m7,3.0,286261248
2026-09-16T23:30:00.660668+00:00,pyroscope,pyroscope-0,6.0,191889408
2026-09-16T23:30:00.660668+00:00,pyroscope,pyroscope-alloy-0,87.0,615514112
2026-09-16T23:30:31.919822+00:00,grove-system,grove-operator-7dc7f7d44b-psqff,19.0,910163968
2026-09-16T23:30:31.919822+00:00,kai-scheduler,admission-86666f457d-bh444,1.0,16777216
2026-09-16T23:30:31.919822+00:00,kai-scheduler,kai-operator-69b5d7bcf7-2mxdj,1.0,109051904
2026-09-16T23:30:31.919822+00:00,kai-scheduler,kai-scheduler-default-768f44b48c-cknk4,90.0,384827392
2026-09-16T23:30:31.919822+00:00,kai-scheduler,pod-grouper-65456f756-78scb,1.0,11534336
2026-09-16T23:30:31.919822+00:00,kai-scheduler,podgroup-controller-68f9cc8dbf-fdxdx,1.0,13631488
2026-09-16T23:30:31.919822+00:00,kai-scheduler,queue-controller-f86fcd76c-thqpj,1.0,12582912
2026-09-16T23:30:31.919822+00:00,kube-system,coredns-8db54c48d-rkl6z,3.0,61865984
2026-09-16T23:30:31.919822+00:00,kube-system,kwok-controller-5cf8c7c44b-688q7,122.0,99614720
2026-09-16T23:30:31.919822+00:00,kube-system,local-path-provisioner-5d9d9885bc-wxvl4,1.0,17825792
2026-09-16T23:30:31.919822+00:00,kube-system,metrics-server-75dc6f8d87-k68rp,42.0,314572800
2026-09-16T23:30:31.919822+00:00,kube-system,svclb-traefik-9eca1d7e-rh8j2,0.0,0
2026-09-16T23:30:31.919822+00:00,kube-system,traefik-9bcdbbd9-j58m7,6.0,282066944
2026-09-16T23:30:31.919822+00:00,pyroscope,pyroscope-0,6.0,195035136
2026-09-16T23:30:31.919822+00:00,pyroscope,pyroscope-alloy-0,95.0,607125504
2026-09-16T23:31:03.173600+00:00,grove-system,grove-operator-7dc7f7d44b-psqff,18.0,901775360
2026-09-16T23:31:03.173600+00:00,kai-scheduler,admission-86666f457d-bh444,1.0,16777216
2026-09-16T23:31:03.173600+00:00,kai-scheduler,kai-operator-69b5d7bcf7-2mxdj,1.0,108003328
2026-09-16T23:31:03.173600+00:00,kai-scheduler,kai-scheduler-default-768f44b48c-cknk4,80.0,385875968
2026-09-16T23:31:03.173600+00:00,kai-scheduler,pod-grouper-65456f756-78scb,1.0,11534336
2026-09-16T23:31:03.173600+00:00,kai-scheduler,podgroup-controller-68f9cc8dbf-fdxdx,1.0,13631488
2026-09-16T23:31:03.173600+00:00,kai-scheduler,queue-controller-f86fcd76c-thqpj,1.0,12582912
2026-09-16T23:31:03.173600+00:00,kube-system,coredns-8db54c48d-rkl6z,3.0,61865984
2026-09-16T23:31:03.173600+00:00,kube-system,kwok-controller-5cf8c7c44b-688q7,121.0,101711872
2026-09-16T23:31:03.173600+00:00,kube-system,local-path-provisioner-5d9d9885bc-wxvl4,1.0,17825792
2026-09-16T23:31:03.173600+00:00,kube-system,metrics-server-75dc6f8d87-k68rp,47.0,315621376
2026-09-16T23:31:03.173600+00:00,kube-system,svclb-traefik-9eca1d7e-rh8j2,0.0,0
2026-09-16T23:31:03.173600+00:00,kube-system,traefik-9bcdbbd9-j58m7,3.0,279969792
2026-09-16T23:31:03.173600+00:00,pyroscope,pyroscope-0,6.0,190840832
2026-09-16T23:31:03.173600+00:00,pyroscope,pyroscope-alloy-0,94.0,603979776
2026-09-16T23:31:34.423889+00:00,grove-system,grove-operator-7dc7f7d44b-psqff,30.0,888143872
2026-09-16T23:31:34.423889+00:00,kai-scheduler,admission-86666f457d-bh444,1.0,16777216
2026-09-16T23:31:34.423889+00:00,kai-scheduler,kai-operator-69b5d7bcf7-2mxdj,1.0,109051904
2026-09-16T23:31:34.423889+00:00,kai-scheduler,kai-scheduler-default-768f44b48c-cknk4,79.0,318767104
2026-09-16T23:31:34.423889+00:00,kai-scheduler,pod-grouper-65456f756-78scb,1.0,11534336
2026-09-16T23:31:34.423889+00:00,kai-scheduler,podgroup-controller-68f9cc8dbf-fdxdx,1.0,13631488
2026-09-16T23:31:34.423889+00:00,kai-scheduler,queue-controller-f86fcd76c-thqpj,1.0,12582912
2026-09-16T23:31:34.423889+00:00,kube-system,coredns-8db54c48d-rkl6z,3.0,62914560
2026-09-16T23:31:34.423889+00:00,kube-system,kwok-controller-5cf8c7c44b-688q7,118.0,101711872
2026-09-16T23:31:34.423889+00:00,kube-system,local-path-provisioner-5d9d9885bc-wxvl4,1.0,17825792
2026-09-16T23:31:34.423889+00:00,kube-system,metrics-server-75dc6f8d87-k68rp,39.0,314572800
2026-09-16T23:31:34.423889+00:00,kube-system,svclb-traefik-9eca1d7e-rh8j2,0.0,0
2026-09-16T23:31:34.423889+00:00,kube-system,traefik-9bcdbbd9-j58m7,3.0,281018368
2026-09-16T23:31:34.423889+00:00,pyroscope,pyroscope-0,6.0,190840832
2026-09-16T23:31:34.423889+00:00,pyroscope,pyroscope-alloy-0,97.0,584056832
2026-09-16T23:32:05.673739+00:00,grove-system,grove-operator-7dc7f7d44b-psqff,28.0,893386752
2026-09-16T23:32:05.673739+00:00,kai-scheduler,admission-86666f457d-bh444,1.0,16777216
2026-09-16T23:32:05.673739+00:00,kai-scheduler,kai-operator-69b5d7bcf7-2mxdj,2.0,108003328
2026-09-16T23:32:05.673739+00:00,kai-scheduler,kai-scheduler-default-768f44b48c-cknk4,82.0,331350016
2026-09-16T23:32:05.673739+00:00,kai-scheduler,pod-grouper-65456f756-78scb,1.0,11534336
2026-09-16T23:32:05.673739+00:00,kai-scheduler,podgroup-controller-68f9cc8dbf-fdxdx,1.0,13631488
2026-09-16T23:32:05.673739+00:00,kai-scheduler,queue-controller-f86fcd76c-thqpj,1.0,12582912
2026-09-16T23:32:05.673739+00:00,kube-system,coredns-8db54c48d-rkl6z,4.0,61865984
2026-09-16T23:32:05.673739+00:00,kube-system,kwok-controller-5cf8c7c44b-688q7,217.0,100663296
2026-09-16T23:32:05.673739+00:00,kube-system,local-path-provisioner-5d9d9885bc-wxvl4,1.0,17825792
2026-09-16T23:32:05.673739+00:00,kube-system,metrics-server-75dc6f8d87-k68rp,55.0,311427072
2026-09-16T23:32:05.673739+00:00,kube-system,svclb-traefik-9eca1d7e-rh8j2,0.0,0
2026-09-16T23:32:05.673739+00:00,kube-system,traefik-9bcdbbd9-j58m7,3.0,282066944
2026-09-16T23:32:05.673739+00:00,pyroscope,pyroscope-0,7.0,193986560
2026-09-16T23:32:05.673739+00:00,pyroscope,pyroscope-alloy-0,69.0,588251136
2026-09-16T23:32:36.929435+00:00,grove-system,grove-operator-7dc7f7d44b-psqff,18.0,892338176
2026-09-16T23:32:36.929435+00:00,kai-scheduler,admission-86666f457d-bh444,1.0,16777216
2026-09-16T23:32:36.929435+00:00,kai-scheduler,kai-operator-69b5d7bcf7-2mxdj,1.0,108003328
2026-09-16T23:32:36.929435+00:00,kai-scheduler,kai-scheduler-default-768f44b48c-cknk4,74.0,284164096
2026-09-16T23:32:36.929435+00:00,kai-scheduler,pod-grouper-65456f756-78scb,1.0,11534336
2026-09-16T23:32:36.929435+00:00,kai-scheduler,podgroup-controller-68f9cc8dbf-fdxdx,1.0,13631488
2026-09-16T23:32:36.929435+00:00,kai-scheduler,queue-controller-f86fcd76c-thqpj,1.0,12582912
2026-09-16T23:32:36.929435+00:00,kube-system,coredns-8db54c48d-rkl6z,3.0,60817408
2026-09-16T23:32:36.929435+00:00,kube-system,kwok-controller-5cf8c7c44b-688q7,125.0,101711872
2026-09-16T23:32:36.929435+00:00,kube-system,local-path-provisioner-5d9d9885bc-wxvl4,1.0,17825792
2026-09-16T23:32:36.929435+00:00,kube-system,metrics-server-75dc6f8d87-k68rp,54.0,300941312
2026-09-16T23:32:36.929435+00:00,kube-system,svclb-traefik-9eca1d7e-rh8j2,0.0,0
2026-09-16T23:32:36.929435+00:00,kube-system,traefik-9bcdbbd9-j58m7,3.0,275775488
2026-09-16T23:32:36.929435+00:00,pyroscope,pyroscope-0,7.0,196083712
2026-09-16T23:32:36.929435+00:00,pyroscope,pyroscope-alloy-0,84.0,569376768
2026-09-16T23:33:08.177493+00:00,grove-system,grove-operator-7dc7f7d44b-psqff,18.0,861929472
2026-09-16T23:33:08.177493+00:00,kai-scheduler,admission-86666f457d-bh444,1.0,16777216
2026-09-16T23:33:08.177493+00:00,kai-scheduler,binder-869fc94c7-rfgfb,17.0,173015040
2026-09-16T23:33:08.177493+00:00,kai-scheduler,kai-operator-69b5d7bcf7-2mxdj,1.0,108003328
2026-09-16T23:33:08.177493+00:00,kai-scheduler,kai-scheduler-default-768f44b48c-cknk4,68.0,341835776
2026-09-16T23:33:08.177493+00:00,kai-scheduler,pod-grouper-65456f756-78scb,1.0,11534336
2026-09-16T23:33:08.177493+00:00,kai-scheduler,podgroup-controller-68f9cc8dbf-fdxdx,1.0,13631488
2026-09-16T23:33:08.177493+00:00,kai-scheduler,queue-controller-f86fcd76c-thqpj,1.0,12582912
2026-09-16T23:33:08.177493+00:00,kube-system,coredns-8db54c48d-rkl6z,3.0,61865984
2026-09-16T23:33:08.177493+00:00,kube-system,kwok-controller-5cf8c7c44b-688q7,120.0,99614720
2026-09-16T23:33:08.177493+00:00,kube-system,local-path-provisioner-5d9d9885bc-wxvl4,1.0,17825792
2026-09-16T23:33:08.177493+00:00,kube-system,metrics-server-75dc6f8d87-k68rp,41.0,301989888
2026-09-16T23:33:08.177493+00:00,kube-system,svclb-traefik-9eca1d7e-rh8j2,0.0,0
2026-09-16T23:33:08.177493+00:00,kube-system,traefik-9bcdbbd9-j58m7,3.0,275775488
2026-09-16T23:33:08.177493+00:00,pyroscope,pyroscope-0,6.0,196083712
2026-09-16T23:33:08.177493+00:00,pyroscope,pyroscope-alloy-0,69.0,563085312
2026-09-16T23:33:39.432617+00:00,grove-system,grove-operator-7dc7f7d44b-psqff,18.0,867172352
2026-09-16T23:33:39.432617+00:00,kai-scheduler,admission-86666f457d-bh444,1.0,16777216
2026-09-16T23:33:39.432617+00:00,kai-scheduler,binder-869fc94c7-rfgfb,19.0,193986560
2026-09-16T23:33:39.432617+00:00,kai-scheduler,kai-operator-69b5d7bcf7-2mxdj,1.0,108003328
2026-09-16T23:33:39.432617+00:00,kai-scheduler,kai-scheduler-default-768f44b48c-cknk4,67.0,317718528
2026-09-16T23:33:39.432617+00:00,kai-scheduler,pod-grouper-65456f756-78scb,1.0,11534336
2026-09-16T23:33:39.432617+00:00,kai-scheduler,podgroup-controller-68f9cc8dbf-fdxdx,1.0,13631488
2026-09-16T23:33:39.432617+00:00,kai-scheduler,queue-controller-f86fcd76c-thqpj,1.0,12582912
2026-09-16T23:33:39.432617+00:00,kube-system,coredns-8db54c48d-rkl6z,3.0,60817408
2026-09-16T23:33:39.432617+00:00,kube-system,kwok-controller-5cf8c7c44b-688q7,119.0,100663296
2026-09-16T23:33:39.432617+00:00,kube-system,local-path-provisioner-5d9d9885bc-wxvl4,1.0,17825792
2026-09-16T23:33:39.432617+00:00,kube-system,metrics-server-75dc6f8d87-k68rp,49.0,299892736
2026-09-16T23:33:39.432617+00:00,kube-system,svclb-traefik-9eca1d7e-rh8j2,0.0,0
2026-09-16T23:33:39.432617+00:00,kube-system,traefik-9bcdbbd9-j58m7,3.0,275775488
2026-09-16T23:33:39.432617+00:00,pyroscope,pyroscope-0,5.0,196083712
2026-09-16T23:33:39.432617+00:00,pyroscope,pyroscope-alloy-0,60.0,554696704
2026-09-16T23:34:10.681429+00:00,grove-system,grove-operator-7dc7f7d44b-psqff,18.0,842006528
2026-09-16T23:34:10.681429+00:00,kai-scheduler,admission-86666f457d-bh444,1.0,16777216
2026-09-16T23:34:10.681429+00:00,kai-scheduler,binder-869fc94c7-rfgfb,21.0,205520896
2026-09-16T23:34:10.681429+00:00,kai-scheduler,kai-operator-69b5d7bcf7-2mxdj,1.0,108003328
2026-09-16T23:34:10.681429+00:00,kai-scheduler,kai-scheduler-default-768f44b48c-cknk4,60.0,319815680
2026-09-16T23:34:10.681429+00:00,kai-scheduler,pod-grouper-65456f756-78scb,1.0,11534336
2026-09-16T23:34:10.681429+00:00,kai-scheduler,podgroup-controller-68f9cc8dbf-fdxdx,1.0,13631488
2026-09-16T23:34:10.681429+00:00,kai-scheduler,queue-controller-f86fcd76c-thqpj,1.0,12582912
2026-09-16T23:34:10.681429+00:00,kube-system,coredns-8db54c48d-rkl6z,4.0,60817408
2026-09-16T23:34:10.681429+00:00,kube-system,kwok-controller-5cf8c7c44b-688q7,115.0,100663296
2026-09-16T23:34:10.681429+00:00,kube-system,local-path-provisioner-5d9d9885bc-wxvl4,1.0,17825792
2026-09-16T23:34:10.681429+00:00,kube-system,metrics-server-75dc6f8d87-k68rp,38.0,298844160
2026-09-16T23:34:10.681429+00:00,kube-system,svclb-traefik-9eca1d7e-rh8j2,0.0,0
2026-09-16T23:34:10.681429+00:00,kube-system,traefik-9bcdbbd9-j58m7,6.0,270532608
2026-09-16T23:34:10.681429+00:00,pyroscope,pyroscope-0,7.0,191889408
2026-09-16T23:34:10.681429+00:00,pyroscope,pyroscope-alloy-0,66.0,562036736
2026-09-16T23:34:41.933716+00:00,grove-system,grove-operator-7dc7f7d44b-psqff,26.0,837812224
2026-09-16T23:34:41.933716+00:00,kai-scheduler,admission-86666f457d-bh444,1.0,16777216
2026-09-16T23:34:41.933716+00:00,kai-scheduler,binder-869fc94c7-rfgfb,21.0,193986560
2026-09-16T23:34:41.933716+00:00,kai-scheduler,kai-operator-69b5d7bcf7-2mxdj,1.0,108003328
2026-09-16T23:34:41.933716+00:00,kai-scheduler,kai-scheduler-default-768f44b48c-cknk4,58.0,277872640
2026-09-16T23:34:41.933716+00:00,kai-scheduler,pod-grouper-65456f756-78scb,1.0,11534336
2026-09-16T23:34:41.933716+00:00,kai-scheduler,podgroup-controller-68f9cc8dbf-fdxdx,1.0,13631488
2026-09-16T23:34:41.933716+00:00,kai-scheduler,queue-controller-f86fcd76c-thqpj,1.0,12582912
2026-09-16T23:34:41.933716+00:00,kube-system,coredns-8db54c48d-rkl6z,4.0,57671680
2026-09-16T23:34:41.933716+00:00,kube-system,kwok-controller-5cf8c7c44b-688q7,118.0,99614720
2026-09-16T23:34:41.933716+00:00,kube-system,local-path-provisioner-5d9d9885bc-wxvl4,1.0,17825792
2026-09-16T23:34:41.933716+00:00,kube-system,metrics-server-75dc6f8d87-k68rp,37.0,295698432
2026-09-16T23:34:41.933716+00:00,kube-system,svclb-traefik-9eca1d7e-rh8j2,0.0,0
2026-09-16T23:34:41.933716+00:00,kube-system,traefik-9bcdbbd9-j58m7,3.0,271581184
2026-09-16T23:34:41.933716+00:00,pyroscope,pyroscope-0,6.0,196083712
2026-09-16T23:34:41.933716+00:00,pyroscope,pyroscope-alloy-0,57.0,541065216
2026-09-16T23:35:13.182854+00:00,grove-system,grove-operator-7dc7f7d44b-psqff,26.0,835715072
2026-09-16T23:35:13.182854+00:00,kai-scheduler,admission-86666f457d-bh444,1.0,16777216
2026-09-16T23:35:13.182854+00:00,kai-scheduler,binder-869fc94c7-rfgfb,21.0,189792256
2026-09-16T23:35:13.182854+00:00,kai-scheduler,kai-operator-69b5d7bcf7-2mxdj,1.0,108003328
2026-09-16T23:35:13.182854+00:00,kai-scheduler,kai-scheduler-default-768f44b48c-cknk4,52.0,278921216
2026-09-16T23:35:13.182854+00:00,kai-scheduler,pod-grouper-65456f756-78scb,1.0,11534336
2026-09-16T23:35:13.182854+00:00,kai-scheduler,podgroup-controller-68f9cc8dbf-fdxdx,1.0,13631488
2026-09-16T23:35:13.182854+00:00,kai-scheduler,queue-controller-f86fcd76c-thqpj,1.0,12582912
2026-09-16T23:35:13.182854+00:00,kube-system,coredns-8db54c48d-rkl6z,3.0,53477376
2026-09-16T23:35:13.182854+00:00,kube-system,kwok-controller-5cf8c7c44b-688q7,116.0,98566144
2026-09-16T23:35:13.182854+00:00,kube-system,local-path-provisioner-5d9d9885bc-wxvl4,1.0,17825792
2026-09-16T23:35:13.182854+00:00,kube-system,metrics-server-75dc6f8d87-k68rp,63.0,292552704
2026-09-16T23:35:13.182854+00:00,kube-system,svclb-traefik-9eca1d7e-rh8j2,0.0,0
2026-09-16T23:35:13.182854+00:00,kube-system,traefik-9bcdbbd9-j58m7,3.0,271581184
2026-09-16T23:35:13.182854+00:00,pyroscope,pyroscope-0,6.0,195035136
2026-09-16T23:35:13.182854+00:00,pyroscope,pyroscope-alloy-0,64.0,545259520
2026-09-16T23:35:44.439175+00:00,grove-system,grove-operator-7dc7f7d44b-psqff,19.0,837812224
2026-09-16T23:35:44.439175+00:00,kai-scheduler,admission-86666f457d-bh444,1.0,16777216
2026-09-16T23:35:44.439175+00:00,kai-scheduler,binder-869fc94c7-rfgfb,21.0,189792256
2026-09-16T23:35:44.439175+00:00,kai-scheduler,kai-operator-69b5d7bcf7-2mxdj,1.0,108003328
2026-09-16T23:35:44.439175+00:00,kai-scheduler,kai-scheduler-default-768f44b48c-cknk4,55.0,264241152
2026-09-16T23:35:44.439175+00:00,kai-scheduler,pod-grouper-65456f756-78scb,1.0,11534336
2026-09-16T23:35:44.439175+00:00,kai-scheduler,podgroup-controller-68f9cc8dbf-fdxdx,1.0,13631488
2026-09-16T23:35:44.439175+00:00,kai-scheduler,queue-controller-f86fcd76c-thqpj,1.0,12582912
2026-09-16T23:35:44.439175+00:00,kube-system,coredns-8db54c48d-rkl6z,4.0,53477376
2026-09-16T23:35:44.439175+00:00,kube-system,kwok-controller-5cf8c7c44b-688q7,114.0,89128960
2026-09-16T23:35:44.439175+00:00,kube-system,local-path-provisioner-5d9d9885bc-wxvl4,1.0,17825792
2026-09-16T23:35:44.439175+00:00,kube-system,metrics-server-75dc6f8d87-k68rp,41.0,291504128
2026-09-16T23:35:44.439175+00:00,kube-system,svclb-traefik-9eca1d7e-rh8j2,0.0,0
2026-09-16T23:35:44.439175+00:00,kube-system,traefik-9bcdbbd9-j58m7,3.0,270532608
2026-09-16T23:35:44.439175+00:00,pyroscope,pyroscope-0,6.0,196083712
2026-09-16T23:35:44.439175+00:00,pyroscope,pyroscope-alloy-0,56.0,529530880
2026-09-16T23:36:15.692464+00:00,grove-system,grove-operator-7dc7f7d44b-psqff,19.0,821035008
2026-09-16T23:36:15.692464+00:00,kai-scheduler,admission-86666f457d-bh444,1.0,16777216
2026-09-16T23:36:15.692464+00:00,kai-scheduler,binder-869fc94c7-rfgfb,21.0,186646528
2026-09-16T23:36:15.692464+00:00,kai-scheduler,kai-operator-69b5d7bcf7-2mxdj,1.0,106954752
2026-09-16T23:36:15.692464+00:00,kai-scheduler,kai-scheduler-default-768f44b48c-cknk4,51.0,256901120
2026-09-16T23:36:15.692464+00:00,kai-scheduler,pod-grouper-65456f756-78scb,1.0,11534336
2026-09-16T23:36:15.692464+00:00,kai-scheduler,podgroup-controller-68f9cc8dbf-fdxdx,1.0,13631488
2026-09-16T23:36:15.692464+00:00,kai-scheduler,queue-controller-f86fcd76c-thqpj,1.0,12582912
2026-09-16T23:36:15.692464+00:00,kube-system,coredns-8db54c48d-rkl6z,4.0,54525952
2026-09-16T23:36:15.692464+00:00,kube-system,kwok-controller-5cf8c7c44b-688q7,112.0,92274688
2026-09-16T23:36:15.692464+00:00,kube-system,local-path-provisioner-5d9d9885bc-wxvl4,1.0,17825792
2026-09-16T23:36:15.692464+00:00,kube-system,metrics-server-75dc6f8d87-k68rp,42.0,287309824
2026-09-16T23:36:15.692464+00:00,kube-system,svclb-traefik-9eca1d7e-rh8j2,0.0,0
2026-09-16T23:36:15.692464+00:00,kube-system,traefik-9bcdbbd9-j58m7,3.0,271581184
2026-09-16T23:36:15.692464+00:00,pyroscope,pyroscope-0,6.0,196083712
2026-09-16T23:36:15.692464+00:00,pyroscope,pyroscope-alloy-0,55.0,512753664
2026-09-16T23:36:46.945673+00:00,grove-system,grove-operator-7dc7f7d44b-psqff,31.0,806354944
2026-09-16T23:36:46.945673+00:00,kai-scheduler,admission-86666f457d-bh444,1.0,16777216
2026-09-16T23:36:46.945673+00:00,kai-scheduler,binder-869fc94c7-rfgfb,23.0,189792256
2026-09-16T23:36:46.945673+00:00,kai-scheduler,kai-operator-69b5d7bcf7-2mxdj,1.0,106954752
2026-09-16T23:36:46.945673+00:00,kai-scheduler,kai-scheduler-default-768f44b48c-cknk4,46.0,241172480
2026-09-16T23:36:46.945673+00:00,kai-scheduler,pod-grouper-65456f756-78scb,1.0,11534336
2026-09-16T23:36:46.945673+00:00,kai-scheduler,podgroup-controller-68f9cc8dbf-fdxdx,1.0,13631488
2026-09-16T23:36:46.945673+00:00,kai-scheduler,queue-controller-f86fcd76c-thqpj,1.0,12582912
2026-09-16T23:36:46.945673+00:00,kube-system,coredns-8db54c48d-rkl6z,4.0,54525952
2026-09-16T23:36:46.945673+00:00,kube-system,kwok-controller-5cf8c7c44b-688q7,117.0,92274688
2026-09-16T23:36:46.945673+00:00,kube-system,local-path-provisioner-5d9d9885bc-wxvl4,1.0,17825792
2026-09-16T23:36:46.945673+00:00,kube-system,metrics-server-75dc6f8d87-k68rp,44.0,283115520
2026-09-16T23:36:46.945673+00:00,kube-system,svclb-traefik-9eca1d7e-rh8j2,0.0,0
2026-09-16T23:36:46.945673+00:00,kube-system,traefik-9bcdbbd9-j58m7,3.0,261095424
2026-09-16T23:36:46.945673+00:00,pyroscope,pyroscope-0,6.0,195035136
2026-09-16T23:36:46.945673+00:00,pyroscope,pyroscope-alloy-0,45.0,514850816
2026-09-16T23:37:18.203206+00:00,grove-system,grove-operator-7dc7f7d44b-psqff,29.0,779091968
2026-09-16T23:37:18.203206+00:00,kai-scheduler,admission-86666f457d-bh444,1.0,16777216
2026-09-16T23:37:18.203206+00:00,kai-scheduler,binder-869fc94c7-rfgfb,22.0,186646528
2026-09-16T23:37:18.203206+00:00,kai-scheduler,kai-operator-69b5d7bcf7-2mxdj,1.0,106954752
2026-09-16T23:37:18.203206+00:00,kai-scheduler,kai-scheduler-default-768f44b48c-cknk4,42.0,238026752
2026-09-16T23:37:18.203206+00:00,kai-scheduler,pod-grouper-65456f756-78scb,1.0,11534336
2026-09-16T23:37:18.203206+00:00,kai-scheduler,podgroup-controller-68f9cc8dbf-fdxdx,1.0,13631488
2026-09-16T23:37:18.203206+00:00,kai-scheduler,queue-controller-f86fcd76c-thqpj,1.0,12582912
2026-09-16T23:37:18.203206+00:00,kube-system,coredns-8db54c48d-rkl6z,3.0,53477376
2026-09-16T23:37:18.203206+00:00,kube-system,kwok-controller-5cf8c7c44b-688q7,113.0,91226112
2026-09-16T23:37:18.203206+00:00,kube-system,local-path-provisioner-5d9d9885bc-wxvl4,1.0,17825792
2026-09-16T23:37:18.203206+00:00,kube-system,metrics-server-75dc6f8d87-k68rp,44.0,282066944
2026-09-16T23:37:18.203206+00:00,kube-system,svclb-traefik-9eca1d7e-rh8j2,0.0,0
2026-09-16T23:37:18.203206+00:00,kube-system,traefik-9bcdbbd9-j58m7,3.0,262144000
2026-09-16T23:37:18.203206+00:00,pyroscope,pyroscope-0,6.0,171966464
2026-09-16T23:37:18.203206+00:00,pyroscope,pyroscope-alloy-0,39.0,487587840
2026-09-16T23:37:49.453521+00:00,grove-system,grove-operator-7dc7f7d44b-psqff,18.0,782237696
2026-09-16T23:37:49.453521+00:00,kai-scheduler,admission-86666f457d-bh444,1.0,16777216
2026-09-16T23:37:49.453521+00:00,kai-scheduler,binder-869fc94c7-rfgfb,21.0,188743680
2026-09-16T23:37:49.453521+00:00,kai-scheduler,kai-operator-69b5d7bcf7-2mxdj,1.0,106954752
2026-09-16T23:37:49.453521+00:00,kai-scheduler,kai-scheduler-default-768f44b48c-cknk4,40.0,236978176
2026-09-16T23:37:49.453521+00:00,kai-scheduler,pod-grouper-65456f756-78scb,1.0,11534336
2026-09-16T23:37:49.453521+00:00,kai-scheduler,podgroup-controller-68f9cc8dbf-fdxdx,1.0,13631488
2026-09-16T23:37:49.453521+00:00,kai-scheduler,queue-controller-f86fcd76c-thqpj,1.0,12582912
2026-09-16T23:37:49.453521+00:00,kube-system,coredns-8db54c48d-rkl6z,3.0,53477376
2026-09-16T23:37:49.453521+00:00,kube-system,kwok-controller-5cf8c7c44b-688q7,116.0,90177536
2026-09-16T23:37:49.453521+00:00,kube-system,local-path-provisioner-5d9d9885bc-wxvl4,1.0,17825792
2026-09-16T23:37:49.453521+00:00,kube-system,metrics-server-75dc6f8d87-k68rp,37.0,277872640
2026-09-16T23:37:49.453521+00:00,kube-system,svclb-traefik-9eca1d7e-rh8j2,0.0,0
2026-09-16T23:37:49.453521+00:00,kube-system,traefik-9bcdbbd9-j58m7,3.0,262144000
2026-09-16T23:37:49.453521+00:00,pyroscope,pyroscope-0,6.0,175112192
2026-09-16T23:37:49.453521+00:00,pyroscope,pyroscope-alloy-0,41.0,477102080
2026-09-16T23:38:20.712870+00:00,grove-system,grove-operator-7dc7f7d44b-psqff,28.0,741343232
2026-09-16T23:38:20.712870+00:00,kai-scheduler,admission-86666f457d-bh444,1.0,16777216
2026-09-16T23:38:20.712870+00:00,kai-scheduler,binder-869fc94c7-rfgfb,23.0,188743680
2026-09-16T23:38:20.712870+00:00,kai-scheduler,kai-operator-69b5d7bcf7-2mxdj,1.0,106954752
2026-09-16T23:38:20.712870+00:00,kai-scheduler,kai-scheduler-default-768f44b48c-cknk4,38.0,231735296
2026-09-16T23:38:20.712870+00:00,kai-scheduler,pod-grouper-65456f756-78scb,1.0,11534336
2026-09-16T23:38:20.712870+00:00,kai-scheduler,podgroup-controller-68f9cc8dbf-fdxdx,1.0,13631488
2026-09-16T23:38:20.712870+00:00,kai-scheduler,queue-controller-f86fcd76c-thqpj,1.0,12582912
2026-09-16T23:38:20.712870+00:00,kube-system,coredns-8db54c48d-rkl6z,4.0,53477376
2026-09-16T23:38:20.712870+00:00,kube-system,kwok-controller-5cf8c7c44b-688q7,112.0,91226112
2026-09-16T23:38:20.712870+00:00,kube-system,local-path-provisioner-5d9d9885bc-wxvl4,1.0,17825792
2026-09-16T23:38:20.712870+00:00,kube-system,metrics-server-75dc6f8d87-k68rp,54.0,272629760
2026-09-16T23:38:20.712870+00:00,kube-system,svclb-traefik-9eca1d7e-rh8j2,0.0,0
2026-09-16T23:38:20.712870+00:00,kube-system,traefik-9bcdbbd9-j58m7,4.0,262144000
2026-09-16T23:38:20.712870+00:00,pyroscope,pyroscope-0,6.0,176160768
2026-09-16T23:38:20.712870+00:00,pyroscope,pyroscope-alloy-0,30.0,480247808
2026-09-16T23:38:51.963069+00:00,grove-system,grove-operator-7dc7f7d44b-psqff,26.0,709885952
2026-09-16T23:38:51.963069+00:00,kai-scheduler,admission-86666f457d-bh444,1.0,16777216
2026-09-16T23:38:51.963069+00:00,kai-scheduler,binder-869fc94c7-rfgfb,20.0,188743680
2026-09-16T23:38:51.963069+00:00,kai-scheduler,kai-operator-69b5d7bcf7-2mxdj,1.0,106954752
2026-09-16T23:38:51.963069+00:00,kai-scheduler,kai-scheduler-default-768f44b48c-cknk4,32.0,227540992
2026-09-16T23:38:51.963069+00:00,kai-scheduler,pod-grouper-65456f756-78scb,1.0,11534336
2026-09-16T23:38:51.963069+00:00,kai-scheduler,podgroup-controller-68f9cc8dbf-fdxdx,1.0,13631488
2026-09-16T23:38:51.963069+00:00,kai-scheduler,queue-controller-f86fcd76c-thqpj,1.0,12582912
2026-09-16T23:38:51.963069+00:00,kube-system,coredns-8db54c48d-rkl6z,4.0,53477376
2026-09-16T23:38:51.963069+00:00,kube-system,kwok-controller-5cf8c7c44b-688q7,111.0,92274688
2026-09-16T23:38:51.963069+00:00,kube-system,local-path-provisioner-5d9d9885bc-wxvl4,1.0,17825792
2026-09-16T23:38:51.963069+00:00,kube-system,metrics-server-75dc6f8d87-k68rp,49.0,272629760
2026-09-16T23:38:51.963069+00:00,kube-system,svclb-traefik-9eca1d7e-rh8j2,0.0,0
2026-09-16T23:38:51.963069+00:00,kube-system,traefik-9bcdbbd9-j58m7,3.0,250609664
2026-09-16T23:38:51.963069+00:00,pyroscope,pyroscope-0,6.0,180355072
2026-09-16T23:38:51.963069+00:00,pyroscope,pyroscope-alloy-0,31.0,454033408
2026-09-16T23:39:23.218813+00:00,grove-system,grove-operator-7dc7f7d44b-psqff,24.0,701497344
2026-09-16T23:39:23.218813+00:00,kai-scheduler,admission-86666f457d-bh444,1.0,16777216
2026-09-16T23:39:23.218813+00:00,kai-scheduler,binder-869fc94c7-rfgfb,21.0,187695104
2026-09-16T23:39:23.218813+00:00,kai-scheduler,kai-operator-69b5d7bcf7-2mxdj,1.0,106954752
2026-09-16T23:39:23.218813+00:00,kai-scheduler,kai-scheduler-default-768f44b48c-cknk4,30.0,228589568
2026-09-16T23:39:23.218813+00:00,kai-scheduler,pod-grouper-65456f756-78scb,1.0,11534336
2026-09-16T23:39:23.218813+00:00,kai-scheduler,podgroup-controller-68f9cc8dbf-fdxdx,1.0,13631488
2026-09-16T23:39:23.218813+00:00,kai-scheduler,queue-controller-f86fcd76c-thqpj,1.0,12582912
2026-09-16T23:39:23.218813+00:00,kube-system,coredns-8db54c48d-rkl6z,3.0,54525952
2026-09-16T23:39:23.218813+00:00,kube-system,kwok-controller-5cf8c7c44b-688q7,110.0,91226112
2026-09-16T23:39:23.218813+00:00,kube-system,local-path-provisioner-5d9d9885bc-wxvl4,1.0,17825792
2026-09-16T23:39:23.218813+00:00,kube-system,metrics-server-75dc6f8d87-k68rp,36.0,272629760
2026-09-16T23:39:23.218813+00:00,kube-system,svclb-traefik-9eca1d7e-rh8j2,0.0,0
2026-09-16T23:39:23.218813+00:00,kube-system,traefik-9bcdbbd9-j58m7,3.0,249561088
2026-09-16T23:39:23.218813+00:00,pyroscope,pyroscope-0,7.0,181403648
2026-09-16T23:39:23.218813+00:00,pyroscope,pyroscope-alloy-0,30.0,441450496
