timestamp,namespace,pod,cpu_millicores,mem_bytes
2026-09-16T15:08:11.464887+00:00,grove-system,grove-operator-8699948cbc-xt2md,3.0,33554432
2026-09-16T15:08:11.464887+00:00,kai-scheduler,admission-86666f457d-r9cxh,1.0,15728640
2026-09-16T15:08:11.464887+00:00,kai-scheduler,binder-869fc94c7-m8hpb,10.0,44040192
2026-09-16T15:08:11.464887+00:00,kai-scheduler,kai-operator-69b5d7bcf7-8thjd,10.0,80740352
2026-09-16T15:08:11.464887+00:00,kai-scheduler,kai-scheduler-default-7f5cd888f7-8z992,16.0,95420416
2026-09-16T15:08:11.464887+00:00,kai-scheduler,pod-grouper-65456f756-48wb4,1.0,11534336
2026-09-16T15:08:11.464887+00:00,kai-scheduler,podgroup-controller-68f9cc8dbf-bh56d,1.0,13631488
2026-09-16T15:08:11.464887+00:00,kai-scheduler,queue-controller-f86fcd76c-bgngw,1.0,13631488
2026-09-16T15:08:11.464887+00:00,kube-system,coredns-8db54c48d-npfv9,2.0,20971520
2026-09-16T15:08:11.464887+00:00,kube-system,kwok-controller-5cf8c7c44b-n4shp,85.0,53477376
2026-09-16T15:08:11.464887+00:00,kube-system,local-path-provisioner-5d9d9885bc-f52z9,1.0,11534336
2026-09-16T15:08:11.464887+00:00,kube-system,metrics-server-786d997795-77k5x,38.0,136314880
2026-09-16T15:08:11.464887+00:00,kube-system,svclb-traefik-06832e5e-5x4tg,0.0,0
2026-09-16T15:08:11.464887+00:00,kube-system,traefik-9bcdbbd9-8sd5b,13.0,70254592
2026-09-16T15:08:11.464887+00:00,pyroscope,pyroscope-0,3.0,38797312
2026-09-16T15:08:11.464887+00:00,pyroscope,pyroscope-alloy-0,5.0,82837504
2026-09-16T15:08:42.726252+00:00,grove-system,grove-operator-8699948cbc-xt2md,2.0,34603008
2026-09-16T15:08:42.726252+00:00,kai-scheduler,admission-86666f457d-r9cxh,1.0,15728640
2026-09-16T15:08:42.726252+00:00,kai-scheduler,binder-869fc94c7-m8hpb,22.0,47185920
2026-09-16T15:08:42.726252+00:00,kai-scheduler,kai-operator-69b5d7bcf7-8thjd,10.0,82837504
2026-09-16T15:08:42.726252+00:00,kai-scheduler,kai-scheduler-default-7f5cd888f7-8z992,32.0,96468992
2026-09-16T15:08:42.726252+00:00,kai-scheduler,pod-grouper-65456f756-48wb4,1.0,11534336
2026-09-16T15:08:42.726252+00:00,kai-scheduler,podgroup-controller-68f9cc8dbf-bh56d,1.0,13631488
2026-09-16T15:08:42.726252+00:00,kai-scheduler,queue-controller-f86fcd76c-bgngw,1.0,13631488
2026-09-16T15:08:42.726252+00:00,kube-system,coredns-8db54c48d-npfv9,2.0,20971520
2026-09-16T15:08:42.726252+00:00,kube-system,kwok-controller-5cf8c7c44b-n4shp,60.0,53477376
2026-09-16T15:08:42.726252+00:00,kube-system,local-path-provisioner-5d9d9885bc-f52z9,1.0,13631488
2026-09-16T15:08:42.726252+00:00,kube-system,metrics-server-75dc6f8d87-gjbrb,101.0,74448896
2026-09-16T15:08:42.726252+00:00,kube-system,metrics-server-786d997795-77k5x,39.0,139460608
2026-09-16T15:08:42.726252+00:00,kube-system,svclb-traefik-06832e5e-5x4tg,0.0,0
2026-09-16T15:08:42.726252+00:00,kube-system,traefik-9bcdbbd9-8sd5b,29.0,77594624
2026-09-16T15:08:42.726252+00:00,pyroscope,pyroscope-0,5.0,39845888
2026-09-16T15:08:42.726252+00:00,pyroscope,pyroscope-alloy-0,7.0,89128960
2026-09-16T15:09:13.970936+00:00,grove-system,grove-operator-8699948cbc-xt2md,3.0,36700160
2026-09-16T15:09:13.970936+00:00,kai-scheduler,admission-86666f457d-r9cxh,1.0,15728640
2026-09-16T15:09:13.970936+00:00,kai-scheduler,binder-869fc94c7-m8hpb,34.0,49283072
2026-09-16T15:09:13.970936+00:00,kai-scheduler,kai-operator-69b5d7bcf7-8thjd,40.0,85983232
2026-09-16T15:09:13.970936+00:00,kai-scheduler,kai-scheduler-default-7f5cd888f7-8z992,43.0,97517568
2026-09-16T15:09:13.970936+00:00,kai-scheduler,pod-grouper-65456f756-48wb4,1.0,11534336
2026-09-16T15:09:13.970936+00:00,kai-scheduler,podgroup-controller-68f9cc8dbf-bh56d,1.0,13631488
2026-09-16T15:09:13.970936+00:00,kai-scheduler,queue-controller-f86fcd76c-bgngw,1.0,13631488
2026-09-16T15:09:13.970936+00:00,kube-system,coredns-8db54c48d-npfv9,2.0,22020096
2026-09-16T15:09:13.970936+00:00,kube-system,kwok-controller-5cf8c7c44b-n4shp,88.0,54525952
2026-09-16T15:09:13.970936+00:00,kube-system,local-path-provisioner-5d9d9885bc-f52z9,1.0,13631488
2026-09-16T15:09:13.970936+00:00,kube-system,metrics-server-75dc6f8d87-gjbrb,51.0,119537664
2026-09-16T15:09:13.970936+00:00,kube-system,svclb-traefik-06832e5e-5x4tg,0.0,0
2026-09-16T15:09:13.970936+00:00,kube-system,traefik-9bcdbbd9-8sd5b,35.0,76546048
2026-09-16T15:09:13.970936+00:00,pyroscope,pyroscope-0,6.0,50331648
2026-09-16T15:09:13.970936+00:00,pyroscope,pyroscope-alloy-0,5.0,91226112
2026-09-16T15:09:45.229202+00:00,grove-system,grove-operator-8699948cbc-xt2md,3.0,50331648
2026-09-16T15:09:45.229202+00:00,kai-scheduler,admission-86666f457d-r9cxh,1.0,15728640
2026-09-16T15:09:45.229202+00:00,kai-scheduler,binder-869fc94c7-m8hpb,33.0,49283072
2026-09-16T15:09:45.229202+00:00,kai-scheduler,kai-operator-69b5d7bcf7-8thjd,37.0,87031808
2026-09-16T15:09:45.229202+00:00,kai-scheduler,kai-scheduler-default-7f5cd888f7-8z992,41.0,99614720
2026-09-16T15:09:45.229202+00:00,kai-scheduler,pod-grouper-65456f756-48wb4,1.0,11534336
2026-09-16T15:09:45.229202+00:00,kai-scheduler,podgroup-controller-68f9cc8dbf-bh56d,1.0,13631488
2026-09-16T15:09:45.229202+00:00,kai-scheduler,queue-controller-f86fcd76c-bgngw,1.0,13631488
2026-09-16T15:09:45.229202+00:00,kube-system,coredns-8db54c48d-npfv9,2.0,20971520
2026-09-16T15:09:45.229202+00:00,kube-system,kwok-controller-5cf8c7c44b-n4shp,107.0,52428800
2026-09-16T15:09:45.229202+00:00,kube-system,local-path-provisioner-5d9d9885bc-f52z9,1.0,13631488
2026-09-16T15:09:45.229202+00:00,kube-system,metrics-server-75dc6f8d87-gjbrb,61.0,138412032
2026-09-16T15:09:45.229202+00:00,kube-system,svclb-traefik-06832e5e-5x4tg,0.0,0
2026-09-16T15:09:45.229202+00:00,kube-system,traefik-9bcdbbd9-8sd5b,50.0,76546048
2026-09-16T15:09:45.229202+00:00,pyroscope,pyroscope-0,5.0,65011712
2026-09-16T15:09:45.229202+00:00,pyroscope,pyroscope-alloy-0,4.0,90177536
2026-09-16T15:10:16.475429+00:00,grove-system,grove-operator-8699948cbc-xt2md,2.0,52428800
2026-09-16T15:10:16.475429+00:00,kai-scheduler,admission-86666f457d-r9cxh,1.0,15728640
2026-09-16T15:10:16.475429+00:00,kai-scheduler,binder-869fc94c7-m8hpb,32.0,49283072
2026-09-16T15:10:16.475429+00:00,kai-scheduler,kai-operator-69b5d7bcf7-8thjd,35.0,87031808
2026-09-16T15:10:16.475429+00:00,kai-scheduler,kai-scheduler-default-7f5cd888f7-8z992,39.0,99614720
2026-09-16T15:10:16.475429+00:00,kai-scheduler,pod-grouper-65456f756-48wb4,1.0,11534336
2026-09-16T15:10:16.475429+00:00,kai-scheduler,podgroup-controller-68f9cc8dbf-bh56d,1.0,13631488
2026-09-16T15:10:16.475429+00:00,kai-scheduler,queue-controller-f86fcd76c-bgngw,1.0,13631488
2026-09-16T15:10:16.475429+00:00,kube-system,coredns-8db54c48d-npfv9,2.0,23068672
2026-09-16T15:10:16.475429+00:00,kube-system,kwok-controller-5cf8c7c44b-n4shp,128.0,53477376
2026-09-16T15:10:16.475429+00:00,kube-system,local-path-provisioner-5d9d9885bc-f52z9,1.0,13631488
2026-09-16T15:10:16.475429+00:00,kube-system,metrics-server-75dc6f8d87-gjbrb,49.0,140509184
2026-09-16T15:10:16.475429+00:00,kube-system,svclb-traefik-06832e5e-5x4tg,0.0,0
2026-09-16T15:10:16.475429+00:00,kube-system,traefik-9bcdbbd9-8sd5b,51.0,75497472
2026-09-16T15:10:16.475429+00:00,pyroscope,pyroscope-0,5.0,55574528
2026-09-16T15:10:16.475429+00:00,pyroscope,pyroscope-alloy-0,3.0,90177536
2026-09-16T15:10:47.723349+00:00,grove-system,grove-operator-8699948cbc-xt2md,563.0,136314880
2026-09-16T15:10:47.723349+00:00,kai-scheduler,admission-86666f457d-r9cxh,1.0,15728640
2026-09-16T15:10:47.723349+00:00,kai-scheduler,binder-869fc94c7-m8hpb,38.0,79691776
2026-09-16T15:10:47.723349+00:00,kai-scheduler,kai-operator-69b5d7bcf7-8thjd,17.0,85983232
2026-09-16T15:10:47.723349+00:00,kai-scheduler,kai-scheduler-default-7f5cd888f7-8z992,49.0,113246208
2026-09-16T15:10:47.723349+00:00,kai-scheduler,pod-grouper-65456f756-48wb4,1.0,11534336
2026-09-16T15:10:47.723349+00:00,kai-scheduler,podgroup-controller-68f9cc8dbf-bh56d,1.0,13631488
2026-09-16T15:10:47.723349+00:00,kai-scheduler,queue-controller-f86fcd76c-bgngw,1.0,13631488
2026-09-16T15:10:47.723349+00:00,kube-system,coredns-8db54c48d-npfv9,2.0,23068672
2026-09-16T15:10:47.723349+00:00,kube-system,kwok-controller-5cf8c7c44b-n4shp,80.0,51380224
2026-09-16T15:10:47.723349+00:00,kube-system,local-path-provisioner-5d9d9885bc-f52z9,1.0,13631488
2026-09-16T15:10:47.723349+00:00,kube-system,metrics-server-75dc6f8d87-gjbrb,44.0,140509184
2026-09-16T15:10:47.723349+00:00,kube-system,svclb-traefik-06832e5e-5x4tg,0.0,0
2026-09-16T15:10:47.723349+00:00,kube-system,traefik-9bcdbbd9-8sd5b,14.0,75497472
2026-09-16T15:10:47.723349+00:00,pyroscope,pyroscope-0,6.0,63963136
2026-09-16T15:10:47.723349+00:00,pyroscope,pyroscope-alloy-0,22.0,95420416
2026-09-16T15:11:18.980410+00:00,grove-system,grove-operator-8699948cbc-xt2md,632.0,297795584
2026-09-16T15:11:18.980410+00:00,kai-scheduler,admission-86666f457d-r9cxh,1.0,15728640
2026-09-16T15:11:18.980410+00:00,kai-scheduler,binder-869fc94c7-m8hpb,87.0,112197632
2026-09-16T15:11:18.980410+00:00,kai-scheduler,kai-operator-69b5d7bcf7-8thjd,12.0,85983232
2026-09-16T15:11:18.980410+00:00,kai-scheduler,kai-scheduler-default-7f5cd888f7-8z992,81.0,186646528
2026-09-16T15:11:18.980410+00:00,kai-scheduler,pod-grouper-65456f756-48wb4,1.0,11534336
2026-09-16T15:11:18.980410+00:00,kai-scheduler,podgroup-controller-68f9cc8dbf-bh56d,1.0,13631488
2026-09-16T15:11:18.980410+00:00,kai-scheduler,queue-controller-f86fcd76c-bgngw,1.0,13631488
2026-09-16T15:11:18.980410+00:00,kube-system,coredns-8db54c48d-npfv9,3.0,23068672
2026-09-16T15:11:18.980410+00:00,kube-system,kwok-controller-5cf8c7c44b-n4shp,99.0,51380224
2026-09-16T15:11:18.980410+00:00,kube-system,local-path-provisioner-5d9d9885bc-f52z9,1.0,13631488
2026-09-16T15:11:18.980410+00:00,kube-system,metrics-server-75dc6f8d87-gjbrb,40.0,139460608
2026-09-16T15:11:18.980410+00:00,kube-system,svclb-traefik-06832e5e-5x4tg,0.0,0
2026-09-16T15:11:18.980410+00:00,kube-system,traefik-9bcdbbd9-8sd5b,15.0,74448896
2026-09-16T15:11:18.980410+00:00,pyroscope,pyroscope-0,7.0,58720256
2026-09-16T15:11:18.980410+00:00,pyroscope,pyroscope-alloy-0,59.0,102760448
2026-09-16T15:11:50.233652+00:00,grove-system,grove-operator-8699948cbc-xt2md,1385.0,423624704
2026-09-16T15:11:50.233652+00:00,kai-scheduler,admission-86666f457d-r9cxh,1.0,15728640
2026-09-16T15:11:50.233652+00:00,kai-scheduler,binder-869fc94c7-m8hpb,100.0,137363456
2026-09-16T15:11:50.233652+00:00,kai-scheduler,kai-operator-69b5d7bcf7-8thjd,6.0,79691776
2026-09-16T15:11:50.233652+00:00,kai-scheduler,kai-scheduler-default-7f5cd888f7-8z992,90.0,316669952
2026-09-16T15:11:50.233652+00:00,kai-scheduler,pod-grouper-65456f756-48wb4,1.0,11534336
2026-09-16T15:11:50.233652+00:00,kai-scheduler,podgroup-controller-68f9cc8dbf-bh56d,1.0,13631488
2026-09-16T15:11:50.233652+00:00,kai-scheduler,queue-controller-f86fcd76c-bgngw,1.0,13631488
2026-09-16T15:11:50.233652+00:00,kube-system,coredns-8db54c48d-npfv9,2.0,23068672
2026-09-16T15:11:50.233652+00:00,kube-system,kwok-controller-5cf8c7c44b-n4shp,107.0,55574528
2026-09-16T15:11:50.233652+00:00,kube-system,local-path-provisioner-5d9d9885bc-f52z9,1.0,13631488
2026-09-16T15:11:50.233652+00:00,kube-system,metrics-server-75dc6f8d87-gjbrb,39.0,143654912
2026-09-16T15:11:50.233652+00:00,kube-system,svclb-traefik-06832e5e-5x4tg,0.0,0
2026-09-16T15:11:50.233652+00:00,kube-system,traefik-9bcdbbd9-8sd5b,1.0,74448896
2026-09-16T15:11:50.233652+00:00,pyroscope,pyroscope-0,7.0,65011712
2026-09-16T15:11:50.233652+00:00,pyroscope,pyroscope-alloy-0,63.0,162529280
2026-09-16T15:12:21.495380+00:00,grove-system,grove-operator-8699948cbc-xt2md,1845.0,598736896
2026-09-16T15:12:21.495380+00:00,kai-scheduler,admission-86666f457d-r9cxh,1.0,15728640
2026-09-16T15:12:21.495380+00:00,kai-scheduler,kai-operator-69b5d7bcf7-8thjd,3.0,80740352
2026-09-16T15:12:21.495380+00:00,kai-scheduler,kai-scheduler-default-7f5cd888f7-8z992,113.0,443547648
2026-09-16T15:12:21.495380+00:00,kai-scheduler,pod-grouper-65456f756-48wb4,1.0,11534336
2026-09-16T15:12:21.495380+00:00,kai-scheduler,podgroup-controller-68f9cc8dbf-bh56d,1.0,13631488
2026-09-16T15:12:21.495380+00:00,kai-scheduler,queue-controller-f86fcd76c-bgngw,1.0,13631488
2026-09-16T15:12:21.495380+00:00,kube-system,coredns-8db54c48d-npfv9,3.0,23068672
2026-09-16T15:12:21.495380+00:00,kube-system,kwok-controller-5cf8c7c44b-n4shp,97.0,57671680
2026-09-16T15:12:21.495380+00:00,kube-system,local-path-provisioner-5d9d9885bc-f52z9,1.0,13631488
2026-09-16T15:12:21.495380+00:00,kube-system,metrics-server-75dc6f8d87-gjbrb,46.0,145752064
2026-09-16T15:12:21.495380+00:00,kube-system,svclb-traefik-06832e5e-5x4tg,0.0,0
2026-09-16T15:12:21.495380+00:00,kube-system,traefik-9bcdbbd9-8sd5b,3.0,74448896
2026-09-16T15:12:21.495380+00:00,pyroscope,pyroscope-0,7.0,69206016
2026-09-16T15:12:21.495380+00:00,pyroscope,pyroscope-alloy-0,63.0,216006656
2026-09-16T15:12:52.779924+00:00,grove-system,grove-operator-8699948cbc-xt2md,2219.0,732954624
2026-09-16T15:12:52.779924+00:00,kai-scheduler,admission-86666f457d-r9cxh,1.0,15728640
2026-09-16T15:12:52.779924+00:00,kai-scheduler,kai-operator-69b5d7bcf7-8thjd,6.0,83886080
2026-09-16T15:12:52.779924+00:00,kai-scheduler,kai-scheduler-default-7f5cd888f7-8z992,152.0,532676608
2026-09-16T15:12:52.779924+00:00,kai-scheduler,pod-grouper-65456f756-48wb4,1.0,11534336
2026-09-16T15:12:52.779924+00:00,kai-scheduler,podgroup-controller-68f9cc8dbf-bh56d,1.0,13631488
2026-09-16T15:12:52.779924+00:00,kai-scheduler,queue-controller-f86fcd76c-bgngw,1.0,13631488
2026-09-16T15:12:52.779924+00:00,kube-system,coredns-8db54c48d-npfv9,12.0,26214400
2026-09-16T15:12:52.779924+00:00,kube-system,kwok-controller-5cf8c7c44b-n4shp,321.0,57671680
2026-09-16T15:12:52.779924+00:00,kube-system,local-path-provisioner-5d9d9885bc-f52z9,1.0,13631488
2026-09-16T15:12:52.779924+00:00,kube-system,metrics-server-75dc6f8d87-gjbrb,63.0,147849216
2026-09-16T15:12:52.779924+00:00,kube-system,svclb-traefik-06832e5e-5x4tg,0.0,0
2026-09-16T15:12:52.779924+00:00,kube-system,traefik-9bcdbbd9-8sd5b,16.0,79691776
2026-09-16T15:12:52.779924+00:00,pyroscope,pyroscope-0,9.0,80740352
2026-09-16T15:12:52.779924+00:00,pyroscope,pyroscope-alloy-0,120.0,333447168
2026-09-16T15:13:24.061889+00:00,grove-system,grove-operator-8699948cbc-xt2md,1939.0,806354944
2026-09-16T15:13:24.061889+00:00,kai-scheduler,admission-86666f457d-r9cxh,1.0,15728640
2026-09-16T15:13:24.061889+00:00,kai-scheduler,kai-operator-69b5d7bcf7-8thjd,12.0,84934656
2026-09-16T15:13:24.061889+00:00,kai-scheduler,kai-scheduler-default-7f5cd888f7-8z992,215.0,491782144
2026-09-16T15:13:24.061889+00:00,kai-scheduler,pod-grouper-65456f756-48wb4,1.0,11534336
2026-09-16T15:13:24.061889+00:00,kai-scheduler,podgroup-controller-68f9cc8dbf-bh56d,1.0,13631488
2026-09-16T15:13:24.061889+00:00,kai-scheduler,queue-controller-f86fcd76c-bgngw,1.0,13631488
2026-09-16T15:13:24.061889+00:00,kube-system,coredns-8db54c48d-npfv9,15.0,28311552
2026-09-16T15:13:24.061889+00:00,kube-system,kwok-controller-5cf8c7c44b-n4shp,340.0,60817408
2026-09-16T15:13:24.061889+00:00,kube-system,local-path-provisioner-5d9d9885bc-f52z9,1.0,13631488
2026-09-16T15:13:24.061889+00:00,kube-system,metrics-server-75dc6f8d87-gjbrb,76.0,153092096
2026-09-16T15:13:24.061889+00:00,kube-system,svclb-traefik-06832e5e-5x4tg,0.0,0
2026-09-16T15:13:24.061889+00:00,kube-system,traefik-9bcdbbd9-8sd5b,22.0,84934656
2026-09-16T15:13:24.061889+00:00,pyroscope,pyroscope-0,8.0,80740352
2026-09-16T15:13:24.061889+00:00,pyroscope,pyroscope-alloy-0,162.0,343932928
2026-09-16T15:13:55.411942+00:00,grove-system,grove-operator-8699948cbc-xt2md,1937.0,805306368
2026-09-16T15:13:55.411942+00:00,kai-scheduler,admission-86666f457d-r9cxh,1.0,15728640
2026-09-16T15:13:55.411942+00:00,kai-scheduler,kai-operator-69b5d7bcf7-8thjd,8.0,84934656
2026-09-16T15:13:55.411942+00:00,kai-scheduler,pod-grouper-65456f756-48wb4,1.0,11534336
2026-09-16T15:13:55.411942+00:00,kai-scheduler,podgroup-controller-68f9cc8dbf-bh56d,1.0,13631488
2026-09-16T15:13:55.411942+00:00,kai-scheduler,queue-controller-f86fcd76c-bgngw,1.0,13631488
2026-09-16T15:13:55.411942+00:00,kube-system,coredns-8db54c48d-npfv9,16.0,31457280
2026-09-16T15:13:55.411942+00:00,kube-system,kwok-controller-5cf8c7c44b-n4shp,301.0,61865984
2026-09-16T15:13:55.411942+00:00,kube-system,local-path-provisioner-5d9d9885bc-f52z9,1.0,13631488
2026-09-16T15:13:55.411942+00:00,kube-system,metrics-server-75dc6f8d87-gjbrb,74.0,166723584
2026-09-16T15:13:55.411942+00:00,kube-system,svclb-traefik-06832e5e-5x4tg,0.0,0
2026-09-16T15:13:55.411942+00:00,kube-system,traefik-9bcdbbd9-8sd5b,26.0,91226112
2026-09-16T15:13:55.411942+00:00,pyroscope,pyroscope-0,7.0,82837504
2026-09-16T15:13:55.411942+00:00,pyroscope,pyroscope-alloy-0,163.0,363855872
2026-09-16T15:14:26.692330+00:00,grove-system,grove-operator-8699948cbc-xt2md,2269.0,875560960
2026-09-16T15:14:26.692330+00:00,kai-scheduler,admission-86666f457d-r9cxh,1.0,15728640
2026-09-16T15:14:26.692330+00:00,kai-scheduler,kai-operator-69b5d7bcf7-8thjd,5.0,84934656
2026-09-16T15:14:26.692330+00:00,kai-scheduler,pod-grouper-65456f756-48wb4,1.0,11534336
2026-09-16T15:14:26.692330+00:00,kai-scheduler,podgroup-controller-68f9cc8dbf-bh56d,1.0,13631488
2026-09-16T15:14:26.692330+00:00,kai-scheduler,queue-controller-f86fcd76c-bgngw,1.0,13631488
2026-09-16T15:14:26.692330+00:00,kube-system,coredns-8db54c48d-npfv9,16.0,34603008
2026-09-16T15:14:26.692330+00:00,kube-system,kwok-controller-5cf8c7c44b-n4shp,319.0,62914560
2026-09-16T15:14:26.692330+00:00,kube-system,local-path-provisioner-5d9d9885bc-f52z9,1.0,13631488
2026-09-16T15:14:26.692330+00:00,kube-system,metrics-server-75dc6f8d87-gjbrb,71.0,174063616
2026-09-16T15:14:26.692330+00:00,kube-system,svclb-traefik-06832e5e-5x4tg,0.0,0
2026-09-16T15:14:26.692330+00:00,kube-system,traefik-9bcdbbd9-8sd5b,22.0,90177536
2026-09-16T15:14:26.692330+00:00,pyroscope,pyroscope-0,7.0,82837504
2026-09-16T15:14:26.692330+00:00,pyroscope,pyroscope-alloy-0,190.0,406847488
2026-09-16T15:14:57.964204+00:00,grove-system,grove-operator-8699948cbc-xt2md,2323.0,890241024
2026-09-16T15:14:57.964204+00:00,kai-scheduler,admission-86666f457d-r9cxh,1.0,15728640
2026-09-16T15:14:57.964204+00:00,kai-scheduler,kai-operator-69b5d7bcf7-8thjd,1.0,84934656
2026-09-16T15:14:57.964204+00:00,kai-scheduler,pod-grouper-65456f756-48wb4,1.0,11534336
2026-09-16T15:14:57.964204+00:00,kai-scheduler,podgroup-controller-68f9cc8dbf-bh56d,1.0,13631488
2026-09-16T15:14:57.964204+00:00,kai-scheduler,queue-controller-f86fcd76c-bgngw,1.0,13631488
2026-09-16T15:14:57.964204+00:00,kube-system,coredns-8db54c48d-npfv9,16.0,35651584
2026-09-16T15:14:57.964204+00:00,kube-system,kwok-controller-5cf8c7c44b-n4shp,693.0,79691776
2026-09-16T15:14:57.964204+00:00,kube-system,local-path-provisioner-5d9d9885bc-f52z9,1.0,13631488
2026-09-16T15:14:57.964204+00:00,kube-system,metrics-server-75dc6f8d87-gjbrb,67.0,187695104
2026-09-16T15:14:57.964204+00:00,kube-system,svclb-traefik-06832e5e-5x4tg,0.0,0
2026-09-16T15:14:57.964204+00:00,kube-system,traefik-9bcdbbd9-8sd5b,25.0,96468992
2026-09-16T15:14:57.964204+00:00,pyroscope,pyroscope-0,9.0,82837504
2026-09-16T15:14:57.964204+00:00,pyroscope,pyroscope-alloy-0,175.0,466616320
2026-09-16T15:15:29.254952+00:00,grove-system,grove-operator-8699948cbc-xt2md,2321.0,941621248
2026-09-16T15:15:29.254952+00:00,kai-scheduler,admission-86666f457d-r9cxh,1.0,15728640
2026-09-16T15:15:29.254952+00:00,kai-scheduler,kai-operator-69b5d7bcf7-8thjd,5.0,84934656
2026-09-16T15:15:29.254952+00:00,kai-scheduler,pod-grouper-65456f756-48wb4,1.0,11534336
2026-09-16T15:15:29.254952+00:00,kai-scheduler,podgroup-controller-68f9cc8dbf-bh56d,1.0,13631488
2026-09-16T15:15:29.254952+00:00,kai-scheduler,queue-controller-f86fcd76c-bgngw,1.0,13631488
2026-09-16T15:15:29.254952+00:00,kube-system,coredns-8db54c48d-npfv9,17.0,39845888
2026-09-16T15:15:29.254952+00:00,kube-system,kwok-controller-5cf8c7c44b-n4shp,342.0,81788928
2026-09-16T15:15:29.254952+00:00,kube-system,local-path-provisioner-5d9d9885bc-f52z9,1.0,13631488
2026-09-16T15:15:29.254952+00:00,kube-system,metrics-server-75dc6f8d87-gjbrb,59.0,210763776
2026-09-16T15:15:29.254952+00:00,kube-system,svclb-traefik-06832e5e-5x4tg,0.0,0
2026-09-16T15:15:29.254952+00:00,kube-system,traefik-9bcdbbd9-8sd5b,25.0,98566144
2026-09-16T15:15:29.254952+00:00,pyroscope,pyroscope-0,7.0,82837504
2026-09-16T15:15:29.254952+00:00,pyroscope,pyroscope-alloy-0,201.0,466616320
2026-09-16T15:16:00.513094+00:00,grove-system,grove-operator-8699948cbc-xt2md,1039.0,894435328
2026-09-16T15:16:00.513094+00:00,kai-scheduler,admission-86666f457d-r9cxh,1.0,15728640
2026-09-16T15:16:00.513094+00:00,kai-scheduler,kai-operator-69b5d7bcf7-8thjd,4.0,84934656
2026-09-16T15:16:00.513094+00:00,kai-scheduler,pod-grouper-65456f756-48wb4,1.0,11534336
2026-09-16T15:16:00.513094+00:00,kai-scheduler,podgroup-controller-68f9cc8dbf-bh56d,1.0,13631488
2026-09-16T15:16:00.513094+00:00,kai-scheduler,queue-controller-f86fcd76c-bgngw,1.0,13631488
2026-09-16T15:16:00.513094+00:00,kube-system,coredns-8db54c48d-npfv9,16.0,39845888
2026-09-16T15:16:00.513094+00:00,kube-system,kwok-controller-5cf8c7c44b-n4shp,152.0,83886080
2026-09-16T15:16:00.513094+00:00,kube-system,local-path-provisioner-5d9d9885bc-f52z9,1.0,13631488
2026-09-16T15:16:00.513094+00:00,kube-system,metrics-server-75dc6f8d87-gjbrb,54.0,210763776
2026-09-16T15:16:00.513094+00:00,kube-system,svclb-traefik-06832e5e-5x4tg,0.0,0
2026-09-16T15:16:00.513094+00:00,kube-system,traefik-9bcdbbd9-8sd5b,26.0,102760448
2026-09-16T15:16:00.513094+00:00,pyroscope,pyroscope-0,5.0,120586240
2026-09-16T15:16:00.513094+00:00,pyroscope,pyroscope-alloy-0,211.0,472907776
2026-09-16T15:16:31.773984+00:00,grove-system,grove-operator-8699948cbc-xt2md,55.0,860880896
2026-09-16T15:16:31.773984+00:00,kai-scheduler,admission-86666f457d-r9cxh,1.0,15728640
2026-09-16T15:16:31.773984+00:00,kai-scheduler,kai-operator-69b5d7bcf7-8thjd,2.0,84934656
2026-09-16T15:16:31.773984+00:00,kai-scheduler,pod-grouper-65456f756-48wb4,1.0,11534336
2026-09-16T15:16:31.773984+00:00,kai-scheduler,podgroup-controller-68f9cc8dbf-bh56d,1.0,13631488
2026-09-16T15:16:31.773984+00:00,kai-scheduler,queue-controller-f86fcd76c-bgngw,1.0,13631488
2026-09-16T15:16:31.773984+00:00,kube-system,coredns-8db54c48d-npfv9,16.0,40894464
2026-09-16T15:16:31.773984+00:00,kube-system,kwok-controller-5cf8c7c44b-n4shp,169.0,81788928
2026-09-16T15:16:31.773984+00:00,kube-system,local-path-provisioner-5d9d9885bc-f52z9,1.0,13631488
2026-09-16T15:16:31.773984+00:00,kube-system,metrics-server-75dc6f8d87-gjbrb,62.0,226492416
2026-09-16T15:16:31.773984+00:00,kube-system,svclb-traefik-06832e5e-5x4tg,0.0,0
2026-09-16T15:16:31.773984+00:00,kube-system,traefik-9bcdbbd9-8sd5b,28.0,104857600
2026-09-16T15:16:31.773984+00:00,pyroscope,pyroscope-0,6.0,108003328
2026-09-16T15:16:31.773984+00:00,pyroscope,pyroscope-alloy-0,219.0,472907776
2026-09-16T15:17:03.020611+00:00,grove-system,grove-operator-8699948cbc-xt2md,57.0,833617920
2026-09-16T15:17:03.020611+00:00,kai-scheduler,admission-86666f457d-r9cxh,1.0,15728640
2026-09-16T15:17:03.020611+00:00,kai-scheduler,kai-operator-69b5d7bcf7-8thjd,4.0,84934656
2026-09-16T15:17:03.020611+00:00,kai-scheduler,pod-grouper-65456f756-48wb4,1.0,11534336
2026-09-16T15:17:03.020611+00:00,kai-scheduler,podgroup-controller-68f9cc8dbf-bh56d,1.0,13631488
2026-09-16T15:17:03.020611+00:00,kai-scheduler,queue-controller-f86fcd76c-bgngw,1.0,13631488
2026-09-16T15:17:03.020611+00:00,kube-system,coredns-8db54c48d-npfv9,17.0,39845888
2026-09-16T15:17:03.020611+00:00,kube-system,kwok-controller-5cf8c7c44b-n4shp,162.0,81788928
2026-09-16T15:17:03.020611+00:00,kube-system,local-path-provisioner-5d9d9885bc-f52z9,1.0,13631488
2026-09-16T15:17:03.020611+00:00,kube-system,metrics-server-75dc6f8d87-gjbrb,68.0,255852544
2026-09-16T15:17:03.020611+00:00,kube-system,svclb-traefik-06832e5e-5x4tg,0.0,0
2026-09-16T15:17:03.020611+00:00,kube-system,traefik-9bcdbbd9-8sd5b,30.0,105906176
2026-09-16T15:17:03.020611+00:00,pyroscope,pyroscope-0,6.0,110100480
2026-09-16T15:17:03.020611+00:00,pyroscope,pyroscope-alloy-0,168.0,489684992
2026-09-16T15:17:34.267207+00:00,grove-system,grove-operator-8699948cbc-xt2md,41.0,829423616
2026-09-16T15:17:34.267207+00:00,kai-scheduler,admission-86666f457d-r9cxh,1.0,16777216
2026-09-16T15:17:34.267207+00:00,kai-scheduler,kai-operator-69b5d7bcf7-8thjd,1.0,84934656
2026-09-16T15:17:34.267207+00:00,kai-scheduler,pod-grouper-65456f756-48wb4,1.0,11534336
2026-09-16T15:17:34.267207+00:00,kai-scheduler,podgroup-controller-68f9cc8dbf-bh56d,1.0,13631488
2026-09-16T15:17:34.267207+00:00,kai-scheduler,queue-controller-f86fcd76c-bgngw,1.0,13631488
2026-09-16T15:17:34.267207+00:00,kube-system,coredns-8db54c48d-npfv9,17.0,40894464
2026-09-16T15:17:34.267207+00:00,kube-system,kwok-controller-5cf8c7c44b-n4shp,159.0,81788928
2026-09-16T15:17:34.267207+00:00,kube-system,local-path-provisioner-5d9d9885bc-f52z9,1.0,13631488
2026-09-16T15:17:34.267207+00:00,kube-system,metrics-server-75dc6f8d87-gjbrb,67.0,257949696
2026-09-16T15:17:34.267207+00:00,kube-system,svclb-traefik-06832e5e-5x4tg,0.0,0
2026-09-16T15:17:34.267207+00:00,kube-system,traefik-9bcdbbd9-8sd5b,27.0,104857600
2026-09-16T15:17:34.267207+00:00,pyroscope,pyroscope-0,7.0,108003328
2026-09-16T15:17:34.267207+00:00,pyroscope,pyroscope-alloy-0,159.0,491782144
2026-09-16T15:18:05.522880+00:00,grove-system,grove-operator-8699948cbc-xt2md,57.0,827326464
2026-09-16T15:18:05.522880+00:00,kai-scheduler,admission-86666f457d-r9cxh,1.0,15728640
2026-09-16T15:18:05.522880+00:00,kai-scheduler,kai-operator-69b5d7bcf7-8thjd,3.0,84934656
2026-09-16T15:18:05.522880+00:00,kai-scheduler,pod-grouper-65456f756-48wb4,1.0,11534336
2026-09-16T15:18:05.522880+00:00,kai-scheduler,podgroup-controller-68f9cc8dbf-bh56d,1.0,13631488
2026-09-16T15:18:05.522880+00:00,kai-scheduler,queue-controller-f86fcd76c-bgngw,1.0,13631488
2026-09-16T15:18:05.522880+00:00,kube-system,coredns-8db54c48d-npfv9,17.0,39845888
2026-09-16T15:18:05.522880+00:00,kube-system,kwok-controller-5cf8c7c44b-n4shp,178.0,82837504
2026-09-16T15:18:05.522880+00:00,kube-system,local-path-provisioner-5d9d9885bc-f52z9,1.0,13631488
2026-09-16T15:18:05.522880+00:00,kube-system,metrics-server-75dc6f8d87-gjbrb,55.0,256901120
2026-09-16T15:18:05.522880+00:00,kube-system,svclb-traefik-06832e5e-5x4tg,0.0,0
2026-09-16T15:18:05.522880+00:00,kube-system,traefik-9bcdbbd9-8sd5b,25.0,102760448
2026-09-16T15:18:05.522880+00:00,pyroscope,pyroscope-0,6.0,117440512
2026-09-16T15:18:05.522880+00:00,pyroscope,pyroscope-alloy-0,150.0,488636416
2026-09-16T15:18:36.779220+00:00,grove-system,grove-operator-8699948cbc-xt2md,58.0,830472192
2026-09-16T15:18:36.779220+00:00,kai-scheduler,admission-86666f457d-r9cxh,1.0,15728640
2026-09-16T15:18:36.779220+00:00,kai-scheduler,kai-operator-69b5d7bcf7-8thjd,3.0,84934656
2026-09-16T15:18:36.779220+00:00,kai-scheduler,pod-grouper-65456f756-48wb4,1.0,11534336
2026-09-16T15:18:36.779220+00:00,kai-scheduler,podgroup-controller-68f9cc8dbf-bh56d,1.0,13631488
2026-09-16T15:18:36.779220+00:00,kai-scheduler,queue-controller-f86fcd76c-bgngw,1.0,13631488
2026-09-16T15:18:36.779220+00:00,kube-system,coredns-8db54c48d-npfv9,17.0,39845888
2026-09-16T15:18:36.779220+00:00,kube-system,kwok-controller-5cf8c7c44b-n4shp,173.0,81788928
2026-09-16T15:18:36.779220+00:00,kube-system,local-path-provisioner-5d9d9885bc-f52z9,1.0,13631488
2026-09-16T15:18:36.779220+00:00,kube-system,metrics-server-75dc6f8d87-gjbrb,63.0,258998272
2026-09-16T15:18:36.779220+00:00,kube-system,svclb-traefik-06832e5e-5x4tg,0.0,0
2026-09-16T15:18:36.779220+00:00,kube-system,traefik-9bcdbbd9-8sd5b,27.0,102760448
2026-09-16T15:18:36.779220+00:00,pyroscope,pyroscope-0,5.0,118489088
2026-09-16T15:18:36.779220+00:00,pyroscope,pyroscope-alloy-0,138.0,487587840
2026-09-16T15:19:08.029281+00:00,grove-system,grove-operator-8699948cbc-xt2md,41.0,833617920
2026-09-16T15:19:08.029281+00:00,kai-scheduler,admission-86666f457d-r9cxh,1.0,15728640
2026-09-16T15:19:08.029281+00:00,kai-scheduler,kai-operator-69b5d7bcf7-8thjd,4.0,84934656
2026-09-16T15:19:08.029281+00:00,kai-scheduler,pod-grouper-65456f756-48wb4,1.0,11534336
2026-09-16T15:19:08.029281+00:00,kai-scheduler,podgroup-controller-68f9cc8dbf-bh56d,1.0,13631488
2026-09-16T15:19:08.029281+00:00,kai-scheduler,queue-controller-f86fcd76c-bgngw,1.0,13631488
2026-09-16T15:19:08.029281+00:00,kube-system,coredns-8db54c48d-npfv9,9.0,38797312
2026-09-16T15:19:08.029281+00:00,kube-system,kwok-controller-5cf8c7c44b-n4shp,161.0,83886080
2026-09-16T15:19:08.029281+00:00,kube-system,local-path-provisioner-5d9d9885bc-f52z9,1.0,13631488
2026-09-16T15:19:08.029281+00:00,kube-system,metrics-server-75dc6f8d87-gjbrb,46.0,251658240
2026-09-16T15:19:08.029281+00:00,kube-system,svclb-traefik-06832e5e-5x4tg,0.0,0
2026-09-16T15:19:08.029281+00:00,kube-system,traefik-9bcdbbd9-8sd5b,16.0,101711872
2026-09-16T15:19:08.029281+00:00,pyroscope,pyroscope-0,9.0,131072000
2026-09-16T15:19:08.029281+00:00,pyroscope,pyroscope-alloy-0,126.0,497025024
2026-09-16T15:19:39.290640+00:00,grove-system,grove-operator-8699948cbc-xt2md,1404.0,842006528
2026-09-16T15:19:39.290640+00:00,kai-scheduler,admission-86666f457d-r9cxh,1.0,15728640
2026-09-16T15:19:39.290640+00:00,kai-scheduler,kai-operator-69b5d7bcf7-8thjd,1.0,84934656
2026-09-16T15:19:39.290640+00:00,kai-scheduler,pod-grouper-65456f756-48wb4,1.0,11534336
2026-09-16T15:19:39.290640+00:00,kai-scheduler,podgroup-controller-68f9cc8dbf-bh56d,1.0,13631488
2026-09-16T15:19:39.290640+00:00,kai-scheduler,queue-controller-f86fcd76c-bgngw,1.0,13631488
2026-09-16T15:19:39.290640+00:00,kube-system,coredns-8db54c48d-npfv9,5.0,39845888
2026-09-16T15:19:39.290640+00:00,kube-system,kwok-controller-5cf8c7c44b-n4shp,128.0,81788928
2026-09-16T15:19:39.290640+00:00,kube-system,local-path-provisioner-5d9d9885bc-f52z9,1.0,13631488
2026-09-16T15:19:39.290640+00:00,kube-system,metrics-server-75dc6f8d87-gjbrb,48.0,254803968
2026-09-16T15:19:39.290640+00:00,kube-system,svclb-traefik-06832e5e-5x4tg,0.0,0
2026-09-16T15:19:39.290640+00:00,kube-system,traefik-9bcdbbd9-8sd5b,9.0,101711872
2026-09-16T15:19:39.290640+00:00,pyroscope,pyroscope-0,8.0,123731968
2026-09-16T15:19:39.290640+00:00,pyroscope,pyroscope-alloy-0,126.0,500170752
2026-09-16T15:20:10.546748+00:00,grove-system,grove-operator-8699948cbc-xt2md,43.0,827326464
2026-09-16T15:20:10.546748+00:00,kai-scheduler,admission-86666f457d-r9cxh,1.0,15728640
2026-09-16T15:20:10.546748+00:00,kai-scheduler,kai-operator-69b5d7bcf7-8thjd,3.0,85983232
2026-09-16T15:20:10.546748+00:00,kai-scheduler,kai-scheduler-default-7f5cd888f7-8z992,108.0,421527552
2026-09-16T15:20:10.546748+00:00,kai-scheduler,pod-grouper-65456f756-48wb4,1.0,11534336
2026-09-16T15:20:10.546748+00:00,kai-scheduler,podgroup-controller-68f9cc8dbf-bh56d,1.0,13631488
2026-09-16T15:20:10.546748+00:00,kai-scheduler,queue-controller-f86fcd76c-bgngw,1.0,13631488
2026-09-16T15:20:10.546748+00:00,kube-system,coredns-8db54c48d-npfv9,13.0,41943040
2026-09-16T15:20:10.546748+00:00,kube-system,kwok-controller-5cf8c7c44b-n4shp,143.0,83886080
2026-09-16T15:20:10.546748+00:00,kube-system,local-path-provisioner-5d9d9885bc-f52z9,1.0,13631488
2026-09-16T15:20:10.546748+00:00,kube-system,metrics-server-75dc6f8d87-gjbrb,51.0,254803968
2026-09-16T15:20:10.546748+00:00,kube-system,svclb-traefik-06832e5e-5x4tg,0.0,0
2026-09-16T15:20:10.546748+00:00,kube-system,traefik-9bcdbbd9-8sd5b,22.0,102760448
2026-09-16T15:20:10.546748+00:00,pyroscope,pyroscope-0,5.0,116391936
2026-09-16T15:20:10.546748+00:00,pyroscope,pyroscope-alloy-0,131.0,494927872
2026-09-16T15:20:41.792379+00:00,grove-system,grove-operator-8699948cbc-xt2md,45.0,828375040
2026-09-16T15:20:41.792379+00:00,kai-scheduler,admission-86666f457d-r9cxh,1.0,15728640
2026-09-16T15:20:41.792379+00:00,kai-scheduler,kai-operator-69b5d7bcf7-8thjd,1.0,85983232
2026-09-16T15:20:41.792379+00:00,kai-scheduler,kai-scheduler-default-7f5cd888f7-8z992,102.0,407896064
2026-09-16T15:20:41.792379+00:00,kai-scheduler,pod-grouper-65456f756-48wb4,1.0,11534336
2026-09-16T15:20:41.792379+00:00,kai-scheduler,podgroup-controller-68f9cc8dbf-bh56d,1.0,13631488
2026-09-16T15:20:41.792379+00:00,kai-scheduler,queue-controller-f86fcd76c-bgngw,1.0,13631488
2026-09-16T15:20:41.792379+00:00,kube-system,coredns-8db54c48d-npfv9,13.0,39845888
2026-09-16T15:20:41.792379+00:00,kube-system,kwok-controller-5cf8c7c44b-n4shp,151.0,80740352
2026-09-16T15:20:41.792379+00:00,kube-system,local-path-provisioner-5d9d9885bc-f52z9,1.0,13631488
2026-09-16T15:20:41.792379+00:00,kube-system,metrics-server-75dc6f8d87-gjbrb,55.0,252706816
2026-09-16T15:20:41.792379+00:00,kube-system,svclb-traefik-06832e5e-5x4tg,0.0,0
2026-09-16T15:20:41.792379+00:00,kube-system,traefik-9bcdbbd9-8sd5b,20.0,102760448
2026-09-16T15:20:41.792379+00:00,pyroscope,pyroscope-0,6.0,112197632
2026-09-16T15:20:41.792379+00:00,pyroscope,pyroscope-alloy-0,135.0,493879296
2026-09-16T15:21:13.038133+00:00,grove-system,grove-operator-8699948cbc-xt2md,40.0,827326464
2026-09-16T15:21:13.038133+00:00,kai-scheduler,admission-86666f457d-r9cxh,1.0,16777216
2026-09-16T15:21:13.038133+00:00,kai-scheduler,kai-operator-69b5d7bcf7-8thjd,1.0,85983232
2026-09-16T15:21:13.038133+00:00,kai-scheduler,kai-scheduler-default-7f5cd888f7-8z992,96.0,365953024
2026-09-16T15:21:13.038133+00:00,kai-scheduler,pod-grouper-65456f756-48wb4,1.0,11534336
2026-09-16T15:21:13.038133+00:00,kai-scheduler,podgroup-controller-68f9cc8dbf-bh56d,1.0,13631488
2026-09-16T15:21:13.038133+00:00,kai-scheduler,queue-controller-f86fcd76c-bgngw,1.0,13631488
2026-09-16T15:21:13.038133+00:00,kube-system,coredns-8db54c48d-npfv9,13.0,41943040
2026-09-16T15:21:13.038133+00:00,kube-system,kwok-controller-5cf8c7c44b-n4shp,426.0,81788928
2026-09-16T15:21:13.038133+00:00,kube-system,local-path-provisioner-5d9d9885bc-f52z9,1.0,13631488
2026-09-16T15:21:13.038133+00:00,kube-system,metrics-server-75dc6f8d87-gjbrb,48.0,253755392
2026-09-16T15:21:13.038133+00:00,kube-system,svclb-traefik-06832e5e-5x4tg,0.0,0
2026-09-16T15:21:13.038133+00:00,kube-system,traefik-9bcdbbd9-8sd5b,16.0,102760448
2026-09-16T15:21:13.038133+00:00,pyroscope,pyroscope-0,6.0,119537664
2026-09-16T15:21:13.038133+00:00,pyroscope,pyroscope-alloy-0,94.0,497025024
2026-09-16T15:21:44.295249+00:00,grove-system,grove-operator-8699948cbc-xt2md,44.0,822083584
2026-09-16T15:21:44.295249+00:00,kai-scheduler,admission-86666f457d-r9cxh,1.0,15728640
2026-09-16T15:21:44.295249+00:00,kai-scheduler,kai-operator-69b5d7bcf7-8thjd,3.0,79691776
2026-09-16T15:21:44.295249+00:00,kai-scheduler,kai-scheduler-default-7f5cd888f7-8z992,88.0,318767104
2026-09-16T15:21:44.295249+00:00,kai-scheduler,pod-grouper-65456f756-48wb4,1.0,11534336
2026-09-16T15:21:44.295249+00:00,kai-scheduler,podgroup-controller-68f9cc8dbf-bh56d,1.0,13631488
2026-09-16T15:21:44.295249+00:00,kai-scheduler,queue-controller-f86fcd76c-bgngw,1.0,13631488
2026-09-16T15:21:44.295249+00:00,kube-system,coredns-8db54c48d-npfv9,12.0,40894464
2026-09-16T15:21:44.295249+00:00,kube-system,kwok-controller-5cf8c7c44b-n4shp,142.0,82837504
2026-09-16T15:21:44.295249+00:00,kube-system,local-path-provisioner-5d9d9885bc-f52z9,1.0,13631488
2026-09-16T15:21:44.295249+00:00,kube-system,metrics-server-75dc6f8d87-gjbrb,51.0,255852544
2026-09-16T15:21:44.295249+00:00,kube-system,svclb-traefik-06832e5e-5x4tg,0.0,0
2026-09-16T15:21:44.295249+00:00,kube-system,traefik-9bcdbbd9-8sd5b,21.0,101711872
2026-09-16T15:21:44.295249+00:00,pyroscope,pyroscope-0,6.0,122683392
2026-09-16T15:21:44.295249+00:00,pyroscope,pyroscope-alloy-0,113.0,495976448
2026-09-16T15:22:15.539777+00:00,grove-system,grove-operator-8699948cbc-xt2md,35.0,813694976
2026-09-16T15:22:15.539777+00:00,kai-scheduler,admission-86666f457d-r9cxh,1.0,16777216
2026-09-16T15:22:15.539777+00:00,kai-scheduler,kai-operator-69b5d7bcf7-8thjd,1.0,79691776
2026-09-16T15:22:15.539777+00:00,kai-scheduler,kai-scheduler-default-7f5cd888f7-8z992,83.0,320864256
2026-09-16T15:22:15.539777+00:00,kai-scheduler,pod-grouper-65456f756-48wb4,1.0,11534336
2026-09-16T15:22:15.539777+00:00,kai-scheduler,podgroup-controller-68f9cc8dbf-bh56d,1.0,13631488
2026-09-16T15:22:15.539777+00:00,kai-scheduler,queue-controller-f86fcd76c-bgngw,1.0,13631488
2026-09-16T15:22:15.539777+00:00,kube-system,coredns-8db54c48d-npfv9,11.0,39845888
2026-09-16T15:22:15.539777+00:00,kube-system,kwok-controller-5cf8c7c44b-n4shp,155.0,81788928
2026-09-16T15:22:15.539777+00:00,kube-system,local-path-provisioner-5d9d9885bc-f52z9,1.0,13631488
2026-09-16T15:22:15.539777+00:00,kube-system,metrics-server-75dc6f8d87-gjbrb,58.0,254803968
2026-09-16T15:22:15.539777+00:00,kube-system,svclb-traefik-06832e5e-5x4tg,0.0,0
2026-09-16T15:22:15.539777+00:00,kube-system,traefik-9bcdbbd9-8sd5b,18.0,101711872
2026-09-16T15:22:15.539777+00:00,pyroscope,pyroscope-0,5.0,120586240
2026-09-16T15:22:15.539777+00:00,pyroscope,pyroscope-alloy-0,95.0,490733568
2026-09-16T15:22:46.788374+00:00,grove-system,grove-operator-8699948cbc-xt2md,36.0,810549248
2026-09-16T15:22:46.788374+00:00,kai-scheduler,admission-86666f457d-r9cxh,1.0,15728640
2026-09-16T15:22:46.788374+00:00,kai-scheduler,kai-operator-69b5d7bcf7-8thjd,1.0,79691776
2026-09-16T15:22:46.788374+00:00,kai-scheduler,kai-scheduler-default-7f5cd888f7-8z992,75.0,309329920
2026-09-16T15:22:46.788374+00:00,kai-scheduler,pod-grouper-65456f756-48wb4,1.0,11534336
2026-09-16T15:22:46.788374+00:00,kai-scheduler,podgroup-controller-68f9cc8dbf-bh56d,1.0,13631488
2026-09-16T15:22:46.788374+00:00,kai-scheduler,queue-controller-f86fcd76c-bgngw,1.0,13631488
2026-09-16T15:22:46.788374+00:00,kube-system,coredns-8db54c48d-npfv9,9.0,39845888
2026-09-16T15:22:46.788374+00:00,kube-system,kwok-controller-5cf8c7c44b-n4shp,125.0,80740352
2026-09-16T15:22:46.788374+00:00,kube-system,local-path-provisioner-5d9d9885bc-f52z9,1.0,13631488
2026-09-16T15:22:46.788374+00:00,kube-system,metrics-server-75dc6f8d87-gjbrb,49.0,252706816
2026-09-16T15:22:46.788374+00:00,kube-system,svclb-traefik-06832e5e-5x4tg,0.0,0
2026-09-16T15:22:46.788374+00:00,kube-system,traefik-9bcdbbd9-8sd5b,24.0,108003328
2026-09-16T15:22:46.788374+00:00,pyroscope,pyroscope-0,13.0,140509184
2026-09-16T15:22:46.788374+00:00,pyroscope,pyroscope-alloy-0,95.0,495976448
2026-09-16T15:23:18.037395+00:00,grove-system,grove-operator-8699948cbc-xt2md,87.0,793772032
2026-09-16T15:23:18.037395+00:00,kai-scheduler,admission-86666f457d-r9cxh,1.0,15728640
2026-09-16T15:23:18.037395+00:00,kai-scheduler,kai-operator-69b5d7bcf7-8thjd,40.0,101711872
2026-09-16T15:23:18.037395+00:00,kai-scheduler,kai-scheduler-default-7f5cd888f7-8z992,80.0,305135616
2026-09-16T15:23:18.037395+00:00,kai-scheduler,pod-grouper-65456f756-48wb4,1.0,11534336
2026-09-16T15:23:18.037395+00:00,kai-scheduler,podgroup-controller-68f9cc8dbf-bh56d,1.0,13631488
2026-09-16T15:23:18.037395+00:00,kai-scheduler,queue-controller-f86fcd76c-bgngw,1.0,13631488
2026-09-16T15:23:18.037395+00:00,kube-system,coredns-8db54c48d-npfv9,3.0,39845888
2026-09-16T15:23:18.037395+00:00,kube-system,kwok-controller-5cf8c7c44b-n4shp,111.0,80740352
2026-09-16T15:23:18.037395+00:00,kube-system,local-path-provisioner-5d9d9885bc-f52z9,1.0,13631488
2026-09-16T15:23:18.037395+00:00,kube-system,metrics-server-75dc6f8d87-gjbrb,44.0,253755392
2026-09-16T15:23:18.037395+00:00,kube-system,svclb-traefik-06832e5e-5x4tg,0.0,0
2026-09-16T15:23:18.037395+00:00,kube-system,traefik-9bcdbbd9-8sd5b,53.0,114294784
2026-09-16T15:23:18.037395+00:00,pyroscope,pyroscope-0,7.0,118489088
2026-09-16T15:23:18.037395+00:00,pyroscope,pyroscope-alloy-0,4.0,505413632
2026-09-16T15:23:49.295401+00:00,grove-system,grove-operator-8699948cbc-xt2md,74.0,784334848
2026-09-16T15:23:49.295401+00:00,kai-scheduler,admission-86666f457d-r9cxh,1.0,15728640
2026-09-16T15:23:49.295401+00:00,kai-scheduler,kai-operator-69b5d7bcf7-8thjd,26.0,100663296
2026-09-16T15:23:49.295401+00:00,kai-scheduler,kai-scheduler-default-7f5cd888f7-8z992,78.0,308281344
2026-09-16T15:23:49.295401+00:00,kai-scheduler,pod-grouper-65456f756-48wb4,1.0,11534336
2026-09-16T15:23:49.295401+00:00,kai-scheduler,podgroup-controller-68f9cc8dbf-bh56d,1.0,13631488
2026-09-16T15:23:49.295401+00:00,kai-scheduler,queue-controller-f86fcd76c-bgngw,1.0,13631488
2026-09-16T15:23:49.295401+00:00,kube-system,coredns-8db54c48d-npfv9,3.0,39845888
2026-09-16T15:23:49.295401+00:00,kube-system,kwok-controller-5cf8c7c44b-n4shp,114.0,79691776
2026-09-16T15:23:49.295401+00:00,kube-system,local-path-provisioner-5d9d9885bc-f52z9,1.0,13631488
2026-09-16T15:23:49.295401+00:00,kube-system,metrics-server-75dc6f8d87-gjbrb,51.0,254803968
2026-09-16T15:23:49.295401+00:00,kube-system,svclb-traefik-06832e5e-5x4tg,0.0,0
2026-09-16T15:23:49.295401+00:00,kube-system,traefik-9bcdbbd9-8sd5b,38.0,113246208
2026-09-16T15:23:49.295401+00:00,pyroscope,pyroscope-0,7.0,113246208
2026-09-16T15:23:49.295401+00:00,pyroscope,pyroscope-alloy-0,6.0,517996544
2026-09-16T15:24:20.574075+00:00,grove-system,grove-operator-8699948cbc-xt2md,693.0,787480576
2026-09-16T15:24:20.574075+00:00,kai-scheduler,admission-86666f457d-r9cxh,1.0,15728640
2026-09-16T15:24:20.574075+00:00,kai-scheduler,kai-operator-69b5d7bcf7-8thjd,17.0,101711872
2026-09-16T15:24:20.574075+00:00,kai-scheduler,kai-scheduler-default-7f5cd888f7-8z992,130.0,304087040
2026-09-16T15:24:20.574075+00:00,kai-scheduler,pod-grouper-65456f756-48wb4,1.0,11534336
2026-09-16T15:24:20.574075+00:00,kai-scheduler,podgroup-controller-68f9cc8dbf-bh56d,1.0,13631488
2026-09-16T15:24:20.574075+00:00,kai-scheduler,queue-controller-f86fcd76c-bgngw,1.0,13631488
2026-09-16T15:24:20.574075+00:00,kube-system,coredns-8db54c48d-npfv9,2.0,39845888
2026-09-16T15:24:20.574075+00:00,kube-system,kwok-controller-5cf8c7c44b-n4shp,124.0,79691776
2026-09-16T15:24:20.574075+00:00,kube-system,local-path-provisioner-5d9d9885bc-f52z9,1.0,13631488
2026-09-16T15:24:20.574075+00:00,kube-system,metrics-server-75dc6f8d87-gjbrb,51.0,253755392
2026-09-16T15:24:20.574075+00:00,kube-system,svclb-traefik-06832e5e-5x4tg,0.0,0
2026-09-16T15:24:20.574075+00:00,kube-system,traefik-9bcdbbd9-8sd5b,14.0,109051904
2026-09-16T15:24:20.574075+00:00,pyroscope,pyroscope-0,7.0,113246208
2026-09-16T15:24:20.574075+00:00,pyroscope,pyroscope-alloy-0,139.0,498073600
2026-09-16T15:24:51.834581+00:00,grove-system,grove-operator-8699948cbc-xt2md,1068.0,837812224
2026-09-16T15:24:51.834581+00:00,kai-scheduler,admission-86666f457d-r9cxh,1.0,15728640
2026-09-16T15:24:51.834581+00:00,kai-scheduler,kai-operator-69b5d7bcf7-8thjd,1.0,98566144
2026-09-16T15:24:51.834581+00:00,kai-scheduler,kai-scheduler-default-7f5cd888f7-8z992,140.0,470810624
2026-09-16T15:24:51.834581+00:00,kai-scheduler,pod-grouper-65456f756-48wb4,1.0,11534336
2026-09-16T15:24:51.834581+00:00,kai-scheduler,podgroup-controller-68f9cc8dbf-bh56d,1.0,13631488
2026-09-16T15:24:51.834581+00:00,kai-scheduler,queue-controller-f86fcd76c-bgngw,1.0,13631488
2026-09-16T15:24:51.834581+00:00,kube-system,coredns-8db54c48d-npfv9,2.0,38797312
2026-09-16T15:24:51.834581+00:00,kube-system,kwok-controller-5cf8c7c44b-n4shp,149.0,82837504
2026-09-16T15:24:51.834581+00:00,kube-system,local-path-provisioner-5d9d9885bc-f52z9,1.0,13631488
2026-09-16T15:24:51.834581+00:00,kube-system,metrics-server-75dc6f8d87-gjbrb,65.0,255852544
2026-09-16T15:24:51.834581+00:00,kube-system,svclb-traefik-06832e5e-5x4tg,0.0,0
2026-09-16T15:24:51.834581+00:00,kube-system,traefik-9bcdbbd9-8sd5b,1.0,109051904
2026-09-16T15:24:51.834581+00:00,pyroscope,pyroscope-0,7.0,114294784
2026-09-16T15:24:51.834581+00:00,pyroscope,pyroscope-alloy-0,133.0,503316480
2026-09-16T15:25:23.106423+00:00,grove-system,grove-operator-8699948cbc-xt2md,1949.0,895483904
2026-09-16T15:25:23.106423+00:00,kai-scheduler,admission-86666f457d-r9cxh,1.0,15728640
2026-09-16T15:25:23.106423+00:00,kai-scheduler,kai-operator-69b5d7bcf7-8thjd,1.0,98566144
2026-09-16T15:25:23.106423+00:00,kai-scheduler,kai-scheduler-default-7f5cd888f7-8z992,153.0,527433728
2026-09-16T15:25:23.106423+00:00,kai-scheduler,pod-grouper-65456f756-48wb4,1.0,11534336
2026-09-16T15:25:23.106423+00:00,kai-scheduler,podgroup-controller-68f9cc8dbf-bh56d,1.0,13631488
2026-09-16T15:25:23.106423+00:00,kai-scheduler,queue-controller-f86fcd76c-bgngw,1.0,13631488
2026-09-16T15:25:23.106423+00:00,kube-system,coredns-8db54c48d-npfv9,3.0,38797312
2026-09-16T15:25:23.106423+00:00,kube-system,kwok-controller-5cf8c7c44b-n4shp,129.0,82837504
2026-09-16T15:25:23.106423+00:00,kube-system,local-path-provisioner-5d9d9885bc-f52z9,1.0,13631488
2026-09-16T15:25:23.106423+00:00,kube-system,metrics-server-75dc6f8d87-gjbrb,56.0,254803968
2026-09-16T15:25:23.106423+00:00,kube-system,svclb-traefik-06832e5e-5x4tg,0.0,0
2026-09-16T15:25:23.106423+00:00,kube-system,traefik-9bcdbbd9-8sd5b,1.0,109051904
2026-09-16T15:25:23.106423+00:00,pyroscope,pyroscope-0,9.0,118489088
2026-09-16T15:25:23.106423+00:00,pyroscope,pyroscope-alloy-0,127.0,523239424
2026-09-16T15:25:54.385352+00:00,grove-system,grove-operator-8699948cbc-xt2md,2399.0,947912704
2026-09-16T15:25:54.385352+00:00,kai-scheduler,admission-86666f457d-r9cxh,1.0,15728640
2026-09-16T15:25:54.385352+00:00,kai-scheduler,kai-operator-69b5d7bcf7-8thjd,6.0,102760448
2026-09-16T15:25:54.385352+00:00,kai-scheduler,pod-grouper-65456f756-48wb4,1.0,11534336
2026-09-16T15:25:54.385352+00:00,kai-scheduler,podgroup-controller-68f9cc8dbf-bh56d,1.0,13631488
2026-09-16T15:25:54.385352+00:00,kai-scheduler,queue-controller-f86fcd76c-bgngw,1.0,13631488
2026-09-16T15:25:54.385352+00:00,kube-system,coredns-8db54c48d-npfv9,10.0,39845888
2026-09-16T15:25:54.385352+00:00,kube-system,kwok-controller-5cf8c7c44b-n4shp,320.0,81788928
2026-09-16T15:25:54.385352+00:00,kube-system,local-path-provisioner-5d9d9885bc-f52z9,1.0,13631488
2026-09-16T15:25:54.385352+00:00,kube-system,metrics-server-75dc6f8d87-gjbrb,66.0,254803968
2026-09-16T15:25:54.385352+00:00,kube-system,svclb-traefik-06832e5e-5x4tg,0.0,0
2026-09-16T15:25:54.385352+00:00,kube-system,traefik-9bcdbbd9-8sd5b,13.0,109051904
2026-09-16T15:25:54.385352+00:00,pyroscope,pyroscope-0,10.0,120586240
2026-09-16T15:25:54.385352+00:00,pyroscope,pyroscope-alloy-0,127.0,552599552
2026-09-16T15:26:25.666236+00:00,grove-system,grove-operator-8699948cbc-xt2md,1952.0,1001390080
2026-09-16T15:26:25.666236+00:00,kai-scheduler,admission-86666f457d-r9cxh,1.0,15728640
2026-09-16T15:26:25.666236+00:00,kai-scheduler,kai-operator-69b5d7bcf7-8thjd,1.0,102760448
2026-09-16T15:26:25.666236+00:00,kai-scheduler,pod-grouper-65456f756-48wb4,1.0,11534336
2026-09-16T15:26:25.666236+00:00,kai-scheduler,podgroup-controller-68f9cc8dbf-bh56d,1.0,13631488
2026-09-16T15:26:25.666236+00:00,kai-scheduler,queue-controller-f86fcd76c-bgngw,1.0,13631488
2026-09-16T15:26:25.666236+00:00,kube-system,coredns-8db54c48d-npfv9,12.0,40894464
2026-09-16T15:26:25.666236+00:00,kube-system,kwok-controller-5cf8c7c44b-n4shp,391.0,80740352
2026-09-16T15:26:25.666236+00:00,kube-system,local-path-provisioner-5d9d9885bc-f52z9,1.0,13631488
2026-09-16T15:26:25.666236+00:00,kube-system,metrics-server-75dc6f8d87-gjbrb,88.0,254803968
2026-09-16T15:26:25.666236+00:00,kube-system,svclb-traefik-06832e5e-5x4tg,0.0,0
2026-09-16T15:26:25.666236+00:00,kube-system,traefik-9bcdbbd9-8sd5b,17.0,109051904
2026-09-16T15:26:25.666236+00:00,pyroscope,pyroscope-0,9.0,121634816
2026-09-16T15:26:25.666236+00:00,pyroscope,pyroscope-alloy-0,189.0,577765376
2026-09-16T15:26:56.953416+00:00,grove-system,grove-operator-8699948cbc-xt2md,1958.0,1011875840
2026-09-16T15:26:56.953416+00:00,kai-scheduler,admission-86666f457d-r9cxh,1.0,15728640
2026-09-16T15:26:56.953416+00:00,kai-scheduler,kai-operator-69b5d7bcf7-8thjd,1.0,102760448
2026-09-16T15:26:56.953416+00:00,kai-scheduler,pod-grouper-65456f756-48wb4,1.0,11534336
2026-09-16T15:26:56.953416+00:00,kai-scheduler,podgroup-controller-68f9cc8dbf-bh56d,1.0,13631488
2026-09-16T15:26:56.953416+00:00,kai-scheduler,queue-controller-f86fcd76c-bgngw,1.0,13631488
2026-09-16T15:26:56.953416+00:00,kube-system,coredns-8db54c48d-npfv9,15.0,44040192
2026-09-16T15:26:56.953416+00:00,kube-system,kwok-controller-5cf8c7c44b-n4shp,416.0,81788928
2026-09-16T15:26:56.953416+00:00,kube-system,local-path-provisioner-5d9d9885bc-f52z9,1.0,13631488
2026-09-16T15:26:56.953416+00:00,kube-system,metrics-server-75dc6f8d87-gjbrb,81.0,256901120
2026-09-16T15:26:56.953416+00:00,kube-system,svclb-traefik-06832e5e-5x4tg,0.0,0
2026-09-16T15:26:56.953416+00:00,kube-system,traefik-9bcdbbd9-8sd5b,23.0,114294784
2026-09-16T15:26:56.953416+00:00,pyroscope,pyroscope-0,11.0,123731968
2026-09-16T15:26:56.953416+00:00,pyroscope,pyroscope-alloy-0,192.0,585105408
2026-09-16T15:27:28.228247+00:00,grove-system,grove-operator-8699948cbc-xt2md,2360.0,990904320
2026-09-16T15:27:28.228247+00:00,kai-scheduler,admission-86666f457d-r9cxh,1.0,15728640
2026-09-16T15:27:28.228247+00:00,kai-scheduler,kai-operator-69b5d7bcf7-8thjd,1.0,102760448
2026-09-16T15:27:28.228247+00:00,kai-scheduler,pod-grouper-65456f756-48wb4,1.0,11534336
2026-09-16T15:27:28.228247+00:00,kai-scheduler,podgroup-controller-68f9cc8dbf-bh56d,1.0,13631488
2026-09-16T15:27:28.228247+00:00,kai-scheduler,queue-controller-f86fcd76c-bgngw,1.0,13631488
2026-09-16T15:27:28.228247+00:00,kube-system,coredns-8db54c48d-npfv9,15.0,45088768
2026-09-16T15:27:28.228247+00:00,kube-system,kwok-controller-5cf8c7c44b-n4shp,361.0,81788928
2026-09-16T15:27:28.228247+00:00,kube-system,local-path-provisioner-5d9d9885bc-f52z9,1.0,13631488
2026-09-16T15:27:28.228247+00:00,kube-system,metrics-server-75dc6f8d87-gjbrb,88.0,255852544
2026-09-16T15:27:28.228247+00:00,kube-system,svclb-traefik-06832e5e-5x4tg,0.0,0
2026-09-16T15:27:28.228247+00:00,kube-system,traefik-9bcdbbd9-8sd5b,22.0,116391936
2026-09-16T15:27:28.228247+00:00,pyroscope,pyroscope-0,9.0,120586240
2026-09-16T15:27:28.228247+00:00,pyroscope,pyroscope-alloy-0,188.0,603979776
2026-09-16T15:27:59.506816+00:00,grove-system,grove-operator-8699948cbc-xt2md,2563.0,969932800
2026-09-16T15:27:59.506816+00:00,kai-scheduler,admission-86666f457d-r9cxh,1.0,15728640
2026-09-16T15:27:59.506816+00:00,kai-scheduler,kai-operator-69b5d7bcf7-8thjd,1.0,82837504
2026-09-16T15:27:59.506816+00:00,kai-scheduler,pod-grouper-65456f756-48wb4,1.0,11534336
2026-09-16T15:27:59.506816+00:00,kai-scheduler,podgroup-controller-68f9cc8dbf-bh56d,1.0,13631488
2026-09-16T15:27:59.506816+00:00,kai-scheduler,queue-controller-f86fcd76c-bgngw,1.0,13631488
2026-09-16T15:27:59.506816+00:00,kube-system,coredns-8db54c48d-npfv9,16.0,48234496
2026-09-16T15:27:59.506816+00:00,kube-system,kwok-controller-5cf8c7c44b-n4shp,341.0,81788928
2026-09-16T15:27:59.506816+00:00,kube-system,local-path-provisioner-5d9d9885bc-f52z9,1.0,13631488
2026-09-16T15:27:59.506816+00:00,kube-system,metrics-server-75dc6f8d87-gjbrb,67.0,258998272
2026-09-16T15:27:59.506816+00:00,kube-system,svclb-traefik-06832e5e-5x4tg,0.0,0
2026-09-16T15:27:59.506816+00:00,kube-system,traefik-9bcdbbd9-8sd5b,24.0,118489088
2026-09-16T15:27:59.506816+00:00,pyroscope,pyroscope-0,7.0,120586240
2026-09-16T15:27:59.506816+00:00,pyroscope,pyroscope-alloy-0,192.0,637534208
2026-09-16T15:28:30.776221+00:00,grove-system,grove-operator-8699948cbc-xt2md,2491.0,960495616
2026-09-16T15:28:30.776221+00:00,kai-scheduler,admission-86666f457d-r9cxh,1.0,15728640
2026-09-16T15:28:30.776221+00:00,kai-scheduler,kai-operator-69b5d7bcf7-8thjd,1.0,82837504
2026-09-16T15:28:30.776221+00:00,kai-scheduler,pod-grouper-65456f756-48wb4,1.0,11534336
2026-09-16T15:28:30.776221+00:00,kai-scheduler,podgroup-controller-68f9cc8dbf-bh56d,1.0,13631488
2026-09-16T15:28:30.776221+00:00,kai-scheduler,queue-controller-f86fcd76c-bgngw,1.0,13631488
2026-09-16T15:28:30.776221+00:00,kube-system,coredns-8db54c48d-npfv9,17.0,49283072
2026-09-16T15:28:30.776221+00:00,kube-system,kwok-controller-5cf8c7c44b-n4shp,329.0,80740352
2026-09-16T15:28:30.776221+00:00,kube-system,local-path-provisioner-5d9d9885bc-f52z9,1.0,13631488
2026-09-16T15:28:30.776221+00:00,kube-system,metrics-server-75dc6f8d87-gjbrb,75.0,274726912
2026-09-16T15:28:30.776221+00:00,kube-system,svclb-traefik-06832e5e-5x4tg,0.0,0
2026-09-16T15:28:30.776221+00:00,kube-system,traefik-9bcdbbd9-8sd5b,25.0,122683392
2026-09-16T15:28:30.776221+00:00,pyroscope,pyroscope-0,9.0,125829120
2026-09-16T15:28:30.776221+00:00,pyroscope,pyroscope-alloy-0,252.0,665845760
2026-09-16T15:29:02.051610+00:00,grove-system,grove-operator-8699948cbc-xt2md,1845.0,1032847360
2026-09-16T15:29:02.051610+00:00,kai-scheduler,admission-86666f457d-r9cxh,1.0,15728640
2026-09-16T15:29:02.051610+00:00,kai-scheduler,kai-operator-69b5d7bcf7-8thjd,1.0,82837504
2026-09-16T15:29:02.051610+00:00,kai-scheduler,pod-grouper-65456f756-48wb4,1.0,11534336
2026-09-16T15:29:02.051610+00:00,kai-scheduler,podgroup-controller-68f9cc8dbf-bh56d,1.0,13631488
2026-09-16T15:29:02.051610+00:00,kai-scheduler,queue-controller-f86fcd76c-bgngw,1.0,13631488
2026-09-16T15:29:02.051610+00:00,kube-system,coredns-8db54c48d-npfv9,16.0,51380224
2026-09-16T15:29:02.051610+00:00,kube-system,kwok-controller-5cf8c7c44b-n4shp,298.0,84934656
2026-09-16T15:29:02.051610+00:00,kube-system,local-path-provisioner-5d9d9885bc-f52z9,1.0,13631488
2026-09-16T15:29:02.051610+00:00,kube-system,metrics-server-75dc6f8d87-gjbrb,81.0,276824064
2026-09-16T15:29:02.051610+00:00,kube-system,svclb-traefik-06832e5e-5x4tg,0.0,0
2026-09-16T15:29:02.051610+00:00,kube-system,traefik-9bcdbbd9-8sd5b,24.0,127926272
2026-09-16T15:29:02.051610+00:00,pyroscope,pyroscope-0,20.0,153092096
2026-09-16T15:29:02.051610+00:00,pyroscope,pyroscope-alloy-0,211.0,684720128
2026-09-16T15:29:33.311009+00:00,grove-system,grove-operator-8699948cbc-xt2md,41.0,1032847360
2026-09-16T15:29:33.311009+00:00,kai-scheduler,admission-86666f457d-r9cxh,1.0,15728640
2026-09-16T15:29:33.311009+00:00,kai-scheduler,kai-operator-69b5d7bcf7-8thjd,3.0,82837504
2026-09-16T15:29:33.311009+00:00,kai-scheduler,pod-grouper-65456f756-48wb4,1.0,11534336
2026-09-16T15:29:33.311009+00:00,kai-scheduler,podgroup-controller-68f9cc8dbf-bh56d,1.0,13631488
2026-09-16T15:29:33.311009+00:00,kai-scheduler,queue-controller-f86fcd76c-bgngw,1.0,13631488
2026-09-16T15:29:33.311009+00:00,kube-system,coredns-8db54c48d-npfv9,17.0,49283072
2026-09-16T15:29:33.311009+00:00,kube-system,kwok-controller-5cf8c7c44b-n4shp,192.0,81788928
2026-09-16T15:29:33.311009+00:00,kube-system,local-path-provisioner-5d9d9885bc-f52z9,1.0,13631488
2026-09-16T15:29:33.311009+00:00,kube-system,metrics-server-75dc6f8d87-gjbrb,59.0,290455552
2026-09-16T15:29:33.311009+00:00,kube-system,svclb-traefik-06832e5e-5x4tg,0.0,0
2026-09-16T15:29:33.311009+00:00,kube-system,traefik-9bcdbbd9-8sd5b,25.0,127926272
2026-09-16T15:29:33.311009+00:00,pyroscope,pyroscope-0,7.0,133169152
2026-09-16T15:29:33.311009+00:00,pyroscope,pyroscope-alloy-0,239.0,681574400
2026-09-16T15:30:04.561001+00:00,grove-system,grove-operator-8699948cbc-xt2md,63.0,1022361600
2026-09-16T15:30:04.561001+00:00,kai-scheduler,admission-86666f457d-r9cxh,1.0,15728640
2026-09-16T15:30:04.561001+00:00,kai-scheduler,kai-operator-69b5d7bcf7-8thjd,1.0,82837504
2026-09-16T15:30:04.561001+00:00,kai-scheduler,pod-grouper-65456f756-48wb4,1.0,11534336
2026-09-16T15:30:04.561001+00:00,kai-scheduler,podgroup-controller-68f9cc8dbf-bh56d,1.0,13631488
2026-09-16T15:30:04.561001+00:00,kai-scheduler,queue-controller-f86fcd76c-bgngw,1.0,13631488
2026-09-16T15:30:04.561001+00:00,kube-system,coredns-8db54c48d-npfv9,16.0,50331648
2026-09-16T15:30:04.561001+00:00,kube-system,kwok-controller-5cf8c7c44b-n4shp,169.0,85983232
2026-09-16T15:30:04.561001+00:00,kube-system,local-path-provisioner-5d9d9885bc-f52z9,1.0,13631488
2026-09-16T15:30:04.561001+00:00,kube-system,metrics-server-75dc6f8d87-gjbrb,53.0,300941312
2026-09-16T15:30:04.561001+00:00,kube-system,svclb-traefik-06832e5e-5x4tg,0.0,0
2026-09-16T15:30:04.561001+00:00,kube-system,traefik-9bcdbbd9-8sd5b,26.0,128974848
2026-09-16T15:30:04.561001+00:00,pyroscope,pyroscope-0,6.0,134217728
2026-09-16T15:30:04.561001+00:00,pyroscope,pyroscope-alloy-0,188.0,681574400
2026-09-16T15:30:35.821802+00:00,grove-system,grove-operator-8699948cbc-xt2md,77.0,925892608
2026-09-16T15:30:35.821802+00:00,kai-scheduler,admission-86666f457d-r9cxh,1.0,15728640
2026-09-16T15:30:35.821802+00:00,kai-scheduler,kai-operator-69b5d7bcf7-8thjd,8.0,93323264
2026-09-16T15:30:35.821802+00:00,kai-scheduler,pod-grouper-65456f756-48wb4,1.0,11534336
2026-09-16T15:30:35.821802+00:00,kai-scheduler,podgroup-controller-68f9cc8dbf-bh56d,1.0,13631488
2026-09-16T15:30:35.821802+00:00,kai-scheduler,queue-controller-f86fcd76c-bgngw,1.0,13631488
2026-09-16T15:30:35.821802+00:00,kube-system,coredns-8db54c48d-npfv9,16.0,48234496
2026-09-16T15:30:35.821802+00:00,kube-system,kwok-controller-5cf8c7c44b-n4shp,801.0,85983232
2026-09-16T15:30:35.821802+00:00,kube-system,local-path-provisioner-5d9d9885bc-f52z9,1.0,13631488
2026-09-16T15:30:35.821802+00:00,kube-system,metrics-server-75dc6f8d87-gjbrb,60.0,307232768
2026-09-16T15:30:35.821802+00:00,kube-system,svclb-traefik-06832e5e-5x4tg,0.0,0
2026-09-16T15:30:35.821802+00:00,kube-system,traefik-9bcdbbd9-8sd5b,24.0,127926272
2026-09-16T15:30:35.821802+00:00,pyroscope,pyroscope-0,7.0,134217728
2026-09-16T15:30:35.821802+00:00,pyroscope,pyroscope-alloy-0,213.0,681574400
2026-09-16T15:31:07.090857+00:00,grove-system,grove-operator-8699948cbc-xt2md,59.0,915406848
2026-09-16T15:31:07.090857+00:00,kai-scheduler,admission-86666f457d-r9cxh,1.0,15728640
2026-09-16T15:31:07.090857+00:00,kai-scheduler,kai-operator-69b5d7bcf7-8thjd,3.0,94371840
2026-09-16T15:31:07.090857+00:00,kai-scheduler,pod-grouper-65456f756-48wb4,1.0,11534336
2026-09-16T15:31:07.090857+00:00,kai-scheduler,podgroup-controller-68f9cc8dbf-bh56d,1.0,13631488
2026-09-16T15:31:07.090857+00:00,kai-scheduler,queue-controller-f86fcd76c-bgngw,1.0,13631488
2026-09-16T15:31:07.090857+00:00,kube-system,coredns-8db54c48d-npfv9,16.0,49283072
2026-09-16T15:31:07.090857+00:00,kube-system,kwok-controller-5cf8c7c44b-n4shp,172.0,87031808
2026-09-16T15:31:07.090857+00:00,kube-system,local-path-provisioner-5d9d9885bc-f52z9,1.0,13631488
2026-09-16T15:31:07.090857+00:00,kube-system,metrics-server-75dc6f8d87-gjbrb,68.0,304087040
2026-09-16T15:31:07.090857+00:00,kube-system,svclb-traefik-06832e5e-5x4tg,0.0,0
2026-09-16T15:31:07.090857+00:00,kube-system,traefik-9bcdbbd9-8sd5b,24.0,127926272
2026-09-16T15:31:07.090857+00:00,pyroscope,pyroscope-0,5.0,134217728
2026-09-16T15:31:07.090857+00:00,pyroscope,pyroscope-alloy-0,171.0,649068544
2026-09-16T15:31:38.352223+00:00,grove-system,grove-operator-8699948cbc-xt2md,44.0,916455424
2026-09-16T15:31:38.352223+00:00,kai-scheduler,admission-86666f457d-r9cxh,1.0,15728640
2026-09-16T15:31:38.352223+00:00,kai-scheduler,kai-operator-69b5d7bcf7-8thjd,3.0,95420416
2026-09-16T15:31:38.352223+00:00,kai-scheduler,pod-grouper-65456f756-48wb4,1.0,11534336
2026-09-16T15:31:38.352223+00:00,kai-scheduler,podgroup-controller-68f9cc8dbf-bh56d,1.0,13631488
2026-09-16T15:31:38.352223+00:00,kai-scheduler,queue-controller-f86fcd76c-bgngw,1.0,13631488
2026-09-16T15:31:38.352223+00:00,kube-system,coredns-8db54c48d-npfv9,17.0,48234496
2026-09-16T15:31:38.352223+00:00,kube-system,kwok-controller-5cf8c7c44b-n4shp,163.0,85983232
2026-09-16T15:31:38.352223+00:00,kube-system,local-path-provisioner-5d9d9885bc-f52z9,1.0,13631488
2026-09-16T15:31:38.352223+00:00,kube-system,metrics-server-75dc6f8d87-gjbrb,65.0,305135616
2026-09-16T15:31:38.352223+00:00,kube-system,svclb-traefik-06832e5e-5x4tg,0.0,0
2026-09-16T15:31:38.352223+00:00,kube-system,traefik-9bcdbbd9-8sd5b,25.0,128974848
2026-09-16T15:31:38.352223+00:00,pyroscope,pyroscope-0,5.0,135266304
2026-09-16T15:31:38.352223+00:00,pyroscope,pyroscope-alloy-0,177.0,645922816
2026-09-16T15:32:09.601968+00:00,grove-system,grove-operator-8699948cbc-xt2md,44.0,914358272
2026-09-16T15:32:09.601968+00:00,kai-scheduler,admission-86666f457d-r9cxh,1.0,16777216
2026-09-16T15:32:09.601968+00:00,kai-scheduler,kai-operator-69b5d7bcf7-8thjd,4.0,95420416
2026-09-16T15:32:09.601968+00:00,kai-scheduler,pod-grouper-65456f756-48wb4,1.0,11534336
2026-09-16T15:32:09.601968+00:00,kai-scheduler,podgroup-controller-68f9cc8dbf-bh56d,1.0,13631488
2026-09-16T15:32:09.601968+00:00,kai-scheduler,queue-controller-f86fcd76c-bgngw,1.0,13631488
2026-09-16T15:32:09.601968+00:00,kube-system,coredns-8db54c48d-npfv9,17.0,46137344
2026-09-16T15:32:09.601968+00:00,kube-system,kwok-controller-5cf8c7c44b-n4shp,173.0,87031808
2026-09-16T15:32:09.601968+00:00,kube-system,local-path-provisioner-5d9d9885bc-f52z9,1.0,13631488
2026-09-16T15:32:09.601968+00:00,kube-system,metrics-server-75dc6f8d87-gjbrb,67.0,301989888
2026-09-16T15:32:09.601968+00:00,kube-system,svclb-traefik-06832e5e-5x4tg,0.0,0
2026-09-16T15:32:09.601968+00:00,kube-system,traefik-9bcdbbd9-8sd5b,23.0,127926272
2026-09-16T15:32:09.601968+00:00,pyroscope,pyroscope-0,5.0,140509184
2026-09-16T15:32:09.601968+00:00,pyroscope,pyroscope-alloy-0,126.0,648019968
2026-09-16T15:32:40.863388+00:00,grove-system,grove-operator-8699948cbc-xt2md,1244.0,905969664
2026-09-16T15:32:40.863388+00:00,kai-scheduler,admission-86666f457d-r9cxh,1.0,15728640
2026-09-16T15:32:40.863388+00:00,kai-scheduler,kai-operator-69b5d7bcf7-8thjd,1.0,95420416
2026-09-16T15:32:40.863388+00:00,kai-scheduler,kai-scheduler-default-7f5cd888f7-8z992,101.0,378535936
2026-09-16T15:32:40.863388+00:00,kai-scheduler,pod-grouper-65456f756-48wb4,1.0,11534336
2026-09-16T15:32:40.863388+00:00,kai-scheduler,podgroup-controller-68f9cc8dbf-bh56d,1.0,13631488
2026-09-16T15:32:40.863388+00:00,kai-scheduler,queue-controller-f86fcd76c-bgngw,1.0,13631488
2026-09-16T15:32:40.863388+00:00,kube-system,coredns-8db54c48d-npfv9,9.0,45088768
2026-09-16T15:32:40.863388+00:00,kube-system,kwok-controller-5cf8c7c44b-n4shp,117.0,82837504
2026-09-16T15:32:40.863388+00:00,kube-system,local-path-provisioner-5d9d9885bc-f52z9,1.0,13631488
2026-09-16T15:32:40.863388+00:00,kube-system,metrics-server-75dc6f8d87-gjbrb,38.0,300941312
2026-09-16T15:32:40.863388+00:00,kube-system,svclb-traefik-06832e5e-5x4tg,0.0,0
2026-09-16T15:32:40.863388+00:00,kube-system,traefik-9bcdbbd9-8sd5b,1.0,124780544
2026-09-16T15:32:40.863388+00:00,pyroscope,pyroscope-0,5.0,147849216
2026-09-16T15:32:40.863388+00:00,pyroscope,pyroscope-alloy-0,76.0,627048448
2026-09-16T15:33:12.111614+00:00,grove-system,grove-operator-8699948cbc-xt2md,459.0,893386752
2026-09-16T15:33:12.111614+00:00,kai-scheduler,admission-86666f457d-r9cxh,1.0,16777216
2026-09-16T15:33:12.111614+00:00,kai-scheduler,kai-operator-69b5d7bcf7-8thjd,1.0,95420416
2026-09-16T15:33:12.111614+00:00,kai-scheduler,kai-scheduler-default-7f5cd888f7-8z992,101.0,439353344
2026-09-16T15:33:12.111614+00:00,kai-scheduler,pod-grouper-65456f756-48wb4,1.0,11534336
2026-09-16T15:33:12.111614+00:00,kai-scheduler,podgroup-controller-68f9cc8dbf-bh56d,1.0,13631488
2026-09-16T15:33:12.111614+00:00,kai-scheduler,queue-controller-f86fcd76c-bgngw,1.0,13631488
2026-09-16T15:33:12.111614+00:00,kube-system,coredns-8db54c48d-npfv9,14.0,46137344
2026-09-16T15:33:12.111614+00:00,kube-system,kwok-controller-5cf8c7c44b-n4shp,132.0,87031808
2026-09-16T15:33:12.111614+00:00,kube-system,local-path-provisioner-5d9d9885bc-f52z9,1.0,13631488
2026-09-16T15:33:12.111614+00:00,kube-system,metrics-server-75dc6f8d87-gjbrb,56.0,289406976
2026-09-16T15:33:12.111614+00:00,kube-system,svclb-traefik-06832e5e-5x4tg,0.0,0
2026-09-16T15:33:12.111614+00:00,kube-system,traefik-9bcdbbd9-8sd5b,23.0,123731968
2026-09-16T15:33:12.111614+00:00,pyroscope,pyroscope-0,8.0,147849216
2026-09-16T15:33:12.111614+00:00,pyroscope,pyroscope-alloy-0,129.0,629145600
2026-09-16T15:33:43.375993+00:00,grove-system,grove-operator-8699948cbc-xt2md,44.0,873463808
2026-09-16T15:33:43.375993+00:00,kai-scheduler,admission-86666f457d-r9cxh,1.0,16777216
2026-09-16T15:33:43.375993+00:00,kai-scheduler,kai-operator-69b5d7bcf7-8thjd,1.0,92274688
2026-09-16T15:33:43.375993+00:00,kai-scheduler,kai-scheduler-default-7f5cd888f7-8z992,97.0,375390208
2026-09-16T15:33:43.375993+00:00,kai-scheduler,pod-grouper-65456f756-48wb4,1.0,11534336
2026-09-16T15:33:43.375993+00:00,kai-scheduler,podgroup-controller-68f9cc8dbf-bh56d,1.0,13631488
2026-09-16T15:33:43.375993+00:00,kai-scheduler,queue-controller-f86fcd76c-bgngw,1.0,13631488
2026-09-16T15:33:43.375993+00:00,kube-system,coredns-8db54c48d-npfv9,14.0,45088768
2026-09-16T15:33:43.375993+00:00,kube-system,kwok-controller-5cf8c7c44b-n4shp,141.0,85983232
2026-09-16T15:33:43.375993+00:00,kube-system,local-path-provisioner-5d9d9885bc-f52z9,1.0,13631488
2026-09-16T15:33:43.375993+00:00,kube-system,metrics-server-75dc6f8d87-gjbrb,58.0,277872640
2026-09-16T15:33:43.375993+00:00,kube-system,svclb-traefik-06832e5e-5x4tg,0.0,0
2026-09-16T15:33:43.375993+00:00,kube-system,traefik-9bcdbbd9-8sd5b,22.0,122683392
2026-09-16T15:33:43.375993+00:00,pyroscope,pyroscope-0,6.0,139460608
2026-09-16T15:33:43.375993+00:00,pyroscope,pyroscope-alloy-0,128.0,619708416
2026-09-16T15:34:14.616700+00:00,grove-system,grove-operator-8699948cbc-xt2md,41.0,875560960
2026-09-16T15:34:14.616700+00:00,kai-scheduler,admission-86666f457d-r9cxh,1.0,16777216
2026-09-16T15:34:14.616700+00:00,kai-scheduler,kai-operator-69b5d7bcf7-8thjd,1.0,92274688
2026-09-16T15:34:14.616700+00:00,kai-scheduler,kai-scheduler-default-7f5cd888f7-8z992,95.0,389021696
2026-09-16T15:34:14.616700+00:00,kai-scheduler,pod-grouper-65456f756-48wb4,1.0,11534336
2026-09-16T15:34:14.616700+00:00,kai-scheduler,podgroup-controller-68f9cc8dbf-bh56d,1.0,13631488
2026-09-16T15:34:14.616700+00:00,kai-scheduler,queue-controller-f86fcd76c-bgngw,1.0,13631488
2026-09-16T15:34:14.616700+00:00,kube-system,coredns-8db54c48d-npfv9,14.0,45088768
2026-09-16T15:34:14.616700+00:00,kube-system,kwok-controller-5cf8c7c44b-n4shp,137.0,85983232
2026-09-16T15:34:14.616700+00:00,kube-system,local-path-provisioner-5d9d9885bc-f52z9,1.0,13631488
2026-09-16T15:34:14.616700+00:00,kube-system,metrics-server-75dc6f8d87-gjbrb,55.0,276824064
2026-09-16T15:34:14.616700+00:00,kube-system,svclb-traefik-06832e5e-5x4tg,0.0,0
2026-09-16T15:34:14.616700+00:00,kube-system,traefik-9bcdbbd9-8sd5b,22.0,120586240
2026-09-16T15:34:14.616700+00:00,pyroscope,pyroscope-0,5.0,139460608
2026-09-16T15:34:14.616700+00:00,pyroscope,pyroscope-alloy-0,115.0,607125504
2026-09-16T15:34:45.881380+00:00,grove-system,grove-operator-8699948cbc-xt2md,40.0,868220928
2026-09-16T15:34:45.881380+00:00,kai-scheduler,admission-86666f457d-r9cxh,1.0,16777216
2026-09-16T15:34:45.881380+00:00,kai-scheduler,kai-operator-69b5d7bcf7-8thjd,3.0,92274688
2026-09-16T15:34:45.881380+00:00,kai-scheduler,kai-scheduler-default-7f5cd888f7-8z992,94.0,362807296
2026-09-16T15:34:45.881380+00:00,kai-scheduler,pod-grouper-65456f756-48wb4,1.0,11534336
2026-09-16T15:34:45.881380+00:00,kai-scheduler,podgroup-controller-68f9cc8dbf-bh56d,1.0,13631488
2026-09-16T15:34:45.881380+00:00,kai-scheduler,queue-controller-f86fcd76c-bgngw,1.0,13631488
2026-09-16T15:34:45.881380+00:00,kube-system,coredns-8db54c48d-npfv9,12.0,45088768
2026-09-16T15:34:45.881380+00:00,kube-system,kwok-controller-5cf8c7c44b-n4shp,158.0,88080384
2026-09-16T15:34:45.881380+00:00,kube-system,local-path-provisioner-5d9d9885bc-f52z9,1.0,13631488
2026-09-16T15:34:45.881380+00:00,kube-system,metrics-server-75dc6f8d87-gjbrb,58.0,277872640
2026-09-16T15:34:45.881380+00:00,kube-system,svclb-traefik-06832e5e-5x4tg,0.0,0
2026-09-16T15:34:45.881380+00:00,kube-system,traefik-9bcdbbd9-8sd5b,18.0,118489088
2026-09-16T15:34:45.881380+00:00,pyroscope,pyroscope-0,5.0,139460608
2026-09-16T15:34:45.881380+00:00,pyroscope,pyroscope-alloy-0,118.0,606076928
2026-09-16T15:35:17.140852+00:00,grove-system,grove-operator-8699948cbc-xt2md,43.0,860880896
2026-09-16T15:35:17.140852+00:00,kai-scheduler,admission-86666f457d-r9cxh,1.0,16777216
2026-09-16T15:35:17.140852+00:00,kai-scheduler,kai-operator-69b5d7bcf7-8thjd,3.0,92274688
2026-09-16T15:35:17.140852+00:00,kai-scheduler,kai-scheduler-default-7f5cd888f7-8z992,89.0,326107136
2026-09-16T15:35:17.140852+00:00,kai-scheduler,pod-grouper-65456f756-48wb4,1.0,11534336
2026-09-16T15:35:17.140852+00:00,kai-scheduler,podgroup-controller-68f9cc8dbf-bh56d,1.0,13631488
2026-09-16T15:35:17.140852+00:00,kai-scheduler,queue-controller-f86fcd76c-bgngw,1.0,13631488
2026-09-16T15:35:17.140852+00:00,kube-system,coredns-8db54c48d-npfv9,12.0,44040192
2026-09-16T15:35:17.140852+00:00,kube-system,kwok-controller-5cf8c7c44b-n4shp,130.0,84934656
2026-09-16T15:35:17.140852+00:00,kube-system,local-path-provisioner-5d9d9885bc-f52z9,1.0,13631488
2026-09-16T15:35:17.140852+00:00,kube-system,metrics-server-75dc6f8d87-gjbrb,54.0,270532608
2026-09-16T15:35:17.140852+00:00,kube-system,svclb-traefik-06832e5e-5x4tg,0.0,0
2026-09-16T15:35:17.140852+00:00,kube-system,traefik-9bcdbbd9-8sd5b,19.0,119537664
2026-09-16T15:35:17.140852+00:00,pyroscope,pyroscope-0,5.0,143654912
2026-09-16T15:35:17.140852+00:00,pyroscope,pyroscope-alloy-0,118.0,593494016
2026-09-16T15:35:48.394237+00:00,grove-system,grove-operator-8699948cbc-xt2md,53.0,849346560
2026-09-16T15:35:48.394237+00:00,kai-scheduler,admission-86666f457d-r9cxh,1.0,16777216
2026-09-16T15:35:48.394237+00:00,kai-scheduler,kai-operator-69b5d7bcf7-8thjd,1.0,92274688
2026-09-16T15:35:48.394237+00:00,kai-scheduler,kai-scheduler-default-7f5cd888f7-8z992,92.0,303038464
2026-09-16T15:35:48.394237+00:00,kai-scheduler,pod-grouper-65456f756-48wb4,1.0,11534336
2026-09-16T15:35:48.394237+00:00,kai-scheduler,podgroup-controller-68f9cc8dbf-bh56d,1.0,13631488
2026-09-16T15:35:48.394237+00:00,kai-scheduler,queue-controller-f86fcd76c-bgngw,1.0,13631488
2026-09-16T15:35:48.394237+00:00,kube-system,coredns-8db54c48d-npfv9,11.0,44040192
2026-09-16T15:35:48.394237+00:00,kube-system,kwok-controller-5cf8c7c44b-n4shp,162.0,82837504
2026-09-16T15:35:48.394237+00:00,kube-system,local-path-provisioner-5d9d9885bc-f52z9,1.0,13631488
2026-09-16T15:35:48.394237+00:00,kube-system,metrics-server-75dc6f8d87-gjbrb,54.0,272629760
2026-09-16T15:35:48.394237+00:00,kube-system,svclb-traefik-06832e5e-5x4tg,0.0,0
2026-09-16T15:35:48.394237+00:00,kube-system,traefik-9bcdbbd9-8sd5b,19.0,115343360
2026-09-16T15:35:48.394237+00:00,pyroscope,pyroscope-0,5.0,143654912
2026-09-16T15:35:48.394237+00:00,pyroscope,pyroscope-alloy-0,76.0,593494016
2026-09-16T15:36:19.645386+00:00,grove-system,grove-operator-8699948cbc-xt2md,47.0,852492288
2026-09-16T15:36:19.645386+00:00,kai-scheduler,admission-86666f457d-r9cxh,1.0,16777216
2026-09-16T15:36:19.645386+00:00,kai-scheduler,kai-operator-69b5d7bcf7-8thjd,41.0,109051904
2026-09-16T15:36:19.645386+00:00,kai-scheduler,kai-scheduler-default-7f5cd888f7-8z992,82.0,313524224
2026-09-16T15:36:19.645386+00:00,kai-scheduler,pod-grouper-65456f756-48wb4,1.0,11534336
2026-09-16T15:36:19.645386+00:00,kai-scheduler,podgroup-controller-68f9cc8dbf-bh56d,1.0,13631488
2026-09-16T15:36:19.645386+00:00,kai-scheduler,queue-controller-f86fcd76c-bgngw,1.0,13631488
2026-09-16T15:36:19.645386+00:00,kube-system,coredns-8db54c48d-npfv9,3.0,44040192
2026-09-16T15:36:19.645386+00:00,kube-system,kwok-controller-5cf8c7c44b-n4shp,124.0,83886080
2026-09-16T15:36:19.645386+00:00,kube-system,local-path-provisioner-5d9d9885bc-f52z9,1.0,14680064
2026-09-16T15:36:19.645386+00:00,kube-system,metrics-server-75dc6f8d87-gjbrb,53.0,262144000
2026-09-16T15:36:19.645386+00:00,kube-system,svclb-traefik-06832e5e-5x4tg,0.0,0
2026-09-16T15:36:19.645386+00:00,kube-system,traefik-9bcdbbd9-8sd5b,32.0,123731968
2026-09-16T15:36:19.645386+00:00,pyroscope,pyroscope-0,11.0,154140672
2026-09-16T15:36:19.645386+00:00,pyroscope,pyroscope-alloy-0,7.0,579862528
2026-09-16T15:36:50.901129+00:00,grove-system,grove-operator-8699948cbc-xt2md,107.0,825229312
2026-09-16T15:36:50.901129+00:00,kai-scheduler,admission-86666f457d-r9cxh,1.0,16777216
2026-09-16T15:36:50.901129+00:00,kai-scheduler,kai-operator-69b5d7bcf7-8thjd,36.0,109051904
2026-09-16T15:36:50.901129+00:00,kai-scheduler,kai-scheduler-default-7f5cd888f7-8z992,82.0,338690048
2026-09-16T15:36:50.901129+00:00,kai-scheduler,pod-grouper-65456f756-48wb4,1.0,11534336
2026-09-16T15:36:50.901129+00:00,kai-scheduler,podgroup-controller-68f9cc8dbf-bh56d,1.0,13631488
2026-09-16T15:36:50.901129+00:00,kai-scheduler,queue-controller-f86fcd76c-bgngw,1.0,13631488
2026-09-16T15:36:50.901129+00:00,kube-system,coredns-8db54c48d-npfv9,4.0,41943040
2026-09-16T15:36:50.901129+00:00,kube-system,kwok-controller-5cf8c7c44b-n4shp,102.0,84934656
2026-09-16T15:36:50.901129+00:00,kube-system,local-path-provisioner-5d9d9885bc-f52z9,1.0,13631488
2026-09-16T15:36:50.901129+00:00,kube-system,metrics-server-75dc6f8d87-gjbrb,49.0,263192576
2026-09-16T15:36:50.901129+00:00,kube-system,svclb-traefik-06832e5e-5x4tg,0.0,0
2026-09-16T15:36:50.901129+00:00,kube-system,traefik-9bcdbbd9-8sd5b,54.0,117440512
2026-09-16T15:36:50.901129+00:00,pyroscope,pyroscope-0,5.0,158334976
2026-09-16T15:36:50.901129+00:00,pyroscope,pyroscope-alloy-0,5.0,589299712
2026-09-16T15:37:22.159315+00:00,grove-system,grove-operator-8699948cbc-xt2md,220.0,807403520
2026-09-16T15:37:22.159315+00:00,kai-scheduler,admission-86666f457d-r9cxh,1.0,16777216
2026-09-16T15:37:22.159315+00:00,kai-scheduler,kai-operator-69b5d7bcf7-8thjd,20.0,105906176
2026-09-16T15:37:22.159315+00:00,kai-scheduler,kai-scheduler-default-7f5cd888f7-8z992,82.0,333447168
2026-09-16T15:37:22.159315+00:00,kai-scheduler,pod-grouper-65456f756-48wb4,1.0,11534336
2026-09-16T15:37:22.159315+00:00,kai-scheduler,podgroup-controller-68f9cc8dbf-bh56d,1.0,13631488
2026-09-16T15:37:22.159315+00:00,kai-scheduler,queue-controller-f86fcd76c-bgngw,1.0,13631488
2026-09-16T15:37:22.159315+00:00,kube-system,coredns-8db54c48d-npfv9,6.0,41943040
2026-09-16T15:37:22.159315+00:00,kube-system,kwok-controller-5cf8c7c44b-n4shp,128.0,83886080
2026-09-16T15:37:22.159315+00:00,kube-system,local-path-provisioner-5d9d9885bc-f52z9,1.0,13631488
2026-09-16T15:37:22.159315+00:00,kube-system,metrics-server-75dc6f8d87-gjbrb,50.0,262144000
2026-09-16T15:37:22.159315+00:00,kube-system,svclb-traefik-06832e5e-5x4tg,0.0,0
2026-09-16T15:37:22.159315+00:00,kube-system,traefik-9bcdbbd9-8sd5b,34.0,111149056
2026-09-16T15:37:22.159315+00:00,pyroscope,pyroscope-0,5.0,147849216
2026-09-16T15:37:22.159315+00:00,pyroscope,pyroscope-alloy-0,36.0,598736896
2026-09-16T15:37:53.431188+00:00,grove-system,grove-operator-8699948cbc-xt2md,686.0,825229312
2026-09-16T15:37:53.431188+00:00,kai-scheduler,admission-86666f457d-r9cxh,1.0,16777216
2026-09-16T15:37:53.431188+00:00,kai-scheduler,kai-operator-69b5d7bcf7-8thjd,13.0,105906176
2026-09-16T15:37:53.431188+00:00,kai-scheduler,kai-scheduler-default-7f5cd888f7-8z992,140.0,376438784
2026-09-16T15:37:53.431188+00:00,kai-scheduler,pod-grouper-65456f756-48wb4,1.0,11534336
2026-09-16T15:37:53.431188+00:00,kai-scheduler,podgroup-controller-68f9cc8dbf-bh56d,1.0,13631488
2026-09-16T15:37:53.431188+00:00,kai-scheduler,queue-controller-f86fcd76c-bgngw,1.0,13631488
2026-09-16T15:37:53.431188+00:00,kube-system,coredns-8db54c48d-npfv9,2.0,39845888
2026-09-16T15:37:53.431188+00:00,kube-system,kwok-controller-5cf8c7c44b-n4shp,143.0,83886080
2026-09-16T15:37:53.431188+00:00,kube-system,local-path-provisioner-5d9d9885bc-f52z9,1.0,13631488
2026-09-16T15:37:53.431188+00:00,kube-system,metrics-server-75dc6f8d87-gjbrb,71.0,260046848
2026-09-16T15:37:53.431188+00:00,kube-system,svclb-traefik-06832e5e-5x4tg,0.0,0
2026-09-16T15:37:53.431188+00:00,kube-system,traefik-9bcdbbd9-8sd5b,14.0,112197632
2026-09-16T15:37:53.431188+00:00,pyroscope,pyroscope-0,6.0,142606336
2026-09-16T15:37:53.431188+00:00,pyroscope,pyroscope-alloy-0,129.0,589299712
2026-09-16T15:38:24.703469+00:00,grove-system,grove-operator-8699948cbc-xt2md,1349.0,877658112
2026-09-16T15:38:24.703469+00:00,kai-scheduler,admission-86666f457d-r9cxh,1.0,16777216
2026-09-16T15:38:24.703469+00:00,kai-scheduler,kai-operator-69b5d7bcf7-8thjd,9.0,105906176
2026-09-16T15:38:24.703469+00:00,kai-scheduler,kai-scheduler-default-7f5cd888f7-8z992,148.0,442499072
2026-09-16T15:38:24.703469+00:00,kai-scheduler,pod-grouper-65456f756-48wb4,1.0,11534336
2026-09-16T15:38:24.703469+00:00,kai-scheduler,podgroup-controller-68f9cc8dbf-bh56d,1.0,13631488
2026-09-16T15:38:24.703469+00:00,kai-scheduler,queue-controller-f86fcd76c-bgngw,1.0,13631488
2026-09-16T15:38:24.703469+00:00,kube-system,coredns-8db54c48d-npfv9,3.0,41943040
2026-09-16T15:38:24.703469+00:00,kube-system,kwok-controller-5cf8c7c44b-n4shp,167.0,83886080
2026-09-16T15:38:24.703469+00:00,kube-system,local-path-provisioner-5d9d9885bc-f52z9,1.0,13631488
2026-09-16T15:38:24.703469+00:00,kube-system,metrics-server-75dc6f8d87-gjbrb,64.0,258998272
2026-09-16T15:38:24.703469+00:00,kube-system,svclb-traefik-06832e5e-5x4tg,0.0,0
2026-09-16T15:38:24.703469+00:00,kube-system,traefik-9bcdbbd9-8sd5b,13.0,111149056
2026-09-16T15:38:24.703469+00:00,pyroscope,pyroscope-0,8.0,138412032
2026-09-16T15:38:24.703469+00:00,pyroscope,pyroscope-alloy-0,137.0,603979776
2026-09-16T15:38:55.975450+00:00,grove-system,grove-operator-8699948cbc-xt2md,2052.0,963641344
2026-09-16T15:38:55.975450+00:00,kai-scheduler,admission-86666f457d-r9cxh,1.0,16777216
2026-09-16T15:38:55.975450+00:00,kai-scheduler,kai-operator-69b5d7bcf7-8thjd,1.0,105906176
2026-09-16T15:38:55.975450+00:00,kai-scheduler,kai-scheduler-default-7f5cd888f7-8z992,150.0,532676608
2026-09-16T15:38:55.975450+00:00,kai-scheduler,pod-grouper-65456f756-48wb4,1.0,11534336
2026-09-16T15:38:55.975450+00:00,kai-scheduler,podgroup-controller-68f9cc8dbf-bh56d,1.0,13631488
2026-09-16T15:38:55.975450+00:00,kai-scheduler,queue-controller-f86fcd76c-bgngw,1.0,13631488
2026-09-16T15:38:55.975450+00:00,kube-system,coredns-8db54c48d-npfv9,3.0,40894464
2026-09-16T15:38:55.975450+00:00,kube-system,kwok-controller-5cf8c7c44b-n4shp,146.0,84934656
2026-09-16T15:38:55.975450+00:00,kube-system,local-path-provisioner-5d9d9885bc-f52z9,1.0,13631488
2026-09-16T15:38:55.975450+00:00,kube-system,metrics-server-75dc6f8d87-gjbrb,68.0,263192576
2026-09-16T15:38:55.975450+00:00,kube-system,svclb-traefik-06832e5e-5x4tg,0.0,0
2026-09-16T15:38:55.975450+00:00,kube-system,traefik-9bcdbbd9-8sd5b,2.0,111149056
2026-09-16T15:38:55.975450+00:00,pyroscope,pyroscope-0,7.0,140509184
2026-09-16T15:38:55.975450+00:00,pyroscope,pyroscope-alloy-0,120.0,627048448
2026-09-16T15:39:27.341234+00:00,grove-system,grove-operator-8699948cbc-xt2md,2610.0,986710016
2026-09-16T15:39:27.341234+00:00,kai-scheduler,admission-86666f457d-r9cxh,1.0,16777216
2026-09-16T15:39:27.341234+00:00,kai-scheduler,kai-operator-69b5d7bcf7-8thjd,3.0,105906176
2026-09-16T15:39:27.341234+00:00,kai-scheduler,pod-grouper-65456f756-48wb4,1.0,11534336
2026-09-16T15:39:27.341234+00:00,kai-scheduler,podgroup-controller-68f9cc8dbf-bh56d,1.0,13631488
2026-09-16T15:39:27.341234+00:00,kai-scheduler,queue-controller-f86fcd76c-bgngw,1.0,13631488
2026-09-16T15:39:27.341234+00:00,kube-system,coredns-8db54c48d-npfv9,11.0,40894464
2026-09-16T15:39:27.341234+00:00,kube-system,kwok-controller-5cf8c7c44b-n4shp,373.0,85983232
2026-09-16T15:39:27.341234+00:00,kube-system,local-path-provisioner-5d9d9885bc-f52z9,1.0,13631488
2026-09-16T15:39:27.341234+00:00,kube-system,metrics-server-75dc6f8d87-gjbrb,81.0,264241152
2026-09-16T15:39:27.341234+00:00,kube-system,svclb-traefik-06832e5e-5x4tg,0.0,0
2026-09-16T15:39:27.341234+00:00,kube-system,traefik-9bcdbbd9-8sd5b,17.0,113246208
2026-09-16T15:39:27.341234+00:00,pyroscope,pyroscope-0,8.0,143654912
2026-09-16T15:39:27.341234+00:00,pyroscope,pyroscope-alloy-0,149.0,644874240
2026-09-16T15:39:58.621987+00:00,grove-system,grove-operator-8699948cbc-xt2md,2035.0,1005584384
2026-09-16T15:39:58.621987+00:00,kai-scheduler,admission-86666f457d-r9cxh,1.0,16777216
2026-09-16T15:39:58.621987+00:00,kai-scheduler,kai-operator-69b5d7bcf7-8thjd,1.0,105906176
2026-09-16T15:39:58.621987+00:00,kai-scheduler,pod-grouper-65456f756-48wb4,1.0,11534336
2026-09-16T15:39:58.621987+00:00,kai-scheduler,podgroup-controller-68f9cc8dbf-bh56d,1.0,13631488
2026-09-16T15:39:58.621987+00:00,kai-scheduler,queue-controller-f86fcd76c-bgngw,1.0,13631488
2026-09-16T15:39:58.621987+00:00,kube-system,coredns-8db54c48d-npfv9,15.0,45088768
2026-09-16T15:39:58.621987+00:00,kube-system,kwok-controller-5cf8c7c44b-n4shp,386.0,84934656
2026-09-16T15:39:58.621987+00:00,kube-system,local-path-provisioner-5d9d9885bc-f52z9,1.0,13631488
2026-09-16T15:39:58.621987+00:00,kube-system,metrics-server-75dc6f8d87-gjbrb,87.0,261095424
2026-09-16T15:39:58.621987+00:00,kube-system,svclb-traefik-06832e5e-5x4tg,0.0,0
2026-09-16T15:39:58.621987+00:00,kube-system,traefik-9bcdbbd9-8sd5b,24.0,116391936
2026-09-16T15:39:58.621987+00:00,pyroscope,pyroscope-0,10.0,146800640
2026-09-16T15:39:58.621987+00:00,pyroscope,pyroscope-alloy-0,228.0,654311424
2026-09-16T15:40:29.925278+00:00,grove-system,grove-operator-8699948cbc-xt2md,2018.0,982515712
2026-09-16T15:40:29.925278+00:00,kai-scheduler,admission-86666f457d-r9cxh,1.0,16777216
2026-09-16T15:40:29.925278+00:00,kai-scheduler,kai-operator-69b5d7bcf7-8thjd,6.0,93323264
2026-09-16T15:40:29.925278+00:00,kai-scheduler,kai-scheduler-default-7f5cd888f7-8z992,297.0,528482304
2026-09-16T15:40:29.925278+00:00,kai-scheduler,pod-grouper-65456f756-48wb4,1.0,11534336
2026-09-16T15:40:29.925278+00:00,kai-scheduler,podgroup-controller-68f9cc8dbf-bh56d,1.0,13631488
2026-09-16T15:40:29.925278+00:00,kai-scheduler,queue-controller-f86fcd76c-bgngw,1.0,13631488
2026-09-16T15:40:29.925278+00:00,kube-system,coredns-8db54c48d-npfv9,16.0,46137344
2026-09-16T15:40:29.925278+00:00,kube-system,kwok-controller-5cf8c7c44b-n4shp,369.0,83886080
2026-09-16T15:40:29.925278+00:00,kube-system,local-path-provisioner-5d9d9885bc-f52z9,1.0,13631488
2026-09-16T15:40:29.925278+00:00,kube-system,metrics-server-75dc6f8d87-gjbrb,86.0,261095424
2026-09-16T15:40:29.925278+00:00,kube-system,svclb-traefik-06832e5e-5x4tg,0.0,0
2026-09-16T15:40:29.925278+00:00,kube-system,traefik-9bcdbbd9-8sd5b,22.0,117440512
2026-09-16T15:40:29.925278+00:00,pyroscope,pyroscope-0,10.0,146800640
2026-09-16T15:40:29.925278+00:00,pyroscope,pyroscope-alloy-0,214.0,657457152
2026-09-16T15:41:01.211299+00:00,grove-system,grove-operator-8699948cbc-xt2md,2499.0,1002438656
2026-09-16T15:41:01.211299+00:00,kai-scheduler,admission-86666f457d-r9cxh,1.0,16777216
2026-09-16T15:41:01.211299+00:00,kai-scheduler,kai-operator-69b5d7bcf7-8thjd,3.0,98566144
2026-09-16T15:41:01.211299+00:00,kai-scheduler,pod-grouper-65456f756-48wb4,1.0,11534336
2026-09-16T15:41:01.211299+00:00,kai-scheduler,podgroup-controller-68f9cc8dbf-bh56d,1.0,13631488
2026-09-16T15:41:01.211299+00:00,kai-scheduler,queue-controller-f86fcd76c-bgngw,1.0,13631488
2026-09-16T15:41:01.211299+00:00,kube-system,coredns-8db54c48d-npfv9,15.0,46137344
2026-09-16T15:41:01.211299+00:00,kube-system,kwok-controller-5cf8c7c44b-n4shp,312.0,85983232
2026-09-16T15:41:01.211299+00:00,kube-system,local-path-provisioner-5d9d9885bc-f52z9,1.0,13631488
2026-09-16T15:41:01.211299+00:00,kube-system,metrics-server-75dc6f8d87-gjbrb,78.0,266338304
2026-09-16T15:41:01.211299+00:00,kube-system,svclb-traefik-06832e5e-5x4tg,0.0,0
2026-09-16T15:41:01.211299+00:00,kube-system,traefik-9bcdbbd9-8sd5b,22.0,120586240
2026-09-16T15:41:01.211299+00:00,pyroscope,pyroscope-0,9.0,146800640
2026-09-16T15:41:01.211299+00:00,pyroscope,pyroscope-alloy-0,192.0,659554304
2026-09-16T15:41:32.499295+00:00,grove-system,grove-operator-8699948cbc-xt2md,2522.0,999292928
2026-09-16T15:41:32.499295+00:00,kai-scheduler,admission-86666f457d-r9cxh,1.0,16777216
2026-09-16T15:41:32.499295+00:00,kai-scheduler,kai-operator-69b5d7bcf7-8thjd,1.0,98566144
2026-09-16T15:41:32.499295+00:00,kai-scheduler,pod-grouper-65456f756-48wb4,1.0,11534336
2026-09-16T15:41:32.499295+00:00,kai-scheduler,podgroup-controller-68f9cc8dbf-bh56d,1.0,13631488
2026-09-16T15:41:32.499295+00:00,kai-scheduler,queue-controller-f86fcd76c-bgngw,1.0,13631488
2026-09-16T15:41:32.499295+00:00,kube-system,coredns-8db54c48d-npfv9,17.0,47185920
2026-09-16T15:41:32.499295+00:00,kube-system,kwok-controller-5cf8c7c44b-n4shp,315.0,87031808
2026-09-16T15:41:32.499295+00:00,kube-system,local-path-provisioner-5d9d9885bc-f52z9,1.0,13631488
2026-09-16T15:41:32.499295+00:00,kube-system,metrics-server-75dc6f8d87-gjbrb,64.0,266338304
2026-09-16T15:41:32.499295+00:00,kube-system,svclb-traefik-06832e5e-5x4tg,0.0,0
2026-09-16T15:41:32.499295+00:00,kube-system,traefik-9bcdbbd9-8sd5b,24.0,123731968
2026-09-16T15:41:32.499295+00:00,pyroscope,pyroscope-0,7.0,150994944
2026-09-16T15:41:32.499295+00:00,pyroscope,pyroscope-alloy-0,183.0,683671552
2026-09-16T15:42:03.775015+00:00,grove-system,grove-operator-8699948cbc-xt2md,2553.0,1024458752
2026-09-16T15:42:03.775015+00:00,kai-scheduler,admission-86666f457d-r9cxh,1.0,16777216
2026-09-16T15:42:03.775015+00:00,kai-scheduler,kai-operator-69b5d7bcf7-8thjd,1.0,98566144
2026-09-16T15:42:03.775015+00:00,kai-scheduler,pod-grouper-65456f756-48wb4,1.0,11534336
2026-09-16T15:42:03.775015+00:00,kai-scheduler,podgroup-controller-68f9cc8dbf-bh56d,1.0,13631488
2026-09-16T15:42:03.775015+00:00,kai-scheduler,queue-controller-f86fcd76c-bgngw,1.0,13631488
2026-09-16T15:42:03.775015+00:00,kube-system,coredns-8db54c48d-npfv9,15.0,48234496
2026-09-16T15:42:03.775015+00:00,kube-system,kwok-controller-5cf8c7c44b-n4shp,1059.0,89128960
2026-09-16T15:42:03.775015+00:00,kube-system,local-path-provisioner-5d9d9885bc-f52z9,1.0,13631488
2026-09-16T15:42:03.775015+00:00,kube-system,metrics-server-75dc6f8d87-gjbrb,74.0,271581184
2026-09-16T15:42:03.775015+00:00,kube-system,svclb-traefik-06832e5e-5x4tg,0.0,0
2026-09-16T15:42:03.775015+00:00,kube-system,traefik-9bcdbbd9-8sd5b,21.0,124780544
2026-09-16T15:42:03.775015+00:00,pyroscope,pyroscope-0,7.0,152043520
2026-09-16T15:42:03.775015+00:00,pyroscope,pyroscope-alloy-0,229.0,720371712
2026-09-16T15:42:35.018261+00:00,grove-system,grove-operator-8699948cbc-xt2md,183.0,1015021568
2026-09-16T15:42:35.018261+00:00,kai-scheduler,admission-86666f457d-r9cxh,1.0,16777216
2026-09-16T15:42:35.018261+00:00,kai-scheduler,kai-operator-69b5d7bcf7-8thjd,3.0,85983232
2026-09-16T15:42:35.018261+00:00,kai-scheduler,pod-grouper-65456f756-48wb4,1.0,11534336
2026-09-16T15:42:35.018261+00:00,kai-scheduler,podgroup-controller-68f9cc8dbf-bh56d,1.0,13631488
2026-09-16T15:42:35.018261+00:00,kai-scheduler,queue-controller-f86fcd76c-bgngw,1.0,13631488
2026-09-16T15:42:35.018261+00:00,kube-system,coredns-8db54c48d-npfv9,2.0,49283072
2026-09-16T15:42:35.018261+00:00,kube-system,kwok-controller-5cf8c7c44b-n4shp,80.0,85983232
2026-09-16T15:42:35.018261+00:00,kube-system,local-path-provisioner-5d9d9885bc-f52z9,1.0,13631488
2026-09-16T15:42:35.018261+00:00,kube-system,metrics-server-75dc6f8d87-gjbrb,34.0,275775488
2026-09-16T15:42:35.018261+00:00,kube-system,svclb-traefik-06832e5e-5x4tg,0.0,0
2026-09-16T15:42:35.018261+00:00,kube-system,traefik-9bcdbbd9-8sd5b,1.0,126877696
2026-09-16T15:42:35.018261+00:00,pyroscope,pyroscope-0,20.0,179306496
2026-09-16T15:42:35.018261+00:00,pyroscope,pyroscope-alloy-0,29.0,750780416
2026-09-16T15:43:06.313128+00:00,grove-system,grove-operator-8699948cbc-xt2md,40.0,1020264448
2026-09-16T15:43:06.313128+00:00,kai-scheduler,admission-86666f457d-r9cxh,1.0,16777216
2026-09-16T15:43:06.313128+00:00,kai-scheduler,kai-operator-69b5d7bcf7-8thjd,38.0,106954752
2026-09-16T15:43:06.313128+00:00,kai-scheduler,pod-grouper-65456f756-48wb4,1.0,11534336
2026-09-16T15:43:06.313128+00:00,kai-scheduler,podgroup-controller-68f9cc8dbf-bh56d,1.0,13631488
2026-09-16T15:43:06.313128+00:00,kai-scheduler,queue-controller-f86fcd76c-bgngw,1.0,13631488
2026-09-16T15:43:06.313128+00:00,kube-system,coredns-8db54c48d-npfv9,3.0,49283072
2026-09-16T15:43:06.313128+00:00,kube-system,kwok-controller-5cf8c7c44b-n4shp,112.0,89128960
2026-09-16T15:43:06.313128+00:00,kube-system,local-path-provisioner-5d9d9885bc-f52z9,1.0,13631488
2026-09-16T15:43:06.313128+00:00,kube-system,metrics-server-75dc6f8d87-gjbrb,55.0,291504128
2026-09-16T15:43:06.313128+00:00,kube-system,svclb-traefik-06832e5e-5x4tg,0.0,0
2026-09-16T15:43:06.313128+00:00,kube-system,traefik-9bcdbbd9-8sd5b,42.0,139460608
2026-09-16T15:43:06.313128+00:00,pyroscope,pyroscope-0,11.0,187695104
2026-09-16T15:43:06.313128+00:00,pyroscope,pyroscope-alloy-0,5.0,750780416
2026-09-16T15:43:37.572361+00:00,grove-system,grove-operator-8699948cbc-xt2md,59.0,1034944512
2026-09-16T15:43:37.572361+00:00,kai-scheduler,admission-86666f457d-r9cxh,1.0,16777216
2026-09-16T15:43:37.572361+00:00,kai-scheduler,kai-operator-69b5d7bcf7-8thjd,40.0,108003328
2026-09-16T15:43:37.572361+00:00,kai-scheduler,pod-grouper-65456f756-48wb4,1.0,11534336
2026-09-16T15:43:37.572361+00:00,kai-scheduler,podgroup-controller-68f9cc8dbf-bh56d,1.0,13631488
2026-09-16T15:43:37.572361+00:00,kai-scheduler,queue-controller-f86fcd76c-bgngw,1.0,13631488
2026-09-16T15:43:37.572361+00:00,kube-system,coredns-8db54c48d-npfv9,2.0,48234496
2026-09-16T15:43:37.572361+00:00,kube-system,kwok-controller-5cf8c7c44b-n4shp,110.0,90177536
2026-09-16T15:43:37.572361+00:00,kube-system,local-path-provisioner-5d9d9885bc-f52z9,1.0,13631488
2026-09-16T15:43:37.572361+00:00,kube-system,metrics-server-75dc6f8d87-gjbrb,57.0,291504128
2026-09-16T15:43:37.572361+00:00,kube-system,svclb-traefik-06832e5e-5x4tg,0.0,0
2026-09-16T15:43:37.572361+00:00,kube-system,traefik-9bcdbbd9-8sd5b,52.0,135266304
2026-09-16T15:43:37.572361+00:00,pyroscope,pyroscope-0,6.0,164626432
2026-09-16T15:43:37.572361+00:00,pyroscope,pyroscope-alloy-0,6.0,756023296
2026-09-16T15:44:08.823438+00:00,grove-system,grove-operator-8699948cbc-xt2md,115.0,1000341504
2026-09-16T15:44:08.823438+00:00,kai-scheduler,admission-86666f457d-r9cxh,1.0,16777216
2026-09-16T15:44:08.823438+00:00,kai-scheduler,kai-operator-69b5d7bcf7-8thjd,37.0,104857600
2026-09-16T15:44:08.823438+00:00,kai-scheduler,pod-grouper-65456f756-48wb4,1.0,11534336
2026-09-16T15:44:08.823438+00:00,kai-scheduler,podgroup-controller-68f9cc8dbf-bh56d,1.0,13631488
2026-09-16T15:44:08.823438+00:00,kai-scheduler,queue-controller-f86fcd76c-bgngw,1.0,13631488
2026-09-16T15:44:08.823438+00:00,kube-system,coredns-8db54c48d-npfv9,3.0,49283072
2026-09-16T15:44:08.823438+00:00,kube-system,kwok-controller-5cf8c7c44b-n4shp,128.0,89128960
2026-09-16T15:44:08.823438+00:00,kube-system,local-path-provisioner-5d9d9885bc-f52z9,1.0,13631488
2026-09-16T15:44:08.823438+00:00,kube-system,metrics-server-75dc6f8d87-gjbrb,55.0,303038464
2026-09-16T15:44:08.823438+00:00,kube-system,svclb-traefik-06832e5e-5x4tg,0.0,0
2026-09-16T15:44:08.823438+00:00,kube-system,traefik-9bcdbbd9-8sd5b,50.0,135266304
2026-09-16T15:44:08.823438+00:00,pyroscope,pyroscope-0,5.0,165675008
2026-09-16T15:44:08.823438+00:00,pyroscope,pyroscope-alloy-0,6.0,762314752
2026-09-16T15:44:40.073269+00:00,grove-system,grove-operator-8699948cbc-xt2md,87.0,1005584384
2026-09-16T15:44:40.073269+00:00,kai-scheduler,admission-86666f457d-r9cxh,1.0,16777216
2026-09-16T15:44:40.073269+00:00,kai-scheduler,kai-operator-69b5d7bcf7-8thjd,38.0,106954752
2026-09-16T15:44:40.073269+00:00,kai-scheduler,pod-grouper-65456f756-48wb4,1.0,11534336
2026-09-16T15:44:40.073269+00:00,kai-scheduler,podgroup-controller-68f9cc8dbf-bh56d,1.0,13631488
2026-09-16T15:44:40.073269+00:00,kai-scheduler,queue-controller-f86fcd76c-bgngw,1.0,13631488
2026-09-16T15:44:40.073269+00:00,kube-system,coredns-8db54c48d-npfv9,3.0,47185920
2026-09-16T15:44:40.073269+00:00,kube-system,kwok-controller-5cf8c7c44b-n4shp,117.0,88080384
2026-09-16T15:44:40.073269+00:00,kube-system,local-path-provisioner-5d9d9885bc-f52z9,1.0,13631488
2026-09-16T15:44:40.073269+00:00,kube-system,metrics-server-75dc6f8d87-gjbrb,55.0,305135616
2026-09-16T15:44:40.073269+00:00,kube-system,svclb-traefik-06832e5e-5x4tg,0.0,0
2026-09-16T15:44:40.073269+00:00,kube-system,traefik-9bcdbbd9-8sd5b,51.0,134217728
2026-09-16T15:44:40.073269+00:00,pyroscope,pyroscope-0,6.0,160432128
2026-09-16T15:44:40.073269+00:00,pyroscope,pyroscope-alloy-0,8.0,762314752
2026-09-16T15:45:11.318279+00:00,grove-system,grove-operator-8699948cbc-xt2md,98.0,972029952
2026-09-16T15:45:11.318279+00:00,kai-scheduler,admission-86666f457d-r9cxh,1.0,16777216
2026-09-16T15:45:11.318279+00:00,kai-scheduler,kai-operator-69b5d7bcf7-8thjd,38.0,106954752
2026-09-16T15:45:11.318279+00:00,kai-scheduler,pod-grouper-65456f756-48wb4,1.0,11534336
2026-09-16T15:45:11.318279+00:00,kai-scheduler,podgroup-controller-68f9cc8dbf-bh56d,1.0,13631488
2026-09-16T15:45:11.318279+00:00,kai-scheduler,queue-controller-f86fcd76c-bgngw,1.0,13631488
2026-09-16T15:45:11.318279+00:00,kube-system,coredns-8db54c48d-npfv9,2.0,47185920
2026-09-16T15:45:11.318279+00:00,kube-system,kwok-controller-5cf8c7c44b-n4shp,133.0,89128960
2026-09-16T15:45:11.318279+00:00,kube-system,local-path-provisioner-5d9d9885bc-f52z9,1.0,13631488
2026-09-16T15:45:11.318279+00:00,kube-system,metrics-server-75dc6f8d87-gjbrb,51.0,305135616
2026-09-16T15:45:11.318279+00:00,kube-system,svclb-traefik-06832e5e-5x4tg,0.0,0
2026-09-16T15:45:11.318279+00:00,kube-system,traefik-9bcdbbd9-8sd5b,53.0,126877696
2026-09-16T15:45:11.318279+00:00,pyroscope,pyroscope-0,6.0,161480704
2026-09-16T15:45:11.318279+00:00,pyroscope,pyroscope-alloy-0,6.0,775946240
2026-09-16T15:45:42.578735+00:00,grove-system,grove-operator-8699948cbc-xt2md,714.0,981467136
2026-09-16T15:45:42.578735+00:00,kai-scheduler,admission-86666f457d-r9cxh,1.0,16777216
2026-09-16T15:45:42.578735+00:00,kai-scheduler,binder-869fc94c7-m8hpb,99.0,78643200
2026-09-16T15:45:42.578735+00:00,kai-scheduler,kai-operator-69b5d7bcf7-8thjd,5.0,104857600
2026-09-16T15:45:42.578735+00:00,kai-scheduler,pod-grouper-65456f756-48wb4,1.0,11534336
2026-09-16T15:45:42.578735+00:00,kai-scheduler,podgroup-controller-68f9cc8dbf-bh56d,1.0,13631488
2026-09-16T15:45:42.578735+00:00,kai-scheduler,queue-controller-f86fcd76c-bgngw,1.0,13631488
2026-09-16T15:45:42.578735+00:00,kube-system,coredns-8db54c48d-npfv9,3.0,49283072
2026-09-16T15:45:42.578735+00:00,kube-system,kwok-controller-5cf8c7c44b-n4shp,112.0,88080384
2026-09-16T15:45:42.578735+00:00,kube-system,local-path-provisioner-5d9d9885bc-f52z9,1.0,13631488
2026-09-16T15:45:42.578735+00:00,kube-system,metrics-server-75dc6f8d87-gjbrb,39.0,304087040
2026-09-16T15:45:42.578735+00:00,kube-system,svclb-traefik-06832e5e-5x4tg,0.0,0
2026-09-16T15:45:42.578735+00:00,kube-system,traefik-9bcdbbd9-8sd5b,9.0,118489088
2026-09-16T15:45:42.578735+00:00,pyroscope,pyroscope-0,7.0,165675008
2026-09-16T15:45:42.578735+00:00,pyroscope,pyroscope-alloy-0,203.0,780140544
2026-09-16T15:46:13.860252+00:00,grove-system,grove-operator-8699948cbc-xt2md,1623.0,935329792
2026-09-16T15:46:13.860252+00:00,kai-scheduler,admission-86666f457d-r9cxh,1.0,16777216
2026-09-16T15:46:13.860252+00:00,kai-scheduler,kai-operator-69b5d7bcf7-8thjd,1.0,101711872
2026-09-16T15:46:13.860252+00:00,kai-scheduler,pod-grouper-65456f756-48wb4,1.0,11534336
2026-09-16T15:46:13.860252+00:00,kai-scheduler,podgroup-controller-68f9cc8dbf-bh56d,1.0,13631488
2026-09-16T15:46:13.860252+00:00,kai-scheduler,queue-controller-f86fcd76c-bgngw,1.0,13631488
2026-09-16T15:46:13.860252+00:00,kube-system,coredns-8db54c48d-npfv9,15.0,41943040
2026-09-16T15:46:13.860252+00:00,kube-system,kwok-controller-5cf8c7c44b-n4shp,415.0,91226112
2026-09-16T15:46:13.860252+00:00,kube-system,local-path-provisioner-5d9d9885bc-f52z9,1.0,13631488
2026-09-16T15:46:13.860252+00:00,kube-system,metrics-server-75dc6f8d87-gjbrb,91.0,312475648
2026-09-16T15:46:13.860252+00:00,kube-system,svclb-traefik-06832e5e-5x4tg,0.0,0
2026-09-16T15:46:13.860252+00:00,kube-system,traefik-9bcdbbd9-8sd5b,20.0,112197632
2026-09-16T15:46:13.860252+00:00,pyroscope,pyroscope-0,9.0,164626432
2026-09-16T15:46:13.860252+00:00,pyroscope,pyroscope-alloy-0,305.0,810549248
2026-09-16T15:46:45.139385+00:00,grove-system,grove-operator-8699948cbc-xt2md,1834.0,942669824
2026-09-16T15:46:45.139385+00:00,kai-scheduler,admission-86666f457d-r9cxh,1.0,16777216
2026-09-16T15:46:45.139385+00:00,kai-scheduler,kai-operator-69b5d7bcf7-8thjd,1.0,101711872
2026-09-16T15:46:45.139385+00:00,kai-scheduler,pod-grouper-65456f756-48wb4,1.0,11534336
2026-09-16T15:46:45.139385+00:00,kai-scheduler,podgroup-controller-68f9cc8dbf-bh56d,1.0,13631488
2026-09-16T15:46:45.139385+00:00,kai-scheduler,queue-controller-f86fcd76c-bgngw,1.0,13631488
2026-09-16T15:46:45.139385+00:00,kube-system,coredns-8db54c48d-npfv9,14.0,42991616
2026-09-16T15:46:45.139385+00:00,kube-system,kwok-controller-5cf8c7c44b-n4shp,341.0,91226112
2026-09-16T15:46:45.139385+00:00,kube-system,local-path-provisioner-5d9d9885bc-f52z9,1.0,13631488
2026-09-16T15:46:45.139385+00:00,kube-system,metrics-server-75dc6f8d87-gjbrb,74.0,311427072
2026-09-16T15:46:45.139385+00:00,kube-system,svclb-traefik-06832e5e-5x4tg,0.0,0
2026-09-16T15:46:45.139385+00:00,kube-system,traefik-9bcdbbd9-8sd5b,22.0,114294784
2026-09-16T15:46:45.139385+00:00,pyroscope,pyroscope-0,7.0,159383552
2026-09-16T15:46:45.139385+00:00,pyroscope,pyroscope-alloy-0,351.0,851443712
2026-09-16T15:47:16.439620+00:00,grove-system,grove-operator-8699948cbc-xt2md,1560.0,1019215872
2026-09-16T15:47:16.439620+00:00,kai-scheduler,admission-86666f457d-r9cxh,1.0,16777216
2026-09-16T15:47:16.439620+00:00,kai-scheduler,kai-operator-69b5d7bcf7-8thjd,1.0,101711872
2026-09-16T15:47:16.439620+00:00,kai-scheduler,pod-grouper-65456f756-48wb4,1.0,11534336
2026-09-16T15:47:16.439620+00:00,kai-scheduler,podgroup-controller-68f9cc8dbf-bh56d,1.0,13631488
2026-09-16T15:47:16.439620+00:00,kai-scheduler,queue-controller-f86fcd76c-bgngw,1.0,13631488
2026-09-16T15:47:16.439620+00:00,kube-system,coredns-8db54c48d-npfv9,3.0,45088768
2026-09-16T15:47:16.439620+00:00,kube-system,kwok-controller-5cf8c7c44b-n4shp,1269.0,105906176
2026-09-16T15:47:16.439620+00:00,kube-system,local-path-provisioner-5d9d9885bc-f52z9,1.0,13631488
2026-09-16T15:47:16.439620+00:00,kube-system,metrics-server-75dc6f8d87-gjbrb,63.0,319815680
2026-09-16T15:47:16.439620+00:00,kube-system,svclb-traefik-06832e5e-5x4tg,0.0,0
2026-09-16T15:47:16.439620+00:00,kube-system,traefik-9bcdbbd9-8sd5b,2.0,112197632
2026-09-16T15:47:16.439620+00:00,pyroscope,pyroscope-0,6.0,184549376
2026-09-16T15:47:16.439620+00:00,pyroscope,pyroscope-alloy-0,277.0,852492288
2026-09-16T15:47:47.747997+00:00,grove-system,grove-operator-8699948cbc-xt2md,1711.0,1015021568
2026-09-16T15:47:47.747997+00:00,kai-scheduler,admission-86666f457d-r9cxh,1.0,16777216
2026-09-16T15:47:47.747997+00:00,kai-scheduler,kai-operator-69b5d7bcf7-8thjd,1.0,101711872
2026-09-16T15:47:47.747997+00:00,kai-scheduler,pod-grouper-65456f756-48wb4,1.0,11534336
2026-09-16T15:47:47.747997+00:00,kai-scheduler,podgroup-controller-68f9cc8dbf-bh56d,1.0,13631488
2026-09-16T15:47:47.747997+00:00,kai-scheduler,queue-controller-f86fcd76c-bgngw,1.0,13631488
2026-09-16T15:47:47.747997+00:00,kube-system,coredns-8db54c48d-npfv9,12.0,46137344
2026-09-16T15:47:47.747997+00:00,kube-system,kwok-controller-5cf8c7c44b-n4shp,2509.0,115343360
2026-09-16T15:47:47.747997+00:00,kube-system,local-path-provisioner-5d9d9885bc-f52z9,1.0,13631488
2026-09-16T15:47:47.747997+00:00,kube-system,metrics-server-75dc6f8d87-gjbrb,74.0,322961408
2026-09-16T15:47:47.747997+00:00,kube-system,svclb-traefik-06832e5e-5x4tg,0.0,0
2026-09-16T15:47:47.747997+00:00,kube-system,traefik-9bcdbbd9-8sd5b,16.0,116391936
2026-09-16T15:47:47.747997+00:00,pyroscope,pyroscope-0,8.0,166723584
2026-09-16T15:47:47.747997+00:00,pyroscope,pyroscope-alloy-0,374.0,882900992
2026-09-16T15:48:19.029945+00:00,grove-system,grove-operator-8699948cbc-xt2md,1881.0,1033895936
2026-09-16T15:48:19.029945+00:00,kai-scheduler,admission-86666f457d-r9cxh,1.0,16777216
2026-09-16T15:48:19.029945+00:00,kai-scheduler,kai-operator-69b5d7bcf7-8thjd,1.0,88080384
2026-09-16T15:48:19.029945+00:00,kai-scheduler,pod-grouper-65456f756-48wb4,1.0,11534336
2026-09-16T15:48:19.029945+00:00,kai-scheduler,podgroup-controller-68f9cc8dbf-bh56d,1.0,13631488
2026-09-16T15:48:19.029945+00:00,kai-scheduler,queue-controller-f86fcd76c-bgngw,1.0,13631488
2026-09-16T15:48:19.029945+00:00,kube-system,coredns-8db54c48d-npfv9,14.0,45088768
2026-09-16T15:48:19.029945+00:00,kube-system,kwok-controller-5cf8c7c44b-n4shp,2714.0,114294784
2026-09-16T15:48:19.029945+00:00,kube-system,local-path-provisioner-5d9d9885bc-f52z9,1.0,13631488
2026-09-16T15:48:19.029945+00:00,kube-system,metrics-server-75dc6f8d87-gjbrb,73.0,322961408
2026-09-16T15:48:19.029945+00:00,kube-system,svclb-traefik-06832e5e-5x4tg,0.0,0
2026-09-16T15:48:19.029945+00:00,kube-system,traefik-9bcdbbd9-8sd5b,21.0,119537664
2026-09-16T15:48:19.029945+00:00,pyroscope,pyroscope-0,9.0,167772160
2026-09-16T15:48:19.029945+00:00,pyroscope,pyroscope-alloy-0,320.0,931135488
2026-09-16T15:48:50.319205+00:00,grove-system,grove-operator-8699948cbc-xt2md,1513.0,1185939456
2026-09-16T15:48:50.319205+00:00,kai-scheduler,admission-86666f457d-r9cxh,1.0,16777216
2026-09-16T15:48:50.319205+00:00,kai-scheduler,kai-operator-69b5d7bcf7-8thjd,5.0,89128960
2026-09-16T15:48:50.319205+00:00,kai-scheduler,pod-grouper-65456f756-48wb4,1.0,11534336
2026-09-16T15:48:50.319205+00:00,kai-scheduler,podgroup-controller-68f9cc8dbf-bh56d,1.0,13631488
2026-09-16T15:48:50.319205+00:00,kai-scheduler,queue-controller-f86fcd76c-bgngw,1.0,13631488
2026-09-16T15:48:50.319205+00:00,kube-system,coredns-8db54c48d-npfv9,16.0,47185920
2026-09-16T15:48:50.319205+00:00,kube-system,kwok-controller-5cf8c7c44b-n4shp,2572.0,114294784
2026-09-16T15:48:50.319205+00:00,kube-system,local-path-provisioner-5d9d9885bc-f52z9,1.0,13631488
2026-09-16T15:48:50.319205+00:00,kube-system,metrics-server-75dc6f8d87-gjbrb,61.0,334495744
2026-09-16T15:48:50.319205+00:00,kube-system,svclb-traefik-06832e5e-5x4tg,0.0,0
2026-09-16T15:48:50.319205+00:00,kube-system,traefik-9bcdbbd9-8sd5b,25.0,120586240
2026-09-16T15:48:50.319205+00:00,pyroscope,pyroscope-0,10.0,164626432
2026-09-16T15:48:50.319205+00:00,pyroscope,pyroscope-alloy-0,317.0,960495616
2026-09-16T15:49:21.622821+00:00,grove-system,grove-operator-8699948cbc-xt2md,2274.0,1156579328
2026-09-16T15:49:21.622821+00:00,kai-scheduler,admission-86666f457d-r9cxh,1.0,16777216
2026-09-16T15:49:21.622821+00:00,kai-scheduler,kai-operator-69b5d7bcf7-8thjd,1.0,89128960
2026-09-16T15:49:21.622821+00:00,kai-scheduler,pod-grouper-65456f756-48wb4,1.0,11534336
2026-09-16T15:49:21.622821+00:00,kai-scheduler,podgroup-controller-68f9cc8dbf-bh56d,1.0,13631488
2026-09-16T15:49:21.622821+00:00,kai-scheduler,queue-controller-f86fcd76c-bgngw,1.0,13631488
2026-09-16T15:49:21.622821+00:00,kube-system,coredns-8db54c48d-npfv9,14.0,46137344
2026-09-16T15:49:21.622821+00:00,kube-system,kwok-controller-5cf8c7c44b-n4shp,2510.0,115343360
2026-09-16T15:49:21.622821+00:00,kube-system,local-path-provisioner-5d9d9885bc-f52z9,1.0,13631488
2026-09-16T15:49:21.622821+00:00,kube-system,metrics-server-75dc6f8d87-gjbrb,70.0,334495744
2026-09-16T15:49:21.622821+00:00,kube-system,svclb-traefik-06832e5e-5x4tg,0.0,0
2026-09-16T15:49:21.622821+00:00,kube-system,traefik-9bcdbbd9-8sd5b,20.0,121634816
2026-09-16T15:49:21.622821+00:00,pyroscope,pyroscope-0,6.0,163577856
2026-09-16T15:49:21.622821+00:00,pyroscope,pyroscope-alloy-0,441.0,960495616
2026-09-16T15:49:52.961418+00:00,grove-system,grove-operator-8699948cbc-xt2md,2656.0,1285554176
2026-09-16T15:49:52.961418+00:00,kai-scheduler,admission-86666f457d-r9cxh,1.0,16777216
2026-09-16T15:49:52.961418+00:00,kai-scheduler,kai-operator-69b5d7bcf7-8thjd,1.0,89128960
2026-09-16T15:49:52.961418+00:00,kai-scheduler,pod-grouper-65456f756-48wb4,1.0,11534336
2026-09-16T15:49:52.961418+00:00,kai-scheduler,podgroup-controller-68f9cc8dbf-bh56d,1.0,13631488
2026-09-16T15:49:52.961418+00:00,kai-scheduler,queue-controller-f86fcd76c-bgngw,1.0,13631488
2026-09-16T15:49:52.961418+00:00,kube-system,coredns-8db54c48d-npfv9,12.0,48234496
2026-09-16T15:49:52.961418+00:00,kube-system,kwok-controller-5cf8c7c44b-n4shp,2617.0,116391936
2026-09-16T15:49:52.961418+00:00,kube-system,local-path-provisioner-5d9d9885bc-f52z9,1.0,13631488
2026-09-16T15:49:52.961418+00:00,kube-system,metrics-server-75dc6f8d87-gjbrb,87.0,357564416
2026-09-16T15:49:52.961418+00:00,kube-system,svclb-traefik-06832e5e-5x4tg,0.0,0
2026-09-16T15:49:52.961418+00:00,kube-system,traefik-9bcdbbd9-8sd5b,15.0,123731968
2026-09-16T15:49:52.961418+00:00,pyroscope,pyroscope-0,10.0,164626432
2026-09-16T15:49:52.961418+00:00,pyroscope,pyroscope-alloy-0,346.0,1020264448
2026-09-16T15:50:24.228586+00:00,grove-system,grove-operator-8699948cbc-xt2md,2614.0,1255145472
2026-09-16T15:50:24.228586+00:00,kai-scheduler,admission-86666f457d-r9cxh,1.0,16777216
2026-09-16T15:50:24.228586+00:00,kai-scheduler,kai-operator-69b5d7bcf7-8thjd,1.0,89128960
2026-09-16T15:50:24.228586+00:00,kai-scheduler,pod-grouper-65456f756-48wb4,1.0,11534336
2026-09-16T15:50:24.228586+00:00,kai-scheduler,podgroup-controller-68f9cc8dbf-bh56d,1.0,13631488
2026-09-16T15:50:24.228586+00:00,kai-scheduler,queue-controller-f86fcd76c-bgngw,1.0,13631488
2026-09-16T15:50:24.228586+00:00,kube-system,coredns-8db54c48d-npfv9,11.0,49283072
2026-09-16T15:50:24.228586+00:00,kube-system,kwok-controller-5cf8c7c44b-n4shp,2687.0,116391936
2026-09-16T15:50:24.228586+00:00,kube-system,local-path-provisioner-5d9d9885bc-f52z9,1.0,13631488
2026-09-16T15:50:24.228586+00:00,kube-system,metrics-server-75dc6f8d87-gjbrb,78.0,355467264
2026-09-16T15:50:24.228586+00:00,kube-system,svclb-traefik-06832e5e-5x4tg,0.0,0
2026-09-16T15:50:24.228586+00:00,kube-system,traefik-9bcdbbd9-8sd5b,19.0,126877696
2026-09-16T15:50:24.228586+00:00,pyroscope,pyroscope-0,9.0,166723584
2026-09-16T15:50:24.228586+00:00,pyroscope,pyroscope-alloy-0,339.0,1029701632
2026-09-16T15:50:55.493129+00:00,grove-system,grove-operator-8699948cbc-xt2md,59.0,1249902592
2026-09-16T15:50:55.493129+00:00,kai-scheduler,admission-86666f457d-r9cxh,1.0,16777216
2026-09-16T15:50:55.493129+00:00,kai-scheduler,kai-operator-69b5d7bcf7-8thjd,37.0,111149056
2026-09-16T15:50:55.493129+00:00,kai-scheduler,pod-grouper-65456f756-48wb4,1.0,11534336
2026-09-16T15:50:55.493129+00:00,kai-scheduler,podgroup-controller-68f9cc8dbf-bh56d,1.0,13631488
2026-09-16T15:50:55.493129+00:00,kai-scheduler,queue-controller-f86fcd76c-bgngw,1.0,13631488
2026-09-16T15:50:55.493129+00:00,kube-system,coredns-8db54c48d-npfv9,6.0,49283072
2026-09-16T15:50:55.493129+00:00,kube-system,kwok-controller-5cf8c7c44b-n4shp,169.0,108003328
2026-09-16T15:50:55.493129+00:00,kube-system,local-path-provisioner-5d9d9885bc-f52z9,1.0,13631488
2026-09-16T15:50:55.493129+00:00,kube-system,metrics-server-75dc6f8d87-gjbrb,81.0,370147328
2026-09-16T15:50:55.493129+00:00,kube-system,svclb-traefik-06832e5e-5x4tg,0.0,0
2026-09-16T15:50:55.493129+00:00,kube-system,traefik-9bcdbbd9-8sd5b,50.0,137363456
2026-09-16T15:50:55.493129+00:00,pyroscope,pyroscope-0,12.0,182452224
2026-09-16T15:50:55.493129+00:00,pyroscope,pyroscope-alloy-0,309.0,1029701632
2026-09-16T15:51:26.740734+00:00,grove-system,grove-operator-8699948cbc-xt2md,100.0,1289748480
2026-09-16T15:51:26.740734+00:00,kai-scheduler,admission-86666f457d-r9cxh,1.0,16777216
2026-09-16T15:51:26.740734+00:00,kai-scheduler,kai-operator-69b5d7bcf7-8thjd,42.0,109051904
2026-09-16T15:51:26.740734+00:00,kai-scheduler,pod-grouper-65456f756-48wb4,1.0,11534336
2026-09-16T15:51:26.740734+00:00,kai-scheduler,podgroup-controller-68f9cc8dbf-bh56d,1.0,13631488
2026-09-16T15:51:26.740734+00:00,kai-scheduler,queue-controller-f86fcd76c-bgngw,1.0,13631488
2026-09-16T15:51:26.740734+00:00,kube-system,coredns-8db54c48d-npfv9,2.0,49283072
2026-09-16T15:51:26.740734+00:00,kube-system,kwok-controller-5cf8c7c44b-n4shp,190.0,109051904
2026-09-16T15:51:26.740734+00:00,kube-system,local-path-provisioner-5d9d9885bc-f52z9,1.0,13631488
2026-09-16T15:51:26.740734+00:00,kube-system,metrics-server-75dc6f8d87-gjbrb,86.0,371195904
2026-09-16T15:51:26.740734+00:00,kube-system,svclb-traefik-06832e5e-5x4tg,0.0,0
2026-09-16T15:51:26.740734+00:00,kube-system,traefik-9bcdbbd9-8sd5b,53.0,136314880
2026-09-16T15:51:26.740734+00:00,pyroscope,pyroscope-0,7.0,170917888
2026-09-16T15:51:26.740734+00:00,pyroscope,pyroscope-alloy-0,301.0,1032847360
2026-09-16T15:51:58.019547+00:00,grove-system,grove-operator-8699948cbc-xt2md,2065.0,1205862400
2026-09-16T15:51:58.019547+00:00,kai-scheduler,admission-86666f457d-r9cxh,1.0,16777216
2026-09-16T15:51:58.019547+00:00,kai-scheduler,kai-operator-69b5d7bcf7-8thjd,4.0,105906176
2026-09-16T15:51:58.019547+00:00,kai-scheduler,pod-grouper-65456f756-48wb4,1.0,11534336
2026-09-16T15:51:58.019547+00:00,kai-scheduler,podgroup-controller-68f9cc8dbf-bh56d,1.0,13631488
2026-09-16T15:51:58.019547+00:00,kai-scheduler,queue-controller-f86fcd76c-bgngw,1.0,13631488
2026-09-16T15:51:58.019547+00:00,kube-system,coredns-8db54c48d-npfv9,9.0,51380224
2026-09-16T15:51:58.019547+00:00,kube-system,kwok-controller-5cf8c7c44b-n4shp,282.0,111149056
2026-09-16T15:51:58.019547+00:00,kube-system,local-path-provisioner-5d9d9885bc-f52z9,1.0,13631488
2026-09-16T15:51:58.019547+00:00,kube-system,metrics-server-75dc6f8d87-gjbrb,66.0,370147328
2026-09-16T15:51:58.019547+00:00,kube-system,svclb-traefik-06832e5e-5x4tg,0.0,0
2026-09-16T15:51:58.019547+00:00,kube-system,traefik-9bcdbbd9-8sd5b,18.0,135266304
2026-09-16T15:51:58.019547+00:00,pyroscope,pyroscope-0,10.0,175112192
2026-09-16T15:51:58.019547+00:00,pyroscope,pyroscope-alloy-0,366.0,1032847360
2026-09-16T15:52:29.301358+00:00,grove-system,grove-operator-8699948cbc-xt2md,1694.0,1192230912
2026-09-16T15:52:29.301358+00:00,kai-scheduler,admission-86666f457d-r9cxh,1.0,16777216
2026-09-16T15:52:29.301358+00:00,kai-scheduler,kai-operator-69b5d7bcf7-8thjd,1.0,105906176
2026-09-16T15:52:29.301358+00:00,kai-scheduler,pod-grouper-65456f756-48wb4,1.0,11534336
2026-09-16T15:52:29.301358+00:00,kai-scheduler,podgroup-controller-68f9cc8dbf-bh56d,1.0,13631488
2026-09-16T15:52:29.301358+00:00,kai-scheduler,queue-controller-f86fcd76c-bgngw,1.0,13631488
2026-09-16T15:52:29.301358+00:00,kube-system,coredns-8db54c48d-npfv9,14.0,51380224
2026-09-16T15:52:29.301358+00:00,kube-system,kwok-controller-5cf8c7c44b-n4shp,404.0,110100480
2026-09-16T15:52:29.301358+00:00,kube-system,local-path-provisioner-5d9d9885bc-f52z9,1.0,13631488
2026-09-16T15:52:29.301358+00:00,kube-system,metrics-server-75dc6f8d87-gjbrb,93.0,370147328
2026-09-16T15:52:29.301358+00:00,kube-system,svclb-traefik-06832e5e-5x4tg,0.0,0
2026-09-16T15:52:29.301358+00:00,kube-system,traefik-9bcdbbd9-8sd5b,23.0,137363456
2026-09-16T15:52:29.301358+00:00,pyroscope,pyroscope-0,9.0,169869312
2026-09-16T15:52:29.301358+00:00,pyroscope,pyroscope-alloy-0,384.0,1066401792
2026-09-16T15:53:00.574811+00:00,grove-system,grove-operator-8699948cbc-xt2md,1608.0,1241513984
2026-09-16T15:53:00.574811+00:00,kai-scheduler,admission-86666f457d-r9cxh,1.0,16777216
2026-09-16T15:53:00.574811+00:00,kai-scheduler,kai-operator-69b5d7bcf7-8thjd,3.0,105906176
2026-09-16T15:53:00.574811+00:00,kai-scheduler,pod-grouper-65456f756-48wb4,1.0,11534336
2026-09-16T15:53:00.574811+00:00,kai-scheduler,podgroup-controller-68f9cc8dbf-bh56d,1.0,13631488
2026-09-16T15:53:00.574811+00:00,kai-scheduler,queue-controller-f86fcd76c-bgngw,1.0,13631488
2026-09-16T15:53:00.574811+00:00,kube-system,coredns-8db54c48d-npfv9,10.0,53477376
2026-09-16T15:53:00.574811+00:00,kube-system,kwok-controller-5cf8c7c44b-n4shp,210.0,110100480
2026-09-16T15:53:00.574811+00:00,kube-system,local-path-provisioner-5d9d9885bc-f52z9,1.0,13631488
2026-09-16T15:53:00.574811+00:00,kube-system,metrics-server-75dc6f8d87-gjbrb,77.0,370147328
2026-09-16T15:53:00.574811+00:00,kube-system,svclb-traefik-06832e5e-5x4tg,0.0,0
2026-09-16T15:53:00.574811+00:00,kube-system,traefik-9bcdbbd9-8sd5b,21.0,136314880
2026-09-16T15:53:00.574811+00:00,pyroscope,pyroscope-0,14.0,184549376
2026-09-16T15:53:00.574811+00:00,pyroscope,pyroscope-alloy-0,379.0,1080033280
2026-09-16T15:53:31.853095+00:00,grove-system,grove-operator-8699948cbc-xt2md,1436.0,1272971264
2026-09-16T15:53:31.853095+00:00,kai-scheduler,admission-86666f457d-r9cxh,1.0,16777216
2026-09-16T15:53:31.853095+00:00,kai-scheduler,kai-operator-69b5d7bcf7-8thjd,1.0,105906176
2026-09-16T15:53:31.853095+00:00,kai-scheduler,pod-grouper-65456f756-48wb4,1.0,11534336
2026-09-16T15:53:31.853095+00:00,kai-scheduler,podgroup-controller-68f9cc8dbf-bh56d,1.0,13631488
2026-09-16T15:53:31.853095+00:00,kai-scheduler,queue-controller-f86fcd76c-bgngw,1.0,13631488
2026-09-16T15:53:31.853095+00:00,kube-system,coredns-8db54c48d-npfv9,3.0,53477376
2026-09-16T15:53:31.853095+00:00,kube-system,kwok-controller-5cf8c7c44b-n4shp,210.0,106954752
2026-09-16T15:53:31.853095+00:00,kube-system,local-path-provisioner-5d9d9885bc-f52z9,1.0,13631488
2026-09-16T15:53:31.853095+00:00,kube-system,metrics-server-75dc6f8d87-gjbrb,77.0,369098752
2026-09-16T15:53:31.853095+00:00,kube-system,svclb-traefik-06832e5e-5x4tg,0.0,0
2026-09-16T15:53:31.853095+00:00,kube-system,traefik-9bcdbbd9-8sd5b,5.0,138412032
2026-09-16T15:53:31.853095+00:00,pyroscope,pyroscope-0,8.0,184549376
2026-09-16T15:53:31.853095+00:00,pyroscope,pyroscope-alloy-0,448.0,1081081856
2026-09-16T15:54:03.152738+00:00,grove-system,grove-operator-8699948cbc-xt2md,2038.0,1267728384
2026-09-16T15:54:03.152738+00:00,kai-scheduler,admission-86666f457d-r9cxh,1.0,16777216
2026-09-16T15:54:03.152738+00:00,kai-scheduler,kai-operator-69b5d7bcf7-8thjd,3.0,91226112
2026-09-16T15:54:03.152738+00:00,kai-scheduler,pod-grouper-65456f756-48wb4,1.0,11534336
2026-09-16T15:54:03.152738+00:00,kai-scheduler,podgroup-controller-68f9cc8dbf-bh56d,1.0,13631488
2026-09-16T15:54:03.152738+00:00,kai-scheduler,queue-controller-f86fcd76c-bgngw,1.0,13631488
2026-09-16T15:54:03.152738+00:00,kube-system,coredns-8db54c48d-npfv9,15.0,53477376
2026-09-16T15:54:03.152738+00:00,kube-system,kwok-controller-5cf8c7c44b-n4shp,419.0,110100480
2026-09-16T15:54:03.152738+00:00,kube-system,local-path-provisioner-5d9d9885bc-f52z9,1.0,13631488
2026-09-16T15:54:03.152738+00:00,kube-system,metrics-server-75dc6f8d87-gjbrb,93.0,384827392
2026-09-16T15:54:03.152738+00:00,kube-system,svclb-traefik-06832e5e-5x4tg,0.0,0
2026-09-16T15:54:03.152738+00:00,kube-system,traefik-9bcdbbd9-8sd5b,20.0,138412032
2026-09-16T15:54:03.152738+00:00,pyroscope,pyroscope-0,9.0,184549376
2026-09-16T15:54:03.152738+00:00,pyroscope,pyroscope-alloy-0,413.0,1139802112
2026-09-16T15:54:34.416384+00:00,grove-system,grove-operator-8699948cbc-xt2md,1674.0,1365245952
2026-09-16T15:54:34.416384+00:00,kai-scheduler,admission-86666f457d-r9cxh,1.0,16777216
2026-09-16T15:54:34.416384+00:00,kai-scheduler,kai-operator-69b5d7bcf7-8thjd,3.0,92274688
2026-09-16T15:54:34.416384+00:00,kai-scheduler,pod-grouper-65456f756-48wb4,1.0,11534336
2026-09-16T15:54:34.416384+00:00,kai-scheduler,podgroup-controller-68f9cc8dbf-bh56d,1.0,13631488
2026-09-16T15:54:34.416384+00:00,kai-scheduler,queue-controller-f86fcd76c-bgngw,1.0,13631488
2026-09-16T15:54:34.416384+00:00,kube-system,coredns-8db54c48d-npfv9,16.0,55574528
2026-09-16T15:54:34.416384+00:00,kube-system,kwok-controller-5cf8c7c44b-n4shp,292.0,110100480
2026-09-16T15:54:34.416384+00:00,kube-system,local-path-provisioner-5d9d9885bc-f52z9,1.0,13631488
2026-09-16T15:54:34.416384+00:00,kube-system,metrics-server-75dc6f8d87-gjbrb,69.0,384827392
2026-09-16T15:54:34.416384+00:00,kube-system,svclb-traefik-06832e5e-5x4tg,0.0,0
2026-09-16T15:54:34.416384+00:00,kube-system,traefik-9bcdbbd9-8sd5b,21.0,143654912
2026-09-16T15:54:34.416384+00:00,pyroscope,pyroscope-0,18.0,186646528
2026-09-16T15:54:34.416384+00:00,pyroscope,pyroscope-alloy-0,421.0,1139802112
2026-09-16T15:55:05.691267+00:00,grove-system,grove-operator-8699948cbc-xt2md,2029.0,1436549120
2026-09-16T15:55:05.691267+00:00,kai-scheduler,admission-86666f457d-r9cxh,1.0,16777216
2026-09-16T15:55:05.691267+00:00,kai-scheduler,kai-operator-69b5d7bcf7-8thjd,1.0,92274688
2026-09-16T15:55:05.691267+00:00,kai-scheduler,pod-grouper-65456f756-48wb4,1.0,11534336
2026-09-16T15:55:05.691267+00:00,kai-scheduler,podgroup-controller-68f9cc8dbf-bh56d,1.0,13631488
2026-09-16T15:55:05.691267+00:00,kai-scheduler,queue-controller-f86fcd76c-bgngw,1.0,13631488
2026-09-16T15:55:05.691267+00:00,kube-system,coredns-8db54c48d-npfv9,16.0,58720256
2026-09-16T15:55:05.691267+00:00,kube-system,kwok-controller-5cf8c7c44b-n4shp,258.0,112197632
2026-09-16T15:55:05.691267+00:00,kube-system,local-path-provisioner-5d9d9885bc-f52z9,1.0,13631488
2026-09-16T15:55:05.691267+00:00,kube-system,metrics-server-75dc6f8d87-gjbrb,68.0,383778816
2026-09-16T15:55:05.691267+00:00,kube-system,svclb-traefik-06832e5e-5x4tg,0.0,0
2026-09-16T15:55:05.691267+00:00,kube-system,traefik-9bcdbbd9-8sd5b,25.0,149946368
2026-09-16T15:55:05.691267+00:00,pyroscope,pyroscope-0,8.0,173015040
2026-09-16T15:55:05.691267+00:00,pyroscope,pyroscope-alloy-0,406.0,1189085184
2026-09-16T15:55:36.996516+00:00,grove-system,grove-operator-8699948cbc-xt2md,2325.0,1570766848
2026-09-16T15:55:36.996516+00:00,kai-scheduler,admission-86666f457d-r9cxh,1.0,16777216
2026-09-16T15:55:36.996516+00:00,kai-scheduler,kai-operator-69b5d7bcf7-8thjd,1.0,92274688
2026-09-16T15:55:36.996516+00:00,kai-scheduler,pod-grouper-65456f756-48wb4,1.0,11534336
2026-09-16T15:55:36.996516+00:00,kai-scheduler,podgroup-controller-68f9cc8dbf-bh56d,1.0,13631488
2026-09-16T15:55:36.996516+00:00,kai-scheduler,queue-controller-f86fcd76c-bgngw,1.0,13631488
2026-09-16T15:55:36.996516+00:00,kube-system,coredns-8db54c48d-npfv9,17.0,58720256
2026-09-16T15:55:36.996516+00:00,kube-system,kwok-controller-5cf8c7c44b-n4shp,406.0,112197632
2026-09-16T15:55:36.996516+00:00,kube-system,local-path-provisioner-5d9d9885bc-f52z9,1.0,13631488
2026-09-16T15:55:36.996516+00:00,kube-system,metrics-server-75dc6f8d87-gjbrb,80.0,386924544
2026-09-16T15:55:36.996516+00:00,kube-system,svclb-traefik-06832e5e-5x4tg,0.0,0
2026-09-16T15:55:36.996516+00:00,kube-system,traefik-9bcdbbd9-8sd5b,26.0,149946368
2026-09-16T15:55:36.996516+00:00,pyroscope,pyroscope-0,7.0,175112192
2026-09-16T15:55:36.996516+00:00,pyroscope,pyroscope-alloy-0,520.0,1193279488
2026-09-16T15:56:08.274974+00:00,grove-system,grove-operator-8699948cbc-xt2md,2847.0,1564475392
2026-09-16T15:56:08.274974+00:00,kai-scheduler,admission-86666f457d-r9cxh,1.0,16777216
2026-09-16T15:56:08.274974+00:00,kai-scheduler,kai-operator-69b5d7bcf7-8thjd,1.0,91226112
2026-09-16T15:56:08.274974+00:00,kai-scheduler,pod-grouper-65456f756-48wb4,1.0,11534336
2026-09-16T15:56:08.274974+00:00,kai-scheduler,podgroup-controller-68f9cc8dbf-bh56d,1.0,13631488
2026-09-16T15:56:08.274974+00:00,kai-scheduler,queue-controller-f86fcd76c-bgngw,1.0,13631488
2026-09-16T15:56:08.274974+00:00,kube-system,coredns-8db54c48d-npfv9,17.0,59768832
2026-09-16T15:56:08.274974+00:00,kube-system,kwok-controller-5cf8c7c44b-n4shp,423.0,112197632
2026-09-16T15:56:08.274974+00:00,kube-system,local-path-provisioner-5d9d9885bc-f52z9,1.0,13631488
2026-09-16T15:56:08.274974+00:00,kube-system,metrics-server-75dc6f8d87-gjbrb,80.0,389021696
2026-09-16T15:56:08.274974+00:00,kube-system,svclb-traefik-06832e5e-5x4tg,0.0,0
2026-09-16T15:56:08.274974+00:00,kube-system,traefik-9bcdbbd9-8sd5b,29.0,154140672
2026-09-16T15:56:08.274974+00:00,pyroscope,pyroscope-0,9.0,175112192
2026-09-16T15:56:08.274974+00:00,pyroscope,pyroscope-alloy-0,517.0,1236271104
