timestamp,namespace,pod,cpu_millicores,mem_bytes
2026-09-16T17:36:32.136820+00:00,grove-system,grove-operator-bfd47f895-hqvp4,3.0,34603008
2026-09-16T17:36:32.136820+00:00,kai-scheduler,admission-86666f457d-2g56g,1.0,13631488
2026-09-16T17:36:32.136820+00:00,kai-scheduler,binder-869fc94c7-shvq6,9.0,49283072
2026-09-16T17:36:32.136820+00:00,kai-scheduler,kai-operator-69b5d7bcf7-mvp2x,9.0,83886080
2026-09-16T17:36:32.136820+00:00,kai-scheduler,kai-scheduler-default-7d6685f94-rh5xx,16.0,98566144
2026-09-16T17:36:32.136820+00:00,kai-scheduler,pod-grouper-65456f756-7lkc9,1.0,11534336
2026-09-16T17:36:32.136820+00:00,kai-scheduler,podgroup-controller-68f9cc8dbf-cdbr7,1.0,13631488
2026-09-16T17:36:32.136820+00:00,kai-scheduler,queue-controller-f86fcd76c-t8wkj,1.0,11534336
2026-09-16T17:36:32.136820+00:00,kube-system,coredns-8db54c48d-4t78n,2.0,20971520
2026-09-16T17:36:32.136820+00:00,kube-system,kwok-controller-5cf8c7c44b-jqjt4,75.0,48234496
2026-09-16T17:36:32.136820+00:00,kube-system,local-path-provisioner-5d9d9885bc-xgwkr,1.0,13631488
2026-09-16T17:36:32.136820+00:00,kube-system,metrics-server-786d997795-f468t,31.0,136314880
2026-09-16T17:36:32.136820+00:00,kube-system,svclb-traefik-1111e3f7-l9hjt,0.0,0
2026-09-16T17:36:32.136820+00:00,kube-system,traefik-9bcdbbd9-z65hr,13.0,69206016
2026-09-16T17:36:32.136820+00:00,pyroscope,pyroscope-0,4.0,38797312
2026-09-16T17:36:32.136820+00:00,pyroscope,pyroscope-alloy-0,4.0,91226112
2026-09-16T17:37:03.401502+00:00,grove-system,grove-operator-bfd47f895-hqvp4,4.0,31457280
2026-09-16T17:37:03.401502+00:00,kai-scheduler,admission-86666f457d-2g56g,1.0,13631488
2026-09-16T17:37:03.401502+00:00,kai-scheduler,binder-869fc94c7-shvq6,27.0,50331648
2026-09-16T17:37:03.401502+00:00,kai-scheduler,kai-operator-69b5d7bcf7-mvp2x,23.0,84934656
2026-09-16T17:37:03.401502+00:00,kai-scheduler,kai-scheduler-default-7d6685f94-rh5xx,20.0,99614720
2026-09-16T17:37:03.401502+00:00,kai-scheduler,pod-grouper-65456f756-7lkc9,1.0,11534336
2026-09-16T17:37:03.401502+00:00,kai-scheduler,podgroup-controller-68f9cc8dbf-cdbr7,1.0,13631488
2026-09-16T17:37:03.401502+00:00,kai-scheduler,queue-controller-f86fcd76c-t8wkj,1.0,11534336
2026-09-16T17:37:03.401502+00:00,kube-system,coredns-8db54c48d-4t78n,2.0,20971520
2026-09-16T17:37:03.401502+00:00,kube-system,kwok-controller-5cf8c7c44b-jqjt4,84.0,52428800
2026-09-16T17:37:03.401502+00:00,kube-system,local-path-provisioner-5d9d9885bc-xgwkr,1.0,15728640
2026-09-16T17:37:03.401502+00:00,kube-system,metrics-server-75dc6f8d87-8wltz,89.0,76546048
2026-09-16T17:37:03.401502+00:00,kube-system,metrics-server-786d997795-f468t,47.0,143654912
2026-09-16T17:37:03.401502+00:00,kube-system,svclb-traefik-1111e3f7-l9hjt,0.0,0
2026-09-16T17:37:03.401502+00:00,kube-system,traefik-9bcdbbd9-z65hr,26.0,73400320
2026-09-16T17:37:03.401502+00:00,pyroscope,pyroscope-0,4.0,40894464
2026-09-16T17:37:03.401502+00:00,pyroscope,pyroscope-alloy-0,4.0,93323264
2026-09-16T17:37:34.666907+00:00,grove-system,grove-operator-bfd47f895-hqvp4,3.0,33554432
2026-09-16T17:37:34.666907+00:00,kai-scheduler,admission-86666f457d-2g56g,1.0,13631488
2026-09-16T17:37:34.666907+00:00,kai-scheduler,binder-869fc94c7-shvq6,33.0,51380224
2026-09-16T17:37:34.666907+00:00,kai-scheduler,kai-operator-69b5d7bcf7-mvp2x,37.0,88080384
2026-09-16T17:37:34.666907+00:00,kai-scheduler,kai-scheduler-default-7d6685f94-rh5xx,41.0,100663296
2026-09-16T17:37:34.666907+00:00,kai-scheduler,pod-grouper-65456f756-7lkc9,1.0,11534336
2026-09-16T17:37:34.666907+00:00,kai-scheduler,podgroup-controller-68f9cc8dbf-cdbr7,1.0,13631488
2026-09-16T17:37:34.666907+00:00,kai-scheduler,queue-controller-f86fcd76c-t8wkj,1.0,11534336
2026-09-16T17:37:34.666907+00:00,kube-system,coredns-8db54c48d-4t78n,2.0,20971520
2026-09-16T17:37:34.666907+00:00,kube-system,kwok-controller-5cf8c7c44b-jqjt4,108.0,52428800
2026-09-16T17:37:34.666907+00:00,kube-system,local-path-provisioner-5d9d9885bc-xgwkr,1.0,15728640
2026-09-16T17:37:34.666907+00:00,kube-system,metrics-server-75dc6f8d87-8wltz,49.0,115343360
2026-09-16T17:37:34.666907+00:00,kube-system,svclb-traefik-1111e3f7-l9hjt,0.0,0
2026-09-16T17:37:34.666907+00:00,kube-system,traefik-9bcdbbd9-z65hr,42.0,75497472
2026-09-16T17:37:34.666907+00:00,pyroscope,pyroscope-0,5.0,44040192
2026-09-16T17:37:34.666907+00:00,pyroscope,pyroscope-alloy-0,6.0,93323264
2026-09-16T17:38:05.914445+00:00,grove-system,grove-operator-bfd47f895-hqvp4,4.0,50331648
2026-09-16T17:38:05.914445+00:00,kai-scheduler,admission-86666f457d-2g56g,1.0,13631488
2026-09-16T17:38:05.914445+00:00,kai-scheduler,binder-869fc94c7-shvq6,31.0,52428800
2026-09-16T17:38:05.914445+00:00,kai-scheduler,kai-operator-69b5d7bcf7-mvp2x,34.0,91226112
2026-09-16T17:38:05.914445+00:00,kai-scheduler,kai-scheduler-default-7d6685f94-rh5xx,39.0,102760448
2026-09-16T17:38:05.914445+00:00,kai-scheduler,pod-grouper-65456f756-7lkc9,1.0,11534336
2026-09-16T17:38:05.914445+00:00,kai-scheduler,podgroup-controller-68f9cc8dbf-cdbr7,1.0,13631488
2026-09-16T17:38:05.914445+00:00,kai-scheduler,queue-controller-f86fcd76c-t8wkj,1.0,11534336
2026-09-16T17:38:05.914445+00:00,kube-system,coredns-8db54c48d-4t78n,2.0,20971520
2026-09-16T17:38:05.914445+00:00,kube-system,kwok-controller-5cf8c7c44b-jqjt4,102.0,50331648
2026-09-16T17:38:05.914445+00:00,kube-system,local-path-provisioner-5d9d9885bc-xgwkr,1.0,15728640
2026-09-16T17:38:05.914445+00:00,kube-system,metrics-server-75dc6f8d87-8wltz,43.0,135266304
2026-09-16T17:38:05.914445+00:00,kube-system,svclb-traefik-1111e3f7-l9hjt,0.0,0
2026-09-16T17:38:05.914445+00:00,kube-system,traefik-9bcdbbd9-z65hr,50.0,76546048
2026-09-16T17:38:05.914445+00:00,pyroscope,pyroscope-0,5.0,48234496
2026-09-16T17:38:05.914445+00:00,pyroscope,pyroscope-alloy-0,6.0,94371840
2026-09-16T17:38:37.164604+00:00,grove-system,grove-operator-bfd47f895-hqvp4,3.0,50331648
2026-09-16T17:38:37.164604+00:00,kai-scheduler,admission-86666f457d-2g56g,1.0,13631488
2026-09-16T17:38:37.164604+00:00,kai-scheduler,binder-869fc94c7-shvq6,32.0,51380224
2026-09-16T17:38:37.164604+00:00,kai-scheduler,kai-operator-69b5d7bcf7-mvp2x,34.0,91226112
2026-09-16T17:38:37.164604+00:00,kai-scheduler,kai-scheduler-default-7d6685f94-rh5xx,37.0,103809024
2026-09-16T17:38:37.164604+00:00,kai-scheduler,pod-grouper-65456f756-7lkc9,1.0,11534336
2026-09-16T17:38:37.164604+00:00,kai-scheduler,podgroup-controller-68f9cc8dbf-cdbr7,1.0,13631488
2026-09-16T17:38:37.164604+00:00,kai-scheduler,queue-controller-f86fcd76c-t8wkj,1.0,11534336
2026-09-16T17:38:37.164604+00:00,kube-system,coredns-8db54c48d-4t78n,2.0,20971520
2026-09-16T17:38:37.164604+00:00,kube-system,kwok-controller-5cf8c7c44b-jqjt4,79.0,51380224
2026-09-16T17:38:37.164604+00:00,kube-system,local-path-provisioner-5d9d9885bc-xgwkr,1.0,15728640
2026-09-16T17:38:37.164604+00:00,kube-system,metrics-server-75dc6f8d87-8wltz,52.0,139460608
2026-09-16T17:38:37.164604+00:00,kube-system,svclb-traefik-1111e3f7-l9hjt,0.0,0
2026-09-16T17:38:37.164604+00:00,kube-system,traefik-9bcdbbd9-z65hr,48.0,77594624
2026-09-16T17:38:37.164604+00:00,pyroscope,pyroscope-0,5.0,54525952
2026-09-16T17:38:37.164604+00:00,pyroscope,pyroscope-alloy-0,3.0,94371840
2026-09-16T17:39:08.422063+00:00,grove-system,grove-operator-bfd47f895-hqvp4,214.0,159383552
2026-09-16T17:39:08.422063+00:00,kai-scheduler,admission-86666f457d-2g56g,1.0,13631488
2026-09-16T17:39:08.422063+00:00,kai-scheduler,binder-869fc94c7-shvq6,9.0,51380224
2026-09-16T17:39:08.422063+00:00,kai-scheduler,kai-operator-69b5d7bcf7-mvp2x,47.0,90177536
2026-09-16T17:39:08.422063+00:00,kai-scheduler,kai-scheduler-default-7d6685f94-rh5xx,21.0,102760448
2026-09-16T17:39:08.422063+00:00,kai-scheduler,pod-grouper-65456f756-7lkc9,1.0,11534336
2026-09-16T17:39:08.422063+00:00,kai-scheduler,podgroup-controller-68f9cc8dbf-cdbr7,1.0,13631488
2026-09-16T17:39:08.422063+00:00,kai-scheduler,queue-controller-f86fcd76c-t8wkj,1.0,11534336
2026-09-16T17:39:08.422063+00:00,kube-system,coredns-8db54c48d-4t78n,35.0,26214400
2026-09-16T17:39:08.422063+00:00,kube-system,kwok-controller-5cf8c7c44b-jqjt4,89.0,49283072
2026-09-16T17:39:08.422063+00:00,kube-system,local-path-provisioner-5d9d9885bc-xgwkr,1.0,15728640
2026-09-16T17:39:08.422063+00:00,kube-system,metrics-server-75dc6f8d87-8wltz,42.0,149946368
2026-09-16T17:39:08.422063+00:00,kube-system,svclb-traefik-1111e3f7-l9hjt,0.0,0
2026-09-16T17:39:08.422063+00:00,kube-system,traefik-9bcdbbd9-z65hr,76.0,87031808
2026-09-16T17:39:08.422063+00:00,pyroscope,pyroscope-0,6.0,56623104
2026-09-16T17:39:08.422063+00:00,pyroscope,pyroscope-alloy-0,4.0,96468992
2026-09-16T17:39:39.671711+00:00,grove-system,grove-operator-bfd47f895-hqvp4,211.0,157286400
2026-09-16T17:39:39.671711+00:00,kai-scheduler,admission-86666f457d-2g56g,1.0,13631488
2026-09-16T17:39:39.671711+00:00,kai-scheduler,binder-869fc94c7-shvq6,9.0,51380224
2026-09-16T17:39:39.671711+00:00,kai-scheduler,kai-operator-69b5d7bcf7-mvp2x,36.0,98566144
2026-09-16T17:39:39.671711+00:00,kai-scheduler,kai-scheduler-default-7d6685f94-rh5xx,19.0,101711872
2026-09-16T17:39:39.671711+00:00,kai-scheduler,pod-grouper-65456f756-7lkc9,1.0,11534336
2026-09-16T17:39:39.671711+00:00,kai-scheduler,podgroup-controller-68f9cc8dbf-cdbr7,1.0,13631488
2026-09-16T17:39:39.671711+00:00,kai-scheduler,queue-controller-f86fcd76c-t8wkj,1.0,11534336
2026-09-16T17:39:39.671711+00:00,kube-system,coredns-8db54c48d-4t78n,27.0,31457280
2026-09-16T17:39:39.671711+00:00,kube-system,kwok-controller-5cf8c7c44b-jqjt4,102.0,50331648
2026-09-16T17:39:39.671711+00:00,kube-system,local-path-provisioner-5d9d9885bc-xgwkr,1.0,15728640
2026-09-16T17:39:39.671711+00:00,kube-system,metrics-server-75dc6f8d87-8wltz,35.0,148897792
2026-09-16T17:39:39.671711+00:00,kube-system,svclb-traefik-1111e3f7-l9hjt,0.0,0
2026-09-16T17:39:39.671711+00:00,kube-system,traefik-9bcdbbd9-z65hr,61.0,127926272
2026-09-16T17:39:39.671711+00:00,pyroscope,pyroscope-0,6.0,57671680
2026-09-16T17:39:39.671711+00:00,pyroscope,pyroscope-alloy-0,6.0,96468992
2026-09-16T17:40:10.919951+00:00,grove-system,grove-operator-bfd47f895-hqvp4,414.0,368050176
2026-09-16T17:40:10.919951+00:00,kai-scheduler,admission-86666f457d-2g56g,1.0,13631488
2026-09-16T17:40:10.919951+00:00,kai-scheduler,binder-869fc94c7-shvq6,11.0,58720256
2026-09-16T17:40:10.919951+00:00,kai-scheduler,kai-operator-69b5d7bcf7-mvp2x,1.0,98566144
2026-09-16T17:40:10.919951+00:00,kai-scheduler,kai-scheduler-default-7d6685f94-rh5xx,20.0,106954752
2026-09-16T17:40:10.919951+00:00,kai-scheduler,pod-grouper-65456f756-7lkc9,1.0,11534336
2026-09-16T17:40:10.919951+00:00,kai-scheduler,podgroup-controller-68f9cc8dbf-cdbr7,1.0,13631488
2026-09-16T17:40:10.919951+00:00,kai-scheduler,queue-controller-f86fcd76c-t8wkj,1.0,11534336
2026-09-16T17:40:10.919951+00:00,kube-system,coredns-8db54c48d-4t78n,8.0,31457280
2026-09-16T17:40:10.919951+00:00,kube-system,kwok-controller-5cf8c7c44b-jqjt4,68.0,48234496
2026-09-16T17:40:10.919951+00:00,kube-system,local-path-provisioner-5d9d9885bc-xgwkr,1.0,15728640
2026-09-16T17:40:10.919951+00:00,kube-system,metrics-server-75dc6f8d87-8wltz,38.0,148897792
2026-09-16T17:40:10.919951+00:00,kube-system,svclb-traefik-1111e3f7-l9hjt,0.0,0
2026-09-16T17:40:10.919951+00:00,kube-system,traefik-9bcdbbd9-z65hr,12.0,132120576
2026-09-16T17:40:10.919951+00:00,pyroscope,pyroscope-0,6.0,58720256
2026-09-16T17:40:10.919951+00:00,pyroscope,pyroscope-alloy-0,14.0,98566144
2026-09-16T17:40:42.164689+00:00,grove-system,grove-operator-bfd47f895-hqvp4,395.0,374341632
2026-09-16T17:40:42.164689+00:00,kai-scheduler,admission-86666f457d-2g56g,1.0,13631488
2026-09-16T17:40:42.164689+00:00,kai-scheduler,binder-869fc94c7-shvq6,2.0,55574528
2026-09-16T17:40:42.164689+00:00,kai-scheduler,kai-operator-69b5d7bcf7-mvp2x,1.0,98566144
2026-09-16T17:40:42.164689+00:00,kai-scheduler,kai-scheduler-default-7d6685f94-rh5xx,15.0,118489088
2026-09-16T17:40:42.164689+00:00,kai-scheduler,pod-grouper-65456f756-7lkc9,1.0,11534336
2026-09-16T17:40:42.164689+00:00,kai-scheduler,podgroup-controller-68f9cc8dbf-cdbr7,1.0,13631488
2026-09-16T17:40:42.164689+00:00,kai-scheduler,queue-controller-f86fcd76c-t8wkj,1.0,11534336
2026-09-16T17:40:42.164689+00:00,kube-system,coredns-8db54c48d-4t78n,8.0,32505856
2026-09-16T17:40:42.164689+00:00,kube-system,kwok-controller-5cf8c7c44b-jqjt4,78.0,48234496
2026-09-16T17:40:42.164689+00:00,kube-system,local-path-provisioner-5d9d9885bc-xgwkr,1.0,15728640
2026-09-16T17:40:42.164689+00:00,kube-system,metrics-server-75dc6f8d87-8wltz,30.0,147849216
2026-09-16T17:40:42.164689+00:00,kube-system,svclb-traefik-1111e3f7-l9hjt,0.0,0
2026-09-16T17:40:42.164689+00:00,kube-system,traefik-9bcdbbd9-z65hr,11.0,133169152
2026-09-16T17:40:42.164689+00:00,pyroscope,pyroscope-0,6.0,65011712
2026-09-16T17:40:42.164689+00:00,pyroscope,pyroscope-alloy-0,7.0,103809024
2026-09-16T17:41:13.423517+00:00,grove-system,grove-operator-bfd47f895-hqvp4,472.0,404750336
2026-09-16T17:41:13.423517+00:00,kai-scheduler,admission-86666f457d-2g56g,1.0,13631488
2026-09-16T17:41:13.423517+00:00,kai-scheduler,binder-869fc94c7-shvq6,37.0,92274688
2026-09-16T17:41:13.423517+00:00,kai-scheduler,kai-operator-69b5d7bcf7-mvp2x,1.0,98566144
2026-09-16T17:41:13.423517+00:00,kai-scheduler,kai-scheduler-default-7d6685f94-rh5xx,52.0,133169152
2026-09-16T17:41:13.423517+00:00,kai-scheduler,pod-grouper-65456f756-7lkc9,1.0,11534336
2026-09-16T17:41:13.423517+00:00,kai-scheduler,podgroup-controller-68f9cc8dbf-cdbr7,1.0,13631488
2026-09-16T17:41:13.423517+00:00,kai-scheduler,queue-controller-f86fcd76c-t8wkj,1.0,11534336
2026-09-16T17:41:13.423517+00:00,kube-system,coredns-8db54c48d-4t78n,8.0,32505856
2026-09-16T17:41:13.423517+00:00,kube-system,kwok-controller-5cf8c7c44b-jqjt4,139.0,54525952
2026-09-16T17:41:13.423517+00:00,kube-system,local-path-provisioner-5d9d9885bc-xgwkr,1.0,15728640
2026-09-16T17:41:13.423517+00:00,kube-system,metrics-server-75dc6f8d87-8wltz,37.0,147849216
2026-09-16T17:41:13.423517+00:00,kube-system,svclb-traefik-1111e3f7-l9hjt,0.0,0
2026-09-16T17:41:13.423517+00:00,kube-system,traefik-9bcdbbd9-z65hr,12.0,132120576
2026-09-16T17:41:13.423517+00:00,pyroscope,pyroscope-0,6.0,65011712
2026-09-16T17:41:13.423517+00:00,pyroscope,pyroscope-alloy-0,41.0,115343360
2026-09-16T17:41:44.690463+00:00,grove-system,grove-operator-bfd47f895-hqvp4,587.0,487587840
2026-09-16T17:41:44.690463+00:00,kai-scheduler,admission-86666f457d-2g56g,1.0,13631488
2026-09-16T17:41:44.690463+00:00,kai-scheduler,binder-869fc94c7-shvq6,68.0,161480704
2026-09-16T17:41:44.690463+00:00,kai-scheduler,kai-operator-69b5d7bcf7-mvp2x,3.0,98566144
2026-09-16T17:41:44.690463+00:00,kai-scheduler,kai-scheduler-default-7d6685f94-rh5xx,79.0,216006656
2026-09-16T17:41:44.690463+00:00,kai-scheduler,pod-grouper-65456f756-7lkc9,1.0,11534336
2026-09-16T17:41:44.690463+00:00,kai-scheduler,podgroup-controller-68f9cc8dbf-cdbr7,1.0,13631488
2026-09-16T17:41:44.690463+00:00,kai-scheduler,queue-controller-f86fcd76c-t8wkj,1.0,11534336
2026-09-16T17:41:44.690463+00:00,kube-system,coredns-8db54c48d-4t78n,9.0,33554432
2026-09-16T17:41:44.690463+00:00,kube-system,kwok-controller-5cf8c7c44b-jqjt4,115.0,59768832
2026-09-16T17:41:44.690463+00:00,kube-system,local-path-provisioner-5d9d9885bc-xgwkr,1.0,15728640
2026-09-16T17:41:44.690463+00:00,kube-system,metrics-server-75dc6f8d87-8wltz,45.0,147849216
2026-09-16T17:41:44.690463+00:00,kube-system,svclb-traefik-1111e3f7-l9hjt,0.0,0
2026-09-16T17:41:44.690463+00:00,kube-system,traefik-9bcdbbd9-z65hr,12.0,143654912
2026-09-16T17:41:44.690463+00:00,pyroscope,pyroscope-0,6.0,66060288
2026-09-16T17:41:44.690463+00:00,pyroscope,pyroscope-alloy-0,53.0,144703488
2026-09-16T17:42:15.953929+00:00,grove-system,grove-operator-bfd47f895-hqvp4,568.0,540016640
2026-09-16T17:42:15.953929+00:00,kai-scheduler,admission-86666f457d-2g56g,1.0,13631488
2026-09-16T17:42:15.953929+00:00,kai-scheduler,binder-869fc94c7-shvq6,52.0,203423744
2026-09-16T17:42:15.953929+00:00,kai-scheduler,kai-operator-69b5d7bcf7-mvp2x,1.0,98566144
2026-09-16T17:42:15.953929+00:00,kai-scheduler,kai-scheduler-default-7d6685f94-rh5xx,74.0,319815680
2026-09-16T17:42:15.953929+00:00,kai-scheduler,pod-grouper-65456f756-7lkc9,1.0,11534336
2026-09-16T17:42:15.953929+00:00,kai-scheduler,podgroup-controller-68f9cc8dbf-cdbr7,1.0,13631488
2026-09-16T17:42:15.953929+00:00,kai-scheduler,queue-controller-f86fcd76c-t8wkj,1.0,11534336
2026-09-16T17:42:15.953929+00:00,kube-system,coredns-8db54c48d-4t78n,8.0,35651584
2026-09-16T17:42:15.953929+00:00,kube-system,kwok-controller-5cf8c7c44b-jqjt4,89.0,56623104
2026-09-16T17:42:15.953929+00:00,kube-system,local-path-provisioner-5d9d9885bc-xgwkr,1.0,15728640
2026-09-16T17:42:15.953929+00:00,kube-system,metrics-server-75dc6f8d87-8wltz,38.0,147849216
2026-09-16T17:42:15.953929+00:00,kube-system,svclb-traefik-1111e3f7-l9hjt,0.0,0
2026-09-16T17:42:15.953929+00:00,kube-system,traefik-9bcdbbd9-z65hr,12.0,150994944
2026-09-16T17:42:15.953929+00:00,pyroscope,pyroscope-0,6.0,69206016
2026-09-16T17:42:15.953929+00:00,pyroscope,pyroscope-alloy-0,37.0,177209344
2026-09-16T17:42:47.209416+00:00,grove-system,grove-operator-bfd47f895-hqvp4,576.0,634388480
2026-09-16T17:42:47.209416+00:00,kai-scheduler,admission-86666f457d-2g56g,1.0,13631488
2026-09-16T17:42:47.209416+00:00,kai-scheduler,kai-operator-69b5d7bcf7-mvp2x,5.0,98566144
2026-09-16T17:42:47.209416+00:00,kai-scheduler,kai-scheduler-default-7d6685f94-rh5xx,79.0,368050176
2026-09-16T17:42:47.209416+00:00,kai-scheduler,pod-grouper-65456f756-7lkc9,1.0,11534336
2026-09-16T17:42:47.209416+00:00,kai-scheduler,podgroup-controller-68f9cc8dbf-cdbr7,1.0,13631488
2026-09-16T17:42:47.209416+00:00,kai-scheduler,queue-controller-f86fcd76c-t8wkj,1.0,11534336
2026-09-16T17:42:47.209416+00:00,kube-system,coredns-8db54c48d-4t78n,8.0,38797312
2026-09-16T17:42:47.209416+00:00,kube-system,kwok-controller-5cf8c7c44b-jqjt4,97.0,58720256
2026-09-16T17:42:47.209416+00:00,kube-system,local-path-provisioner-5d9d9885bc-xgwkr,1.0,15728640
2026-09-16T17:42:47.209416+00:00,kube-system,metrics-server-75dc6f8d87-8wltz,39.0,155189248
2026-09-16T17:42:47.209416+00:00,kube-system,svclb-traefik-1111e3f7-l9hjt,0.0,0
2026-09-16T17:42:47.209416+00:00,kube-system,traefik-9bcdbbd9-z65hr,12.0,150994944
2026-09-16T17:42:47.209416+00:00,pyroscope,pyroscope-0,7.0,69206016
2026-09-16T17:42:47.209416+00:00,pyroscope,pyroscope-alloy-0,47.0,193986560
2026-09-16T17:43:18.516544+00:00,grove-system,grove-operator-bfd47f895-hqvp4,845.0,783286272
2026-09-16T17:43:18.516544+00:00,kai-scheduler,admission-86666f457d-2g56g,1.0,13631488
2026-09-16T17:43:18.516544+00:00,kai-scheduler,kai-operator-69b5d7bcf7-mvp2x,4.0,113246208
2026-09-16T17:43:18.516544+00:00,kai-scheduler,kai-scheduler-default-7d6685f94-rh5xx,102.0,482344960
2026-09-16T17:43:18.516544+00:00,kai-scheduler,pod-grouper-65456f756-7lkc9,1.0,11534336
2026-09-16T17:43:18.516544+00:00,kai-scheduler,podgroup-controller-68f9cc8dbf-cdbr7,1.0,13631488
2026-09-16T17:43:18.516544+00:00,kai-scheduler,queue-controller-f86fcd76c-t8wkj,1.0,11534336
2026-09-16T17:43:18.516544+00:00,kube-system,coredns-8db54c48d-4t78n,8.0,38797312
2026-09-16T17:43:18.516544+00:00,kube-system,kwok-controller-5cf8c7c44b-jqjt4,363.0,63963136
2026-09-16T17:43:18.516544+00:00,kube-system,local-path-provisioner-5d9d9885bc-xgwkr,1.0,15728640
2026-09-16T17:43:18.516544+00:00,kube-system,metrics-server-75dc6f8d87-8wltz,74.0,155189248
2026-09-16T17:43:18.516544+00:00,kube-system,svclb-traefik-1111e3f7-l9hjt,0.0,0
2026-09-16T17:43:18.516544+00:00,kube-system,traefik-9bcdbbd9-z65hr,8.0,150994944
2026-09-16T17:43:18.516544+00:00,pyroscope,pyroscope-0,8.0,73400320
2026-09-16T17:43:18.516544+00:00,pyroscope,pyroscope-alloy-0,88.0,252706816
2026-09-16T17:43:49.897966+00:00,grove-system,grove-operator-bfd47f895-hqvp4,812.0,866123776
2026-09-16T17:43:49.897966+00:00,kai-scheduler,admission-86666f457d-2g56g,1.0,13631488
2026-09-16T17:43:49.897966+00:00,kai-scheduler,kai-operator-69b5d7bcf7-mvp2x,6.0,114294784
2026-09-16T17:43:49.897966+00:00,kai-scheduler,pod-grouper-65456f756-7lkc9,1.0,11534336
2026-09-16T17:43:49.897966+00:00,kai-scheduler,podgroup-controller-68f9cc8dbf-cdbr7,1.0,13631488
2026-09-16T17:43:49.897966+00:00,kai-scheduler,queue-controller-f86fcd76c-t8wkj,1.0,11534336
2026-09-16T17:43:49.897966+00:00,kube-system,coredns-8db54c48d-4t78n,9.0,38797312
2026-09-16T17:43:49.897966+00:00,kube-system,kwok-controller-5cf8c7c44b-jqjt4,258.0,63963136
2026-09-16T17:43:49.897966+00:00,kube-system,local-path-provisioner-5d9d9885bc-xgwkr,1.0,15728640
2026-09-16T17:43:49.897966+00:00,kube-system,metrics-server-75dc6f8d87-8wltz,71.0,156237824
2026-09-16T17:43:49.897966+00:00,kube-system,svclb-traefik-1111e3f7-l9hjt,0.0,0
2026-09-16T17:43:49.897966+00:00,kube-system,traefik-9bcdbbd9-z65hr,20.0,163577856
2026-09-16T17:43:49.897966+00:00,pyroscope,pyroscope-0,8.0,74448896
2026-09-16T17:43:49.897966+00:00,pyroscope,pyroscope-alloy-0,153.0,304087040
2026-09-16T17:44:21.187126+00:00,grove-system,grove-operator-bfd47f895-hqvp4,1117.0,911212544
2026-09-16T17:44:21.187126+00:00,kai-scheduler,admission-86666f457d-2g56g,1.0,13631488
2026-09-16T17:44:21.187126+00:00,kai-scheduler,kai-operator-69b5d7bcf7-mvp2x,6.0,113246208
2026-09-16T17:44:21.187126+00:00,kai-scheduler,pod-grouper-65456f756-7lkc9,1.0,11534336
2026-09-16T17:44:21.187126+00:00,kai-scheduler,podgroup-controller-68f9cc8dbf-cdbr7,1.0,13631488
2026-09-16T17:44:21.187126+00:00,kai-scheduler,queue-controller-f86fcd76c-t8wkj,1.0,11534336
2026-09-16T17:44:21.187126+00:00,kube-system,coredns-8db54c48d-4t78n,9.0,39845888
2026-09-16T17:44:21.187126+00:00,kube-system,kwok-controller-5cf8c7c44b-jqjt4,319.0,65011712
2026-09-16T17:44:21.187126+00:00,kube-system,local-path-provisioner-5d9d9885bc-xgwkr,1.0,15728640
2026-09-16T17:44:21.187126+00:00,kube-system,metrics-server-75dc6f8d87-8wltz,67.0,164626432
2026-09-16T17:44:21.187126+00:00,kube-system,svclb-traefik-1111e3f7-l9hjt,0.0,0
2026-09-16T17:44:21.187126+00:00,kube-system,traefik-9bcdbbd9-z65hr,13.0,164626432
2026-09-16T17:44:21.187126+00:00,pyroscope,pyroscope-0,9.0,77594624
2026-09-16T17:44:21.187126+00:00,pyroscope,pyroscope-alloy-0,156.0,337641472
2026-09-16T17:44:52.471495+00:00,grove-system,grove-operator-bfd47f895-hqvp4,809.0,916455424
2026-09-16T17:44:52.471495+00:00,kai-scheduler,admission-86666f457d-2g56g,1.0,13631488
2026-09-16T17:44:52.471495+00:00,kai-scheduler,kai-operator-69b5d7bcf7-mvp2x,8.0,114294784
2026-09-16T17:44:52.471495+00:00,kai-scheduler,pod-grouper-65456f756-7lkc9,1.0,11534336
2026-09-16T17:44:52.471495+00:00,kai-scheduler,podgroup-controller-68f9cc8dbf-cdbr7,1.0,13631488
2026-09-16T17:44:52.471495+00:00,kai-scheduler,queue-controller-f86fcd76c-t8wkj,1.0,11534336
2026-09-16T17:44:52.471495+00:00,kube-system,coredns-8db54c48d-4t78n,9.0,40894464
2026-09-16T17:44:52.471495+00:00,kube-system,kwok-controller-5cf8c7c44b-jqjt4,277.0,67108864
2026-09-16T17:44:52.471495+00:00,kube-system,local-path-provisioner-5d9d9885bc-xgwkr,1.0,15728640
2026-09-16T17:44:52.471495+00:00,kube-system,metrics-server-75dc6f8d87-8wltz,73.0,173015040
2026-09-16T17:44:52.471495+00:00,kube-system,svclb-traefik-1111e3f7-l9hjt,0.0,0
2026-09-16T17:44:52.471495+00:00,kube-system,traefik-9bcdbbd9-z65hr,12.0,164626432
2026-09-16T17:44:52.471495+00:00,pyroscope,pyroscope-0,8.0,78643200
2026-09-16T17:44:52.471495+00:00,pyroscope,pyroscope-alloy-0,147.0,342884352
2026-09-16T17:45:23.732123+00:00,grove-system,grove-operator-bfd47f895-hqvp4,635.0,924844032
2026-09-16T17:45:23.732123+00:00,kai-scheduler,admission-86666f457d-2g56g,1.0,13631488
2026-09-16T17:45:23.732123+00:00,kai-scheduler,kai-operator-69b5d7bcf7-mvp2x,3.0,114294784
2026-09-16T17:45:23.732123+00:00,kai-scheduler,pod-grouper-65456f756-7lkc9,1.0,11534336
2026-09-16T17:45:23.732123+00:00,kai-scheduler,podgroup-controller-68f9cc8dbf-cdbr7,1.0,13631488
2026-09-16T17:45:23.732123+00:00,kai-scheduler,queue-controller-f86fcd76c-t8wkj,1.0,11534336
2026-09-16T17:45:23.732123+00:00,kube-system,coredns-8db54c48d-4t78n,8.0,40894464
2026-09-16T17:45:23.732123+00:00,kube-system,kwok-controller-5cf8c7c44b-jqjt4,289.0,68157440
2026-09-16T17:45:23.732123+00:00,kube-system,local-path-provisioner-5d9d9885bc-xgwkr,1.0,15728640
2026-09-16T17:45:23.732123+00:00,kube-system,metrics-server-75dc6f8d87-8wltz,67.0,174063616
2026-09-16T17:45:23.732123+00:00,kube-system,svclb-traefik-1111e3f7-l9hjt,0.0,0
2026-09-16T17:45:23.732123+00:00,kube-system,traefik-9bcdbbd9-z65hr,25.0,197132288
2026-09-16T17:45:23.732123+00:00,pyroscope,pyroscope-0,8.0,78643200
2026-09-16T17:45:23.732123+00:00,pyroscope,pyroscope-alloy-0,129.0,361758720
2026-09-16T17:45:54.992990+00:00,grove-system,grove-operator-bfd47f895-hqvp4,665.0,922746880
2026-09-16T17:45:54.992990+00:00,kai-scheduler,admission-86666f457d-2g56g,1.0,13631488
2026-09-16T17:45:54.992990+00:00,kai-scheduler,kai-operator-69b5d7bcf7-mvp2x,1.0,114294784
2026-09-16T17:45:54.992990+00:00,kai-scheduler,pod-grouper-65456f756-7lkc9,1.0,11534336
2026-09-16T17:45:54.992990+00:00,kai-scheduler,podgroup-controller-68f9cc8dbf-cdbr7,1.0,13631488
2026-09-16T17:45:54.992990+00:00,kai-scheduler,queue-controller-f86fcd76c-t8wkj,1.0,11534336
2026-09-16T17:45:54.992990+00:00,kube-system,coredns-8db54c48d-4t78n,8.0,44040192
2026-09-16T17:45:54.992990+00:00,kube-system,kwok-controller-5cf8c7c44b-jqjt4,300.0,69206016
2026-09-16T17:45:54.992990+00:00,kube-system,local-path-provisioner-5d9d9885bc-xgwkr,1.0,15728640
2026-09-16T17:45:54.992990+00:00,kube-system,metrics-server-75dc6f8d87-8wltz,62.0,196083712
2026-09-16T17:45:54.992990+00:00,kube-system,svclb-traefik-1111e3f7-l9hjt,0.0,0
2026-09-16T17:45:54.992990+00:00,kube-system,traefik-9bcdbbd9-z65hr,12.0,197132288
2026-09-16T17:45:54.992990+00:00,pyroscope,pyroscope-0,7.0,78643200
2026-09-16T17:45:54.992990+00:00,pyroscope,pyroscope-alloy-0,161.0,405798912
2026-09-16T17:46:26.247964+00:00,grove-system,grove-operator-bfd47f895-hqvp4,752.0,950009856
2026-09-16T17:46:26.247964+00:00,kai-scheduler,admission-86666f457d-2g56g,1.0,13631488
2026-09-16T17:46:26.247964+00:00,kai-scheduler,kai-operator-69b5d7bcf7-mvp2x,8.0,114294784
2026-09-16T17:46:26.247964+00:00,kai-scheduler,pod-grouper-65456f756-7lkc9,1.0,11534336
2026-09-16T17:46:26.247964+00:00,kai-scheduler,podgroup-controller-68f9cc8dbf-cdbr7,1.0,13631488
2026-09-16T17:46:26.247964+00:00,kai-scheduler,queue-controller-f86fcd76c-t8wkj,1.0,11534336
2026-09-16T17:46:26.247964+00:00,kube-system,coredns-8db54c48d-4t78n,9.0,42991616
2026-09-16T17:46:26.247964+00:00,kube-system,kwok-controller-5cf8c7c44b-jqjt4,230.0,71303168
2026-09-16T17:46:26.247964+00:00,kube-system,local-path-provisioner-5d9d9885bc-xgwkr,1.0,15728640
2026-09-16T17:46:26.247964+00:00,kube-system,metrics-server-75dc6f8d87-8wltz,61.0,196083712
2026-09-16T17:46:26.247964+00:00,kube-system,svclb-traefik-1111e3f7-l9hjt,0.0,0
2026-09-16T17:46:26.247964+00:00,kube-system,traefik-9bcdbbd9-z65hr,12.0,199229440
2026-09-16T17:46:26.247964+00:00,pyroscope,pyroscope-0,7.0,80740352
2026-09-16T17:46:26.247964+00:00,pyroscope,pyroscope-alloy-0,226.0,417333248
2026-09-16T17:46:57.499890+00:00,grove-system,grove-operator-bfd47f895-hqvp4,362.0,927989760
2026-09-16T17:46:57.499890+00:00,kai-scheduler,admission-86666f457d-2g56g,1.0,13631488
2026-09-16T17:46:57.499890+00:00,kai-scheduler,kai-operator-69b5d7bcf7-mvp2x,5.0,114294784
2026-09-16T17:46:57.499890+00:00,kai-scheduler,pod-grouper-65456f756-7lkc9,1.0,11534336
2026-09-16T17:46:57.499890+00:00,kai-scheduler,podgroup-controller-68f9cc8dbf-cdbr7,1.0,13631488
2026-09-16T17:46:57.499890+00:00,kai-scheduler,queue-controller-f86fcd76c-t8wkj,1.0,11534336
2026-09-16T17:46:57.499890+00:00,kube-system,coredns-8db54c48d-4t78n,9.0,45088768
2026-09-16T17:46:57.499890+00:00,kube-system,kwok-controller-5cf8c7c44b-jqjt4,79.0,68157440
2026-09-16T17:46:57.499890+00:00,kube-system,local-path-provisioner-5d9d9885bc-xgwkr,1.0,15728640
2026-09-16T17:46:57.499890+00:00,kube-system,metrics-server-75dc6f8d87-8wltz,38.0,221249536
2026-09-16T17:46:57.499890+00:00,kube-system,svclb-traefik-1111e3f7-l9hjt,0.0,0
2026-09-16T17:46:57.499890+00:00,kube-system,traefik-9bcdbbd9-z65hr,12.0,198180864
2026-09-16T17:46:57.499890+00:00,pyroscope,pyroscope-0,7.0,93323264
2026-09-16T17:46:57.499890+00:00,pyroscope,pyroscope-alloy-0,42.0,449839104
2026-09-16T17:47:28.743447+00:00,grove-system,grove-operator-bfd47f895-hqvp4,29.0,898629632
2026-09-16T17:47:28.743447+00:00,kai-scheduler,admission-86666f457d-2g56g,1.0,13631488
2026-09-16T17:47:28.743447+00:00,kai-scheduler,kai-operator-69b5d7bcf7-mvp2x,3.0,114294784
2026-09-16T17:47:28.743447+00:00,kai-scheduler,pod-grouper-65456f756-7lkc9,1.0,11534336
2026-09-16T17:47:28.743447+00:00,kai-scheduler,podgroup-controller-68f9cc8dbf-cdbr7,1.0,13631488
2026-09-16T17:47:28.743447+00:00,kai-scheduler,queue-controller-f86fcd76c-t8wkj,1.0,11534336
2026-09-16T17:47:28.743447+00:00,kube-system,coredns-8db54c48d-4t78n,9.0,45088768
2026-09-16T17:47:28.743447+00:00,kube-system,kwok-controller-5cf8c7c44b-jqjt4,78.0,73400320
2026-09-16T17:47:28.743447+00:00,kube-system,local-path-provisioner-5d9d9885bc-xgwkr,1.0,15728640
2026-09-16T17:47:28.743447+00:00,kube-system,metrics-server-75dc6f8d87-8wltz,29.0,219152384
2026-09-16T17:47:28.743447+00:00,kube-system,svclb-traefik-1111e3f7-l9hjt,0.0,0
2026-09-16T17:47:28.743447+00:00,kube-system,traefik-9bcdbbd9-z65hr,18.0,198180864
2026-09-16T17:47:28.743447+00:00,pyroscope,pyroscope-0,5.0,92274688
2026-09-16T17:47:28.743447+00:00,pyroscope,pyroscope-alloy-0,35.0,449839104
2026-09-16T17:47:59.989736+00:00,grove-system,grove-operator-bfd47f895-hqvp4,48.0,901775360
2026-09-16T17:47:59.989736+00:00,kai-scheduler,admission-86666f457d-2g56g,1.0,13631488
2026-09-16T17:47:59.989736+00:00,kai-scheduler,kai-operator-69b5d7bcf7-mvp2x,8.0,114294784
2026-09-16T17:47:59.989736+00:00,kai-scheduler,pod-grouper-65456f756-7lkc9,1.0,11534336
2026-09-16T17:47:59.989736+00:00,kai-scheduler,podgroup-controller-68f9cc8dbf-cdbr7,1.0,13631488
2026-09-16T17:47:59.989736+00:00,kai-scheduler,queue-controller-f86fcd76c-t8wkj,1.0,11534336
2026-09-16T17:47:59.989736+00:00,kube-system,coredns-8db54c48d-4t78n,10.0,46137344
2026-09-16T17:47:59.989736+00:00,kube-system,kwok-controller-5cf8c7c44b-jqjt4,82.0,70254592
2026-09-16T17:47:59.989736+00:00,kube-system,local-path-provisioner-5d9d9885bc-xgwkr,1.0,15728640
2026-09-16T17:47:59.989736+00:00,kube-system,metrics-server-75dc6f8d87-8wltz,33.0,220200960
2026-09-16T17:47:59.989736+00:00,kube-system,svclb-traefik-1111e3f7-l9hjt,0.0,0
2026-09-16T17:47:59.989736+00:00,kube-system,traefik-9bcdbbd9-z65hr,13.0,199229440
2026-09-16T17:47:59.989736+00:00,pyroscope,pyroscope-0,5.0,92274688
2026-09-16T17:47:59.989736+00:00,pyroscope,pyroscope-alloy-0,111.0,472907776
2026-09-16T17:48:31.260884+00:00,grove-system,grove-operator-bfd47f895-hqvp4,82.0,908066816
2026-09-16T17:48:31.260884+00:00,kai-scheduler,admission-86666f457d-2g56g,1.0,13631488
2026-09-16T17:48:31.260884+00:00,kai-scheduler,kai-operator-69b5d7bcf7-mvp2x,3.0,114294784
2026-09-16T17:48:31.260884+00:00,kai-scheduler,pod-grouper-65456f756-7lkc9,1.0,11534336
2026-09-16T17:48:31.260884+00:00,kai-scheduler,podgroup-controller-68f9cc8dbf-cdbr7,1.0,13631488
2026-09-16T17:48:31.260884+00:00,kai-scheduler,queue-controller-f86fcd76c-t8wkj,1.0,11534336
2026-09-16T17:48:31.260884+00:00,kube-system,coredns-8db54c48d-4t78n,9.0,47185920
2026-09-16T17:48:31.260884+00:00,kube-system,kwok-controller-5cf8c7c44b-jqjt4,69.0,72351744
2026-09-16T17:48:31.260884+00:00,kube-system,local-path-provisioner-5d9d9885bc-xgwkr,1.0,15728640
2026-09-16T17:48:31.260884+00:00,kube-system,metrics-server-75dc6f8d87-8wltz,29.0,221249536
2026-09-16T17:48:31.260884+00:00,kube-system,svclb-traefik-1111e3f7-l9hjt,0.0,0
2026-09-16T17:48:31.260884+00:00,kube-system,traefik-9bcdbbd9-z65hr,12.0,198180864
2026-09-16T17:48:31.260884+00:00,pyroscope,pyroscope-0,6.0,93323264
2026-09-16T17:48:31.260884+00:00,pyroscope,pyroscope-alloy-0,49.0,472907776
2026-09-16T17:49:02.510723+00:00,grove-system,grove-operator-bfd47f895-hqvp4,83.0,909115392
2026-09-16T17:49:02.510723+00:00,kai-scheduler,admission-86666f457d-2g56g,1.0,13631488
2026-09-16T17:49:02.510723+00:00,kai-scheduler,kai-operator-69b5d7bcf7-mvp2x,3.0,114294784
2026-09-16T17:49:02.510723+00:00,kai-scheduler,pod-grouper-65456f756-7lkc9,1.0,11534336
2026-09-16T17:49:02.510723+00:00,kai-scheduler,podgroup-controller-68f9cc8dbf-cdbr7,1.0,13631488
2026-09-16T17:49:02.510723+00:00,kai-scheduler,queue-controller-f86fcd76c-t8wkj,1.0,11534336
2026-09-16T17:49:02.510723+00:00,kube-system,coredns-8db54c48d-4t78n,10.0,50331648
2026-09-16T17:49:02.510723+00:00,kube-system,kwok-controller-5cf8c7c44b-jqjt4,116.0,72351744
2026-09-16T17:49:02.510723+00:00,kube-system,local-path-provisioner-5d9d9885bc-xgwkr,1.0,15728640
2026-09-16T17:49:02.510723+00:00,kube-system,metrics-server-75dc6f8d87-8wltz,26.0,231735296
2026-09-16T17:49:02.510723+00:00,kube-system,svclb-traefik-1111e3f7-l9hjt,0.0,0
2026-09-16T17:49:02.510723+00:00,kube-system,traefik-9bcdbbd9-z65hr,12.0,199229440
2026-09-16T17:49:02.510723+00:00,pyroscope,pyroscope-0,5.0,95420416
2026-09-16T17:49:02.510723+00:00,pyroscope,pyroscope-alloy-0,4.0,472907776
2026-09-16T17:49:33.754487+00:00,grove-system,grove-operator-bfd47f895-hqvp4,94.0,911212544
2026-09-16T17:49:33.754487+00:00,kai-scheduler,admission-86666f457d-2g56g,1.0,13631488
2026-09-16T17:49:33.754487+00:00,kai-scheduler,kai-operator-69b5d7bcf7-mvp2x,5.0,114294784
2026-09-16T17:49:33.754487+00:00,kai-scheduler,pod-grouper-65456f756-7lkc9,1.0,11534336
2026-09-16T17:49:33.754487+00:00,kai-scheduler,podgroup-controller-68f9cc8dbf-cdbr7,1.0,13631488
2026-09-16T17:49:33.754487+00:00,kai-scheduler,queue-controller-f86fcd76c-t8wkj,1.0,11534336
2026-09-16T17:49:33.754487+00:00,kube-system,coredns-8db54c48d-4t78n,8.0,48234496
2026-09-16T17:49:33.754487+00:00,kube-system,kwok-controller-5cf8c7c44b-jqjt4,85.0,74448896
2026-09-16T17:49:33.754487+00:00,kube-system,local-path-provisioner-5d9d9885bc-xgwkr,1.0,15728640
2026-09-16T17:49:33.754487+00:00,kube-system,metrics-server-75dc6f8d87-8wltz,35.0,230686720
2026-09-16T17:49:33.754487+00:00,kube-system,svclb-traefik-1111e3f7-l9hjt,0.0,0
2026-09-16T17:49:33.754487+00:00,kube-system,traefik-9bcdbbd9-z65hr,15.0,197132288
2026-09-16T17:49:33.754487+00:00,pyroscope,pyroscope-0,5.0,96468992
2026-09-16T17:49:33.754487+00:00,pyroscope,pyroscope-alloy-0,58.0,475004928
2026-09-16T17:50:05.005225+00:00,grove-system,grove-operator-bfd47f895-hqvp4,48.0,912261120
2026-09-16T17:50:05.005225+00:00,kai-scheduler,admission-86666f457d-2g56g,1.0,13631488
2026-09-16T17:50:05.005225+00:00,kai-scheduler,kai-operator-69b5d7bcf7-mvp2x,3.0,114294784
2026-09-16T17:50:05.005225+00:00,kai-scheduler,pod-grouper-65456f756-7lkc9,1.0,11534336
2026-09-16T17:50:05.005225+00:00,kai-scheduler,podgroup-controller-68f9cc8dbf-cdbr7,1.0,13631488
2026-09-16T17:50:05.005225+00:00,kai-scheduler,queue-controller-f86fcd76c-t8wkj,1.0,11534336
2026-09-16T17:50:05.005225+00:00,kube-system,coredns-8db54c48d-4t78n,9.0,48234496
2026-09-16T17:50:05.005225+00:00,kube-system,kwok-controller-5cf8c7c44b-jqjt4,93.0,76546048
2026-09-16T17:50:05.005225+00:00,kube-system,local-path-provisioner-5d9d9885bc-xgwkr,1.0,15728640
2026-09-16T17:50:05.005225+00:00,kube-system,metrics-server-75dc6f8d87-8wltz,35.0,231735296
2026-09-16T17:50:05.005225+00:00,kube-system,svclb-traefik-1111e3f7-l9hjt,0.0,0
2026-09-16T17:50:05.005225+00:00,kube-system,traefik-9bcdbbd9-z65hr,9.0,197132288
2026-09-16T17:50:05.005225+00:00,pyroscope,pyroscope-0,5.0,95420416
2026-09-16T17:50:05.005225+00:00,pyroscope,pyroscope-alloy-0,22.0,476053504
2026-09-16T17:50:36.253118+00:00,grove-system,grove-operator-bfd47f895-hqvp4,83.0,920649728
2026-09-16T17:50:36.253118+00:00,kai-scheduler,admission-86666f457d-2g56g,1.0,13631488
2026-09-16T17:50:36.253118+00:00,kai-scheduler,kai-operator-69b5d7bcf7-mvp2x,5.0,114294784
2026-09-16T17:50:36.253118+00:00,kai-scheduler,pod-grouper-65456f756-7lkc9,1.0,11534336
2026-09-16T17:50:36.253118+00:00,kai-scheduler,podgroup-controller-68f9cc8dbf-cdbr7,1.0,13631488
2026-09-16T17:50:36.253118+00:00,kai-scheduler,queue-controller-f86fcd76c-t8wkj,1.0,11534336
2026-09-16T17:50:36.253118+00:00,kube-system,coredns-8db54c48d-4t78n,6.0,48234496
2026-09-16T17:50:36.253118+00:00,kube-system,kwok-controller-5cf8c7c44b-jqjt4,57.0,76546048
2026-09-16T17:50:36.253118+00:00,kube-system,local-path-provisioner-5d9d9885bc-xgwkr,1.0,15728640
2026-09-16T17:50:36.253118+00:00,kube-system,metrics-server-75dc6f8d87-8wltz,30.0,244318208
2026-09-16T17:50:36.253118+00:00,kube-system,svclb-traefik-1111e3f7-l9hjt,0.0,0
2026-09-16T17:50:36.253118+00:00,kube-system,traefik-9bcdbbd9-z65hr,7.0,197132288
2026-09-16T17:50:36.253118+00:00,pyroscope,pyroscope-0,5.0,96468992
2026-09-16T17:50:36.253118+00:00,pyroscope,pyroscope-alloy-0,55.0,476053504
2026-09-16T17:51:07.509167+00:00,grove-system,grove-operator-bfd47f895-hqvp4,53.0,921698304
2026-09-16T17:51:07.509167+00:00,kai-scheduler,admission-86666f457d-2g56g,1.0,13631488
2026-09-16T17:51:07.509167+00:00,kai-scheduler,kai-operator-69b5d7bcf7-mvp2x,3.0,115343360
2026-09-16T17:51:07.509167+00:00,kai-scheduler,pod-grouper-65456f756-7lkc9,1.0,11534336
2026-09-16T17:51:07.509167+00:00,kai-scheduler,podgroup-controller-68f9cc8dbf-cdbr7,1.0,13631488
2026-09-16T17:51:07.509167+00:00,kai-scheduler,queue-controller-f86fcd76c-t8wkj,1.0,11534336
2026-09-16T17:51:07.509167+00:00,kube-system,coredns-8db54c48d-4t78n,4.0,48234496
2026-09-16T17:51:07.509167+00:00,kube-system,kwok-controller-5cf8c7c44b-jqjt4,88.0,73400320
2026-09-16T17:51:07.509167+00:00,kube-system,local-path-provisioner-5d9d9885bc-xgwkr,1.0,15728640
2026-09-16T17:51:07.509167+00:00,kube-system,metrics-server-75dc6f8d87-8wltz,29.0,245366784
2026-09-16T17:51:07.509167+00:00,kube-system,svclb-traefik-1111e3f7-l9hjt,0.0,0
2026-09-16T17:51:07.509167+00:00,kube-system,traefik-9bcdbbd9-z65hr,3.0,197132288
2026-09-16T17:51:07.509167+00:00,pyroscope,pyroscope-0,6.0,96468992
2026-09-16T17:51:07.509167+00:00,pyroscope,pyroscope-alloy-0,5.0,475004928
2026-09-16T17:51:38.755905+00:00,grove-system,grove-operator-bfd47f895-hqvp4,59.0,922746880
2026-09-16T17:51:38.755905+00:00,kai-scheduler,admission-86666f457d-2g56g,1.0,14680064
2026-09-16T17:51:38.755905+00:00,kai-scheduler,kai-operator-69b5d7bcf7-mvp2x,3.0,114294784
2026-09-16T17:51:38.755905+00:00,kai-scheduler,pod-grouper-65456f756-7lkc9,1.0,11534336
2026-09-16T17:51:38.755905+00:00,kai-scheduler,podgroup-controller-68f9cc8dbf-cdbr7,1.0,13631488
2026-09-16T17:51:38.755905+00:00,kai-scheduler,queue-controller-f86fcd76c-t8wkj,1.0,11534336
2026-09-16T17:51:38.755905+00:00,kube-system,coredns-8db54c48d-4t78n,3.0,49283072
2026-09-16T17:51:38.755905+00:00,kube-system,kwok-controller-5cf8c7c44b-jqjt4,93.0,77594624
2026-09-16T17:51:38.755905+00:00,kube-system,local-path-provisioner-5d9d9885bc-xgwkr,1.0,15728640
2026-09-16T17:51:38.755905+00:00,kube-system,metrics-server-75dc6f8d87-8wltz,28.0,244318208
2026-09-16T17:51:38.755905+00:00,kube-system,svclb-traefik-1111e3f7-l9hjt,0.0,0
2026-09-16T17:51:38.755905+00:00,kube-system,traefik-9bcdbbd9-z65hr,4.0,197132288
2026-09-16T17:51:38.755905+00:00,pyroscope,pyroscope-0,6.0,94371840
2026-09-16T17:51:38.755905+00:00,pyroscope,pyroscope-alloy-0,25.0,481296384
2026-09-16T17:52:10.006775+00:00,grove-system,grove-operator-bfd47f895-hqvp4,45.0,921698304
2026-09-16T17:52:10.006775+00:00,kai-scheduler,admission-86666f457d-2g56g,1.0,14680064
2026-09-16T17:52:10.006775+00:00,kai-scheduler,kai-operator-69b5d7bcf7-mvp2x,3.0,114294784
2026-09-16T17:52:10.006775+00:00,kai-scheduler,pod-grouper-65456f756-7lkc9,1.0,11534336
2026-09-16T17:52:10.006775+00:00,kai-scheduler,podgroup-controller-68f9cc8dbf-cdbr7,1.0,13631488
2026-09-16T17:52:10.006775+00:00,kai-scheduler,queue-controller-f86fcd76c-t8wkj,1.0,11534336
2026-09-16T17:52:10.006775+00:00,kube-system,coredns-8db54c48d-4t78n,5.0,48234496
2026-09-16T17:52:10.006775+00:00,kube-system,kwok-controller-5cf8c7c44b-jqjt4,109.0,83886080
2026-09-16T17:52:10.006775+00:00,kube-system,local-path-provisioner-5d9d9885bc-xgwkr,1.0,15728640
2026-09-16T17:52:10.006775+00:00,kube-system,metrics-server-75dc6f8d87-8wltz,28.0,245366784
2026-09-16T17:52:10.006775+00:00,kube-system,svclb-traefik-1111e3f7-l9hjt,0.0,0
2026-09-16T17:52:10.006775+00:00,kube-system,traefik-9bcdbbd9-z65hr,4.0,198180864
2026-09-16T17:52:10.006775+00:00,pyroscope,pyroscope-0,5.0,94371840
2026-09-16T17:52:10.006775+00:00,pyroscope,pyroscope-alloy-0,6.0,481296384
2026-09-16T17:52:41.313418+00:00,grove-system,grove-operator-bfd47f895-hqvp4,31.0,923795456
2026-09-16T17:52:41.313418+00:00,kai-scheduler,admission-86666f457d-2g56g,1.0,13631488
2026-09-16T17:52:41.313418+00:00,kai-scheduler,kai-operator-69b5d7bcf7-mvp2x,3.0,115343360
2026-09-16T17:52:41.313418+00:00,kai-scheduler,pod-grouper-65456f756-7lkc9,1.0,11534336
2026-09-16T17:52:41.313418+00:00,kai-scheduler,podgroup-controller-68f9cc8dbf-cdbr7,1.0,13631488
2026-09-16T17:52:41.313418+00:00,kai-scheduler,queue-controller-f86fcd76c-t8wkj,1.0,11534336
2026-09-16T17:52:41.313418+00:00,kube-system,coredns-8db54c48d-4t78n,3.0,48234496
2026-09-16T17:52:41.313418+00:00,kube-system,kwok-controller-5cf8c7c44b-jqjt4,84.0,87031808
2026-09-16T17:52:41.313418+00:00,kube-system,local-path-provisioner-5d9d9885bc-xgwkr,1.0,15728640
2026-09-16T17:52:41.313418+00:00,kube-system,metrics-server-75dc6f8d87-8wltz,22.0,244318208
2026-09-16T17:52:41.313418+00:00,kube-system,svclb-traefik-1111e3f7-l9hjt,0.0,0
2026-09-16T17:52:41.313418+00:00,kube-system,traefik-9bcdbbd9-z65hr,3.0,197132288
2026-09-16T17:52:41.313418+00:00,pyroscope,pyroscope-0,5.0,94371840
2026-09-16T17:52:41.313418+00:00,pyroscope,pyroscope-alloy-0,6.0,481296384
2026-09-16T17:53:12.561013+00:00,grove-system,grove-operator-bfd47f895-hqvp4,27.0,921698304
2026-09-16T17:53:12.561013+00:00,kai-scheduler,admission-86666f457d-2g56g,1.0,13631488
2026-09-16T17:53:12.561013+00:00,kai-scheduler,kai-operator-69b5d7bcf7-mvp2x,2.0,114294784
2026-09-16T17:53:12.561013+00:00,kai-scheduler,pod-grouper-65456f756-7lkc9,1.0,11534336
2026-09-16T17:53:12.561013+00:00,kai-scheduler,podgroup-controller-68f9cc8dbf-cdbr7,1.0,13631488
2026-09-16T17:53:12.561013+00:00,kai-scheduler,queue-controller-f86fcd76c-t8wkj,1.0,11534336
2026-09-16T17:53:12.561013+00:00,kube-system,coredns-8db54c48d-4t78n,4.0,48234496
2026-09-16T17:53:12.561013+00:00,kube-system,kwok-controller-5cf8c7c44b-jqjt4,109.0,82837504
2026-09-16T17:53:12.561013+00:00,kube-system,local-path-provisioner-5d9d9885bc-xgwkr,1.0,15728640
2026-09-16T17:53:12.561013+00:00,kube-system,metrics-server-75dc6f8d87-8wltz,27.0,244318208
2026-09-16T17:53:12.561013+00:00,kube-system,svclb-traefik-1111e3f7-l9hjt,0.0,0
2026-09-16T17:53:12.561013+00:00,kube-system,traefik-9bcdbbd9-z65hr,3.0,197132288
2026-09-16T17:53:12.561013+00:00,pyroscope,pyroscope-0,6.0,94371840
2026-09-16T17:53:12.561013+00:00,pyroscope,pyroscope-alloy-0,64.0,482344960
2026-09-16T17:53:43.805108+00:00,grove-system,grove-operator-bfd47f895-hqvp4,27.0,926941184
2026-09-16T17:53:43.805108+00:00,kai-scheduler,admission-86666f457d-2g56g,1.0,13631488
2026-09-16T17:53:43.805108+00:00,kai-scheduler,kai-operator-69b5d7bcf7-mvp2x,3.0,114294784
2026-09-16T17:53:43.805108+00:00,kai-scheduler,pod-grouper-65456f756-7lkc9,1.0,11534336
2026-09-16T17:53:43.805108+00:00,kai-scheduler,podgroup-controller-68f9cc8dbf-cdbr7,1.0,13631488
2026-09-16T17:53:43.805108+00:00,kai-scheduler,queue-controller-f86fcd76c-t8wkj,1.0,11534336
2026-09-16T17:53:43.805108+00:00,kube-system,coredns-8db54c48d-4t78n,3.0,48234496
2026-09-16T17:53:43.805108+00:00,kube-system,kwok-controller-5cf8c7c44b-jqjt4,92.0,84934656
2026-09-16T17:53:43.805108+00:00,kube-system,local-path-provisioner-5d9d9885bc-xgwkr,1.0,15728640
2026-09-16T17:53:43.805108+00:00,kube-system,metrics-server-75dc6f8d87-8wltz,47.0,245366784
2026-09-16T17:53:43.805108+00:00,kube-system,svclb-traefik-1111e3f7-l9hjt,0.0,0
2026-09-16T17:53:43.805108+00:00,kube-system,traefik-9bcdbbd9-z65hr,3.0,197132288
2026-09-16T17:53:43.805108+00:00,pyroscope,pyroscope-0,5.0,96468992
2026-09-16T17:53:43.805108+00:00,pyroscope,pyroscope-alloy-0,94.0,468713472
2026-09-16T17:54:15.053450+00:00,grove-system,grove-operator-bfd47f895-hqvp4,57.0,925892608
2026-09-16T17:54:15.053450+00:00,kai-scheduler,admission-86666f457d-2g56g,1.0,13631488
2026-09-16T17:54:15.053450+00:00,kai-scheduler,kai-operator-69b5d7bcf7-mvp2x,3.0,110100480
2026-09-16T17:54:15.053450+00:00,kai-scheduler,pod-grouper-65456f756-7lkc9,1.0,11534336
2026-09-16T17:54:15.053450+00:00,kai-scheduler,podgroup-controller-68f9cc8dbf-cdbr7,1.0,13631488
2026-09-16T17:54:15.053450+00:00,kai-scheduler,queue-controller-f86fcd76c-t8wkj,1.0,11534336
2026-09-16T17:54:15.053450+00:00,kube-system,coredns-8db54c48d-4t78n,3.0,49283072
2026-09-16T17:54:15.053450+00:00,kube-system,kwok-controller-5cf8c7c44b-jqjt4,68.0,85983232
2026-09-16T17:54:15.053450+00:00,kube-system,local-path-provisioner-5d9d9885bc-xgwkr,1.0,15728640
2026-09-16T17:54:15.053450+00:00,kube-system,metrics-server-75dc6f8d87-8wltz,37.0,244318208
2026-09-16T17:54:15.053450+00:00,kube-system,svclb-traefik-1111e3f7-l9hjt,0.0,0
2026-09-16T17:54:15.053450+00:00,kube-system,traefik-9bcdbbd9-z65hr,3.0,197132288
2026-09-16T17:54:15.053450+00:00,pyroscope,pyroscope-0,5.0,96468992
2026-09-16T17:54:15.053450+00:00,pyroscope,pyroscope-alloy-0,5.0,469762048
2026-09-16T17:54:46.304859+00:00,grove-system,grove-operator-bfd47f895-hqvp4,58.0,916455424
2026-09-16T17:54:46.304859+00:00,kai-scheduler,admission-86666f457d-2g56g,1.0,13631488
2026-09-16T17:54:46.304859+00:00,kai-scheduler,kai-operator-69b5d7bcf7-mvp2x,3.0,110100480
2026-09-16T17:54:46.304859+00:00,kai-scheduler,pod-grouper-65456f756-7lkc9,1.0,11534336
2026-09-16T17:54:46.304859+00:00,kai-scheduler,podgroup-controller-68f9cc8dbf-cdbr7,1.0,13631488
2026-09-16T17:54:46.304859+00:00,kai-scheduler,queue-controller-f86fcd76c-t8wkj,1.0,11534336
2026-09-16T17:54:46.304859+00:00,kube-system,coredns-8db54c48d-4t78n,4.0,48234496
2026-09-16T17:54:46.304859+00:00,kube-system,kwok-controller-5cf8c7c44b-jqjt4,89.0,84934656
2026-09-16T17:54:46.304859+00:00,kube-system,local-path-provisioner-5d9d9885bc-xgwkr,1.0,15728640
2026-09-16T17:54:46.304859+00:00,kube-system,metrics-server-75dc6f8d87-8wltz,29.0,245366784
2026-09-16T17:54:46.304859+00:00,kube-system,svclb-traefik-1111e3f7-l9hjt,0.0,0
2026-09-16T17:54:46.304859+00:00,kube-system,traefik-9bcdbbd9-z65hr,3.0,197132288
2026-09-16T17:54:46.304859+00:00,pyroscope,pyroscope-0,5.0,94371840
2026-09-16T17:54:46.304859+00:00,pyroscope,pyroscope-alloy-0,5.0,479199232
2026-09-16T17:55:17.564296+00:00,grove-system,grove-operator-bfd47f895-hqvp4,33.0,913309696
2026-09-16T17:55:17.564296+00:00,kai-scheduler,admission-86666f457d-2g56g,1.0,15728640
2026-09-16T17:55:17.564296+00:00,kai-scheduler,kai-operator-69b5d7bcf7-mvp2x,4.0,115343360
2026-09-16T17:55:17.564296+00:00,kai-scheduler,pod-grouper-65456f756-7lkc9,1.0,11534336
2026-09-16T17:55:17.564296+00:00,kai-scheduler,podgroup-controller-68f9cc8dbf-cdbr7,1.0,13631488
2026-09-16T17:55:17.564296+00:00,kai-scheduler,queue-controller-f86fcd76c-t8wkj,1.0,11534336
2026-09-16T17:55:17.564296+00:00,kube-system,coredns-8db54c48d-4t78n,3.0,48234496
2026-09-16T17:55:17.564296+00:00,kube-system,kwok-controller-5cf8c7c44b-jqjt4,107.0,85983232
2026-09-16T17:55:17.564296+00:00,kube-system,local-path-provisioner-5d9d9885bc-xgwkr,1.0,15728640
2026-09-16T17:55:17.564296+00:00,kube-system,metrics-server-75dc6f8d87-8wltz,27.0,245366784
2026-09-16T17:55:17.564296+00:00,kube-system,svclb-traefik-1111e3f7-l9hjt,0.0,0
2026-09-16T17:55:17.564296+00:00,kube-system,traefik-9bcdbbd9-z65hr,9.0,198180864
2026-09-16T17:55:17.564296+00:00,pyroscope,pyroscope-0,5.0,94371840
2026-09-16T17:55:17.564296+00:00,pyroscope,pyroscope-alloy-0,45.0,486539264
2026-09-16T17:55:48.810369+00:00,grove-system,grove-operator-bfd47f895-hqvp4,23.0,907018240
2026-09-16T17:55:48.810369+00:00,kai-scheduler,admission-86666f457d-2g56g,1.0,15728640
2026-09-16T17:55:48.810369+00:00,kai-scheduler,kai-operator-69b5d7bcf7-mvp2x,6.0,123731968
2026-09-16T17:55:48.810369+00:00,kai-scheduler,pod-grouper-65456f756-7lkc9,1.0,11534336
2026-09-16T17:55:48.810369+00:00,kai-scheduler,podgroup-controller-68f9cc8dbf-cdbr7,1.0,13631488
2026-09-16T17:55:48.810369+00:00,kai-scheduler,queue-controller-f86fcd76c-t8wkj,1.0,11534336
2026-09-16T17:55:48.810369+00:00,kube-system,coredns-8db54c48d-4t78n,3.0,48234496
2026-09-16T17:55:48.810369+00:00,kube-system,kwok-controller-5cf8c7c44b-jqjt4,108.0,84934656
2026-09-16T17:55:48.810369+00:00,kube-system,local-path-provisioner-5d9d9885bc-xgwkr,1.0,15728640
2026-09-16T17:55:48.810369+00:00,kube-system,metrics-server-75dc6f8d87-8wltz,46.0,247463936
2026-09-16T17:55:48.810369+00:00,kube-system,svclb-traefik-1111e3f7-l9hjt,0.0,0
2026-09-16T17:55:48.810369+00:00,kube-system,traefik-9bcdbbd9-z65hr,4.0,199229440
2026-09-16T17:55:48.810369+00:00,pyroscope,pyroscope-0,6.0,96468992
2026-09-16T17:55:48.810369+00:00,pyroscope,pyroscope-alloy-0,161.0,471859200
2026-09-16T17:56:20.058595+00:00,grove-system,grove-operator-bfd47f895-hqvp4,19.0,913309696
2026-09-16T17:56:20.058595+00:00,kai-scheduler,admission-86666f457d-2g56g,1.0,15728640
2026-09-16T17:56:20.058595+00:00,kai-scheduler,kai-operator-69b5d7bcf7-mvp2x,1.0,121634816
2026-09-16T17:56:20.058595+00:00,kai-scheduler,pod-grouper-65456f756-7lkc9,1.0,11534336
2026-09-16T17:56:20.058595+00:00,kai-scheduler,podgroup-controller-68f9cc8dbf-cdbr7,1.0,13631488
2026-09-16T17:56:20.058595+00:00,kai-scheduler,queue-controller-f86fcd76c-t8wkj,1.0,11534336
2026-09-16T17:56:20.058595+00:00,kube-system,coredns-8db54c48d-4t78n,3.0,48234496
2026-09-16T17:56:20.058595+00:00,kube-system,kwok-controller-5cf8c7c44b-jqjt4,124.0,83886080
2026-09-16T17:56:20.058595+00:00,kube-system,local-path-provisioner-5d9d9885bc-xgwkr,1.0,15728640
2026-09-16T17:56:20.058595+00:00,kube-system,metrics-server-75dc6f8d87-8wltz,36.0,246415360
2026-09-16T17:56:20.058595+00:00,kube-system,svclb-traefik-1111e3f7-l9hjt,0.0,0
2026-09-16T17:56:20.058595+00:00,kube-system,traefik-9bcdbbd9-z65hr,3.0,198180864
2026-09-16T17:56:20.058595+00:00,pyroscope,pyroscope-0,6.0,95420416
2026-09-16T17:56:20.058595+00:00,pyroscope,pyroscope-alloy-0,119.0,472907776
2026-09-16T17:56:51.305760+00:00,grove-system,grove-operator-bfd47f895-hqvp4,31.0,922746880
2026-09-16T17:56:51.305760+00:00,kai-scheduler,admission-86666f457d-2g56g,1.0,15728640
2026-09-16T17:56:51.305760+00:00,kai-scheduler,kai-operator-69b5d7bcf7-mvp2x,1.0,121634816
2026-09-16T17:56:51.305760+00:00,kai-scheduler,pod-grouper-65456f756-7lkc9,1.0,11534336
2026-09-16T17:56:51.305760+00:00,kai-scheduler,podgroup-controller-68f9cc8dbf-cdbr7,1.0,13631488
2026-09-16T17:56:51.305760+00:00,kai-scheduler,queue-controller-f86fcd76c-t8wkj,1.0,11534336
2026-09-16T17:56:51.305760+00:00,kube-system,coredns-8db54c48d-4t78n,3.0,49283072
2026-09-16T17:56:51.305760+00:00,kube-system,kwok-controller-5cf8c7c44b-jqjt4,130.0,85983232
2026-09-16T17:56:51.305760+00:00,kube-system,local-path-provisioner-5d9d9885bc-xgwkr,1.0,15728640
2026-09-16T17:56:51.305760+00:00,kube-system,metrics-server-75dc6f8d87-8wltz,42.0,246415360
2026-09-16T17:56:51.305760+00:00,kube-system,svclb-traefik-1111e3f7-l9hjt,0.0,0
2026-09-16T17:56:51.305760+00:00,kube-system,traefik-9bcdbbd9-z65hr,3.0,199229440
2026-09-16T17:56:51.305760+00:00,pyroscope,pyroscope-0,6.0,95420416
2026-09-16T17:56:51.305760+00:00,pyroscope,pyroscope-alloy-0,144.0,469762048
2026-09-16T17:57:22.552203+00:00,grove-system,grove-operator-bfd47f895-hqvp4,46.0,911212544
2026-09-16T17:57:22.552203+00:00,kai-scheduler,admission-86666f457d-2g56g,1.0,15728640
2026-09-16T17:57:22.552203+00:00,kai-scheduler,kai-operator-69b5d7bcf7-mvp2x,1.0,121634816
2026-09-16T17:57:22.552203+00:00,kai-scheduler,pod-grouper-65456f756-7lkc9,1.0,11534336
2026-09-16T17:57:22.552203+00:00,kai-scheduler,podgroup-controller-68f9cc8dbf-cdbr7,1.0,13631488
2026-09-16T17:57:22.552203+00:00,kai-scheduler,queue-controller-f86fcd76c-t8wkj,1.0,11534336
2026-09-16T17:57:22.552203+00:00,kube-system,coredns-8db54c48d-4t78n,3.0,48234496
2026-09-16T17:57:22.552203+00:00,kube-system,kwok-controller-5cf8c7c44b-jqjt4,132.0,85983232
2026-09-16T17:57:22.552203+00:00,kube-system,local-path-provisioner-5d9d9885bc-xgwkr,1.0,15728640
2026-09-16T17:57:22.552203+00:00,kube-system,metrics-server-75dc6f8d87-8wltz,47.0,247463936
2026-09-16T17:57:22.552203+00:00,kube-system,svclb-traefik-1111e3f7-l9hjt,0.0,0
2026-09-16T17:57:22.552203+00:00,kube-system,traefik-9bcdbbd9-z65hr,3.0,197132288
2026-09-16T17:57:22.552203+00:00,pyroscope,pyroscope-0,5.0,97517568
2026-09-16T17:57:22.552203+00:00,pyroscope,pyroscope-alloy-0,165.0,467664896
2026-09-16T17:57:53.796094+00:00,grove-system,grove-operator-bfd47f895-hqvp4,48.0,903872512
2026-09-16T17:57:53.796094+00:00,kai-scheduler,admission-86666f457d-2g56g,1.0,15728640
2026-09-16T17:57:53.796094+00:00,kai-scheduler,kai-operator-69b5d7bcf7-mvp2x,3.0,112197632
2026-09-16T17:57:53.796094+00:00,kai-scheduler,pod-grouper-65456f756-7lkc9,1.0,11534336
2026-09-16T17:57:53.796094+00:00,kai-scheduler,podgroup-controller-68f9cc8dbf-cdbr7,1.0,13631488
2026-09-16T17:57:53.796094+00:00,kai-scheduler,queue-controller-f86fcd76c-t8wkj,1.0,11534336
2026-09-16T17:57:53.796094+00:00,kube-system,coredns-8db54c48d-4t78n,4.0,49283072
2026-09-16T17:57:53.796094+00:00,kube-system,kwok-controller-5cf8c7c44b-jqjt4,113.0,80740352
2026-09-16T17:57:53.796094+00:00,kube-system,local-path-provisioner-5d9d9885bc-xgwkr,1.0,15728640
2026-09-16T17:57:53.796094+00:00,kube-system,metrics-server-75dc6f8d87-8wltz,39.0,247463936
2026-09-16T17:57:53.796094+00:00,kube-system,svclb-traefik-1111e3f7-l9hjt,0.0,0
2026-09-16T17:57:53.796094+00:00,kube-system,traefik-9bcdbbd9-z65hr,4.0,197132288
2026-09-16T17:57:53.796094+00:00,pyroscope,pyroscope-0,5.0,99614720
2026-09-16T17:57:53.796094+00:00,pyroscope,pyroscope-alloy-0,99.0,467664896
2026-09-16T17:58:25.061023+00:00,grove-system,grove-operator-bfd47f895-hqvp4,40.0,900726784
2026-09-16T17:58:25.061023+00:00,kai-scheduler,admission-86666f457d-2g56g,1.0,15728640
2026-09-16T17:58:25.061023+00:00,kai-scheduler,kai-operator-69b5d7bcf7-mvp2x,1.0,113246208
2026-09-16T17:58:25.061023+00:00,kai-scheduler,pod-grouper-65456f756-7lkc9,1.0,11534336
2026-09-16T17:58:25.061023+00:00,kai-scheduler,podgroup-controller-68f9cc8dbf-cdbr7,1.0,13631488
2026-09-16T17:58:25.061023+00:00,kai-scheduler,queue-controller-f86fcd76c-t8wkj,1.0,11534336
2026-09-16T17:58:25.061023+00:00,kube-system,coredns-8db54c48d-4t78n,3.0,48234496
2026-09-16T17:58:25.061023+00:00,kube-system,kwok-controller-5cf8c7c44b-jqjt4,127.0,83886080
2026-09-16T17:58:25.061023+00:00,kube-system,local-path-provisioner-5d9d9885bc-xgwkr,1.0,15728640
2026-09-16T17:58:25.061023+00:00,kube-system,metrics-server-75dc6f8d87-8wltz,44.0,244318208
2026-09-16T17:58:25.061023+00:00,kube-system,svclb-traefik-1111e3f7-l9hjt,0.0,0
2026-09-16T17:58:25.061023+00:00,kube-system,traefik-9bcdbbd9-z65hr,3.0,199229440
2026-09-16T17:58:25.061023+00:00,pyroscope,pyroscope-0,5.0,95420416
2026-09-16T17:58:25.061023+00:00,pyroscope,pyroscope-alloy-0,102.0,466616320
2026-09-16T17:58:56.313276+00:00,grove-system,grove-operator-bfd47f895-hqvp4,24.0,907018240
2026-09-16T17:58:56.313276+00:00,kai-scheduler,admission-86666f457d-2g56g,1.0,15728640
2026-09-16T17:58:56.313276+00:00,kai-scheduler,kai-operator-69b5d7bcf7-mvp2x,1.0,113246208
2026-09-16T17:58:56.313276+00:00,kai-scheduler,pod-grouper-65456f756-7lkc9,1.0,11534336
2026-09-16T17:58:56.313276+00:00,kai-scheduler,podgroup-controller-68f9cc8dbf-cdbr7,1.0,13631488
2026-09-16T17:58:56.313276+00:00,kai-scheduler,queue-controller-f86fcd76c-t8wkj,1.0,11534336
2026-09-16T17:58:56.313276+00:00,kube-system,coredns-8db54c48d-4t78n,3.0,48234496
2026-09-16T17:58:56.313276+00:00,kube-system,kwok-controller-5cf8c7c44b-jqjt4,112.0,84934656
2026-09-16T17:58:56.313276+00:00,kube-system,local-path-provisioner-5d9d9885bc-xgwkr,1.0,15728640
2026-09-16T17:58:56.313276+00:00,kube-system,metrics-server-75dc6f8d87-8wltz,45.0,245366784
2026-09-16T17:58:56.313276+00:00,kube-system,svclb-traefik-1111e3f7-l9hjt,0.0,0
2026-09-16T17:58:56.313276+00:00,kube-system,traefik-9bcdbbd9-z65hr,3.0,197132288
2026-09-16T17:58:56.313276+00:00,pyroscope,pyroscope-0,5.0,97517568
2026-09-16T17:58:56.313276+00:00,pyroscope,pyroscope-alloy-0,116.0,467664896
2026-09-16T17:59:27.568674+00:00,grove-system,grove-operator-bfd47f895-hqvp4,30.0,903872512
2026-09-16T17:59:27.568674+00:00,kai-scheduler,admission-86666f457d-2g56g,1.0,15728640
2026-09-16T17:59:27.568674+00:00,kai-scheduler,kai-operator-69b5d7bcf7-mvp2x,1.0,113246208
2026-09-16T17:59:27.568674+00:00,kai-scheduler,pod-grouper-65456f756-7lkc9,1.0,11534336
2026-09-16T17:59:27.568674+00:00,kai-scheduler,podgroup-controller-68f9cc8dbf-cdbr7,1.0,13631488
2026-09-16T17:59:27.568674+00:00,kai-scheduler,queue-controller-f86fcd76c-t8wkj,1.0,11534336
2026-09-16T17:59:27.568674+00:00,kube-system,coredns-8db54c48d-4t78n,3.0,48234496
2026-09-16T17:59:27.568674+00:00,kube-system,kwok-controller-5cf8c7c44b-jqjt4,118.0,82837504
2026-09-16T17:59:27.568674+00:00,kube-system,local-path-provisioner-5d9d9885bc-xgwkr,1.0,15728640
2026-09-16T17:59:27.568674+00:00,kube-system,metrics-server-75dc6f8d87-8wltz,44.0,246415360
2026-09-16T17:59:27.568674+00:00,kube-system,svclb-traefik-1111e3f7-l9hjt,0.0,0
2026-09-16T17:59:27.568674+00:00,kube-system,traefik-9bcdbbd9-z65hr,7.0,197132288
2026-09-16T17:59:27.568674+00:00,pyroscope,pyroscope-0,6.0,96468992
2026-09-16T17:59:27.568674+00:00,pyroscope,pyroscope-alloy-0,123.0,468713472
2026-09-16T17:59:58.821036+00:00,grove-system,grove-operator-bfd47f895-hqvp4,28.0,909115392
2026-09-16T17:59:58.821036+00:00,kai-scheduler,admission-86666f457d-2g56g,1.0,15728640
2026-09-16T17:59:58.821036+00:00,kai-scheduler,kai-operator-69b5d7bcf7-mvp2x,3.0,110100480
2026-09-16T17:59:58.821036+00:00,kai-scheduler,pod-grouper-65456f756-7lkc9,1.0,11534336
2026-09-16T17:59:58.821036+00:00,kai-scheduler,podgroup-controller-68f9cc8dbf-cdbr7,1.0,13631488
2026-09-16T17:59:58.821036+00:00,kai-scheduler,queue-controller-f86fcd76c-t8wkj,1.0,11534336
2026-09-16T17:59:58.821036+00:00,kube-system,coredns-8db54c48d-4t78n,4.0,49283072
2026-09-16T17:59:58.821036+00:00,kube-system,kwok-controller-5cf8c7c44b-jqjt4,104.0,84934656
2026-09-16T17:59:58.821036+00:00,kube-system,local-path-provisioner-5d9d9885bc-xgwkr,1.0,15728640
2026-09-16T17:59:58.821036+00:00,kube-system,metrics-server-75dc6f8d87-8wltz,42.0,244318208
2026-09-16T17:59:58.821036+00:00,kube-system,svclb-traefik-1111e3f7-l9hjt,0.0,0
2026-09-16T17:59:58.821036+00:00,kube-system,traefik-9bcdbbd9-z65hr,4.0,198180864
2026-09-16T17:59:58.821036+00:00,pyroscope,pyroscope-0,6.0,98566144
2026-09-16T17:59:58.821036+00:00,pyroscope,pyroscope-alloy-0,121.0,465567744
2026-09-16T18:00:30.111962+00:00,grove-system,grove-operator-bfd47f895-hqvp4,61.0,902823936
2026-09-16T18:00:30.111962+00:00,kai-scheduler,admission-86666f457d-2g56g,1.0,16777216
2026-09-16T18:00:30.111962+00:00,kai-scheduler,kai-operator-69b5d7bcf7-mvp2x,6.0,114294784
2026-09-16T18:00:30.111962+00:00,kai-scheduler,pod-grouper-65456f756-7lkc9,1.0,11534336
2026-09-16T18:00:30.111962+00:00,kai-scheduler,podgroup-controller-68f9cc8dbf-cdbr7,1.0,13631488
2026-09-16T18:00:30.111962+00:00,kai-scheduler,queue-controller-f86fcd76c-t8wkj,1.0,11534336
2026-09-16T18:00:30.111962+00:00,kube-system,coredns-8db54c48d-4t78n,4.0,48234496
2026-09-16T18:00:30.111962+00:00,kube-system,kwok-controller-5cf8c7c44b-jqjt4,119.0,82837504
2026-09-16T18:00:30.111962+00:00,kube-system,local-path-provisioner-5d9d9885bc-xgwkr,1.0,15728640
2026-09-16T18:00:30.111962+00:00,kube-system,metrics-server-75dc6f8d87-8wltz,67.0,244318208
2026-09-16T18:00:30.111962+00:00,kube-system,svclb-traefik-1111e3f7-l9hjt,0.0,0
2026-09-16T18:00:30.111962+00:00,kube-system,traefik-9bcdbbd9-z65hr,3.0,197132288
2026-09-16T18:00:30.111962+00:00,pyroscope,pyroscope-0,6.0,95420416
2026-09-16T18:00:30.111962+00:00,pyroscope,pyroscope-alloy-0,122.0,470810624
2026-09-16T18:01:01.374938+00:00,grove-system,grove-operator-bfd47f895-hqvp4,45.0,889192448
2026-09-16T18:01:01.374938+00:00,kai-scheduler,admission-86666f457d-2g56g,1.0,15728640
2026-09-16T18:01:01.374938+00:00,kai-scheduler,kai-operator-69b5d7bcf7-mvp2x,1.0,114294784
2026-09-16T18:01:01.374938+00:00,kai-scheduler,pod-grouper-65456f756-7lkc9,1.0,11534336
2026-09-16T18:01:01.374938+00:00,kai-scheduler,podgroup-controller-68f9cc8dbf-cdbr7,1.0,13631488
2026-09-16T18:01:01.374938+00:00,kai-scheduler,queue-controller-f86fcd76c-t8wkj,1.0,11534336
2026-09-16T18:01:01.374938+00:00,kube-system,coredns-8db54c48d-4t78n,3.0,48234496
2026-09-16T18:01:01.374938+00:00,kube-system,kwok-controller-5cf8c7c44b-jqjt4,119.0,85983232
2026-09-16T18:01:01.374938+00:00,kube-system,local-path-provisioner-5d9d9885bc-xgwkr,1.0,15728640
2026-09-16T18:01:01.374938+00:00,kube-system,metrics-server-75dc6f8d87-8wltz,42.0,245366784
2026-09-16T18:01:01.374938+00:00,kube-system,svclb-traefik-1111e3f7-l9hjt,0.0,0
2026-09-16T18:01:01.374938+00:00,kube-system,traefik-9bcdbbd9-z65hr,3.0,197132288
2026-09-16T18:01:01.374938+00:00,pyroscope,pyroscope-0,6.0,96468992
2026-09-16T18:01:01.374938+00:00,pyroscope,pyroscope-alloy-0,116.0,467664896
2026-09-16T18:01:32.621831+00:00,grove-system,grove-operator-bfd47f895-hqvp4,21.0,890241024
2026-09-16T18:01:32.621831+00:00,kai-scheduler,admission-86666f457d-2g56g,1.0,15728640
2026-09-16T18:01:32.621831+00:00,kai-scheduler,kai-operator-69b5d7bcf7-mvp2x,1.0,120586240
2026-09-16T18:01:32.621831+00:00,kai-scheduler,kai-scheduler-default-7d6685f94-rh5xx,103.0,394264576
2026-09-16T18:01:32.621831+00:00,kai-scheduler,pod-grouper-65456f756-7lkc9,1.0,11534336
2026-09-16T18:01:32.621831+00:00,kai-scheduler,podgroup-controller-68f9cc8dbf-cdbr7,1.0,13631488
2026-09-16T18:01:32.621831+00:00,kai-scheduler,queue-controller-f86fcd76c-t8wkj,1.0,11534336
2026-09-16T18:01:32.621831+00:00,kube-system,coredns-8db54c48d-4t78n,3.0,49283072
2026-09-16T18:01:32.621831+00:00,kube-system,kwok-controller-5cf8c7c44b-jqjt4,125.0,80740352
2026-09-16T18:01:32.621831+00:00,kube-system,local-path-provisioner-5d9d9885bc-xgwkr,1.0,15728640
2026-09-16T18:01:32.621831+00:00,kube-system,metrics-server-75dc6f8d87-8wltz,45.0,245366784
2026-09-16T18:01:32.621831+00:00,kube-system,svclb-traefik-1111e3f7-l9hjt,0.0,0
2026-09-16T18:01:32.621831+00:00,kube-system,traefik-9bcdbbd9-z65hr,3.0,197132288
2026-09-16T18:01:32.621831+00:00,pyroscope,pyroscope-0,6.0,98566144
2026-09-16T18:01:32.621831+00:00,pyroscope,pyroscope-alloy-0,118.0,467664896
2026-09-16T18:02:03.881664+00:00,grove-system,grove-operator-bfd47f895-hqvp4,18.0,891289600
2026-09-16T18:02:03.881664+00:00,kai-scheduler,admission-86666f457d-2g56g,1.0,15728640
2026-09-16T18:02:03.881664+00:00,kai-scheduler,kai-operator-69b5d7bcf7-mvp2x,1.0,120586240
2026-09-16T18:02:03.881664+00:00,kai-scheduler,kai-scheduler-default-7d6685f94-rh5xx,99.0,415236096
2026-09-16T18:02:03.881664+00:00,kai-scheduler,pod-grouper-65456f756-7lkc9,1.0,11534336
2026-09-16T18:02:03.881664+00:00,kai-scheduler,podgroup-controller-68f9cc8dbf-cdbr7,1.0,13631488
2026-09-16T18:02:03.881664+00:00,kai-scheduler,queue-controller-f86fcd76c-t8wkj,1.0,11534336
2026-09-16T18:02:03.881664+00:00,kube-system,coredns-8db54c48d-4t78n,3.0,47185920
2026-09-16T18:02:03.881664+00:00,kube-system,kwok-controller-5cf8c7c44b-jqjt4,98.0,84934656
2026-09-16T18:02:03.881664+00:00,kube-system,local-path-provisioner-5d9d9885bc-xgwkr,1.0,15728640
2026-09-16T18:02:03.881664+00:00,kube-system,metrics-server-75dc6f8d87-8wltz,43.0,246415360
2026-09-16T18:02:03.881664+00:00,kube-system,svclb-traefik-1111e3f7-l9hjt,0.0,0
2026-09-16T18:02:03.881664+00:00,kube-system,traefik-9bcdbbd9-z65hr,3.0,197132288
2026-09-16T18:02:03.881664+00:00,pyroscope,pyroscope-0,5.0,98566144
2026-09-16T18:02:03.881664+00:00,pyroscope,pyroscope-alloy-0,111.0,466616320
2026-09-16T18:02:35.131797+00:00,grove-system,grove-operator-bfd47f895-hqvp4,19.0,895483904
2026-09-16T18:02:35.131797+00:00,kai-scheduler,admission-86666f457d-2g56g,1.0,15728640
2026-09-16T18:02:35.131797+00:00,kai-scheduler,kai-operator-69b5d7bcf7-mvp2x,1.0,120586240
2026-09-16T18:02:35.131797+00:00,kai-scheduler,kai-scheduler-default-7d6685f94-rh5xx,100.0,435159040
2026-09-16T18:02:35.131797+00:00,kai-scheduler,pod-grouper-65456f756-7lkc9,1.0,11534336
2026-09-16T18:02:35.131797+00:00,kai-scheduler,podgroup-controller-68f9cc8dbf-cdbr7,1.0,13631488
2026-09-16T18:02:35.131797+00:00,kai-scheduler,queue-controller-f86fcd76c-t8wkj,1.0,11534336
2026-09-16T18:02:35.131797+00:00,kube-system,coredns-8db54c48d-4t78n,3.0,48234496
2026-09-16T18:02:35.131797+00:00,kube-system,kwok-controller-5cf8c7c44b-jqjt4,117.0,83886080
2026-09-16T18:02:35.131797+00:00,kube-system,local-path-provisioner-5d9d9885bc-xgwkr,1.0,15728640
2026-09-16T18:02:35.131797+00:00,kube-system,metrics-server-75dc6f8d87-8wltz,39.0,245366784
2026-09-16T18:02:35.131797+00:00,kube-system,svclb-traefik-1111e3f7-l9hjt,0.0,0
2026-09-16T18:02:35.131797+00:00,kube-system,traefik-9bcdbbd9-z65hr,3.0,197132288
2026-09-16T18:02:35.131797+00:00,pyroscope,pyroscope-0,6.0,102760448
2026-09-16T18:02:35.131797+00:00,pyroscope,pyroscope-alloy-0,84.0,467664896
2026-09-16T18:03:06.402406+00:00,grove-system,grove-operator-bfd47f895-hqvp4,61.0,891289600
2026-09-16T18:03:06.402406+00:00,kai-scheduler,admission-86666f457d-2g56g,1.0,16777216
2026-09-16T18:03:06.402406+00:00,kai-scheduler,kai-operator-69b5d7bcf7-mvp2x,1.0,120586240
2026-09-16T18:03:06.402406+00:00,kai-scheduler,kai-scheduler-default-7d6685f94-rh5xx,93.0,449839104
2026-09-16T18:03:06.402406+00:00,kai-scheduler,pod-grouper-65456f756-7lkc9,1.0,11534336
2026-09-16T18:03:06.402406+00:00,kai-scheduler,podgroup-controller-68f9cc8dbf-cdbr7,1.0,13631488
2026-09-16T18:03:06.402406+00:00,kai-scheduler,queue-controller-f86fcd76c-t8wkj,1.0,11534336
2026-09-16T18:03:06.402406+00:00,kube-system,coredns-8db54c48d-4t78n,3.0,48234496
2026-09-16T18:03:06.402406+00:00,kube-system,kwok-controller-5cf8c7c44b-jqjt4,122.0,84934656
2026-09-16T18:03:06.402406+00:00,kube-system,local-path-provisioner-5d9d9885bc-xgwkr,1.0,15728640
2026-09-16T18:03:06.402406+00:00,kube-system,metrics-server-75dc6f8d87-8wltz,50.0,246415360
2026-09-16T18:03:06.402406+00:00,kube-system,svclb-traefik-1111e3f7-l9hjt,0.0,0
2026-09-16T18:03:06.402406+00:00,kube-system,traefik-9bcdbbd9-z65hr,3.0,197132288
2026-09-16T18:03:06.402406+00:00,pyroscope,pyroscope-0,5.0,102760448
2026-09-16T18:03:06.402406+00:00,pyroscope,pyroscope-alloy-0,83.0,461373440
2026-09-16T18:03:37.655897+00:00,grove-system,grove-operator-bfd47f895-hqvp4,47.0,880803840
2026-09-16T18:03:37.655897+00:00,kai-scheduler,admission-86666f457d-2g56g,1.0,16777216
2026-09-16T18:03:37.655897+00:00,kai-scheduler,kai-operator-69b5d7bcf7-mvp2x,1.0,120586240
2026-09-16T18:03:37.655897+00:00,kai-scheduler,kai-scheduler-default-7d6685f94-rh5xx,91.0,435159040
2026-09-16T18:03:37.655897+00:00,kai-scheduler,pod-grouper-65456f756-7lkc9,1.0,11534336
2026-09-16T18:03:37.655897+00:00,kai-scheduler,podgroup-controller-68f9cc8dbf-cdbr7,1.0,13631488
2026-09-16T18:03:37.655897+00:00,kai-scheduler,queue-controller-f86fcd76c-t8wkj,1.0,11534336
2026-09-16T18:03:37.655897+00:00,kube-system,coredns-8db54c48d-4t78n,3.0,48234496
2026-09-16T18:03:37.655897+00:00,kube-system,kwok-controller-5cf8c7c44b-jqjt4,115.0,84934656
2026-09-16T18:03:37.655897+00:00,kube-system,local-path-provisioner-5d9d9885bc-xgwkr,1.0,15728640
2026-09-16T18:03:37.655897+00:00,kube-system,metrics-server-75dc6f8d87-8wltz,40.0,244318208
2026-09-16T18:03:37.655897+00:00,kube-system,svclb-traefik-1111e3f7-l9hjt,0.0,0
2026-09-16T18:03:37.655897+00:00,kube-system,traefik-9bcdbbd9-z65hr,7.0,198180864
2026-09-16T18:03:37.655897+00:00,pyroscope,pyroscope-0,5.0,103809024
2026-09-16T18:03:37.655897+00:00,pyroscope,pyroscope-alloy-0,110.0,460324864
2026-09-16T18:04:08.905276+00:00,grove-system,grove-operator-bfd47f895-hqvp4,48.0,882900992
2026-09-16T18:04:08.905276+00:00,kai-scheduler,admission-86666f457d-2g56g,1.0,16777216
2026-09-16T18:04:08.905276+00:00,kai-scheduler,kai-operator-69b5d7bcf7-mvp2x,3.0,111149056
2026-09-16T18:04:08.905276+00:00,kai-scheduler,kai-scheduler-default-7d6685f94-rh5xx,77.0,363855872
2026-09-16T18:04:08.905276+00:00,kai-scheduler,pod-grouper-65456f756-7lkc9,1.0,11534336
2026-09-16T18:04:08.905276+00:00,kai-scheduler,podgroup-controller-68f9cc8dbf-cdbr7,1.0,13631488
2026-09-16T18:04:08.905276+00:00,kai-scheduler,queue-controller-f86fcd76c-t8wkj,1.0,11534336
2026-09-16T18:04:08.905276+00:00,kube-system,coredns-8db54c48d-4t78n,5.0,49283072
2026-09-16T18:04:08.905276+00:00,kube-system,kwok-controller-5cf8c7c44b-jqjt4,104.0,85983232
2026-09-16T18:04:08.905276+00:00,kube-system,local-path-provisioner-5d9d9885bc-xgwkr,1.0,15728640
2026-09-16T18:04:08.905276+00:00,kube-system,metrics-server-75dc6f8d87-8wltz,33.0,244318208
2026-09-16T18:04:08.905276+00:00,kube-system,svclb-traefik-1111e3f7-l9hjt,0.0,0
2026-09-16T18:04:08.905276+00:00,kube-system,traefik-9bcdbbd9-z65hr,3.0,198180864
2026-09-16T18:04:08.905276+00:00,pyroscope,pyroscope-0,9.0,125829120
2026-09-16T18:04:08.905276+00:00,pyroscope,pyroscope-alloy-0,87.0,459276288
2026-09-16T18:04:40.149623+00:00,grove-system,grove-operator-bfd47f895-hqvp4,59.0,888143872
2026-09-16T18:04:40.149623+00:00,kai-scheduler,admission-86666f457d-2g56g,1.0,16777216
2026-09-16T18:04:40.149623+00:00,kai-scheduler,kai-operator-69b5d7bcf7-mvp2x,3.0,111149056
2026-09-16T18:04:40.149623+00:00,kai-scheduler,kai-scheduler-default-7d6685f94-rh5xx,73.0,369098752
2026-09-16T18:04:40.149623+00:00,kai-scheduler,pod-grouper-65456f756-7lkc9,1.0,11534336
2026-09-16T18:04:40.149623+00:00,kai-scheduler,podgroup-controller-68f9cc8dbf-cdbr7,1.0,13631488
2026-09-16T18:04:40.149623+00:00,kai-scheduler,queue-controller-f86fcd76c-t8wkj,1.0,11534336
2026-09-16T18:04:40.149623+00:00,kube-system,coredns-8db54c48d-4t78n,3.0,48234496
2026-09-16T18:04:40.149623+00:00,kube-system,kwok-controller-5cf8c7c44b-jqjt4,96.0,83886080
2026-09-16T18:04:40.149623+00:00,kube-system,local-path-provisioner-5d9d9885bc-xgwkr,1.0,15728640
2026-09-16T18:04:40.149623+00:00,kube-system,metrics-server-75dc6f8d87-8wltz,35.0,245366784
2026-09-16T18:04:40.149623+00:00,kube-system,svclb-traefik-1111e3f7-l9hjt,0.0,0
2026-09-16T18:04:40.149623+00:00,kube-system,traefik-9bcdbbd9-z65hr,3.0,197132288
2026-09-16T18:04:40.149623+00:00,pyroscope,pyroscope-0,5.0,114294784
2026-09-16T18:04:40.149623+00:00,pyroscope,pyroscope-alloy-0,6.0,472907776
2026-09-16T18:05:11.397741+00:00,grove-system,grove-operator-bfd47f895-hqvp4,65.0,886046720
2026-09-16T18:05:11.397741+00:00,kai-scheduler,admission-86666f457d-2g56g,1.0,16777216
2026-09-16T18:05:11.397741+00:00,kai-scheduler,kai-operator-69b5d7bcf7-mvp2x,3.0,111149056
2026-09-16T18:05:11.397741+00:00,kai-scheduler,kai-scheduler-default-7d6685f94-rh5xx,80.0,391118848
2026-09-16T18:05:11.397741+00:00,kai-scheduler,pod-grouper-65456f756-7lkc9,1.0,11534336
2026-09-16T18:05:11.397741+00:00,kai-scheduler,podgroup-controller-68f9cc8dbf-cdbr7,1.0,13631488
2026-09-16T18:05:11.397741+00:00,kai-scheduler,queue-controller-f86fcd76c-t8wkj,1.0,11534336
2026-09-16T18:05:11.397741+00:00,kube-system,coredns-8db54c48d-4t78n,3.0,48234496
2026-09-16T18:05:11.397741+00:00,kube-system,kwok-controller-5cf8c7c44b-jqjt4,102.0,83886080
2026-09-16T18:05:11.397741+00:00,kube-system,local-path-provisioner-5d9d9885bc-xgwkr,1.0,15728640
2026-09-16T18:05:11.397741+00:00,kube-system,metrics-server-75dc6f8d87-8wltz,28.0,244318208
2026-09-16T18:05:11.397741+00:00,kube-system,svclb-traefik-1111e3f7-l9hjt,0.0,0
2026-09-16T18:05:11.397741+00:00,kube-system,traefik-9bcdbbd9-z65hr,3.0,198180864
2026-09-16T18:05:11.397741+00:00,pyroscope,pyroscope-0,5.0,108003328
2026-09-16T18:05:11.397741+00:00,pyroscope,pyroscope-alloy-0,5.0,479199232
2026-09-16T18:05:42.645346+00:00,grove-system,grove-operator-bfd47f895-hqvp4,51.0,881852416
2026-09-16T18:05:42.645346+00:00,kai-scheduler,admission-86666f457d-2g56g,1.0,16777216
2026-09-16T18:05:42.645346+00:00,kai-scheduler,binder-869fc94c7-shvq6,80.0,196083712
2026-09-16T18:05:42.645346+00:00,kai-scheduler,kai-operator-69b5d7bcf7-mvp2x,5.0,111149056
2026-09-16T18:05:42.645346+00:00,kai-scheduler,kai-scheduler-default-7d6685f94-rh5xx,77.0,400556032
2026-09-16T18:05:42.645346+00:00,kai-scheduler,pod-grouper-65456f756-7lkc9,1.0,11534336
2026-09-16T18:05:42.645346+00:00,kai-scheduler,podgroup-controller-68f9cc8dbf-cdbr7,1.0,13631488
2026-09-16T18:05:42.645346+00:00,kai-scheduler,queue-controller-f86fcd76c-t8wkj,1.0,11534336
2026-09-16T18:05:42.645346+00:00,kube-system,coredns-8db54c48d-4t78n,4.0,49283072
2026-09-16T18:05:42.645346+00:00,kube-system,kwok-controller-5cf8c7c44b-jqjt4,186.0,82837504
2026-09-16T18:05:42.645346+00:00,kube-system,local-path-provisioner-5d9d9885bc-xgwkr,1.0,15728640
2026-09-16T18:05:42.645346+00:00,kube-system,metrics-server-75dc6f8d87-8wltz,31.0,245366784
2026-09-16T18:05:42.645346+00:00,kube-system,svclb-traefik-1111e3f7-l9hjt,0.0,0
2026-09-16T18:05:42.645346+00:00,kube-system,traefik-9bcdbbd9-z65hr,3.0,197132288
2026-09-16T18:05:42.645346+00:00,pyroscope,pyroscope-0,6.0,108003328
2026-09-16T18:05:42.645346+00:00,pyroscope,pyroscope-alloy-0,26.0,487587840
2026-09-16T18:06:13.887783+00:00,grove-system,grove-operator-bfd47f895-hqvp4,82.0,879755264
2026-09-16T18:06:13.887783+00:00,kai-scheduler,admission-86666f457d-2g56g,1.0,16777216
2026-09-16T18:06:13.887783+00:00,kai-scheduler,binder-869fc94c7-shvq6,1.0,196083712
2026-09-16T18:06:13.887783+00:00,kai-scheduler,kai-operator-69b5d7bcf7-mvp2x,3.0,111149056
2026-09-16T18:06:13.887783+00:00,kai-scheduler,kai-scheduler-default-7d6685f94-rh5xx,71.0,395313152
2026-09-16T18:06:13.887783+00:00,kai-scheduler,pod-grouper-65456f756-7lkc9,1.0,11534336
2026-09-16T18:06:13.887783+00:00,kai-scheduler,podgroup-controller-68f9cc8dbf-cdbr7,1.0,13631488
2026-09-16T18:06:13.887783+00:00,kai-scheduler,queue-controller-f86fcd76c-t8wkj,1.0,11534336
2026-09-16T18:06:13.887783+00:00,kube-system,coredns-8db54c48d-4t78n,5.0,49283072
2026-09-16T18:06:13.887783+00:00,kube-system,kwok-controller-5cf8c7c44b-jqjt4,92.0,85983232
2026-09-16T18:06:13.887783+00:00,kube-system,local-path-provisioner-5d9d9885bc-xgwkr,1.0,15728640
2026-09-16T18:06:13.887783+00:00,kube-system,metrics-server-75dc6f8d87-8wltz,31.0,244318208
2026-09-16T18:06:13.887783+00:00,kube-system,svclb-traefik-1111e3f7-l9hjt,0.0,0
2026-09-16T18:06:13.887783+00:00,kube-system,traefik-9bcdbbd9-z65hr,3.0,199229440
2026-09-16T18:06:13.887783+00:00,pyroscope,pyroscope-0,5.0,111149056
2026-09-16T18:06:13.887783+00:00,pyroscope,pyroscope-alloy-0,17.0,449839104
2026-09-16T18:06:45.142743+00:00,grove-system,grove-operator-bfd47f895-hqvp4,121.0,877658112
2026-09-16T18:06:45.142743+00:00,kai-scheduler,admission-86666f457d-2g56g,1.0,16777216
2026-09-16T18:06:45.142743+00:00,kai-scheduler,binder-869fc94c7-shvq6,1.0,196083712
2026-09-16T18:06:45.142743+00:00,kai-scheduler,kai-operator-69b5d7bcf7-mvp2x,3.0,112197632
2026-09-16T18:06:45.142743+00:00,kai-scheduler,kai-scheduler-default-7d6685f94-rh5xx,77.0,413138944
2026-09-16T18:06:45.142743+00:00,kai-scheduler,pod-grouper-65456f756-7lkc9,1.0,11534336
2026-09-16T18:06:45.142743+00:00,kai-scheduler,podgroup-controller-68f9cc8dbf-cdbr7,1.0,13631488
2026-09-16T18:06:45.142743+00:00,kai-scheduler,queue-controller-f86fcd76c-t8wkj,1.0,11534336
2026-09-16T18:06:45.142743+00:00,kube-system,coredns-8db54c48d-4t78n,3.0,49283072
2026-09-16T18:06:45.142743+00:00,kube-system,kwok-controller-5cf8c7c44b-jqjt4,84.0,84934656
2026-09-16T18:06:45.142743+00:00,kube-system,local-path-provisioner-5d9d9885bc-xgwkr,1.0,15728640
2026-09-16T18:06:45.142743+00:00,kube-system,metrics-server-75dc6f8d87-8wltz,28.0,244318208
2026-09-16T18:06:45.142743+00:00,kube-system,svclb-traefik-1111e3f7-l9hjt,0.0,0
2026-09-16T18:06:45.142743+00:00,kube-system,traefik-9bcdbbd9-z65hr,3.0,199229440
2026-09-16T18:06:45.142743+00:00,pyroscope,pyroscope-0,5.0,112197632
2026-09-16T18:06:45.142743+00:00,pyroscope,pyroscope-alloy-0,5.0,449839104
2026-09-16T18:07:16.393568+00:00,grove-system,grove-operator-bfd47f895-hqvp4,90.0,878706688
2026-09-16T18:07:16.393568+00:00,kai-scheduler,admission-86666f457d-2g56g,1.0,16777216
2026-09-16T18:07:16.393568+00:00,kai-scheduler,binder-869fc94c7-shvq6,1.0,196083712
2026-09-16T18:07:16.393568+00:00,kai-scheduler,kai-operator-69b5d7bcf7-mvp2x,3.0,111149056
2026-09-16T18:07:16.393568+00:00,kai-scheduler,kai-scheduler-default-7d6685f94-rh5xx,74.0,372244480
2026-09-16T18:07:16.393568+00:00,kai-scheduler,pod-grouper-65456f756-7lkc9,1.0,11534336
2026-09-16T18:07:16.393568+00:00,kai-scheduler,podgroup-controller-68f9cc8dbf-cdbr7,1.0,13631488
2026-09-16T18:07:16.393568+00:00,kai-scheduler,queue-controller-f86fcd76c-t8wkj,1.0,11534336
2026-09-16T18:07:16.393568+00:00,kube-system,coredns-8db54c48d-4t78n,3.0,48234496
2026-09-16T18:07:16.393568+00:00,kube-system,kwok-controller-5cf8c7c44b-jqjt4,69.0,83886080
2026-09-16T18:07:16.393568+00:00,kube-system,local-path-provisioner-5d9d9885bc-xgwkr,1.0,15728640
2026-09-16T18:07:16.393568+00:00,kube-system,metrics-server-75dc6f8d87-8wltz,30.0,244318208
2026-09-16T18:07:16.393568+00:00,kube-system,svclb-traefik-1111e3f7-l9hjt,0.0,0
2026-09-16T18:07:16.393568+00:00,kube-system,traefik-9bcdbbd9-z65hr,4.0,197132288
2026-09-16T18:07:16.393568+00:00,pyroscope,pyroscope-0,6.0,113246208
2026-09-16T18:07:16.393568+00:00,pyroscope,pyroscope-alloy-0,5.0,455081984
2026-09-16T18:07:47.642901+00:00,grove-system,grove-operator-bfd47f895-hqvp4,46.0,877658112
2026-09-16T18:07:47.642901+00:00,kai-scheduler,admission-86666f457d-2g56g,1.0,16777216
2026-09-16T18:07:47.642901+00:00,kai-scheduler,binder-869fc94c7-shvq6,1.0,196083712
2026-09-16T18:07:47.642901+00:00,kai-scheduler,kai-operator-69b5d7bcf7-mvp2x,3.0,111149056
2026-09-16T18:07:47.642901+00:00,kai-scheduler,kai-scheduler-default-7d6685f94-rh5xx,76.0,376438784
2026-09-16T18:07:47.642901+00:00,kai-scheduler,pod-grouper-65456f756-7lkc9,1.0,11534336
2026-09-16T18:07:47.642901+00:00,kai-scheduler,podgroup-controller-68f9cc8dbf-cdbr7,1.0,13631488
2026-09-16T18:07:47.642901+00:00,kai-scheduler,queue-controller-f86fcd76c-t8wkj,1.0,11534336
2026-09-16T18:07:47.642901+00:00,kube-system,coredns-8db54c48d-4t78n,3.0,48234496
2026-09-16T18:07:47.642901+00:00,kube-system,kwok-controller-5cf8c7c44b-jqjt4,80.0,84934656
2026-09-16T18:07:47.642901+00:00,kube-system,local-path-provisioner-5d9d9885bc-xgwkr,1.0,15728640
2026-09-16T18:07:47.642901+00:00,kube-system,metrics-server-75dc6f8d87-8wltz,29.0,245366784
2026-09-16T18:07:47.642901+00:00,kube-system,svclb-traefik-1111e3f7-l9hjt,0.0,0
2026-09-16T18:07:47.642901+00:00,kube-system,traefik-9bcdbbd9-z65hr,6.0,198180864
2026-09-16T18:07:47.642901+00:00,pyroscope,pyroscope-0,5.0,113246208
2026-09-16T18:07:47.642901+00:00,pyroscope,pyroscope-alloy-0,5.0,464519168
2026-09-16T18:08:18.894298+00:00,grove-system,grove-operator-bfd47f895-hqvp4,42.0,872415232
2026-09-16T18:08:18.894298+00:00,kai-scheduler,admission-86666f457d-2g56g,1.0,16777216
2026-09-16T18:08:18.894298+00:00,kai-scheduler,binder-869fc94c7-shvq6,1.0,196083712
2026-09-16T18:08:18.894298+00:00,kai-scheduler,kai-operator-69b5d7bcf7-mvp2x,3.0,108003328
2026-09-16T18:08:18.894298+00:00,kai-scheduler,kai-scheduler-default-7d6685f94-rh5xx,73.0,373293056
2026-09-16T18:08:18.894298+00:00,kai-scheduler,pod-grouper-65456f756-7lkc9,1.0,11534336
2026-09-16T18:08:18.894298+00:00,kai-scheduler,podgroup-controller-68f9cc8dbf-cdbr7,1.0,13631488
2026-09-16T18:08:18.894298+00:00,kai-scheduler,queue-controller-f86fcd76c-t8wkj,1.0,11534336
2026-09-16T18:08:18.894298+00:00,kube-system,coredns-8db54c48d-4t78n,4.0,49283072
2026-09-16T18:08:18.894298+00:00,kube-system,kwok-controller-5cf8c7c44b-jqjt4,76.0,82837504
2026-09-16T18:08:18.894298+00:00,kube-system,local-path-provisioner-5d9d9885bc-xgwkr,1.0,15728640
2026-09-16T18:08:18.894298+00:00,kube-system,metrics-server-75dc6f8d87-8wltz,29.0,245366784
2026-09-16T18:08:18.894298+00:00,kube-system,svclb-traefik-1111e3f7-l9hjt,0.0,0
2026-09-16T18:08:18.894298+00:00,kube-system,traefik-9bcdbbd9-z65hr,3.0,199229440
2026-09-16T18:08:18.894298+00:00,pyroscope,pyroscope-0,14.0,270532608
2026-09-16T18:08:18.894298+00:00,pyroscope,pyroscope-alloy-0,3.0,472907776
2026-09-16T18:08:50.145735+00:00,grove-system,grove-operator-bfd47f895-hqvp4,32.0,870318080
2026-09-16T18:08:50.145735+00:00,kai-scheduler,admission-86666f457d-2g56g,1.0,16777216
2026-09-16T18:08:50.145735+00:00,kai-scheduler,binder-869fc94c7-shvq6,1.0,196083712
2026-09-16T18:08:50.145735+00:00,kai-scheduler,kai-operator-69b5d7bcf7-mvp2x,3.0,109051904
2026-09-16T18:08:50.145735+00:00,kai-scheduler,kai-scheduler-default-7d6685f94-rh5xx,75.0,383778816
2026-09-16T18:08:50.145735+00:00,kai-scheduler,pod-grouper-65456f756-7lkc9,1.0,11534336
2026-09-16T18:08:50.145735+00:00,kai-scheduler,podgroup-controller-68f9cc8dbf-cdbr7,1.0,13631488
2026-09-16T18:08:50.145735+00:00,kai-scheduler,queue-controller-f86fcd76c-t8wkj,1.0,11534336
2026-09-16T18:08:50.145735+00:00,kube-system,coredns-8db54c48d-4t78n,3.0,49283072
2026-09-16T18:08:50.145735+00:00,kube-system,kwok-controller-5cf8c7c44b-jqjt4,78.0,83886080
2026-09-16T18:08:50.145735+00:00,kube-system,local-path-provisioner-5d9d9885bc-xgwkr,1.0,15728640
2026-09-16T18:08:50.145735+00:00,kube-system,metrics-server-75dc6f8d87-8wltz,29.0,245366784
2026-09-16T18:08:50.145735+00:00,kube-system,svclb-traefik-1111e3f7-l9hjt,0.0,0
2026-09-16T18:08:50.145735+00:00,kube-system,traefik-9bcdbbd9-z65hr,3.0,198180864
2026-09-16T18:08:50.145735+00:00,pyroscope,pyroscope-0,5.0,278921216
2026-09-16T18:08:50.145735+00:00,pyroscope,pyroscope-alloy-0,3.0,472907776
2026-09-16T18:09:21.395890+00:00,grove-system,grove-operator-bfd47f895-hqvp4,36.0,873463808
2026-09-16T18:09:21.395890+00:00,kai-scheduler,admission-86666f457d-2g56g,1.0,16777216
2026-09-16T18:09:21.395890+00:00,kai-scheduler,binder-869fc94c7-shvq6,1.0,197132288
2026-09-16T18:09:21.395890+00:00,kai-scheduler,kai-operator-69b5d7bcf7-mvp2x,3.0,110100480
2026-09-16T18:09:21.395890+00:00,kai-scheduler,kai-scheduler-default-7d6685f94-rh5xx,80.0,394264576
2026-09-16T18:09:21.395890+00:00,kai-scheduler,pod-grouper-65456f756-7lkc9,1.0,11534336
2026-09-16T18:09:21.395890+00:00,kai-scheduler,podgroup-controller-68f9cc8dbf-cdbr7,1.0,13631488
2026-09-16T18:09:21.395890+00:00,kai-scheduler,queue-controller-f86fcd76c-t8wkj,1.0,11534336
2026-09-16T18:09:21.395890+00:00,kube-system,coredns-8db54c48d-4t78n,3.0,49283072
2026-09-16T18:09:21.395890+00:00,kube-system,kwok-controller-5cf8c7c44b-jqjt4,81.0,81788928
2026-09-16T18:09:21.395890+00:00,kube-system,local-path-provisioner-5d9d9885bc-xgwkr,1.0,15728640
2026-09-16T18:09:21.395890+00:00,kube-system,metrics-server-75dc6f8d87-8wltz,26.0,244318208
2026-09-16T18:09:21.395890+00:00,kube-system,svclb-traefik-1111e3f7-l9hjt,0.0,0
2026-09-16T18:09:21.395890+00:00,kube-system,traefik-9bcdbbd9-z65hr,8.0,198180864
2026-09-16T18:09:21.395890+00:00,pyroscope,pyroscope-0,6.0,279969792
2026-09-16T18:09:21.395890+00:00,pyroscope,pyroscope-alloy-0,3.0,475004928
2026-09-16T18:09:52.650606+00:00,grove-system,grove-operator-bfd47f895-hqvp4,33.0,878706688
2026-09-16T18:09:52.650606+00:00,kai-scheduler,admission-86666f457d-2g56g,1.0,16777216
2026-09-16T18:09:52.650606+00:00,kai-scheduler,binder-869fc94c7-shvq6,1.0,196083712
2026-09-16T18:09:52.650606+00:00,kai-scheduler,kai-operator-69b5d7bcf7-mvp2x,5.0,109051904
2026-09-16T18:09:52.650606+00:00,kai-scheduler,kai-scheduler-default-7d6685f94-rh5xx,74.0,391118848
2026-09-16T18:09:52.650606+00:00,kai-scheduler,pod-grouper-65456f756-7lkc9,1.0,11534336
2026-09-16T18:09:52.650606+00:00,kai-scheduler,podgroup-controller-68f9cc8dbf-cdbr7,1.0,13631488
2026-09-16T18:09:52.650606+00:00,kai-scheduler,queue-controller-f86fcd76c-t8wkj,1.0,11534336
2026-09-16T18:09:52.650606+00:00,kube-system,coredns-8db54c48d-4t78n,3.0,49283072
2026-09-16T18:09:52.650606+00:00,kube-system,kwok-controller-5cf8c7c44b-jqjt4,103.0,84934656
2026-09-16T18:09:52.650606+00:00,kube-system,local-path-provisioner-5d9d9885bc-xgwkr,1.0,15728640
2026-09-16T18:09:52.650606+00:00,kube-system,metrics-server-75dc6f8d87-8wltz,32.0,248512512
2026-09-16T18:09:52.650606+00:00,kube-system,svclb-traefik-1111e3f7-l9hjt,0.0,0
2026-09-16T18:09:52.650606+00:00,kube-system,traefik-9bcdbbd9-z65hr,4.0,197132288
2026-09-16T18:09:52.650606+00:00,pyroscope,pyroscope-0,5.0,306184192
2026-09-16T18:09:52.650606+00:00,pyroscope,pyroscope-alloy-0,5.0,480247808
2026-09-16T18:10:23.897525+00:00,grove-system,grove-operator-bfd47f895-hqvp4,45.0,860880896
2026-09-16T18:10:23.897525+00:00,kai-scheduler,admission-86666f457d-2g56g,1.0,16777216
2026-09-16T18:10:23.897525+00:00,kai-scheduler,binder-869fc94c7-shvq6,1.0,196083712
2026-09-16T18:10:23.897525+00:00,kai-scheduler,kai-operator-69b5d7bcf7-mvp2x,3.0,110100480
2026-09-16T18:10:23.897525+00:00,kai-scheduler,kai-scheduler-default-7d6685f94-rh5xx,78.0,394264576
2026-09-16T18:10:23.897525+00:00,kai-scheduler,pod-grouper-65456f756-7lkc9,1.0,11534336
2026-09-16T18:10:23.897525+00:00,kai-scheduler,podgroup-controller-68f9cc8dbf-cdbr7,1.0,13631488
2026-09-16T18:10:23.897525+00:00,kai-scheduler,queue-controller-f86fcd76c-t8wkj,1.0,11534336
2026-09-16T18:10:23.897525+00:00,kube-system,coredns-8db54c48d-4t78n,3.0,49283072
2026-09-16T18:10:23.897525+00:00,kube-system,kwok-controller-5cf8c7c44b-jqjt4,86.0,82837504
2026-09-16T18:10:23.897525+00:00,kube-system,local-path-provisioner-5d9d9885bc-xgwkr,1.0,15728640
2026-09-16T18:10:23.897525+00:00,kube-system,metrics-server-75dc6f8d87-8wltz,26.0,244318208
2026-09-16T18:10:23.897525+00:00,kube-system,svclb-traefik-1111e3f7-l9hjt,0.0,0
2026-09-16T18:10:23.897525+00:00,kube-system,traefik-9bcdbbd9-z65hr,3.0,197132288
2026-09-16T18:10:23.897525+00:00,pyroscope,pyroscope-0,6.0,319815680
2026-09-16T18:10:23.897525+00:00,pyroscope,pyroscope-alloy-0,12.0,467664896
2026-09-16T18:10:55.177978+00:00,grove-system,grove-operator-bfd47f895-hqvp4,29.0,864026624
2026-09-16T18:10:55.177978+00:00,kai-scheduler,admission-86666f457d-2g56g,1.0,16777216
2026-09-16T18:10:55.177978+00:00,kai-scheduler,binder-869fc94c7-shvq6,1.0,196083712
2026-09-16T18:10:55.177978+00:00,kai-scheduler,kai-operator-69b5d7bcf7-mvp2x,3.0,108003328
2026-09-16T18:10:55.177978+00:00,kai-scheduler,kai-scheduler-default-7d6685f94-rh5xx,76.0,402653184
2026-09-16T18:10:55.177978+00:00,kai-scheduler,pod-grouper-65456f756-7lkc9,1.0,11534336
2026-09-16T18:10:55.177978+00:00,kai-scheduler,podgroup-controller-68f9cc8dbf-cdbr7,1.0,13631488
2026-09-16T18:10:55.177978+00:00,kai-scheduler,queue-controller-f86fcd76c-t8wkj,1.0,11534336
2026-09-16T18:10:55.177978+00:00,kube-system,coredns-8db54c48d-4t78n,4.0,48234496
2026-09-16T18:10:55.177978+00:00,kube-system,kwok-controller-5cf8c7c44b-jqjt4,274.0,83886080
2026-09-16T18:10:55.177978+00:00,kube-system,local-path-provisioner-5d9d9885bc-xgwkr,1.0,15728640
2026-09-16T18:10:55.177978+00:00,kube-system,metrics-server-75dc6f8d87-8wltz,30.0,244318208
2026-09-16T18:10:55.177978+00:00,kube-system,svclb-traefik-1111e3f7-l9hjt,0.0,0
2026-09-16T18:10:55.177978+00:00,kube-system,traefik-9bcdbbd9-z65hr,3.0,197132288
2026-09-16T18:10:55.177978+00:00,pyroscope,pyroscope-0,5.0,178257920
2026-09-16T18:10:55.177978+00:00,pyroscope,pyroscope-alloy-0,6.0,466616320
2026-09-16T18:11:26.426636+00:00,grove-system,grove-operator-bfd47f895-hqvp4,41.0,859832320
2026-09-16T18:11:26.426636+00:00,kai-scheduler,admission-86666f457d-2g56g,1.0,16777216
2026-09-16T18:11:26.426636+00:00,kai-scheduler,binder-869fc94c7-shvq6,1.0,196083712
2026-09-16T18:11:26.426636+00:00,kai-scheduler,kai-operator-69b5d7bcf7-mvp2x,3.0,109051904
2026-09-16T18:11:26.426636+00:00,kai-scheduler,kai-scheduler-default-7d6685f94-rh5xx,74.0,398458880
2026-09-16T18:11:26.426636+00:00,kai-scheduler,pod-grouper-65456f756-7lkc9,1.0,11534336
2026-09-16T18:11:26.426636+00:00,kai-scheduler,podgroup-controller-68f9cc8dbf-cdbr7,1.0,13631488
2026-09-16T18:11:26.426636+00:00,kai-scheduler,queue-controller-f86fcd76c-t8wkj,1.0,11534336
2026-09-16T18:11:26.426636+00:00,kube-system,coredns-8db54c48d-4t78n,3.0,49283072
2026-09-16T18:11:26.426636+00:00,kube-system,kwok-controller-5cf8c7c44b-jqjt4,97.0,83886080
2026-09-16T18:11:26.426636+00:00,kube-system,local-path-provisioner-5d9d9885bc-xgwkr,1.0,15728640
2026-09-16T18:11:26.426636+00:00,kube-system,metrics-server-75dc6f8d87-8wltz,35.0,246415360
2026-09-16T18:11:26.426636+00:00,kube-system,svclb-traefik-1111e3f7-l9hjt,0.0,0
2026-09-16T18:11:26.426636+00:00,kube-system,traefik-9bcdbbd9-z65hr,4.0,197132288
2026-09-16T18:11:26.426636+00:00,pyroscope,pyroscope-0,5.0,179306496
2026-09-16T18:11:26.426636+00:00,pyroscope,pyroscope-alloy-0,6.0,466616320
2026-09-16T18:11:57.671635+00:00,grove-system,grove-operator-bfd47f895-hqvp4,30.0,859832320
2026-09-16T18:11:57.671635+00:00,kai-scheduler,admission-86666f457d-2g56g,1.0,16777216
2026-09-16T18:11:57.671635+00:00,kai-scheduler,binder-869fc94c7-shvq6,1.0,196083712
2026-09-16T18:11:57.671635+00:00,kai-scheduler,kai-operator-69b5d7bcf7-mvp2x,4.0,109051904
2026-09-16T18:11:57.671635+00:00,kai-scheduler,kai-scheduler-default-7d6685f94-rh5xx,72.0,381681664
2026-09-16T18:11:57.671635+00:00,kai-scheduler,pod-grouper-65456f756-7lkc9,1.0,11534336
2026-09-16T18:11:57.671635+00:00,kai-scheduler,podgroup-controller-68f9cc8dbf-cdbr7,1.0,13631488
2026-09-16T18:11:57.671635+00:00,kai-scheduler,queue-controller-f86fcd76c-t8wkj,1.0,11534336
2026-09-16T18:11:57.671635+00:00,kube-system,coredns-8db54c48d-4t78n,3.0,48234496
2026-09-16T18:11:57.671635+00:00,kube-system,kwok-controller-5cf8c7c44b-jqjt4,67.0,84934656
2026-09-16T18:11:57.671635+00:00,kube-system,local-path-provisioner-5d9d9885bc-xgwkr,1.0,15728640
2026-09-16T18:11:57.671635+00:00,kube-system,metrics-server-75dc6f8d87-8wltz,31.0,248512512
2026-09-16T18:11:57.671635+00:00,kube-system,svclb-traefik-1111e3f7-l9hjt,0.0,0
2026-09-16T18:11:57.671635+00:00,kube-system,traefik-9bcdbbd9-z65hr,3.0,197132288
2026-09-16T18:11:57.671635+00:00,pyroscope,pyroscope-0,4.0,175112192
2026-09-16T18:11:57.671635+00:00,pyroscope,pyroscope-alloy-0,5.0,468713472
2026-09-16T18:12:28.914609+00:00,grove-system,grove-operator-bfd47f895-hqvp4,28.0,856686592
2026-09-16T18:12:28.914609+00:00,kai-scheduler,admission-86666f457d-2g56g,1.0,16777216
2026-09-16T18:12:28.914609+00:00,kai-scheduler,binder-869fc94c7-shvq6,3.0,196083712
2026-09-16T18:12:28.914609+00:00,kai-scheduler,kai-operator-69b5d7bcf7-mvp2x,3.0,109051904
2026-09-16T18:12:28.914609+00:00,kai-scheduler,kai-scheduler-default-7d6685f94-rh5xx,82.0,363855872
2026-09-16T18:12:28.914609+00:00,kai-scheduler,pod-grouper-65456f756-7lkc9,1.0,11534336
2026-09-16T18:12:28.914609+00:00,kai-scheduler,podgroup-controller-68f9cc8dbf-cdbr7,1.0,13631488
2026-09-16T18:12:28.914609+00:00,kai-scheduler,queue-controller-f86fcd76c-t8wkj,1.0,11534336
2026-09-16T18:12:28.914609+00:00,kube-system,coredns-8db54c48d-4t78n,3.0,48234496
2026-09-16T18:12:28.914609+00:00,kube-system,kwok-controller-5cf8c7c44b-jqjt4,96.0,84934656
2026-09-16T18:12:28.914609+00:00,kube-system,local-path-provisioner-5d9d9885bc-xgwkr,1.0,15728640
2026-09-16T18:12:28.914609+00:00,kube-system,metrics-server-75dc6f8d87-8wltz,31.0,246415360
2026-09-16T18:12:28.914609+00:00,kube-system,svclb-traefik-1111e3f7-l9hjt,0.0,0
2026-09-16T18:12:28.914609+00:00,kube-system,traefik-9bcdbbd9-z65hr,3.0,197132288
2026-09-16T18:12:28.914609+00:00,pyroscope,pyroscope-0,6.0,177209344
2026-09-16T18:12:28.914609+00:00,pyroscope,pyroscope-alloy-0,3.0,471859200
2026-09-16T18:13:00.164322+00:00,grove-system,grove-operator-bfd47f895-hqvp4,25.0,846200832
2026-09-16T18:13:00.164322+00:00,kai-scheduler,admission-86666f457d-2g56g,1.0,16777216
2026-09-16T18:13:00.164322+00:00,kai-scheduler,binder-869fc94c7-shvq6,22.0,189792256
2026-09-16T18:13:00.164322+00:00,kai-scheduler,kai-operator-69b5d7bcf7-mvp2x,1.0,108003328
2026-09-16T18:13:00.164322+00:00,kai-scheduler,kai-scheduler-default-7d6685f94-rh5xx,90.0,367001600
2026-09-16T18:13:00.164322+00:00,kai-scheduler,pod-grouper-65456f756-7lkc9,1.0,11534336
2026-09-16T18:13:00.164322+00:00,kai-scheduler,podgroup-controller-68f9cc8dbf-cdbr7,1.0,13631488
2026-09-16T18:13:00.164322+00:00,kai-scheduler,queue-controller-f86fcd76c-t8wkj,1.0,11534336
2026-09-16T18:13:00.164322+00:00,kube-system,coredns-8db54c48d-4t78n,3.0,48234496
2026-09-16T18:13:00.164322+00:00,kube-system,kwok-controller-5cf8c7c44b-jqjt4,113.0,83886080
2026-09-16T18:13:00.164322+00:00,kube-system,local-path-provisioner-5d9d9885bc-xgwkr,1.0,15728640
2026-09-16T18:13:00.164322+00:00,kube-system,metrics-server-75dc6f8d87-8wltz,31.0,248512512
2026-09-16T18:13:00.164322+00:00,kube-system,svclb-traefik-1111e3f7-l9hjt,0.0,0
2026-09-16T18:13:00.164322+00:00,kube-system,traefik-9bcdbbd9-z65hr,3.0,197132288
2026-09-16T18:13:00.164322+00:00,pyroscope,pyroscope-0,5.0,177209344
2026-09-16T18:13:00.164322+00:00,pyroscope,pyroscope-alloy-0,86.0,440401920
2026-09-16T18:13:31.416822+00:00,grove-system,grove-operator-bfd47f895-hqvp4,34.0,844103680
2026-09-16T18:13:31.416822+00:00,kai-scheduler,admission-86666f457d-2g56g,1.0,16777216
2026-09-16T18:13:31.416822+00:00,kai-scheduler,kai-operator-69b5d7bcf7-mvp2x,4.0,108003328
2026-09-16T18:13:31.416822+00:00,kai-scheduler,kai-scheduler-default-7d6685f94-rh5xx,82.0,357564416
2026-09-16T18:13:31.416822+00:00,kai-scheduler,pod-grouper-65456f756-7lkc9,1.0,11534336
2026-09-16T18:13:31.416822+00:00,kai-scheduler,podgroup-controller-68f9cc8dbf-cdbr7,1.0,13631488
2026-09-16T18:13:31.416822+00:00,kai-scheduler,queue-controller-f86fcd76c-t8wkj,1.0,11534336
2026-09-16T18:13:31.416822+00:00,kube-system,coredns-8db54c48d-4t78n,3.0,48234496
2026-09-16T18:13:31.416822+00:00,kube-system,kwok-controller-5cf8c7c44b-jqjt4,105.0,83886080
2026-09-16T18:13:31.416822+00:00,kube-system,local-path-provisioner-5d9d9885bc-xgwkr,1.0,15728640
2026-09-16T18:13:31.416822+00:00,kube-system,metrics-server-75dc6f8d87-8wltz,38.0,247463936
2026-09-16T18:13:31.416822+00:00,kube-system,svclb-traefik-1111e3f7-l9hjt,0.0,0
2026-09-16T18:13:31.416822+00:00,kube-system,traefik-9bcdbbd9-z65hr,3.0,197132288
2026-09-16T18:13:31.416822+00:00,pyroscope,pyroscope-0,6.0,173015040
2026-09-16T18:13:31.416822+00:00,pyroscope,pyroscope-alloy-0,80.0,426770432
2026-09-16T18:14:02.671343+00:00,grove-system,grove-operator-bfd47f895-hqvp4,18.0,847249408
2026-09-16T18:14:02.671343+00:00,kai-scheduler,admission-86666f457d-2g56g,1.0,16777216
2026-09-16T18:14:02.671343+00:00,kai-scheduler,kai-operator-69b5d7bcf7-mvp2x,1.0,108003328
2026-09-16T18:14:02.671343+00:00,kai-scheduler,kai-scheduler-default-7d6685f94-rh5xx,79.0,389021696
2026-09-16T18:14:02.671343+00:00,kai-scheduler,pod-grouper-65456f756-7lkc9,1.0,11534336
2026-09-16T18:14:02.671343+00:00,kai-scheduler,podgroup-controller-68f9cc8dbf-cdbr7,1.0,13631488
2026-09-16T18:14:02.671343+00:00,kai-scheduler,queue-controller-f86fcd76c-t8wkj,1.0,11534336
2026-09-16T18:14:02.671343+00:00,kube-system,coredns-8db54c48d-4t78n,3.0,48234496
2026-09-16T18:14:02.671343+00:00,kube-system,kwok-controller-5cf8c7c44b-jqjt4,113.0,81788928
2026-09-16T18:14:02.671343+00:00,kube-system,local-path-provisioner-5d9d9885bc-xgwkr,1.0,15728640
2026-09-16T18:14:02.671343+00:00,kube-system,metrics-server-75dc6f8d87-8wltz,37.0,245366784
2026-09-16T18:14:02.671343+00:00,kube-system,svclb-traefik-1111e3f7-l9hjt,0.0,0
2026-09-16T18:14:02.671343+00:00,kube-system,traefik-9bcdbbd9-z65hr,3.0,198180864
2026-09-16T18:14:02.671343+00:00,pyroscope,pyroscope-0,5.0,174063616
2026-09-16T18:14:02.671343+00:00,pyroscope,pyroscope-alloy-0,59.0,426770432
2026-09-16T18:14:33.921928+00:00,grove-system,grove-operator-bfd47f895-hqvp4,26.0,840957952
2026-09-16T18:14:33.921928+00:00,kai-scheduler,admission-86666f457d-2g56g,1.0,16777216
2026-09-16T18:14:33.921928+00:00,kai-scheduler,kai-operator-69b5d7bcf7-mvp2x,1.0,108003328
2026-09-16T18:14:33.921928+00:00,kai-scheduler,kai-scheduler-default-7d6685f94-rh5xx,74.0,354418688
2026-09-16T18:14:33.921928+00:00,kai-scheduler,pod-grouper-65456f756-7lkc9,1.0,11534336
2026-09-16T18:14:33.921928+00:00,kai-scheduler,podgroup-controller-68f9cc8dbf-cdbr7,1.0,13631488
2026-09-16T18:14:33.921928+00:00,kai-scheduler,queue-controller-f86fcd76c-t8wkj,1.0,11534336
2026-09-16T18:14:33.921928+00:00,kube-system,coredns-8db54c48d-4t78n,3.0,48234496
2026-09-16T18:14:33.921928+00:00,kube-system,kwok-controller-5cf8c7c44b-jqjt4,106.0,83886080
2026-09-16T18:14:33.921928+00:00,kube-system,local-path-provisioner-5d9d9885bc-xgwkr,1.0,15728640
2026-09-16T18:14:33.921928+00:00,kube-system,metrics-server-75dc6f8d87-8wltz,46.0,247463936
2026-09-16T18:14:33.921928+00:00,kube-system,svclb-traefik-1111e3f7-l9hjt,0.0,0
2026-09-16T18:14:33.921928+00:00,kube-system,traefik-9bcdbbd9-z65hr,3.0,197132288
2026-09-16T18:14:33.921928+00:00,pyroscope,pyroscope-0,5.0,175112192
2026-09-16T18:14:33.921928+00:00,pyroscope,pyroscope-alloy-0,75.0,425721856
2026-09-16T18:15:05.166810+00:00,grove-system,grove-operator-bfd47f895-hqvp4,20.0,844103680
2026-09-16T18:15:05.166810+00:00,kai-scheduler,admission-86666f457d-2g56g,1.0,16777216
2026-09-16T18:15:05.166810+00:00,kai-scheduler,kai-operator-69b5d7bcf7-mvp2x,1.0,108003328
2026-09-16T18:15:05.166810+00:00,kai-scheduler,kai-scheduler-default-7d6685f94-rh5xx,72.0,352321536
2026-09-16T18:15:05.166810+00:00,kai-scheduler,pod-grouper-65456f756-7lkc9,1.0,11534336
2026-09-16T18:15:05.166810+00:00,kai-scheduler,podgroup-controller-68f9cc8dbf-cdbr7,1.0,13631488
2026-09-16T18:15:05.166810+00:00,kai-scheduler,queue-controller-f86fcd76c-t8wkj,1.0,11534336
2026-09-16T18:15:05.166810+00:00,kube-system,coredns-8db54c48d-4t78n,3.0,48234496
2026-09-16T18:15:05.166810+00:00,kube-system,kwok-controller-5cf8c7c44b-jqjt4,104.0,83886080
2026-09-16T18:15:05.166810+00:00,kube-system,local-path-provisioner-5d9d9885bc-xgwkr,1.0,15728640
2026-09-16T18:15:05.166810+00:00,kube-system,metrics-server-75dc6f8d87-8wltz,41.0,244318208
2026-09-16T18:15:05.166810+00:00,kube-system,svclb-traefik-1111e3f7-l9hjt,0.0,0
2026-09-16T18:15:05.166810+00:00,kube-system,traefik-9bcdbbd9-z65hr,5.0,199229440
2026-09-16T18:15:05.166810+00:00,pyroscope,pyroscope-0,6.0,173015040
2026-09-16T18:15:05.166810+00:00,pyroscope,pyroscope-alloy-0,74.0,428867584
2026-09-16T18:15:36.425661+00:00,grove-system,grove-operator-bfd47f895-hqvp4,32.0,844103680
2026-09-16T18:15:36.425661+00:00,kai-scheduler,admission-86666f457d-2g56g,1.0,16777216
2026-09-16T18:15:36.425661+00:00,kai-scheduler,kai-operator-69b5d7bcf7-mvp2x,1.0,108003328
2026-09-16T18:15:36.425661+00:00,kai-scheduler,kai-scheduler-default-7d6685f94-rh5xx,65.0,362807296
2026-09-16T18:15:36.425661+00:00,kai-scheduler,pod-grouper-65456f756-7lkc9,1.0,11534336
2026-09-16T18:15:36.425661+00:00,kai-scheduler,podgroup-controller-68f9cc8dbf-cdbr7,1.0,13631488
2026-09-16T18:15:36.425661+00:00,kai-scheduler,queue-controller-f86fcd76c-t8wkj,1.0,11534336
2026-09-16T18:15:36.425661+00:00,kube-system,coredns-8db54c48d-4t78n,3.0,48234496
2026-09-16T18:15:36.425661+00:00,kube-system,kwok-controller-5cf8c7c44b-jqjt4,108.0,83886080
2026-09-16T18:15:36.425661+00:00,kube-system,local-path-provisioner-5d9d9885bc-xgwkr,1.0,15728640
2026-09-16T18:15:36.425661+00:00,kube-system,metrics-server-75dc6f8d87-8wltz,40.0,245366784
2026-09-16T18:15:36.425661+00:00,kube-system,svclb-traefik-1111e3f7-l9hjt,0.0,0
2026-09-16T18:15:36.425661+00:00,kube-system,traefik-9bcdbbd9-z65hr,7.0,199229440
2026-09-16T18:15:36.425661+00:00,pyroscope,pyroscope-0,6.0,174063616
2026-09-16T18:15:36.425661+00:00,pyroscope,pyroscope-alloy-0,63.0,427819008
2026-09-16T18:16:07.678364+00:00,grove-system,grove-operator-bfd47f895-hqvp4,29.0,831520768
2026-09-16T18:16:07.678364+00:00,kai-scheduler,admission-86666f457d-2g56g,1.0,16777216
2026-09-16T18:16:07.678364+00:00,kai-scheduler,binder-869fc94c7-shvq6,76.0,144703488
2026-09-16T18:16:07.678364+00:00,kai-scheduler,kai-operator-69b5d7bcf7-mvp2x,3.0,108003328
2026-09-16T18:16:07.678364+00:00,kai-scheduler,kai-scheduler-default-7d6685f94-rh5xx,67.0,338690048
2026-09-16T18:16:07.678364+00:00,kai-scheduler,pod-grouper-65456f756-7lkc9,1.0,11534336
2026-09-16T18:16:07.678364+00:00,kai-scheduler,podgroup-controller-68f9cc8dbf-cdbr7,1.0,13631488
2026-09-16T18:16:07.678364+00:00,kai-scheduler,queue-controller-f86fcd76c-t8wkj,1.0,11534336
2026-09-16T18:16:07.678364+00:00,kube-system,coredns-8db54c48d-4t78n,4.0,48234496
2026-09-16T18:16:07.678364+00:00,kube-system,kwok-controller-5cf8c7c44b-jqjt4,136.0,83886080
2026-09-16T18:16:07.678364+00:00,kube-system,local-path-provisioner-5d9d9885bc-xgwkr,1.0,15728640
2026-09-16T18:16:07.678364+00:00,kube-system,metrics-server-75dc6f8d87-8wltz,50.0,246415360
2026-09-16T18:16:07.678364+00:00,kube-system,svclb-traefik-1111e3f7-l9hjt,0.0,0
2026-09-16T18:16:07.678364+00:00,kube-system,traefik-9bcdbbd9-z65hr,3.0,198180864
2026-09-16T18:16:07.678364+00:00,pyroscope,pyroscope-0,6.0,175112192
2026-09-16T18:16:07.678364+00:00,pyroscope,pyroscope-alloy-0,59.0,426770432
2026-09-16T18:16:38.933464+00:00,grove-system,grove-operator-bfd47f895-hqvp4,27.0,836763648
2026-09-16T18:16:38.933464+00:00,kai-scheduler,admission-86666f457d-2g56g,1.0,16777216
2026-09-16T18:16:38.933464+00:00,kai-scheduler,binder-869fc94c7-shvq6,18.0,145752064
2026-09-16T18:16:38.933464+00:00,kai-scheduler,kai-operator-69b5d7bcf7-mvp2x,1.0,108003328
2026-09-16T18:16:38.933464+00:00,kai-scheduler,kai-scheduler-default-7d6685f94-rh5xx,56.0,335544320
2026-09-16T18:16:38.933464+00:00,kai-scheduler,pod-grouper-65456f756-7lkc9,1.0,11534336
2026-09-16T18:16:38.933464+00:00,kai-scheduler,podgroup-controller-68f9cc8dbf-cdbr7,1.0,13631488
2026-09-16T18:16:38.933464+00:00,kai-scheduler,queue-controller-f86fcd76c-t8wkj,1.0,11534336
2026-09-16T18:16:38.933464+00:00,kube-system,coredns-8db54c48d-4t78n,3.0,49283072
2026-09-16T18:16:38.933464+00:00,kube-system,kwok-controller-5cf8c7c44b-jqjt4,107.0,82837504
2026-09-16T18:16:38.933464+00:00,kube-system,local-path-provisioner-5d9d9885bc-xgwkr,1.0,15728640
2026-09-16T18:16:38.933464+00:00,kube-system,metrics-server-75dc6f8d87-8wltz,43.0,246415360
2026-09-16T18:16:38.933464+00:00,kube-system,svclb-traefik-1111e3f7-l9hjt,0.0,0
2026-09-16T18:16:38.933464+00:00,kube-system,traefik-9bcdbbd9-z65hr,3.0,198180864
2026-09-16T18:16:38.933464+00:00,pyroscope,pyroscope-0,6.0,176160768
2026-09-16T18:16:38.933464+00:00,pyroscope,pyroscope-alloy-0,61.0,434110464
2026-09-16T18:17:10.182705+00:00,grove-system,grove-operator-bfd47f895-hqvp4,24.0,833617920
2026-09-16T18:17:10.182705+00:00,kai-scheduler,admission-86666f457d-2g56g,1.0,16777216
2026-09-16T18:17:10.182705+00:00,kai-scheduler,binder-869fc94c7-shvq6,19.0,152043520
2026-09-16T18:17:10.182705+00:00,kai-scheduler,kai-operator-69b5d7bcf7-mvp2x,1.0,108003328
2026-09-16T18:17:10.182705+00:00,kai-scheduler,kai-scheduler-default-7d6685f94-rh5xx,59.0,334495744
2026-09-16T18:17:10.182705+00:00,kai-scheduler,pod-grouper-65456f756-7lkc9,1.0,11534336
2026-09-16T18:17:10.182705+00:00,kai-scheduler,podgroup-controller-68f9cc8dbf-cdbr7,1.0,13631488
2026-09-16T18:17:10.182705+00:00,kai-scheduler,queue-controller-f86fcd76c-t8wkj,1.0,11534336
2026-09-16T18:17:10.182705+00:00,kube-system,coredns-8db54c48d-4t78n,3.0,48234496
2026-09-16T18:17:10.182705+00:00,kube-system,kwok-controller-5cf8c7c44b-jqjt4,117.0,81788928
2026-09-16T18:17:10.182705+00:00,kube-system,local-path-provisioner-5d9d9885bc-xgwkr,1.0,15728640
2026-09-16T18:17:10.182705+00:00,kube-system,metrics-server-75dc6f8d87-8wltz,36.0,245366784
2026-09-16T18:17:10.182705+00:00,kube-system,svclb-traefik-1111e3f7-l9hjt,0.0,0
2026-09-16T18:17:10.182705+00:00,kube-system,traefik-9bcdbbd9-z65hr,3.0,198180864
2026-09-16T18:17:10.182705+00:00,pyroscope,pyroscope-0,6.0,176160768
2026-09-16T18:17:10.182705+00:00,pyroscope,pyroscope-alloy-0,62.0,424673280
2026-09-16T18:17:41.439576+00:00,grove-system,grove-operator-bfd47f895-hqvp4,27.0,825229312
2026-09-16T18:17:41.439576+00:00,kai-scheduler,admission-86666f457d-2g56g,1.0,16777216
2026-09-16T18:17:41.439576+00:00,kai-scheduler,binder-869fc94c7-shvq6,18.0,152043520
2026-09-16T18:17:41.439576+00:00,kai-scheduler,kai-operator-69b5d7bcf7-mvp2x,1.0,108003328
2026-09-16T18:17:41.439576+00:00,kai-scheduler,kai-scheduler-default-7d6685f94-rh5xx,53.0,331350016
2026-09-16T18:17:41.439576+00:00,kai-scheduler,pod-grouper-65456f756-7lkc9,1.0,11534336
2026-09-16T18:17:41.439576+00:00,kai-scheduler,podgroup-controller-68f9cc8dbf-cdbr7,1.0,13631488
2026-09-16T18:17:41.439576+00:00,kai-scheduler,queue-controller-f86fcd76c-t8wkj,1.0,11534336
2026-09-16T18:17:41.439576+00:00,kube-system,coredns-8db54c48d-4t78n,3.0,47185920
2026-09-16T18:17:41.439576+00:00,kube-system,kwok-controller-5cf8c7c44b-jqjt4,102.0,82837504
2026-09-16T18:17:41.439576+00:00,kube-system,local-path-provisioner-5d9d9885bc-xgwkr,1.0,15728640
2026-09-16T18:17:41.439576+00:00,kube-system,metrics-server-75dc6f8d87-8wltz,41.0,245366784
2026-09-16T18:17:41.439576+00:00,kube-system,svclb-traefik-1111e3f7-l9hjt,0.0,0
2026-09-16T18:17:41.439576+00:00,kube-system,traefik-9bcdbbd9-z65hr,4.0,198180864
2026-09-16T18:17:41.439576+00:00,pyroscope,pyroscope-0,5.0,178257920
2026-09-16T18:17:41.439576+00:00,pyroscope,pyroscope-alloy-0,49.0,426770432
2026-09-16T18:18:12.693913+00:00,grove-system,grove-operator-bfd47f895-hqvp4,16.0,828375040
2026-09-16T18:18:12.693913+00:00,kai-scheduler,admission-86666f457d-2g56g,1.0,16777216
2026-09-16T18:18:12.693913+00:00,kai-scheduler,binder-869fc94c7-shvq6,20.0,149946368
2026-09-16T18:18:12.693913+00:00,kai-scheduler,kai-operator-69b5d7bcf7-mvp2x,1.0,108003328
2026-09-16T18:18:12.693913+00:00,kai-scheduler,kai-scheduler-default-7d6685f94-rh5xx,53.0,318767104
2026-09-16T18:18:12.693913+00:00,kai-scheduler,pod-grouper-65456f756-7lkc9,1.0,11534336
2026-09-16T18:18:12.693913+00:00,kai-scheduler,podgroup-controller-68f9cc8dbf-cdbr7,1.0,13631488
2026-09-16T18:18:12.693913+00:00,kai-scheduler,queue-controller-f86fcd76c-t8wkj,1.0,11534336
2026-09-16T18:18:12.693913+00:00,kube-system,coredns-8db54c48d-4t78n,3.0,48234496
2026-09-16T18:18:12.693913+00:00,kube-system,kwok-controller-5cf8c7c44b-jqjt4,161.0,81788928
2026-09-16T18:18:12.693913+00:00,kube-system,local-path-provisioner-5d9d9885bc-xgwkr,1.0,15728640
2026-09-16T18:18:12.693913+00:00,kube-system,metrics-server-75dc6f8d87-8wltz,40.0,245366784
2026-09-16T18:18:12.693913+00:00,kube-system,svclb-traefik-1111e3f7-l9hjt,0.0,0
2026-09-16T18:18:12.693913+00:00,kube-system,traefik-9bcdbbd9-z65hr,3.0,198180864
2026-09-16T18:18:12.693913+00:00,pyroscope,pyroscope-0,6.0,179306496
2026-09-16T18:18:12.693913+00:00,pyroscope,pyroscope-alloy-0,55.0,425721856
2026-09-16T18:18:43.974431+00:00,grove-system,grove-operator-bfd47f895-hqvp4,27.0,816840704
2026-09-16T18:18:43.974431+00:00,kai-scheduler,admission-86666f457d-2g56g,1.0,16777216
2026-09-16T18:18:43.974431+00:00,kai-scheduler,binder-869fc94c7-shvq6,21.0,148897792
2026-09-16T18:18:43.974431+00:00,kai-scheduler,kai-operator-69b5d7bcf7-mvp2x,1.0,108003328
2026-09-16T18:18:43.974431+00:00,kai-scheduler,kai-scheduler-default-7d6685f94-rh5xx,51.0,340787200
2026-09-16T18:18:43.974431+00:00,kai-scheduler,pod-grouper-65456f756-7lkc9,1.0,11534336
2026-09-16T18:18:43.974431+00:00,kai-scheduler,podgroup-controller-68f9cc8dbf-cdbr7,1.0,13631488
2026-09-16T18:18:43.974431+00:00,kai-scheduler,queue-controller-f86fcd76c-t8wkj,1.0,11534336
2026-09-16T18:18:43.974431+00:00,kube-system,coredns-8db54c48d-4t78n,3.0,48234496
2026-09-16T18:18:43.974431+00:00,kube-system,kwok-controller-5cf8c7c44b-jqjt4,116.0,80740352
2026-09-16T18:18:43.974431+00:00,kube-system,local-path-provisioner-5d9d9885bc-xgwkr,1.0,15728640
2026-09-16T18:18:43.974431+00:00,kube-system,metrics-server-75dc6f8d87-8wltz,43.0,245366784
2026-09-16T18:18:43.974431+00:00,kube-system,svclb-traefik-1111e3f7-l9hjt,0.0,0
2026-09-16T18:18:43.974431+00:00,kube-system,traefik-9bcdbbd9-z65hr,3.0,198180864
2026-09-16T18:18:43.974431+00:00,pyroscope,pyroscope-0,5.0,179306496
2026-09-16T18:18:43.974431+00:00,pyroscope,pyroscope-alloy-0,50.0,421527552
2026-09-16T18:19:15.225761+00:00,grove-system,grove-operator-bfd47f895-hqvp4,30.0,813694976
2026-09-16T18:19:15.225761+00:00,kai-scheduler,admission-86666f457d-2g56g,1.0,16777216
2026-09-16T18:19:15.225761+00:00,kai-scheduler,binder-869fc94c7-shvq6,20.0,147849216
2026-09-16T18:19:15.225761+00:00,kai-scheduler,kai-operator-69b5d7bcf7-mvp2x,1.0,108003328
2026-09-16T18:19:15.225761+00:00,kai-scheduler,kai-scheduler-default-7d6685f94-rh5xx,46.0,331350016
2026-09-16T18:19:15.225761+00:00,kai-scheduler,pod-grouper-65456f756-7lkc9,1.0,11534336
2026-09-16T18:19:15.225761+00:00,kai-scheduler,podgroup-controller-68f9cc8dbf-cdbr7,1.0,13631488
2026-09-16T18:19:15.225761+00:00,kai-scheduler,queue-controller-f86fcd76c-t8wkj,1.0,11534336
2026-09-16T18:19:15.225761+00:00,kube-system,coredns-8db54c48d-4t78n,3.0,48234496
2026-09-16T18:19:15.225761+00:00,kube-system,kwok-controller-5cf8c7c44b-jqjt4,111.0,80740352
2026-09-16T18:19:15.225761+00:00,kube-system,local-path-provisioner-5d9d9885bc-xgwkr,1.0,15728640
2026-09-16T18:19:15.225761+00:00,kube-system,metrics-server-75dc6f8d87-8wltz,49.0,246415360
2026-09-16T18:19:15.225761+00:00,kube-system,svclb-traefik-1111e3f7-l9hjt,0.0,0
2026-09-16T18:19:15.225761+00:00,kube-system,traefik-9bcdbbd9-z65hr,3.0,199229440
2026-09-16T18:19:15.225761+00:00,pyroscope,pyroscope-0,5.0,177209344
2026-09-16T18:19:15.225761+00:00,pyroscope,pyroscope-alloy-0,43.0,421527552
2026-09-16T18:19:46.481783+00:00,grove-system,grove-operator-bfd47f895-hqvp4,18.0,810549248
2026-09-16T18:19:46.481783+00:00,kai-scheduler,admission-86666f457d-2g56g,1.0,16777216
2026-09-16T18:19:46.481783+00:00,kai-scheduler,binder-869fc94c7-shvq6,22.0,148897792
2026-09-16T18:19:46.481783+00:00,kai-scheduler,kai-operator-69b5d7bcf7-mvp2x,1.0,108003328
2026-09-16T18:19:46.481783+00:00,kai-scheduler,kai-scheduler-default-7d6685f94-rh5xx,43.0,319815680
2026-09-16T18:19:46.481783+00:00,kai-scheduler,pod-grouper-65456f756-7lkc9,1.0,11534336
2026-09-16T18:19:46.481783+00:00,kai-scheduler,podgroup-controller-68f9cc8dbf-cdbr7,1.0,13631488
2026-09-16T18:19:46.481783+00:00,kai-scheduler,queue-controller-f86fcd76c-t8wkj,1.0,11534336
2026-09-16T18:19:46.481783+00:00,kube-system,coredns-8db54c48d-4t78n,3.0,48234496
2026-09-16T18:19:46.481783+00:00,kube-system,kwok-controller-5cf8c7c44b-jqjt4,105.0,81788928
2026-09-16T18:19:46.481783+00:00,kube-system,local-path-provisioner-5d9d9885bc-xgwkr,1.0,15728640
2026-09-16T18:19:46.481783+00:00,kube-system,metrics-server-75dc6f8d87-8wltz,42.0,245366784
2026-09-16T18:19:46.481783+00:00,kube-system,svclb-traefik-1111e3f7-l9hjt,0.0,0
2026-09-16T18:19:46.481783+00:00,kube-system,traefik-9bcdbbd9-z65hr,6.0,198180864
2026-09-16T18:19:46.481783+00:00,pyroscope,pyroscope-0,5.0,177209344
2026-09-16T18:19:46.481783+00:00,pyroscope,pyroscope-alloy-0,37.0,422576128
2026-09-16T18:20:17.729220+00:00,grove-system,grove-operator-bfd47f895-hqvp4,22.0,814743552
2026-09-16T18:20:17.729220+00:00,kai-scheduler,admission-86666f457d-2g56g,1.0,16777216
2026-09-16T18:20:17.729220+00:00,kai-scheduler,binder-869fc94c7-shvq6,22.0,149946368
2026-09-16T18:20:17.729220+00:00,kai-scheduler,kai-operator-69b5d7bcf7-mvp2x,2.0,108003328
2026-09-16T18:20:17.729220+00:00,kai-scheduler,kai-scheduler-default-7d6685f94-rh5xx,37.0,314572800
2026-09-16T18:20:17.729220+00:00,kai-scheduler,pod-grouper-65456f756-7lkc9,1.0,11534336
2026-09-16T18:20:17.729220+00:00,kai-scheduler,podgroup-controller-68f9cc8dbf-cdbr7,1.0,13631488
2026-09-16T18:20:17.729220+00:00,kai-scheduler,queue-controller-f86fcd76c-t8wkj,1.0,11534336
2026-09-16T18:20:17.729220+00:00,kube-system,coredns-8db54c48d-4t78n,3.0,48234496
2026-09-16T18:20:17.729220+00:00,kube-system,kwok-controller-5cf8c7c44b-jqjt4,116.0,82837504
2026-09-16T18:20:17.729220+00:00,kube-system,local-path-provisioner-5d9d9885bc-xgwkr,1.0,15728640
2026-09-16T18:20:17.729220+00:00,kube-system,metrics-server-75dc6f8d87-8wltz,40.0,246415360
2026-09-16T18:20:17.729220+00:00,kube-system,svclb-traefik-1111e3f7-l9hjt,0.0,0
2026-09-16T18:20:17.729220+00:00,kube-system,traefik-9bcdbbd9-z65hr,3.0,198180864
2026-09-16T18:20:17.729220+00:00,pyroscope,pyroscope-0,5.0,176160768
2026-09-16T18:20:17.729220+00:00,pyroscope,pyroscope-alloy-0,30.0,421527552
2026-09-16T18:20:49.007136+00:00,grove-system,grove-operator-bfd47f895-hqvp4,22.0,803209216
2026-09-16T18:20:49.007136+00:00,kai-scheduler,admission-86666f457d-2g56g,1.0,17825792
2026-09-16T18:20:49.007136+00:00,kai-scheduler,binder-869fc94c7-shvq6,21.0,149946368
2026-09-16T18:20:49.007136+00:00,kai-scheduler,kai-operator-69b5d7bcf7-mvp2x,1.0,108003328
2026-09-16T18:20:49.007136+00:00,kai-scheduler,kai-scheduler-default-7d6685f94-rh5xx,32.0,314572800
2026-09-16T18:20:49.007136+00:00,kai-scheduler,pod-grouper-65456f756-7lkc9,1.0,11534336
2026-09-16T18:20:49.007136+00:00,kai-scheduler,podgroup-controller-68f9cc8dbf-cdbr7,1.0,13631488
2026-09-16T18:20:49.007136+00:00,kai-scheduler,queue-controller-f86fcd76c-t8wkj,1.0,11534336
2026-09-16T18:20:49.007136+00:00,kube-system,coredns-8db54c48d-4t78n,3.0,48234496
2026-09-16T18:20:49.007136+00:00,kube-system,kwok-controller-5cf8c7c44b-jqjt4,123.0,82837504
2026-09-16T18:20:49.007136+00:00,kube-system,local-path-provisioner-5d9d9885bc-xgwkr,1.0,15728640
2026-09-16T18:20:49.007136+00:00,kube-system,metrics-server-75dc6f8d87-8wltz,39.0,245366784
2026-09-16T18:20:49.007136+00:00,kube-system,svclb-traefik-1111e3f7-l9hjt,0.0,0
2026-09-16T18:20:49.007136+00:00,kube-system,traefik-9bcdbbd9-z65hr,3.0,198180864
2026-09-16T18:20:49.007136+00:00,pyroscope,pyroscope-0,5.0,176160768
2026-09-16T18:20:49.007136+00:00,pyroscope,pyroscope-alloy-0,29.0,420478976
2026-09-16T18:21:20.253340+00:00,grove-system,grove-operator-bfd47f895-hqvp4,22.0,790626304
2026-09-16T18:21:20.253340+00:00,kai-scheduler,admission-86666f457d-2g56g,1.0,16777216
2026-09-16T18:21:20.253340+00:00,kai-scheduler,binder-869fc94c7-shvq6,21.0,149946368
2026-09-16T18:21:20.253340+00:00,kai-scheduler,kai-operator-69b5d7bcf7-mvp2x,1.0,108003328
2026-09-16T18:21:20.253340+00:00,kai-scheduler,kai-scheduler-default-7d6685f94-rh5xx,28.0,306184192
2026-09-16T18:21:20.253340+00:00,kai-scheduler,pod-grouper-65456f756-7lkc9,1.0,11534336
2026-09-16T18:21:20.253340+00:00,kai-scheduler,podgroup-controller-68f9cc8dbf-cdbr7,1.0,13631488
2026-09-16T18:21:20.253340+00:00,kai-scheduler,queue-controller-f86fcd76c-t8wkj,1.0,11534336
2026-09-16T18:21:20.253340+00:00,kube-system,coredns-8db54c48d-4t78n,3.0,49283072
2026-09-16T18:21:20.253340+00:00,kube-system,kwok-controller-5cf8c7c44b-jqjt4,113.0,80740352
2026-09-16T18:21:20.253340+00:00,kube-system,local-path-provisioner-5d9d9885bc-xgwkr,1.0,15728640
2026-09-16T18:21:20.253340+00:00,kube-system,metrics-server-75dc6f8d87-8wltz,43.0,246415360
2026-09-16T18:21:20.253340+00:00,kube-system,svclb-traefik-1111e3f7-l9hjt,0.0,0
2026-09-16T18:21:20.253340+00:00,kube-system,traefik-9bcdbbd9-z65hr,3.0,199229440
2026-09-16T18:21:20.253340+00:00,pyroscope,pyroscope-0,5.0,176160768
2026-09-16T18:21:20.253340+00:00,pyroscope,pyroscope-alloy-0,28.0,420478976
2026-09-16T18:21:51.502912+00:00,grove-system,grove-operator-bfd47f895-hqvp4,11.0,756023296
2026-09-16T18:21:51.502912+00:00,kai-scheduler,admission-86666f457d-2g56g,1.0,16777216
2026-09-16T18:21:51.502912+00:00,kai-scheduler,binder-869fc94c7-shvq6,22.0,149946368
2026-09-16T18:21:51.502912+00:00,kai-scheduler,kai-operator-69b5d7bcf7-mvp2x,27.0,128974848
2026-09-16T18:21:51.502912+00:00,kai-scheduler,kai-scheduler-default-7d6685f94-rh5xx,28.0,309329920
2026-09-16T18:21:51.502912+00:00,kai-scheduler,pod-grouper-65456f756-7lkc9,1.0,11534336
2026-09-16T18:21:51.502912+00:00,kai-scheduler,podgroup-controller-68f9cc8dbf-cdbr7,1.0,13631488
2026-09-16T18:21:51.502912+00:00,kai-scheduler,queue-controller-f86fcd76c-t8wkj,1.0,11534336
2026-09-16T18:21:51.502912+00:00,kube-system,coredns-8db54c48d-4t78n,3.0,47185920
2026-09-16T18:21:51.502912+00:00,kube-system,kwok-controller-5cf8c7c44b-jqjt4,86.0,79691776
2026-09-16T18:21:51.502912+00:00,kube-system,local-path-provisioner-5d9d9885bc-xgwkr,1.0,15728640
2026-09-16T18:21:51.502912+00:00,kube-system,metrics-server-75dc6f8d87-8wltz,37.0,245366784
2026-09-16T18:21:51.502912+00:00,kube-system,svclb-traefik-1111e3f7-l9hjt,0.0,0
2026-09-16T18:21:51.502912+00:00,kube-system,traefik-9bcdbbd9-z65hr,30.0,211812352
2026-09-16T18:21:51.502912+00:00,pyroscope,pyroscope-0,8.0,187695104
2026-09-16T18:21:51.502912+00:00,pyroscope,pyroscope-alloy-0,8.0,406847488
2026-09-16T18:22:22.751178+00:00,grove-system,grove-operator-bfd47f895-hqvp4,4.0,758120448
2026-09-16T18:22:22.751178+00:00,kai-scheduler,admission-86666f457d-2g56g,1.0,16777216
2026-09-16T18:22:22.751178+00:00,kai-scheduler,binder-869fc94c7-shvq6,33.0,150994944
2026-09-16T18:22:22.751178+00:00,kai-scheduler,kai-operator-69b5d7bcf7-mvp2x,37.0,128974848
2026-09-16T18:22:22.751178+00:00,kai-scheduler,kai-scheduler-default-7d6685f94-rh5xx,39.0,289406976
2026-09-16T18:22:22.751178+00:00,kai-scheduler,pod-grouper-65456f756-7lkc9,1.0,11534336
2026-09-16T18:22:22.751178+00:00,kai-scheduler,podgroup-controller-68f9cc8dbf-cdbr7,1.0,13631488
2026-09-16T18:22:22.751178+00:00,kai-scheduler,queue-controller-f86fcd76c-t8wkj,1.0,11534336
2026-09-16T18:22:22.751178+00:00,kube-system,coredns-8db54c48d-4t78n,3.0,48234496
2026-09-16T18:22:22.751178+00:00,kube-system,kwok-controller-5cf8c7c44b-jqjt4,110.0,79691776
2026-09-16T18:22:22.751178+00:00,kube-system,local-path-provisioner-5d9d9885bc-xgwkr,1.0,15728640
2026-09-16T18:22:22.751178+00:00,kube-system,metrics-server-75dc6f8d87-8wltz,54.0,243269632
2026-09-16T18:22:22.751178+00:00,kube-system,svclb-traefik-1111e3f7-l9hjt,0.0,0
2026-09-16T18:22:22.751178+00:00,kube-system,traefik-9bcdbbd9-z65hr,50.0,202375168
2026-09-16T18:22:22.751178+00:00,pyroscope,pyroscope-0,6.0,173015040
2026-09-16T18:22:22.751178+00:00,pyroscope,pyroscope-alloy-0,5.0,409993216
2026-09-16T18:22:54.001383+00:00,grove-system,grove-operator-bfd47f895-hqvp4,160.0,797966336
2026-09-16T18:22:54.001383+00:00,kai-scheduler,admission-86666f457d-2g56g,1.0,16777216
2026-09-16T18:22:54.001383+00:00,kai-scheduler,binder-869fc94c7-shvq6,14.0,152043520
2026-09-16T18:22:54.001383+00:00,kai-scheduler,kai-operator-69b5d7bcf7-mvp2x,48.0,126877696
2026-09-16T18:22:54.001383+00:00,kai-scheduler,kai-scheduler-default-7d6685f94-rh5xx,34.0,290455552
2026-09-16T18:22:54.001383+00:00,kai-scheduler,pod-grouper-65456f756-7lkc9,1.0,11534336
2026-09-16T18:22:54.001383+00:00,kai-scheduler,podgroup-controller-68f9cc8dbf-cdbr7,1.0,13631488
2026-09-16T18:22:54.001383+00:00,kai-scheduler,queue-controller-f86fcd76c-t8wkj,1.0,11534336
2026-09-16T18:22:54.001383+00:00,kube-system,coredns-8db54c48d-4t78n,30.0,49283072
2026-09-16T18:22:54.001383+00:00,kube-system,kwok-controller-5cf8c7c44b-jqjt4,93.0,79691776
2026-09-16T18:22:54.001383+00:00,kube-system,local-path-provisioner-5d9d9885bc-xgwkr,1.0,15728640
2026-09-16T18:22:54.001383+00:00,kube-system,metrics-server-75dc6f8d87-8wltz,48.0,244318208
2026-09-16T18:22:54.001383+00:00,kube-system,svclb-traefik-1111e3f7-l9hjt,0.0,0
2026-09-16T18:22:54.001383+00:00,kube-system,traefik-9bcdbbd9-z65hr,81.0,205520896
2026-09-16T18:22:54.001383+00:00,pyroscope,pyroscope-0,7.0,187695104
2026-09-16T18:22:54.001383+00:00,pyroscope,pyroscope-alloy-0,9.0,400556032
2026-09-16T18:23:25.289450+00:00,grove-system,grove-operator-bfd47f895-hqvp4,219.0,800063488
2026-09-16T18:23:25.289450+00:00,kai-scheduler,admission-86666f457d-2g56g,1.0,16777216
2026-09-16T18:23:25.289450+00:00,kai-scheduler,binder-869fc94c7-shvq6,2.0,149946368
2026-09-16T18:23:25.289450+00:00,kai-scheduler,kai-operator-69b5d7bcf7-mvp2x,37.0,133169152
2026-09-16T18:23:25.289450+00:00,kai-scheduler,kai-scheduler-default-7d6685f94-rh5xx,16.0,292552704
2026-09-16T18:23:25.289450+00:00,kai-scheduler,pod-grouper-65456f756-7lkc9,1.0,11534336
2026-09-16T18:23:25.289450+00:00,kai-scheduler,podgroup-controller-68f9cc8dbf-cdbr7,1.0,13631488
2026-09-16T18:23:25.289450+00:00,kai-scheduler,queue-controller-f86fcd76c-t8wkj,1.0,11534336
2026-09-16T18:23:25.289450+00:00,kube-system,coredns-8db54c48d-4t78n,36.0,52428800
2026-09-16T18:23:25.289450+00:00,kube-system,kwok-controller-5cf8c7c44b-jqjt4,75.0,80740352
2026-09-16T18:23:25.289450+00:00,kube-system,local-path-provisioner-5d9d9885bc-xgwkr,1.0,15728640
2026-09-16T18:23:25.289450+00:00,kube-system,metrics-server-75dc6f8d87-8wltz,31.0,245366784
2026-09-16T18:23:25.289450+00:00,kube-system,svclb-traefik-1111e3f7-l9hjt,0.0,0
2026-09-16T18:23:25.289450+00:00,kube-system,traefik-9bcdbbd9-z65hr,72.0,223346688
2026-09-16T18:23:25.289450+00:00,pyroscope,pyroscope-0,6.0,176160768
2026-09-16T18:23:25.289450+00:00,pyroscope,pyroscope-alloy-0,8.0,401604608
2026-09-16T18:23:56.572587+00:00,grove-system,grove-operator-bfd47f895-hqvp4,539.0,935329792
2026-09-16T18:23:56.572587+00:00,kai-scheduler,admission-86666f457d-2g56g,1.0,16777216
2026-09-16T18:23:56.572587+00:00,kai-scheduler,binder-869fc94c7-shvq6,4.0,150994944
2026-09-16T18:23:56.572587+00:00,kai-scheduler,kai-operator-69b5d7bcf7-mvp2x,1.0,131072000
2026-09-16T18:23:56.572587+00:00,kai-scheduler,kai-scheduler-default-7d6685f94-rh5xx,16.0,292552704
2026-09-16T18:23:56.572587+00:00,kai-scheduler,pod-grouper-65456f756-7lkc9,1.0,11534336
2026-09-16T18:23:56.572587+00:00,kai-scheduler,podgroup-controller-68f9cc8dbf-cdbr7,1.0,13631488
2026-09-16T18:23:56.572587+00:00,kai-scheduler,queue-controller-f86fcd76c-t8wkj,1.0,11534336
2026-09-16T18:23:56.572587+00:00,kube-system,coredns-8db54c48d-4t78n,9.0,51380224
2026-09-16T18:23:56.572587+00:00,kube-system,kwok-controller-5cf8c7c44b-jqjt4,82.0,79691776
2026-09-16T18:23:56.572587+00:00,kube-system,local-path-provisioner-5d9d9885bc-xgwkr,1.0,15728640
2026-09-16T18:23:56.572587+00:00,kube-system,metrics-server-75dc6f8d87-8wltz,36.0,246415360
2026-09-16T18:23:56.572587+00:00,kube-system,svclb-traefik-1111e3f7-l9hjt,0.0,0
2026-09-16T18:23:56.572587+00:00,kube-system,traefik-9bcdbbd9-z65hr,17.0,236978176
2026-09-16T18:23:56.572587+00:00,pyroscope,pyroscope-0,6.0,176160768
2026-09-16T18:23:56.572587+00:00,pyroscope,pyroscope-alloy-0,14.0,404750336
2026-09-16T18:24:27.824878+00:00,grove-system,grove-operator-bfd47f895-hqvp4,445.0,921698304
2026-09-16T18:24:27.824878+00:00,kai-scheduler,admission-86666f457d-2g56g,1.0,16777216
2026-09-16T18:24:27.824878+00:00,kai-scheduler,binder-869fc94c7-shvq6,7.0,152043520
2026-09-16T18:24:27.824878+00:00,kai-scheduler,kai-operator-69b5d7bcf7-mvp2x,1.0,131072000
2026-09-16T18:24:27.824878+00:00,kai-scheduler,kai-scheduler-default-7d6685f94-rh5xx,17.0,297795584
2026-09-16T18:24:27.824878+00:00,kai-scheduler,pod-grouper-65456f756-7lkc9,1.0,11534336
2026-09-16T18:24:27.824878+00:00,kai-scheduler,podgroup-controller-68f9cc8dbf-cdbr7,1.0,13631488
2026-09-16T18:24:27.824878+00:00,kai-scheduler,queue-controller-f86fcd76c-t8wkj,1.0,11534336
2026-09-16T18:24:27.824878+00:00,kube-system,coredns-8db54c48d-4t78n,8.0,52428800
2026-09-16T18:24:27.824878+00:00,kube-system,kwok-controller-5cf8c7c44b-jqjt4,77.0,80740352
2026-09-16T18:24:27.824878+00:00,kube-system,local-path-provisioner-5d9d9885bc-xgwkr,1.0,15728640
2026-09-16T18:24:27.824878+00:00,kube-system,metrics-server-75dc6f8d87-8wltz,30.0,246415360
2026-09-16T18:24:27.824878+00:00,kube-system,svclb-traefik-1111e3f7-l9hjt,0.0,0
2026-09-16T18:24:27.824878+00:00,kube-system,traefik-9bcdbbd9-z65hr,11.0,235929600
2026-09-16T18:24:27.824878+00:00,pyroscope,pyroscope-0,6.0,173015040
2026-09-16T18:24:27.824878+00:00,pyroscope,pyroscope-alloy-0,5.0,401604608
2026-09-16T18:24:59.103289+00:00,grove-system,grove-operator-bfd47f895-hqvp4,497.0,917504000
2026-09-16T18:24:59.103289+00:00,kai-scheduler,admission-86666f457d-2g56g,1.0,16777216
2026-09-16T18:24:59.103289+00:00,kai-scheduler,binder-869fc94c7-shvq6,57.0,190840832
2026-09-16T18:24:59.103289+00:00,kai-scheduler,kai-operator-69b5d7bcf7-mvp2x,1.0,131072000
2026-09-16T18:24:59.103289+00:00,kai-scheduler,kai-scheduler-default-7d6685f94-rh5xx,52.0,326107136
2026-09-16T18:24:59.103289+00:00,kai-scheduler,pod-grouper-65456f756-7lkc9,1.0,11534336
2026-09-16T18:24:59.103289+00:00,kai-scheduler,podgroup-controller-68f9cc8dbf-cdbr7,1.0,13631488
2026-09-16T18:24:59.103289+00:00,kai-scheduler,queue-controller-f86fcd76c-t8wkj,1.0,11534336
2026-09-16T18:24:59.103289+00:00,kube-system,coredns-8db54c48d-4t78n,8.0,52428800
2026-09-16T18:24:59.103289+00:00,kube-system,kwok-controller-5cf8c7c44b-jqjt4,95.0,80740352
2026-09-16T18:24:59.103289+00:00,kube-system,local-path-provisioner-5d9d9885bc-xgwkr,1.0,15728640
2026-09-16T18:24:59.103289+00:00,kube-system,metrics-server-75dc6f8d87-8wltz,34.0,246415360
2026-09-16T18:24:59.103289+00:00,kube-system,svclb-traefik-1111e3f7-l9hjt,0.0,0
2026-09-16T18:24:59.103289+00:00,kube-system,traefik-9bcdbbd9-z65hr,18.0,244318208
2026-09-16T18:24:59.103289+00:00,pyroscope,pyroscope-0,6.0,174063616
2026-09-16T18:24:59.103289+00:00,pyroscope,pyroscope-alloy-0,40.0,402653184
2026-09-16T18:25:30.371723+00:00,grove-system,grove-operator-bfd47f895-hqvp4,480.0,933232640
2026-09-16T18:25:30.371723+00:00,kai-scheduler,admission-86666f457d-2g56g,1.0,16777216
2026-09-16T18:25:30.371723+00:00,kai-scheduler,binder-869fc94c7-shvq6,57.0,126877696
2026-09-16T18:25:30.371723+00:00,kai-scheduler,kai-operator-69b5d7bcf7-mvp2x,1.0,131072000
2026-09-16T18:25:30.371723+00:00,kai-scheduler,kai-scheduler-default-7d6685f94-rh5xx,59.0,352321536
2026-09-16T18:25:30.371723+00:00,kai-scheduler,pod-grouper-65456f756-7lkc9,1.0,11534336
2026-09-16T18:25:30.371723+00:00,kai-scheduler,podgroup-controller-68f9cc8dbf-cdbr7,1.0,13631488
2026-09-16T18:25:30.371723+00:00,kai-scheduler,queue-controller-f86fcd76c-t8wkj,1.0,11534336
2026-09-16T18:25:30.371723+00:00,kube-system,coredns-8db54c48d-4t78n,8.0,53477376
2026-09-16T18:25:30.371723+00:00,kube-system,kwok-controller-5cf8c7c44b-jqjt4,94.0,78643200
2026-09-16T18:25:30.371723+00:00,kube-system,local-path-provisioner-5d9d9885bc-xgwkr,1.0,15728640
2026-09-16T18:25:30.371723+00:00,kube-system,metrics-server-75dc6f8d87-8wltz,43.0,246415360
2026-09-16T18:25:30.371723+00:00,kube-system,svclb-traefik-1111e3f7-l9hjt,0.0,0
2026-09-16T18:25:30.371723+00:00,kube-system,traefik-9bcdbbd9-z65hr,13.0,254803968
2026-09-16T18:25:30.371723+00:00,pyroscope,pyroscope-0,7.0,171966464
2026-09-16T18:25:30.371723+00:00,pyroscope,pyroscope-alloy-0,46.0,422576128
2026-09-16T18:26:01.642007+00:00,grove-system,grove-operator-bfd47f895-hqvp4,558.0,1013972992
2026-09-16T18:26:01.642007+00:00,kai-scheduler,admission-86666f457d-2g56g,1.0,16777216
2026-09-16T18:26:01.642007+00:00,kai-scheduler,binder-869fc94c7-shvq6,62.0,168820736
2026-09-16T18:26:01.642007+00:00,kai-scheduler,kai-operator-69b5d7bcf7-mvp2x,1.0,131072000
2026-09-16T18:26:01.642007+00:00,kai-scheduler,kai-scheduler-default-7d6685f94-rh5xx,74.0,455081984
2026-09-16T18:26:01.642007+00:00,kai-scheduler,pod-grouper-65456f756-7lkc9,1.0,11534336
2026-09-16T18:26:01.642007+00:00,kai-scheduler,podgroup-controller-68f9cc8dbf-cdbr7,1.0,13631488
2026-09-16T18:26:01.642007+00:00,kai-scheduler,queue-controller-f86fcd76c-t8wkj,1.0,11534336
2026-09-16T18:26:01.642007+00:00,kube-system,coredns-8db54c48d-4t78n,9.0,53477376
2026-09-16T18:26:01.642007+00:00,kube-system,kwok-controller-5cf8c7c44b-jqjt4,165.0,77594624
2026-09-16T18:26:01.642007+00:00,kube-system,local-path-provisioner-5d9d9885bc-xgwkr,1.0,15728640
2026-09-16T18:26:01.642007+00:00,kube-system,metrics-server-75dc6f8d87-8wltz,35.0,246415360
2026-09-16T18:26:01.642007+00:00,kube-system,svclb-traefik-1111e3f7-l9hjt,0.0,0
2026-09-16T18:26:01.642007+00:00,kube-system,traefik-9bcdbbd9-z65hr,12.0,257949696
2026-09-16T18:26:01.642007+00:00,pyroscope,pyroscope-0,7.0,173015040
2026-09-16T18:26:01.642007+00:00,pyroscope,pyroscope-alloy-0,59.0,451936256
2026-09-16T18:26:32.917063+00:00,grove-system,grove-operator-bfd47f895-hqvp4,603.0,1067450368
2026-09-16T18:26:32.917063+00:00,kai-scheduler,admission-86666f457d-2g56g,1.0,16777216
2026-09-16T18:26:32.917063+00:00,kai-scheduler,kai-operator-69b5d7bcf7-mvp2x,6.0,131072000
2026-09-16T18:26:32.917063+00:00,kai-scheduler,kai-scheduler-default-7d6685f94-rh5xx,85.0,522190848
2026-09-16T18:26:32.917063+00:00,kai-scheduler,pod-grouper-65456f756-7lkc9,1.0,11534336
2026-09-16T18:26:32.917063+00:00,kai-scheduler,podgroup-controller-68f9cc8dbf-cdbr7,1.0,13631488
2026-09-16T18:26:32.917063+00:00,kai-scheduler,queue-controller-f86fcd76c-t8wkj,1.0,11534336
2026-09-16T18:26:32.917063+00:00,kube-system,coredns-8db54c48d-4t78n,8.0,52428800
2026-09-16T18:26:32.917063+00:00,kube-system,kwok-controller-5cf8c7c44b-jqjt4,102.0,80740352
2026-09-16T18:26:32.917063+00:00,kube-system,local-path-provisioner-5d9d9885bc-xgwkr,1.0,15728640
2026-09-16T18:26:32.917063+00:00,kube-system,metrics-server-75dc6f8d87-8wltz,30.0,246415360
2026-09-16T18:26:32.917063+00:00,kube-system,svclb-traefik-1111e3f7-l9hjt,0.0,0
2026-09-16T18:26:32.917063+00:00,kube-system,traefik-9bcdbbd9-z65hr,12.0,257949696
2026-09-16T18:26:32.917063+00:00,pyroscope,pyroscope-0,7.0,175112192
2026-09-16T18:26:32.917063+00:00,pyroscope,pyroscope-alloy-0,51.0,488636416
2026-09-16T18:27:04.187162+00:00,grove-system,grove-operator-bfd47f895-hqvp4,939.0,1204813824
2026-09-16T18:27:04.187162+00:00,kai-scheduler,admission-86666f457d-2g56g,1.0,16777216
2026-09-16T18:27:04.187162+00:00,kai-scheduler,kai-operator-69b5d7bcf7-mvp2x,4.0,134217728
2026-09-16T18:27:04.187162+00:00,kai-scheduler,kai-scheduler-default-7d6685f94-rh5xx,155.0,510656512
2026-09-16T18:27:04.187162+00:00,kai-scheduler,pod-grouper-65456f756-7lkc9,1.0,11534336
2026-09-16T18:27:04.187162+00:00,kai-scheduler,podgroup-controller-68f9cc8dbf-cdbr7,1.0,13631488
2026-09-16T18:27:04.187162+00:00,kai-scheduler,queue-controller-f86fcd76c-t8wkj,1.0,11534336
2026-09-16T18:27:04.187162+00:00,kube-system,coredns-8db54c48d-4t78n,6.0,54525952
2026-09-16T18:27:04.187162+00:00,kube-system,kwok-controller-5cf8c7c44b-jqjt4,106.0,78643200
2026-09-16T18:27:04.187162+00:00,kube-system,local-path-provisioner-5d9d9885bc-xgwkr,1.0,15728640
2026-09-16T18:27:04.187162+00:00,kube-system,metrics-server-75dc6f8d87-8wltz,61.0,252706816
2026-09-16T18:27:04.187162+00:00,kube-system,svclb-traefik-1111e3f7-l9hjt,0.0,0
2026-09-16T18:27:04.187162+00:00,kube-system,traefik-9bcdbbd9-z65hr,4.0,256901120
2026-09-16T18:27:04.187162+00:00,pyroscope,pyroscope-0,7.0,179306496
2026-09-16T18:27:04.187162+00:00,pyroscope,pyroscope-alloy-0,63.0,511705088
2026-09-16T18:27:35.476094+00:00,grove-system,grove-operator-bfd47f895-hqvp4,866.0,1247805440
2026-09-16T18:27:35.476094+00:00,kai-scheduler,admission-86666f457d-2g56g,1.0,16777216
2026-09-16T18:27:35.476094+00:00,kai-scheduler,kai-operator-69b5d7bcf7-mvp2x,9.0,135266304
2026-09-16T18:27:35.476094+00:00,kai-scheduler,pod-grouper-65456f756-7lkc9,1.0,11534336
2026-09-16T18:27:35.476094+00:00,kai-scheduler,podgroup-controller-68f9cc8dbf-cdbr7,1.0,13631488
2026-09-16T18:27:35.476094+00:00,kai-scheduler,queue-controller-f86fcd76c-t8wkj,1.0,11534336
2026-09-16T18:27:35.476094+00:00,kube-system,coredns-8db54c48d-4t78n,9.0,55574528
2026-09-16T18:27:35.476094+00:00,kube-system,kwok-controller-5cf8c7c44b-jqjt4,279.0,81788928
2026-09-16T18:27:35.476094+00:00,kube-system,local-path-provisioner-5d9d9885bc-xgwkr,1.0,15728640
2026-09-16T18:27:35.476094+00:00,kube-system,metrics-server-75dc6f8d87-8wltz,62.0,253755392
2026-09-16T18:27:35.476094+00:00,kube-system,svclb-traefik-1111e3f7-l9hjt,0.0,0
2026-09-16T18:27:35.476094+00:00,kube-system,traefik-9bcdbbd9-z65hr,22.0,258998272
2026-09-16T18:27:35.476094+00:00,pyroscope,pyroscope-0,8.0,178257920
2026-09-16T18:27:35.476094+00:00,pyroscope,pyroscope-alloy-0,126.0,574619648
2026-09-16T18:28:06.785603+00:00,grove-system,grove-operator-bfd47f895-hqvp4,972.0,1257242624
2026-09-16T18:28:06.785603+00:00,kai-scheduler,admission-86666f457d-2g56g,1.0,16777216
2026-09-16T18:28:06.785603+00:00,kai-scheduler,kai-operator-69b5d7bcf7-mvp2x,3.0,135266304
2026-09-16T18:28:06.785603+00:00,kai-scheduler,kai-scheduler-default-7d6685f94-rh5xx,172.0,469762048
2026-09-16T18:28:06.785603+00:00,kai-scheduler,pod-grouper-65456f756-7lkc9,1.0,11534336
2026-09-16T18:28:06.785603+00:00,kai-scheduler,podgroup-controller-68f9cc8dbf-cdbr7,1.0,13631488
2026-09-16T18:28:06.785603+00:00,kai-scheduler,queue-controller-f86fcd76c-t8wkj,1.0,11534336
2026-09-16T18:28:06.785603+00:00,kube-system,coredns-8db54c48d-4t78n,10.0,55574528
2026-09-16T18:28:06.785603+00:00,kube-system,kwok-controller-5cf8c7c44b-jqjt4,290.0,82837504
2026-09-16T18:28:06.785603+00:00,kube-system,local-path-provisioner-5d9d9885bc-xgwkr,1.0,15728640
2026-09-16T18:28:06.785603+00:00,kube-system,metrics-server-75dc6f8d87-8wltz,61.0,263192576
2026-09-16T18:28:06.785603+00:00,kube-system,svclb-traefik-1111e3f7-l9hjt,0.0,0
2026-09-16T18:28:06.785603+00:00,kube-system,traefik-9bcdbbd9-z65hr,13.0,258998272
2026-09-16T18:28:06.785603+00:00,pyroscope,pyroscope-0,9.0,182452224
2026-09-16T18:28:06.785603+00:00,pyroscope,pyroscope-alloy-0,127.0,600834048
2026-09-16T18:28:38.083494+00:00,grove-system,grove-operator-bfd47f895-hqvp4,836.0,1231028224
2026-09-16T18:28:38.083494+00:00,kai-scheduler,admission-86666f457d-2g56g,1.0,16777216
2026-09-16T18:28:38.083494+00:00,kai-scheduler,kai-operator-69b5d7bcf7-mvp2x,4.0,135266304
2026-09-16T18:28:38.083494+00:00,kai-scheduler,kai-scheduler-default-7d6685f94-rh5xx,188.0,521142272
2026-09-16T18:28:38.083494+00:00,kai-scheduler,pod-grouper-65456f756-7lkc9,1.0,11534336
2026-09-16T18:28:38.083494+00:00,kai-scheduler,podgroup-controller-68f9cc8dbf-cdbr7,1.0,13631488
2026-09-16T18:28:38.083494+00:00,kai-scheduler,queue-controller-f86fcd76c-t8wkj,1.0,11534336
2026-09-16T18:28:38.083494+00:00,kube-system,coredns-8db54c48d-4t78n,9.0,56623104
2026-09-16T18:28:38.083494+00:00,kube-system,kwok-controller-5cf8c7c44b-jqjt4,309.0,81788928
2026-09-16T18:28:38.083494+00:00,kube-system,local-path-provisioner-5d9d9885bc-xgwkr,1.0,15728640
2026-09-16T18:28:38.083494+00:00,kube-system,metrics-server-75dc6f8d87-8wltz,82.0,265289728
2026-09-16T18:28:38.083494+00:00,kube-system,svclb-traefik-1111e3f7-l9hjt,0.0,0
2026-09-16T18:28:38.083494+00:00,kube-system,traefik-9bcdbbd9-z65hr,12.0,258998272
2026-09-16T18:28:38.083494+00:00,pyroscope,pyroscope-0,8.0,182452224
2026-09-16T18:28:38.083494+00:00,pyroscope,pyroscope-alloy-0,161.0,608174080
2026-09-16T18:29:09.364460+00:00,grove-system,grove-operator-bfd47f895-hqvp4,707.0,1196425216
2026-09-16T18:29:09.364460+00:00,kai-scheduler,admission-86666f457d-2g56g,1.0,16777216
2026-09-16T18:29:09.364460+00:00,kai-scheduler,kai-operator-69b5d7bcf7-mvp2x,1.0,136314880
2026-09-16T18:29:09.364460+00:00,kai-scheduler,pod-grouper-65456f756-7lkc9,1.0,11534336
2026-09-16T18:29:09.364460+00:00,kai-scheduler,podgroup-controller-68f9cc8dbf-cdbr7,1.0,13631488
2026-09-16T18:29:09.364460+00:00,kai-scheduler,queue-controller-f86fcd76c-t8wkj,1.0,11534336
2026-09-16T18:29:09.364460+00:00,kube-system,coredns-8db54c48d-4t78n,10.0,58720256
2026-09-16T18:29:09.364460+00:00,kube-system,kwok-controller-5cf8c7c44b-jqjt4,287.0,83886080
2026-09-16T18:29:09.364460+00:00,kube-system,local-path-provisioner-5d9d9885bc-xgwkr,1.0,15728640
2026-09-16T18:29:09.364460+00:00,kube-system,metrics-server-75dc6f8d87-8wltz,70.0,271581184
2026-09-16T18:29:09.364460+00:00,kube-system,svclb-traefik-1111e3f7-l9hjt,0.0,0
2026-09-16T18:29:09.364460+00:00,kube-system,traefik-9bcdbbd9-z65hr,12.0,267386880
2026-09-16T18:29:09.364460+00:00,pyroscope,pyroscope-0,9.0,181403648
2026-09-16T18:29:09.364460+00:00,pyroscope,pyroscope-alloy-0,153.0,645922816
2026-09-16T18:29:40.641608+00:00,grove-system,grove-operator-bfd47f895-hqvp4,677.0,1191182336
2026-09-16T18:29:40.641608+00:00,kai-scheduler,admission-86666f457d-2g56g,1.0,16777216
2026-09-16T18:29:40.641608+00:00,kai-scheduler,kai-operator-69b5d7bcf7-mvp2x,3.0,136314880
2026-09-16T18:29:40.641608+00:00,kai-scheduler,pod-grouper-65456f756-7lkc9,1.0,11534336
2026-09-16T18:29:40.641608+00:00,kai-scheduler,podgroup-controller-68f9cc8dbf-cdbr7,1.0,13631488
2026-09-16T18:29:40.641608+00:00,kai-scheduler,queue-controller-f86fcd76c-t8wkj,1.0,11534336
2026-09-16T18:29:40.641608+00:00,kube-system,coredns-8db54c48d-4t78n,8.0,57671680
2026-09-16T18:29:40.641608+00:00,kube-system,kwok-controller-5cf8c7c44b-jqjt4,299.0,84934656
2026-09-16T18:29:40.641608+00:00,kube-system,local-path-provisioner-5d9d9885bc-xgwkr,1.0,15728640
2026-09-16T18:29:40.641608+00:00,kube-system,metrics-server-75dc6f8d87-8wltz,62.0,288358400
2026-09-16T18:29:40.641608+00:00,kube-system,svclb-traefik-1111e3f7-l9hjt,0.0,0
2026-09-16T18:29:40.641608+00:00,kube-system,traefik-9bcdbbd9-z65hr,19.0,277872640
2026-09-16T18:29:40.641608+00:00,pyroscope,pyroscope-0,7.0,180355072
2026-09-16T18:29:40.641608+00:00,pyroscope,pyroscope-alloy-0,168.0,676331520
2026-09-16T18:30:11.927928+00:00,grove-system,grove-operator-bfd47f895-hqvp4,703.0,1198522368
2026-09-16T18:30:11.927928+00:00,kai-scheduler,admission-86666f457d-2g56g,1.0,16777216
2026-09-16T18:30:11.927928+00:00,kai-scheduler,kai-operator-69b5d7bcf7-mvp2x,4.0,136314880
2026-09-16T18:30:11.927928+00:00,kai-scheduler,pod-grouper-65456f756-7lkc9,1.0,11534336
2026-09-16T18:30:11.927928+00:00,kai-scheduler,podgroup-controller-68f9cc8dbf-cdbr7,1.0,13631488
2026-09-16T18:30:11.927928+00:00,kai-scheduler,queue-controller-f86fcd76c-t8wkj,1.0,11534336
2026-09-16T18:30:11.927928+00:00,kube-system,coredns-8db54c48d-4t78n,9.0,59768832
2026-09-16T18:30:11.927928+00:00,kube-system,kwok-controller-5cf8c7c44b-jqjt4,321.0,85983232
2026-09-16T18:30:11.927928+00:00,kube-system,local-path-provisioner-5d9d9885bc-xgwkr,1.0,15728640
2026-09-16T18:30:11.927928+00:00,kube-system,metrics-server-75dc6f8d87-8wltz,65.0,297795584
2026-09-16T18:30:11.927928+00:00,kube-system,svclb-traefik-1111e3f7-l9hjt,0.0,0
2026-09-16T18:30:11.927928+00:00,kube-system,traefik-9bcdbbd9-z65hr,12.0,276824064
2026-09-16T18:30:11.927928+00:00,pyroscope,pyroscope-0,18.0,204472320
2026-09-16T18:30:11.927928+00:00,pyroscope,pyroscope-alloy-0,190.0,688914432
2026-09-16T18:30:43.181967+00:00,grove-system,grove-operator-bfd47f895-hqvp4,396.0,1183842304
2026-09-16T18:30:43.181967+00:00,kai-scheduler,admission-86666f457d-2g56g,1.0,16777216
2026-09-16T18:30:43.181967+00:00,kai-scheduler,kai-operator-69b5d7bcf7-mvp2x,3.0,136314880
2026-09-16T18:30:43.181967+00:00,kai-scheduler,pod-grouper-65456f756-7lkc9,1.0,11534336
2026-09-16T18:30:43.181967+00:00,kai-scheduler,podgroup-controller-68f9cc8dbf-cdbr7,1.0,13631488
2026-09-16T18:30:43.181967+00:00,kai-scheduler,queue-controller-f86fcd76c-t8wkj,1.0,11534336
2026-09-16T18:30:43.181967+00:00,kube-system,coredns-8db54c48d-4t78n,9.0,60817408
2026-09-16T18:30:43.181967+00:00,kube-system,kwok-controller-5cf8c7c44b-jqjt4,106.0,88080384
2026-09-16T18:30:43.181967+00:00,kube-system,local-path-provisioner-5d9d9885bc-xgwkr,1.0,15728640
2026-09-16T18:30:43.181967+00:00,kube-system,metrics-server-75dc6f8d87-8wltz,30.0,298844160
2026-09-16T18:30:43.181967+00:00,kube-system,svclb-traefik-1111e3f7-l9hjt,0.0,0
2026-09-16T18:30:43.181967+00:00,kube-system,traefik-9bcdbbd9-z65hr,14.0,277872640
2026-09-16T18:30:43.181967+00:00,pyroscope,pyroscope-0,8.0,186646528
2026-09-16T18:30:43.181967+00:00,pyroscope,pyroscope-alloy-0,34.0,689963008
2026-09-16T18:31:14.431907+00:00,grove-system,grove-operator-bfd47f895-hqvp4,224.0,1167065088
2026-09-16T18:31:14.431907+00:00,kai-scheduler,admission-86666f457d-2g56g,1.0,16777216
2026-09-16T18:31:14.431907+00:00,kai-scheduler,kai-operator-69b5d7bcf7-mvp2x,3.0,136314880
2026-09-16T18:31:14.431907+00:00,kai-scheduler,pod-grouper-65456f756-7lkc9,1.0,11534336
2026-09-16T18:31:14.431907+00:00,kai-scheduler,podgroup-controller-68f9cc8dbf-cdbr7,1.0,13631488
2026-09-16T18:31:14.431907+00:00,kai-scheduler,queue-controller-f86fcd76c-t8wkj,1.0,11534336
2026-09-16T18:31:14.431907+00:00,kube-system,coredns-8db54c48d-4t78n,9.0,61865984
2026-09-16T18:31:14.431907+00:00,kube-system,kwok-controller-5cf8c7c44b-jqjt4,90.0,88080384
2026-09-16T18:31:14.431907+00:00,kube-system,local-path-provisioner-5d9d9885bc-xgwkr,1.0,15728640
2026-09-16T18:31:14.431907+00:00,kube-system,metrics-server-75dc6f8d87-8wltz,34.0,308281344
2026-09-16T18:31:14.431907+00:00,kube-system,svclb-traefik-1111e3f7-l9hjt,0.0,0
2026-09-16T18:31:14.431907+00:00,kube-system,traefik-9bcdbbd9-z65hr,13.0,278921216
2026-09-16T18:31:14.431907+00:00,pyroscope,pyroscope-0,6.0,186646528
2026-09-16T18:31:14.431907+00:00,pyroscope,pyroscope-alloy-0,23.0,693108736
2026-09-16T18:31:45.681013+00:00,grove-system,grove-operator-bfd47f895-hqvp4,55.0,1158676480
2026-09-16T18:31:45.681013+00:00,kai-scheduler,admission-86666f457d-2g56g,1.0,16777216
2026-09-16T18:31:45.681013+00:00,kai-scheduler,kai-operator-69b5d7bcf7-mvp2x,3.0,137363456
2026-09-16T18:31:45.681013+00:00,kai-scheduler,pod-grouper-65456f756-7lkc9,1.0,11534336
2026-09-16T18:31:45.681013+00:00,kai-scheduler,podgroup-controller-68f9cc8dbf-cdbr7,1.0,13631488
2026-09-16T18:31:45.681013+00:00,kai-scheduler,queue-controller-f86fcd76c-t8wkj,1.0,11534336
2026-09-16T18:31:45.681013+00:00,kube-system,coredns-8db54c48d-4t78n,10.0,61865984
2026-09-16T18:31:45.681013+00:00,kube-system,kwok-controller-5cf8c7c44b-jqjt4,89.0,87031808
2026-09-16T18:31:45.681013+00:00,kube-system,local-path-provisioner-5d9d9885bc-xgwkr,1.0,15728640
2026-09-16T18:31:45.681013+00:00,kube-system,metrics-server-75dc6f8d87-8wltz,26.0,307232768
2026-09-16T18:31:45.681013+00:00,kube-system,svclb-traefik-1111e3f7-l9hjt,0.0,0
2026-09-16T18:31:45.681013+00:00,kube-system,traefik-9bcdbbd9-z65hr,23.0,289406976
2026-09-16T18:31:45.681013+00:00,pyroscope,pyroscope-0,6.0,188743680
2026-09-16T18:31:45.681013+00:00,pyroscope,pyroscope-alloy-0,42.0,698351616
2026-09-16T18:32:16.941629+00:00,grove-system,grove-operator-bfd47f895-hqvp4,74.0,1159725056
2026-09-16T18:32:16.941629+00:00,kai-scheduler,admission-86666f457d-2g56g,1.0,16777216
2026-09-16T18:32:16.941629+00:00,kai-scheduler,kai-operator-69b5d7bcf7-mvp2x,3.0,137363456
2026-09-16T18:32:16.941629+00:00,kai-scheduler,pod-grouper-65456f756-7lkc9,1.0,11534336
2026-09-16T18:32:16.941629+00:00,kai-scheduler,podgroup-controller-68f9cc8dbf-cdbr7,1.0,13631488
2026-09-16T18:32:16.941629+00:00,kai-scheduler,queue-controller-f86fcd76c-t8wkj,1.0,11534336
2026-09-16T18:32:16.941629+00:00,kube-system,coredns-8db54c48d-4t78n,9.0,62914560
2026-09-16T18:32:16.941629+00:00,kube-system,kwok-controller-5cf8c7c44b-jqjt4,483.0,90177536
2026-09-16T18:32:16.941629+00:00,kube-system,local-path-provisioner-5d9d9885bc-xgwkr,1.0,15728640
2026-09-16T18:32:16.941629+00:00,kube-system,metrics-server-75dc6f8d87-8wltz,31.0,307232768
2026-09-16T18:32:16.941629+00:00,kube-system,svclb-traefik-1111e3f7-l9hjt,0.0,0
2026-09-16T18:32:16.941629+00:00,kube-system,traefik-9bcdbbd9-z65hr,13.0,289406976
2026-09-16T18:32:16.941629+00:00,pyroscope,pyroscope-0,6.0,189792256
2026-09-16T18:32:16.941629+00:00,pyroscope,pyroscope-alloy-0,28.0,713031680
2026-09-16T18:32:48.266824+00:00,grove-system,grove-operator-bfd47f895-hqvp4,72.0,1168113664
2026-09-16T18:32:48.266824+00:00,kai-scheduler,admission-86666f457d-2g56g,1.0,16777216
2026-09-16T18:32:48.266824+00:00,kai-scheduler,kai-operator-69b5d7bcf7-mvp2x,5.0,123731968
2026-09-16T18:32:48.266824+00:00,kai-scheduler,pod-grouper-65456f756-7lkc9,1.0,11534336
2026-09-16T18:32:48.266824+00:00,kai-scheduler,podgroup-controller-68f9cc8dbf-cdbr7,1.0,13631488
2026-09-16T18:32:48.266824+00:00,kai-scheduler,queue-controller-f86fcd76c-t8wkj,1.0,11534336
2026-09-16T18:32:48.266824+00:00,kube-system,coredns-8db54c48d-4t78n,9.0,66060288
2026-09-16T18:32:48.266824+00:00,kube-system,kwok-controller-5cf8c7c44b-jqjt4,81.0,89128960
2026-09-16T18:32:48.266824+00:00,kube-system,local-path-provisioner-5d9d9885bc-xgwkr,1.0,15728640
2026-09-16T18:32:48.266824+00:00,kube-system,metrics-server-75dc6f8d87-8wltz,41.0,322961408
2026-09-16T18:32:48.266824+00:00,kube-system,svclb-traefik-1111e3f7-l9hjt,0.0,0
2026-09-16T18:32:48.266824+00:00,kube-system,traefik-9bcdbbd9-z65hr,13.0,290455552
2026-09-16T18:32:48.266824+00:00,pyroscope,pyroscope-0,7.0,189792256
2026-09-16T18:32:48.266824+00:00,pyroscope,pyroscope-alloy-0,6.0,731906048
2026-09-16T18:33:19.519465+00:00,grove-system,grove-operator-bfd47f895-hqvp4,105.0,1168113664
2026-09-16T18:33:19.519465+00:00,kai-scheduler,admission-86666f457d-2g56g,1.0,16777216
2026-09-16T18:33:19.519465+00:00,kai-scheduler,kai-operator-69b5d7bcf7-mvp2x,6.0,123731968
2026-09-16T18:33:19.519465+00:00,kai-scheduler,pod-grouper-65456f756-7lkc9,1.0,11534336
2026-09-16T18:33:19.519465+00:00,kai-scheduler,podgroup-controller-68f9cc8dbf-cdbr7,1.0,13631488
2026-09-16T18:33:19.519465+00:00,kai-scheduler,queue-controller-f86fcd76c-t8wkj,1.0,11534336
2026-09-16T18:33:19.519465+00:00,kube-system,coredns-8db54c48d-4t78n,9.0,65011712
2026-09-16T18:33:19.519465+00:00,kube-system,kwok-controller-5cf8c7c44b-jqjt4,96.0,90177536
2026-09-16T18:33:19.519465+00:00,kube-system,local-path-provisioner-5d9d9885bc-xgwkr,1.0,15728640
2026-09-16T18:33:19.519465+00:00,kube-system,metrics-server-75dc6f8d87-8wltz,31.0,320864256
2026-09-16T18:33:19.519465+00:00,kube-system,svclb-traefik-1111e3f7-l9hjt,0.0,0
2026-09-16T18:33:19.519465+00:00,kube-system,traefik-9bcdbbd9-z65hr,12.0,288358400
2026-09-16T18:33:19.519465+00:00,pyroscope,pyroscope-0,5.0,188743680
2026-09-16T18:33:19.519465+00:00,pyroscope,pyroscope-alloy-0,24.0,731906048
2026-09-16T18:33:50.768727+00:00,grove-system,grove-operator-bfd47f895-hqvp4,91.0,1171259392
2026-09-16T18:33:50.768727+00:00,kai-scheduler,admission-86666f457d-2g56g,1.0,16777216
2026-09-16T18:33:50.768727+00:00,kai-scheduler,kai-operator-69b5d7bcf7-mvp2x,3.0,123731968
2026-09-16T18:33:50.768727+00:00,kai-scheduler,pod-grouper-65456f756-7lkc9,1.0,11534336
2026-09-16T18:33:50.768727+00:00,kai-scheduler,podgroup-controller-68f9cc8dbf-cdbr7,1.0,13631488
2026-09-16T18:33:50.768727+00:00,kai-scheduler,queue-controller-f86fcd76c-t8wkj,1.0,11534336
2026-09-16T18:33:50.768727+00:00,kube-system,coredns-8db54c48d-4t78n,9.0,68157440
2026-09-16T18:33:50.768727+00:00,kube-system,kwok-controller-5cf8c7c44b-jqjt4,94.0,90177536
2026-09-16T18:33:50.768727+00:00,kube-system,local-path-provisioner-5d9d9885bc-xgwkr,1.0,15728640
2026-09-16T18:33:50.768727+00:00,kube-system,metrics-server-75dc6f8d87-8wltz,27.0,320864256
2026-09-16T18:33:50.768727+00:00,kube-system,svclb-traefik-1111e3f7-l9hjt,0.0,0
2026-09-16T18:33:50.768727+00:00,kube-system,traefik-9bcdbbd9-z65hr,11.0,290455552
2026-09-16T18:33:50.768727+00:00,pyroscope,pyroscope-0,6.0,188743680
2026-09-16T18:33:50.768727+00:00,pyroscope,pyroscope-alloy-0,39.0,732954624
2026-09-16T18:34:22.023974+00:00,grove-system,grove-operator-bfd47f895-hqvp4,28.0,1171259392
2026-09-16T18:34:22.023974+00:00,kai-scheduler,admission-86666f457d-2g56g,1.0,16777216
2026-09-16T18:34:22.023974+00:00,kai-scheduler,kai-operator-69b5d7bcf7-mvp2x,3.0,123731968
2026-09-16T18:34:22.023974+00:00,kai-scheduler,pod-grouper-65456f756-7lkc9,1.0,11534336
2026-09-16T18:34:22.023974+00:00,kai-scheduler,podgroup-controller-68f9cc8dbf-cdbr7,1.0,13631488
2026-09-16T18:34:22.023974+00:00,kai-scheduler,queue-controller-f86fcd76c-t8wkj,1.0,11534336
2026-09-16T18:34:22.023974+00:00,kube-system,coredns-8db54c48d-4t78n,8.0,67108864
2026-09-16T18:34:22.023974+00:00,kube-system,kwok-controller-5cf8c7c44b-jqjt4,86.0,90177536
2026-09-16T18:34:22.023974+00:00,kube-system,local-path-provisioner-5d9d9885bc-xgwkr,1.0,15728640
2026-09-16T18:34:22.023974+00:00,kube-system,metrics-server-75dc6f8d87-8wltz,39.0,320864256
2026-09-16T18:34:22.023974+00:00,kube-system,svclb-traefik-1111e3f7-l9hjt,0.0,0
2026-09-16T18:34:22.023974+00:00,kube-system,traefik-9bcdbbd9-z65hr,9.0,289406976
2026-09-16T18:34:22.023974+00:00,pyroscope,pyroscope-0,6.0,191889408
2026-09-16T18:34:22.023974+00:00,pyroscope,pyroscope-alloy-0,5.0,731906048
2026-09-16T18:34:53.269449+00:00,grove-system,grove-operator-bfd47f895-hqvp4,87.0,1178599424
2026-09-16T18:34:53.269449+00:00,kai-scheduler,admission-86666f457d-2g56g,1.0,16777216
2026-09-16T18:34:53.269449+00:00,kai-scheduler,kai-operator-69b5d7bcf7-mvp2x,3.0,124780544
2026-09-16T18:34:53.269449+00:00,kai-scheduler,pod-grouper-65456f756-7lkc9,1.0,11534336
2026-09-16T18:34:53.269449+00:00,kai-scheduler,podgroup-controller-68f9cc8dbf-cdbr7,1.0,13631488
2026-09-16T18:34:53.269449+00:00,kai-scheduler,queue-controller-f86fcd76c-t8wkj,1.0,11534336
2026-09-16T18:34:53.269449+00:00,kube-system,coredns-8db54c48d-4t78n,3.0,66060288
2026-09-16T18:34:53.269449+00:00,kube-system,kwok-controller-5cf8c7c44b-jqjt4,93.0,80740352
2026-09-16T18:34:53.269449+00:00,kube-system,local-path-provisioner-5d9d9885bc-xgwkr,1.0,15728640
2026-09-16T18:34:53.269449+00:00,kube-system,metrics-server-75dc6f8d87-8wltz,30.0,319815680
2026-09-16T18:34:53.269449+00:00,kube-system,svclb-traefik-1111e3f7-l9hjt,0.0,0
2026-09-16T18:34:53.269449+00:00,kube-system,traefik-9bcdbbd9-z65hr,3.0,287309824
2026-09-16T18:34:53.269449+00:00,pyroscope,pyroscope-0,5.0,193986560
2026-09-16T18:34:53.269449+00:00,pyroscope,pyroscope-alloy-0,6.0,735051776
2026-09-16T18:35:24.519134+00:00,grove-system,grove-operator-bfd47f895-hqvp4,55.0,1178599424
2026-09-16T18:35:24.519134+00:00,kai-scheduler,admission-86666f457d-2g56g,1.0,16777216
2026-09-16T18:35:24.519134+00:00,kai-scheduler,kai-operator-69b5d7bcf7-mvp2x,6.0,123731968
2026-09-16T18:35:24.519134+00:00,kai-scheduler,pod-grouper-65456f756-7lkc9,1.0,11534336
2026-09-16T18:35:24.519134+00:00,kai-scheduler,podgroup-controller-68f9cc8dbf-cdbr7,1.0,13631488
2026-09-16T18:35:24.519134+00:00,kai-scheduler,queue-controller-f86fcd76c-t8wkj,1.0,11534336
2026-09-16T18:35:24.519134+00:00,kube-system,coredns-8db54c48d-4t78n,3.0,66060288
2026-09-16T18:35:24.519134+00:00,kube-system,kwok-controller-5cf8c7c44b-jqjt4,93.0,82837504
2026-09-16T18:35:24.519134+00:00,kube-system,local-path-provisioner-5d9d9885bc-xgwkr,1.0,15728640
2026-09-16T18:35:24.519134+00:00,kube-system,metrics-server-75dc6f8d87-8wltz,31.0,319815680
2026-09-16T18:35:24.519134+00:00,kube-system,svclb-traefik-1111e3f7-l9hjt,0.0,0
2026-09-16T18:35:24.519134+00:00,kube-system,traefik-9bcdbbd9-z65hr,4.0,288358400
2026-09-16T18:35:24.519134+00:00,pyroscope,pyroscope-0,6.0,184549376
2026-09-16T18:35:24.519134+00:00,pyroscope,pyroscope-alloy-0,93.0,735051776
2026-09-16T18:35:55.768617+00:00,grove-system,grove-operator-bfd47f895-hqvp4,64.0,1177550848
2026-09-16T18:35:55.768617+00:00,kai-scheduler,admission-86666f457d-2g56g,1.0,16777216
2026-09-16T18:35:55.768617+00:00,kai-scheduler,kai-operator-69b5d7bcf7-mvp2x,3.0,123731968
2026-09-16T18:35:55.768617+00:00,kai-scheduler,pod-grouper-65456f756-7lkc9,1.0,11534336
2026-09-16T18:35:55.768617+00:00,kai-scheduler,podgroup-controller-68f9cc8dbf-cdbr7,1.0,13631488
2026-09-16T18:35:55.768617+00:00,kai-scheduler,queue-controller-f86fcd76c-t8wkj,1.0,11534336
2026-09-16T18:35:55.768617+00:00,kube-system,coredns-8db54c48d-4t78n,3.0,66060288
2026-09-16T18:35:55.768617+00:00,kube-system,kwok-controller-5cf8c7c44b-jqjt4,85.0,81788928
2026-09-16T18:35:55.768617+00:00,kube-system,local-path-provisioner-5d9d9885bc-xgwkr,1.0,15728640
2026-09-16T18:35:55.768617+00:00,kube-system,metrics-server-75dc6f8d87-8wltz,28.0,322961408
2026-09-16T18:35:55.768617+00:00,kube-system,svclb-traefik-1111e3f7-l9hjt,0.0,0
2026-09-16T18:35:55.768617+00:00,kube-system,traefik-9bcdbbd9-z65hr,3.0,289406976
2026-09-16T18:35:55.768617+00:00,pyroscope,pyroscope-0,7.0,168820736
2026-09-16T18:35:55.768617+00:00,pyroscope,pyroscope-alloy-0,7.0,735051776
2026-09-16T18:36:27.017495+00:00,grove-system,grove-operator-bfd47f895-hqvp4,32.0,1178599424
2026-09-16T18:36:27.017495+00:00,kai-scheduler,admission-86666f457d-2g56g,1.0,16777216
2026-09-16T18:36:27.017495+00:00,kai-scheduler,kai-operator-69b5d7bcf7-mvp2x,3.0,124780544
2026-09-16T18:36:27.017495+00:00,kai-scheduler,pod-grouper-65456f756-7lkc9,1.0,11534336
2026-09-16T18:36:27.017495+00:00,kai-scheduler,podgroup-controller-68f9cc8dbf-cdbr7,1.0,13631488
2026-09-16T18:36:27.017495+00:00,kai-scheduler,queue-controller-f86fcd76c-t8wkj,1.0,11534336
2026-09-16T18:36:27.017495+00:00,kube-system,coredns-8db54c48d-4t78n,3.0,65011712
2026-09-16T18:36:27.017495+00:00,kube-system,kwok-controller-5cf8c7c44b-jqjt4,109.0,84934656
2026-09-16T18:36:27.017495+00:00,kube-system,local-path-provisioner-5d9d9885bc-xgwkr,1.0,15728640
2026-09-16T18:36:27.017495+00:00,kube-system,metrics-server-75dc6f8d87-8wltz,42.0,327155712
2026-09-16T18:36:27.017495+00:00,kube-system,svclb-traefik-1111e3f7-l9hjt,0.0,0
2026-09-16T18:36:27.017495+00:00,kube-system,traefik-9bcdbbd9-z65hr,4.0,289406976
2026-09-16T18:36:27.017495+00:00,pyroscope,pyroscope-0,6.0,170917888
2026-09-16T18:36:27.017495+00:00,pyroscope,pyroscope-alloy-0,38.0,742391808
2026-09-16T18:36:58.266575+00:00,grove-system,grove-operator-bfd47f895-hqvp4,29.0,1176502272
2026-09-16T18:36:58.266575+00:00,kai-scheduler,admission-86666f457d-2g56g,1.0,16777216
2026-09-16T18:36:58.266575+00:00,kai-scheduler,kai-operator-69b5d7bcf7-mvp2x,5.0,120586240
2026-09-16T18:36:58.266575+00:00,kai-scheduler,pod-grouper-65456f756-7lkc9,1.0,11534336
2026-09-16T18:36:58.266575+00:00,kai-scheduler,podgroup-controller-68f9cc8dbf-cdbr7,1.0,13631488
2026-09-16T18:36:58.266575+00:00,kai-scheduler,queue-controller-f86fcd76c-t8wkj,1.0,11534336
2026-09-16T18:36:58.266575+00:00,kube-system,coredns-8db54c48d-4t78n,3.0,68157440
2026-09-16T18:36:58.266575+00:00,kube-system,kwok-controller-5cf8c7c44b-jqjt4,100.0,83886080
2026-09-16T18:36:58.266575+00:00,kube-system,local-path-provisioner-5d9d9885bc-xgwkr,1.0,15728640
2026-09-16T18:36:58.266575+00:00,kube-system,metrics-server-75dc6f8d87-8wltz,38.0,326107136
2026-09-16T18:36:58.266575+00:00,kube-system,svclb-traefik-1111e3f7-l9hjt,0.0,0
2026-09-16T18:36:58.266575+00:00,kube-system,traefik-9bcdbbd9-z65hr,3.0,289406976
2026-09-16T18:36:58.266575+00:00,pyroscope,pyroscope-0,6.0,170917888
2026-09-16T18:36:58.266575+00:00,pyroscope,pyroscope-alloy-0,6.0,757071872
2026-09-16T18:37:29.513522+00:00,grove-system,grove-operator-bfd47f895-hqvp4,22.0,1181745152
2026-09-16T18:37:29.513522+00:00,kai-scheduler,admission-86666f457d-2g56g,1.0,16777216
2026-09-16T18:37:29.513522+00:00,kai-scheduler,kai-operator-69b5d7bcf7-mvp2x,3.0,122683392
2026-09-16T18:37:29.513522+00:00,kai-scheduler,pod-grouper-65456f756-7lkc9,1.0,11534336
2026-09-16T18:37:29.513522+00:00,kai-scheduler,podgroup-controller-68f9cc8dbf-cdbr7,1.0,13631488
2026-09-16T18:37:29.513522+00:00,kai-scheduler,queue-controller-f86fcd76c-t8wkj,1.0,11534336
2026-09-16T18:37:29.513522+00:00,kube-system,coredns-8db54c48d-4t78n,4.0,66060288
2026-09-16T18:37:29.513522+00:00,kube-system,kwok-controller-5cf8c7c44b-jqjt4,108.0,82837504
2026-09-16T18:37:29.513522+00:00,kube-system,local-path-provisioner-5d9d9885bc-xgwkr,1.0,15728640
2026-09-16T18:37:29.513522+00:00,kube-system,metrics-server-75dc6f8d87-8wltz,29.0,328204288
2026-09-16T18:37:29.513522+00:00,kube-system,svclb-traefik-1111e3f7-l9hjt,0.0,0
2026-09-16T18:37:29.513522+00:00,kube-system,traefik-9bcdbbd9-z65hr,4.0,289406976
2026-09-16T18:37:29.513522+00:00,pyroscope,pyroscope-0,7.0,170917888
2026-09-16T18:37:29.513522+00:00,pyroscope,pyroscope-alloy-0,38.0,738197504
2026-09-16T18:38:00.772971+00:00,grove-system,grove-operator-bfd47f895-hqvp4,42.0,1182793728
2026-09-16T18:38:00.772971+00:00,kai-scheduler,admission-86666f457d-2g56g,1.0,16777216
2026-09-16T18:38:00.772971+00:00,kai-scheduler,kai-operator-69b5d7bcf7-mvp2x,3.0,121634816
2026-09-16T18:38:00.772971+00:00,kai-scheduler,pod-grouper-65456f756-7lkc9,1.0,11534336
2026-09-16T18:38:00.772971+00:00,kai-scheduler,podgroup-controller-68f9cc8dbf-cdbr7,1.0,13631488
2026-09-16T18:38:00.772971+00:00,kai-scheduler,queue-controller-f86fcd76c-t8wkj,1.0,11534336
2026-09-16T18:38:00.772971+00:00,kube-system,coredns-8db54c48d-4t78n,5.0,62914560
2026-09-16T18:38:00.772971+00:00,kube-system,kwok-controller-5cf8c7c44b-jqjt4,91.0,83886080
2026-09-16T18:38:00.772971+00:00,kube-system,local-path-provisioner-5d9d9885bc-xgwkr,1.0,15728640
2026-09-16T18:38:00.772971+00:00,kube-system,metrics-server-75dc6f8d87-8wltz,29.0,327155712
2026-09-16T18:38:00.772971+00:00,kube-system,svclb-traefik-1111e3f7-l9hjt,0.0,0
2026-09-16T18:38:00.772971+00:00,kube-system,traefik-9bcdbbd9-z65hr,4.0,270532608
2026-09-16T18:38:00.772971+00:00,pyroscope,pyroscope-0,6.0,170917888
2026-09-16T18:38:00.772971+00:00,pyroscope,pyroscope-alloy-0,6.0,738197504
2026-09-16T18:38:32.032207+00:00,grove-system,grove-operator-bfd47f895-hqvp4,62.0,1170210816
2026-09-16T18:38:32.032207+00:00,kai-scheduler,admission-86666f457d-2g56g,1.0,16777216
2026-09-16T18:38:32.032207+00:00,kai-scheduler,kai-operator-69b5d7bcf7-mvp2x,3.0,121634816
2026-09-16T18:38:32.032207+00:00,kai-scheduler,pod-grouper-65456f756-7lkc9,1.0,11534336
2026-09-16T18:38:32.032207+00:00,kai-scheduler,podgroup-controller-68f9cc8dbf-cdbr7,1.0,13631488
2026-09-16T18:38:32.032207+00:00,kai-scheduler,queue-controller-f86fcd76c-t8wkj,1.0,11534336
2026-09-16T18:38:32.032207+00:00,kube-system,coredns-8db54c48d-4t78n,3.0,61865984
2026-09-16T18:38:32.032207+00:00,kube-system,kwok-controller-5cf8c7c44b-jqjt4,84.0,84934656
2026-09-16T18:38:32.032207+00:00,kube-system,local-path-provisioner-5d9d9885bc-xgwkr,1.0,15728640
2026-09-16T18:38:32.032207+00:00,kube-system,metrics-server-75dc6f8d87-8wltz,28.0,328204288
2026-09-16T18:38:32.032207+00:00,kube-system,svclb-traefik-1111e3f7-l9hjt,0.0,0
2026-09-16T18:38:32.032207+00:00,kube-system,traefik-9bcdbbd9-z65hr,3.0,270532608
2026-09-16T18:38:32.032207+00:00,pyroscope,pyroscope-0,6.0,170917888
2026-09-16T18:38:32.032207+00:00,pyroscope,pyroscope-alloy-0,6.0,740294656
2026-09-16T18:39:03.280782+00:00,grove-system,grove-operator-bfd47f895-hqvp4,49.0,1170210816
2026-09-16T18:39:03.280782+00:00,kai-scheduler,admission-86666f457d-2g56g,1.0,16777216
2026-09-16T18:39:03.280782+00:00,kai-scheduler,kai-operator-69b5d7bcf7-mvp2x,1.0,120586240
2026-09-16T18:39:03.280782+00:00,kai-scheduler,pod-grouper-65456f756-7lkc9,1.0,11534336
2026-09-16T18:39:03.280782+00:00,kai-scheduler,podgroup-controller-68f9cc8dbf-cdbr7,1.0,13631488
2026-09-16T18:39:03.280782+00:00,kai-scheduler,queue-controller-f86fcd76c-t8wkj,1.0,11534336
2026-09-16T18:39:03.280782+00:00,kube-system,coredns-8db54c48d-4t78n,3.0,62914560
2026-09-16T18:39:03.280782+00:00,kube-system,kwok-controller-5cf8c7c44b-jqjt4,125.0,84934656
2026-09-16T18:39:03.280782+00:00,kube-system,local-path-provisioner-5d9d9885bc-xgwkr,1.0,15728640
2026-09-16T18:39:03.280782+00:00,kube-system,metrics-server-75dc6f8d87-8wltz,43.0,327155712
2026-09-16T18:39:03.280782+00:00,kube-system,svclb-traefik-1111e3f7-l9hjt,0.0,0
2026-09-16T18:39:03.280782+00:00,kube-system,traefik-9bcdbbd9-z65hr,3.0,270532608
2026-09-16T18:39:03.280782+00:00,pyroscope,pyroscope-0,5.0,170917888
2026-09-16T18:39:03.280782+00:00,pyroscope,pyroscope-alloy-0,181.0,713031680
2026-09-16T18:39:34.532509+00:00,grove-system,grove-operator-bfd47f895-hqvp4,22.0,1172307968
2026-09-16T18:39:34.532509+00:00,kai-scheduler,admission-86666f457d-2g56g,1.0,16777216
2026-09-16T18:39:34.532509+00:00,kai-scheduler,kai-operator-69b5d7bcf7-mvp2x,1.0,121634816
2026-09-16T18:39:34.532509+00:00,kai-scheduler,pod-grouper-65456f756-7lkc9,1.0,11534336
2026-09-16T18:39:34.532509+00:00,kai-scheduler,podgroup-controller-68f9cc8dbf-cdbr7,1.0,13631488
2026-09-16T18:39:34.532509+00:00,kai-scheduler,queue-controller-f86fcd76c-t8wkj,1.0,11534336
2026-09-16T18:39:34.532509+00:00,kube-system,coredns-8db54c48d-4t78n,3.0,61865984
2026-09-16T18:39:34.532509+00:00,kube-system,kwok-controller-5cf8c7c44b-jqjt4,119.0,82837504
2026-09-16T18:39:34.532509+00:00,kube-system,local-path-provisioner-5d9d9885bc-xgwkr,1.0,15728640
2026-09-16T18:39:34.532509+00:00,kube-system,metrics-server-75dc6f8d87-8wltz,55.0,328204288
2026-09-16T18:39:34.532509+00:00,kube-system,svclb-traefik-1111e3f7-l9hjt,0.0,0
2026-09-16T18:39:34.532509+00:00,kube-system,traefik-9bcdbbd9-z65hr,3.0,271581184
2026-09-16T18:39:34.532509+00:00,pyroscope,pyroscope-0,6.0,170917888
2026-09-16T18:39:34.532509+00:00,pyroscope,pyroscope-alloy-0,130.0,699400192
2026-09-16T18:40:05.779179+00:00,grove-system,grove-operator-bfd47f895-hqvp4,26.0,1176502272
2026-09-16T18:40:05.779179+00:00,kai-scheduler,admission-86666f457d-2g56g,1.0,16777216
2026-09-16T18:40:05.779179+00:00,kai-scheduler,kai-operator-69b5d7bcf7-mvp2x,1.0,120586240
2026-09-16T18:40:05.779179+00:00,kai-scheduler,pod-grouper-65456f756-7lkc9,1.0,11534336
2026-09-16T18:40:05.779179+00:00,kai-scheduler,podgroup-controller-68f9cc8dbf-cdbr7,1.0,13631488
2026-09-16T18:40:05.779179+00:00,kai-scheduler,queue-controller-f86fcd76c-t8wkj,1.0,11534336
2026-09-16T18:40:05.779179+00:00,kube-system,coredns-8db54c48d-4t78n,3.0,60817408
2026-09-16T18:40:05.779179+00:00,kube-system,kwok-controller-5cf8c7c44b-jqjt4,119.0,84934656
2026-09-16T18:40:05.779179+00:00,kube-system,local-path-provisioner-5d9d9885bc-xgwkr,1.0,15728640
2026-09-16T18:40:05.779179+00:00,kube-system,metrics-server-75dc6f8d87-8wltz,43.0,328204288
2026-09-16T18:40:05.779179+00:00,kube-system,svclb-traefik-1111e3f7-l9hjt,0.0,0
2026-09-16T18:40:05.779179+00:00,kube-system,traefik-9bcdbbd9-z65hr,3.0,269484032
2026-09-16T18:40:05.779179+00:00,pyroscope,pyroscope-0,6.0,171966464
2026-09-16T18:40:05.779179+00:00,pyroscope,pyroscope-alloy-0,153.0,650117120
2026-09-16T18:40:37.030453+00:00,grove-system,grove-operator-bfd47f895-hqvp4,46.0,1176502272
2026-09-16T18:40:37.030453+00:00,kai-scheduler,admission-86666f457d-2g56g,1.0,16777216
2026-09-16T18:40:37.030453+00:00,kai-scheduler,kai-operator-69b5d7bcf7-mvp2x,3.0,120586240
2026-09-16T18:40:37.030453+00:00,kai-scheduler,pod-grouper-65456f756-7lkc9,1.0,11534336
2026-09-16T18:40:37.030453+00:00,kai-scheduler,podgroup-controller-68f9cc8dbf-cdbr7,1.0,13631488
2026-09-16T18:40:37.030453+00:00,kai-scheduler,queue-controller-f86fcd76c-t8wkj,1.0,11534336
2026-09-16T18:40:37.030453+00:00,kube-system,coredns-8db54c48d-4t78n,3.0,60817408
2026-09-16T18:40:37.030453+00:00,kube-system,kwok-controller-5cf8c7c44b-jqjt4,540.0,84934656
2026-09-16T18:40:37.030453+00:00,kube-system,local-path-provisioner-5d9d9885bc-xgwkr,1.0,15728640
2026-09-16T18:40:37.030453+00:00,kube-system,metrics-server-75dc6f8d87-8wltz,38.0,327155712
2026-09-16T18:40:37.030453+00:00,kube-system,svclb-traefik-1111e3f7-l9hjt,0.0,0
2026-09-16T18:40:37.030453+00:00,kube-system,traefik-9bcdbbd9-z65hr,3.0,270532608
2026-09-16T18:40:37.030453+00:00,pyroscope,pyroscope-0,5.0,170917888
2026-09-16T18:40:37.030453+00:00,pyroscope,pyroscope-alloy-0,170.0,589299712
2026-09-16T18:41:08.277928+00:00,grove-system,grove-operator-bfd47f895-hqvp4,68.0,1168113664
2026-09-16T18:41:08.277928+00:00,kai-scheduler,admission-86666f457d-2g56g,1.0,16777216
2026-09-16T18:41:08.277928+00:00,kai-scheduler,kai-operator-69b5d7bcf7-mvp2x,3.0,116391936
2026-09-16T18:41:08.277928+00:00,kai-scheduler,pod-grouper-65456f756-7lkc9,1.0,11534336
2026-09-16T18:41:08.277928+00:00,kai-scheduler,podgroup-controller-68f9cc8dbf-cdbr7,1.0,13631488
2026-09-16T18:41:08.277928+00:00,kai-scheduler,queue-controller-f86fcd76c-t8wkj,1.0,11534336
2026-09-16T18:41:08.277928+00:00,kube-system,coredns-8db54c48d-4t78n,3.0,61865984
2026-09-16T18:41:08.277928+00:00,kube-system,kwok-controller-5cf8c7c44b-jqjt4,126.0,84934656
2026-09-16T18:41:08.277928+00:00,kube-system,local-path-provisioner-5d9d9885bc-xgwkr,1.0,15728640
2026-09-16T18:41:08.277928+00:00,kube-system,metrics-server-75dc6f8d87-8wltz,46.0,326107136
2026-09-16T18:41:08.277928+00:00,kube-system,svclb-traefik-1111e3f7-l9hjt,0.0,0
2026-09-16T18:41:08.277928+00:00,kube-system,traefik-9bcdbbd9-z65hr,3.0,268435456
2026-09-16T18:41:08.277928+00:00,pyroscope,pyroscope-0,5.0,171966464
2026-09-16T18:41:08.277928+00:00,pyroscope,pyroscope-alloy-0,162.0,532676608
2026-09-16T18:41:39.529105+00:00,grove-system,grove-operator-bfd47f895-hqvp4,24.0,1170210816
2026-09-16T18:41:39.529105+00:00,kai-scheduler,admission-86666f457d-2g56g,1.0,16777216
2026-09-16T18:41:39.529105+00:00,kai-scheduler,kai-operator-69b5d7bcf7-mvp2x,1.0,116391936
2026-09-16T18:41:39.529105+00:00,kai-scheduler,pod-grouper-65456f756-7lkc9,1.0,11534336
2026-09-16T18:41:39.529105+00:00,kai-scheduler,podgroup-controller-68f9cc8dbf-cdbr7,1.0,13631488
2026-09-16T18:41:39.529105+00:00,kai-scheduler,queue-controller-f86fcd76c-t8wkj,1.0,11534336
2026-09-16T18:41:39.529105+00:00,kube-system,coredns-8db54c48d-4t78n,3.0,61865984
2026-09-16T18:41:39.529105+00:00,kube-system,kwok-controller-5cf8c7c44b-jqjt4,122.0,83886080
2026-09-16T18:41:39.529105+00:00,kube-system,local-path-provisioner-5d9d9885bc-xgwkr,1.0,15728640
2026-09-16T18:41:39.529105+00:00,kube-system,metrics-server-75dc6f8d87-8wltz,42.0,328204288
2026-09-16T18:41:39.529105+00:00,kube-system,svclb-traefik-1111e3f7-l9hjt,0.0,0
2026-09-16T18:41:39.529105+00:00,kube-system,traefik-9bcdbbd9-z65hr,9.0,266338304
2026-09-16T18:41:39.529105+00:00,pyroscope,pyroscope-0,5.0,170917888
2026-09-16T18:41:39.529105+00:00,pyroscope,pyroscope-alloy-0,147.0,479199232
2026-09-16T18:42:10.781034+00:00,grove-system,grove-operator-bfd47f895-hqvp4,37.0,1149239296
2026-09-16T18:42:10.781034+00:00,kai-scheduler,admission-86666f457d-2g56g,1.0,16777216
2026-09-16T18:42:10.781034+00:00,kai-scheduler,kai-operator-69b5d7bcf7-mvp2x,1.0,116391936
2026-09-16T18:42:10.781034+00:00,kai-scheduler,pod-grouper-65456f756-7lkc9,1.0,11534336
2026-09-16T18:42:10.781034+00:00,kai-scheduler,podgroup-controller-68f9cc8dbf-cdbr7,1.0,13631488
2026-09-16T18:42:10.781034+00:00,kai-scheduler,queue-controller-f86fcd76c-t8wkj,1.0,11534336
2026-09-16T18:42:10.781034+00:00,kube-system,coredns-8db54c48d-4t78n,3.0,61865984
2026-09-16T18:42:10.781034+00:00,kube-system,kwok-controller-5cf8c7c44b-jqjt4,128.0,85983232
2026-09-16T18:42:10.781034+00:00,kube-system,local-path-provisioner-5d9d9885bc-xgwkr,1.0,15728640
2026-09-16T18:42:10.781034+00:00,kube-system,metrics-server-75dc6f8d87-8wltz,45.0,327155712
2026-09-16T18:42:10.781034+00:00,kube-system,svclb-traefik-1111e3f7-l9hjt,0.0,0
2026-09-16T18:42:10.781034+00:00,kube-system,traefik-9bcdbbd9-z65hr,4.0,266338304
2026-09-16T18:42:10.781034+00:00,pyroscope,pyroscope-0,5.0,170917888
2026-09-16T18:42:10.781034+00:00,pyroscope,pyroscope-alloy-0,127.0,429916160
2026-09-16T18:42:42.037586+00:00,grove-system,grove-operator-bfd47f895-hqvp4,47.0,1151336448
2026-09-16T18:42:42.037586+00:00,kai-scheduler,admission-86666f457d-2g56g,1.0,16777216
2026-09-16T18:42:42.037586+00:00,kai-scheduler,kai-operator-69b5d7bcf7-mvp2x,1.0,116391936
2026-09-16T18:42:42.037586+00:00,kai-scheduler,pod-grouper-65456f756-7lkc9,1.0,11534336
2026-09-16T18:42:42.037586+00:00,kai-scheduler,podgroup-controller-68f9cc8dbf-cdbr7,1.0,13631488
2026-09-16T18:42:42.037586+00:00,kai-scheduler,queue-controller-f86fcd76c-t8wkj,1.0,11534336
2026-09-16T18:42:42.037586+00:00,kube-system,coredns-8db54c48d-4t78n,3.0,60817408
2026-09-16T18:42:42.037586+00:00,kube-system,kwok-controller-5cf8c7c44b-jqjt4,123.0,84934656
2026-09-16T18:42:42.037586+00:00,kube-system,local-path-provisioner-5d9d9885bc-xgwkr,1.0,15728640
2026-09-16T18:42:42.037586+00:00,kube-system,metrics-server-75dc6f8d87-8wltz,47.0,325058560
2026-09-16T18:42:42.037586+00:00,kube-system,svclb-traefik-1111e3f7-l9hjt,0.0,0
2026-09-16T18:42:42.037586+00:00,kube-system,traefik-9bcdbbd9-z65hr,3.0,266338304
2026-09-16T18:42:42.037586+00:00,pyroscope,pyroscope-0,5.0,170917888
2026-09-16T18:42:42.037586+00:00,pyroscope,pyroscope-alloy-0,175.0,432013312
2026-09-16T18:43:13.291793+00:00,grove-system,grove-operator-bfd47f895-hqvp4,21.0,1158676480
2026-09-16T18:43:13.291793+00:00,kai-scheduler,admission-86666f457d-2g56g,1.0,16777216
2026-09-16T18:43:13.291793+00:00,kai-scheduler,kai-operator-69b5d7bcf7-mvp2x,1.0,108003328
2026-09-16T18:43:13.291793+00:00,kai-scheduler,pod-grouper-65456f756-7lkc9,1.0,11534336
2026-09-16T18:43:13.291793+00:00,kai-scheduler,podgroup-controller-68f9cc8dbf-cdbr7,1.0,13631488
2026-09-16T18:43:13.291793+00:00,kai-scheduler,queue-controller-f86fcd76c-t8wkj,1.0,11534336
2026-09-16T18:43:13.291793+00:00,kube-system,coredns-8db54c48d-4t78n,3.0,61865984
2026-09-16T18:43:13.291793+00:00,kube-system,kwok-controller-5cf8c7c44b-jqjt4,115.0,83886080
2026-09-16T18:43:13.291793+00:00,kube-system,local-path-provisioner-5d9d9885bc-xgwkr,1.0,15728640
2026-09-16T18:43:13.291793+00:00,kube-system,metrics-server-75dc6f8d87-8wltz,43.0,318767104
2026-09-16T18:43:13.291793+00:00,kube-system,svclb-traefik-1111e3f7-l9hjt,0.0,0
2026-09-16T18:43:13.291793+00:00,kube-system,traefik-9bcdbbd9-z65hr,3.0,267386880
2026-09-16T18:43:13.291793+00:00,pyroscope,pyroscope-0,5.0,171966464
2026-09-16T18:43:13.291793+00:00,pyroscope,pyroscope-alloy-0,87.0,438304768
2026-09-16T18:43:44.542349+00:00,grove-system,grove-operator-bfd47f895-hqvp4,22.0,1166016512
2026-09-16T18:43:44.542349+00:00,kai-scheduler,admission-86666f457d-2g56g,1.0,16777216
2026-09-16T18:43:44.542349+00:00,kai-scheduler,kai-operator-69b5d7bcf7-mvp2x,1.0,108003328
2026-09-16T18:43:44.542349+00:00,kai-scheduler,pod-grouper-65456f756-7lkc9,1.0,11534336
2026-09-16T18:43:44.542349+00:00,kai-scheduler,podgroup-controller-68f9cc8dbf-cdbr7,1.0,13631488
2026-09-16T18:43:44.542349+00:00,kai-scheduler,queue-controller-f86fcd76c-t8wkj,1.0,11534336
2026-09-16T18:43:44.542349+00:00,kube-system,coredns-8db54c48d-4t78n,3.0,61865984
2026-09-16T18:43:44.542349+00:00,kube-system,kwok-controller-5cf8c7c44b-jqjt4,114.0,82837504
2026-09-16T18:43:44.542349+00:00,kube-system,local-path-provisioner-5d9d9885bc-xgwkr,1.0,15728640
2026-09-16T18:43:44.542349+00:00,kube-system,metrics-server-75dc6f8d87-8wltz,41.0,318767104
2026-09-16T18:43:44.542349+00:00,kube-system,svclb-traefik-1111e3f7-l9hjt,0.0,0
2026-09-16T18:43:44.542349+00:00,kube-system,traefik-9bcdbbd9-z65hr,9.0,268435456
2026-09-16T18:43:44.542349+00:00,pyroscope,pyroscope-0,6.0,170917888
2026-09-16T18:43:44.542349+00:00,pyroscope,pyroscope-alloy-0,114.0,439353344
2026-09-16T18:44:15.792090+00:00,grove-system,grove-operator-bfd47f895-hqvp4,59.0,1159725056
2026-09-16T18:44:15.792090+00:00,kai-scheduler,admission-86666f457d-2g56g,1.0,16777216
2026-09-16T18:44:15.792090+00:00,kai-scheduler,kai-operator-69b5d7bcf7-mvp2x,1.0,108003328
2026-09-16T18:44:15.792090+00:00,kai-scheduler,pod-grouper-65456f756-7lkc9,1.0,11534336
2026-09-16T18:44:15.792090+00:00,kai-scheduler,podgroup-controller-68f9cc8dbf-cdbr7,1.0,13631488
2026-09-16T18:44:15.792090+00:00,kai-scheduler,queue-controller-f86fcd76c-t8wkj,1.0,11534336
2026-09-16T18:44:15.792090+00:00,kube-system,coredns-8db54c48d-4t78n,4.0,59768832
2026-09-16T18:44:15.792090+00:00,kube-system,kwok-controller-5cf8c7c44b-jqjt4,129.0,84934656
2026-09-16T18:44:15.792090+00:00,kube-system,local-path-provisioner-5d9d9885bc-xgwkr,1.0,15728640
2026-09-16T18:44:15.792090+00:00,kube-system,metrics-server-75dc6f8d87-8wltz,46.0,319815680
2026-09-16T18:44:15.792090+00:00,kube-system,svclb-traefik-1111e3f7-l9hjt,0.0,0
2026-09-16T18:44:15.792090+00:00,kube-system,traefik-9bcdbbd9-z65hr,3.0,266338304
2026-09-16T18:44:15.792090+00:00,pyroscope,pyroscope-0,7.0,170917888
2026-09-16T18:44:15.792090+00:00,pyroscope,pyroscope-alloy-0,101.0,442499072
2026-09-16T18:44:47.045551+00:00,grove-system,grove-operator-bfd47f895-hqvp4,54.0,1147142144
2026-09-16T18:44:47.045551+00:00,kai-scheduler,admission-86666f457d-2g56g,1.0,16777216
2026-09-16T18:44:47.045551+00:00,kai-scheduler,kai-operator-69b5d7bcf7-mvp2x,1.0,114294784
2026-09-16T18:44:47.045551+00:00,kai-scheduler,pod-grouper-65456f756-7lkc9,1.0,11534336
2026-09-16T18:44:47.045551+00:00,kai-scheduler,podgroup-controller-68f9cc8dbf-cdbr7,1.0,13631488
2026-09-16T18:44:47.045551+00:00,kai-scheduler,queue-controller-f86fcd76c-t8wkj,1.0,11534336
2026-09-16T18:44:47.045551+00:00,kube-system,coredns-8db54c48d-4t78n,3.0,54525952
2026-09-16T18:44:47.045551+00:00,kube-system,kwok-controller-5cf8c7c44b-jqjt4,132.0,84934656
2026-09-16T18:44:47.045551+00:00,kube-system,local-path-provisioner-5d9d9885bc-xgwkr,1.0,15728640
2026-09-16T18:44:47.045551+00:00,kube-system,metrics-server-75dc6f8d87-8wltz,44.0,320864256
2026-09-16T18:44:47.045551+00:00,kube-system,svclb-traefik-1111e3f7-l9hjt,0.0,0
2026-09-16T18:44:47.045551+00:00,kube-system,traefik-9bcdbbd9-z65hr,3.0,266338304
2026-09-16T18:44:47.045551+00:00,pyroscope,pyroscope-0,5.0,170917888
2026-09-16T18:44:47.045551+00:00,pyroscope,pyroscope-alloy-0,97.0,442499072
2026-09-16T18:45:18.345115+00:00,grove-system,grove-operator-bfd47f895-hqvp4,37.0,1149239296
2026-09-16T18:45:18.345115+00:00,kai-scheduler,admission-86666f457d-2g56g,1.0,16777216
2026-09-16T18:45:18.345115+00:00,kai-scheduler,kai-operator-69b5d7bcf7-mvp2x,1.0,114294784
2026-09-16T18:45:18.345115+00:00,kai-scheduler,pod-grouper-65456f756-7lkc9,1.0,11534336
2026-09-16T18:45:18.345115+00:00,kai-scheduler,podgroup-controller-68f9cc8dbf-cdbr7,1.0,13631488
2026-09-16T18:45:18.345115+00:00,kai-scheduler,queue-controller-f86fcd76c-t8wkj,1.0,11534336
2026-09-16T18:45:18.345115+00:00,kube-system,coredns-8db54c48d-4t78n,3.0,53477376
2026-09-16T18:45:18.345115+00:00,kube-system,kwok-controller-5cf8c7c44b-jqjt4,116.0,84934656
2026-09-16T18:45:18.345115+00:00,kube-system,local-path-provisioner-5d9d9885bc-xgwkr,1.0,17825792
2026-09-16T18:45:18.345115+00:00,kube-system,metrics-server-75dc6f8d87-8wltz,52.0,311427072
2026-09-16T18:45:18.345115+00:00,kube-system,svclb-traefik-1111e3f7-l9hjt,0.0,0
2026-09-16T18:45:18.345115+00:00,kube-system,traefik-9bcdbbd9-z65hr,3.0,267386880
2026-09-16T18:45:18.345115+00:00,pyroscope,pyroscope-0,5.0,171966464
2026-09-16T18:45:18.345115+00:00,pyroscope,pyroscope-alloy-0,104.0,442499072
2026-09-16T18:45:49.592387+00:00,grove-system,grove-operator-bfd47f895-hqvp4,18.0,1151336448
2026-09-16T18:45:49.592387+00:00,kai-scheduler,admission-86666f457d-2g56g,1.0,16777216
2026-09-16T18:45:49.592387+00:00,kai-scheduler,kai-operator-69b5d7bcf7-mvp2x,3.0,111149056
2026-09-16T18:45:49.592387+00:00,kai-scheduler,kai-scheduler-default-7d6685f94-rh5xx,169.0,435159040
2026-09-16T18:45:49.592387+00:00,kai-scheduler,pod-grouper-65456f756-7lkc9,1.0,11534336
2026-09-16T18:45:49.592387+00:00,kai-scheduler,podgroup-controller-68f9cc8dbf-cdbr7,1.0,13631488
2026-09-16T18:45:49.592387+00:00,kai-scheduler,queue-controller-f86fcd76c-t8wkj,1.0,11534336
2026-09-16T18:45:49.592387+00:00,kube-system,coredns-8db54c48d-4t78n,4.0,53477376
2026-09-16T18:45:49.592387+00:00,kube-system,kwok-controller-5cf8c7c44b-jqjt4,115.0,83886080
2026-09-16T18:45:49.592387+00:00,kube-system,local-path-provisioner-5d9d9885bc-xgwkr,1.0,17825792
2026-09-16T18:45:49.592387+00:00,kube-system,metrics-server-75dc6f8d87-8wltz,40.0,310378496
2026-09-16T18:45:49.592387+00:00,kube-system,svclb-traefik-1111e3f7-l9hjt,0.0,0
2026-09-16T18:45:49.592387+00:00,kube-system,traefik-9bcdbbd9-z65hr,3.0,266338304
2026-09-16T18:45:49.592387+00:00,pyroscope,pyroscope-0,6.0,171966464
2026-09-16T18:45:49.592387+00:00,pyroscope,pyroscope-alloy-0,108.0,449839104
2026-09-16T18:46:20.840699+00:00,grove-system,grove-operator-bfd47f895-hqvp4,18.0,1153433600
2026-09-16T18:46:20.840699+00:00,kai-scheduler,admission-86666f457d-2g56g,1.0,16777216
2026-09-16T18:46:20.840699+00:00,kai-scheduler,kai-operator-69b5d7bcf7-mvp2x,1.0,101711872
2026-09-16T18:46:20.840699+00:00,kai-scheduler,kai-scheduler-default-7d6685f94-rh5xx,93.0,407896064
2026-09-16T18:46:20.840699+00:00,kai-scheduler,pod-grouper-65456f756-7lkc9,1.0,11534336
2026-09-16T18:46:20.840699+00:00,kai-scheduler,podgroup-controller-68f9cc8dbf-cdbr7,1.0,13631488
2026-09-16T18:46:20.840699+00:00,kai-scheduler,queue-controller-f86fcd76c-t8wkj,1.0,11534336
2026-09-16T18:46:20.840699+00:00,kube-system,coredns-8db54c48d-4t78n,3.0,55574528
2026-09-16T18:46:20.840699+00:00,kube-system,kwok-controller-5cf8c7c44b-jqjt4,116.0,83886080
2026-09-16T18:46:20.840699+00:00,kube-system,local-path-provisioner-5d9d9885bc-xgwkr,1.0,17825792
2026-09-16T18:46:20.840699+00:00,kube-system,metrics-server-75dc6f8d87-8wltz,70.0,301989888
2026-09-16T18:46:20.840699+00:00,kube-system,svclb-traefik-1111e3f7-l9hjt,0.0,0
2026-09-16T18:46:20.840699+00:00,kube-system,traefik-9bcdbbd9-z65hr,3.0,266338304
2026-09-16T18:46:20.840699+00:00,pyroscope,pyroscope-0,5.0,170917888
2026-09-16T18:46:20.840699+00:00,pyroscope,pyroscope-alloy-0,83.0,446693376
2026-09-16T18:46:52.098004+00:00,grove-system,grove-operator-bfd47f895-hqvp4,41.0,1132462080
2026-09-16T18:46:52.098004+00:00,kai-scheduler,admission-86666f457d-2g56g,1.0,16777216
2026-09-16T18:46:52.098004+00:00,kai-scheduler,kai-operator-69b5d7bcf7-mvp2x,3.0,103809024
2026-09-16T18:46:52.098004+00:00,kai-scheduler,kai-scheduler-default-7d6685f94-rh5xx,91.0,397410304
2026-09-16T18:46:52.098004+00:00,kai-scheduler,pod-grouper-65456f756-7lkc9,1.0,11534336
2026-09-16T18:46:52.098004+00:00,kai-scheduler,podgroup-controller-68f9cc8dbf-cdbr7,1.0,13631488
2026-09-16T18:46:52.098004+00:00,kai-scheduler,queue-controller-f86fcd76c-t8wkj,1.0,11534336
2026-09-16T18:46:52.098004+00:00,kube-system,coredns-8db54c48d-4t78n,3.0,54525952
2026-09-16T18:46:52.098004+00:00,kube-system,kwok-controller-5cf8c7c44b-jqjt4,126.0,83886080
2026-09-16T18:46:52.098004+00:00,kube-system,local-path-provisioner-5d9d9885bc-xgwkr,1.0,17825792
2026-09-16T18:46:52.098004+00:00,kube-system,metrics-server-75dc6f8d87-8wltz,37.0,301989888
2026-09-16T18:46:52.098004+00:00,kube-system,svclb-traefik-1111e3f7-l9hjt,0.0,0
2026-09-16T18:46:52.098004+00:00,kube-system,traefik-9bcdbbd9-z65hr,3.0,266338304
2026-09-16T18:46:52.098004+00:00,pyroscope,pyroscope-0,6.0,170917888
2026-09-16T18:46:52.098004+00:00,pyroscope,pyroscope-alloy-0,96.0,450887680
2026-09-16T18:47:23.401817+00:00,grove-system,grove-operator-bfd47f895-hqvp4,61.0,1120927744
2026-09-16T18:47:23.401817+00:00,kai-scheduler,admission-86666f457d-2g56g,1.0,16777216
2026-09-16T18:47:23.401817+00:00,kai-scheduler,kai-operator-69b5d7bcf7-mvp2x,1.0,103809024
2026-09-16T18:47:23.401817+00:00,kai-scheduler,kai-scheduler-default-7d6685f94-rh5xx,94.0,376438784
2026-09-16T18:47:23.401817+00:00,kai-scheduler,pod-grouper-65456f756-7lkc9,1.0,11534336
2026-09-16T18:47:23.401817+00:00,kai-scheduler,podgroup-controller-68f9cc8dbf-cdbr7,1.0,13631488
2026-09-16T18:47:23.401817+00:00,kai-scheduler,queue-controller-f86fcd76c-t8wkj,1.0,11534336
2026-09-16T18:47:23.401817+00:00,kube-system,coredns-8db54c48d-4t78n,3.0,53477376
2026-09-16T18:47:23.401817+00:00,kube-system,kwok-controller-5cf8c7c44b-jqjt4,125.0,83886080
2026-09-16T18:47:23.401817+00:00,kube-system,local-path-provisioner-5d9d9885bc-xgwkr,1.0,17825792
2026-09-16T18:47:23.401817+00:00,kube-system,metrics-server-75dc6f8d87-8wltz,50.0,293601280
2026-09-16T18:47:23.401817+00:00,kube-system,svclb-traefik-1111e3f7-l9hjt,0.0,0
2026-09-16T18:47:23.401817+00:00,kube-system,traefik-9bcdbbd9-z65hr,3.0,267386880
2026-09-16T18:47:23.401817+00:00,pyroscope,pyroscope-0,6.0,171966464
2026-09-16T18:47:23.401817+00:00,pyroscope,pyroscope-alloy-0,90.0,447741952
2026-09-16T18:47:54.660479+00:00,grove-system,grove-operator-bfd47f895-hqvp4,102.0,1121976320
2026-09-16T18:47:54.660479+00:00,kai-scheduler,admission-86666f457d-2g56g,1.0,16777216
2026-09-16T18:47:54.660479+00:00,kai-scheduler,kai-operator-69b5d7bcf7-mvp2x,2.0,104857600
2026-09-16T18:47:54.660479+00:00,kai-scheduler,kai-scheduler-default-7d6685f94-rh5xx,85.0,372244480
2026-09-16T18:47:54.660479+00:00,kai-scheduler,pod-grouper-65456f756-7lkc9,1.0,11534336
2026-09-16T18:47:54.660479+00:00,kai-scheduler,podgroup-controller-68f9cc8dbf-cdbr7,1.0,13631488
2026-09-16T18:47:54.660479+00:00,kai-scheduler,queue-controller-f86fcd76c-t8wkj,1.0,11534336
2026-09-16T18:47:54.660479+00:00,kube-system,coredns-8db54c48d-4t78n,4.0,53477376
2026-09-16T18:47:54.660479+00:00,kube-system,kwok-controller-5cf8c7c44b-jqjt4,120.0,84934656
2026-09-16T18:47:54.660479+00:00,kube-system,local-path-provisioner-5d9d9885bc-xgwkr,1.0,17825792
2026-09-16T18:47:54.660479+00:00,kube-system,metrics-server-75dc6f8d87-8wltz,43.0,295698432
2026-09-16T18:47:54.660479+00:00,kube-system,svclb-traefik-1111e3f7-l9hjt,0.0,0
2026-09-16T18:47:54.660479+00:00,kube-system,traefik-9bcdbbd9-z65hr,3.0,261095424
2026-09-16T18:47:54.660479+00:00,pyroscope,pyroscope-0,9.0,178257920
2026-09-16T18:47:54.660479+00:00,pyroscope,pyroscope-alloy-0,77.0,447741952
2026-09-16T18:48:25.916292+00:00,grove-system,grove-operator-bfd47f895-hqvp4,72.0,1120927744
2026-09-16T18:48:25.916292+00:00,kai-scheduler,admission-86666f457d-2g56g,1.0,16777216
2026-09-16T18:48:25.916292+00:00,kai-scheduler,kai-operator-69b5d7bcf7-mvp2x,3.0,103809024
2026-09-16T18:48:25.916292+00:00,kai-scheduler,kai-scheduler-default-7d6685f94-rh5xx,75.0,374341632
2026-09-16T18:48:25.916292+00:00,kai-scheduler,pod-grouper-65456f756-7lkc9,1.0,11534336
2026-09-16T18:48:25.916292+00:00,kai-scheduler,podgroup-controller-68f9cc8dbf-cdbr7,1.0,13631488
2026-09-16T18:48:25.916292+00:00,kai-scheduler,queue-controller-f86fcd76c-t8wkj,1.0,11534336
2026-09-16T18:48:25.916292+00:00,kube-system,coredns-8db54c48d-4t78n,3.0,54525952
2026-09-16T18:48:25.916292+00:00,kube-system,kwok-controller-5cf8c7c44b-jqjt4,89.0,85983232
2026-09-16T18:48:25.916292+00:00,kube-system,local-path-provisioner-5d9d9885bc-xgwkr,1.0,17825792
2026-09-16T18:48:25.916292+00:00,kube-system,metrics-server-75dc6f8d87-8wltz,30.0,290455552
2026-09-16T18:48:25.916292+00:00,kube-system,svclb-traefik-1111e3f7-l9hjt,0.0,0
2026-09-16T18:48:25.916292+00:00,kube-system,traefik-9bcdbbd9-z65hr,3.0,261095424
2026-09-16T18:48:25.916292+00:00,pyroscope,pyroscope-0,6.0,173015040
2026-09-16T18:48:25.916292+00:00,pyroscope,pyroscope-alloy-0,6.0,452984832
2026-09-16T18:48:57.165915+00:00,grove-system,grove-operator-bfd47f895-hqvp4,46.0,1124073472
2026-09-16T18:48:57.165915+00:00,kai-scheduler,admission-86666f457d-2g56g,1.0,16777216
2026-09-16T18:48:57.165915+00:00,kai-scheduler,kai-operator-69b5d7bcf7-mvp2x,5.0,103809024
2026-09-16T18:48:57.165915+00:00,kai-scheduler,kai-scheduler-default-7d6685f94-rh5xx,75.0,370147328
2026-09-16T18:48:57.165915+00:00,kai-scheduler,pod-grouper-65456f756-7lkc9,1.0,11534336
2026-09-16T18:48:57.165915+00:00,kai-scheduler,podgroup-controller-68f9cc8dbf-cdbr7,1.0,13631488
2026-09-16T18:48:57.165915+00:00,kai-scheduler,queue-controller-f86fcd76c-t8wkj,1.0,11534336
2026-09-16T18:48:57.165915+00:00,kube-system,coredns-8db54c48d-4t78n,4.0,54525952
2026-09-16T18:48:57.165915+00:00,kube-system,kwok-controller-5cf8c7c44b-jqjt4,82.0,85983232
2026-09-16T18:48:57.165915+00:00,kube-system,local-path-provisioner-5d9d9885bc-xgwkr,1.0,17825792
2026-09-16T18:48:57.165915+00:00,kube-system,metrics-server-75dc6f8d87-8wltz,29.0,290455552
2026-09-16T18:48:57.165915+00:00,kube-system,svclb-traefik-1111e3f7-l9hjt,0.0,0
2026-09-16T18:48:57.165915+00:00,kube-system,traefik-9bcdbbd9-z65hr,4.0,262144000
2026-09-16T18:48:57.165915+00:00,pyroscope,pyroscope-0,7.0,173015040
2026-09-16T18:48:57.165915+00:00,pyroscope,pyroscope-alloy-0,7.0,468713472
2026-09-16T18:49:28.423027+00:00,grove-system,grove-operator-bfd47f895-hqvp4,46.0,1128267776
2026-09-16T18:49:28.423027+00:00,kai-scheduler,admission-86666f457d-2g56g,1.0,16777216
2026-09-16T18:49:28.423027+00:00,kai-scheduler,kai-operator-69b5d7bcf7-mvp2x,5.0,104857600
2026-09-16T18:49:28.423027+00:00,kai-scheduler,kai-scheduler-default-7d6685f94-rh5xx,76.0,347078656
2026-09-16T18:49:28.423027+00:00,kai-scheduler,pod-grouper-65456f756-7lkc9,1.0,11534336
2026-09-16T18:49:28.423027+00:00,kai-scheduler,podgroup-controller-68f9cc8dbf-cdbr7,1.0,13631488
2026-09-16T18:49:28.423027+00:00,kai-scheduler,queue-controller-f86fcd76c-t8wkj,1.0,11534336
2026-09-16T18:49:28.423027+00:00,kube-system,coredns-8db54c48d-4t78n,3.0,54525952
2026-09-16T18:49:28.423027+00:00,kube-system,kwok-controller-5cf8c7c44b-jqjt4,78.0,84934656
2026-09-16T18:49:28.423027+00:00,kube-system,local-path-provisioner-5d9d9885bc-xgwkr,1.0,17825792
2026-09-16T18:49:28.423027+00:00,kube-system,metrics-server-75dc6f8d87-8wltz,36.0,293601280
2026-09-16T18:49:28.423027+00:00,kube-system,svclb-traefik-1111e3f7-l9hjt,0.0,0
2026-09-16T18:49:28.423027+00:00,kube-system,traefik-9bcdbbd9-z65hr,3.0,261095424
2026-09-16T18:49:28.423027+00:00,pyroscope,pyroscope-0,6.0,174063616
2026-09-16T18:49:28.423027+00:00,pyroscope,pyroscope-alloy-0,34.0,479199232
2026-09-16T18:49:59.674921+00:00,grove-system,grove-operator-bfd47f895-hqvp4,62.0,1116733440
2026-09-16T18:49:59.674921+00:00,kai-scheduler,admission-86666f457d-2g56g,1.0,16777216
2026-09-16T18:49:59.674921+00:00,kai-scheduler,kai-operator-69b5d7bcf7-mvp2x,3.0,110100480
2026-09-16T18:49:59.674921+00:00,kai-scheduler,kai-scheduler-default-7d6685f94-rh5xx,77.0,379584512
2026-09-16T18:49:59.674921+00:00,kai-scheduler,pod-grouper-65456f756-7lkc9,1.0,11534336
2026-09-16T18:49:59.674921+00:00,kai-scheduler,podgroup-controller-68f9cc8dbf-cdbr7,1.0,13631488
2026-09-16T18:49:59.674921+00:00,kai-scheduler,queue-controller-f86fcd76c-t8wkj,1.0,11534336
2026-09-16T18:49:59.674921+00:00,kube-system,coredns-8db54c48d-4t78n,4.0,54525952
2026-09-16T18:49:59.674921+00:00,kube-system,kwok-controller-5cf8c7c44b-jqjt4,94.0,83886080
2026-09-16T18:49:59.674921+00:00,kube-system,local-path-provisioner-5d9d9885bc-xgwkr,1.0,17825792
2026-09-16T18:49:59.674921+00:00,kube-system,metrics-server-75dc6f8d87-8wltz,32.0,290455552
2026-09-16T18:49:59.674921+00:00,kube-system,svclb-traefik-1111e3f7-l9hjt,0.0,0
2026-09-16T18:49:59.674921+00:00,kube-system,traefik-9bcdbbd9-z65hr,3.0,226492416
2026-09-16T18:49:59.674921+00:00,pyroscope,pyroscope-0,6.0,175112192
2026-09-16T18:49:59.674921+00:00,pyroscope,pyroscope-alloy-0,5.0,480247808
2026-09-16T18:50:30.924405+00:00,grove-system,grove-operator-bfd47f895-hqvp4,105.0,1120927744
2026-09-16T18:50:30.924405+00:00,kai-scheduler,admission-86666f457d-2g56g,1.0,16777216
2026-09-16T18:50:30.924405+00:00,kai-scheduler,kai-operator-69b5d7bcf7-mvp2x,3.0,111149056
2026-09-16T18:50:30.924405+00:00,kai-scheduler,kai-scheduler-default-7d6685f94-rh5xx,68.0,389021696
2026-09-16T18:50:30.924405+00:00,kai-scheduler,pod-grouper-65456f756-7lkc9,1.0,11534336
2026-09-16T18:50:30.924405+00:00,kai-scheduler,podgroup-controller-68f9cc8dbf-cdbr7,1.0,13631488
2026-09-16T18:50:30.924405+00:00,kai-scheduler,queue-controller-f86fcd76c-t8wkj,1.0,11534336
2026-09-16T18:50:30.924405+00:00,kube-system,coredns-8db54c48d-4t78n,3.0,54525952
2026-09-16T18:50:30.924405+00:00,kube-system,kwok-controller-5cf8c7c44b-jqjt4,79.0,84934656
2026-09-16T18:50:30.924405+00:00,kube-system,local-path-provisioner-5d9d9885bc-xgwkr,1.0,17825792
2026-09-16T18:50:30.924405+00:00,kube-system,metrics-server-75dc6f8d87-8wltz,31.0,291504128
2026-09-16T18:50:30.924405+00:00,kube-system,svclb-traefik-1111e3f7-l9hjt,0.0,0
2026-09-16T18:50:30.924405+00:00,kube-system,traefik-9bcdbbd9-z65hr,3.0,196083712
2026-09-16T18:50:30.924405+00:00,pyroscope,pyroscope-0,6.0,180355072
2026-09-16T18:50:30.924405+00:00,pyroscope,pyroscope-alloy-0,8.0,487587840
2026-09-16T18:51:02.185382+00:00,grove-system,grove-operator-bfd47f895-hqvp4,134.0,1113587712
2026-09-16T18:51:02.185382+00:00,kai-scheduler,admission-86666f457d-2g56g,1.0,16777216
2026-09-16T18:51:02.185382+00:00,kai-scheduler,kai-operator-69b5d7bcf7-mvp2x,4.0,112197632
2026-09-16T18:51:02.185382+00:00,kai-scheduler,kai-scheduler-default-7d6685f94-rh5xx,75.0,375390208
2026-09-16T18:51:02.185382+00:00,kai-scheduler,pod-grouper-65456f756-7lkc9,1.0,11534336
2026-09-16T18:51:02.185382+00:00,kai-scheduler,podgroup-controller-68f9cc8dbf-cdbr7,1.0,13631488
2026-09-16T18:51:02.185382+00:00,kai-scheduler,queue-controller-f86fcd76c-t8wkj,1.0,11534336
2026-09-16T18:51:02.185382+00:00,kube-system,coredns-8db54c48d-4t78n,3.0,55574528
2026-09-16T18:51:02.185382+00:00,kube-system,kwok-controller-5cf8c7c44b-jqjt4,84.0,85983232
2026-09-16T18:51:02.185382+00:00,kube-system,local-path-provisioner-5d9d9885bc-xgwkr,1.0,17825792
2026-09-16T18:51:02.185382+00:00,kube-system,metrics-server-75dc6f8d87-8wltz,30.0,289406976
2026-09-16T18:51:02.185382+00:00,kube-system,svclb-traefik-1111e3f7-l9hjt,0.0,0
2026-09-16T18:51:02.185382+00:00,kube-system,traefik-9bcdbbd9-z65hr,3.0,191889408
2026-09-16T18:51:02.185382+00:00,pyroscope,pyroscope-0,6.0,180355072
2026-09-16T18:51:02.185382+00:00,pyroscope,pyroscope-alloy-0,24.0,469762048
2026-09-16T18:51:33.436988+00:00,grove-system,grove-operator-bfd47f895-hqvp4,59.0,1104150528
2026-09-16T18:51:33.436988+00:00,kai-scheduler,admission-86666f457d-2g56g,1.0,16777216
2026-09-16T18:51:33.436988+00:00,kai-scheduler,kai-operator-69b5d7bcf7-mvp2x,3.0,112197632
2026-09-16T18:51:33.436988+00:00,kai-scheduler,kai-scheduler-default-7d6685f94-rh5xx,76.0,369098752
2026-09-16T18:51:33.436988+00:00,kai-scheduler,pod-grouper-65456f756-7lkc9,1.0,11534336
2026-09-16T18:51:33.436988+00:00,kai-scheduler,podgroup-controller-68f9cc8dbf-cdbr7,1.0,13631488
2026-09-16T18:51:33.436988+00:00,kai-scheduler,queue-controller-f86fcd76c-t8wkj,1.0,11534336
2026-09-16T18:51:33.436988+00:00,kube-system,coredns-8db54c48d-4t78n,3.0,54525952
2026-09-16T18:51:33.436988+00:00,kube-system,kwok-controller-5cf8c7c44b-jqjt4,84.0,85983232
2026-09-16T18:51:33.436988+00:00,kube-system,local-path-provisioner-5d9d9885bc-xgwkr,1.0,17825792
2026-09-16T18:51:33.436988+00:00,kube-system,metrics-server-75dc6f8d87-8wltz,28.0,290455552
2026-09-16T18:51:33.436988+00:00,kube-system,svclb-traefik-1111e3f7-l9hjt,0.0,0
2026-09-16T18:51:33.436988+00:00,kube-system,traefik-9bcdbbd9-z65hr,3.0,192937984
2026-09-16T18:51:33.436988+00:00,pyroscope,pyroscope-0,5.0,180355072
2026-09-16T18:51:33.436988+00:00,pyroscope,pyroscope-alloy-0,6.0,476053504
2026-09-16T18:52:04.686176+00:00,grove-system,grove-operator-bfd47f895-hqvp4,37.0,1097859072
2026-09-16T18:52:04.686176+00:00,kai-scheduler,admission-86666f457d-2g56g,1.0,16777216
2026-09-16T18:52:04.686176+00:00,kai-scheduler,kai-operator-69b5d7bcf7-mvp2x,3.0,112197632
2026-09-16T18:52:04.686176+00:00,kai-scheduler,kai-scheduler-default-7d6685f94-rh5xx,71.0,361758720
2026-09-16T18:52:04.686176+00:00,kai-scheduler,pod-grouper-65456f756-7lkc9,1.0,11534336
2026-09-16T18:52:04.686176+00:00,kai-scheduler,podgroup-controller-68f9cc8dbf-cdbr7,1.0,13631488
2026-09-16T18:52:04.686176+00:00,kai-scheduler,queue-controller-f86fcd76c-t8wkj,1.0,11534336
2026-09-16T18:52:04.686176+00:00,kube-system,coredns-8db54c48d-4t78n,4.0,53477376
2026-09-16T18:52:04.686176+00:00,kube-system,kwok-controller-5cf8c7c44b-jqjt4,80.0,83886080
2026-09-16T18:52:04.686176+00:00,kube-system,local-path-provisioner-5d9d9885bc-xgwkr,1.0,17825792
2026-09-16T18:52:04.686176+00:00,kube-system,metrics-server-75dc6f8d87-8wltz,36.0,289406976
2026-09-16T18:52:04.686176+00:00,kube-system,svclb-traefik-1111e3f7-l9hjt,0.0,0
2026-09-16T18:52:04.686176+00:00,kube-system,traefik-9bcdbbd9-z65hr,3.0,192937984
2026-09-16T18:52:04.686176+00:00,pyroscope,pyroscope-0,6.0,181403648
2026-09-16T18:52:04.686176+00:00,pyroscope,pyroscope-alloy-0,6.0,479199232
2026-09-16T18:52:35.933993+00:00,grove-system,grove-operator-bfd47f895-hqvp4,30.0,1056964608
2026-09-16T18:52:35.933993+00:00,kai-scheduler,admission-86666f457d-2g56g,1.0,16777216
2026-09-16T18:52:35.933993+00:00,kai-scheduler,kai-operator-69b5d7bcf7-mvp2x,3.0,112197632
2026-09-16T18:52:35.933993+00:00,kai-scheduler,kai-scheduler-default-7d6685f94-rh5xx,76.0,374341632
2026-09-16T18:52:35.933993+00:00,kai-scheduler,pod-grouper-65456f756-7lkc9,1.0,11534336
2026-09-16T18:52:35.933993+00:00,kai-scheduler,podgroup-controller-68f9cc8dbf-cdbr7,1.0,13631488
2026-09-16T18:52:35.933993+00:00,kai-scheduler,queue-controller-f86fcd76c-t8wkj,1.0,11534336
2026-09-16T18:52:35.933993+00:00,kube-system,coredns-8db54c48d-4t78n,4.0,54525952
2026-09-16T18:52:35.933993+00:00,kube-system,kwok-controller-5cf8c7c44b-jqjt4,90.0,87031808
2026-09-16T18:52:35.933993+00:00,kube-system,local-path-provisioner-5d9d9885bc-xgwkr,1.0,17825792
2026-09-16T18:52:35.933993+00:00,kube-system,metrics-server-75dc6f8d87-8wltz,29.0,292552704
2026-09-16T18:52:35.933993+00:00,kube-system,svclb-traefik-1111e3f7-l9hjt,0.0,0
2026-09-16T18:52:35.933993+00:00,kube-system,traefik-9bcdbbd9-z65hr,4.0,191889408
2026-09-16T18:52:35.933993+00:00,pyroscope,pyroscope-0,5.0,180355072
2026-09-16T18:52:35.933993+00:00,pyroscope,pyroscope-alloy-0,6.0,479199232
2026-09-16T18:53:07.181231+00:00,grove-system,grove-operator-bfd47f895-hqvp4,45.0,984612864
2026-09-16T18:53:07.181231+00:00,kai-scheduler,admission-86666f457d-2g56g,1.0,16777216
2026-09-16T18:53:07.181231+00:00,kai-scheduler,kai-operator-69b5d7bcf7-mvp2x,5.0,105906176
2026-09-16T18:53:07.181231+00:00,kai-scheduler,kai-scheduler-default-7d6685f94-rh5xx,76.0,390070272
2026-09-16T18:53:07.181231+00:00,kai-scheduler,pod-grouper-65456f756-7lkc9,1.0,11534336
2026-09-16T18:53:07.181231+00:00,kai-scheduler,podgroup-controller-68f9cc8dbf-cdbr7,1.0,13631488
2026-09-16T18:53:07.181231+00:00,kai-scheduler,queue-controller-f86fcd76c-t8wkj,1.0,11534336
2026-09-16T18:53:07.181231+00:00,kube-system,coredns-8db54c48d-4t78n,3.0,54525952
2026-09-16T18:53:07.181231+00:00,kube-system,kwok-controller-5cf8c7c44b-jqjt4,87.0,84934656
2026-09-16T18:53:07.181231+00:00,kube-system,local-path-provisioner-5d9d9885bc-xgwkr,1.0,17825792
2026-09-16T18:53:07.181231+00:00,kube-system,metrics-server-75dc6f8d87-8wltz,34.0,289406976
2026-09-16T18:53:07.181231+00:00,kube-system,svclb-traefik-1111e3f7-l9hjt,0.0,0
2026-09-16T18:53:07.181231+00:00,kube-system,traefik-9bcdbbd9-z65hr,3.0,191889408
2026-09-16T18:53:07.181231+00:00,pyroscope,pyroscope-0,5.0,180355072
2026-09-16T18:53:07.181231+00:00,pyroscope,pyroscope-alloy-0,4.0,481296384
2026-09-16T18:53:38.432915+00:00,grove-system,grove-operator-bfd47f895-hqvp4,45.0,950009856
2026-09-16T18:53:38.432915+00:00,kai-scheduler,admission-86666f457d-2g56g,1.0,16777216
2026-09-16T18:53:38.432915+00:00,kai-scheduler,kai-operator-69b5d7bcf7-mvp2x,3.0,105906176
2026-09-16T18:53:38.432915+00:00,kai-scheduler,kai-scheduler-default-7d6685f94-rh5xx,75.0,378535936
2026-09-16T18:53:38.432915+00:00,kai-scheduler,pod-grouper-65456f756-7lkc9,1.0,11534336
2026-09-16T18:53:38.432915+00:00,kai-scheduler,podgroup-controller-68f9cc8dbf-cdbr7,1.0,13631488
2026-09-16T18:53:38.432915+00:00,kai-scheduler,queue-controller-f86fcd76c-t8wkj,1.0,11534336
2026-09-16T18:53:38.432915+00:00,kube-system,coredns-8db54c48d-4t78n,3.0,54525952
2026-09-16T18:53:38.432915+00:00,kube-system,kwok-controller-5cf8c7c44b-jqjt4,86.0,85983232
2026-09-16T18:53:38.432915+00:00,kube-system,local-path-provisioner-5d9d9885bc-xgwkr,1.0,17825792
2026-09-16T18:53:38.432915+00:00,kube-system,metrics-server-75dc6f8d87-8wltz,27.0,290455552
2026-09-16T18:53:38.432915+00:00,kube-system,svclb-traefik-1111e3f7-l9hjt,0.0,0
2026-09-16T18:53:38.432915+00:00,kube-system,traefik-9bcdbbd9-z65hr,8.0,191889408
2026-09-16T18:53:38.432915+00:00,pyroscope,pyroscope-0,5.0,180355072
2026-09-16T18:53:38.432915+00:00,pyroscope,pyroscope-alloy-0,6.0,497025024
2026-09-16T18:54:09.682223+00:00,grove-system,grove-operator-bfd47f895-hqvp4,45.0,907018240
2026-09-16T18:54:09.682223+00:00,kai-scheduler,admission-86666f457d-2g56g,1.0,16777216
2026-09-16T18:54:09.682223+00:00,kai-scheduler,kai-operator-69b5d7bcf7-mvp2x,3.0,105906176
2026-09-16T18:54:09.682223+00:00,kai-scheduler,kai-scheduler-default-7d6685f94-rh5xx,76.0,378535936
2026-09-16T18:54:09.682223+00:00,kai-scheduler,pod-grouper-65456f756-7lkc9,1.0,11534336
2026-09-16T18:54:09.682223+00:00,kai-scheduler,podgroup-controller-68f9cc8dbf-cdbr7,1.0,13631488
2026-09-16T18:54:09.682223+00:00,kai-scheduler,queue-controller-f86fcd76c-t8wkj,1.0,11534336
2026-09-16T18:54:09.682223+00:00,kube-system,coredns-8db54c48d-4t78n,3.0,54525952
2026-09-16T18:54:09.682223+00:00,kube-system,kwok-controller-5cf8c7c44b-jqjt4,74.0,84934656
2026-09-16T18:54:09.682223+00:00,kube-system,local-path-provisioner-5d9d9885bc-xgwkr,1.0,17825792
2026-09-16T18:54:09.682223+00:00,kube-system,metrics-server-75dc6f8d87-8wltz,33.0,289406976
2026-09-16T18:54:09.682223+00:00,kube-system,svclb-traefik-1111e3f7-l9hjt,0.0,0
2026-09-16T18:54:09.682223+00:00,kube-system,traefik-9bcdbbd9-z65hr,3.0,191889408
2026-09-16T18:54:09.682223+00:00,pyroscope,pyroscope-0,5.0,180355072
2026-09-16T18:54:09.682223+00:00,pyroscope,pyroscope-alloy-0,7.0,494927872
2026-09-16T18:54:40.927212+00:00,grove-system,grove-operator-bfd47f895-hqvp4,40.0,878706688
2026-09-16T18:54:40.927212+00:00,kai-scheduler,admission-86666f457d-2g56g,1.0,16777216
2026-09-16T18:54:40.927212+00:00,kai-scheduler,binder-869fc94c7-shvq6,84.0,196083712
2026-09-16T18:54:40.927212+00:00,kai-scheduler,kai-operator-69b5d7bcf7-mvp2x,5.0,106954752
2026-09-16T18:54:40.927212+00:00,kai-scheduler,kai-scheduler-default-7d6685f94-rh5xx,77.0,336592896
2026-09-16T18:54:40.927212+00:00,kai-scheduler,pod-grouper-65456f756-7lkc9,1.0,11534336
2026-09-16T18:54:40.927212+00:00,kai-scheduler,podgroup-controller-68f9cc8dbf-cdbr7,1.0,13631488
2026-09-16T18:54:40.927212+00:00,kai-scheduler,queue-controller-f86fcd76c-t8wkj,1.0,11534336
2026-09-16T18:54:40.927212+00:00,kube-system,coredns-8db54c48d-4t78n,3.0,53477376
2026-09-16T18:54:40.927212+00:00,kube-system,kwok-controller-5cf8c7c44b-jqjt4,81.0,84934656
2026-09-16T18:54:40.927212+00:00,kube-system,local-path-provisioner-5d9d9885bc-xgwkr,1.0,17825792
2026-09-16T18:54:40.927212+00:00,kube-system,metrics-server-75dc6f8d87-8wltz,24.0,290455552
2026-09-16T18:54:40.927212+00:00,kube-system,svclb-traefik-1111e3f7-l9hjt,0.0,0
2026-09-16T18:54:40.927212+00:00,kube-system,traefik-9bcdbbd9-z65hr,3.0,191889408
2026-09-16T18:54:40.927212+00:00,pyroscope,pyroscope-0,5.0,180355072
2026-09-16T18:54:40.927212+00:00,pyroscope,pyroscope-alloy-0,22.0,499122176
2026-09-16T18:55:12.179314+00:00,grove-system,grove-operator-bfd47f895-hqvp4,30.0,859832320
2026-09-16T18:55:12.179314+00:00,kai-scheduler,admission-86666f457d-2g56g,1.0,16777216
2026-09-16T18:55:12.179314+00:00,kai-scheduler,binder-869fc94c7-shvq6,1.0,196083712
2026-09-16T18:55:12.179314+00:00,kai-scheduler,kai-operator-69b5d7bcf7-mvp2x,3.0,106954752
2026-09-16T18:55:12.179314+00:00,kai-scheduler,kai-scheduler-default-7d6685f94-rh5xx,78.0,393216000
2026-09-16T18:55:12.179314+00:00,kai-scheduler,pod-grouper-65456f756-7lkc9,1.0,11534336
2026-09-16T18:55:12.179314+00:00,kai-scheduler,podgroup-controller-68f9cc8dbf-cdbr7,1.0,13631488
2026-09-16T18:55:12.179314+00:00,kai-scheduler,queue-controller-f86fcd76c-t8wkj,1.0,11534336
2026-09-16T18:55:12.179314+00:00,kube-system,coredns-8db54c48d-4t78n,3.0,53477376
2026-09-16T18:55:12.179314+00:00,kube-system,kwok-controller-5cf8c7c44b-jqjt4,94.0,84934656
2026-09-16T18:55:12.179314+00:00,kube-system,local-path-provisioner-5d9d9885bc-xgwkr,1.0,17825792
2026-09-16T18:55:12.179314+00:00,kube-system,metrics-server-75dc6f8d87-8wltz,30.0,291504128
2026-09-16T18:55:12.179314+00:00,kube-system,svclb-traefik-1111e3f7-l9hjt,0.0,0
2026-09-16T18:55:12.179314+00:00,kube-system,traefik-9bcdbbd9-z65hr,5.0,191889408
2026-09-16T18:55:12.179314+00:00,pyroscope,pyroscope-0,5.0,180355072
2026-09-16T18:55:12.179314+00:00,pyroscope,pyroscope-alloy-0,6.0,500170752
2026-09-16T18:55:43.425626+00:00,grove-system,grove-operator-bfd47f895-hqvp4,40.0,829423616
2026-09-16T18:55:43.425626+00:00,kai-scheduler,admission-86666f457d-2g56g,1.0,16777216
2026-09-16T18:55:43.425626+00:00,kai-scheduler,binder-869fc94c7-shvq6,1.0,196083712
2026-09-16T18:55:43.425626+00:00,kai-scheduler,kai-operator-69b5d7bcf7-mvp2x,3.0,108003328
2026-09-16T18:55:43.425626+00:00,kai-scheduler,kai-scheduler-default-7d6685f94-rh5xx,77.0,343932928
2026-09-16T18:55:43.425626+00:00,kai-scheduler,pod-grouper-65456f756-7lkc9,1.0,11534336
2026-09-16T18:55:43.425626+00:00,kai-scheduler,podgroup-controller-68f9cc8dbf-cdbr7,1.0,13631488
2026-09-16T18:55:43.425626+00:00,kai-scheduler,queue-controller-f86fcd76c-t8wkj,1.0,11534336
2026-09-16T18:55:43.425626+00:00,kube-system,coredns-8db54c48d-4t78n,4.0,54525952
2026-09-16T18:55:43.425626+00:00,kube-system,kwok-controller-5cf8c7c44b-jqjt4,84.0,85983232
2026-09-16T18:55:43.425626+00:00,kube-system,local-path-provisioner-5d9d9885bc-xgwkr,1.0,17825792
2026-09-16T18:55:43.425626+00:00,kube-system,metrics-server-75dc6f8d87-8wltz,28.0,291504128
2026-09-16T18:55:43.425626+00:00,kube-system,svclb-traefik-1111e3f7-l9hjt,0.0,0
2026-09-16T18:55:43.425626+00:00,kube-system,traefik-9bcdbbd9-z65hr,3.0,191889408
2026-09-16T18:55:43.425626+00:00,pyroscope,pyroscope-0,5.0,180355072
2026-09-16T18:55:43.425626+00:00,pyroscope,pyroscope-alloy-0,7.0,491782144
2026-09-16T18:56:14.677271+00:00,grove-system,grove-operator-bfd47f895-hqvp4,33.0,803209216
2026-09-16T18:56:14.677271+00:00,kai-scheduler,admission-86666f457d-2g56g,1.0,16777216
2026-09-16T18:56:14.677271+00:00,kai-scheduler,binder-869fc94c7-shvq6,1.0,196083712
2026-09-16T18:56:14.677271+00:00,kai-scheduler,kai-operator-69b5d7bcf7-mvp2x,3.0,108003328
2026-09-16T18:56:14.677271+00:00,kai-scheduler,kai-scheduler-default-7d6685f94-rh5xx,71.0,375390208
2026-09-16T18:56:14.677271+00:00,kai-scheduler,pod-grouper-65456f756-7lkc9,1.0,11534336
2026-09-16T18:56:14.677271+00:00,kai-scheduler,podgroup-controller-68f9cc8dbf-cdbr7,1.0,13631488
2026-09-16T18:56:14.677271+00:00,kai-scheduler,queue-controller-f86fcd76c-t8wkj,1.0,11534336
2026-09-16T18:56:14.677271+00:00,kube-system,coredns-8db54c48d-4t78n,3.0,53477376
2026-09-16T18:56:14.677271+00:00,kube-system,kwok-controller-5cf8c7c44b-jqjt4,84.0,84934656
2026-09-16T18:56:14.677271+00:00,kube-system,local-path-provisioner-5d9d9885bc-xgwkr,1.0,17825792
2026-09-16T18:56:14.677271+00:00,kube-system,metrics-server-75dc6f8d87-8wltz,36.0,291504128
2026-09-16T18:56:14.677271+00:00,kube-system,svclb-traefik-1111e3f7-l9hjt,0.0,0
2026-09-16T18:56:14.677271+00:00,kube-system,traefik-9bcdbbd9-z65hr,3.0,191889408
2026-09-16T18:56:14.677271+00:00,pyroscope,pyroscope-0,5.0,180355072
2026-09-16T18:56:14.677271+00:00,pyroscope,pyroscope-alloy-0,3.0,490733568
2026-09-16T18:56:45.926662+00:00,grove-system,grove-operator-bfd47f895-hqvp4,16.0,766509056
2026-09-16T18:56:45.926662+00:00,kai-scheduler,admission-86666f457d-2g56g,1.0,16777216
2026-09-16T18:56:45.926662+00:00,kai-scheduler,kai-operator-69b5d7bcf7-mvp2x,1.0,106954752
2026-09-16T18:56:45.926662+00:00,kai-scheduler,kai-scheduler-default-7d6685f94-rh5xx,84.0,387973120
2026-09-16T18:56:45.926662+00:00,kai-scheduler,pod-grouper-65456f756-7lkc9,1.0,11534336
2026-09-16T18:56:45.926662+00:00,kai-scheduler,podgroup-controller-68f9cc8dbf-cdbr7,1.0,13631488
2026-09-16T18:56:45.926662+00:00,kai-scheduler,queue-controller-f86fcd76c-t8wkj,1.0,11534336
2026-09-16T18:56:45.926662+00:00,kube-system,coredns-8db54c48d-4t78n,3.0,54525952
2026-09-16T18:56:45.926662+00:00,kube-system,kwok-controller-5cf8c7c44b-jqjt4,313.0,87031808
2026-09-16T18:56:45.926662+00:00,kube-system,local-path-provisioner-5d9d9885bc-xgwkr,1.0,17825792
2026-09-16T18:56:45.926662+00:00,kube-system,metrics-server-75dc6f8d87-8wltz,39.0,291504128
2026-09-16T18:56:45.926662+00:00,kube-system,svclb-traefik-1111e3f7-l9hjt,0.0,0
2026-09-16T18:56:45.926662+00:00,kube-system,traefik-9bcdbbd9-z65hr,3.0,192937984
2026-09-16T18:56:45.926662+00:00,pyroscope,pyroscope-0,6.0,180355072
2026-09-16T18:56:45.926662+00:00,pyroscope,pyroscope-alloy-0,88.0,444596224
2026-09-16T18:57:17.188332+00:00,grove-system,grove-operator-bfd47f895-hqvp4,19.0,749731840
2026-09-16T18:57:17.188332+00:00,kai-scheduler,admission-86666f457d-2g56g,1.0,16777216
2026-09-16T18:57:17.188332+00:00,kai-scheduler,kai-operator-69b5d7bcf7-mvp2x,3.0,105906176
2026-09-16T18:57:17.188332+00:00,kai-scheduler,kai-scheduler-default-7d6685f94-rh5xx,79.0,383778816
2026-09-16T18:57:17.188332+00:00,kai-scheduler,pod-grouper-65456f756-7lkc9,1.0,11534336
2026-09-16T18:57:17.188332+00:00,kai-scheduler,podgroup-controller-68f9cc8dbf-cdbr7,1.0,13631488
2026-09-16T18:57:17.188332+00:00,kai-scheduler,queue-controller-f86fcd76c-t8wkj,1.0,11534336
2026-09-16T18:57:17.188332+00:00,kube-system,coredns-8db54c48d-4t78n,3.0,53477376
2026-09-16T18:57:17.188332+00:00,kube-system,kwok-controller-5cf8c7c44b-jqjt4,116.0,87031808
2026-09-16T18:57:17.188332+00:00,kube-system,local-path-provisioner-5d9d9885bc-xgwkr,1.0,17825792
2026-09-16T18:57:17.188332+00:00,kube-system,metrics-server-75dc6f8d87-8wltz,41.0,291504128
2026-09-16T18:57:17.188332+00:00,kube-system,svclb-traefik-1111e3f7-l9hjt,0.0,0
2026-09-16T18:57:17.188332+00:00,kube-system,traefik-9bcdbbd9-z65hr,3.0,191889408
2026-09-16T18:57:17.188332+00:00,pyroscope,pyroscope-0,5.0,180355072
2026-09-16T18:57:17.188332+00:00,pyroscope,pyroscope-alloy-0,67.0,440401920
2026-09-16T18:57:48.441434+00:00,grove-system,grove-operator-bfd47f895-hqvp4,36.0,738197504
2026-09-16T18:57:48.441434+00:00,kai-scheduler,admission-86666f457d-2g56g,1.0,16777216
2026-09-16T18:57:48.441434+00:00,kai-scheduler,kai-operator-69b5d7bcf7-mvp2x,1.0,105906176
2026-09-16T18:57:48.441434+00:00,kai-scheduler,kai-scheduler-default-7d6685f94-rh5xx,78.0,334495744
2026-09-16T18:57:48.441434+00:00,kai-scheduler,pod-grouper-65456f756-7lkc9,1.0,11534336
2026-09-16T18:57:48.441434+00:00,kai-scheduler,podgroup-controller-68f9cc8dbf-cdbr7,1.0,13631488
2026-09-16T18:57:48.441434+00:00,kai-scheduler,queue-controller-f86fcd76c-t8wkj,1.0,11534336
2026-09-16T18:57:48.441434+00:00,kube-system,coredns-8db54c48d-4t78n,4.0,53477376
2026-09-16T18:57:48.441434+00:00,kube-system,kwok-controller-5cf8c7c44b-jqjt4,116.0,85983232
2026-09-16T18:57:48.441434+00:00,kube-system,local-path-provisioner-5d9d9885bc-xgwkr,1.0,17825792
2026-09-16T18:57:48.441434+00:00,kube-system,metrics-server-75dc6f8d87-8wltz,50.0,291504128
2026-09-16T18:57:48.441434+00:00,kube-system,svclb-traefik-1111e3f7-l9hjt,0.0,0
2026-09-16T18:57:48.441434+00:00,kube-system,traefik-9bcdbbd9-z65hr,7.0,191889408
2026-09-16T18:57:48.441434+00:00,pyroscope,pyroscope-0,6.0,180355072
2026-09-16T18:57:48.441434+00:00,pyroscope,pyroscope-alloy-0,71.0,445644800
2026-09-16T18:58:19.696375+00:00,grove-system,grove-operator-bfd47f895-hqvp4,14.0,749731840
2026-09-16T18:58:19.696375+00:00,kai-scheduler,admission-86666f457d-2g56g,1.0,16777216
2026-09-16T18:58:19.696375+00:00,kai-scheduler,kai-operator-69b5d7bcf7-mvp2x,1.0,105906176
2026-09-16T18:58:19.696375+00:00,kai-scheduler,kai-scheduler-default-7d6685f94-rh5xx,76.0,359661568
2026-09-16T18:58:19.696375+00:00,kai-scheduler,pod-grouper-65456f756-7lkc9,1.0,11534336
2026-09-16T18:58:19.696375+00:00,kai-scheduler,podgroup-controller-68f9cc8dbf-cdbr7,1.0,13631488
2026-09-16T18:58:19.696375+00:00,kai-scheduler,queue-controller-f86fcd76c-t8wkj,1.0,11534336
2026-09-16T18:58:19.696375+00:00,kube-system,coredns-8db54c48d-4t78n,3.0,53477376
2026-09-16T18:58:19.696375+00:00,kube-system,kwok-controller-5cf8c7c44b-jqjt4,116.0,85983232
2026-09-16T18:58:19.696375+00:00,kube-system,local-path-provisioner-5d9d9885bc-xgwkr,1.0,17825792
2026-09-16T18:58:19.696375+00:00,kube-system,metrics-server-75dc6f8d87-8wltz,41.0,283115520
2026-09-16T18:58:19.696375+00:00,kube-system,svclb-traefik-1111e3f7-l9hjt,0.0,0
2026-09-16T18:58:19.696375+00:00,kube-system,traefik-9bcdbbd9-z65hr,3.0,190840832
2026-09-16T18:58:19.696375+00:00,pyroscope,pyroscope-0,6.0,181403648
2026-09-16T18:58:19.696375+00:00,pyroscope,pyroscope-alloy-0,81.0,446693376
2026-09-16T18:58:50.949992+00:00,grove-system,grove-operator-bfd47f895-hqvp4,26.0,750780416
2026-09-16T18:58:50.949992+00:00,kai-scheduler,admission-86666f457d-2g56g,1.0,16777216
2026-09-16T18:58:50.949992+00:00,kai-scheduler,kai-operator-69b5d7bcf7-mvp2x,1.0,105906176
2026-09-16T18:58:50.949992+00:00,kai-scheduler,kai-scheduler-default-7d6685f94-rh5xx,70.0,335544320
2026-09-16T18:58:50.949992+00:00,kai-scheduler,pod-grouper-65456f756-7lkc9,1.0,11534336
2026-09-16T18:58:50.949992+00:00,kai-scheduler,podgroup-controller-68f9cc8dbf-cdbr7,1.0,13631488
2026-09-16T18:58:50.949992+00:00,kai-scheduler,queue-controller-f86fcd76c-t8wkj,1.0,11534336
2026-09-16T18:58:50.949992+00:00,kube-system,coredns-8db54c48d-4t78n,4.0,53477376
2026-09-16T18:58:50.949992+00:00,kube-system,kwok-controller-5cf8c7c44b-jqjt4,117.0,85983232
2026-09-16T18:58:50.949992+00:00,kube-system,local-path-provisioner-5d9d9885bc-xgwkr,1.0,17825792
2026-09-16T18:58:50.949992+00:00,kube-system,metrics-server-75dc6f8d87-8wltz,47.0,284164096
2026-09-16T18:58:50.949992+00:00,kube-system,svclb-traefik-1111e3f7-l9hjt,0.0,0
2026-09-16T18:58:50.949992+00:00,kube-system,traefik-9bcdbbd9-z65hr,4.0,191889408
2026-09-16T18:58:50.949992+00:00,pyroscope,pyroscope-0,6.0,180355072
2026-09-16T18:58:50.949992+00:00,pyroscope,pyroscope-alloy-0,66.0,447741952
2026-09-16T18:59:22.205097+00:00,grove-system,grove-operator-bfd47f895-hqvp4,26.0,756023296
2026-09-16T18:59:22.205097+00:00,kai-scheduler,admission-86666f457d-2g56g,1.0,16777216
2026-09-16T18:59:22.205097+00:00,kai-scheduler,kai-operator-69b5d7bcf7-mvp2x,1.0,103809024
2026-09-16T18:59:22.205097+00:00,kai-scheduler,kai-scheduler-default-7d6685f94-rh5xx,66.0,328204288
2026-09-16T18:59:22.205097+00:00,kai-scheduler,pod-grouper-65456f756-7lkc9,1.0,11534336
2026-09-16T18:59:22.205097+00:00,kai-scheduler,podgroup-controller-68f9cc8dbf-cdbr7,1.0,13631488
2026-09-16T18:59:22.205097+00:00,kai-scheduler,queue-controller-f86fcd76c-t8wkj,1.0,11534336
2026-09-16T18:59:22.205097+00:00,kube-system,coredns-8db54c48d-4t78n,3.0,54525952
2026-09-16T18:59:22.205097+00:00,kube-system,kwok-controller-5cf8c7c44b-jqjt4,115.0,87031808
2026-09-16T18:59:22.205097+00:00,kube-system,local-path-provisioner-5d9d9885bc-xgwkr,1.0,17825792
2026-09-16T18:59:22.205097+00:00,kube-system,metrics-server-75dc6f8d87-8wltz,42.0,285212672
2026-09-16T18:59:22.205097+00:00,kube-system,svclb-traefik-1111e3f7-l9hjt,0.0,0
2026-09-16T18:59:22.205097+00:00,kube-system,traefik-9bcdbbd9-z65hr,3.0,190840832
2026-09-16T18:59:22.205097+00:00,pyroscope,pyroscope-0,5.0,180355072
2026-09-16T18:59:22.205097+00:00,pyroscope,pyroscope-alloy-0,60.0,441450496
2026-09-16T18:59:53.456948+00:00,grove-system,grove-operator-bfd47f895-hqvp4,23.0,753926144
2026-09-16T18:59:53.456948+00:00,kai-scheduler,admission-86666f457d-2g56g,1.0,16777216
2026-09-16T18:59:53.456948+00:00,kai-scheduler,kai-operator-69b5d7bcf7-mvp2x,1.0,103809024
2026-09-16T18:59:53.456948+00:00,kai-scheduler,kai-scheduler-default-7d6685f94-rh5xx,63.0,320864256
2026-09-16T18:59:53.456948+00:00,kai-scheduler,pod-grouper-65456f756-7lkc9,1.0,11534336
2026-09-16T18:59:53.456948+00:00,kai-scheduler,podgroup-controller-68f9cc8dbf-cdbr7,1.0,13631488
2026-09-16T18:59:53.456948+00:00,kai-scheduler,queue-controller-f86fcd76c-t8wkj,1.0,11534336
2026-09-16T18:59:53.456948+00:00,kube-system,coredns-8db54c48d-4t78n,4.0,53477376
2026-09-16T18:59:53.456948+00:00,kube-system,kwok-controller-5cf8c7c44b-jqjt4,112.0,85983232
2026-09-16T18:59:53.456948+00:00,kube-system,local-path-provisioner-5d9d9885bc-xgwkr,1.0,17825792
2026-09-16T18:59:53.456948+00:00,kube-system,metrics-server-75dc6f8d87-8wltz,41.0,282066944
2026-09-16T18:59:53.456948+00:00,kube-system,svclb-traefik-1111e3f7-l9hjt,0.0,0
2026-09-16T18:59:53.456948+00:00,kube-system,traefik-9bcdbbd9-z65hr,3.0,191889408
2026-09-16T18:59:53.456948+00:00,pyroscope,pyroscope-0,6.0,180355072
2026-09-16T18:59:53.456948+00:00,pyroscope,pyroscope-alloy-0,65.0,447741952
2026-09-16T19:00:24.708860+00:00,grove-system,grove-operator-bfd47f895-hqvp4,15.0,756023296
2026-09-16T19:00:24.708860+00:00,kai-scheduler,admission-86666f457d-2g56g,1.0,16777216
2026-09-16T19:00:24.708860+00:00,kai-scheduler,kai-operator-69b5d7bcf7-mvp2x,1.0,103809024
2026-09-16T19:00:24.708860+00:00,kai-scheduler,kai-scheduler-default-7d6685f94-rh5xx,59.0,310378496
2026-09-16T19:00:24.708860+00:00,kai-scheduler,pod-grouper-65456f756-7lkc9,1.0,11534336
2026-09-16T19:00:24.708860+00:00,kai-scheduler,podgroup-controller-68f9cc8dbf-cdbr7,1.0,13631488
2026-09-16T19:00:24.708860+00:00,kai-scheduler,queue-controller-f86fcd76c-t8wkj,1.0,11534336
2026-09-16T19:00:24.708860+00:00,kube-system,coredns-8db54c48d-4t78n,3.0,54525952
2026-09-16T19:00:24.708860+00:00,kube-system,kwok-controller-5cf8c7c44b-jqjt4,119.0,85983232
2026-09-16T19:00:24.708860+00:00,kube-system,local-path-provisioner-5d9d9885bc-xgwkr,1.0,17825792
2026-09-16T19:00:24.708860+00:00,kube-system,metrics-server-75dc6f8d87-8wltz,42.0,283115520
2026-09-16T19:00:24.708860+00:00,kube-system,svclb-traefik-1111e3f7-l9hjt,0.0,0
2026-09-16T19:00:24.708860+00:00,kube-system,traefik-9bcdbbd9-z65hr,4.0,191889408
2026-09-16T19:00:24.708860+00:00,pyroscope,pyroscope-0,6.0,180355072
2026-09-16T19:00:24.708860+00:00,pyroscope,pyroscope-alloy-0,56.0,446693376
2026-09-16T19:00:55.959749+00:00,grove-system,grove-operator-bfd47f895-hqvp4,17.0,752877568
2026-09-16T19:00:55.959749+00:00,kai-scheduler,admission-86666f457d-2g56g,1.0,16777216
2026-09-16T19:00:55.959749+00:00,kai-scheduler,kai-operator-69b5d7bcf7-mvp2x,3.0,103809024
2026-09-16T19:00:55.959749+00:00,kai-scheduler,kai-scheduler-default-7d6685f94-rh5xx,57.0,316669952
2026-09-16T19:00:55.959749+00:00,kai-scheduler,pod-grouper-65456f756-7lkc9,1.0,11534336
2026-09-16T19:00:55.959749+00:00,kai-scheduler,podgroup-controller-68f9cc8dbf-cdbr7,1.0,13631488
2026-09-16T19:00:55.959749+00:00,kai-scheduler,queue-controller-f86fcd76c-t8wkj,1.0,11534336
2026-09-16T19:00:55.959749+00:00,kube-system,coredns-8db54c48d-4t78n,3.0,54525952
2026-09-16T19:00:55.959749+00:00,kube-system,kwok-controller-5cf8c7c44b-jqjt4,122.0,85983232
2026-09-16T19:00:55.959749+00:00,kube-system,local-path-provisioner-5d9d9885bc-xgwkr,1.0,17825792
2026-09-16T19:00:55.959749+00:00,kube-system,metrics-server-75dc6f8d87-8wltz,37.0,275775488
2026-09-16T19:00:55.959749+00:00,kube-system,svclb-traefik-1111e3f7-l9hjt,0.0,0
2026-09-16T19:00:55.959749+00:00,kube-system,traefik-9bcdbbd9-z65hr,3.0,191889408
2026-09-16T19:00:55.959749+00:00,pyroscope,pyroscope-0,5.0,179306496
2026-09-16T19:00:55.959749+00:00,pyroscope,pyroscope-alloy-0,38.0,449839104
2026-09-16T19:01:27.212529+00:00,grove-system,grove-operator-bfd47f895-hqvp4,16.0,753926144
2026-09-16T19:01:27.212529+00:00,kai-scheduler,admission-86666f457d-2g56g,1.0,16777216
2026-09-16T19:01:27.212529+00:00,kai-scheduler,kai-operator-69b5d7bcf7-mvp2x,1.0,103809024
2026-09-16T19:01:27.212529+00:00,kai-scheduler,kai-scheduler-default-7d6685f94-rh5xx,55.0,311427072
2026-09-16T19:01:27.212529+00:00,kai-scheduler,pod-grouper-65456f756-7lkc9,1.0,11534336
2026-09-16T19:01:27.212529+00:00,kai-scheduler,podgroup-controller-68f9cc8dbf-cdbr7,1.0,13631488
2026-09-16T19:01:27.212529+00:00,kai-scheduler,queue-controller-f86fcd76c-t8wkj,1.0,11534336
2026-09-16T19:01:27.212529+00:00,kube-system,coredns-8db54c48d-4t78n,3.0,54525952
2026-09-16T19:01:27.212529+00:00,kube-system,kwok-controller-5cf8c7c44b-jqjt4,109.0,83886080
2026-09-16T19:01:27.212529+00:00,kube-system,local-path-provisioner-5d9d9885bc-xgwkr,1.0,17825792
2026-09-16T19:01:27.212529+00:00,kube-system,metrics-server-75dc6f8d87-8wltz,49.0,272629760
2026-09-16T19:01:27.212529+00:00,kube-system,svclb-traefik-1111e3f7-l9hjt,0.0,0
2026-09-16T19:01:27.212529+00:00,kube-system,traefik-9bcdbbd9-z65hr,3.0,191889408
2026-09-16T19:01:27.212529+00:00,pyroscope,pyroscope-0,5.0,180355072
2026-09-16T19:01:27.212529+00:00,pyroscope,pyroscope-alloy-0,46.0,445644800
2026-09-16T19:01:58.463710+00:00,grove-system,grove-operator-bfd47f895-hqvp4,17.0,752877568
2026-09-16T19:01:58.463710+00:00,kai-scheduler,admission-86666f457d-2g56g,1.0,16777216
2026-09-16T19:01:58.463710+00:00,kai-scheduler,binder-869fc94c7-shvq6,58.0,115343360
2026-09-16T19:01:58.463710+00:00,kai-scheduler,kai-operator-69b5d7bcf7-mvp2x,1.0,103809024
2026-09-16T19:01:58.463710+00:00,kai-scheduler,kai-scheduler-default-7d6685f94-rh5xx,50.0,303038464
2026-09-16T19:01:58.463710+00:00,kai-scheduler,pod-grouper-65456f756-7lkc9,1.0,11534336
2026-09-16T19:01:58.463710+00:00,kai-scheduler,podgroup-controller-68f9cc8dbf-cdbr7,1.0,13631488
2026-09-16T19:01:58.463710+00:00,kai-scheduler,queue-controller-f86fcd76c-t8wkj,1.0,11534336
2026-09-16T19:01:58.463710+00:00,kube-system,coredns-8db54c48d-4t78n,4.0,53477376
2026-09-16T19:01:58.463710+00:00,kube-system,kwok-controller-5cf8c7c44b-jqjt4,115.0,85983232
2026-09-16T19:01:58.463710+00:00,kube-system,local-path-provisioner-5d9d9885bc-xgwkr,1.0,17825792
2026-09-16T19:01:58.463710+00:00,kube-system,metrics-server-75dc6f8d87-8wltz,39.0,272629760
2026-09-16T19:01:58.463710+00:00,kube-system,svclb-traefik-1111e3f7-l9hjt,0.0,0
2026-09-16T19:01:58.463710+00:00,kube-system,traefik-9bcdbbd9-z65hr,3.0,191889408
2026-09-16T19:01:58.463710+00:00,pyroscope,pyroscope-0,5.0,179306496
2026-09-16T19:01:58.463710+00:00,pyroscope,pyroscope-alloy-0,68.0,446693376
2026-09-16T19:02:29.709871+00:00,grove-system,grove-operator-bfd47f895-hqvp4,17.0,753926144
2026-09-16T19:02:29.709871+00:00,kai-scheduler,admission-86666f457d-2g56g,1.0,17825792
2026-09-16T19:02:29.709871+00:00,kai-scheduler,binder-869fc94c7-shvq6,19.0,120586240
2026-09-16T19:02:29.709871+00:00,kai-scheduler,kai-operator-69b5d7bcf7-mvp2x,1.0,104857600
2026-09-16T19:02:29.709871+00:00,kai-scheduler,kai-scheduler-default-7d6685f94-rh5xx,44.0,298844160
2026-09-16T19:02:29.709871+00:00,kai-scheduler,pod-grouper-65456f756-7lkc9,1.0,11534336
2026-09-16T19:02:29.709871+00:00,kai-scheduler,podgroup-controller-68f9cc8dbf-cdbr7,1.0,13631488
2026-09-16T19:02:29.709871+00:00,kai-scheduler,queue-controller-f86fcd76c-t8wkj,1.0,11534336
2026-09-16T19:02:29.709871+00:00,kube-system,coredns-8db54c48d-4t78n,3.0,54525952
2026-09-16T19:02:29.709871+00:00,kube-system,kwok-controller-5cf8c7c44b-jqjt4,113.0,85983232
2026-09-16T19:02:29.709871+00:00,kube-system,local-path-provisioner-5d9d9885bc-xgwkr,1.0,17825792
2026-09-16T19:02:29.709871+00:00,kube-system,metrics-server-75dc6f8d87-8wltz,36.0,239075328
2026-09-16T19:02:29.709871+00:00,kube-system,svclb-traefik-1111e3f7-l9hjt,0.0,0
2026-09-16T19:02:29.709871+00:00,kube-system,traefik-9bcdbbd9-z65hr,3.0,190840832
2026-09-16T19:02:29.709871+00:00,pyroscope,pyroscope-0,6.0,183500800
2026-09-16T19:02:29.709871+00:00,pyroscope,pyroscope-alloy-0,37.0,447741952
2026-09-16T19:03:00.959385+00:00,grove-system,grove-operator-bfd47f895-hqvp4,23.0,754974720
2026-09-16T19:03:00.959385+00:00,kai-scheduler,admission-86666f457d-2g56g,1.0,16777216
2026-09-16T19:03:00.959385+00:00,kai-scheduler,binder-869fc94c7-shvq6,19.0,119537664
2026-09-16T19:03:00.959385+00:00,kai-scheduler,kai-operator-69b5d7bcf7-mvp2x,3.0,103809024
2026-09-16T19:03:00.959385+00:00,kai-scheduler,kai-scheduler-default-7d6685f94-rh5xx,45.0,298844160
2026-09-16T19:03:00.959385+00:00,kai-scheduler,pod-grouper-65456f756-7lkc9,1.0,11534336
2026-09-16T19:03:00.959385+00:00,kai-scheduler,podgroup-controller-68f9cc8dbf-cdbr7,1.0,13631488
2026-09-16T19:03:00.959385+00:00,kai-scheduler,queue-controller-f86fcd76c-t8wkj,1.0,11534336
2026-09-16T19:03:00.959385+00:00,kube-system,coredns-8db54c48d-4t78n,3.0,54525952
2026-09-16T19:03:00.959385+00:00,kube-system,kwok-controller-5cf8c7c44b-jqjt4,108.0,84934656
2026-09-16T19:03:00.959385+00:00,kube-system,local-path-provisioner-5d9d9885bc-xgwkr,1.0,17825792
2026-09-16T19:03:00.959385+00:00,kube-system,metrics-server-75dc6f8d87-8wltz,49.0,241172480
2026-09-16T19:03:00.959385+00:00,kube-system,svclb-traefik-1111e3f7-l9hjt,0.0,0
2026-09-16T19:03:00.959385+00:00,kube-system,traefik-9bcdbbd9-z65hr,3.0,191889408
2026-09-16T19:03:00.959385+00:00,pyroscope,pyroscope-0,6.0,184549376
2026-09-16T19:03:00.959385+00:00,pyroscope,pyroscope-alloy-0,35.0,441450496
2026-09-16T19:03:32.221095+00:00,grove-system,grove-operator-bfd47f895-hqvp4,24.0,751828992
2026-09-16T19:03:32.221095+00:00,kai-scheduler,admission-86666f457d-2g56g,1.0,17825792
2026-09-16T19:03:32.221095+00:00,kai-scheduler,binder-869fc94c7-shvq6,18.0,120586240
2026-09-16T19:03:32.221095+00:00,kai-scheduler,kai-operator-69b5d7bcf7-mvp2x,1.0,103809024
2026-09-16T19:03:32.221095+00:00,kai-scheduler,kai-scheduler-default-7d6685f94-rh5xx,41.0,292552704
2026-09-16T19:03:32.221095+00:00,kai-scheduler,pod-grouper-65456f756-7lkc9,1.0,11534336
2026-09-16T19:03:32.221095+00:00,kai-scheduler,podgroup-controller-68f9cc8dbf-cdbr7,1.0,13631488
2026-09-16T19:03:32.221095+00:00,kai-scheduler,queue-controller-f86fcd76c-t8wkj,1.0,11534336
2026-09-16T19:03:32.221095+00:00,kube-system,coredns-8db54c48d-4t78n,3.0,53477376
2026-09-16T19:03:32.221095+00:00,kube-system,kwok-controller-5cf8c7c44b-jqjt4,113.0,84934656
2026-09-16T19:03:32.221095+00:00,kube-system,local-path-provisioner-5d9d9885bc-xgwkr,1.0,17825792
2026-09-16T19:03:32.221095+00:00,kube-system,metrics-server-75dc6f8d87-8wltz,36.0,245366784
2026-09-16T19:03:32.221095+00:00,kube-system,svclb-traefik-1111e3f7-l9hjt,0.0,0
2026-09-16T19:03:32.221095+00:00,kube-system,traefik-9bcdbbd9-z65hr,3.0,191889408
2026-09-16T19:03:32.221095+00:00,pyroscope,pyroscope-0,6.0,184549376
2026-09-16T19:03:32.221095+00:00,pyroscope,pyroscope-alloy-0,43.0,444596224
2026-09-16T19:04:03.473931+00:00,grove-system,grove-operator-bfd47f895-hqvp4,22.0,754974720
2026-09-16T19:04:03.473931+00:00,kai-scheduler,admission-86666f457d-2g56g,1.0,16777216
2026-09-16T19:04:03.473931+00:00,kai-scheduler,binder-869fc94c7-shvq6,18.0,121634816
2026-09-16T19:04:03.473931+00:00,kai-scheduler,kai-operator-69b5d7bcf7-mvp2x,1.0,103809024
2026-09-16T19:04:03.473931+00:00,kai-scheduler,kai-scheduler-default-7d6685f94-rh5xx,35.0,287309824
2026-09-16T19:04:03.473931+00:00,kai-scheduler,pod-grouper-65456f756-7lkc9,1.0,11534336
2026-09-16T19:04:03.473931+00:00,kai-scheduler,podgroup-controller-68f9cc8dbf-cdbr7,1.0,13631488
2026-09-16T19:04:03.473931+00:00,kai-scheduler,queue-controller-f86fcd76c-t8wkj,1.0,11534336
2026-09-16T19:04:03.473931+00:00,kube-system,coredns-8db54c48d-4t78n,3.0,53477376
2026-09-16T19:04:03.473931+00:00,kube-system,kwok-controller-5cf8c7c44b-jqjt4,110.0,83886080
2026-09-16T19:04:03.473931+00:00,kube-system,local-path-provisioner-5d9d9885bc-xgwkr,1.0,17825792
2026-09-16T19:04:03.473931+00:00,kube-system,metrics-server-75dc6f8d87-8wltz,56.0,247463936
2026-09-16T19:04:03.473931+00:00,kube-system,svclb-traefik-1111e3f7-l9hjt,0.0,0
2026-09-16T19:04:03.473931+00:00,kube-system,traefik-9bcdbbd9-z65hr,3.0,191889408
2026-09-16T19:04:03.473931+00:00,pyroscope,pyroscope-0,6.0,185597952
2026-09-16T19:04:03.473931+00:00,pyroscope,pyroscope-alloy-0,33.0,434110464
2026-09-16T19:04:34.724032+00:00,grove-system,grove-operator-bfd47f895-hqvp4,23.0,752877568
2026-09-16T19:04:34.724032+00:00,kai-scheduler,admission-86666f457d-2g56g,1.0,16777216
2026-09-16T19:04:34.724032+00:00,kai-scheduler,binder-869fc94c7-shvq6,20.0,120586240
2026-09-16T19:04:34.724032+00:00,kai-scheduler,kai-operator-69b5d7bcf7-mvp2x,1.0,103809024
2026-09-16T19:04:34.724032+00:00,kai-scheduler,kai-scheduler-default-7d6685f94-rh5xx,35.0,295698432
2026-09-16T19:04:34.724032+00:00,kai-scheduler,pod-grouper-65456f756-7lkc9,1.0,11534336
2026-09-16T19:04:34.724032+00:00,kai-scheduler,podgroup-controller-68f9cc8dbf-cdbr7,1.0,13631488
2026-09-16T19:04:34.724032+00:00,kai-scheduler,queue-controller-f86fcd76c-t8wkj,1.0,11534336
2026-09-16T19:04:34.724032+00:00,kube-system,coredns-8db54c48d-4t78n,3.0,53477376
2026-09-16T19:04:34.724032+00:00,kube-system,kwok-controller-5cf8c7c44b-jqjt4,128.0,84934656
2026-09-16T19:04:34.724032+00:00,kube-system,local-path-provisioner-5d9d9885bc-xgwkr,1.0,17825792
2026-09-16T19:04:34.724032+00:00,kube-system,metrics-server-75dc6f8d87-8wltz,41.0,244318208
2026-09-16T19:04:34.724032+00:00,kube-system,svclb-traefik-1111e3f7-l9hjt,0.0,0
2026-09-16T19:04:34.724032+00:00,kube-system,traefik-9bcdbbd9-z65hr,3.0,191889408
2026-09-16T19:04:34.724032+00:00,pyroscope,pyroscope-0,5.0,184549376
2026-09-16T19:04:34.724032+00:00,pyroscope,pyroscope-alloy-0,30.0,425721856
2026-09-16T19:05:05.977299+00:00,grove-system,grove-operator-bfd47f895-hqvp4,21.0,753926144
2026-09-16T19:05:05.977299+00:00,kai-scheduler,admission-86666f457d-2g56g,1.0,16777216
2026-09-16T19:05:05.977299+00:00,kai-scheduler,binder-869fc94c7-shvq6,17.0,120586240
2026-09-16T19:05:05.977299+00:00,kai-scheduler,kai-operator-69b5d7bcf7-mvp2x,1.0,103809024
2026-09-16T19:05:05.977299+00:00,kai-scheduler,kai-scheduler-default-7d6685f94-rh5xx,26.0,284164096
2026-09-16T19:05:05.977299+00:00,kai-scheduler,pod-grouper-65456f756-7lkc9,1.0,11534336
2026-09-16T19:05:05.977299+00:00,kai-scheduler,podgroup-controller-68f9cc8dbf-cdbr7,1.0,13631488
2026-09-16T19:05:05.977299+00:00,kai-scheduler,queue-controller-f86fcd76c-t8wkj,1.0,11534336
2026-09-16T19:05:05.977299+00:00,kube-system,coredns-8db54c48d-4t78n,3.0,54525952
2026-09-16T19:05:05.977299+00:00,kube-system,kwok-controller-5cf8c7c44b-jqjt4,111.0,84934656
2026-09-16T19:05:05.977299+00:00,kube-system,local-path-provisioner-5d9d9885bc-xgwkr,1.0,17825792
2026-09-16T19:05:05.977299+00:00,kube-system,metrics-server-75dc6f8d87-8wltz,40.0,246415360
2026-09-16T19:05:05.977299+00:00,kube-system,svclb-traefik-1111e3f7-l9hjt,0.0,0
2026-09-16T19:05:05.977299+00:00,kube-system,traefik-9bcdbbd9-z65hr,5.0,191889408
2026-09-16T19:05:05.977299+00:00,pyroscope,pyroscope-0,6.0,184549376
2026-09-16T19:05:05.977299+00:00,pyroscope,pyroscope-alloy-0,26.0,424673280
2026-09-16T19:05:37.226543+00:00,grove-system,grove-operator-bfd47f895-hqvp4,22.0,751828992
2026-09-16T19:05:37.226543+00:00,kai-scheduler,admission-86666f457d-2g56g,1.0,16777216
2026-09-16T19:05:37.226543+00:00,kai-scheduler,binder-869fc94c7-shvq6,17.0,119537664
2026-09-16T19:05:37.226543+00:00,kai-scheduler,kai-operator-69b5d7bcf7-mvp2x,1.0,104857600
2026-09-16T19:05:37.226543+00:00,kai-scheduler,kai-scheduler-default-7d6685f94-rh5xx,23.0,285212672
2026-09-16T19:05:37.226543+00:00,kai-scheduler,pod-grouper-65456f756-7lkc9,1.0,11534336
2026-09-16T19:05:37.226543+00:00,kai-scheduler,podgroup-controller-68f9cc8dbf-cdbr7,1.0,13631488
2026-09-16T19:05:37.226543+00:00,kai-scheduler,queue-controller-f86fcd76c-t8wkj,1.0,11534336
2026-09-16T19:05:37.226543+00:00,kube-system,coredns-8db54c48d-4t78n,3.0,54525952
2026-09-16T19:05:37.226543+00:00,kube-system,kwok-controller-5cf8c7c44b-jqjt4,105.0,85983232
2026-09-16T19:05:37.226543+00:00,kube-system,local-path-provisioner-5d9d9885bc-xgwkr,1.0,17825792
2026-09-16T19:05:37.226543+00:00,kube-system,metrics-server-75dc6f8d87-8wltz,46.0,246415360
2026-09-16T19:05:37.226543+00:00,kube-system,svclb-traefik-1111e3f7-l9hjt,0.0,0
2026-09-16T19:05:37.226543+00:00,kube-system,traefik-9bcdbbd9-z65hr,3.0,190840832
2026-09-16T19:05:37.226543+00:00,pyroscope,pyroscope-0,6.0,187695104
2026-09-16T19:05:37.226543+00:00,pyroscope,pyroscope-alloy-0,19.0,420478976
2026-09-16T19:06:08.503118+00:00,grove-system,grove-operator-bfd47f895-hqvp4,4.0,751828992
2026-09-16T19:06:08.503118+00:00,kai-scheduler,admission-86666f457d-2g56g,1.0,16777216
2026-09-16T19:06:08.503118+00:00,kai-scheduler,binder-869fc94c7-shvq6,34.0,124780544
2026-09-16T19:06:08.503118+00:00,kai-scheduler,kai-operator-69b5d7bcf7-mvp2x,35.0,112197632
2026-09-16T19:06:08.503118+00:00,kai-scheduler,kai-scheduler-default-7d6685f94-rh5xx,38.0,285212672
2026-09-16T19:06:08.503118+00:00,kai-scheduler,pod-grouper-65456f756-7lkc9,1.0,11534336
2026-09-16T19:06:08.503118+00:00,kai-scheduler,podgroup-controller-68f9cc8dbf-cdbr7,1.0,13631488
2026-09-16T19:06:08.503118+00:00,kai-scheduler,queue-controller-f86fcd76c-t8wkj,1.0,11534336
2026-09-16T19:06:08.503118+00:00,kube-system,coredns-8db54c48d-4t78n,2.0,53477376
2026-09-16T19:06:08.503118+00:00,kube-system,kwok-controller-5cf8c7c44b-jqjt4,111.0,84934656
2026-09-16T19:06:08.503118+00:00,kube-system,local-path-provisioner-5d9d9885bc-xgwkr,1.0,17825792
2026-09-16T19:06:08.503118+00:00,kube-system,metrics-server-75dc6f8d87-8wltz,52.0,246415360
2026-09-16T19:06:08.503118+00:00,kube-system,svclb-traefik-1111e3f7-l9hjt,0.0,0
2026-09-16T19:06:08.503118+00:00,kube-system,traefik-9bcdbbd9-z65hr,50.0,203423744
2026-09-16T19:06:08.503118+00:00,pyroscope,pyroscope-0,6.0,193986560
2026-09-16T19:06:08.503118+00:00,pyroscope,pyroscope-alloy-0,6.0,413138944
2026-09-16T19:06:39.755638+00:00,grove-system,grove-operator-bfd47f895-hqvp4,9.0,750780416
2026-09-16T19:06:39.755638+00:00,kai-scheduler,admission-86666f457d-2g56g,1.0,16777216
2026-09-16T19:06:39.755638+00:00,kai-scheduler,binder-869fc94c7-shvq6,33.0,124780544
2026-09-16T19:06:39.755638+00:00,kai-scheduler,kai-operator-69b5d7bcf7-mvp2x,37.0,112197632
2026-09-16T19:06:39.755638+00:00,kai-scheduler,kai-scheduler-default-7d6685f94-rh5xx,40.0,285212672
2026-09-16T19:06:39.755638+00:00,kai-scheduler,pod-grouper-65456f756-7lkc9,1.0,11534336
2026-09-16T19:06:39.755638+00:00,kai-scheduler,podgroup-controller-68f9cc8dbf-cdbr7,1.0,13631488
2026-09-16T19:06:39.755638+00:00,kai-scheduler,queue-controller-f86fcd76c-t8wkj,1.0,11534336
2026-09-16T19:06:39.755638+00:00,kube-system,coredns-8db54c48d-4t78n,2.0,53477376
2026-09-16T19:06:39.755638+00:00,kube-system,kwok-controller-5cf8c7c44b-jqjt4,113.0,84934656
2026-09-16T19:06:39.755638+00:00,kube-system,local-path-provisioner-5d9d9885bc-xgwkr,1.0,17825792
2026-09-16T19:06:39.755638+00:00,kube-system,metrics-server-75dc6f8d87-8wltz,45.0,246415360
2026-09-16T19:06:39.755638+00:00,kube-system,svclb-traefik-1111e3f7-l9hjt,0.0,0
2026-09-16T19:06:39.755638+00:00,kube-system,traefik-9bcdbbd9-z65hr,50.0,205520896
2026-09-16T19:06:39.755638+00:00,pyroscope,pyroscope-0,5.0,192937984
2026-09-16T19:06:39.755638+00:00,pyroscope,pyroscope-alloy-0,9.0,412090368
2026-09-16T19:07:11.006852+00:00,grove-system,grove-operator-bfd47f895-hqvp4,228.0,823132160
2026-09-16T19:07:11.006852+00:00,kai-scheduler,admission-86666f457d-2g56g,1.0,16777216
2026-09-16T19:07:11.006852+00:00,kai-scheduler,binder-869fc94c7-shvq6,10.0,123731968
2026-09-16T19:07:11.006852+00:00,kai-scheduler,kai-operator-69b5d7bcf7-mvp2x,49.0,116391936
2026-09-16T19:07:11.006852+00:00,kai-scheduler,kai-scheduler-default-7d6685f94-rh5xx,23.0,287309824
2026-09-16T19:07:11.006852+00:00,kai-scheduler,pod-grouper-65456f756-7lkc9,1.0,11534336
2026-09-16T19:07:11.006852+00:00,kai-scheduler,podgroup-controller-68f9cc8dbf-cdbr7,1.0,13631488
2026-09-16T19:07:11.006852+00:00,kai-scheduler,queue-controller-f86fcd76c-t8wkj,1.0,11534336
2026-09-16T19:07:11.006852+00:00,kube-system,coredns-8db54c48d-4t78n,38.0,56623104
2026-09-16T19:07:11.006852+00:00,kube-system,kwok-controller-5cf8c7c44b-jqjt4,92.0,85983232
2026-09-16T19:07:11.006852+00:00,kube-system,local-path-provisioner-5d9d9885bc-xgwkr,1.0,17825792
2026-09-16T19:07:11.006852+00:00,kube-system,metrics-server-75dc6f8d87-8wltz,55.0,248512512
2026-09-16T19:07:11.006852+00:00,kube-system,svclb-traefik-1111e3f7-l9hjt,0.0,0
2026-09-16T19:07:11.006852+00:00,kube-system,traefik-9bcdbbd9-z65hr,81.0,216006656
2026-09-16T19:07:11.006852+00:00,pyroscope,pyroscope-0,6.0,186646528
2026-09-16T19:07:11.006852+00:00,pyroscope,pyroscope-alloy-0,6.0,414187520
2026-09-16T19:07:42.258620+00:00,grove-system,grove-operator-bfd47f895-hqvp4,175.0,797966336
2026-09-16T19:07:42.258620+00:00,kai-scheduler,admission-86666f457d-2g56g,1.0,16777216
2026-09-16T19:07:42.258620+00:00,kai-scheduler,binder-869fc94c7-shvq6,10.0,123731968
2026-09-16T19:07:42.258620+00:00,kai-scheduler,kai-operator-69b5d7bcf7-mvp2x,49.0,118489088
2026-09-16T19:07:42.258620+00:00,kai-scheduler,kai-scheduler-default-7d6685f94-rh5xx,22.0,283115520
2026-09-16T19:07:42.258620+00:00,kai-scheduler,pod-grouper-65456f756-7lkc9,1.0,11534336
2026-09-16T19:07:42.258620+00:00,kai-scheduler,podgroup-controller-68f9cc8dbf-cdbr7,1.0,13631488
2026-09-16T19:07:42.258620+00:00,kai-scheduler,queue-controller-f86fcd76c-t8wkj,1.0,11534336
2026-09-16T19:07:42.258620+00:00,kube-system,coredns-8db54c48d-4t78n,37.0,57671680
2026-09-16T19:07:42.258620+00:00,kube-system,kwok-controller-5cf8c7c44b-jqjt4,90.0,83886080
2026-09-16T19:07:42.258620+00:00,kube-system,local-path-provisioner-5d9d9885bc-xgwkr,1.0,17825792
2026-09-16T19:07:42.258620+00:00,kube-system,metrics-server-75dc6f8d87-8wltz,34.0,249561088
2026-09-16T19:07:42.258620+00:00,kube-system,svclb-traefik-1111e3f7-l9hjt,0.0,0
2026-09-16T19:07:42.258620+00:00,kube-system,traefik-9bcdbbd9-z65hr,58.0,240123904
2026-09-16T19:07:42.258620+00:00,pyroscope,pyroscope-0,6.0,186646528
2026-09-16T19:07:42.258620+00:00,pyroscope,pyroscope-alloy-0,7.0,413138944
2026-09-16T19:08:13.521486+00:00,grove-system,grove-operator-bfd47f895-hqvp4,408.0,936378368
2026-09-16T19:08:13.521486+00:00,kai-scheduler,admission-86666f457d-2g56g,1.0,16777216
2026-09-16T19:08:13.521486+00:00,kai-scheduler,binder-869fc94c7-shvq6,2.0,121634816
2026-09-16T19:08:13.521486+00:00,kai-scheduler,kai-operator-69b5d7bcf7-mvp2x,10.0,116391936
2026-09-16T19:08:13.521486+00:00,kai-scheduler,kai-scheduler-default-7d6685f94-rh5xx,15.0,281018368
2026-09-16T19:08:13.521486+00:00,kai-scheduler,pod-grouper-65456f756-7lkc9,1.0,11534336
2026-09-16T19:08:13.521486+00:00,kai-scheduler,podgroup-controller-68f9cc8dbf-cdbr7,1.0,13631488
2026-09-16T19:08:13.521486+00:00,kai-scheduler,queue-controller-f86fcd76c-t8wkj,1.0,11534336
2026-09-16T19:08:13.521486+00:00,kube-system,coredns-8db54c48d-4t78n,8.0,57671680
2026-09-16T19:08:13.521486+00:00,kube-system,kwok-controller-5cf8c7c44b-jqjt4,80.0,84934656
2026-09-16T19:08:13.521486+00:00,kube-system,local-path-provisioner-5d9d9885bc-xgwkr,1.0,17825792
2026-09-16T19:08:13.521486+00:00,kube-system,metrics-server-75dc6f8d87-8wltz,26.0,247463936
2026-09-16T19:08:13.521486+00:00,kube-system,svclb-traefik-1111e3f7-l9hjt,0.0,0
2026-09-16T19:08:13.521486+00:00,kube-system,traefik-9bcdbbd9-z65hr,11.0,240123904
2026-09-16T19:08:13.521486+00:00,pyroscope,pyroscope-0,7.0,188743680
2026-09-16T19:08:13.521486+00:00,pyroscope,pyroscope-alloy-0,11.0,417333248
2026-09-16T19:08:44.776166+00:00,grove-system,grove-operator-bfd47f895-hqvp4,419.0,924844032
2026-09-16T19:08:44.776166+00:00,kai-scheduler,admission-86666f457d-2g56g,1.0,16777216
2026-09-16T19:08:44.776166+00:00,kai-scheduler,binder-869fc94c7-shvq6,15.0,133169152
2026-09-16T19:08:44.776166+00:00,kai-scheduler,kai-operator-69b5d7bcf7-mvp2x,1.0,116391936
2026-09-16T19:08:44.776166+00:00,kai-scheduler,kai-scheduler-default-7d6685f94-rh5xx,19.0,289406976
2026-09-16T19:08:44.776166+00:00,kai-scheduler,pod-grouper-65456f756-7lkc9,1.0,11534336
2026-09-16T19:08:44.776166+00:00,kai-scheduler,podgroup-controller-68f9cc8dbf-cdbr7,1.0,13631488
2026-09-16T19:08:44.776166+00:00,kai-scheduler,queue-controller-f86fcd76c-t8wkj,1.0,11534336
2026-09-16T19:08:44.776166+00:00,kube-system,coredns-8db54c48d-4t78n,8.0,57671680
2026-09-16T19:08:44.776166+00:00,kube-system,kwok-controller-5cf8c7c44b-jqjt4,91.0,84934656
2026-09-16T19:08:44.776166+00:00,kube-system,local-path-provisioner-5d9d9885bc-xgwkr,1.0,17825792
2026-09-16T19:08:44.776166+00:00,kube-system,metrics-server-75dc6f8d87-8wltz,37.0,248512512
2026-09-16T19:08:44.776166+00:00,kube-system,svclb-traefik-1111e3f7-l9hjt,0.0,0
2026-09-16T19:08:44.776166+00:00,kube-system,traefik-9bcdbbd9-z65hr,11.0,241172480
2026-09-16T19:08:44.776166+00:00,pyroscope,pyroscope-0,7.0,191889408
2026-09-16T19:08:44.776166+00:00,pyroscope,pyroscope-alloy-0,11.0,416284672
2026-09-16T19:09:16.031416+00:00,grove-system,grove-operator-bfd47f895-hqvp4,471.0,932184064
2026-09-16T19:09:16.031416+00:00,kai-scheduler,admission-86666f457d-2g56g,1.0,16777216
2026-09-16T19:09:16.031416+00:00,kai-scheduler,binder-869fc94c7-shvq6,53.0,165675008
2026-09-16T19:09:16.031416+00:00,kai-scheduler,kai-operator-69b5d7bcf7-mvp2x,1.0,116391936
2026-09-16T19:09:16.031416+00:00,kai-scheduler,kai-scheduler-default-7d6685f94-rh5xx,61.0,317718528
2026-09-16T19:09:16.031416+00:00,kai-scheduler,pod-grouper-65456f756-7lkc9,1.0,11534336
2026-09-16T19:09:16.031416+00:00,kai-scheduler,podgroup-controller-68f9cc8dbf-cdbr7,1.0,13631488
2026-09-16T19:09:16.031416+00:00,kai-scheduler,queue-controller-f86fcd76c-t8wkj,1.0,11534336
2026-09-16T19:09:16.031416+00:00,kube-system,coredns-8db54c48d-4t78n,8.0,57671680
2026-09-16T19:09:16.031416+00:00,kube-system,kwok-controller-5cf8c7c44b-jqjt4,114.0,84934656
2026-09-16T19:09:16.031416+00:00,kube-system,local-path-provisioner-5d9d9885bc-xgwkr,1.0,17825792
2026-09-16T19:09:16.031416+00:00,kube-system,metrics-server-75dc6f8d87-8wltz,36.0,247463936
2026-09-16T19:09:16.031416+00:00,kube-system,svclb-traefik-1111e3f7-l9hjt,0.0,0
2026-09-16T19:09:16.031416+00:00,kube-system,traefik-9bcdbbd9-z65hr,12.0,247463936
2026-09-16T19:09:16.031416+00:00,pyroscope,pyroscope-0,7.0,193986560
2026-09-16T19:09:16.031416+00:00,pyroscope,pyroscope-alloy-0,42.0,423624704
2026-09-16T19:09:47.380906+00:00,grove-system,grove-operator-bfd47f895-hqvp4,575.0,965738496
2026-09-16T19:09:47.380906+00:00,kai-scheduler,admission-86666f457d-2g56g,1.0,16777216
2026-09-16T19:09:47.380906+00:00,kai-scheduler,binder-869fc94c7-shvq6,58.0,155189248
2026-09-16T19:09:47.380906+00:00,kai-scheduler,kai-operator-69b5d7bcf7-mvp2x,3.0,116391936
2026-09-16T19:09:47.380906+00:00,kai-scheduler,kai-scheduler-default-7d6685f94-rh5xx,61.0,294649856
2026-09-16T19:09:47.380906+00:00,kai-scheduler,pod-grouper-65456f756-7lkc9,1.0,11534336
2026-09-16T19:09:47.380906+00:00,kai-scheduler,podgroup-controller-68f9cc8dbf-cdbr7,1.0,13631488
2026-09-16T19:09:47.380906+00:00,kai-scheduler,queue-controller-f86fcd76c-t8wkj,1.0,11534336
2026-09-16T19:09:47.380906+00:00,kube-system,coredns-8db54c48d-4t78n,8.0,58720256
2026-09-16T19:09:47.380906+00:00,kube-system,kwok-controller-5cf8c7c44b-jqjt4,123.0,87031808
2026-09-16T19:09:47.380906+00:00,kube-system,local-path-provisioner-5d9d9885bc-xgwkr,1.0,17825792
2026-09-16T19:09:47.380906+00:00,kube-system,metrics-server-75dc6f8d87-8wltz,38.0,247463936
2026-09-16T19:09:47.380906+00:00,kube-system,svclb-traefik-1111e3f7-l9hjt,0.0,0
2026-09-16T19:09:47.380906+00:00,kube-system,traefik-9bcdbbd9-z65hr,12.0,248512512
2026-09-16T19:09:47.380906+00:00,pyroscope,pyroscope-0,9.0,197132288
2026-09-16T19:09:47.380906+00:00,pyroscope,pyroscope-alloy-0,40.0,438304768
2026-09-16T19:10:18.658778+00:00,grove-system,grove-operator-bfd47f895-hqvp4,678.0,1046478848
2026-09-16T19:10:18.658778+00:00,kai-scheduler,admission-86666f457d-2g56g,1.0,16777216
2026-09-16T19:10:18.658778+00:00,kai-scheduler,kai-operator-69b5d7bcf7-mvp2x,4.0,116391936
2026-09-16T19:10:18.658778+00:00,kai-scheduler,kai-scheduler-default-7d6685f94-rh5xx,92.0,378535936
2026-09-16T19:10:18.658778+00:00,kai-scheduler,pod-grouper-65456f756-7lkc9,1.0,11534336
2026-09-16T19:10:18.658778+00:00,kai-scheduler,podgroup-controller-68f9cc8dbf-cdbr7,1.0,13631488
2026-09-16T19:10:18.658778+00:00,kai-scheduler,queue-controller-f86fcd76c-t8wkj,1.0,11534336
2026-09-16T19:10:18.658778+00:00,kube-system,coredns-8db54c48d-4t78n,8.0,60817408
2026-09-16T19:10:18.658778+00:00,kube-system,kwok-controller-5cf8c7c44b-jqjt4,130.0,84934656
2026-09-16T19:10:18.658778+00:00,kube-system,local-path-provisioner-5d9d9885bc-xgwkr,1.0,17825792
2026-09-16T19:10:18.658778+00:00,kube-system,metrics-server-75dc6f8d87-8wltz,40.0,249561088
2026-09-16T19:10:18.658778+00:00,kube-system,svclb-traefik-1111e3f7-l9hjt,0.0,0
2026-09-16T19:10:18.658778+00:00,kube-system,traefik-9bcdbbd9-z65hr,12.0,249561088
2026-09-16T19:10:18.658778+00:00,pyroscope,pyroscope-0,6.0,197132288
2026-09-16T19:10:18.658778+00:00,pyroscope,pyroscope-alloy-0,50.0,477102080
2026-09-16T19:10:49.926244+00:00,grove-system,grove-operator-bfd47f895-hqvp4,755.0,1081081856
2026-09-16T19:10:49.926244+00:00,kai-scheduler,admission-86666f457d-2g56g,1.0,16777216
2026-09-16T19:10:49.926244+00:00,kai-scheduler,kai-operator-69b5d7bcf7-mvp2x,1.0,116391936
2026-09-16T19:10:49.926244+00:00,kai-scheduler,kai-scheduler-default-7d6685f94-rh5xx,89.0,433061888
2026-09-16T19:10:49.926244+00:00,kai-scheduler,pod-grouper-65456f756-7lkc9,1.0,11534336
2026-09-16T19:10:49.926244+00:00,kai-scheduler,podgroup-controller-68f9cc8dbf-cdbr7,1.0,13631488
2026-09-16T19:10:49.926244+00:00,kai-scheduler,queue-controller-f86fcd76c-t8wkj,1.0,11534336
2026-09-16T19:10:49.926244+00:00,kube-system,coredns-8db54c48d-4t78n,9.0,59768832
2026-09-16T19:10:49.926244+00:00,kube-system,kwok-controller-5cf8c7c44b-jqjt4,99.0,85983232
2026-09-16T19:10:49.926244+00:00,kube-system,local-path-provisioner-5d9d9885bc-xgwkr,1.0,17825792
2026-09-16T19:10:49.926244+00:00,kube-system,metrics-server-75dc6f8d87-8wltz,37.0,249561088
2026-09-16T19:10:49.926244+00:00,kube-system,svclb-traefik-1111e3f7-l9hjt,0.0,0
2026-09-16T19:10:49.926244+00:00,kube-system,traefik-9bcdbbd9-z65hr,12.0,249561088
2026-09-16T19:10:49.926244+00:00,pyroscope,pyroscope-0,8.0,193986560
2026-09-16T19:10:49.926244+00:00,pyroscope,pyroscope-alloy-0,43.0,521142272
2026-09-16T19:11:21.318547+00:00,grove-system,grove-operator-bfd47f895-hqvp4,881.0,1123024896
2026-09-16T19:11:21.318547+00:00,kai-scheduler,admission-86666f457d-2g56g,1.0,16777216
2026-09-16T19:11:21.318547+00:00,kai-scheduler,kai-operator-69b5d7bcf7-mvp2x,1.0,116391936
2026-09-16T19:11:21.318547+00:00,kai-scheduler,pod-grouper-65456f756-7lkc9,1.0,11534336
2026-09-16T19:11:21.318547+00:00,kai-scheduler,podgroup-controller-68f9cc8dbf-cdbr7,1.0,13631488
2026-09-16T19:11:21.318547+00:00,kai-scheduler,queue-controller-f86fcd76c-t8wkj,1.0,11534336
2026-09-16T19:11:21.318547+00:00,kube-system,coredns-8db54c48d-4t78n,4.0,60817408
2026-09-16T19:11:21.318547+00:00,kube-system,kwok-controller-5cf8c7c44b-jqjt4,284.0,85983232
2026-09-16T19:11:21.318547+00:00,kube-system,local-path-provisioner-5d9d9885bc-xgwkr,1.0,17825792
2026-09-16T19:11:21.318547+00:00,kube-system,metrics-server-75dc6f8d87-8wltz,70.0,251658240
2026-09-16T19:11:21.318547+00:00,kube-system,svclb-traefik-1111e3f7-l9hjt,0.0,0
2026-09-16T19:11:21.318547+00:00,kube-system,traefik-9bcdbbd9-z65hr,16.0,252706816
2026-09-16T19:11:21.318547+00:00,pyroscope,pyroscope-0,25.0,359661568
2026-09-16T19:11:21.318547+00:00,pyroscope,pyroscope-alloy-0,89.0,538968064
2026-09-16T19:11:52.603234+00:00,grove-system,grove-operator-bfd47f895-hqvp4,1023.0,1127219200
2026-09-16T19:11:52.603234+00:00,kai-scheduler,admission-86666f457d-2g56g,1.0,16777216
2026-09-16T19:11:52.603234+00:00,kai-scheduler,kai-operator-69b5d7bcf7-mvp2x,1.0,116391936
2026-09-16T19:11:52.603234+00:00,kai-scheduler,pod-grouper-65456f756-7lkc9,1.0,11534336
2026-09-16T19:11:52.603234+00:00,kai-scheduler,podgroup-controller-68f9cc8dbf-cdbr7,1.0,13631488
2026-09-16T19:11:52.603234+00:00,kai-scheduler,queue-controller-f86fcd76c-t8wkj,1.0,11534336
2026-09-16T19:11:52.603234+00:00,kube-system,coredns-8db54c48d-4t78n,9.0,60817408
2026-09-16T19:11:52.603234+00:00,kube-system,kwok-controller-5cf8c7c44b-jqjt4,295.0,85983232
2026-09-16T19:11:52.603234+00:00,kube-system,local-path-provisioner-5d9d9885bc-xgwkr,1.0,17825792
2026-09-16T19:11:52.603234+00:00,kube-system,metrics-server-75dc6f8d87-8wltz,67.0,255852544
2026-09-16T19:11:52.603234+00:00,kube-system,svclb-traefik-1111e3f7-l9hjt,0.0,0
2026-09-16T19:11:52.603234+00:00,kube-system,traefik-9bcdbbd9-z65hr,13.0,252706816
2026-09-16T19:11:52.603234+00:00,pyroscope,pyroscope-0,11.0,155189248
2026-09-16T19:11:52.603234+00:00,pyroscope,pyroscope-alloy-0,150.0,599785472
2026-09-16T19:12:23.887297+00:00,grove-system,grove-operator-bfd47f895-hqvp4,1086.0,1131413504
2026-09-16T19:12:23.887297+00:00,kai-scheduler,admission-86666f457d-2g56g,1.0,16777216
2026-09-16T19:12:23.887297+00:00,kai-scheduler,kai-operator-69b5d7bcf7-mvp2x,7.0,131072000
2026-09-16T19:12:23.887297+00:00,kai-scheduler,pod-grouper-65456f756-7lkc9,1.0,11534336
2026-09-16T19:12:23.887297+00:00,kai-scheduler,podgroup-controller-68f9cc8dbf-cdbr7,1.0,13631488
2026-09-16T19:12:23.887297+00:00,kai-scheduler,queue-controller-f86fcd76c-t8wkj,1.0,11534336
2026-09-16T19:12:23.887297+00:00,kube-system,coredns-8db54c48d-4t78n,9.0,60817408
2026-09-16T19:12:23.887297+00:00,kube-system,kwok-controller-5cf8c7c44b-jqjt4,296.0,88080384
2026-09-16T19:12:23.887297+00:00,kube-system,local-path-provisioner-5d9d9885bc-xgwkr,1.0,17825792
2026-09-16T19:12:23.887297+00:00,kube-system,metrics-server-75dc6f8d87-8wltz,74.0,260046848
2026-09-16T19:12:23.887297+00:00,kube-system,svclb-traefik-1111e3f7-l9hjt,0.0,0
2026-09-16T19:12:23.887297+00:00,kube-system,traefik-9bcdbbd9-z65hr,13.0,253755392
2026-09-16T19:12:23.887297+00:00,pyroscope,pyroscope-0,8.0,149946368
2026-09-16T19:12:23.887297+00:00,pyroscope,pyroscope-alloy-0,176.0,628097024
2026-09-16T19:12:55.176879+00:00,grove-system,grove-operator-bfd47f895-hqvp4,835.0,1119879168
2026-09-16T19:12:55.176879+00:00,kai-scheduler,admission-86666f457d-2g56g,1.0,17825792
2026-09-16T19:12:55.176879+00:00,kai-scheduler,kai-operator-69b5d7bcf7-mvp2x,4.0,131072000
2026-09-16T19:12:55.176879+00:00,kai-scheduler,pod-grouper-65456f756-7lkc9,1.0,11534336
2026-09-16T19:12:55.176879+00:00,kai-scheduler,podgroup-controller-68f9cc8dbf-cdbr7,1.0,13631488
2026-09-16T19:12:55.176879+00:00,kai-scheduler,queue-controller-f86fcd76c-t8wkj,1.0,11534336
2026-09-16T19:12:55.176879+00:00,kube-system,coredns-8db54c48d-4t78n,9.0,60817408
2026-09-16T19:12:55.176879+00:00,kube-system,kwok-controller-5cf8c7c44b-jqjt4,302.0,90177536
2026-09-16T19:12:55.176879+00:00,kube-system,local-path-provisioner-5d9d9885bc-xgwkr,1.0,17825792
2026-09-16T19:12:55.176879+00:00,kube-system,metrics-server-75dc6f8d87-8wltz,74.0,270532608
2026-09-16T19:12:55.176879+00:00,kube-system,svclb-traefik-1111e3f7-l9hjt,0.0,0
2026-09-16T19:12:55.176879+00:00,kube-system,traefik-9bcdbbd9-z65hr,12.0,258998272
2026-09-16T19:12:55.176879+00:00,pyroscope,pyroscope-0,8.0,156237824
2026-09-16T19:12:55.176879+00:00,pyroscope,pyroscope-alloy-0,161.0,646971392
2026-09-16T19:13:26.455700+00:00,grove-system,grove-operator-bfd47f895-hqvp4,701.0,1117782016
2026-09-16T19:13:26.455700+00:00,kai-scheduler,admission-86666f457d-2g56g,1.0,16777216
2026-09-16T19:13:26.455700+00:00,kai-scheduler,binder-869fc94c7-shvq6,100.0,208666624
2026-09-16T19:13:26.455700+00:00,kai-scheduler,kai-operator-69b5d7bcf7-mvp2x,8.0,132120576
2026-09-16T19:13:26.455700+00:00,kai-scheduler,pod-grouper-65456f756-7lkc9,1.0,11534336
2026-09-16T19:13:26.455700+00:00,kai-scheduler,podgroup-controller-68f9cc8dbf-cdbr7,1.0,13631488
2026-09-16T19:13:26.455700+00:00,kai-scheduler,queue-controller-f86fcd76c-t8wkj,1.0,11534336
2026-09-16T19:13:26.455700+00:00,kube-system,coredns-8db54c48d-4t78n,9.0,60817408
2026-09-16T19:13:26.455700+00:00,kube-system,kwok-controller-5cf8c7c44b-jqjt4,297.0,91226112
2026-09-16T19:13:26.455700+00:00,kube-system,local-path-provisioner-5d9d9885bc-xgwkr,1.0,17825792
2026-09-16T19:13:26.455700+00:00,kube-system,metrics-server-75dc6f8d87-8wltz,61.0,270532608
2026-09-16T19:13:26.455700+00:00,kube-system,svclb-traefik-1111e3f7-l9hjt,0.0,0
2026-09-16T19:13:26.455700+00:00,kube-system,traefik-9bcdbbd9-z65hr,18.0,263192576
2026-09-16T19:13:26.455700+00:00,pyroscope,pyroscope-0,8.0,155189248
2026-09-16T19:13:26.455700+00:00,pyroscope,pyroscope-alloy-0,151.0,675282944
2026-09-16T19:13:57.715710+00:00,grove-system,grove-operator-bfd47f895-hqvp4,676.0,1099956224
2026-09-16T19:13:57.715710+00:00,kai-scheduler,admission-86666f457d-2g56g,1.0,16777216
2026-09-16T19:13:57.715710+00:00,kai-scheduler,kai-operator-69b5d7bcf7-mvp2x,3.0,132120576
2026-09-16T19:13:57.715710+00:00,kai-scheduler,pod-grouper-65456f756-7lkc9,1.0,11534336
2026-09-16T19:13:57.715710+00:00,kai-scheduler,podgroup-controller-68f9cc8dbf-cdbr7,1.0,13631488
2026-09-16T19:13:57.715710+00:00,kai-scheduler,queue-controller-f86fcd76c-t8wkj,1.0,11534336
2026-09-16T19:13:57.715710+00:00,kube-system,coredns-8db54c48d-4t78n,9.0,61865984
2026-09-16T19:13:57.715710+00:00,kube-system,kwok-controller-5cf8c7c44b-jqjt4,294.0,92274688
2026-09-16T19:13:57.715710+00:00,kube-system,local-path-provisioner-5d9d9885bc-xgwkr,1.0,17825792
2026-09-16T19:13:57.715710+00:00,kube-system,metrics-server-75dc6f8d87-8wltz,62.0,271581184
2026-09-16T19:13:57.715710+00:00,kube-system,svclb-traefik-1111e3f7-l9hjt,0.0,0
2026-09-16T19:13:57.715710+00:00,kube-system,traefik-9bcdbbd9-z65hr,12.0,263192576
2026-09-16T19:13:57.715710+00:00,pyroscope,pyroscope-0,8.0,155189248
2026-09-16T19:13:57.715710+00:00,pyroscope,pyroscope-alloy-0,175.0,688914432
2026-09-16T19:14:28.963551+00:00,grove-system,grove-operator-bfd47f895-hqvp4,830.0,1178599424
2026-09-16T19:14:28.963551+00:00,kai-scheduler,admission-86666f457d-2g56g,1.0,16777216
2026-09-16T19:14:28.963551+00:00,kai-scheduler,kai-operator-69b5d7bcf7-mvp2x,3.0,132120576
2026-09-16T19:14:28.963551+00:00,kai-scheduler,pod-grouper-65456f756-7lkc9,1.0,11534336
2026-09-16T19:14:28.963551+00:00,kai-scheduler,podgroup-controller-68f9cc8dbf-cdbr7,1.0,13631488
2026-09-16T19:14:28.963551+00:00,kai-scheduler,queue-controller-f86fcd76c-t8wkj,1.0,11534336
2026-09-16T19:14:28.963551+00:00,kube-system,coredns-8db54c48d-4t78n,8.0,63963136
2026-09-16T19:14:28.963551+00:00,kube-system,kwok-controller-5cf8c7c44b-jqjt4,157.0,92274688
2026-09-16T19:14:28.963551+00:00,kube-system,local-path-provisioner-5d9d9885bc-xgwkr,1.0,17825792
2026-09-16T19:14:28.963551+00:00,kube-system,metrics-server-75dc6f8d87-8wltz,44.0,271581184
2026-09-16T19:14:28.963551+00:00,kube-system,svclb-traefik-1111e3f7-l9hjt,0.0,0
2026-09-16T19:14:28.963551+00:00,kube-system,traefik-9bcdbbd9-z65hr,12.0,264241152
2026-09-16T19:14:28.963551+00:00,pyroscope,pyroscope-0,18.0,169869312
2026-09-16T19:14:28.963551+00:00,pyroscope,pyroscope-alloy-0,181.0,704643072
2026-09-16T19:15:00.298563+00:00,grove-system,grove-operator-bfd47f895-hqvp4,630.0,1177550848
2026-09-16T19:15:00.298563+00:00,kai-scheduler,admission-86666f457d-2g56g,1.0,16777216
2026-09-16T19:15:00.298563+00:00,kai-scheduler,kai-operator-69b5d7bcf7-mvp2x,6.0,132120576
2026-09-16T19:15:00.298563+00:00,kai-scheduler,pod-grouper-65456f756-7lkc9,1.0,11534336
2026-09-16T19:15:00.298563+00:00,kai-scheduler,podgroup-controller-68f9cc8dbf-cdbr7,1.0,13631488
2026-09-16T19:15:00.298563+00:00,kai-scheduler,queue-controller-f86fcd76c-t8wkj,1.0,11534336
2026-09-16T19:15:00.298563+00:00,kube-system,coredns-8db54c48d-4t78n,9.0,62914560
2026-09-16T19:15:00.298563+00:00,kube-system,kwok-controller-5cf8c7c44b-jqjt4,95.0,93323264
2026-09-16T19:15:00.298563+00:00,kube-system,local-path-provisioner-5d9d9885bc-xgwkr,1.0,17825792
2026-09-16T19:15:00.298563+00:00,kube-system,metrics-server-75dc6f8d87-8wltz,31.0,271581184
2026-09-16T19:15:00.298563+00:00,kube-system,svclb-traefik-1111e3f7-l9hjt,0.0,0
2026-09-16T19:15:00.298563+00:00,kube-system,traefik-9bcdbbd9-z65hr,12.0,263192576
2026-09-16T19:15:00.298563+00:00,pyroscope,pyroscope-0,8.0,174063616
2026-09-16T19:15:00.298563+00:00,pyroscope,pyroscope-alloy-0,6.0,703594496
2026-09-16T19:15:31.556363+00:00,grove-system,grove-operator-bfd47f895-hqvp4,154.0,1123024896
2026-09-16T19:15:31.556363+00:00,kai-scheduler,admission-86666f457d-2g56g,1.0,16777216
2026-09-16T19:15:31.556363+00:00,kai-scheduler,kai-operator-69b5d7bcf7-mvp2x,10.0,133169152
2026-09-16T19:15:31.556363+00:00,kai-scheduler,pod-grouper-65456f756-7lkc9,1.0,11534336
2026-09-16T19:15:31.556363+00:00,kai-scheduler,podgroup-controller-68f9cc8dbf-cdbr7,1.0,13631488
2026-09-16T19:15:31.556363+00:00,kai-scheduler,queue-controller-f86fcd76c-t8wkj,1.0,11534336
2026-09-16T19:15:31.556363+00:00,kube-system,coredns-8db54c48d-4t78n,10.0,65011712
2026-09-16T19:15:31.556363+00:00,kube-system,kwok-controller-5cf8c7c44b-jqjt4,89.0,92274688
2026-09-16T19:15:31.556363+00:00,kube-system,local-path-provisioner-5d9d9885bc-xgwkr,1.0,17825792
2026-09-16T19:15:31.556363+00:00,kube-system,metrics-server-75dc6f8d87-8wltz,30.0,271581184
2026-09-16T19:15:31.556363+00:00,kube-system,svclb-traefik-1111e3f7-l9hjt,0.0,0
2026-09-16T19:15:31.556363+00:00,kube-system,traefik-9bcdbbd9-z65hr,21.0,269484032
2026-09-16T19:15:31.556363+00:00,pyroscope,pyroscope-0,7.0,167772160
2026-09-16T19:15:31.556363+00:00,pyroscope,pyroscope-alloy-0,66.0,714080256
2026-09-16T19:16:02.808455+00:00,grove-system,grove-operator-bfd47f895-hqvp4,62.0,1112539136
2026-09-16T19:16:02.808455+00:00,kai-scheduler,admission-86666f457d-2g56g,1.0,16777216
2026-09-16T19:16:02.808455+00:00,kai-scheduler,kai-operator-69b5d7bcf7-mvp2x,3.0,133169152
2026-09-16T19:16:02.808455+00:00,kai-scheduler,pod-grouper-65456f756-7lkc9,1.0,11534336
2026-09-16T19:16:02.808455+00:00,kai-scheduler,podgroup-controller-68f9cc8dbf-cdbr7,1.0,13631488
2026-09-16T19:16:02.808455+00:00,kai-scheduler,queue-controller-f86fcd76c-t8wkj,1.0,11534336
2026-09-16T19:16:02.808455+00:00,kube-system,coredns-8db54c48d-4t78n,9.0,63963136
2026-09-16T19:16:02.808455+00:00,kube-system,kwok-controller-5cf8c7c44b-jqjt4,82.0,93323264
2026-09-16T19:16:02.808455+00:00,kube-system,local-path-provisioner-5d9d9885bc-xgwkr,1.0,17825792
2026-09-16T19:16:02.808455+00:00,kube-system,metrics-server-75dc6f8d87-8wltz,26.0,271581184
2026-09-16T19:16:02.808455+00:00,kube-system,svclb-traefik-1111e3f7-l9hjt,0.0,0
2026-09-16T19:16:02.808455+00:00,kube-system,traefik-9bcdbbd9-z65hr,13.0,270532608
2026-09-16T19:16:02.808455+00:00,pyroscope,pyroscope-0,6.0,160432128
2026-09-16T19:16:02.808455+00:00,pyroscope,pyroscope-alloy-0,6.0,714080256
2026-09-16T19:16:34.058019+00:00,grove-system,grove-operator-bfd47f895-hqvp4,116.0,1124073472
2026-09-16T19:16:34.058019+00:00,kai-scheduler,admission-86666f457d-2g56g,1.0,16777216
2026-09-16T19:16:34.058019+00:00,kai-scheduler,kai-operator-69b5d7bcf7-mvp2x,5.0,132120576
2026-09-16T19:16:34.058019+00:00,kai-scheduler,pod-grouper-65456f756-7lkc9,1.0,11534336
2026-09-16T19:16:34.058019+00:00,kai-scheduler,podgroup-controller-68f9cc8dbf-cdbr7,1.0,13631488
2026-09-16T19:16:34.058019+00:00,kai-scheduler,queue-controller-f86fcd76c-t8wkj,1.0,11534336
2026-09-16T19:16:34.058019+00:00,kube-system,coredns-8db54c48d-4t78n,9.0,65011712
2026-09-16T19:16:34.058019+00:00,kube-system,kwok-controller-5cf8c7c44b-jqjt4,95.0,93323264
2026-09-16T19:16:34.058019+00:00,kube-system,local-path-provisioner-5d9d9885bc-xgwkr,1.0,17825792
2026-09-16T19:16:34.058019+00:00,kube-system,metrics-server-75dc6f8d87-8wltz,40.0,271581184
2026-09-16T19:16:34.058019+00:00,kube-system,svclb-traefik-1111e3f7-l9hjt,0.0,0
2026-09-16T19:16:34.058019+00:00,kube-system,traefik-9bcdbbd9-z65hr,12.0,270532608
2026-09-16T19:16:34.058019+00:00,pyroscope,pyroscope-0,6.0,162529280
2026-09-16T19:16:34.058019+00:00,pyroscope,pyroscope-alloy-0,132.0,714080256
2026-09-16T19:17:05.314015+00:00,grove-system,grove-operator-bfd47f895-hqvp4,137.0,1123024896
2026-09-16T19:17:05.314015+00:00,kai-scheduler,admission-86666f457d-2g56g,1.0,16777216
2026-09-16T19:17:05.314015+00:00,kai-scheduler,kai-operator-69b5d7bcf7-mvp2x,7.0,133169152
2026-09-16T19:17:05.314015+00:00,kai-scheduler,pod-grouper-65456f756-7lkc9,1.0,11534336
2026-09-16T19:17:05.314015+00:00,kai-scheduler,podgroup-controller-68f9cc8dbf-cdbr7,1.0,13631488
2026-09-16T19:17:05.314015+00:00,kai-scheduler,queue-controller-f86fcd76c-t8wkj,1.0,11534336
2026-09-16T19:17:05.314015+00:00,kube-system,coredns-8db54c48d-4t78n,9.0,65011712
2026-09-16T19:17:05.314015+00:00,kube-system,kwok-controller-5cf8c7c44b-jqjt4,88.0,93323264
2026-09-16T19:17:05.314015+00:00,kube-system,local-path-provisioner-5d9d9885bc-xgwkr,1.0,17825792
2026-09-16T19:17:05.314015+00:00,kube-system,metrics-server-75dc6f8d87-8wltz,30.0,271581184
2026-09-16T19:17:05.314015+00:00,kube-system,svclb-traefik-1111e3f7-l9hjt,0.0,0
2026-09-16T19:17:05.314015+00:00,kube-system,traefik-9bcdbbd9-z65hr,12.0,269484032
2026-09-16T19:17:05.314015+00:00,pyroscope,pyroscope-0,5.0,162529280
2026-09-16T19:17:05.314015+00:00,pyroscope,pyroscope-alloy-0,6.0,714080256
2026-09-16T19:17:36.579886+00:00,grove-system,grove-operator-bfd47f895-hqvp4,115.0,1128267776
2026-09-16T19:17:36.579886+00:00,kai-scheduler,admission-86666f457d-2g56g,1.0,16777216
2026-09-16T19:17:36.579886+00:00,kai-scheduler,kai-operator-69b5d7bcf7-mvp2x,3.0,132120576
2026-09-16T19:17:36.579886+00:00,kai-scheduler,pod-grouper-65456f756-7lkc9,1.0,11534336
2026-09-16T19:17:36.579886+00:00,kai-scheduler,podgroup-controller-68f9cc8dbf-cdbr7,1.0,13631488
2026-09-16T19:17:36.579886+00:00,kai-scheduler,queue-controller-f86fcd76c-t8wkj,1.0,11534336
2026-09-16T19:17:36.579886+00:00,kube-system,coredns-8db54c48d-4t78n,9.0,65011712
2026-09-16T19:17:36.579886+00:00,kube-system,kwok-controller-5cf8c7c44b-jqjt4,124.0,95420416
2026-09-16T19:17:36.579886+00:00,kube-system,local-path-provisioner-5d9d9885bc-xgwkr,1.0,17825792
2026-09-16T19:17:36.579886+00:00,kube-system,metrics-server-75dc6f8d87-8wltz,31.0,272629760
2026-09-16T19:17:36.579886+00:00,kube-system,svclb-traefik-1111e3f7-l9hjt,0.0,0
2026-09-16T19:17:36.579886+00:00,kube-system,traefik-9bcdbbd9-z65hr,11.0,270532608
2026-09-16T19:17:36.579886+00:00,pyroscope,pyroscope-0,6.0,165675008
2026-09-16T19:17:36.579886+00:00,pyroscope,pyroscope-alloy-0,6.0,716177408
2026-09-16T19:18:07.837433+00:00,grove-system,grove-operator-bfd47f895-hqvp4,142.0,1129316352
2026-09-16T19:18:07.837433+00:00,kai-scheduler,admission-86666f457d-2g56g,1.0,16777216
2026-09-16T19:18:07.837433+00:00,kai-scheduler,kai-operator-69b5d7bcf7-mvp2x,5.0,133169152
2026-09-16T19:18:07.837433+00:00,kai-scheduler,pod-grouper-65456f756-7lkc9,1.0,11534336
2026-09-16T19:18:07.837433+00:00,kai-scheduler,podgroup-controller-68f9cc8dbf-cdbr7,1.0,13631488
2026-09-16T19:18:07.837433+00:00,kai-scheduler,queue-controller-f86fcd76c-t8wkj,1.0,11534336
2026-09-16T19:18:07.837433+00:00,kube-system,coredns-8db54c48d-4t78n,6.0,67108864
2026-09-16T19:18:07.837433+00:00,kube-system,kwok-controller-5cf8c7c44b-jqjt4,94.0,94371840
2026-09-16T19:18:07.837433+00:00,kube-system,local-path-provisioner-5d9d9885bc-xgwkr,1.0,17825792
2026-09-16T19:18:07.837433+00:00,kube-system,metrics-server-75dc6f8d87-8wltz,30.0,271581184
2026-09-16T19:18:07.837433+00:00,kube-system,svclb-traefik-1111e3f7-l9hjt,0.0,0
2026-09-16T19:18:07.837433+00:00,kube-system,traefik-9bcdbbd9-z65hr,9.0,270532608
2026-09-16T19:18:07.837433+00:00,pyroscope,pyroscope-0,6.0,161480704
2026-09-16T19:18:07.837433+00:00,pyroscope,pyroscope-alloy-0,7.0,721420288
2026-09-16T19:18:39.147791+00:00,grove-system,grove-operator-bfd47f895-hqvp4,58.0,1131413504
2026-09-16T19:18:39.147791+00:00,kai-scheduler,admission-86666f457d-2g56g,1.0,16777216
2026-09-16T19:18:39.147791+00:00,kai-scheduler,kai-operator-69b5d7bcf7-mvp2x,3.0,133169152
2026-09-16T19:18:39.147791+00:00,kai-scheduler,pod-grouper-65456f756-7lkc9,1.0,11534336
2026-09-16T19:18:39.147791+00:00,kai-scheduler,podgroup-controller-68f9cc8dbf-cdbr7,1.0,13631488
2026-09-16T19:18:39.147791+00:00,kai-scheduler,queue-controller-f86fcd76c-t8wkj,1.0,11534336
2026-09-16T19:18:39.147791+00:00,kube-system,coredns-8db54c48d-4t78n,4.0,67108864
2026-09-16T19:18:39.147791+00:00,kube-system,kwok-controller-5cf8c7c44b-jqjt4,89.0,95420416
2026-09-16T19:18:39.147791+00:00,kube-system,local-path-provisioner-5d9d9885bc-xgwkr,1.0,17825792
2026-09-16T19:18:39.147791+00:00,kube-system,metrics-server-75dc6f8d87-8wltz,37.0,271581184
2026-09-16T19:18:39.147791+00:00,kube-system,svclb-traefik-1111e3f7-l9hjt,0.0,0
2026-09-16T19:18:39.147791+00:00,kube-system,traefik-9bcdbbd9-z65hr,3.0,268435456
2026-09-16T19:18:39.147791+00:00,pyroscope,pyroscope-0,6.0,163577856
2026-09-16T19:18:39.147791+00:00,pyroscope,pyroscope-alloy-0,6.0,726663168
2026-09-16T19:19:10.395895+00:00,grove-system,grove-operator-bfd47f895-hqvp4,49.0,1132462080
2026-09-16T19:19:10.395895+00:00,kai-scheduler,admission-86666f457d-2g56g,1.0,16777216
2026-09-16T19:19:10.395895+00:00,kai-scheduler,kai-operator-69b5d7bcf7-mvp2x,3.0,122683392
2026-09-16T19:19:10.395895+00:00,kai-scheduler,pod-grouper-65456f756-7lkc9,1.0,11534336
2026-09-16T19:19:10.395895+00:00,kai-scheduler,podgroup-controller-68f9cc8dbf-cdbr7,1.0,13631488
2026-09-16T19:19:10.395895+00:00,kai-scheduler,queue-controller-f86fcd76c-t8wkj,1.0,11534336
2026-09-16T19:19:10.395895+00:00,kube-system,coredns-8db54c48d-4t78n,3.0,66060288
2026-09-16T19:19:10.395895+00:00,kube-system,kwok-controller-5cf8c7c44b-jqjt4,83.0,94371840
2026-09-16T19:19:10.395895+00:00,kube-system,local-path-provisioner-5d9d9885bc-xgwkr,1.0,17825792
2026-09-16T19:19:10.395895+00:00,kube-system,metrics-server-75dc6f8d87-8wltz,30.0,271581184
2026-09-16T19:19:10.395895+00:00,kube-system,svclb-traefik-1111e3f7-l9hjt,0.0,0
2026-09-16T19:19:10.395895+00:00,kube-system,traefik-9bcdbbd9-z65hr,3.0,268435456
2026-09-16T19:19:10.395895+00:00,pyroscope,pyroscope-0,6.0,161480704
2026-09-16T19:19:10.395895+00:00,pyroscope,pyroscope-alloy-0,5.0,726663168
2026-09-16T19:19:41.645543+00:00,grove-system,grove-operator-bfd47f895-hqvp4,66.0,1134559232
2026-09-16T19:19:41.645543+00:00,kai-scheduler,admission-86666f457d-2g56g,1.0,16777216
2026-09-16T19:19:41.645543+00:00,kai-scheduler,kai-operator-69b5d7bcf7-mvp2x,7.0,121634816
2026-09-16T19:19:41.645543+00:00,kai-scheduler,pod-grouper-65456f756-7lkc9,1.0,11534336
2026-09-16T19:19:41.645543+00:00,kai-scheduler,podgroup-controller-68f9cc8dbf-cdbr7,1.0,13631488
2026-09-16T19:19:41.645543+00:00,kai-scheduler,queue-controller-f86fcd76c-t8wkj,1.0,11534336
2026-09-16T19:19:41.645543+00:00,kube-system,coredns-8db54c48d-4t78n,3.0,66060288
2026-09-16T19:19:41.645543+00:00,kube-system,kwok-controller-5cf8c7c44b-jqjt4,88.0,93323264
2026-09-16T19:19:41.645543+00:00,kube-system,local-path-provisioner-5d9d9885bc-xgwkr,1.0,17825792
2026-09-16T19:19:41.645543+00:00,kube-system,metrics-server-75dc6f8d87-8wltz,28.0,272629760
2026-09-16T19:19:41.645543+00:00,kube-system,svclb-traefik-1111e3f7-l9hjt,0.0,0
2026-09-16T19:19:41.645543+00:00,kube-system,traefik-9bcdbbd9-z65hr,3.0,264241152
2026-09-16T19:19:41.645543+00:00,pyroscope,pyroscope-0,7.0,162529280
2026-09-16T19:19:41.645543+00:00,pyroscope,pyroscope-alloy-0,87.0,726663168
2026-09-16T19:20:12.894292+00:00,grove-system,grove-operator-bfd47f895-hqvp4,44.0,1132462080
2026-09-16T19:20:12.894292+00:00,kai-scheduler,admission-86666f457d-2g56g,1.0,16777216
2026-09-16T19:20:12.894292+00:00,kai-scheduler,kai-operator-69b5d7bcf7-mvp2x,3.0,121634816
2026-09-16T19:20:12.894292+00:00,kai-scheduler,pod-grouper-65456f756-7lkc9,1.0,11534336
2026-09-16T19:20:12.894292+00:00,kai-scheduler,podgroup-controller-68f9cc8dbf-cdbr7,1.0,13631488
2026-09-16T19:20:12.894292+00:00,kai-scheduler,queue-controller-f86fcd76c-t8wkj,1.0,11534336
2026-09-16T19:20:12.894292+00:00,kube-system,coredns-8db54c48d-4t78n,3.0,66060288
2026-09-16T19:20:12.894292+00:00,kube-system,kwok-controller-5cf8c7c44b-jqjt4,100.0,92274688
2026-09-16T19:20:12.894292+00:00,kube-system,local-path-provisioner-5d9d9885bc-xgwkr,1.0,17825792
2026-09-16T19:20:12.894292+00:00,kube-system,metrics-server-75dc6f8d87-8wltz,32.0,271581184
2026-09-16T19:20:12.894292+00:00,kube-system,svclb-traefik-1111e3f7-l9hjt,0.0,0
2026-09-16T19:20:12.894292+00:00,kube-system,traefik-9bcdbbd9-z65hr,4.0,263192576
2026-09-16T19:20:12.894292+00:00,pyroscope,pyroscope-0,6.0,164626432
2026-09-16T19:20:12.894292+00:00,pyroscope,pyroscope-alloy-0,77.0,725614592
2026-09-16T19:20:44.142402+00:00,grove-system,grove-operator-bfd47f895-hqvp4,39.0,1134559232
2026-09-16T19:20:44.142402+00:00,kai-scheduler,admission-86666f457d-2g56g,1.0,16777216
2026-09-16T19:20:44.142402+00:00,kai-scheduler,kai-operator-69b5d7bcf7-mvp2x,3.0,121634816
2026-09-16T19:20:44.142402+00:00,kai-scheduler,pod-grouper-65456f756-7lkc9,1.0,11534336
2026-09-16T19:20:44.142402+00:00,kai-scheduler,podgroup-controller-68f9cc8dbf-cdbr7,1.0,13631488
2026-09-16T19:20:44.142402+00:00,kai-scheduler,queue-controller-f86fcd76c-t8wkj,1.0,11534336
2026-09-16T19:20:44.142402+00:00,kube-system,coredns-8db54c48d-4t78n,3.0,66060288
2026-09-16T19:20:44.142402+00:00,kube-system,kwok-controller-5cf8c7c44b-jqjt4,88.0,94371840
2026-09-16T19:20:44.142402+00:00,kube-system,local-path-provisioner-5d9d9885bc-xgwkr,1.0,17825792
2026-09-16T19:20:44.142402+00:00,kube-system,metrics-server-75dc6f8d87-8wltz,39.0,273678336
2026-09-16T19:20:44.142402+00:00,kube-system,svclb-traefik-1111e3f7-l9hjt,0.0,0
2026-09-16T19:20:44.142402+00:00,kube-system,traefik-9bcdbbd9-z65hr,3.0,265289728
2026-09-16T19:20:44.142402+00:00,pyroscope,pyroscope-0,6.0,166723584
2026-09-16T19:20:44.142402+00:00,pyroscope,pyroscope-alloy-0,27.0,718274560
2026-09-16T19:21:15.393203+00:00,grove-system,grove-operator-bfd47f895-hqvp4,55.0,1132462080
2026-09-16T19:21:15.393203+00:00,kai-scheduler,admission-86666f457d-2g56g,1.0,16777216
2026-09-16T19:21:15.393203+00:00,kai-scheduler,kai-operator-69b5d7bcf7-mvp2x,4.0,121634816
2026-09-16T19:21:15.393203+00:00,kai-scheduler,pod-grouper-65456f756-7lkc9,1.0,11534336
2026-09-16T19:21:15.393203+00:00,kai-scheduler,podgroup-controller-68f9cc8dbf-cdbr7,1.0,13631488
2026-09-16T19:21:15.393203+00:00,kai-scheduler,queue-controller-f86fcd76c-t8wkj,1.0,11534336
2026-09-16T19:21:15.393203+00:00,kube-system,coredns-8db54c48d-4t78n,3.0,66060288
2026-09-16T19:21:15.393203+00:00,kube-system,kwok-controller-5cf8c7c44b-jqjt4,537.0,104857600
2026-09-16T19:21:15.393203+00:00,kube-system,local-path-provisioner-5d9d9885bc-xgwkr,1.0,17825792
2026-09-16T19:21:15.393203+00:00,kube-system,metrics-server-75dc6f8d87-8wltz,24.0,274726912
2026-09-16T19:21:15.393203+00:00,kube-system,svclb-traefik-1111e3f7-l9hjt,0.0,0
2026-09-16T19:21:15.393203+00:00,kube-system,traefik-9bcdbbd9-z65hr,3.0,264241152
2026-09-16T19:21:15.393203+00:00,pyroscope,pyroscope-0,5.0,166723584
2026-09-16T19:21:15.393203+00:00,pyroscope,pyroscope-alloy-0,7.0,717225984
2026-09-16T19:21:46.640401+00:00,grove-system,grove-operator-bfd47f895-hqvp4,28.0,1129316352
2026-09-16T19:21:46.640401+00:00,kai-scheduler,admission-86666f457d-2g56g,1.0,16777216
2026-09-16T19:21:46.640401+00:00,kai-scheduler,kai-operator-69b5d7bcf7-mvp2x,2.0,121634816
2026-09-16T19:21:46.640401+00:00,kai-scheduler,pod-grouper-65456f756-7lkc9,1.0,11534336
2026-09-16T19:21:46.640401+00:00,kai-scheduler,podgroup-controller-68f9cc8dbf-cdbr7,1.0,13631488
2026-09-16T19:21:46.640401+00:00,kai-scheduler,queue-controller-f86fcd76c-t8wkj,1.0,11534336
2026-09-16T19:21:46.640401+00:00,kube-system,coredns-8db54c48d-4t78n,5.0,66060288
2026-09-16T19:21:46.640401+00:00,kube-system,kwok-controller-5cf8c7c44b-jqjt4,94.0,93323264
2026-09-16T19:21:46.640401+00:00,kube-system,local-path-provisioner-5d9d9885bc-xgwkr,1.0,17825792
2026-09-16T19:21:46.640401+00:00,kube-system,metrics-server-75dc6f8d87-8wltz,28.0,273678336
2026-09-16T19:21:46.640401+00:00,kube-system,svclb-traefik-1111e3f7-l9hjt,0.0,0
2026-09-16T19:21:46.640401+00:00,kube-system,traefik-9bcdbbd9-z65hr,4.0,260046848
2026-09-16T19:21:46.640401+00:00,pyroscope,pyroscope-0,6.0,167772160
2026-09-16T19:21:46.640401+00:00,pyroscope,pyroscope-alloy-0,36.0,717225984
2026-09-16T19:22:17.899785+00:00,grove-system,grove-operator-bfd47f895-hqvp4,40.0,1136656384
2026-09-16T19:22:17.899785+00:00,kai-scheduler,admission-86666f457d-2g56g,1.0,16777216
2026-09-16T19:22:17.899785+00:00,kai-scheduler,kai-operator-69b5d7bcf7-mvp2x,3.0,121634816
2026-09-16T19:22:17.899785+00:00,kai-scheduler,pod-grouper-65456f756-7lkc9,1.0,11534336
2026-09-16T19:22:17.899785+00:00,kai-scheduler,podgroup-controller-68f9cc8dbf-cdbr7,1.0,13631488
2026-09-16T19:22:17.899785+00:00,kai-scheduler,queue-controller-f86fcd76c-t8wkj,1.0,11534336
2026-09-16T19:22:17.899785+00:00,kube-system,coredns-8db54c48d-4t78n,3.0,65011712
2026-09-16T19:22:17.899785+00:00,kube-system,kwok-controller-5cf8c7c44b-jqjt4,91.0,95420416
2026-09-16T19:22:17.899785+00:00,kube-system,local-path-provisioner-5d9d9885bc-xgwkr,1.0,17825792
2026-09-16T19:22:17.899785+00:00,kube-system,metrics-server-75dc6f8d87-8wltz,29.0,274726912
2026-09-16T19:22:17.899785+00:00,kube-system,svclb-traefik-1111e3f7-l9hjt,0.0,0
2026-09-16T19:22:17.899785+00:00,kube-system,traefik-9bcdbbd9-z65hr,4.0,258998272
2026-09-16T19:22:17.899785+00:00,pyroscope,pyroscope-0,6.0,167772160
2026-09-16T19:22:17.899785+00:00,pyroscope,pyroscope-alloy-0,6.0,718274560
2026-09-16T19:22:49.149998+00:00,grove-system,grove-operator-bfd47f895-hqvp4,48.0,1138753536
2026-09-16T19:22:49.149998+00:00,kai-scheduler,admission-86666f457d-2g56g,1.0,16777216
2026-09-16T19:22:49.149998+00:00,kai-scheduler,kai-operator-69b5d7bcf7-mvp2x,5.0,113246208
2026-09-16T19:22:49.149998+00:00,kai-scheduler,pod-grouper-65456f756-7lkc9,1.0,11534336
2026-09-16T19:22:49.149998+00:00,kai-scheduler,podgroup-controller-68f9cc8dbf-cdbr7,1.0,13631488
2026-09-16T19:22:49.149998+00:00,kai-scheduler,queue-controller-f86fcd76c-t8wkj,1.0,11534336
2026-09-16T19:22:49.149998+00:00,kube-system,coredns-8db54c48d-4t78n,3.0,65011712
2026-09-16T19:22:49.149998+00:00,kube-system,kwok-controller-5cf8c7c44b-jqjt4,90.0,93323264
2026-09-16T19:22:49.149998+00:00,kube-system,local-path-provisioner-5d9d9885bc-xgwkr,1.0,17825792
2026-09-16T19:22:49.149998+00:00,kube-system,metrics-server-75dc6f8d87-8wltz,33.0,276824064
2026-09-16T19:22:49.149998+00:00,kube-system,svclb-traefik-1111e3f7-l9hjt,0.0,0
2026-09-16T19:22:49.149998+00:00,kube-system,traefik-9bcdbbd9-z65hr,3.0,258998272
2026-09-16T19:22:49.149998+00:00,pyroscope,pyroscope-0,4.0,165675008
2026-09-16T19:22:49.149998+00:00,pyroscope,pyroscope-alloy-0,6.0,717225984
2026-09-16T19:23:20.397403+00:00,grove-system,grove-operator-bfd47f895-hqvp4,47.0,1139802112
2026-09-16T19:23:20.397403+00:00,kai-scheduler,admission-86666f457d-2g56g,1.0,16777216
2026-09-16T19:23:20.397403+00:00,kai-scheduler,kai-operator-69b5d7bcf7-mvp2x,3.0,112197632
2026-09-16T19:23:20.397403+00:00,kai-scheduler,pod-grouper-65456f756-7lkc9,1.0,11534336
2026-09-16T19:23:20.397403+00:00,kai-scheduler,podgroup-controller-68f9cc8dbf-cdbr7,1.0,13631488
2026-09-16T19:23:20.397403+00:00,kai-scheduler,queue-controller-f86fcd76c-t8wkj,1.0,11534336
2026-09-16T19:23:20.397403+00:00,kube-system,coredns-8db54c48d-4t78n,4.0,65011712
2026-09-16T19:23:20.397403+00:00,kube-system,kwok-controller-5cf8c7c44b-jqjt4,85.0,95420416
2026-09-16T19:23:20.397403+00:00,kube-system,local-path-provisioner-5d9d9885bc-xgwkr,1.0,18874368
2026-09-16T19:23:20.397403+00:00,kube-system,metrics-server-75dc6f8d87-8wltz,36.0,275775488
2026-09-16T19:23:20.397403+00:00,kube-system,svclb-traefik-1111e3f7-l9hjt,0.0,0
2026-09-16T19:23:20.397403+00:00,kube-system,traefik-9bcdbbd9-z65hr,9.0,257949696
2026-09-16T19:23:20.397403+00:00,pyroscope,pyroscope-0,6.0,165675008
2026-09-16T19:23:20.397403+00:00,pyroscope,pyroscope-alloy-0,95.0,728760320
2026-09-16T19:23:51.646199+00:00,grove-system,grove-operator-bfd47f895-hqvp4,32.0,1138753536
2026-09-16T19:23:51.646199+00:00,kai-scheduler,admission-86666f457d-2g56g,1.0,16777216
2026-09-16T19:23:51.646199+00:00,kai-scheduler,kai-operator-69b5d7bcf7-mvp2x,3.0,114294784
2026-09-16T19:23:51.646199+00:00,kai-scheduler,pod-grouper-65456f756-7lkc9,1.0,11534336
2026-09-16T19:23:51.646199+00:00,kai-scheduler,podgroup-controller-68f9cc8dbf-cdbr7,1.0,13631488
2026-09-16T19:23:51.646199+00:00,kai-scheduler,queue-controller-f86fcd76c-t8wkj,1.0,11534336
2026-09-16T19:23:51.646199+00:00,kube-system,coredns-8db54c48d-4t78n,5.0,63963136
2026-09-16T19:23:51.646199+00:00,kube-system,kwok-controller-5cf8c7c44b-jqjt4,107.0,97517568
2026-09-16T19:23:51.646199+00:00,kube-system,local-path-provisioner-5d9d9885bc-xgwkr,1.0,17825792
2026-09-16T19:23:51.646199+00:00,kube-system,metrics-server-75dc6f8d87-8wltz,34.0,273678336
2026-09-16T19:23:51.646199+00:00,kube-system,svclb-traefik-1111e3f7-l9hjt,0.0,0
2026-09-16T19:23:51.646199+00:00,kube-system,traefik-9bcdbbd9-z65hr,3.0,257949696
2026-09-16T19:23:51.646199+00:00,pyroscope,pyroscope-0,6.0,166723584
2026-09-16T19:23:51.646199+00:00,pyroscope,pyroscope-alloy-0,6.0,741343232
2026-09-16T19:24:22.894263+00:00,grove-system,grove-operator-bfd47f895-hqvp4,32.0,1140850688
2026-09-16T19:24:22.894263+00:00,kai-scheduler,admission-86666f457d-2g56g,1.0,16777216
2026-09-16T19:24:22.894263+00:00,kai-scheduler,kai-operator-69b5d7bcf7-mvp2x,3.0,114294784
2026-09-16T19:24:22.894263+00:00,kai-scheduler,pod-grouper-65456f756-7lkc9,1.0,11534336
2026-09-16T19:24:22.894263+00:00,kai-scheduler,podgroup-controller-68f9cc8dbf-cdbr7,1.0,13631488
2026-09-16T19:24:22.894263+00:00,kai-scheduler,queue-controller-f86fcd76c-t8wkj,1.0,11534336
2026-09-16T19:24:22.894263+00:00,kube-system,coredns-8db54c48d-4t78n,3.0,63963136
2026-09-16T19:24:22.894263+00:00,kube-system,kwok-controller-5cf8c7c44b-jqjt4,85.0,92274688
2026-09-16T19:24:22.894263+00:00,kube-system,local-path-provisioner-5d9d9885bc-xgwkr,1.0,17825792
2026-09-16T19:24:22.894263+00:00,kube-system,metrics-server-75dc6f8d87-8wltz,27.0,273678336
2026-09-16T19:24:22.894263+00:00,kube-system,svclb-traefik-1111e3f7-l9hjt,0.0,0
2026-09-16T19:24:22.894263+00:00,kube-system,traefik-9bcdbbd9-z65hr,3.0,257949696
2026-09-16T19:24:22.894263+00:00,pyroscope,pyroscope-0,6.0,166723584
2026-09-16T19:24:22.894263+00:00,pyroscope,pyroscope-alloy-0,7.0,742391808
2026-09-16T19:24:54.144076+00:00,grove-system,grove-operator-bfd47f895-hqvp4,29.0,1133510656
2026-09-16T19:24:54.144076+00:00,kai-scheduler,admission-86666f457d-2g56g,1.0,16777216
2026-09-16T19:24:54.144076+00:00,kai-scheduler,binder-869fc94c7-shvq6,100.0,181403648
2026-09-16T19:24:54.144076+00:00,kai-scheduler,kai-operator-69b5d7bcf7-mvp2x,7.0,117440512
2026-09-16T19:24:54.144076+00:00,kai-scheduler,pod-grouper-65456f756-7lkc9,1.0,11534336
2026-09-16T19:24:54.144076+00:00,kai-scheduler,podgroup-controller-68f9cc8dbf-cdbr7,1.0,13631488
2026-09-16T19:24:54.144076+00:00,kai-scheduler,queue-controller-f86fcd76c-t8wkj,1.0,11534336
2026-09-16T19:24:54.144076+00:00,kube-system,coredns-8db54c48d-4t78n,4.0,63963136
2026-09-16T19:24:54.144076+00:00,kube-system,kwok-controller-5cf8c7c44b-jqjt4,79.0,92274688
2026-09-16T19:24:54.144076+00:00,kube-system,local-path-provisioner-5d9d9885bc-xgwkr,1.0,17825792
2026-09-16T19:24:54.144076+00:00,kube-system,metrics-server-75dc6f8d87-8wltz,38.0,273678336
2026-09-16T19:24:54.144076+00:00,kube-system,svclb-traefik-1111e3f7-l9hjt,0.0,0
2026-09-16T19:24:54.144076+00:00,kube-system,traefik-9bcdbbd9-z65hr,7.0,258998272
2026-09-16T19:24:54.144076+00:00,pyroscope,pyroscope-0,6.0,171966464
2026-09-16T19:24:54.144076+00:00,pyroscope,pyroscope-alloy-0,55.0,742391808
2026-09-16T19:25:25.393399+00:00,grove-system,grove-operator-bfd47f895-hqvp4,29.0,1134559232
2026-09-16T19:25:25.393399+00:00,kai-scheduler,admission-86666f457d-2g56g,1.0,16777216
2026-09-16T19:25:25.393399+00:00,kai-scheduler,kai-operator-69b5d7bcf7-mvp2x,3.0,117440512
2026-09-16T19:25:25.393399+00:00,kai-scheduler,pod-grouper-65456f756-7lkc9,1.0,11534336
2026-09-16T19:25:25.393399+00:00,kai-scheduler,podgroup-controller-68f9cc8dbf-cdbr7,1.0,13631488
2026-09-16T19:25:25.393399+00:00,kai-scheduler,queue-controller-f86fcd76c-t8wkj,1.0,11534336
2026-09-16T19:25:25.393399+00:00,kube-system,coredns-8db54c48d-4t78n,3.0,63963136
2026-09-16T19:25:25.393399+00:00,kube-system,kwok-controller-5cf8c7c44b-jqjt4,87.0,93323264
2026-09-16T19:25:25.393399+00:00,kube-system,local-path-provisioner-5d9d9885bc-xgwkr,1.0,17825792
2026-09-16T19:25:25.393399+00:00,kube-system,metrics-server-75dc6f8d87-8wltz,36.0,274726912
2026-09-16T19:25:25.393399+00:00,kube-system,svclb-traefik-1111e3f7-l9hjt,0.0,0
2026-09-16T19:25:25.393399+00:00,kube-system,traefik-9bcdbbd9-z65hr,10.0,257949696
2026-09-16T19:25:25.393399+00:00,pyroscope,pyroscope-0,6.0,166723584
2026-09-16T19:25:25.393399+00:00,pyroscope,pyroscope-alloy-0,120.0,729808896
2026-09-16T19:25:56.644498+00:00,grove-system,grove-operator-bfd47f895-hqvp4,33.0,1109393408
2026-09-16T19:25:56.644498+00:00,kai-scheduler,admission-86666f457d-2g56g,1.0,16777216
2026-09-16T19:25:56.644498+00:00,kai-scheduler,kai-operator-69b5d7bcf7-mvp2x,3.0,119537664
2026-09-16T19:25:56.644498+00:00,kai-scheduler,pod-grouper-65456f756-7lkc9,1.0,11534336
2026-09-16T19:25:56.644498+00:00,kai-scheduler,podgroup-controller-68f9cc8dbf-cdbr7,1.0,13631488
2026-09-16T19:25:56.644498+00:00,kai-scheduler,queue-controller-f86fcd76c-t8wkj,1.0,11534336
2026-09-16T19:25:56.644498+00:00,kube-system,coredns-8db54c48d-4t78n,5.0,65011712
2026-09-16T19:25:56.644498+00:00,kube-system,kwok-controller-5cf8c7c44b-jqjt4,92.0,94371840
2026-09-16T19:25:56.644498+00:00,kube-system,local-path-provisioner-5d9d9885bc-xgwkr,1.0,17825792
2026-09-16T19:25:56.644498+00:00,kube-system,metrics-server-75dc6f8d87-8wltz,39.0,273678336
2026-09-16T19:25:56.644498+00:00,kube-system,svclb-traefik-1111e3f7-l9hjt,0.0,0
2026-09-16T19:25:56.644498+00:00,kube-system,traefik-9bcdbbd9-z65hr,3.0,258998272
2026-09-16T19:25:56.644498+00:00,pyroscope,pyroscope-0,5.0,166723584
2026-09-16T19:25:56.644498+00:00,pyroscope,pyroscope-alloy-0,6.0,734003200
2026-09-16T19:26:27.893497+00:00,grove-system,grove-operator-bfd47f895-hqvp4,31.0,1112539136
2026-09-16T19:26:27.893497+00:00,kai-scheduler,admission-86666f457d-2g56g,1.0,16777216
2026-09-16T19:26:27.893497+00:00,kai-scheduler,kai-operator-69b5d7bcf7-mvp2x,3.0,118489088
2026-09-16T19:26:27.893497+00:00,kai-scheduler,pod-grouper-65456f756-7lkc9,1.0,11534336
2026-09-16T19:26:27.893497+00:00,kai-scheduler,podgroup-controller-68f9cc8dbf-cdbr7,1.0,13631488
2026-09-16T19:26:27.893497+00:00,kai-scheduler,queue-controller-f86fcd76c-t8wkj,1.0,11534336
2026-09-16T19:26:27.893497+00:00,kube-system,coredns-8db54c48d-4t78n,3.0,65011712
2026-09-16T19:26:27.893497+00:00,kube-system,kwok-controller-5cf8c7c44b-jqjt4,84.0,93323264
2026-09-16T19:26:27.893497+00:00,kube-system,local-path-provisioner-5d9d9885bc-xgwkr,1.0,17825792
2026-09-16T19:26:27.893497+00:00,kube-system,metrics-server-75dc6f8d87-8wltz,28.0,273678336
2026-09-16T19:26:27.893497+00:00,kube-system,svclb-traefik-1111e3f7-l9hjt,0.0,0
2026-09-16T19:26:27.893497+00:00,kube-system,traefik-9bcdbbd9-z65hr,3.0,258998272
2026-09-16T19:26:27.893497+00:00,pyroscope,pyroscope-0,6.0,165675008
2026-09-16T19:26:27.893497+00:00,pyroscope,pyroscope-alloy-0,5.0,743440384
2026-09-16T19:26:59.141826+00:00,grove-system,grove-operator-bfd47f895-hqvp4,31.0,1114636288
2026-09-16T19:26:59.141826+00:00,kai-scheduler,admission-86666f457d-2g56g,1.0,16777216
2026-09-16T19:26:59.141826+00:00,kai-scheduler,kai-operator-69b5d7bcf7-mvp2x,4.0,118489088
2026-09-16T19:26:59.141826+00:00,kai-scheduler,pod-grouper-65456f756-7lkc9,1.0,11534336
2026-09-16T19:26:59.141826+00:00,kai-scheduler,podgroup-controller-68f9cc8dbf-cdbr7,1.0,13631488
2026-09-16T19:26:59.141826+00:00,kai-scheduler,queue-controller-f86fcd76c-t8wkj,1.0,11534336
2026-09-16T19:26:59.141826+00:00,kube-system,coredns-8db54c48d-4t78n,3.0,63963136
2026-09-16T19:26:59.141826+00:00,kube-system,kwok-controller-5cf8c7c44b-jqjt4,90.0,93323264
2026-09-16T19:26:59.141826+00:00,kube-system,local-path-provisioner-5d9d9885bc-xgwkr,1.0,17825792
2026-09-16T19:26:59.141826+00:00,kube-system,metrics-server-75dc6f8d87-8wltz,29.0,274726912
2026-09-16T19:26:59.141826+00:00,kube-system,svclb-traefik-1111e3f7-l9hjt,0.0,0
2026-09-16T19:26:59.141826+00:00,kube-system,traefik-9bcdbbd9-z65hr,3.0,258998272
2026-09-16T19:26:59.141826+00:00,pyroscope,pyroscope-0,5.0,166723584
2026-09-16T19:26:59.141826+00:00,pyroscope,pyroscope-alloy-0,46.0,743440384
2026-09-16T19:27:30.392693+00:00,grove-system,grove-operator-bfd47f895-hqvp4,33.0,1107296256
2026-09-16T19:27:30.392693+00:00,kai-scheduler,admission-86666f457d-2g56g,1.0,16777216
2026-09-16T19:27:30.392693+00:00,kai-scheduler,kai-operator-69b5d7bcf7-mvp2x,3.0,119537664
2026-09-16T19:27:30.392693+00:00,kai-scheduler,pod-grouper-65456f756-7lkc9,1.0,11534336
2026-09-16T19:27:30.392693+00:00,kai-scheduler,podgroup-controller-68f9cc8dbf-cdbr7,1.0,13631488
2026-09-16T19:27:30.392693+00:00,kai-scheduler,queue-controller-f86fcd76c-t8wkj,1.0,11534336
2026-09-16T19:27:30.392693+00:00,kube-system,coredns-8db54c48d-4t78n,3.0,63963136
2026-09-16T19:27:30.392693+00:00,kube-system,kwok-controller-5cf8c7c44b-jqjt4,91.0,93323264
2026-09-16T19:27:30.392693+00:00,kube-system,local-path-provisioner-5d9d9885bc-xgwkr,1.0,17825792
2026-09-16T19:27:30.392693+00:00,kube-system,metrics-server-75dc6f8d87-8wltz,38.0,273678336
2026-09-16T19:27:30.392693+00:00,kube-system,svclb-traefik-1111e3f7-l9hjt,0.0,0
2026-09-16T19:27:30.392693+00:00,kube-system,traefik-9bcdbbd9-z65hr,10.0,256901120
2026-09-16T19:27:30.392693+00:00,pyroscope,pyroscope-0,6.0,166723584
2026-09-16T19:27:30.392693+00:00,pyroscope,pyroscope-alloy-0,6.0,742391808
2026-09-16T19:28:01.647880+00:00,grove-system,grove-operator-bfd47f895-hqvp4,61.0,1097859072
2026-09-16T19:28:01.647880+00:00,kai-scheduler,admission-86666f457d-2g56g,1.0,16777216
2026-09-16T19:28:01.647880+00:00,kai-scheduler,kai-operator-69b5d7bcf7-mvp2x,3.0,119537664
2026-09-16T19:28:01.647880+00:00,kai-scheduler,pod-grouper-65456f756-7lkc9,1.0,11534336
2026-09-16T19:28:01.647880+00:00,kai-scheduler,podgroup-controller-68f9cc8dbf-cdbr7,1.0,13631488
2026-09-16T19:28:01.647880+00:00,kai-scheduler,queue-controller-f86fcd76c-t8wkj,1.0,11534336
2026-09-16T19:28:01.647880+00:00,kube-system,coredns-8db54c48d-4t78n,5.0,63963136
2026-09-16T19:28:01.647880+00:00,kube-system,kwok-controller-5cf8c7c44b-jqjt4,81.0,94371840
2026-09-16T19:28:01.647880+00:00,kube-system,local-path-provisioner-5d9d9885bc-xgwkr,1.0,17825792
2026-09-16T19:28:01.647880+00:00,kube-system,metrics-server-75dc6f8d87-8wltz,28.0,273678336
2026-09-16T19:28:01.647880+00:00,kube-system,svclb-traefik-1111e3f7-l9hjt,0.0,0
2026-09-16T19:28:01.647880+00:00,kube-system,traefik-9bcdbbd9-z65hr,4.0,256901120
2026-09-16T19:28:01.647880+00:00,pyroscope,pyroscope-0,6.0,166723584
2026-09-16T19:28:01.647880+00:00,pyroscope,pyroscope-alloy-0,6.0,742391808
2026-09-16T19:28:32.896693+00:00,grove-system,grove-operator-bfd47f895-hqvp4,45.0,1101004800
2026-09-16T19:28:32.896693+00:00,kai-scheduler,admission-86666f457d-2g56g,1.0,16777216
2026-09-16T19:28:32.896693+00:00,kai-scheduler,kai-operator-69b5d7bcf7-mvp2x,3.0,119537664
2026-09-16T19:28:32.896693+00:00,kai-scheduler,pod-grouper-65456f756-7lkc9,1.0,11534336
2026-09-16T19:28:32.896693+00:00,kai-scheduler,podgroup-controller-68f9cc8dbf-cdbr7,1.0,13631488
2026-09-16T19:28:32.896693+00:00,kai-scheduler,queue-controller-f86fcd76c-t8wkj,1.0,11534336
2026-09-16T19:28:32.896693+00:00,kube-system,coredns-8db54c48d-4t78n,3.0,65011712
2026-09-16T19:28:32.896693+00:00,kube-system,kwok-controller-5cf8c7c44b-jqjt4,91.0,92274688
2026-09-16T19:28:32.896693+00:00,kube-system,local-path-provisioner-5d9d9885bc-xgwkr,1.0,17825792
2026-09-16T19:28:32.896693+00:00,kube-system,metrics-server-75dc6f8d87-8wltz,29.0,273678336
2026-09-16T19:28:32.896693+00:00,kube-system,svclb-traefik-1111e3f7-l9hjt,0.0,0
2026-09-16T19:28:32.896693+00:00,kube-system,traefik-9bcdbbd9-z65hr,3.0,256901120
2026-09-16T19:28:32.896693+00:00,pyroscope,pyroscope-0,6.0,170917888
2026-09-16T19:28:32.896693+00:00,pyroscope,pyroscope-alloy-0,7.0,744488960
2026-09-16T19:29:04.146531+00:00,grove-system,grove-operator-bfd47f895-hqvp4,33.0,1102053376
2026-09-16T19:29:04.146531+00:00,kai-scheduler,admission-86666f457d-2g56g,1.0,17825792
2026-09-16T19:29:04.146531+00:00,kai-scheduler,kai-operator-69b5d7bcf7-mvp2x,3.0,114294784
2026-09-16T19:29:04.146531+00:00,kai-scheduler,pod-grouper-65456f756-7lkc9,1.0,11534336
2026-09-16T19:29:04.146531+00:00,kai-scheduler,podgroup-controller-68f9cc8dbf-cdbr7,1.0,13631488
2026-09-16T19:29:04.146531+00:00,kai-scheduler,queue-controller-f86fcd76c-t8wkj,1.0,11534336
2026-09-16T19:29:04.146531+00:00,kube-system,coredns-8db54c48d-4t78n,3.0,65011712
2026-09-16T19:29:04.146531+00:00,kube-system,kwok-controller-5cf8c7c44b-jqjt4,90.0,95420416
2026-09-16T19:29:04.146531+00:00,kube-system,local-path-provisioner-5d9d9885bc-xgwkr,1.0,17825792
2026-09-16T19:29:04.146531+00:00,kube-system,metrics-server-75dc6f8d87-8wltz,38.0,276824064
2026-09-16T19:29:04.146531+00:00,kube-system,svclb-traefik-1111e3f7-l9hjt,0.0,0
2026-09-16T19:29:04.146531+00:00,kube-system,traefik-9bcdbbd9-z65hr,3.0,256901120
2026-09-16T19:29:04.146531+00:00,pyroscope,pyroscope-0,6.0,170917888
2026-09-16T19:29:04.146531+00:00,pyroscope,pyroscope-alloy-0,6.0,745537536
2026-09-16T19:29:35.398371+00:00,grove-system,grove-operator-bfd47f895-hqvp4,27.0,1102053376
2026-09-16T19:29:35.398371+00:00,kai-scheduler,admission-86666f457d-2g56g,1.0,16777216
2026-09-16T19:29:35.398371+00:00,kai-scheduler,kai-operator-69b5d7bcf7-mvp2x,3.0,114294784
2026-09-16T19:29:35.398371+00:00,kai-scheduler,pod-grouper-65456f756-7lkc9,1.0,11534336
2026-09-16T19:29:35.398371+00:00,kai-scheduler,podgroup-controller-68f9cc8dbf-cdbr7,1.0,13631488
2026-09-16T19:29:35.398371+00:00,kai-scheduler,queue-controller-f86fcd76c-t8wkj,1.0,11534336
2026-09-16T19:29:35.398371+00:00,kube-system,coredns-8db54c48d-4t78n,4.0,65011712
2026-09-16T19:29:35.398371+00:00,kube-system,kwok-controller-5cf8c7c44b-jqjt4,86.0,94371840
2026-09-16T19:29:35.398371+00:00,kube-system,local-path-provisioner-5d9d9885bc-xgwkr,1.0,17825792
2026-09-16T19:29:35.398371+00:00,kube-system,metrics-server-75dc6f8d87-8wltz,31.0,273678336
2026-09-16T19:29:35.398371+00:00,kube-system,svclb-traefik-1111e3f7-l9hjt,0.0,0
2026-09-16T19:29:35.398371+00:00,kube-system,traefik-9bcdbbd9-z65hr,4.0,256901120
2026-09-16T19:29:35.398371+00:00,pyroscope,pyroscope-0,5.0,168820736
2026-09-16T19:29:35.398371+00:00,pyroscope,pyroscope-alloy-0,7.0,745537536
2026-09-16T19:30:06.646228+00:00,grove-system,grove-operator-bfd47f895-hqvp4,32.0,1081081856
2026-09-16T19:30:06.646228+00:00,kai-scheduler,admission-86666f457d-2g56g,1.0,16777216
2026-09-16T19:30:06.646228+00:00,kai-scheduler,kai-operator-69b5d7bcf7-mvp2x,3.0,114294784
2026-09-16T19:30:06.646228+00:00,kai-scheduler,pod-grouper-65456f756-7lkc9,1.0,11534336
2026-09-16T19:30:06.646228+00:00,kai-scheduler,podgroup-controller-68f9cc8dbf-cdbr7,1.0,13631488
2026-09-16T19:30:06.646228+00:00,kai-scheduler,queue-controller-f86fcd76c-t8wkj,1.0,11534336
2026-09-16T19:30:06.646228+00:00,kube-system,coredns-8db54c48d-4t78n,4.0,63963136
2026-09-16T19:30:06.646228+00:00,kube-system,kwok-controller-5cf8c7c44b-jqjt4,84.0,95420416
2026-09-16T19:30:06.646228+00:00,kube-system,local-path-provisioner-5d9d9885bc-xgwkr,1.0,17825792
2026-09-16T19:30:06.646228+00:00,kube-system,metrics-server-75dc6f8d87-8wltz,21.0,274726912
2026-09-16T19:30:06.646228+00:00,kube-system,svclb-traefik-1111e3f7-l9hjt,0.0,0
2026-09-16T19:30:06.646228+00:00,kube-system,traefik-9bcdbbd9-z65hr,3.0,255852544
2026-09-16T19:30:06.646228+00:00,pyroscope,pyroscope-0,5.0,168820736
2026-09-16T19:30:06.646228+00:00,pyroscope,pyroscope-alloy-0,7.0,751828992
2026-09-16T19:30:37.897819+00:00,grove-system,grove-operator-bfd47f895-hqvp4,33.0,1090519040
2026-09-16T19:30:37.897819+00:00,kai-scheduler,admission-86666f457d-2g56g,1.0,16777216
2026-09-16T19:30:37.897819+00:00,kai-scheduler,kai-operator-69b5d7bcf7-mvp2x,6.0,120586240
2026-09-16T19:30:37.897819+00:00,kai-scheduler,pod-grouper-65456f756-7lkc9,1.0,11534336
2026-09-16T19:30:37.897819+00:00,kai-scheduler,podgroup-controller-68f9cc8dbf-cdbr7,1.0,13631488
2026-09-16T19:30:37.897819+00:00,kai-scheduler,queue-controller-f86fcd76c-t8wkj,1.0,11534336
2026-09-16T19:30:37.897819+00:00,kube-system,coredns-8db54c48d-4t78n,4.0,65011712
2026-09-16T19:30:37.897819+00:00,kube-system,kwok-controller-5cf8c7c44b-jqjt4,91.0,94371840
2026-09-16T19:30:37.897819+00:00,kube-system,local-path-provisioner-5d9d9885bc-xgwkr,1.0,17825792
2026-09-16T19:30:37.897819+00:00,kube-system,metrics-server-75dc6f8d87-8wltz,34.0,273678336
2026-09-16T19:30:37.897819+00:00,kube-system,svclb-traefik-1111e3f7-l9hjt,0.0,0
2026-09-16T19:30:37.897819+00:00,kube-system,traefik-9bcdbbd9-z65hr,4.0,256901120
2026-09-16T19:30:37.897819+00:00,pyroscope,pyroscope-0,7.0,167772160
2026-09-16T19:30:37.897819+00:00,pyroscope,pyroscope-alloy-0,104.0,757071872
2026-09-16T19:31:09.158004+00:00,grove-system,grove-operator-bfd47f895-hqvp4,32.0,1078984704
2026-09-16T19:31:09.158004+00:00,kai-scheduler,admission-86666f457d-2g56g,1.0,16777216
2026-09-16T19:31:09.158004+00:00,kai-scheduler,kai-operator-69b5d7bcf7-mvp2x,3.0,119537664
2026-09-16T19:31:09.158004+00:00,kai-scheduler,pod-grouper-65456f756-7lkc9,1.0,11534336
2026-09-16T19:31:09.158004+00:00,kai-scheduler,podgroup-controller-68f9cc8dbf-cdbr7,1.0,13631488
2026-09-16T19:31:09.158004+00:00,kai-scheduler,queue-controller-f86fcd76c-t8wkj,1.0,11534336
2026-09-16T19:31:09.158004+00:00,kube-system,coredns-8db54c48d-4t78n,3.0,65011712
2026-09-16T19:31:09.158004+00:00,kube-system,kwok-controller-5cf8c7c44b-jqjt4,625.0,99614720
2026-09-16T19:31:09.158004+00:00,kube-system,local-path-provisioner-5d9d9885bc-xgwkr,1.0,17825792
2026-09-16T19:31:09.158004+00:00,kube-system,metrics-server-75dc6f8d87-8wltz,32.0,273678336
2026-09-16T19:31:09.158004+00:00,kube-system,svclb-traefik-1111e3f7-l9hjt,0.0,0
2026-09-16T19:31:09.158004+00:00,kube-system,traefik-9bcdbbd9-z65hr,3.0,257949696
2026-09-16T19:31:09.158004+00:00,pyroscope,pyroscope-0,6.0,168820736
2026-09-16T19:31:09.158004+00:00,pyroscope,pyroscope-alloy-0,6.0,757071872
2026-09-16T19:31:40.410017+00:00,grove-system,grove-operator-bfd47f895-hqvp4,28.0,1080033280
2026-09-16T19:31:40.410017+00:00,kai-scheduler,admission-86666f457d-2g56g,1.0,16777216
2026-09-16T19:31:40.410017+00:00,kai-scheduler,kai-operator-69b5d7bcf7-mvp2x,3.0,120586240
2026-09-16T19:31:40.410017+00:00,kai-scheduler,pod-grouper-65456f756-7lkc9,1.0,11534336
2026-09-16T19:31:40.410017+00:00,kai-scheduler,podgroup-controller-68f9cc8dbf-cdbr7,1.0,13631488
2026-09-16T19:31:40.410017+00:00,kai-scheduler,queue-controller-f86fcd76c-t8wkj,1.0,11534336
2026-09-16T19:31:40.410017+00:00,kube-system,coredns-8db54c48d-4t78n,4.0,63963136
2026-09-16T19:31:40.410017+00:00,kube-system,kwok-controller-5cf8c7c44b-jqjt4,90.0,94371840
2026-09-16T19:31:40.410017+00:00,kube-system,local-path-provisioner-5d9d9885bc-xgwkr,1.0,17825792
2026-09-16T19:31:40.410017+00:00,kube-system,metrics-server-75dc6f8d87-8wltz,33.0,273678336
2026-09-16T19:31:40.410017+00:00,kube-system,svclb-traefik-1111e3f7-l9hjt,0.0,0
2026-09-16T19:31:40.410017+00:00,kube-system,traefik-9bcdbbd9-z65hr,3.0,255852544
2026-09-16T19:31:40.410017+00:00,pyroscope,pyroscope-0,5.0,170917888
2026-09-16T19:31:40.410017+00:00,pyroscope,pyroscope-alloy-0,6.0,757071872
2026-09-16T19:32:11.653793+00:00,grove-system,grove-operator-bfd47f895-hqvp4,30.0,1067450368
2026-09-16T19:32:11.653793+00:00,kai-scheduler,admission-86666f457d-2g56g,1.0,16777216
2026-09-16T19:32:11.653793+00:00,kai-scheduler,kai-operator-69b5d7bcf7-mvp2x,2.0,119537664
2026-09-16T19:32:11.653793+00:00,kai-scheduler,pod-grouper-65456f756-7lkc9,1.0,11534336
2026-09-16T19:32:11.653793+00:00,kai-scheduler,podgroup-controller-68f9cc8dbf-cdbr7,1.0,13631488
2026-09-16T19:32:11.653793+00:00,kai-scheduler,queue-controller-f86fcd76c-t8wkj,1.0,11534336
2026-09-16T19:32:11.653793+00:00,kube-system,coredns-8db54c48d-4t78n,4.0,65011712
2026-09-16T19:32:11.653793+00:00,kube-system,kwok-controller-5cf8c7c44b-jqjt4,85.0,94371840
2026-09-16T19:32:11.653793+00:00,kube-system,local-path-provisioner-5d9d9885bc-xgwkr,1.0,17825792
2026-09-16T19:32:11.653793+00:00,kube-system,metrics-server-75dc6f8d87-8wltz,28.0,275775488
2026-09-16T19:32:11.653793+00:00,kube-system,svclb-traefik-1111e3f7-l9hjt,0.0,0
2026-09-16T19:32:11.653793+00:00,kube-system,traefik-9bcdbbd9-z65hr,4.0,255852544
2026-09-16T19:32:11.653793+00:00,pyroscope,pyroscope-0,6.0,174063616
2026-09-16T19:32:11.653793+00:00,pyroscope,pyroscope-alloy-0,38.0,747634688
2026-09-16T19:32:42.904809+00:00,grove-system,grove-operator-bfd47f895-hqvp4,17.0,1074790400
2026-09-16T19:32:42.904809+00:00,kai-scheduler,admission-86666f457d-2g56g,1.0,16777216
2026-09-16T19:32:42.904809+00:00,kai-scheduler,kai-operator-69b5d7bcf7-mvp2x,2.0,112197632
2026-09-16T19:32:42.904809+00:00,kai-scheduler,pod-grouper-65456f756-7lkc9,1.0,11534336
2026-09-16T19:32:42.904809+00:00,kai-scheduler,podgroup-controller-68f9cc8dbf-cdbr7,1.0,13631488
2026-09-16T19:32:42.904809+00:00,kai-scheduler,queue-controller-f86fcd76c-t8wkj,1.0,11534336
2026-09-16T19:32:42.904809+00:00,kube-system,coredns-8db54c48d-4t78n,3.0,62914560
2026-09-16T19:32:42.904809+00:00,kube-system,kwok-controller-5cf8c7c44b-jqjt4,115.0,93323264
2026-09-16T19:32:42.904809+00:00,kube-system,local-path-provisioner-5d9d9885bc-xgwkr,1.0,17825792
2026-09-16T19:32:42.904809+00:00,kube-system,metrics-server-75dc6f8d87-8wltz,47.0,275775488
2026-09-16T19:32:42.904809+00:00,kube-system,svclb-traefik-1111e3f7-l9hjt,0.0,0
2026-09-16T19:32:42.904809+00:00,kube-system,traefik-9bcdbbd9-z65hr,3.0,254803968
2026-09-16T19:32:42.904809+00:00,pyroscope,pyroscope-0,6.0,173015040
2026-09-16T19:32:42.904809+00:00,pyroscope,pyroscope-alloy-0,130.0,713031680
2026-09-16T19:33:14.155204+00:00,grove-system,grove-operator-bfd47f895-hqvp4,18.0,1055916032
2026-09-16T19:33:14.155204+00:00,kai-scheduler,admission-86666f457d-2g56g,1.0,16777216
2026-09-16T19:33:14.155204+00:00,kai-scheduler,kai-operator-69b5d7bcf7-mvp2x,1.0,112197632
2026-09-16T19:33:14.155204+00:00,kai-scheduler,pod-grouper-65456f756-7lkc9,1.0,11534336
2026-09-16T19:33:14.155204+00:00,kai-scheduler,podgroup-controller-68f9cc8dbf-cdbr7,1.0,13631488
2026-09-16T19:33:14.155204+00:00,kai-scheduler,queue-controller-f86fcd76c-t8wkj,1.0,11534336
2026-09-16T19:33:14.155204+00:00,kube-system,coredns-8db54c48d-4t78n,3.0,63963136
2026-09-16T19:33:14.155204+00:00,kube-system,kwok-controller-5cf8c7c44b-jqjt4,120.0,94371840
2026-09-16T19:33:14.155204+00:00,kube-system,local-path-provisioner-5d9d9885bc-xgwkr,1.0,17825792
2026-09-16T19:33:14.155204+00:00,kube-system,metrics-server-75dc6f8d87-8wltz,46.0,274726912
2026-09-16T19:33:14.155204+00:00,kube-system,svclb-traefik-1111e3f7-l9hjt,0.0,0
2026-09-16T19:33:14.155204+00:00,kube-system,traefik-9bcdbbd9-z65hr,3.0,254803968
2026-09-16T19:33:14.155204+00:00,pyroscope,pyroscope-0,7.0,173015040
2026-09-16T19:33:14.155204+00:00,pyroscope,pyroscope-alloy-0,129.0,713031680
2026-09-16T19:33:45.405248+00:00,grove-system,grove-operator-bfd47f895-hqvp4,17.0,1062207488
2026-09-16T19:33:45.405248+00:00,kai-scheduler,admission-86666f457d-2g56g,1.0,16777216
2026-09-16T19:33:45.405248+00:00,kai-scheduler,kai-operator-69b5d7bcf7-mvp2x,1.0,112197632
2026-09-16T19:33:45.405248+00:00,kai-scheduler,pod-grouper-65456f756-7lkc9,1.0,11534336
2026-09-16T19:33:45.405248+00:00,kai-scheduler,podgroup-controller-68f9cc8dbf-cdbr7,1.0,13631488
2026-09-16T19:33:45.405248+00:00,kai-scheduler,queue-controller-f86fcd76c-t8wkj,1.0,11534336
2026-09-16T19:33:45.405248+00:00,kube-system,coredns-8db54c48d-4t78n,4.0,63963136
2026-09-16T19:33:45.405248+00:00,kube-system,kwok-controller-5cf8c7c44b-jqjt4,110.0,93323264
2026-09-16T19:33:45.405248+00:00,kube-system,local-path-provisioner-5d9d9885bc-xgwkr,1.0,17825792
2026-09-16T19:33:45.405248+00:00,kube-system,metrics-server-75dc6f8d87-8wltz,44.0,275775488
2026-09-16T19:33:45.405248+00:00,kube-system,svclb-traefik-1111e3f7-l9hjt,0.0,0
2026-09-16T19:33:45.405248+00:00,kube-system,traefik-9bcdbbd9-z65hr,3.0,253755392
2026-09-16T19:33:45.405248+00:00,pyroscope,pyroscope-0,6.0,175112192
2026-09-16T19:33:45.405248+00:00,pyroscope,pyroscope-alloy-0,151.0,698351616
2026-09-16T19:34:16.656645+00:00,grove-system,grove-operator-bfd47f895-hqvp4,33.0,1033895936
2026-09-16T19:34:16.656645+00:00,kai-scheduler,admission-86666f457d-2g56g,1.0,16777216
2026-09-16T19:34:16.656645+00:00,kai-scheduler,kai-operator-69b5d7bcf7-mvp2x,1.0,112197632
2026-09-16T19:34:16.656645+00:00,kai-scheduler,pod-grouper-65456f756-7lkc9,1.0,11534336
2026-09-16T19:34:16.656645+00:00,kai-scheduler,podgroup-controller-68f9cc8dbf-cdbr7,1.0,13631488
2026-09-16T19:34:16.656645+00:00,kai-scheduler,queue-controller-f86fcd76c-t8wkj,1.0,11534336
2026-09-16T19:34:16.656645+00:00,kube-system,coredns-8db54c48d-4t78n,4.0,63963136
2026-09-16T19:34:16.656645+00:00,kube-system,kwok-controller-5cf8c7c44b-jqjt4,120.0,93323264
2026-09-16T19:34:16.656645+00:00,kube-system,local-path-provisioner-5d9d9885bc-xgwkr,1.0,17825792
2026-09-16T19:34:16.656645+00:00,kube-system,metrics-server-75dc6f8d87-8wltz,39.0,274726912
2026-09-16T19:34:16.656645+00:00,kube-system,svclb-traefik-1111e3f7-l9hjt,0.0,0
2026-09-16T19:34:16.656645+00:00,kube-system,traefik-9bcdbbd9-z65hr,3.0,253755392
2026-09-16T19:34:16.656645+00:00,pyroscope,pyroscope-0,6.0,175112192
2026-09-16T19:34:16.656645+00:00,pyroscope,pyroscope-alloy-0,102.0,698351616
2026-09-16T19:34:47.917726+00:00,grove-system,grove-operator-bfd47f895-hqvp4,19.0,1038090240
2026-09-16T19:34:47.917726+00:00,kai-scheduler,admission-86666f457d-2g56g,1.0,16777216
2026-09-16T19:34:47.917726+00:00,kai-scheduler,kai-operator-69b5d7bcf7-mvp2x,3.0,112197632
2026-09-16T19:34:47.917726+00:00,kai-scheduler,pod-grouper-65456f756-7lkc9,1.0,11534336
2026-09-16T19:34:47.917726+00:00,kai-scheduler,podgroup-controller-68f9cc8dbf-cdbr7,1.0,13631488
2026-09-16T19:34:47.917726+00:00,kai-scheduler,queue-controller-f86fcd76c-t8wkj,1.0,11534336
2026-09-16T19:34:47.917726+00:00,kube-system,coredns-8db54c48d-4t78n,3.0,63963136
2026-09-16T19:34:47.917726+00:00,kube-system,kwok-controller-5cf8c7c44b-jqjt4,115.0,94371840
2026-09-16T19:34:47.917726+00:00,kube-system,local-path-provisioner-5d9d9885bc-xgwkr,1.0,17825792
2026-09-16T19:34:47.917726+00:00,kube-system,metrics-server-75dc6f8d87-8wltz,40.0,274726912
2026-09-16T19:34:47.917726+00:00,kube-system,svclb-traefik-1111e3f7-l9hjt,0.0,0
2026-09-16T19:34:47.917726+00:00,kube-system,traefik-9bcdbbd9-z65hr,2.0,253755392
2026-09-16T19:34:47.917726+00:00,pyroscope,pyroscope-0,7.0,175112192
2026-09-16T19:34:47.917726+00:00,pyroscope,pyroscope-alloy-0,141.0,680525824
2026-09-16T19:35:19.168806+00:00,grove-system,grove-operator-bfd47f895-hqvp4,14.0,1044381696
2026-09-16T19:35:19.168806+00:00,kai-scheduler,admission-86666f457d-2g56g,1.0,16777216
2026-09-16T19:35:19.168806+00:00,kai-scheduler,kai-operator-69b5d7bcf7-mvp2x,1.0,112197632
2026-09-16T19:35:19.168806+00:00,kai-scheduler,pod-grouper-65456f756-7lkc9,1.0,11534336
2026-09-16T19:35:19.168806+00:00,kai-scheduler,podgroup-controller-68f9cc8dbf-cdbr7,1.0,13631488
2026-09-16T19:35:19.168806+00:00,kai-scheduler,queue-controller-f86fcd76c-t8wkj,1.0,11534336
2026-09-16T19:35:19.168806+00:00,kube-system,coredns-8db54c48d-4t78n,3.0,62914560
2026-09-16T19:35:19.168806+00:00,kube-system,kwok-controller-5cf8c7c44b-jqjt4,117.0,94371840
2026-09-16T19:35:19.168806+00:00,kube-system,local-path-provisioner-5d9d9885bc-xgwkr,1.0,17825792
2026-09-16T19:35:19.168806+00:00,kube-system,metrics-server-75dc6f8d87-8wltz,38.0,275775488
2026-09-16T19:35:19.168806+00:00,kube-system,svclb-traefik-1111e3f7-l9hjt,0.0,0
2026-09-16T19:35:19.168806+00:00,kube-system,traefik-9bcdbbd9-z65hr,7.0,253755392
2026-09-16T19:35:19.168806+00:00,pyroscope,pyroscope-0,6.0,175112192
2026-09-16T19:35:19.168806+00:00,pyroscope,pyroscope-alloy-0,107.0,675282944
2026-09-16T19:35:50.419605+00:00,grove-system,grove-operator-bfd47f895-hqvp4,17.0,1044381696
2026-09-16T19:35:50.419605+00:00,kai-scheduler,admission-86666f457d-2g56g,1.0,16777216
2026-09-16T19:35:50.419605+00:00,kai-scheduler,kai-operator-69b5d7bcf7-mvp2x,2.0,113246208
2026-09-16T19:35:50.419605+00:00,kai-scheduler,pod-grouper-65456f756-7lkc9,1.0,11534336
2026-09-16T19:35:50.419605+00:00,kai-scheduler,podgroup-controller-68f9cc8dbf-cdbr7,1.0,13631488
2026-09-16T19:35:50.419605+00:00,kai-scheduler,queue-controller-f86fcd76c-t8wkj,1.0,11534336
2026-09-16T19:35:50.419605+00:00,kube-system,coredns-8db54c48d-4t78n,4.0,62914560
2026-09-16T19:35:50.419605+00:00,kube-system,kwok-controller-5cf8c7c44b-jqjt4,121.0,93323264
2026-09-16T19:35:50.419605+00:00,kube-system,local-path-provisioner-5d9d9885bc-xgwkr,1.0,17825792
2026-09-16T19:35:50.419605+00:00,kube-system,metrics-server-75dc6f8d87-8wltz,41.0,273678336
2026-09-16T19:35:50.419605+00:00,kube-system,svclb-traefik-1111e3f7-l9hjt,0.0,0
2026-09-16T19:35:50.419605+00:00,kube-system,traefik-9bcdbbd9-z65hr,3.0,253755392
2026-09-16T19:35:50.419605+00:00,pyroscope,pyroscope-0,5.0,175112192
2026-09-16T19:35:50.419605+00:00,pyroscope,pyroscope-alloy-0,110.0,675282944
2026-09-16T19:36:21.672747+00:00,grove-system,grove-operator-bfd47f895-hqvp4,17.0,1018167296
2026-09-16T19:36:21.672747+00:00,kai-scheduler,admission-86666f457d-2g56g,1.0,16777216
2026-09-16T19:36:21.672747+00:00,kai-scheduler,kai-operator-69b5d7bcf7-mvp2x,3.0,114294784
2026-09-16T19:36:21.672747+00:00,kai-scheduler,pod-grouper-65456f756-7lkc9,1.0,11534336
2026-09-16T19:36:21.672747+00:00,kai-scheduler,podgroup-controller-68f9cc8dbf-cdbr7,1.0,13631488
2026-09-16T19:36:21.672747+00:00,kai-scheduler,queue-controller-f86fcd76c-t8wkj,1.0,11534336
2026-09-16T19:36:21.672747+00:00,kube-system,coredns-8db54c48d-4t78n,3.0,61865984
2026-09-16T19:36:21.672747+00:00,kube-system,kwok-controller-5cf8c7c44b-jqjt4,116.0,94371840
2026-09-16T19:36:21.672747+00:00,kube-system,local-path-provisioner-5d9d9885bc-xgwkr,1.0,17825792
2026-09-16T19:36:21.672747+00:00,kube-system,metrics-server-75dc6f8d87-8wltz,40.0,274726912
2026-09-16T19:36:21.672747+00:00,kube-system,svclb-traefik-1111e3f7-l9hjt,0.0,0
2026-09-16T19:36:21.672747+00:00,kube-system,traefik-9bcdbbd9-z65hr,3.0,252706816
2026-09-16T19:36:21.672747+00:00,pyroscope,pyroscope-0,6.0,175112192
2026-09-16T19:36:21.672747+00:00,pyroscope,pyroscope-alloy-0,107.0,659554304
2026-09-16T19:36:52.924438+00:00,grove-system,grove-operator-bfd47f895-hqvp4,20.0,1021313024
2026-09-16T19:36:52.924438+00:00,kai-scheduler,admission-86666f457d-2g56g,1.0,17825792
2026-09-16T19:36:52.924438+00:00,kai-scheduler,kai-operator-69b5d7bcf7-mvp2x,1.0,114294784
2026-09-16T19:36:52.924438+00:00,kai-scheduler,pod-grouper-65456f756-7lkc9,1.0,11534336
2026-09-16T19:36:52.924438+00:00,kai-scheduler,podgroup-controller-68f9cc8dbf-cdbr7,1.0,13631488
2026-09-16T19:36:52.924438+00:00,kai-scheduler,queue-controller-f86fcd76c-t8wkj,1.0,11534336
2026-09-16T19:36:52.924438+00:00,kube-system,coredns-8db54c48d-4t78n,3.0,62914560
2026-09-16T19:36:52.924438+00:00,kube-system,kwok-controller-5cf8c7c44b-jqjt4,113.0,93323264
2026-09-16T19:36:52.924438+00:00,kube-system,local-path-provisioner-5d9d9885bc-xgwkr,1.0,17825792
2026-09-16T19:36:52.924438+00:00,kube-system,metrics-server-75dc6f8d87-8wltz,38.0,273678336
2026-09-16T19:36:52.924438+00:00,kube-system,svclb-traefik-1111e3f7-l9hjt,0.0,0
2026-09-16T19:36:52.924438+00:00,kube-system,traefik-9bcdbbd9-z65hr,3.0,252706816
2026-09-16T19:36:52.924438+00:00,pyroscope,pyroscope-0,6.0,175112192
2026-09-16T19:36:52.924438+00:00,pyroscope,pyroscope-alloy-0,126.0,662700032
2026-09-16T19:37:24.181991+00:00,grove-system,grove-operator-bfd47f895-hqvp4,34.0,1013972992
2026-09-16T19:37:24.181991+00:00,kai-scheduler,admission-86666f457d-2g56g,1.0,16777216
2026-09-16T19:37:24.181991+00:00,kai-scheduler,kai-operator-69b5d7bcf7-mvp2x,1.0,114294784
2026-09-16T19:37:24.181991+00:00,kai-scheduler,pod-grouper-65456f756-7lkc9,1.0,11534336
2026-09-16T19:37:24.181991+00:00,kai-scheduler,podgroup-controller-68f9cc8dbf-cdbr7,1.0,13631488
2026-09-16T19:37:24.181991+00:00,kai-scheduler,queue-controller-f86fcd76c-t8wkj,1.0,11534336
2026-09-16T19:37:24.181991+00:00,kube-system,coredns-8db54c48d-4t78n,3.0,62914560
2026-09-16T19:37:24.181991+00:00,kube-system,kwok-controller-5cf8c7c44b-jqjt4,115.0,94371840
2026-09-16T19:37:24.181991+00:00,kube-system,local-path-provisioner-5d9d9885bc-xgwkr,1.0,17825792
2026-09-16T19:37:24.181991+00:00,kube-system,metrics-server-75dc6f8d87-8wltz,67.0,275775488
2026-09-16T19:37:24.181991+00:00,kube-system,svclb-traefik-1111e3f7-l9hjt,0.0,0
2026-09-16T19:37:24.181991+00:00,kube-system,traefik-9bcdbbd9-z65hr,7.0,250609664
2026-09-16T19:37:24.181991+00:00,pyroscope,pyroscope-0,6.0,175112192
2026-09-16T19:37:24.181991+00:00,pyroscope,pyroscope-alloy-0,110.0,658505728
2026-09-16T19:37:55.431142+00:00,grove-system,grove-operator-bfd47f895-hqvp4,17.0,1017118720
2026-09-16T19:37:55.431142+00:00,kai-scheduler,admission-86666f457d-2g56g,1.0,16777216
2026-09-16T19:37:55.431142+00:00,kai-scheduler,kai-operator-69b5d7bcf7-mvp2x,1.0,114294784
2026-09-16T19:37:55.431142+00:00,kai-scheduler,pod-grouper-65456f756-7lkc9,1.0,11534336
2026-09-16T19:37:55.431142+00:00,kai-scheduler,podgroup-controller-68f9cc8dbf-cdbr7,1.0,13631488
2026-09-16T19:37:55.431142+00:00,kai-scheduler,queue-controller-f86fcd76c-t8wkj,1.0,11534336
2026-09-16T19:37:55.431142+00:00,kube-system,coredns-8db54c48d-4t78n,5.0,61865984
2026-09-16T19:37:55.431142+00:00,kube-system,kwok-controller-5cf8c7c44b-jqjt4,356.0,93323264
2026-09-16T19:37:55.431142+00:00,kube-system,local-path-provisioner-5d9d9885bc-xgwkr,1.0,17825792
2026-09-16T19:37:55.431142+00:00,kube-system,metrics-server-75dc6f8d87-8wltz,43.0,273678336
2026-09-16T19:37:55.431142+00:00,kube-system,svclb-traefik-1111e3f7-l9hjt,0.0,0
2026-09-16T19:37:55.431142+00:00,kube-system,traefik-9bcdbbd9-z65hr,3.0,250609664
2026-09-16T19:37:55.431142+00:00,pyroscope,pyroscope-0,6.0,175112192
2026-09-16T19:37:55.431142+00:00,pyroscope,pyroscope-alloy-0,97.0,645922816
2026-09-16T19:38:26.679931+00:00,grove-system,grove-operator-bfd47f895-hqvp4,20.0,1011875840
2026-09-16T19:38:26.679931+00:00,kai-scheduler,admission-86666f457d-2g56g,1.0,16777216
2026-09-16T19:38:26.679931+00:00,kai-scheduler,kai-operator-69b5d7bcf7-mvp2x,1.0,114294784
2026-09-16T19:38:26.679931+00:00,kai-scheduler,pod-grouper-65456f756-7lkc9,1.0,11534336
2026-09-16T19:38:26.679931+00:00,kai-scheduler,podgroup-controller-68f9cc8dbf-cdbr7,1.0,13631488
2026-09-16T19:38:26.679931+00:00,kai-scheduler,queue-controller-f86fcd76c-t8wkj,1.0,11534336
2026-09-16T19:38:26.679931+00:00,kube-system,coredns-8db54c48d-4t78n,3.0,61865984
2026-09-16T19:38:26.679931+00:00,kube-system,kwok-controller-5cf8c7c44b-jqjt4,121.0,94371840
2026-09-16T19:38:26.679931+00:00,kube-system,local-path-provisioner-5d9d9885bc-xgwkr,1.0,17825792
2026-09-16T19:38:26.679931+00:00,kube-system,metrics-server-75dc6f8d87-8wltz,44.0,273678336
2026-09-16T19:38:26.679931+00:00,kube-system,svclb-traefik-1111e3f7-l9hjt,0.0,0
2026-09-16T19:38:26.679931+00:00,kube-system,traefik-9bcdbbd9-z65hr,3.0,250609664
2026-09-16T19:38:26.679931+00:00,pyroscope,pyroscope-0,6.0,175112192
2026-09-16T19:38:26.679931+00:00,pyroscope,pyroscope-alloy-0,134.0,636485632
2026-09-16T19:38:57.930921+00:00,grove-system,grove-operator-bfd47f895-hqvp4,17.0,1013972992
2026-09-16T19:38:57.930921+00:00,kai-scheduler,admission-86666f457d-2g56g,1.0,16777216
2026-09-16T19:38:57.930921+00:00,kai-scheduler,kai-operator-69b5d7bcf7-mvp2x,2.0,109051904
2026-09-16T19:38:57.930921+00:00,kai-scheduler,pod-grouper-65456f756-7lkc9,1.0,11534336
2026-09-16T19:38:57.930921+00:00,kai-scheduler,podgroup-controller-68f9cc8dbf-cdbr7,1.0,13631488
2026-09-16T19:38:57.930921+00:00,kai-scheduler,queue-controller-f86fcd76c-t8wkj,1.0,11534336
2026-09-16T19:38:57.930921+00:00,kube-system,coredns-8db54c48d-4t78n,3.0,61865984
2026-09-16T19:38:57.930921+00:00,kube-system,kwok-controller-5cf8c7c44b-jqjt4,118.0,93323264
2026-09-16T19:38:57.930921+00:00,kube-system,local-path-provisioner-5d9d9885bc-xgwkr,1.0,17825792
2026-09-16T19:38:57.930921+00:00,kube-system,metrics-server-75dc6f8d87-8wltz,36.0,275775488
2026-09-16T19:38:57.930921+00:00,kube-system,svclb-traefik-1111e3f7-l9hjt,0.0,0
2026-09-16T19:38:57.930921+00:00,kube-system,traefik-9bcdbbd9-z65hr,3.0,252706816
2026-09-16T19:38:57.930921+00:00,pyroscope,pyroscope-0,5.0,176160768
2026-09-16T19:38:57.930921+00:00,pyroscope,pyroscope-alloy-0,117.0,642777088
2026-09-16T19:39:29.187039+00:00,grove-system,grove-operator-bfd47f895-hqvp4,15.0,1007681536
2026-09-16T19:39:29.187039+00:00,kai-scheduler,admission-86666f457d-2g56g,1.0,16777216
2026-09-16T19:39:29.187039+00:00,kai-scheduler,kai-operator-69b5d7bcf7-mvp2x,3.0,109051904
2026-09-16T19:39:29.187039+00:00,kai-scheduler,kai-scheduler-default-7d6685f94-rh5xx,92.0,376438784
2026-09-16T19:39:29.187039+00:00,kai-scheduler,pod-grouper-65456f756-7lkc9,1.0,11534336
2026-09-16T19:39:29.187039+00:00,kai-scheduler,podgroup-controller-68f9cc8dbf-cdbr7,1.0,13631488
2026-09-16T19:39:29.187039+00:00,kai-scheduler,queue-controller-f86fcd76c-t8wkj,1.0,11534336
2026-09-16T19:39:29.187039+00:00,kube-system,coredns-8db54c48d-4t78n,4.0,61865984
2026-09-16T19:39:29.187039+00:00,kube-system,kwok-controller-5cf8c7c44b-jqjt4,143.0,93323264
2026-09-16T19:39:29.187039+00:00,kube-system,local-path-provisioner-5d9d9885bc-xgwkr,1.0,17825792
2026-09-16T19:39:29.187039+00:00,kube-system,metrics-server-75dc6f8d87-8wltz,44.0,275775488
2026-09-16T19:39:29.187039+00:00,kube-system,svclb-traefik-1111e3f7-l9hjt,0.0,0
2026-09-16T19:39:29.187039+00:00,kube-system,traefik-9bcdbbd9-z65hr,8.0,250609664
2026-09-16T19:39:29.187039+00:00,pyroscope,pyroscope-0,7.0,175112192
2026-09-16T19:39:29.187039+00:00,pyroscope,pyroscope-alloy-0,75.0,627048448
2026-09-16T19:40:00.445112+00:00,grove-system,grove-operator-bfd47f895-hqvp4,17.0,1012924416
2026-09-16T19:40:00.445112+00:00,kai-scheduler,admission-86666f457d-2g56g,1.0,16777216
2026-09-16T19:40:00.445112+00:00,kai-scheduler,kai-operator-69b5d7bcf7-mvp2x,1.0,110100480
2026-09-16T19:40:00.445112+00:00,kai-scheduler,kai-scheduler-default-7d6685f94-rh5xx,93.0,406847488
2026-09-16T19:40:00.445112+00:00,kai-scheduler,pod-grouper-65456f756-7lkc9,1.0,11534336
2026-09-16T19:40:00.445112+00:00,kai-scheduler,podgroup-controller-68f9cc8dbf-cdbr7,1.0,13631488
2026-09-16T19:40:00.445112+00:00,kai-scheduler,queue-controller-f86fcd76c-t8wkj,1.0,11534336
2026-09-16T19:40:00.445112+00:00,kube-system,coredns-8db54c48d-4t78n,3.0,62914560
2026-09-16T19:40:00.445112+00:00,kube-system,kwok-controller-5cf8c7c44b-jqjt4,119.0,93323264
2026-09-16T19:40:00.445112+00:00,kube-system,local-path-provisioner-5d9d9885bc-xgwkr,1.0,17825792
2026-09-16T19:40:00.445112+00:00,kube-system,metrics-server-75dc6f8d87-8wltz,42.0,276824064
2026-09-16T19:40:00.445112+00:00,kube-system,svclb-traefik-1111e3f7-l9hjt,0.0,0
2026-09-16T19:40:00.445112+00:00,kube-system,traefik-9bcdbbd9-z65hr,3.0,250609664
2026-09-16T19:40:00.445112+00:00,pyroscope,pyroscope-0,6.0,167772160
2026-09-16T19:40:00.445112+00:00,pyroscope,pyroscope-alloy-0,102.0,630194176
2026-09-16T19:40:31.693826+00:00,grove-system,grove-operator-bfd47f895-hqvp4,18.0,986710016
2026-09-16T19:40:31.693826+00:00,kai-scheduler,admission-86666f457d-2g56g,1.0,16777216
2026-09-16T19:40:31.693826+00:00,kai-scheduler,kai-operator-69b5d7bcf7-mvp2x,1.0,109051904
2026-09-16T19:40:31.693826+00:00,kai-scheduler,kai-scheduler-default-7d6685f94-rh5xx,99.0,394264576
2026-09-16T19:40:31.693826+00:00,kai-scheduler,pod-grouper-65456f756-7lkc9,1.0,11534336
2026-09-16T19:40:31.693826+00:00,kai-scheduler,podgroup-controller-68f9cc8dbf-cdbr7,1.0,13631488
2026-09-16T19:40:31.693826+00:00,kai-scheduler,queue-controller-f86fcd76c-t8wkj,1.0,11534336
2026-09-16T19:40:31.693826+00:00,kube-system,coredns-8db54c48d-4t78n,3.0,61865984
2026-09-16T19:40:31.693826+00:00,kube-system,kwok-controller-5cf8c7c44b-jqjt4,117.0,92274688
2026-09-16T19:40:31.693826+00:00,kube-system,local-path-provisioner-5d9d9885bc-xgwkr,1.0,17825792
2026-09-16T19:40:31.693826+00:00,kube-system,metrics-server-75dc6f8d87-8wltz,43.0,276824064
2026-09-16T19:40:31.693826+00:00,kube-system,svclb-traefik-1111e3f7-l9hjt,0.0,0
2026-09-16T19:40:31.693826+00:00,kube-system,traefik-9bcdbbd9-z65hr,3.0,250609664
2026-09-16T19:40:31.693826+00:00,pyroscope,pyroscope-0,6.0,167772160
2026-09-16T19:40:31.693826+00:00,pyroscope,pyroscope-alloy-0,91.0,610271232
2026-09-16T19:41:02.953828+00:00,grove-system,grove-operator-bfd47f895-hqvp4,27.0,987758592
2026-09-16T19:41:02.953828+00:00,kai-scheduler,admission-86666f457d-2g56g,1.0,16777216
2026-09-16T19:41:02.953828+00:00,kai-scheduler,kai-operator-69b5d7bcf7-mvp2x,1.0,109051904
2026-09-16T19:41:02.953828+00:00,kai-scheduler,kai-scheduler-default-7d6685f94-rh5xx,87.0,391118848
2026-09-16T19:41:02.953828+00:00,kai-scheduler,pod-grouper-65456f756-7lkc9,1.0,11534336
2026-09-16T19:41:02.953828+00:00,kai-scheduler,podgroup-controller-68f9cc8dbf-cdbr7,1.0,13631488
2026-09-16T19:41:02.953828+00:00,kai-scheduler,queue-controller-f86fcd76c-t8wkj,1.0,11534336
2026-09-16T19:41:02.953828+00:00,kube-system,coredns-8db54c48d-4t78n,3.0,61865984
2026-09-16T19:41:02.953828+00:00,kube-system,kwok-controller-5cf8c7c44b-jqjt4,119.0,93323264
2026-09-16T19:41:02.953828+00:00,kube-system,local-path-provisioner-5d9d9885bc-xgwkr,1.0,17825792
2026-09-16T19:41:02.953828+00:00,kube-system,metrics-server-75dc6f8d87-8wltz,39.0,274726912
2026-09-16T19:41:02.953828+00:00,kube-system,svclb-traefik-1111e3f7-l9hjt,0.0,0
2026-09-16T19:41:02.953828+00:00,kube-system,traefik-9bcdbbd9-z65hr,3.0,250609664
2026-09-16T19:41:02.953828+00:00,pyroscope,pyroscope-0,6.0,167772160
2026-09-16T19:41:02.953828+00:00,pyroscope,pyroscope-alloy-0,103.0,603979776
2026-09-16T19:41:34.207626+00:00,grove-system,grove-operator-bfd47f895-hqvp4,32.0,974127104
2026-09-16T19:41:34.207626+00:00,kai-scheduler,admission-86666f457d-2g56g,1.0,16777216
2026-09-16T19:41:34.207626+00:00,kai-scheduler,binder-869fc94c7-shvq6,73.0,205520896
2026-09-16T19:41:34.207626+00:00,kai-scheduler,kai-operator-69b5d7bcf7-mvp2x,1.0,109051904
2026-09-16T19:41:34.207626+00:00,kai-scheduler,kai-scheduler-default-7d6685f94-rh5xx,79.0,360710144
2026-09-16T19:41:34.207626+00:00,kai-scheduler,pod-grouper-65456f756-7lkc9,1.0,11534336
2026-09-16T19:41:34.207626+00:00,kai-scheduler,podgroup-controller-68f9cc8dbf-cdbr7,1.0,13631488
2026-09-16T19:41:34.207626+00:00,kai-scheduler,queue-controller-f86fcd76c-t8wkj,1.0,11534336
2026-09-16T19:41:34.207626+00:00,kube-system,coredns-8db54c48d-4t78n,3.0,62914560
2026-09-16T19:41:34.207626+00:00,kube-system,kwok-controller-5cf8c7c44b-jqjt4,117.0,92274688
2026-09-16T19:41:34.207626+00:00,kube-system,local-path-provisioner-5d9d9885bc-xgwkr,1.0,17825792
2026-09-16T19:41:34.207626+00:00,kube-system,metrics-server-75dc6f8d87-8wltz,36.0,274726912
2026-09-16T19:41:34.207626+00:00,kube-system,svclb-traefik-1111e3f7-l9hjt,0.0,0
2026-09-16T19:41:34.207626+00:00,kube-system,traefik-9bcdbbd9-z65hr,3.0,248512512
2026-09-16T19:41:34.207626+00:00,pyroscope,pyroscope-0,5.0,168820736
2026-09-16T19:41:34.207626+00:00,pyroscope,pyroscope-alloy-0,110.0,594542592
2026-09-16T19:42:05.462537+00:00,grove-system,grove-operator-bfd47f895-hqvp4,18.0,978321408
2026-09-16T19:42:05.462537+00:00,kai-scheduler,admission-86666f457d-2g56g,1.0,16777216
2026-09-16T19:42:05.462537+00:00,kai-scheduler,kai-operator-69b5d7bcf7-mvp2x,1.0,112197632
2026-09-16T19:42:05.462537+00:00,kai-scheduler,kai-scheduler-default-7d6685f94-rh5xx,81.0,367001600
2026-09-16T19:42:05.462537+00:00,kai-scheduler,pod-grouper-65456f756-7lkc9,1.0,11534336
2026-09-16T19:42:05.462537+00:00,kai-scheduler,podgroup-controller-68f9cc8dbf-cdbr7,1.0,13631488
2026-09-16T19:42:05.462537+00:00,kai-scheduler,queue-controller-f86fcd76c-t8wkj,1.0,11534336
2026-09-16T19:42:05.462537+00:00,kube-system,coredns-8db54c48d-4t78n,3.0,61865984
2026-09-16T19:42:05.462537+00:00,kube-system,kwok-controller-5cf8c7c44b-jqjt4,109.0,92274688
2026-09-16T19:42:05.462537+00:00,kube-system,local-path-provisioner-5d9d9885bc-xgwkr,1.0,17825792
2026-09-16T19:42:05.462537+00:00,kube-system,metrics-server-75dc6f8d87-8wltz,41.0,273678336
2026-09-16T19:42:05.462537+00:00,kube-system,svclb-traefik-1111e3f7-l9hjt,0.0,0
2026-09-16T19:42:05.462537+00:00,kube-system,traefik-9bcdbbd9-z65hr,3.0,248512512
2026-09-16T19:42:05.462537+00:00,pyroscope,pyroscope-0,5.0,169869312
2026-09-16T19:42:05.462537+00:00,pyroscope,pyroscope-alloy-0,78.0,592445440
2026-09-16T19:42:36.709821+00:00,grove-system,grove-operator-bfd47f895-hqvp4,18.0,980418560
2026-09-16T19:42:36.709821+00:00,kai-scheduler,admission-86666f457d-2g56g,1.0,16777216
2026-09-16T19:42:36.709821+00:00,kai-scheduler,kai-operator-69b5d7bcf7-mvp2x,1.0,112197632
2026-09-16T19:42:36.709821+00:00,kai-scheduler,kai-scheduler-default-7d6685f94-rh5xx,77.0,356515840
2026-09-16T19:42:36.709821+00:00,kai-scheduler,pod-grouper-65456f756-7lkc9,1.0,11534336
2026-09-16T19:42:36.709821+00:00,kai-scheduler,podgroup-controller-68f9cc8dbf-cdbr7,1.0,13631488
2026-09-16T19:42:36.709821+00:00,kai-scheduler,queue-controller-f86fcd76c-t8wkj,1.0,11534336
2026-09-16T19:42:36.709821+00:00,kube-system,coredns-8db54c48d-4t78n,3.0,62914560
2026-09-16T19:42:36.709821+00:00,kube-system,kwok-controller-5cf8c7c44b-jqjt4,114.0,92274688
2026-09-16T19:42:36.709821+00:00,kube-system,local-path-provisioner-5d9d9885bc-xgwkr,1.0,17825792
2026-09-16T19:42:36.709821+00:00,kube-system,metrics-server-75dc6f8d87-8wltz,49.0,273678336
2026-09-16T19:42:36.709821+00:00,kube-system,svclb-traefik-1111e3f7-l9hjt,0.0,0
2026-09-16T19:42:36.709821+00:00,kube-system,traefik-9bcdbbd9-z65hr,3.0,249561088
2026-09-16T19:42:36.709821+00:00,pyroscope,pyroscope-0,5.0,170917888
2026-09-16T19:42:36.709821+00:00,pyroscope,pyroscope-alloy-0,78.0,580911104
2026-09-16T19:43:07.960426+00:00,grove-system,grove-operator-bfd47f895-hqvp4,28.0,982515712
2026-09-16T19:43:07.960426+00:00,kai-scheduler,admission-86666f457d-2g56g,1.0,17825792
2026-09-16T19:43:07.960426+00:00,kai-scheduler,kai-operator-69b5d7bcf7-mvp2x,1.0,112197632
2026-09-16T19:43:07.960426+00:00,kai-scheduler,kai-scheduler-default-7d6685f94-rh5xx,70.0,354418688
2026-09-16T19:43:07.960426+00:00,kai-scheduler,pod-grouper-65456f756-7lkc9,1.0,11534336
2026-09-16T19:43:07.960426+00:00,kai-scheduler,podgroup-controller-68f9cc8dbf-cdbr7,1.0,13631488
2026-09-16T19:43:07.960426+00:00,kai-scheduler,queue-controller-f86fcd76c-t8wkj,1.0,11534336
2026-09-16T19:43:07.960426+00:00,kube-system,coredns-8db54c48d-4t78n,3.0,61865984
2026-09-16T19:43:07.960426+00:00,kube-system,kwok-controller-5cf8c7c44b-jqjt4,113.0,94371840
2026-09-16T19:43:07.960426+00:00,kube-system,local-path-provisioner-5d9d9885bc-xgwkr,1.0,17825792
2026-09-16T19:43:07.960426+00:00,kube-system,metrics-server-75dc6f8d87-8wltz,44.0,273678336
2026-09-16T19:43:07.960426+00:00,kube-system,svclb-traefik-1111e3f7-l9hjt,0.0,0
2026-09-16T19:43:07.960426+00:00,kube-system,traefik-9bcdbbd9-z65hr,4.0,248512512
2026-09-16T19:43:07.960426+00:00,pyroscope,pyroscope-0,6.0,168820736
2026-09-16T19:43:07.960426+00:00,pyroscope,pyroscope-alloy-0,66.0,580911104
2026-09-16T19:43:39.209373+00:00,grove-system,grove-operator-bfd47f895-hqvp4,25.0,960495616
2026-09-16T19:43:39.209373+00:00,kai-scheduler,admission-86666f457d-2g56g,1.0,16777216
2026-09-16T19:43:39.209373+00:00,kai-scheduler,kai-operator-69b5d7bcf7-mvp2x,1.0,112197632
2026-09-16T19:43:39.209373+00:00,kai-scheduler,kai-scheduler-default-7d6685f94-rh5xx,69.0,324009984
2026-09-16T19:43:39.209373+00:00,kai-scheduler,pod-grouper-65456f756-7lkc9,1.0,11534336
2026-09-16T19:43:39.209373+00:00,kai-scheduler,podgroup-controller-68f9cc8dbf-cdbr7,1.0,13631488
2026-09-16T19:43:39.209373+00:00,kai-scheduler,queue-controller-f86fcd76c-t8wkj,1.0,11534336
2026-09-16T19:43:39.209373+00:00,kube-system,coredns-8db54c48d-4t78n,3.0,61865984
2026-09-16T19:43:39.209373+00:00,kube-system,kwok-controller-5cf8c7c44b-jqjt4,113.0,93323264
2026-09-16T19:43:39.209373+00:00,kube-system,local-path-provisioner-5d9d9885bc-xgwkr,1.0,17825792
2026-09-16T19:43:39.209373+00:00,kube-system,metrics-server-75dc6f8d87-8wltz,44.0,274726912
2026-09-16T19:43:39.209373+00:00,kube-system,svclb-traefik-1111e3f7-l9hjt,0.0,0
2026-09-16T19:43:39.209373+00:00,kube-system,traefik-9bcdbbd9-z65hr,3.0,245366784
2026-09-16T19:43:39.209373+00:00,pyroscope,pyroscope-0,6.0,168820736
2026-09-16T19:43:39.209373+00:00,pyroscope,pyroscope-alloy-0,61.0,574619648
2026-09-16T19:44:10.465222+00:00,grove-system,grove-operator-bfd47f895-hqvp4,16.0,962592768
2026-09-16T19:44:10.465222+00:00,kai-scheduler,admission-86666f457d-2g56g,1.0,16777216
2026-09-16T19:44:10.465222+00:00,kai-scheduler,kai-operator-69b5d7bcf7-mvp2x,1.0,112197632
2026-09-16T19:44:10.465222+00:00,kai-scheduler,kai-scheduler-default-7d6685f94-rh5xx,70.0,346030080
2026-09-16T19:44:10.465222+00:00,kai-scheduler,pod-grouper-65456f756-7lkc9,1.0,11534336
2026-09-16T19:44:10.465222+00:00,kai-scheduler,podgroup-controller-68f9cc8dbf-cdbr7,1.0,13631488
2026-09-16T19:44:10.465222+00:00,kai-scheduler,queue-controller-f86fcd76c-t8wkj,1.0,11534336
2026-09-16T19:44:10.465222+00:00,kube-system,coredns-8db54c48d-4t78n,3.0,61865984
2026-09-16T19:44:10.465222+00:00,kube-system,kwok-controller-5cf8c7c44b-jqjt4,114.0,94371840
2026-09-16T19:44:10.465222+00:00,kube-system,local-path-provisioner-5d9d9885bc-xgwkr,1.0,17825792
2026-09-16T19:44:10.465222+00:00,kube-system,metrics-server-75dc6f8d87-8wltz,40.0,274726912
2026-09-16T19:44:10.465222+00:00,kube-system,svclb-traefik-1111e3f7-l9hjt,0.0,0
2026-09-16T19:44:10.465222+00:00,kube-system,traefik-9bcdbbd9-z65hr,3.0,245366784
2026-09-16T19:44:10.465222+00:00,pyroscope,pyroscope-0,6.0,168820736
2026-09-16T19:44:10.465222+00:00,pyroscope,pyroscope-alloy-0,63.0,557842432
2026-09-16T19:44:41.713170+00:00,grove-system,grove-operator-bfd47f895-hqvp4,23.0,940572672
2026-09-16T19:44:41.713170+00:00,kai-scheduler,admission-86666f457d-2g56g,1.0,16777216
2026-09-16T19:44:41.713170+00:00,kai-scheduler,kai-operator-69b5d7bcf7-mvp2x,3.0,109051904
2026-09-16T19:44:41.713170+00:00,kai-scheduler,kai-scheduler-default-7d6685f94-rh5xx,60.0,312475648
2026-09-16T19:44:41.713170+00:00,kai-scheduler,pod-grouper-65456f756-7lkc9,1.0,11534336
2026-09-16T19:44:41.713170+00:00,kai-scheduler,podgroup-controller-68f9cc8dbf-cdbr7,1.0,13631488
2026-09-16T19:44:41.713170+00:00,kai-scheduler,queue-controller-f86fcd76c-t8wkj,1.0,11534336
2026-09-16T19:44:41.713170+00:00,kube-system,coredns-8db54c48d-4t78n,3.0,62914560
2026-09-16T19:44:41.713170+00:00,kube-system,kwok-controller-5cf8c7c44b-jqjt4,186.0,92274688
2026-09-16T19:44:41.713170+00:00,kube-system,local-path-provisioner-5d9d9885bc-xgwkr,1.0,17825792
2026-09-16T19:44:41.713170+00:00,kube-system,metrics-server-75dc6f8d87-8wltz,44.0,274726912
2026-09-16T19:44:41.713170+00:00,kube-system,svclb-traefik-1111e3f7-l9hjt,0.0,0
2026-09-16T19:44:41.713170+00:00,kube-system,traefik-9bcdbbd9-z65hr,3.0,246415360
2026-09-16T19:44:41.713170+00:00,pyroscope,pyroscope-0,5.0,167772160
2026-09-16T19:44:41.713170+00:00,pyroscope,pyroscope-alloy-0,63.0,551550976
2026-09-16T19:45:12.966325+00:00,grove-system,grove-operator-bfd47f895-hqvp4,20.0,943718400
2026-09-16T19:45:12.966325+00:00,kai-scheduler,admission-86666f457d-2g56g,1.0,16777216
2026-09-16T19:45:12.966325+00:00,kai-scheduler,kai-operator-69b5d7bcf7-mvp2x,1.0,109051904
2026-09-16T19:45:12.966325+00:00,kai-scheduler,kai-scheduler-default-7d6685f94-rh5xx,60.0,295698432
2026-09-16T19:45:12.966325+00:00,kai-scheduler,pod-grouper-65456f756-7lkc9,1.0,11534336
2026-09-16T19:45:12.966325+00:00,kai-scheduler,podgroup-controller-68f9cc8dbf-cdbr7,1.0,13631488
2026-09-16T19:45:12.966325+00:00,kai-scheduler,queue-controller-f86fcd76c-t8wkj,1.0,11534336
2026-09-16T19:45:12.966325+00:00,kube-system,coredns-8db54c48d-4t78n,3.0,62914560
2026-09-16T19:45:12.966325+00:00,kube-system,kwok-controller-5cf8c7c44b-jqjt4,117.0,91226112
2026-09-16T19:45:12.966325+00:00,kube-system,local-path-provisioner-5d9d9885bc-xgwkr,1.0,17825792
2026-09-16T19:45:12.966325+00:00,kube-system,metrics-server-75dc6f8d87-8wltz,47.0,271581184
2026-09-16T19:45:12.966325+00:00,kube-system,svclb-traefik-1111e3f7-l9hjt,0.0,0
2026-09-16T19:45:12.966325+00:00,kube-system,traefik-9bcdbbd9-z65hr,5.0,245366784
2026-09-16T19:45:12.966325+00:00,pyroscope,pyroscope-0,7.0,169869312
2026-09-16T19:45:12.966325+00:00,pyroscope,pyroscope-alloy-0,62.0,543162368
2026-09-16T19:45:44.214685+00:00,grove-system,grove-operator-bfd47f895-hqvp4,27.0,945815552
2026-09-16T19:45:44.214685+00:00,kai-scheduler,admission-86666f457d-2g56g,1.0,16777216
2026-09-16T19:45:44.214685+00:00,kai-scheduler,kai-operator-69b5d7bcf7-mvp2x,1.0,109051904
2026-09-16T19:45:44.214685+00:00,kai-scheduler,kai-scheduler-default-7d6685f94-rh5xx,55.0,285212672
2026-09-16T19:45:44.214685+00:00,kai-scheduler,pod-grouper-65456f756-7lkc9,1.0,11534336
2026-09-16T19:45:44.214685+00:00,kai-scheduler,podgroup-controller-68f9cc8dbf-cdbr7,1.0,13631488
2026-09-16T19:45:44.214685+00:00,kai-scheduler,queue-controller-f86fcd76c-t8wkj,1.0,11534336
2026-09-16T19:45:44.214685+00:00,kube-system,coredns-8db54c48d-4t78n,4.0,62914560
2026-09-16T19:45:44.214685+00:00,kube-system,kwok-controller-5cf8c7c44b-jqjt4,113.0,91226112
2026-09-16T19:45:44.214685+00:00,kube-system,local-path-provisioner-5d9d9885bc-xgwkr,1.0,17825792
2026-09-16T19:45:44.214685+00:00,kube-system,metrics-server-75dc6f8d87-8wltz,47.0,268435456
2026-09-16T19:45:44.214685+00:00,kube-system,svclb-traefik-1111e3f7-l9hjt,0.0,0
2026-09-16T19:45:44.214685+00:00,kube-system,traefik-9bcdbbd9-z65hr,3.0,245366784
2026-09-16T19:45:44.214685+00:00,pyroscope,pyroscope-0,6.0,174063616
2026-09-16T19:45:44.214685+00:00,pyroscope,pyroscope-alloy-0,64.0,533725184
2026-09-16T19:46:15.465647+00:00,grove-system,grove-operator-bfd47f895-hqvp4,17.0,935329792
2026-09-16T19:46:15.465647+00:00,kai-scheduler,admission-86666f457d-2g56g,1.0,16777216
2026-09-16T19:46:15.465647+00:00,kai-scheduler,kai-operator-69b5d7bcf7-mvp2x,1.0,109051904
2026-09-16T19:46:15.465647+00:00,kai-scheduler,kai-scheduler-default-7d6685f94-rh5xx,57.0,285212672
2026-09-16T19:46:15.465647+00:00,kai-scheduler,pod-grouper-65456f756-7lkc9,1.0,11534336
2026-09-16T19:46:15.465647+00:00,kai-scheduler,podgroup-controller-68f9cc8dbf-cdbr7,1.0,13631488
2026-09-16T19:46:15.465647+00:00,kai-scheduler,queue-controller-f86fcd76c-t8wkj,1.0,11534336
2026-09-16T19:46:15.465647+00:00,kube-system,coredns-8db54c48d-4t78n,3.0,61865984
2026-09-16T19:46:15.465647+00:00,kube-system,kwok-controller-5cf8c7c44b-jqjt4,112.0,92274688
2026-09-16T19:46:15.465647+00:00,kube-system,local-path-provisioner-5d9d9885bc-xgwkr,1.0,17825792
2026-09-16T19:46:15.465647+00:00,kube-system,metrics-server-75dc6f8d87-8wltz,52.0,267386880
2026-09-16T19:46:15.465647+00:00,kube-system,svclb-traefik-1111e3f7-l9hjt,0.0,0
2026-09-16T19:46:15.465647+00:00,kube-system,traefik-9bcdbbd9-z65hr,3.0,245366784
2026-09-16T19:46:15.465647+00:00,pyroscope,pyroscope-0,7.0,174063616
2026-09-16T19:46:15.465647+00:00,pyroscope,pyroscope-alloy-0,57.0,531628032
2026-09-16T19:46:46.724928+00:00,grove-system,grove-operator-bfd47f895-hqvp4,17.0,923795456
2026-09-16T19:46:46.724928+00:00,kai-scheduler,admission-86666f457d-2g56g,1.0,16777216
2026-09-16T19:46:46.724928+00:00,kai-scheduler,kai-operator-69b5d7bcf7-mvp2x,3.0,109051904
2026-09-16T19:46:46.724928+00:00,kai-scheduler,kai-scheduler-default-7d6685f94-rh5xx,50.0,278921216
2026-09-16T19:46:46.724928+00:00,kai-scheduler,pod-grouper-65456f756-7lkc9,1.0,11534336
2026-09-16T19:46:46.724928+00:00,kai-scheduler,podgroup-controller-68f9cc8dbf-cdbr7,1.0,13631488
2026-09-16T19:46:46.724928+00:00,kai-scheduler,queue-controller-f86fcd76c-t8wkj,1.0,11534336
2026-09-16T19:46:46.724928+00:00,kube-system,coredns-8db54c48d-4t78n,3.0,62914560
2026-09-16T19:46:46.724928+00:00,kube-system,kwok-controller-5cf8c7c44b-jqjt4,115.0,90177536
2026-09-16T19:46:46.724928+00:00,kube-system,local-path-provisioner-5d9d9885bc-xgwkr,1.0,17825792
2026-09-16T19:46:46.724928+00:00,kube-system,metrics-server-75dc6f8d87-8wltz,35.0,269484032
2026-09-16T19:46:46.724928+00:00,kube-system,svclb-traefik-1111e3f7-l9hjt,0.0,0
2026-09-16T19:46:46.724928+00:00,kube-system,traefik-9bcdbbd9-z65hr,3.0,245366784
2026-09-16T19:46:46.724928+00:00,pyroscope,pyroscope-0,6.0,177209344
2026-09-16T19:46:46.724928+00:00,pyroscope,pyroscope-alloy-0,44.0,525336576
2026-09-16T19:47:17.982025+00:00,grove-system,grove-operator-bfd47f895-hqvp4,16.0,895483904
2026-09-16T19:47:17.982025+00:00,kai-scheduler,admission-86666f457d-2g56g,1.0,17825792
2026-09-16T19:47:17.982025+00:00,kai-scheduler,binder-869fc94c7-shvq6,40.0,96468992
2026-09-16T19:47:17.982025+00:00,kai-scheduler,kai-operator-69b5d7bcf7-mvp2x,3.0,109051904
2026-09-16T19:47:17.982025+00:00,kai-scheduler,kai-scheduler-default-7d6685f94-rh5xx,48.0,281018368
2026-09-16T19:47:17.982025+00:00,kai-scheduler,pod-grouper-65456f756-7lkc9,1.0,11534336
2026-09-16T19:47:17.982025+00:00,kai-scheduler,podgroup-controller-68f9cc8dbf-cdbr7,1.0,13631488
2026-09-16T19:47:17.982025+00:00,kai-scheduler,queue-controller-f86fcd76c-t8wkj,1.0,11534336
2026-09-16T19:47:17.982025+00:00,kube-system,coredns-8db54c48d-4t78n,3.0,61865984
2026-09-16T19:47:17.982025+00:00,kube-system,kwok-controller-5cf8c7c44b-jqjt4,114.0,91226112
2026-09-16T19:47:17.982025+00:00,kube-system,local-path-provisioner-5d9d9885bc-xgwkr,1.0,17825792
2026-09-16T19:47:17.982025+00:00,kube-system,metrics-server-75dc6f8d87-8wltz,46.0,272629760
2026-09-16T19:47:17.982025+00:00,kube-system,svclb-traefik-1111e3f7-l9hjt,0.0,0
2026-09-16T19:47:17.982025+00:00,kube-system,traefik-9bcdbbd9-z65hr,3.0,245366784
2026-09-16T19:47:17.982025+00:00,pyroscope,pyroscope-0,7.0,177209344
2026-09-16T19:47:17.982025+00:00,pyroscope,pyroscope-alloy-0,48.0,500170752
2026-09-16T19:47:49.240527+00:00,grove-system,grove-operator-bfd47f895-hqvp4,18.0,897581056
2026-09-16T19:47:49.240527+00:00,kai-scheduler,admission-86666f457d-2g56g,1.0,16777216
2026-09-16T19:47:49.240527+00:00,kai-scheduler,binder-869fc94c7-shvq6,20.0,100663296
2026-09-16T19:47:49.240527+00:00,kai-scheduler,kai-operator-69b5d7bcf7-mvp2x,1.0,109051904
2026-09-16T19:47:49.240527+00:00,kai-scheduler,kai-scheduler-default-7d6685f94-rh5xx,43.0,269484032
2026-09-16T19:47:49.240527+00:00,kai-scheduler,pod-grouper-65456f756-7lkc9,1.0,11534336
2026-09-16T19:47:49.240527+00:00,kai-scheduler,podgroup-controller-68f9cc8dbf-cdbr7,1.0,13631488
2026-09-16T19:47:49.240527+00:00,kai-scheduler,queue-controller-f86fcd76c-t8wkj,1.0,11534336
2026-09-16T19:47:49.240527+00:00,kube-system,coredns-8db54c48d-4t78n,3.0,60817408
2026-09-16T19:47:49.240527+00:00,kube-system,kwok-controller-5cf8c7c44b-jqjt4,110.0,90177536
2026-09-16T19:47:49.240527+00:00,kube-system,local-path-provisioner-5d9d9885bc-xgwkr,1.0,17825792
2026-09-16T19:47:49.240527+00:00,kube-system,metrics-server-75dc6f8d87-8wltz,51.0,271581184
2026-09-16T19:47:49.240527+00:00,kube-system,svclb-traefik-1111e3f7-l9hjt,0.0,0
2026-09-16T19:47:49.240527+00:00,kube-system,traefik-9bcdbbd9-z65hr,3.0,239075328
2026-09-16T19:47:49.240527+00:00,pyroscope,pyroscope-0,6.0,174063616
2026-09-16T19:47:49.240527+00:00,pyroscope,pyroscope-alloy-0,39.0,483393536
2026-09-16T19:48:20.493406+00:00,grove-system,grove-operator-bfd47f895-hqvp4,22.0,858783744
2026-09-16T19:48:20.493406+00:00,kai-scheduler,admission-86666f457d-2g56g,1.0,16777216
2026-09-16T19:48:20.493406+00:00,kai-scheduler,binder-869fc94c7-shvq6,18.0,101711872
2026-09-16T19:48:20.493406+00:00,kai-scheduler,kai-operator-69b5d7bcf7-mvp2x,1.0,109051904
2026-09-16T19:48:20.493406+00:00,kai-scheduler,kai-scheduler-default-7d6685f94-rh5xx,39.0,263192576
2026-09-16T19:48:20.493406+00:00,kai-scheduler,pod-grouper-65456f756-7lkc9,1.0,11534336
2026-09-16T19:48:20.493406+00:00,kai-scheduler,podgroup-controller-68f9cc8dbf-cdbr7,1.0,13631488
2026-09-16T19:48:20.493406+00:00,kai-scheduler,queue-controller-f86fcd76c-t8wkj,1.0,11534336
2026-09-16T19:48:20.493406+00:00,kube-system,coredns-8db54c48d-4t78n,3.0,60817408
2026-09-16T19:48:20.493406+00:00,kube-system,kwok-controller-5cf8c7c44b-jqjt4,130.0,92274688
2026-09-16T19:48:20.493406+00:00,kube-system,local-path-provisioner-5d9d9885bc-xgwkr,1.0,17825792
2026-09-16T19:48:20.493406+00:00,kube-system,metrics-server-75dc6f8d87-8wltz,43.0,270532608
2026-09-16T19:48:20.493406+00:00,kube-system,svclb-traefik-1111e3f7-l9hjt,0.0,0
2026-09-16T19:48:20.493406+00:00,kube-system,traefik-9bcdbbd9-z65hr,3.0,238026752
2026-09-16T19:48:20.493406+00:00,pyroscope,pyroscope-0,6.0,174063616
2026-09-16T19:48:20.493406+00:00,pyroscope,pyroscope-alloy-0,35.0,469762048
2026-09-16T19:48:51.741091+00:00,grove-system,grove-operator-bfd47f895-hqvp4,17.0,859832320
2026-09-16T19:48:51.741091+00:00,kai-scheduler,admission-86666f457d-2g56g,1.0,16777216
2026-09-16T19:48:51.741091+00:00,kai-scheduler,binder-869fc94c7-shvq6,17.0,100663296
2026-09-16T19:48:51.741091+00:00,kai-scheduler,kai-operator-69b5d7bcf7-mvp2x,1.0,109051904
2026-09-16T19:48:51.741091+00:00,kai-scheduler,kai-scheduler-default-7d6685f94-rh5xx,34.0,261095424
2026-09-16T19:48:51.741091+00:00,kai-scheduler,pod-grouper-65456f756-7lkc9,1.0,11534336
2026-09-16T19:48:51.741091+00:00,kai-scheduler,podgroup-controller-68f9cc8dbf-cdbr7,1.0,13631488
2026-09-16T19:48:51.741091+00:00,kai-scheduler,queue-controller-f86fcd76c-t8wkj,1.0,11534336
2026-09-16T19:48:51.741091+00:00,kube-system,coredns-8db54c48d-4t78n,3.0,60817408
2026-09-16T19:48:51.741091+00:00,kube-system,kwok-controller-5cf8c7c44b-jqjt4,106.0,89128960
2026-09-16T19:48:51.741091+00:00,kube-system,local-path-provisioner-5d9d9885bc-xgwkr,1.0,17825792
2026-09-16T19:48:51.741091+00:00,kube-system,metrics-server-75dc6f8d87-8wltz,43.0,271581184
2026-09-16T19:48:51.741091+00:00,kube-system,svclb-traefik-1111e3f7-l9hjt,0.0,0
2026-09-16T19:48:51.741091+00:00,kube-system,traefik-9bcdbbd9-z65hr,3.0,238026752
2026-09-16T19:48:51.741091+00:00,pyroscope,pyroscope-0,6.0,173015040
2026-09-16T19:48:51.741091+00:00,pyroscope,pyroscope-alloy-0,34.0,442499072
2026-09-16T19:49:22.995205+00:00,grove-system,grove-operator-bfd47f895-hqvp4,24.0,850395136
2026-09-16T19:49:22.995205+00:00,kai-scheduler,admission-86666f457d-2g56g,1.0,16777216
2026-09-16T19:49:22.995205+00:00,kai-scheduler,binder-869fc94c7-shvq6,21.0,101711872
2026-09-16T19:49:22.995205+00:00,kai-scheduler,kai-operator-69b5d7bcf7-mvp2x,1.0,109051904
2026-09-16T19:49:22.995205+00:00,kai-scheduler,kai-scheduler-default-7d6685f94-rh5xx,32.0,255852544
2026-09-16T19:49:22.995205+00:00,kai-scheduler,pod-grouper-65456f756-7lkc9,1.0,11534336
2026-09-16T19:49:22.995205+00:00,kai-scheduler,podgroup-controller-68f9cc8dbf-cdbr7,1.0,13631488
2026-09-16T19:49:22.995205+00:00,kai-scheduler,queue-controller-f86fcd76c-t8wkj,1.0,11534336
2026-09-16T19:49:22.995205+00:00,kube-system,coredns-8db54c48d-4t78n,3.0,60817408
2026-09-16T19:49:22.995205+00:00,kube-system,kwok-controller-5cf8c7c44b-jqjt4,112.0,90177536
2026-09-16T19:49:22.995205+00:00,kube-system,local-path-provisioner-5d9d9885bc-xgwkr,1.0,17825792
2026-09-16T19:49:22.995205+00:00,kube-system,metrics-server-75dc6f8d87-8wltz,41.0,265289728
2026-09-16T19:49:22.995205+00:00,kube-system,svclb-traefik-1111e3f7-l9hjt,0.0,0
2026-09-16T19:49:22.995205+00:00,kube-system,traefik-9bcdbbd9-z65hr,7.0,231735296
2026-09-16T19:49:22.995205+00:00,pyroscope,pyroscope-0,7.0,174063616
2026-09-16T19:49:22.995205+00:00,pyroscope,pyroscope-alloy-0,31.0,424673280
2026-09-16T19:49:54.241225+00:00,grove-system,grove-operator-bfd47f895-hqvp4,21.0,808452096
2026-09-16T19:49:54.241225+00:00,kai-scheduler,admission-86666f457d-2g56g,1.0,16777216
2026-09-16T19:49:54.241225+00:00,kai-scheduler,binder-869fc94c7-shvq6,18.0,100663296
2026-09-16T19:49:54.241225+00:00,kai-scheduler,kai-operator-69b5d7bcf7-mvp2x,1.0,109051904
2026-09-16T19:49:54.241225+00:00,kai-scheduler,kai-scheduler-default-7d6685f94-rh5xx,28.0,255852544
2026-09-16T19:49:54.241225+00:00,kai-scheduler,pod-grouper-65456f756-7lkc9,1.0,11534336
2026-09-16T19:49:54.241225+00:00,kai-scheduler,podgroup-controller-68f9cc8dbf-cdbr7,1.0,13631488
2026-09-16T19:49:54.241225+00:00,kai-scheduler,queue-controller-f86fcd76c-t8wkj,1.0,11534336
2026-09-16T19:49:54.241225+00:00,kube-system,coredns-8db54c48d-4t78n,4.0,59768832
2026-09-16T19:49:54.241225+00:00,kube-system,kwok-controller-5cf8c7c44b-jqjt4,108.0,90177536
2026-09-16T19:49:54.241225+00:00,kube-system,local-path-provisioner-5d9d9885bc-xgwkr,1.0,17825792
2026-09-16T19:49:54.241225+00:00,kube-system,metrics-server-75dc6f8d87-8wltz,47.0,261095424
2026-09-16T19:49:54.241225+00:00,kube-system,svclb-traefik-1111e3f7-l9hjt,0.0,0
2026-09-16T19:49:54.241225+00:00,kube-system,traefik-9bcdbbd9-z65hr,3.0,231735296
2026-09-16T19:49:54.241225+00:00,pyroscope,pyroscope-0,6.0,173015040
2026-09-16T19:49:54.241225+00:00,pyroscope,pyroscope-alloy-0,23.0,413138944
2026-09-16T19:50:25.490399+00:00,grove-system,grove-operator-bfd47f895-hqvp4,5.0,795869184
2026-09-16T19:50:25.490399+00:00,kai-scheduler,admission-86666f457d-2g56g,1.0,16777216
2026-09-16T19:50:25.490399+00:00,kai-scheduler,binder-869fc94c7-shvq6,33.0,108003328
2026-09-16T19:50:25.490399+00:00,kai-scheduler,kai-operator-69b5d7bcf7-mvp2x,36.0,131072000
2026-09-16T19:50:25.490399+00:00,kai-scheduler,kai-scheduler-default-7d6685f94-rh5xx,41.0,254803968
2026-09-16T19:50:25.490399+00:00,kai-scheduler,pod-grouper-65456f756-7lkc9,1.0,11534336
2026-09-16T19:50:25.490399+00:00,kai-scheduler,podgroup-controller-68f9cc8dbf-cdbr7,1.0,13631488
2026-09-16T19:50:25.490399+00:00,kai-scheduler,queue-controller-f86fcd76c-t8wkj,1.0,11534336
2026-09-16T19:50:25.490399+00:00,kube-system,coredns-8db54c48d-4t78n,2.0,58720256
2026-09-16T19:50:25.490399+00:00,kube-system,kwok-controller-5cf8c7c44b-jqjt4,106.0,89128960
2026-09-16T19:50:25.490399+00:00,kube-system,local-path-provisioner-5d9d9885bc-xgwkr,1.0,17825792
2026-09-16T19:50:25.490399+00:00,kube-system,metrics-server-75dc6f8d87-8wltz,47.0,261095424
2026-09-16T19:50:25.490399+00:00,kube-system,svclb-traefik-1111e3f7-l9hjt,0.0,0
2026-09-16T19:50:25.490399+00:00,kube-system,traefik-9bcdbbd9-z65hr,45.0,227540992
2026-09-16T19:50:25.490399+00:00,pyroscope,pyroscope-0,6.0,174063616
2026-09-16T19:50:25.490399+00:00,pyroscope,pyroscope-alloy-0,6.0,396361728
2026-09-16T19:50:56.738490+00:00,grove-system,grove-operator-bfd47f895-hqvp4,9.0,792723456
2026-09-16T19:50:56.738490+00:00,kai-scheduler,admission-86666f457d-2g56g,1.0,16777216
2026-09-16T19:50:56.738490+00:00,kai-scheduler,binder-869fc94c7-shvq6,34.0,109051904
2026-09-16T19:50:56.738490+00:00,kai-scheduler,kai-operator-69b5d7bcf7-mvp2x,36.0,130023424
2026-09-16T19:50:56.738490+00:00,kai-scheduler,kai-scheduler-default-7d6685f94-rh5xx,39.0,260046848
2026-09-16T19:50:56.738490+00:00,kai-scheduler,pod-grouper-65456f756-7lkc9,1.0,11534336
2026-09-16T19:50:56.738490+00:00,kai-scheduler,podgroup-controller-68f9cc8dbf-cdbr7,1.0,13631488
2026-09-16T19:50:56.738490+00:00,kai-scheduler,queue-controller-f86fcd76c-t8wkj,1.0,11534336
2026-09-16T19:50:56.738490+00:00,kube-system,coredns-8db54c48d-4t78n,2.0,58720256
2026-09-16T19:50:56.738490+00:00,kube-system,kwok-controller-5cf8c7c44b-jqjt4,107.0,88080384
2026-09-16T19:50:56.738490+00:00,kube-system,local-path-provisioner-5d9d9885bc-xgwkr,1.0,17825792
2026-09-16T19:50:56.738490+00:00,kube-system,metrics-server-75dc6f8d87-8wltz,53.0,257949696
2026-09-16T19:50:56.738490+00:00,kube-system,svclb-traefik-1111e3f7-l9hjt,0.0,0
2026-09-16T19:50:56.738490+00:00,kube-system,traefik-9bcdbbd9-z65hr,53.0,214958080
2026-09-16T19:50:56.738490+00:00,pyroscope,pyroscope-0,6.0,175112192
2026-09-16T19:50:56.738490+00:00,pyroscope,pyroscope-alloy-0,8.0,398458880
2026-09-16T19:51:27.989595+00:00,grove-system,grove-operator-bfd47f895-hqvp4,9.0,791674880
2026-09-16T19:51:27.989595+00:00,kai-scheduler,admission-86666f457d-2g56g,1.0,16777216
2026-09-16T19:51:27.989595+00:00,kai-scheduler,binder-869fc94c7-shvq6,33.0,108003328
2026-09-16T19:51:27.989595+00:00,kai-scheduler,kai-operator-69b5d7bcf7-mvp2x,33.0,127926272
2026-09-16T19:51:27.989595+00:00,kai-scheduler,kai-scheduler-default-7d6685f94-rh5xx,41.0,258998272
2026-09-16T19:51:27.989595+00:00,kai-scheduler,pod-grouper-65456f756-7lkc9,1.0,11534336
2026-09-16T19:51:27.989595+00:00,kai-scheduler,podgroup-controller-68f9cc8dbf-cdbr7,1.0,13631488
2026-09-16T19:51:27.989595+00:00,kai-scheduler,queue-controller-f86fcd76c-t8wkj,1.0,11534336
2026-09-16T19:51:27.989595+00:00,kube-system,coredns-8db54c48d-4t78n,2.0,58720256
2026-09-16T19:51:27.989595+00:00,kube-system,kwok-controller-5cf8c7c44b-jqjt4,109.0,88080384
2026-09-16T19:51:27.989595+00:00,kube-system,local-path-provisioner-5d9d9885bc-xgwkr,1.0,17825792
2026-09-16T19:51:27.989595+00:00,kube-system,metrics-server-75dc6f8d87-8wltz,43.0,256901120
2026-09-16T19:51:27.989595+00:00,kube-system,svclb-traefik-1111e3f7-l9hjt,0.0,0
2026-09-16T19:51:27.989595+00:00,kube-system,traefik-9bcdbbd9-z65hr,45.0,212860928
2026-09-16T19:51:27.989595+00:00,pyroscope,pyroscope-0,9.0,189792256
2026-09-16T19:51:27.989595+00:00,pyroscope,pyroscope-alloy-0,7.0,403701760
2026-09-16T19:51:59.265479+00:00,grove-system,grove-operator-bfd47f895-hqvp4,10.0,778043392
2026-09-16T19:51:59.265479+00:00,kai-scheduler,admission-86666f457d-2g56g,1.0,16777216
2026-09-16T19:51:59.265479+00:00,kai-scheduler,binder-869fc94c7-shvq6,33.0,109051904
2026-09-16T19:51:59.265479+00:00,kai-scheduler,kai-operator-69b5d7bcf7-mvp2x,36.0,128974848
2026-09-16T19:51:59.265479+00:00,kai-scheduler,kai-scheduler-default-7d6685f94-rh5xx,41.0,257949696
2026-09-16T19:51:59.265479+00:00,kai-scheduler,pod-grouper-65456f756-7lkc9,1.0,11534336
2026-09-16T19:51:59.265479+00:00,kai-scheduler,podgroup-controller-68f9cc8dbf-cdbr7,1.0,13631488
2026-09-16T19:51:59.265479+00:00,kai-scheduler,queue-controller-f86fcd76c-t8wkj,1.0,11534336
2026-09-16T19:51:59.265479+00:00,kube-system,coredns-8db54c48d-4t78n,3.0,57671680
2026-09-16T19:51:59.265479+00:00,kube-system,kwok-controller-5cf8c7c44b-jqjt4,105.0,88080384
2026-09-16T19:51:59.265479+00:00,kube-system,local-path-provisioner-5d9d9885bc-xgwkr,1.0,17825792
2026-09-16T19:51:59.265479+00:00,kube-system,metrics-server-75dc6f8d87-8wltz,55.0,254803968
2026-09-16T19:51:59.265479+00:00,kube-system,svclb-traefik-1111e3f7-l9hjt,0.0,0
2026-09-16T19:51:59.265479+00:00,kube-system,traefik-9bcdbbd9-z65hr,49.0,213909504
2026-09-16T19:51:59.265479+00:00,pyroscope,pyroscope-0,9.0,201326592
2026-09-16T19:51:59.265479+00:00,pyroscope,pyroscope-alloy-0,6.0,393216000
2026-09-16T19:52:30.518416+00:00,grove-system,grove-operator-bfd47f895-hqvp4,10.0,778043392
2026-09-16T19:52:30.518416+00:00,kai-scheduler,admission-86666f457d-2g56g,1.0,16777216
2026-09-16T19:52:30.518416+00:00,kai-scheduler,binder-869fc94c7-shvq6,33.0,111149056
2026-09-16T19:52:30.518416+00:00,kai-scheduler,kai-operator-69b5d7bcf7-mvp2x,35.0,127926272
2026-09-16T19:52:30.518416+00:00,kai-scheduler,kai-scheduler-default-7d6685f94-rh5xx,39.0,257949696
2026-09-16T19:52:30.518416+00:00,kai-scheduler,pod-grouper-65456f756-7lkc9,1.0,11534336
2026-09-16T19:52:30.518416+00:00,kai-scheduler,podgroup-controller-68f9cc8dbf-cdbr7,1.0,13631488
2026-09-16T19:52:30.518416+00:00,kai-scheduler,queue-controller-f86fcd76c-t8wkj,1.0,11534336
2026-09-16T19:52:30.518416+00:00,kube-system,coredns-8db54c48d-4t78n,2.0,56623104
2026-09-16T19:52:30.518416+00:00,kube-system,kwok-controller-5cf8c7c44b-jqjt4,108.0,88080384
2026-09-16T19:52:30.518416+00:00,kube-system,local-path-provisioner-5d9d9885bc-xgwkr,1.0,17825792
2026-09-16T19:52:30.518416+00:00,kube-system,metrics-server-75dc6f8d87-8wltz,53.0,255852544
2026-09-16T19:52:30.518416+00:00,kube-system,svclb-traefik-1111e3f7-l9hjt,0.0,0
2026-09-16T19:52:30.518416+00:00,kube-system,traefik-9bcdbbd9-z65hr,47.0,213909504
2026-09-16T19:52:30.518416+00:00,pyroscope,pyroscope-0,6.0,180355072
2026-09-16T19:52:30.518416+00:00,pyroscope,pyroscope-alloy-0,7.0,395313152
2026-09-16T19:53:01.767942+00:00,grove-system,grove-operator-bfd47f895-hqvp4,223.0,808452096
2026-09-16T19:53:01.767942+00:00,kai-scheduler,admission-86666f457d-2g56g,1.0,16777216
2026-09-16T19:53:01.767942+00:00,kai-scheduler,binder-869fc94c7-shvq6,1.0,106954752
2026-09-16T19:53:01.767942+00:00,kai-scheduler,kai-operator-69b5d7bcf7-mvp2x,42.0,132120576
2026-09-16T19:53:01.767942+00:00,kai-scheduler,kai-scheduler-default-7d6685f94-rh5xx,18.0,255852544
2026-09-16T19:53:01.767942+00:00,kai-scheduler,pod-grouper-65456f756-7lkc9,1.0,11534336
2026-09-16T19:53:01.767942+00:00,kai-scheduler,podgroup-controller-68f9cc8dbf-cdbr7,1.0,13631488
2026-09-16T19:53:01.767942+00:00,kai-scheduler,queue-controller-f86fcd76c-t8wkj,1.0,11534336
2026-09-16T19:53:01.767942+00:00,kube-system,coredns-8db54c48d-4t78n,31.0,59768832
2026-09-16T19:53:01.767942+00:00,kube-system,kwok-controller-5cf8c7c44b-jqjt4,95.0,89128960
2026-09-16T19:53:01.767942+00:00,kube-system,local-path-provisioner-5d9d9885bc-xgwkr,1.0,17825792
2026-09-16T19:53:01.767942+00:00,kube-system,metrics-server-75dc6f8d87-8wltz,46.0,253755392
2026-09-16T19:53:01.767942+00:00,kube-system,svclb-traefik-1111e3f7-l9hjt,0.0,0
2026-09-16T19:53:01.767942+00:00,kube-system,traefik-9bcdbbd9-z65hr,65.0,226492416
2026-09-16T19:53:01.767942+00:00,pyroscope,pyroscope-0,6.0,188743680
2026-09-16T19:53:01.767942+00:00,pyroscope,pyroscope-alloy-0,7.0,387973120
2026-09-16T19:53:33.024214+00:00,grove-system,grove-operator-bfd47f895-hqvp4,435.0,879755264
2026-09-16T19:53:33.024214+00:00,kai-scheduler,admission-86666f457d-2g56g,1.0,16777216
2026-09-16T19:53:33.024214+00:00,kai-scheduler,binder-869fc94c7-shvq6,7.0,106954752
2026-09-16T19:53:33.024214+00:00,kai-scheduler,kai-operator-69b5d7bcf7-mvp2x,1.0,132120576
2026-09-16T19:53:33.024214+00:00,kai-scheduler,kai-scheduler-default-7d6685f94-rh5xx,22.0,256901120
2026-09-16T19:53:33.024214+00:00,kai-scheduler,pod-grouper-65456f756-7lkc9,1.0,11534336
2026-09-16T19:53:33.024214+00:00,kai-scheduler,podgroup-controller-68f9cc8dbf-cdbr7,1.0,13631488
2026-09-16T19:53:33.024214+00:00,kai-scheduler,queue-controller-f86fcd76c-t8wkj,1.0,11534336
2026-09-16T19:53:33.024214+00:00,kube-system,coredns-8db54c48d-4t78n,8.0,57671680
2026-09-16T19:53:33.024214+00:00,kube-system,kwok-controller-5cf8c7c44b-jqjt4,89.0,88080384
2026-09-16T19:53:33.024214+00:00,kube-system,local-path-provisioner-5d9d9885bc-xgwkr,1.0,17825792
2026-09-16T19:53:33.024214+00:00,kube-system,metrics-server-75dc6f8d87-8wltz,23.0,253755392
2026-09-16T19:53:33.024214+00:00,kube-system,svclb-traefik-1111e3f7-l9hjt,0.0,0
2026-09-16T19:53:33.024214+00:00,kube-system,traefik-9bcdbbd9-z65hr,10.0,226492416
2026-09-16T19:53:33.024214+00:00,pyroscope,pyroscope-0,7.0,178257920
2026-09-16T19:53:33.024214+00:00,pyroscope,pyroscope-alloy-0,27.0,386924544
2026-09-16T19:54:04.286759+00:00,grove-system,grove-operator-bfd47f895-hqvp4,604.0,915406848
2026-09-16T19:54:04.286759+00:00,kai-scheduler,admission-86666f457d-2g56g,1.0,17825792
2026-09-16T19:54:04.286759+00:00,kai-scheduler,binder-869fc94c7-shvq6,71.0,169869312
2026-09-16T19:54:04.286759+00:00,kai-scheduler,kai-operator-69b5d7bcf7-mvp2x,3.0,131072000
2026-09-16T19:54:04.286759+00:00,kai-scheduler,kai-scheduler-default-7d6685f94-rh5xx,57.0,314572800
2026-09-16T19:54:04.286759+00:00,kai-scheduler,pod-grouper-65456f756-7lkc9,1.0,11534336
2026-09-16T19:54:04.286759+00:00,kai-scheduler,podgroup-controller-68f9cc8dbf-cdbr7,1.0,13631488
2026-09-16T19:54:04.286759+00:00,kai-scheduler,queue-controller-f86fcd76c-t8wkj,1.0,11534336
2026-09-16T19:54:04.286759+00:00,kube-system,coredns-8db54c48d-4t78n,9.0,57671680
2026-09-16T19:54:04.286759+00:00,kube-system,kwok-controller-5cf8c7c44b-jqjt4,130.0,88080384
2026-09-16T19:54:04.286759+00:00,kube-system,local-path-provisioner-5d9d9885bc-xgwkr,1.0,17825792
2026-09-16T19:54:04.286759+00:00,kube-system,metrics-server-75dc6f8d87-8wltz,50.0,255852544
2026-09-16T19:54:04.286759+00:00,kube-system,svclb-traefik-1111e3f7-l9hjt,0.0,0
2026-09-16T19:54:04.286759+00:00,kube-system,traefik-9bcdbbd9-z65hr,12.0,231735296
2026-09-16T19:54:04.286759+00:00,pyroscope,pyroscope-0,6.0,178257920
2026-09-16T19:54:04.286759+00:00,pyroscope,pyroscope-alloy-0,49.0,396361728
2026-09-16T19:54:35.553395+00:00,grove-system,grove-operator-bfd47f895-hqvp4,541.0,947912704
2026-09-16T19:54:35.553395+00:00,kai-scheduler,admission-86666f457d-2g56g,1.0,16777216
2026-09-16T19:54:35.553395+00:00,kai-scheduler,binder-869fc94c7-shvq6,49.0,157286400
2026-09-16T19:54:35.553395+00:00,kai-scheduler,kai-operator-69b5d7bcf7-mvp2x,1.0,131072000
2026-09-16T19:54:35.553395+00:00,kai-scheduler,kai-scheduler-default-7d6685f94-rh5xx,67.0,398458880
2026-09-16T19:54:35.553395+00:00,kai-scheduler,pod-grouper-65456f756-7lkc9,1.0,11534336
2026-09-16T19:54:35.553395+00:00,kai-scheduler,podgroup-controller-68f9cc8dbf-cdbr7,1.0,13631488
2026-09-16T19:54:35.553395+00:00,kai-scheduler,queue-controller-f86fcd76c-t8wkj,1.0,11534336
2026-09-16T19:54:35.553395+00:00,kube-system,coredns-8db54c48d-4t78n,9.0,58720256
2026-09-16T19:54:35.553395+00:00,kube-system,kwok-controller-5cf8c7c44b-jqjt4,97.0,87031808
2026-09-16T19:54:35.553395+00:00,kube-system,local-path-provisioner-5d9d9885bc-xgwkr,1.0,17825792
2026-09-16T19:54:35.553395+00:00,kube-system,metrics-server-75dc6f8d87-8wltz,34.0,255852544
2026-09-16T19:54:35.553395+00:00,kube-system,svclb-traefik-1111e3f7-l9hjt,0.0,0
2026-09-16T19:54:35.553395+00:00,kube-system,traefik-9bcdbbd9-z65hr,12.0,231735296
2026-09-16T19:54:35.553395+00:00,pyroscope,pyroscope-0,7.0,177209344
2026-09-16T19:54:35.553395+00:00,pyroscope,pyroscope-alloy-0,45.0,429916160
2026-09-16T19:55:06.830939+00:00,grove-system,grove-operator-bfd47f895-hqvp4,914.0,1017118720
2026-09-16T19:55:06.830939+00:00,kai-scheduler,admission-86666f457d-2g56g,1.0,16777216
2026-09-16T19:55:06.830939+00:00,kai-scheduler,kai-operator-69b5d7bcf7-mvp2x,4.0,132120576
2026-09-16T19:55:06.830939+00:00,kai-scheduler,kai-scheduler-default-7d6685f94-rh5xx,123.0,460324864
2026-09-16T19:55:06.830939+00:00,kai-scheduler,pod-grouper-65456f756-7lkc9,1.0,11534336
2026-09-16T19:55:06.830939+00:00,kai-scheduler,podgroup-controller-68f9cc8dbf-cdbr7,1.0,13631488
2026-09-16T19:55:06.830939+00:00,kai-scheduler,queue-controller-f86fcd76c-t8wkj,1.0,11534336
2026-09-16T19:55:06.830939+00:00,kube-system,coredns-8db54c48d-4t78n,9.0,58720256
2026-09-16T19:55:06.830939+00:00,kube-system,kwok-controller-5cf8c7c44b-jqjt4,302.0,89128960
2026-09-16T19:55:06.830939+00:00,kube-system,local-path-provisioner-5d9d9885bc-xgwkr,1.0,17825792
2026-09-16T19:55:06.830939+00:00,kube-system,metrics-server-75dc6f8d87-8wltz,65.0,256901120
2026-09-16T19:55:06.830939+00:00,kube-system,svclb-traefik-1111e3f7-l9hjt,0.0,0
2026-09-16T19:55:06.830939+00:00,kube-system,traefik-9bcdbbd9-z65hr,22.0,247463936
2026-09-16T19:55:06.830939+00:00,pyroscope,pyroscope-0,8.0,175112192
2026-09-16T19:55:06.830939+00:00,pyroscope,pyroscope-alloy-0,110.0,473956352
2026-09-16T19:55:38.113107+00:00,grove-system,grove-operator-bfd47f895-hqvp4,904.0,1004535808
2026-09-16T19:55:38.113107+00:00,kai-scheduler,admission-86666f457d-2g56g,1.0,16777216
2026-09-16T19:55:38.113107+00:00,kai-scheduler,kai-operator-69b5d7bcf7-mvp2x,1.0,132120576
2026-09-16T19:55:38.113107+00:00,kai-scheduler,kai-scheduler-default-7d6685f94-rh5xx,142.0,482344960
2026-09-16T19:55:38.113107+00:00,kai-scheduler,pod-grouper-65456f756-7lkc9,1.0,11534336
2026-09-16T19:55:38.113107+00:00,kai-scheduler,podgroup-controller-68f9cc8dbf-cdbr7,1.0,13631488
2026-09-16T19:55:38.113107+00:00,kai-scheduler,queue-controller-f86fcd76c-t8wkj,1.0,11534336
2026-09-16T19:55:38.113107+00:00,kube-system,coredns-8db54c48d-4t78n,9.0,59768832
2026-09-16T19:55:38.113107+00:00,kube-system,kwok-controller-5cf8c7c44b-jqjt4,291.0,89128960
2026-09-16T19:55:38.113107+00:00,kube-system,local-path-provisioner-5d9d9885bc-xgwkr,1.0,17825792
2026-09-16T19:55:38.113107+00:00,kube-system,metrics-server-75dc6f8d87-8wltz,69.0,257949696
2026-09-16T19:55:38.113107+00:00,kube-system,svclb-traefik-1111e3f7-l9hjt,0.0,0
2026-09-16T19:55:38.113107+00:00,kube-system,traefik-9bcdbbd9-z65hr,12.0,247463936
2026-09-16T19:55:38.113107+00:00,pyroscope,pyroscope-0,9.0,176160768
2026-09-16T19:55:38.113107+00:00,pyroscope,pyroscope-alloy-0,136.0,492830720
2026-09-16T19:56:09.378506+00:00,grove-system,grove-operator-bfd47f895-hqvp4,711.0,1004535808
2026-09-16T19:56:09.378506+00:00,kai-scheduler,admission-86666f457d-2g56g,1.0,16777216
2026-09-16T19:56:09.378506+00:00,kai-scheduler,kai-operator-69b5d7bcf7-mvp2x,4.0,115343360
2026-09-16T19:56:09.378506+00:00,kai-scheduler,kai-scheduler-default-7d6685f94-rh5xx,125.0,521142272
2026-09-16T19:56:09.378506+00:00,kai-scheduler,pod-grouper-65456f756-7lkc9,1.0,11534336
2026-09-16T19:56:09.378506+00:00,kai-scheduler,podgroup-controller-68f9cc8dbf-cdbr7,1.0,13631488
2026-09-16T19:56:09.378506+00:00,kai-scheduler,queue-controller-f86fcd76c-t8wkj,1.0,11534336
2026-09-16T19:56:09.378506+00:00,kube-system,coredns-8db54c48d-4t78n,8.0,61865984
2026-09-16T19:56:09.378506+00:00,kube-system,kwok-controller-5cf8c7c44b-jqjt4,287.0,89128960
2026-09-16T19:56:09.378506+00:00,kube-system,local-path-provisioner-5d9d9885bc-xgwkr,1.0,17825792
2026-09-16T19:56:09.378506+00:00,kube-system,metrics-server-75dc6f8d87-8wltz,66.0,264241152
2026-09-16T19:56:09.378506+00:00,kube-system,svclb-traefik-1111e3f7-l9hjt,0.0,0
2026-09-16T19:56:09.378506+00:00,kube-system,traefik-9bcdbbd9-z65hr,12.0,248512512
2026-09-16T19:56:09.378506+00:00,pyroscope,pyroscope-0,9.0,180355072
2026-09-16T19:56:09.378506+00:00,pyroscope,pyroscope-alloy-0,111.0,515899392
2026-09-16T19:56:40.651906+00:00,grove-system,grove-operator-bfd47f895-hqvp4,811.0,1052770304
2026-09-16T19:56:40.651906+00:00,kai-scheduler,admission-86666f457d-2g56g,1.0,16777216
2026-09-16T19:56:40.651906+00:00,kai-scheduler,kai-operator-69b5d7bcf7-mvp2x,19.0,115343360
2026-09-16T19:56:40.651906+00:00,kai-scheduler,kai-scheduler-default-7d6685f94-rh5xx,91.0,533725184
2026-09-16T19:56:40.651906+00:00,kai-scheduler,pod-grouper-65456f756-7lkc9,1.0,11534336
2026-09-16T19:56:40.651906+00:00,kai-scheduler,podgroup-controller-68f9cc8dbf-cdbr7,1.0,13631488
2026-09-16T19:56:40.651906+00:00,kai-scheduler,queue-controller-f86fcd76c-t8wkj,1.0,11534336
2026-09-16T19:56:40.651906+00:00,kube-system,coredns-8db54c48d-4t78n,27.0,62914560
2026-09-16T19:56:40.651906+00:00,kube-system,kwok-controller-5cf8c7c44b-jqjt4,93.0,89128960
2026-09-16T19:56:40.651906+00:00,kube-system,local-path-provisioner-5d9d9885bc-xgwkr,1.0,18874368
2026-09-16T19:56:40.651906+00:00,kube-system,metrics-server-75dc6f8d87-8wltz,37.0,274726912
2026-09-16T19:56:40.651906+00:00,kube-system,svclb-traefik-1111e3f7-l9hjt,0.0,0
2026-09-16T19:56:40.651906+00:00,kube-system,traefik-9bcdbbd9-z65hr,61.0,263192576
2026-09-16T19:56:40.651906+00:00,pyroscope,pyroscope-0,7.0,183500800
2026-09-16T19:56:40.651906+00:00,pyroscope,pyroscope-alloy-0,19.0,517996544
2026-09-16T19:57:11.903016+00:00,grove-system,grove-operator-bfd47f895-hqvp4,392.0,1085276160
2026-09-16T19:57:11.903016+00:00,kai-scheduler,admission-86666f457d-2g56g,1.0,16777216
2026-09-16T19:57:11.903016+00:00,kai-scheduler,kai-operator-69b5d7bcf7-mvp2x,36.0,117440512
2026-09-16T19:57:11.903016+00:00,kai-scheduler,kai-scheduler-default-7d6685f94-rh5xx,90.0,374341632
2026-09-16T19:57:11.903016+00:00,kai-scheduler,pod-grouper-65456f756-7lkc9,1.0,11534336
2026-09-16T19:57:11.903016+00:00,kai-scheduler,podgroup-controller-68f9cc8dbf-cdbr7,1.0,13631488
2026-09-16T19:57:11.903016+00:00,kai-scheduler,queue-controller-f86fcd76c-t8wkj,1.0,11534336
2026-09-16T19:57:11.903016+00:00,kube-system,coredns-8db54c48d-4t78n,29.0,65011712
2026-09-16T19:57:11.903016+00:00,kube-system,kwok-controller-5cf8c7c44b-jqjt4,93.0,91226112
2026-09-16T19:57:11.903016+00:00,kube-system,local-path-provisioner-5d9d9885bc-xgwkr,1.0,18874368
2026-09-16T19:57:11.903016+00:00,kube-system,metrics-server-75dc6f8d87-8wltz,39.0,284164096
2026-09-16T19:57:11.903016+00:00,kube-system,svclb-traefik-1111e3f7-l9hjt,0.0,0
2026-09-16T19:57:11.903016+00:00,kube-system,traefik-9bcdbbd9-z65hr,29.0,270532608
2026-09-16T19:57:11.903016+00:00,pyroscope,pyroscope-0,7.0,188743680
2026-09-16T19:57:11.903016+00:00,pyroscope,pyroscope-alloy-0,7.0,527433728
2026-09-16T19:57:43.161820+00:00,grove-system,grove-operator-bfd47f895-hqvp4,428.0,1107296256
2026-09-16T19:57:43.161820+00:00,kai-scheduler,admission-86666f457d-2g56g,1.0,16777216
2026-09-16T19:57:43.161820+00:00,kai-scheduler,binder-869fc94c7-shvq6,42.0,202375168
2026-09-16T19:57:43.161820+00:00,kai-scheduler,kai-operator-69b5d7bcf7-mvp2x,1.0,121634816
2026-09-16T19:57:43.161820+00:00,kai-scheduler,kai-scheduler-default-7d6685f94-rh5xx,88.0,374341632
2026-09-16T19:57:43.161820+00:00,kai-scheduler,pod-grouper-65456f756-7lkc9,1.0,11534336
2026-09-16T19:57:43.161820+00:00,kai-scheduler,podgroup-controller-68f9cc8dbf-cdbr7,1.0,13631488
2026-09-16T19:57:43.161820+00:00,kai-scheduler,queue-controller-f86fcd76c-t8wkj,1.0,11534336
2026-09-16T19:57:43.161820+00:00,kube-system,coredns-8db54c48d-4t78n,8.0,65011712
2026-09-16T19:57:43.161820+00:00,kube-system,kwok-controller-5cf8c7c44b-jqjt4,91.0,91226112
2026-09-16T19:57:43.161820+00:00,kube-system,local-path-provisioner-5d9d9885bc-xgwkr,1.0,18874368
2026-09-16T19:57:43.161820+00:00,kube-system,metrics-server-75dc6f8d87-8wltz,29.0,284164096
2026-09-16T19:57:43.161820+00:00,kube-system,svclb-traefik-1111e3f7-l9hjt,0.0,0
2026-09-16T19:57:43.161820+00:00,kube-system,traefik-9bcdbbd9-z65hr,11.0,269484032
2026-09-16T19:57:43.161820+00:00,pyroscope,pyroscope-0,7.0,183500800
2026-09-16T19:57:43.161820+00:00,pyroscope,pyroscope-alloy-0,80.0,545259520
2026-09-16T19:58:14.425393+00:00,grove-system,grove-operator-bfd47f895-hqvp4,704.0,1098907648
2026-09-16T19:58:14.425393+00:00,kai-scheduler,admission-86666f457d-2g56g,1.0,16777216
2026-09-16T19:58:14.425393+00:00,kai-scheduler,binder-869fc94c7-shvq6,100.0,167772160
2026-09-16T19:58:14.425393+00:00,kai-scheduler,kai-operator-69b5d7bcf7-mvp2x,5.0,125829120
2026-09-16T19:58:14.425393+00:00,kai-scheduler,kai-scheduler-default-7d6685f94-rh5xx,118.0,430964736
2026-09-16T19:58:14.425393+00:00,kai-scheduler,pod-grouper-65456f756-7lkc9,1.0,11534336
2026-09-16T19:58:14.425393+00:00,kai-scheduler,podgroup-controller-68f9cc8dbf-cdbr7,1.0,13631488
2026-09-16T19:58:14.425393+00:00,kai-scheduler,queue-controller-f86fcd76c-t8wkj,1.0,11534336
2026-09-16T19:58:14.425393+00:00,kube-system,coredns-8db54c48d-4t78n,9.0,66060288
2026-09-16T19:58:14.425393+00:00,kube-system,kwok-controller-5cf8c7c44b-jqjt4,96.0,90177536
2026-09-16T19:58:14.425393+00:00,kube-system,local-path-provisioner-5d9d9885bc-xgwkr,1.0,18874368
2026-09-16T19:58:14.425393+00:00,kube-system,metrics-server-75dc6f8d87-8wltz,36.0,290455552
2026-09-16T19:58:14.425393+00:00,kube-system,svclb-traefik-1111e3f7-l9hjt,0.0,0
2026-09-16T19:58:14.425393+00:00,kube-system,traefik-9bcdbbd9-z65hr,12.0,268435456
2026-09-16T19:58:14.425393+00:00,pyroscope,pyroscope-0,8.0,180355072
2026-09-16T19:58:14.425393+00:00,pyroscope,pyroscope-alloy-0,80.0,547356672
2026-09-16T19:58:45.689163+00:00,grove-system,grove-operator-bfd47f895-hqvp4,622.0,1129316352
2026-09-16T19:58:45.689163+00:00,kai-scheduler,admission-86666f457d-2g56g,1.0,16777216
2026-09-16T19:58:45.689163+00:00,kai-scheduler,kai-operator-69b5d7bcf7-mvp2x,1.0,128974848
2026-09-16T19:58:45.689163+00:00,kai-scheduler,kai-scheduler-default-7d6685f94-rh5xx,130.0,482344960
2026-09-16T19:58:45.689163+00:00,kai-scheduler,pod-grouper-65456f756-7lkc9,1.0,11534336
2026-09-16T19:58:45.689163+00:00,kai-scheduler,podgroup-controller-68f9cc8dbf-cdbr7,1.0,13631488
2026-09-16T19:58:45.689163+00:00,kai-scheduler,queue-controller-f86fcd76c-t8wkj,1.0,11534336
2026-09-16T19:58:45.689163+00:00,kube-system,coredns-8db54c48d-4t78n,8.0,67108864
2026-09-16T19:58:45.689163+00:00,kube-system,kwok-controller-5cf8c7c44b-jqjt4,105.0,90177536
2026-09-16T19:58:45.689163+00:00,kube-system,local-path-provisioner-5d9d9885bc-xgwkr,1.0,18874368
2026-09-16T19:58:45.689163+00:00,kube-system,metrics-server-75dc6f8d87-8wltz,38.0,294649856
2026-09-16T19:58:45.689163+00:00,kube-system,svclb-traefik-1111e3f7-l9hjt,0.0,0
2026-09-16T19:58:45.689163+00:00,kube-system,traefik-9bcdbbd9-z65hr,12.0,279969792
2026-09-16T19:58:45.689163+00:00,pyroscope,pyroscope-0,8.0,183500800
2026-09-16T19:58:45.689163+00:00,pyroscope,pyroscope-alloy-0,111.0,572522496
2026-09-16T19:59:17.052686+00:00,grove-system,grove-operator-bfd47f895-hqvp4,809.0,1151336448
2026-09-16T19:59:17.052686+00:00,kai-scheduler,admission-86666f457d-2g56g,1.0,16777216
2026-09-16T19:59:17.052686+00:00,kai-scheduler,kai-operator-69b5d7bcf7-mvp2x,8.0,138412032
2026-09-16T19:59:17.052686+00:00,kai-scheduler,pod-grouper-65456f756-7lkc9,1.0,11534336
2026-09-16T19:59:17.052686+00:00,kai-scheduler,podgroup-controller-68f9cc8dbf-cdbr7,1.0,13631488
2026-09-16T19:59:17.052686+00:00,kai-scheduler,queue-controller-f86fcd76c-t8wkj,1.0,11534336
2026-09-16T19:59:17.052686+00:00,kube-system,coredns-8db54c48d-4t78n,11.0,68157440
2026-09-16T19:59:17.052686+00:00,kube-system,kwok-controller-5cf8c7c44b-jqjt4,1446.0,103809024
2026-09-16T19:59:17.052686+00:00,kube-system,local-path-provisioner-5d9d9885bc-xgwkr,1.0,18874368
2026-09-16T19:59:17.052686+00:00,kube-system,metrics-server-75dc6f8d87-8wltz,54.0,294649856
2026-09-16T19:59:17.052686+00:00,kube-system,svclb-traefik-1111e3f7-l9hjt,0.0,0
2026-09-16T19:59:17.052686+00:00,kube-system,traefik-9bcdbbd9-z65hr,19.0,284164096
2026-09-16T19:59:17.052686+00:00,pyroscope,pyroscope-0,7.0,185597952
2026-09-16T19:59:17.052686+00:00,pyroscope,pyroscope-alloy-0,107.0,605028352
2026-09-16T19:59:48.362551+00:00,grove-system,grove-operator-bfd47f895-hqvp4,850.0,1210056704
2026-09-16T19:59:48.362551+00:00,kai-scheduler,admission-86666f457d-2g56g,1.0,16777216
2026-09-16T19:59:48.362551+00:00,kai-scheduler,kai-operator-69b5d7bcf7-mvp2x,3.0,139460608
2026-09-16T19:59:48.362551+00:00,kai-scheduler,pod-grouper-65456f756-7lkc9,1.0,11534336
2026-09-16T19:59:48.362551+00:00,kai-scheduler,podgroup-controller-68f9cc8dbf-cdbr7,1.0,13631488
2026-09-16T19:59:48.362551+00:00,kai-scheduler,queue-controller-f86fcd76c-t8wkj,1.0,11534336
2026-09-16T19:59:48.362551+00:00,kube-system,coredns-8db54c48d-4t78n,9.0,68157440
2026-09-16T19:59:48.362551+00:00,kube-system,kwok-controller-5cf8c7c44b-jqjt4,1527.0,95420416
2026-09-16T19:59:48.362551+00:00,kube-system,local-path-provisioner-5d9d9885bc-xgwkr,1.0,18874368
2026-09-16T19:59:48.362551+00:00,kube-system,metrics-server-75dc6f8d87-8wltz,73.0,297795584
2026-09-16T19:59:48.362551+00:00,kube-system,svclb-traefik-1111e3f7-l9hjt,0.0,0
2026-09-16T19:59:48.362551+00:00,kube-system,traefik-9bcdbbd9-z65hr,12.0,284164096
2026-09-16T19:59:48.362551+00:00,pyroscope,pyroscope-0,9.0,189792256
2026-09-16T19:59:48.362551+00:00,pyroscope,pyroscope-alloy-0,180.0,622854144
2026-09-16T20:00:19.636336+00:00,grove-system,grove-operator-bfd47f895-hqvp4,727.0,1203765248
2026-09-16T20:00:19.636336+00:00,kai-scheduler,admission-86666f457d-2g56g,1.0,16777216
2026-09-16T20:00:19.636336+00:00,kai-scheduler,kai-operator-69b5d7bcf7-mvp2x,6.0,139460608
2026-09-16T20:00:19.636336+00:00,kai-scheduler,pod-grouper-65456f756-7lkc9,1.0,11534336
2026-09-16T20:00:19.636336+00:00,kai-scheduler,podgroup-controller-68f9cc8dbf-cdbr7,1.0,13631488
2026-09-16T20:00:19.636336+00:00,kai-scheduler,queue-controller-f86fcd76c-t8wkj,1.0,11534336
2026-09-16T20:00:19.636336+00:00,kube-system,coredns-8db54c48d-4t78n,8.0,69206016
2026-09-16T20:00:19.636336+00:00,kube-system,kwok-controller-5cf8c7c44b-jqjt4,298.0,95420416
2026-09-16T20:00:19.636336+00:00,kube-system,local-path-provisioner-5d9d9885bc-xgwkr,1.0,18874368
2026-09-16T20:00:19.636336+00:00,kube-system,metrics-server-75dc6f8d87-8wltz,81.0,298844160
2026-09-16T20:00:19.636336+00:00,kube-system,svclb-traefik-1111e3f7-l9hjt,0.0,0
2026-09-16T20:00:19.636336+00:00,kube-system,traefik-9bcdbbd9-z65hr,11.0,283115520
2026-09-16T20:00:19.636336+00:00,pyroscope,pyroscope-0,8.0,190840832
2026-09-16T20:00:19.636336+00:00,pyroscope,pyroscope-alloy-0,157.0,648019968
2026-09-16T20:00:50.889836+00:00,grove-system,grove-operator-bfd47f895-hqvp4,466.0,1203765248
2026-09-16T20:00:50.889836+00:00,kai-scheduler,admission-86666f457d-2g56g,1.0,16777216
2026-09-16T20:00:50.889836+00:00,kai-scheduler,kai-operator-69b5d7bcf7-mvp2x,2.0,140509184
2026-09-16T20:00:50.889836+00:00,kai-scheduler,pod-grouper-65456f756-7lkc9,1.0,11534336
2026-09-16T20:00:50.889836+00:00,kai-scheduler,podgroup-controller-68f9cc8dbf-cdbr7,1.0,13631488
2026-09-16T20:00:50.889836+00:00,kai-scheduler,queue-controller-f86fcd76c-t8wkj,1.0,11534336
2026-09-16T20:00:50.889836+00:00,kube-system,coredns-8db54c48d-4t78n,9.0,70254592
2026-09-16T20:00:50.889836+00:00,kube-system,kwok-controller-5cf8c7c44b-jqjt4,165.0,95420416
2026-09-16T20:00:50.889836+00:00,kube-system,local-path-provisioner-5d9d9885bc-xgwkr,1.0,18874368
2026-09-16T20:00:50.889836+00:00,kube-system,metrics-server-75dc6f8d87-8wltz,34.0,313524224
2026-09-16T20:00:50.889836+00:00,kube-system,svclb-traefik-1111e3f7-l9hjt,0.0,0
2026-09-16T20:00:50.889836+00:00,kube-system,traefik-9bcdbbd9-z65hr,23.0,289406976
2026-09-16T20:00:50.889836+00:00,pyroscope,pyroscope-0,17.0,210763776
2026-09-16T20:00:50.889836+00:00,pyroscope,pyroscope-alloy-0,147.0,695205888
2026-09-16T20:01:22.144280+00:00,grove-system,grove-operator-bfd47f895-hqvp4,29.0,1204813824
2026-09-16T20:01:22.144280+00:00,kai-scheduler,admission-86666f457d-2g56g,1.0,16777216
2026-09-16T20:01:22.144280+00:00,kai-scheduler,kai-operator-69b5d7bcf7-mvp2x,7.0,140509184
2026-09-16T20:01:22.144280+00:00,kai-scheduler,pod-grouper-65456f756-7lkc9,1.0,11534336
2026-09-16T20:01:22.144280+00:00,kai-scheduler,podgroup-controller-68f9cc8dbf-cdbr7,1.0,13631488
2026-09-16T20:01:22.144280+00:00,kai-scheduler,queue-controller-f86fcd76c-t8wkj,1.0,11534336
2026-09-16T20:01:22.144280+00:00,kube-system,coredns-8db54c48d-4t78n,9.0,70254592
2026-09-16T20:01:22.144280+00:00,kube-system,kwok-controller-5cf8c7c44b-jqjt4,92.0,97517568
2026-09-16T20:01:22.144280+00:00,kube-system,local-path-provisioner-5d9d9885bc-xgwkr,1.0,18874368
2026-09-16T20:01:22.144280+00:00,kube-system,metrics-server-75dc6f8d87-8wltz,34.0,320864256
2026-09-16T20:01:22.144280+00:00,kube-system,svclb-traefik-1111e3f7-l9hjt,0.0,0
2026-09-16T20:01:22.144280+00:00,kube-system,traefik-9bcdbbd9-z65hr,13.0,289406976
2026-09-16T20:01:22.144280+00:00,pyroscope,pyroscope-0,7.0,213909504
2026-09-16T20:01:22.144280+00:00,pyroscope,pyroscope-alloy-0,7.0,695205888
2026-09-16T20:01:53.398803+00:00,grove-system,grove-operator-bfd47f895-hqvp4,57.0,1185939456
2026-09-16T20:01:53.398803+00:00,kai-scheduler,admission-86666f457d-2g56g,1.0,16777216
2026-09-16T20:01:53.398803+00:00,kai-scheduler,kai-operator-69b5d7bcf7-mvp2x,7.0,140509184
2026-09-16T20:01:53.398803+00:00,kai-scheduler,pod-grouper-65456f756-7lkc9,1.0,11534336
2026-09-16T20:01:53.398803+00:00,kai-scheduler,podgroup-controller-68f9cc8dbf-cdbr7,1.0,13631488
2026-09-16T20:01:53.398803+00:00,kai-scheduler,queue-controller-f86fcd76c-t8wkj,1.0,11534336
2026-09-16T20:01:53.398803+00:00,kube-system,coredns-8db54c48d-4t78n,9.0,71303168
2026-09-16T20:01:53.398803+00:00,kube-system,kwok-controller-5cf8c7c44b-jqjt4,92.0,96468992
2026-09-16T20:01:53.398803+00:00,kube-system,local-path-provisioner-5d9d9885bc-xgwkr,1.0,18874368
2026-09-16T20:01:53.398803+00:00,kube-system,metrics-server-75dc6f8d87-8wltz,32.0,320864256
2026-09-16T20:01:53.398803+00:00,kube-system,svclb-traefik-1111e3f7-l9hjt,0.0,0
2026-09-16T20:01:53.398803+00:00,kube-system,traefik-9bcdbbd9-z65hr,13.0,289406976
2026-09-16T20:01:53.398803+00:00,pyroscope,pyroscope-0,7.0,186646528
2026-09-16T20:01:53.398803+00:00,pyroscope,pyroscope-alloy-0,65.0,695205888
2026-09-16T20:02:24.645458+00:00,grove-system,grove-operator-bfd47f895-hqvp4,36.0,1190133760
2026-09-16T20:02:24.645458+00:00,kai-scheduler,admission-86666f457d-2g56g,1.0,16777216
2026-09-16T20:02:24.645458+00:00,kai-scheduler,kai-operator-69b5d7bcf7-mvp2x,3.0,140509184
2026-09-16T20:02:24.645458+00:00,kai-scheduler,pod-grouper-65456f756-7lkc9,1.0,11534336
2026-09-16T20:02:24.645458+00:00,kai-scheduler,podgroup-controller-68f9cc8dbf-cdbr7,1.0,13631488
2026-09-16T20:02:24.645458+00:00,kai-scheduler,queue-controller-f86fcd76c-t8wkj,1.0,11534336
2026-09-16T20:02:24.645458+00:00,kube-system,coredns-8db54c48d-4t78n,9.0,72351744
2026-09-16T20:02:24.645458+00:00,kube-system,kwok-controller-5cf8c7c44b-jqjt4,88.0,95420416
2026-09-16T20:02:24.645458+00:00,kube-system,local-path-provisioner-5d9d9885bc-xgwkr,1.0,18874368
2026-09-16T20:02:24.645458+00:00,kube-system,metrics-server-75dc6f8d87-8wltz,32.0,321912832
2026-09-16T20:02:24.645458+00:00,kube-system,svclb-traefik-1111e3f7-l9hjt,0.0,0
2026-09-16T20:02:24.645458+00:00,kube-system,traefik-9bcdbbd9-z65hr,13.0,297795584
2026-09-16T20:02:24.645458+00:00,pyroscope,pyroscope-0,6.0,188743680
2026-09-16T20:02:24.645458+00:00,pyroscope,pyroscope-alloy-0,6.0,696254464
2026-09-16T20:02:55.908272+00:00,grove-system,grove-operator-bfd47f895-hqvp4,133.0,1195376640
2026-09-16T20:02:55.908272+00:00,kai-scheduler,admission-86666f457d-2g56g,1.0,16777216
2026-09-16T20:02:55.908272+00:00,kai-scheduler,kai-operator-69b5d7bcf7-mvp2x,6.0,140509184
2026-09-16T20:02:55.908272+00:00,kai-scheduler,pod-grouper-65456f756-7lkc9,1.0,11534336
2026-09-16T20:02:55.908272+00:00,kai-scheduler,podgroup-controller-68f9cc8dbf-cdbr7,1.0,13631488
2026-09-16T20:02:55.908272+00:00,kai-scheduler,queue-controller-f86fcd76c-t8wkj,1.0,11534336
2026-09-16T20:02:55.908272+00:00,kube-system,coredns-8db54c48d-4t78n,9.0,73400320
2026-09-16T20:02:55.908272+00:00,kube-system,kwok-controller-5cf8c7c44b-jqjt4,93.0,97517568
2026-09-16T20:02:55.908272+00:00,kube-system,local-path-provisioner-5d9d9885bc-xgwkr,1.0,18874368
2026-09-16T20:02:55.908272+00:00,kube-system,metrics-server-75dc6f8d87-8wltz,43.0,331350016
2026-09-16T20:02:55.908272+00:00,kube-system,svclb-traefik-1111e3f7-l9hjt,0.0,0
2026-09-16T20:02:55.908272+00:00,kube-system,traefik-9bcdbbd9-z65hr,12.0,309329920
2026-09-16T20:02:55.908272+00:00,pyroscope,pyroscope-0,6.0,191889408
2026-09-16T20:02:55.908272+00:00,pyroscope,pyroscope-alloy-0,88.0,699400192
2026-09-16T20:03:27.156180+00:00,grove-system,grove-operator-bfd47f895-hqvp4,183.0,1198522368
2026-09-16T20:03:27.156180+00:00,kai-scheduler,admission-86666f457d-2g56g,1.0,16777216
2026-09-16T20:03:27.156180+00:00,kai-scheduler,kai-operator-69b5d7bcf7-mvp2x,3.0,140509184
2026-09-16T20:03:27.156180+00:00,kai-scheduler,pod-grouper-65456f756-7lkc9,1.0,11534336
2026-09-16T20:03:27.156180+00:00,kai-scheduler,podgroup-controller-68f9cc8dbf-cdbr7,1.0,13631488
2026-09-16T20:03:27.156180+00:00,kai-scheduler,queue-controller-f86fcd76c-t8wkj,1.0,11534336
2026-09-16T20:03:27.156180+00:00,kube-system,coredns-8db54c48d-4t78n,9.0,73400320
2026-09-16T20:03:27.156180+00:00,kube-system,kwok-controller-5cf8c7c44b-jqjt4,89.0,96468992
2026-09-16T20:03:27.156180+00:00,kube-system,local-path-provisioner-5d9d9885bc-xgwkr,1.0,18874368
2026-09-16T20:03:27.156180+00:00,kube-system,metrics-server-75dc6f8d87-8wltz,30.0,330301440
2026-09-16T20:03:27.156180+00:00,kube-system,svclb-traefik-1111e3f7-l9hjt,0.0,0
2026-09-16T20:03:27.156180+00:00,kube-system,traefik-9bcdbbd9-z65hr,12.0,313524224
2026-09-16T20:03:27.156180+00:00,pyroscope,pyroscope-0,6.0,191889408
2026-09-16T20:03:27.156180+00:00,pyroscope,pyroscope-alloy-0,27.0,703594496
2026-09-16T20:03:58.408659+00:00,grove-system,grove-operator-bfd47f895-hqvp4,141.0,1196425216
2026-09-16T20:03:58.408659+00:00,kai-scheduler,admission-86666f457d-2g56g,1.0,16777216
2026-09-16T20:03:58.408659+00:00,kai-scheduler,kai-operator-69b5d7bcf7-mvp2x,5.0,138412032
2026-09-16T20:03:58.408659+00:00,kai-scheduler,pod-grouper-65456f756-7lkc9,1.0,11534336
2026-09-16T20:03:58.408659+00:00,kai-scheduler,podgroup-controller-68f9cc8dbf-cdbr7,1.0,13631488
2026-09-16T20:03:58.408659+00:00,kai-scheduler,queue-controller-f86fcd76c-t8wkj,1.0,11534336
2026-09-16T20:03:58.408659+00:00,kube-system,coredns-8db54c48d-4t78n,9.0,74448896
2026-09-16T20:03:58.408659+00:00,kube-system,kwok-controller-5cf8c7c44b-jqjt4,92.0,97517568
2026-09-16T20:03:58.408659+00:00,kube-system,local-path-provisioner-5d9d9885bc-xgwkr,1.0,18874368
2026-09-16T20:03:58.408659+00:00,kube-system,metrics-server-75dc6f8d87-8wltz,33.0,332398592
2026-09-16T20:03:58.408659+00:00,kube-system,svclb-traefik-1111e3f7-l9hjt,0.0,0
2026-09-16T20:03:58.408659+00:00,kube-system,traefik-9bcdbbd9-z65hr,12.0,313524224
2026-09-16T20:03:58.408659+00:00,pyroscope,pyroscope-0,6.0,188743680
2026-09-16T20:03:58.408659+00:00,pyroscope,pyroscope-alloy-0,30.0,709885952
2026-09-16T20:04:29.661496+00:00,grove-system,grove-operator-bfd47f895-hqvp4,96.0,1197473792
2026-09-16T20:04:29.661496+00:00,kai-scheduler,admission-86666f457d-2g56g,1.0,17825792
2026-09-16T20:04:29.661496+00:00,kai-scheduler,kai-operator-69b5d7bcf7-mvp2x,3.0,138412032
2026-09-16T20:04:29.661496+00:00,kai-scheduler,pod-grouper-65456f756-7lkc9,1.0,11534336
2026-09-16T20:04:29.661496+00:00,kai-scheduler,podgroup-controller-68f9cc8dbf-cdbr7,1.0,13631488
2026-09-16T20:04:29.661496+00:00,kai-scheduler,queue-controller-f86fcd76c-t8wkj,1.0,11534336
2026-09-16T20:04:29.661496+00:00,kube-system,coredns-8db54c48d-4t78n,9.0,75497472
2026-09-16T20:04:29.661496+00:00,kube-system,kwok-controller-5cf8c7c44b-jqjt4,91.0,96468992
2026-09-16T20:04:29.661496+00:00,kube-system,local-path-provisioner-5d9d9885bc-xgwkr,1.0,18874368
2026-09-16T20:04:29.661496+00:00,kube-system,metrics-server-75dc6f8d87-8wltz,26.0,331350016
2026-09-16T20:04:29.661496+00:00,kube-system,svclb-traefik-1111e3f7-l9hjt,0.0,0
2026-09-16T20:04:29.661496+00:00,kube-system,traefik-9bcdbbd9-z65hr,12.0,313524224
2026-09-16T20:04:29.661496+00:00,pyroscope,pyroscope-0,5.0,188743680
2026-09-16T20:04:29.661496+00:00,pyroscope,pyroscope-alloy-0,6.0,709885952
2026-09-16T20:05:00.914914+00:00,grove-system,grove-operator-bfd47f895-hqvp4,50.0,1199570944
2026-09-16T20:05:00.914914+00:00,kai-scheduler,admission-86666f457d-2g56g,1.0,16777216
2026-09-16T20:05:00.914914+00:00,kai-scheduler,kai-operator-69b5d7bcf7-mvp2x,5.0,139460608
2026-09-16T20:05:00.914914+00:00,kai-scheduler,pod-grouper-65456f756-7lkc9,1.0,11534336
2026-09-16T20:05:00.914914+00:00,kai-scheduler,podgroup-controller-68f9cc8dbf-cdbr7,1.0,13631488
2026-09-16T20:05:00.914914+00:00,kai-scheduler,queue-controller-f86fcd76c-t8wkj,1.0,11534336
2026-09-16T20:05:00.914914+00:00,kube-system,coredns-8db54c48d-4t78n,6.0,74448896
2026-09-16T20:05:00.914914+00:00,kube-system,kwok-controller-5cf8c7c44b-jqjt4,88.0,96468992
2026-09-16T20:05:00.914914+00:00,kube-system,local-path-provisioner-5d9d9885bc-xgwkr,1.0,18874368
2026-09-16T20:05:00.914914+00:00,kube-system,metrics-server-75dc6f8d87-8wltz,27.0,333447168
2026-09-16T20:05:00.914914+00:00,kube-system,svclb-traefik-1111e3f7-l9hjt,0.0,0
2026-09-16T20:05:00.914914+00:00,kube-system,traefik-9bcdbbd9-z65hr,9.0,312475648
2026-09-16T20:05:00.914914+00:00,pyroscope,pyroscope-0,6.0,189792256
2026-09-16T20:05:00.914914+00:00,pyroscope,pyroscope-alloy-0,85.0,709885952
2026-09-16T20:05:32.165990+00:00,grove-system,grove-operator-bfd47f895-hqvp4,32.0,1203765248
2026-09-16T20:05:32.165990+00:00,kai-scheduler,admission-86666f457d-2g56g,1.0,16777216
2026-09-16T20:05:32.165990+00:00,kai-scheduler,kai-operator-69b5d7bcf7-mvp2x,3.0,139460608
2026-09-16T20:05:32.165990+00:00,kai-scheduler,pod-grouper-65456f756-7lkc9,1.0,11534336
2026-09-16T20:05:32.165990+00:00,kai-scheduler,podgroup-controller-68f9cc8dbf-cdbr7,1.0,13631488
2026-09-16T20:05:32.165990+00:00,kai-scheduler,queue-controller-f86fcd76c-t8wkj,1.0,11534336
2026-09-16T20:05:32.165990+00:00,kube-system,coredns-8db54c48d-4t78n,5.0,73400320
2026-09-16T20:05:32.165990+00:00,kube-system,kwok-controller-5cf8c7c44b-jqjt4,92.0,97517568
2026-09-16T20:05:32.165990+00:00,kube-system,local-path-provisioner-5d9d9885bc-xgwkr,1.0,18874368
2026-09-16T20:05:32.165990+00:00,kube-system,metrics-server-75dc6f8d87-8wltz,30.0,332398592
2026-09-16T20:05:32.165990+00:00,kube-system,svclb-traefik-1111e3f7-l9hjt,0.0,0
2026-09-16T20:05:32.165990+00:00,kube-system,traefik-9bcdbbd9-z65hr,3.0,313524224
2026-09-16T20:05:32.165990+00:00,pyroscope,pyroscope-0,6.0,189792256
2026-09-16T20:05:32.165990+00:00,pyroscope,pyroscope-alloy-0,6.0,709885952
2026-09-16T20:06:03.420825+00:00,grove-system,grove-operator-bfd47f895-hqvp4,51.0,1206910976
2026-09-16T20:06:03.420825+00:00,kai-scheduler,admission-86666f457d-2g56g,1.0,16777216
2026-09-16T20:06:03.420825+00:00,kai-scheduler,kai-operator-69b5d7bcf7-mvp2x,3.0,138412032
2026-09-16T20:06:03.420825+00:00,kai-scheduler,pod-grouper-65456f756-7lkc9,1.0,11534336
2026-09-16T20:06:03.420825+00:00,kai-scheduler,podgroup-controller-68f9cc8dbf-cdbr7,1.0,13631488
2026-09-16T20:06:03.420825+00:00,kai-scheduler,queue-controller-f86fcd76c-t8wkj,1.0,11534336
2026-09-16T20:06:03.420825+00:00,kube-system,coredns-8db54c48d-4t78n,4.0,74448896
2026-09-16T20:06:03.420825+00:00,kube-system,kwok-controller-5cf8c7c44b-jqjt4,87.0,95420416
2026-09-16T20:06:03.420825+00:00,kube-system,local-path-provisioner-5d9d9885bc-xgwkr,1.0,18874368
2026-09-16T20:06:03.420825+00:00,kube-system,metrics-server-75dc6f8d87-8wltz,29.0,332398592
2026-09-16T20:06:03.420825+00:00,kube-system,svclb-traefik-1111e3f7-l9hjt,0.0,0
2026-09-16T20:06:03.420825+00:00,kube-system,traefik-9bcdbbd9-z65hr,3.0,312475648
2026-09-16T20:06:03.420825+00:00,pyroscope,pyroscope-0,7.0,189792256
2026-09-16T20:06:03.420825+00:00,pyroscope,pyroscope-alloy-0,6.0,727711744
2026-09-16T20:06:34.672355+00:00,grove-system,grove-operator-bfd47f895-hqvp4,42.0,1201668096
2026-09-16T20:06:34.672355+00:00,kai-scheduler,admission-86666f457d-2g56g,1.0,16777216
2026-09-16T20:06:34.672355+00:00,kai-scheduler,kai-operator-69b5d7bcf7-mvp2x,3.0,138412032
2026-09-16T20:06:34.672355+00:00,kai-scheduler,pod-grouper-65456f756-7lkc9,1.0,11534336
2026-09-16T20:06:34.672355+00:00,kai-scheduler,podgroup-controller-68f9cc8dbf-cdbr7,1.0,13631488
2026-09-16T20:06:34.672355+00:00,kai-scheduler,queue-controller-f86fcd76c-t8wkj,1.0,11534336
2026-09-16T20:06:34.672355+00:00,kube-system,coredns-8db54c48d-4t78n,3.0,74448896
2026-09-16T20:06:34.672355+00:00,kube-system,kwok-controller-5cf8c7c44b-jqjt4,90.0,96468992
2026-09-16T20:06:34.672355+00:00,kube-system,local-path-provisioner-5d9d9885bc-xgwkr,1.0,18874368
2026-09-16T20:06:34.672355+00:00,kube-system,metrics-server-75dc6f8d87-8wltz,38.0,335544320
2026-09-16T20:06:34.672355+00:00,kube-system,svclb-traefik-1111e3f7-l9hjt,0.0,0
2026-09-16T20:06:34.672355+00:00,kube-system,traefik-9bcdbbd9-z65hr,3.0,314572800
2026-09-16T20:06:34.672355+00:00,pyroscope,pyroscope-0,7.0,196083712
2026-09-16T20:06:34.672355+00:00,pyroscope,pyroscope-alloy-0,7.0,727711744
2026-09-16T20:07:05.924410+00:00,grove-system,grove-operator-bfd47f895-hqvp4,30.0,1201668096
2026-09-16T20:07:05.924410+00:00,kai-scheduler,admission-86666f457d-2g56g,1.0,16777216
2026-09-16T20:07:05.924410+00:00,kai-scheduler,kai-operator-69b5d7bcf7-mvp2x,3.0,138412032
2026-09-16T20:07:05.924410+00:00,kai-scheduler,pod-grouper-65456f756-7lkc9,1.0,11534336
2026-09-16T20:07:05.924410+00:00,kai-scheduler,podgroup-controller-68f9cc8dbf-cdbr7,1.0,13631488
2026-09-16T20:07:05.924410+00:00,kai-scheduler,queue-controller-f86fcd76c-t8wkj,1.0,11534336
2026-09-16T20:07:05.924410+00:00,kube-system,coredns-8db54c48d-4t78n,3.0,73400320
2026-09-16T20:07:05.924410+00:00,kube-system,kwok-controller-5cf8c7c44b-jqjt4,88.0,95420416
2026-09-16T20:07:05.924410+00:00,kube-system,local-path-provisioner-5d9d9885bc-xgwkr,1.0,18874368
2026-09-16T20:07:05.924410+00:00,kube-system,metrics-server-75dc6f8d87-8wltz,31.0,334495744
2026-09-16T20:07:05.924410+00:00,kube-system,svclb-traefik-1111e3f7-l9hjt,0.0,0
2026-09-16T20:07:05.924410+00:00,kube-system,traefik-9bcdbbd9-z65hr,11.0,306184192
2026-09-16T20:07:05.924410+00:00,pyroscope,pyroscope-0,5.0,196083712
2026-09-16T20:07:05.924410+00:00,pyroscope,pyroscope-alloy-0,33.0,727711744
2026-09-16T20:07:37.172563+00:00,grove-system,grove-operator-bfd47f895-hqvp4,56.0,1201668096
2026-09-16T20:07:37.172563+00:00,kai-scheduler,admission-86666f457d-2g56g,1.0,16777216
2026-09-16T20:07:37.172563+00:00,kai-scheduler,kai-operator-69b5d7bcf7-mvp2x,4.0,119537664
2026-09-16T20:07:37.172563+00:00,kai-scheduler,pod-grouper-65456f756-7lkc9,1.0,11534336
2026-09-16T20:07:37.172563+00:00,kai-scheduler,podgroup-controller-68f9cc8dbf-cdbr7,1.0,13631488
2026-09-16T20:07:37.172563+00:00,kai-scheduler,queue-controller-f86fcd76c-t8wkj,1.0,11534336
2026-09-16T20:07:37.172563+00:00,kube-system,coredns-8db54c48d-4t78n,3.0,74448896
2026-09-16T20:07:37.172563+00:00,kube-system,kwok-controller-5cf8c7c44b-jqjt4,86.0,95420416
2026-09-16T20:07:37.172563+00:00,kube-system,local-path-provisioner-5d9d9885bc-xgwkr,1.0,18874368
2026-09-16T20:07:37.172563+00:00,kube-system,metrics-server-75dc6f8d87-8wltz,25.0,334495744
2026-09-16T20:07:37.172563+00:00,kube-system,svclb-traefik-1111e3f7-l9hjt,0.0,0
2026-09-16T20:07:37.172563+00:00,kube-system,traefik-9bcdbbd9-z65hr,3.0,307232768
2026-09-16T20:07:37.172563+00:00,pyroscope,pyroscope-0,6.0,197132288
2026-09-16T20:07:37.172563+00:00,pyroscope,pyroscope-alloy-0,5.0,727711744
2026-09-16T20:08:08.425605+00:00,grove-system,grove-operator-bfd47f895-hqvp4,30.0,1200619520
2026-09-16T20:08:08.425605+00:00,kai-scheduler,admission-86666f457d-2g56g,1.0,17825792
2026-09-16T20:08:08.425605+00:00,kai-scheduler,kai-operator-69b5d7bcf7-mvp2x,3.0,119537664
2026-09-16T20:08:08.425605+00:00,kai-scheduler,pod-grouper-65456f756-7lkc9,1.0,11534336
2026-09-16T20:08:08.425605+00:00,kai-scheduler,podgroup-controller-68f9cc8dbf-cdbr7,1.0,13631488
2026-09-16T20:08:08.425605+00:00,kai-scheduler,queue-controller-f86fcd76c-t8wkj,1.0,11534336
2026-09-16T20:08:08.425605+00:00,kube-system,coredns-8db54c48d-4t78n,4.0,70254592
2026-09-16T20:08:08.425605+00:00,kube-system,kwok-controller-5cf8c7c44b-jqjt4,88.0,94371840
2026-09-16T20:08:08.425605+00:00,kube-system,local-path-provisioner-5d9d9885bc-xgwkr,1.0,18874368
2026-09-16T20:08:08.425605+00:00,kube-system,metrics-server-75dc6f8d87-8wltz,27.0,336592896
2026-09-16T20:08:08.425605+00:00,kube-system,svclb-traefik-1111e3f7-l9hjt,0.0,0
2026-09-16T20:08:08.425605+00:00,kube-system,traefik-9bcdbbd9-z65hr,3.0,306184192
2026-09-16T20:08:08.425605+00:00,pyroscope,pyroscope-0,6.0,197132288
2026-09-16T20:08:08.425605+00:00,pyroscope,pyroscope-alloy-0,8.0,729808896
2026-09-16T20:08:39.681768+00:00,grove-system,grove-operator-bfd47f895-hqvp4,75.0,1201668096
2026-09-16T20:08:39.681768+00:00,kai-scheduler,admission-86666f457d-2g56g,1.0,16777216
2026-09-16T20:08:39.681768+00:00,kai-scheduler,kai-operator-69b5d7bcf7-mvp2x,3.0,118489088
2026-09-16T20:08:39.681768+00:00,kai-scheduler,pod-grouper-65456f756-7lkc9,1.0,11534336
2026-09-16T20:08:39.681768+00:00,kai-scheduler,podgroup-controller-68f9cc8dbf-cdbr7,1.0,13631488
2026-09-16T20:08:39.681768+00:00,kai-scheduler,queue-controller-f86fcd76c-t8wkj,1.0,11534336
2026-09-16T20:08:39.681768+00:00,kube-system,coredns-8db54c48d-4t78n,3.0,70254592
2026-09-16T20:08:39.681768+00:00,kube-system,kwok-controller-5cf8c7c44b-jqjt4,90.0,96468992
2026-09-16T20:08:39.681768+00:00,kube-system,local-path-provisioner-5d9d9885bc-xgwkr,1.0,18874368
2026-09-16T20:08:39.681768+00:00,kube-system,metrics-server-75dc6f8d87-8wltz,36.0,339738624
2026-09-16T20:08:39.681768+00:00,kube-system,svclb-traefik-1111e3f7-l9hjt,0.0,0
2026-09-16T20:08:39.681768+00:00,kube-system,traefik-9bcdbbd9-z65hr,4.0,306184192
2026-09-16T20:08:39.681768+00:00,pyroscope,pyroscope-0,5.0,197132288
2026-09-16T20:08:39.681768+00:00,pyroscope,pyroscope-alloy-0,3.0,713031680
2026-09-16T20:09:10.927370+00:00,grove-system,grove-operator-bfd47f895-hqvp4,44.0,1199570944
2026-09-16T20:09:10.927370+00:00,kai-scheduler,admission-86666f457d-2g56g,1.0,16777216
2026-09-16T20:09:10.927370+00:00,kai-scheduler,kai-operator-69b5d7bcf7-mvp2x,3.0,119537664
2026-09-16T20:09:10.927370+00:00,kai-scheduler,pod-grouper-65456f756-7lkc9,1.0,11534336
2026-09-16T20:09:10.927370+00:00,kai-scheduler,podgroup-controller-68f9cc8dbf-cdbr7,1.0,13631488
2026-09-16T20:09:10.927370+00:00,kai-scheduler,queue-controller-f86fcd76c-t8wkj,1.0,11534336
2026-09-16T20:09:10.927370+00:00,kube-system,coredns-8db54c48d-4t78n,3.0,69206016
2026-09-16T20:09:10.927370+00:00,kube-system,kwok-controller-5cf8c7c44b-jqjt4,85.0,95420416
2026-09-16T20:09:10.927370+00:00,kube-system,local-path-provisioner-5d9d9885bc-xgwkr,1.0,18874368
2026-09-16T20:09:10.927370+00:00,kube-system,metrics-server-75dc6f8d87-8wltz,32.0,339738624
2026-09-16T20:09:10.927370+00:00,kube-system,svclb-traefik-1111e3f7-l9hjt,0.0,0
2026-09-16T20:09:10.927370+00:00,kube-system,traefik-9bcdbbd9-z65hr,9.0,292552704
2026-09-16T20:09:10.927370+00:00,pyroscope,pyroscope-0,6.0,197132288
2026-09-16T20:09:10.927370+00:00,pyroscope,pyroscope-alloy-0,7.0,714080256
2026-09-16T20:09:42.178206+00:00,grove-system,grove-operator-bfd47f895-hqvp4,32.0,1202716672
2026-09-16T20:09:42.178206+00:00,kai-scheduler,admission-86666f457d-2g56g,1.0,16777216
2026-09-16T20:09:42.178206+00:00,kai-scheduler,kai-operator-69b5d7bcf7-mvp2x,5.0,114294784
2026-09-16T20:09:42.178206+00:00,kai-scheduler,pod-grouper-65456f756-7lkc9,1.0,11534336
2026-09-16T20:09:42.178206+00:00,kai-scheduler,podgroup-controller-68f9cc8dbf-cdbr7,1.0,13631488
2026-09-16T20:09:42.178206+00:00,kai-scheduler,queue-controller-f86fcd76c-t8wkj,1.0,11534336
2026-09-16T20:09:42.178206+00:00,kube-system,coredns-8db54c48d-4t78n,3.0,69206016
2026-09-16T20:09:42.178206+00:00,kube-system,kwok-controller-5cf8c7c44b-jqjt4,539.0,99614720
2026-09-16T20:09:42.178206+00:00,kube-system,local-path-provisioner-5d9d9885bc-xgwkr,1.0,17825792
2026-09-16T20:09:42.178206+00:00,kube-system,metrics-server-75dc6f8d87-8wltz,28.0,337641472
2026-09-16T20:09:42.178206+00:00,kube-system,svclb-traefik-1111e3f7-l9hjt,0.0,0
2026-09-16T20:09:42.178206+00:00,kube-system,traefik-9bcdbbd9-z65hr,3.0,293601280
2026-09-16T20:09:42.178206+00:00,pyroscope,pyroscope-0,6.0,197132288
2026-09-16T20:09:42.178206+00:00,pyroscope,pyroscope-alloy-0,7.0,719323136
2026-09-16T20:10:13.431711+00:00,grove-system,grove-operator-bfd47f895-hqvp4,30.0,1188036608
2026-09-16T20:10:13.431711+00:00,kai-scheduler,admission-86666f457d-2g56g,1.0,16777216
2026-09-16T20:10:13.431711+00:00,kai-scheduler,kai-operator-69b5d7bcf7-mvp2x,6.0,120586240
2026-09-16T20:10:13.431711+00:00,kai-scheduler,pod-grouper-65456f756-7lkc9,1.0,11534336
2026-09-16T20:10:13.431711+00:00,kai-scheduler,podgroup-controller-68f9cc8dbf-cdbr7,1.0,13631488
2026-09-16T20:10:13.431711+00:00,kai-scheduler,queue-controller-f86fcd76c-t8wkj,1.0,11534336
2026-09-16T20:10:13.431711+00:00,kube-system,coredns-8db54c48d-4t78n,5.0,69206016
2026-09-16T20:10:13.431711+00:00,kube-system,kwok-controller-5cf8c7c44b-jqjt4,89.0,97517568
2026-09-16T20:10:13.431711+00:00,kube-system,local-path-provisioner-5d9d9885bc-xgwkr,1.0,17825792
2026-09-16T20:10:13.431711+00:00,kube-system,metrics-server-75dc6f8d87-8wltz,32.0,338690048
2026-09-16T20:10:13.431711+00:00,kube-system,svclb-traefik-1111e3f7-l9hjt,0.0,0
2026-09-16T20:10:13.431711+00:00,kube-system,traefik-9bcdbbd9-z65hr,4.0,292552704
2026-09-16T20:10:13.431711+00:00,pyroscope,pyroscope-0,6.0,197132288
2026-09-16T20:10:13.431711+00:00,pyroscope,pyroscope-alloy-0,86.0,722468864
2026-09-16T20:10:44.682091+00:00,grove-system,grove-operator-bfd47f895-hqvp4,28.0,1190133760
2026-09-16T20:10:44.682091+00:00,kai-scheduler,admission-86666f457d-2g56g,1.0,16777216
2026-09-16T20:10:44.682091+00:00,kai-scheduler,kai-operator-69b5d7bcf7-mvp2x,3.0,120586240
2026-09-16T20:10:44.682091+00:00,kai-scheduler,pod-grouper-65456f756-7lkc9,1.0,11534336
2026-09-16T20:10:44.682091+00:00,kai-scheduler,podgroup-controller-68f9cc8dbf-cdbr7,1.0,13631488
2026-09-16T20:10:44.682091+00:00,kai-scheduler,queue-controller-f86fcd76c-t8wkj,1.0,11534336
2026-09-16T20:10:44.682091+00:00,kube-system,coredns-8db54c48d-4t78n,3.0,69206016
2026-09-16T20:10:44.682091+00:00,kube-system,kwok-controller-5cf8c7c44b-jqjt4,88.0,97517568
2026-09-16T20:10:44.682091+00:00,kube-system,local-path-provisioner-5d9d9885bc-xgwkr,1.0,17825792
2026-09-16T20:10:44.682091+00:00,kube-system,metrics-server-75dc6f8d87-8wltz,29.0,337641472
2026-09-16T20:10:44.682091+00:00,kube-system,svclb-traefik-1111e3f7-l9hjt,0.0,0
2026-09-16T20:10:44.682091+00:00,kube-system,traefik-9bcdbbd9-z65hr,3.0,292552704
2026-09-16T20:10:44.682091+00:00,pyroscope,pyroscope-0,6.0,196083712
2026-09-16T20:10:44.682091+00:00,pyroscope,pyroscope-alloy-0,6.0,721420288
2026-09-16T20:11:15.935800+00:00,grove-system,grove-operator-bfd47f895-hqvp4,45.0,1191182336
2026-09-16T20:11:15.935800+00:00,kai-scheduler,admission-86666f457d-2g56g,1.0,16777216
2026-09-16T20:11:15.935800+00:00,kai-scheduler,kai-operator-69b5d7bcf7-mvp2x,3.0,126877696
2026-09-16T20:11:15.935800+00:00,kai-scheduler,pod-grouper-65456f756-7lkc9,1.0,11534336
2026-09-16T20:11:15.935800+00:00,kai-scheduler,podgroup-controller-68f9cc8dbf-cdbr7,1.0,13631488
2026-09-16T20:11:15.935800+00:00,kai-scheduler,queue-controller-f86fcd76c-t8wkj,1.0,11534336
2026-09-16T20:11:15.935800+00:00,kube-system,coredns-8db54c48d-4t78n,3.0,70254592
2026-09-16T20:11:15.935800+00:00,kube-system,kwok-controller-5cf8c7c44b-jqjt4,86.0,98566144
2026-09-16T20:11:15.935800+00:00,kube-system,local-path-provisioner-5d9d9885bc-xgwkr,1.0,17825792
2026-09-16T20:11:15.935800+00:00,kube-system,metrics-server-75dc6f8d87-8wltz,30.0,337641472
2026-09-16T20:11:15.935800+00:00,kube-system,svclb-traefik-1111e3f7-l9hjt,0.0,0
2026-09-16T20:11:15.935800+00:00,kube-system,traefik-9bcdbbd9-z65hr,10.0,292552704
2026-09-16T20:11:15.935800+00:00,pyroscope,pyroscope-0,6.0,195035136
2026-09-16T20:11:15.935800+00:00,pyroscope,pyroscope-alloy-0,7.0,720371712
2026-09-16T20:11:47.242191+00:00,grove-system,grove-operator-bfd47f895-hqvp4,27.0,1194328064
2026-09-16T20:11:47.242191+00:00,kai-scheduler,admission-86666f457d-2g56g,1.0,16777216
2026-09-16T20:11:47.242191+00:00,kai-scheduler,kai-operator-69b5d7bcf7-mvp2x,3.0,127926272
2026-09-16T20:11:47.242191+00:00,kai-scheduler,pod-grouper-65456f756-7lkc9,1.0,11534336
2026-09-16T20:11:47.242191+00:00,kai-scheduler,podgroup-controller-68f9cc8dbf-cdbr7,1.0,13631488
2026-09-16T20:11:47.242191+00:00,kai-scheduler,queue-controller-f86fcd76c-t8wkj,1.0,11534336
2026-09-16T20:11:47.242191+00:00,kube-system,coredns-8db54c48d-4t78n,3.0,70254592
2026-09-16T20:11:47.242191+00:00,kube-system,kwok-controller-5cf8c7c44b-jqjt4,88.0,97517568
2026-09-16T20:11:47.242191+00:00,kube-system,local-path-provisioner-5d9d9885bc-xgwkr,1.0,17825792
2026-09-16T20:11:47.242191+00:00,kube-system,metrics-server-75dc6f8d87-8wltz,29.0,339738624
2026-09-16T20:11:47.242191+00:00,kube-system,svclb-traefik-1111e3f7-l9hjt,0.0,0
2026-09-16T20:11:47.242191+00:00,kube-system,traefik-9bcdbbd9-z65hr,3.0,291504128
2026-09-16T20:11:47.242191+00:00,pyroscope,pyroscope-0,6.0,195035136
2026-09-16T20:11:47.242191+00:00,pyroscope,pyroscope-alloy-0,6.0,710934528
2026-09-16T20:12:18.502060+00:00,grove-system,grove-operator-bfd47f895-hqvp4,44.0,1182793728
2026-09-16T20:12:18.502060+00:00,kai-scheduler,admission-86666f457d-2g56g,1.0,16777216
2026-09-16T20:12:18.502060+00:00,kai-scheduler,kai-operator-69b5d7bcf7-mvp2x,3.0,126877696
2026-09-16T20:12:18.502060+00:00,kai-scheduler,pod-grouper-65456f756-7lkc9,1.0,11534336
2026-09-16T20:12:18.502060+00:00,kai-scheduler,podgroup-controller-68f9cc8dbf-cdbr7,1.0,13631488
2026-09-16T20:12:18.502060+00:00,kai-scheduler,queue-controller-f86fcd76c-t8wkj,1.0,11534336
2026-09-16T20:12:18.502060+00:00,kube-system,coredns-8db54c48d-4t78n,3.0,69206016
2026-09-16T20:12:18.502060+00:00,kube-system,kwok-controller-5cf8c7c44b-jqjt4,89.0,97517568
2026-09-16T20:12:18.502060+00:00,kube-system,local-path-provisioner-5d9d9885bc-xgwkr,1.0,17825792
2026-09-16T20:12:18.502060+00:00,kube-system,metrics-server-75dc6f8d87-8wltz,29.0,338690048
2026-09-16T20:12:18.502060+00:00,kube-system,svclb-traefik-1111e3f7-l9hjt,0.0,0
2026-09-16T20:12:18.502060+00:00,kube-system,traefik-9bcdbbd9-z65hr,3.0,291504128
2026-09-16T20:12:18.502060+00:00,pyroscope,pyroscope-0,5.0,196083712
2026-09-16T20:12:18.502060+00:00,pyroscope,pyroscope-alloy-0,6.0,710934528
2026-09-16T20:12:49.755069+00:00,grove-system,grove-operator-bfd47f895-hqvp4,30.0,1186988032
2026-09-16T20:12:49.755069+00:00,kai-scheduler,admission-86666f457d-2g56g,1.0,16777216
2026-09-16T20:12:49.755069+00:00,kai-scheduler,kai-operator-69b5d7bcf7-mvp2x,5.0,117440512
2026-09-16T20:12:49.755069+00:00,kai-scheduler,pod-grouper-65456f756-7lkc9,1.0,11534336
2026-09-16T20:12:49.755069+00:00,kai-scheduler,podgroup-controller-68f9cc8dbf-cdbr7,1.0,13631488
2026-09-16T20:12:49.755069+00:00,kai-scheduler,queue-controller-f86fcd76c-t8wkj,1.0,11534336
2026-09-16T20:12:49.755069+00:00,kube-system,coredns-8db54c48d-4t78n,3.0,70254592
2026-09-16T20:12:49.755069+00:00,kube-system,kwok-controller-5cf8c7c44b-jqjt4,86.0,97517568
2026-09-16T20:12:49.755069+00:00,kube-system,local-path-provisioner-5d9d9885bc-xgwkr,1.0,17825792
2026-09-16T20:12:49.755069+00:00,kube-system,metrics-server-75dc6f8d87-8wltz,31.0,338690048
2026-09-16T20:12:49.755069+00:00,kube-system,svclb-traefik-1111e3f7-l9hjt,0.0,0
2026-09-16T20:12:49.755069+00:00,kube-system,traefik-9bcdbbd9-z65hr,4.0,292552704
2026-09-16T20:12:49.755069+00:00,pyroscope,pyroscope-0,5.0,391118848
2026-09-16T20:12:49.755069+00:00,pyroscope,pyroscope-alloy-0,7.0,710934528
2026-09-16T20:13:21.011370+00:00,grove-system,grove-operator-bfd47f895-hqvp4,31.0,1186988032
2026-09-16T20:13:21.011370+00:00,kai-scheduler,admission-86666f457d-2g56g,1.0,17825792
2026-09-16T20:13:21.011370+00:00,kai-scheduler,kai-operator-69b5d7bcf7-mvp2x,3.0,117440512
2026-09-16T20:13:21.011370+00:00,kai-scheduler,pod-grouper-65456f756-7lkc9,1.0,11534336
2026-09-16T20:13:21.011370+00:00,kai-scheduler,podgroup-controller-68f9cc8dbf-cdbr7,1.0,13631488
2026-09-16T20:13:21.011370+00:00,kai-scheduler,queue-controller-f86fcd76c-t8wkj,1.0,11534336
2026-09-16T20:13:21.011370+00:00,kube-system,coredns-8db54c48d-4t78n,4.0,70254592
2026-09-16T20:13:21.011370+00:00,kube-system,kwok-controller-5cf8c7c44b-jqjt4,89.0,99614720
2026-09-16T20:13:21.011370+00:00,kube-system,local-path-provisioner-5d9d9885bc-xgwkr,1.0,17825792
2026-09-16T20:13:21.011370+00:00,kube-system,metrics-server-75dc6f8d87-8wltz,24.0,337641472
2026-09-16T20:13:21.011370+00:00,kube-system,svclb-traefik-1111e3f7-l9hjt,0.0,0
2026-09-16T20:13:21.011370+00:00,kube-system,traefik-9bcdbbd9-z65hr,4.0,289406976
2026-09-16T20:13:21.011370+00:00,pyroscope,pyroscope-0,7.0,161480704
2026-09-16T20:13:21.011370+00:00,pyroscope,pyroscope-alloy-0,6.0,713031680
2026-09-16T20:13:52.261607+00:00,grove-system,grove-operator-bfd47f895-hqvp4,33.0,1167065088
2026-09-16T20:13:52.261607+00:00,kai-scheduler,admission-86666f457d-2g56g,1.0,17825792
2026-09-16T20:13:52.261607+00:00,kai-scheduler,kai-operator-69b5d7bcf7-mvp2x,3.0,117440512
2026-09-16T20:13:52.261607+00:00,kai-scheduler,pod-grouper-65456f756-7lkc9,1.0,11534336
2026-09-16T20:13:52.261607+00:00,kai-scheduler,podgroup-controller-68f9cc8dbf-cdbr7,1.0,13631488
2026-09-16T20:13:52.261607+00:00,kai-scheduler,queue-controller-f86fcd76c-t8wkj,1.0,11534336
2026-09-16T20:13:52.261607+00:00,kube-system,coredns-8db54c48d-4t78n,3.0,69206016
2026-09-16T20:13:52.261607+00:00,kube-system,kwok-controller-5cf8c7c44b-jqjt4,85.0,97517568
2026-09-16T20:13:52.261607+00:00,kube-system,local-path-provisioner-5d9d9885bc-xgwkr,1.0,17825792
2026-09-16T20:13:52.261607+00:00,kube-system,metrics-server-75dc6f8d87-8wltz,36.0,338690048
2026-09-16T20:13:52.261607+00:00,kube-system,svclb-traefik-1111e3f7-l9hjt,0.0,0
2026-09-16T20:13:52.261607+00:00,kube-system,traefik-9bcdbbd9-z65hr,3.0,290455552
2026-09-16T20:13:52.261607+00:00,pyroscope,pyroscope-0,6.0,163577856
2026-09-16T20:13:52.261607+00:00,pyroscope,pyroscope-alloy-0,7.0,726663168
2026-09-16T20:14:23.513653+00:00,grove-system,grove-operator-bfd47f895-hqvp4,31.0,1170210816
2026-09-16T20:14:23.513653+00:00,kai-scheduler,admission-86666f457d-2g56g,1.0,16777216
2026-09-16T20:14:23.513653+00:00,kai-scheduler,kai-operator-69b5d7bcf7-mvp2x,3.0,116391936
2026-09-16T20:14:23.513653+00:00,kai-scheduler,pod-grouper-65456f756-7lkc9,1.0,11534336
2026-09-16T20:14:23.513653+00:00,kai-scheduler,podgroup-controller-68f9cc8dbf-cdbr7,1.0,13631488
2026-09-16T20:14:23.513653+00:00,kai-scheduler,queue-controller-f86fcd76c-t8wkj,1.0,11534336
2026-09-16T20:14:23.513653+00:00,kube-system,coredns-8db54c48d-4t78n,3.0,69206016
2026-09-16T20:14:23.513653+00:00,kube-system,kwok-controller-5cf8c7c44b-jqjt4,123.0,100663296
2026-09-16T20:14:23.513653+00:00,kube-system,local-path-provisioner-5d9d9885bc-xgwkr,1.0,18874368
2026-09-16T20:14:23.513653+00:00,kube-system,metrics-server-75dc6f8d87-8wltz,34.0,337641472
2026-09-16T20:14:23.513653+00:00,kube-system,svclb-traefik-1111e3f7-l9hjt,0.0,0
2026-09-16T20:14:23.513653+00:00,kube-system,traefik-9bcdbbd9-z65hr,3.0,288358400
2026-09-16T20:14:23.513653+00:00,pyroscope,pyroscope-0,6.0,164626432
2026-09-16T20:14:23.513653+00:00,pyroscope,pyroscope-alloy-0,64.0,735051776
2026-09-16T20:14:54.768029+00:00,grove-system,grove-operator-bfd47f895-hqvp4,36.0,1149239296
2026-09-16T20:14:54.768029+00:00,kai-scheduler,admission-86666f457d-2g56g,1.0,16777216
2026-09-16T20:14:54.768029+00:00,kai-scheduler,kai-operator-69b5d7bcf7-mvp2x,3.0,110100480
2026-09-16T20:14:54.768029+00:00,kai-scheduler,pod-grouper-65456f756-7lkc9,1.0,11534336
2026-09-16T20:14:54.768029+00:00,kai-scheduler,podgroup-controller-68f9cc8dbf-cdbr7,1.0,13631488
2026-09-16T20:14:54.768029+00:00,kai-scheduler,queue-controller-f86fcd76c-t8wkj,1.0,11534336
2026-09-16T20:14:54.768029+00:00,kube-system,coredns-8db54c48d-4t78n,3.0,69206016
2026-09-16T20:14:54.768029+00:00,kube-system,kwok-controller-5cf8c7c44b-jqjt4,87.0,98566144
2026-09-16T20:14:54.768029+00:00,kube-system,local-path-provisioner-5d9d9885bc-xgwkr,1.0,17825792
2026-09-16T20:14:54.768029+00:00,kube-system,metrics-server-75dc6f8d87-8wltz,28.0,337641472
2026-09-16T20:14:54.768029+00:00,kube-system,svclb-traefik-1111e3f7-l9hjt,0.0,0
2026-09-16T20:14:54.768029+00:00,kube-system,traefik-9bcdbbd9-z65hr,4.0,288358400
2026-09-16T20:14:54.768029+00:00,pyroscope,pyroscope-0,6.0,164626432
2026-09-16T20:14:54.768029+00:00,pyroscope,pyroscope-alloy-0,6.0,736100352
2026-09-16T20:15:26.017916+00:00,grove-system,grove-operator-bfd47f895-hqvp4,51.0,1145044992
2026-09-16T20:15:26.017916+00:00,kai-scheduler,admission-86666f457d-2g56g,1.0,16777216
2026-09-16T20:15:26.017916+00:00,kai-scheduler,binder-869fc94c7-shvq6,100.0,164626432
2026-09-16T20:15:26.017916+00:00,kai-scheduler,kai-operator-69b5d7bcf7-mvp2x,6.0,111149056
2026-09-16T20:15:26.017916+00:00,kai-scheduler,pod-grouper-65456f756-7lkc9,1.0,11534336
2026-09-16T20:15:26.017916+00:00,kai-scheduler,podgroup-controller-68f9cc8dbf-cdbr7,1.0,13631488
2026-09-16T20:15:26.017916+00:00,kai-scheduler,queue-controller-f86fcd76c-t8wkj,1.0,11534336
2026-09-16T20:15:26.017916+00:00,kube-system,coredns-8db54c48d-4t78n,3.0,70254592
2026-09-16T20:15:26.017916+00:00,kube-system,kwok-controller-5cf8c7c44b-jqjt4,91.0,98566144
2026-09-16T20:15:26.017916+00:00,kube-system,local-path-provisioner-5d9d9885bc-xgwkr,1.0,17825792
2026-09-16T20:15:26.017916+00:00,kube-system,metrics-server-75dc6f8d87-8wltz,27.0,337641472
2026-09-16T20:15:26.017916+00:00,kube-system,svclb-traefik-1111e3f7-l9hjt,0.0,0
2026-09-16T20:15:26.017916+00:00,kube-system,traefik-9bcdbbd9-z65hr,9.0,288358400
2026-09-16T20:15:26.017916+00:00,pyroscope,pyroscope-0,6.0,170917888
2026-09-16T20:15:26.017916+00:00,pyroscope,pyroscope-alloy-0,7.0,725614592
2026-09-16T20:15:57.264142+00:00,grove-system,grove-operator-bfd47f895-hqvp4,27.0,1148190720
2026-09-16T20:15:57.264142+00:00,kai-scheduler,admission-86666f457d-2g56g,1.0,16777216
2026-09-16T20:15:57.264142+00:00,kai-scheduler,kai-operator-69b5d7bcf7-mvp2x,8.0,121634816
2026-09-16T20:15:57.264142+00:00,kai-scheduler,pod-grouper-65456f756-7lkc9,1.0,11534336
2026-09-16T20:15:57.264142+00:00,kai-scheduler,podgroup-controller-68f9cc8dbf-cdbr7,1.0,13631488
2026-09-16T20:15:57.264142+00:00,kai-scheduler,queue-controller-f86fcd76c-t8wkj,1.0,11534336
2026-09-16T20:15:57.264142+00:00,kube-system,coredns-8db54c48d-4t78n,4.0,69206016
2026-09-16T20:15:57.264142+00:00,kube-system,kwok-controller-5cf8c7c44b-jqjt4,94.0,98566144
2026-09-16T20:15:57.264142+00:00,kube-system,local-path-provisioner-5d9d9885bc-xgwkr,1.0,17825792
2026-09-16T20:15:57.264142+00:00,kube-system,metrics-server-75dc6f8d87-8wltz,30.0,338690048
2026-09-16T20:15:57.264142+00:00,kube-system,svclb-traefik-1111e3f7-l9hjt,0.0,0
2026-09-16T20:15:57.264142+00:00,kube-system,traefik-9bcdbbd9-z65hr,4.0,288358400
2026-09-16T20:15:57.264142+00:00,pyroscope,pyroscope-0,6.0,164626432
2026-09-16T20:15:57.264142+00:00,pyroscope,pyroscope-alloy-0,51.0,724566016
2026-09-16T20:16:28.513604+00:00,grove-system,grove-operator-bfd47f895-hqvp4,29.0,1150287872
2026-09-16T20:16:28.513604+00:00,kai-scheduler,admission-86666f457d-2g56g,1.0,17825792
2026-09-16T20:16:28.513604+00:00,kai-scheduler,kai-operator-69b5d7bcf7-mvp2x,3.0,121634816
2026-09-16T20:16:28.513604+00:00,kai-scheduler,pod-grouper-65456f756-7lkc9,1.0,11534336
2026-09-16T20:16:28.513604+00:00,kai-scheduler,podgroup-controller-68f9cc8dbf-cdbr7,1.0,13631488
2026-09-16T20:16:28.513604+00:00,kai-scheduler,queue-controller-f86fcd76c-t8wkj,1.0,11534336
2026-09-16T20:16:28.513604+00:00,kube-system,coredns-8db54c48d-4t78n,3.0,69206016
2026-09-16T20:16:28.513604+00:00,kube-system,kwok-controller-5cf8c7c44b-jqjt4,91.0,97517568
2026-09-16T20:16:28.513604+00:00,kube-system,local-path-provisioner-5d9d9885bc-xgwkr,1.0,17825792
2026-09-16T20:16:28.513604+00:00,kube-system,metrics-server-75dc6f8d87-8wltz,27.0,337641472
2026-09-16T20:16:28.513604+00:00,kube-system,svclb-traefik-1111e3f7-l9hjt,0.0,0
2026-09-16T20:16:28.513604+00:00,kube-system,traefik-9bcdbbd9-z65hr,3.0,289406976
2026-09-16T20:16:28.513604+00:00,pyroscope,pyroscope-0,7.0,164626432
2026-09-16T20:16:28.513604+00:00,pyroscope,pyroscope-alloy-0,6.0,720371712
2026-09-16T20:16:59.760684+00:00,grove-system,grove-operator-bfd47f895-hqvp4,33.0,1135607808
2026-09-16T20:16:59.760684+00:00,kai-scheduler,admission-86666f457d-2g56g,1.0,16777216
2026-09-16T20:16:59.760684+00:00,kai-scheduler,kai-operator-69b5d7bcf7-mvp2x,3.0,120586240
2026-09-16T20:16:59.760684+00:00,kai-scheduler,pod-grouper-65456f756-7lkc9,1.0,11534336
2026-09-16T20:16:59.760684+00:00,kai-scheduler,podgroup-controller-68f9cc8dbf-cdbr7,1.0,13631488
2026-09-16T20:16:59.760684+00:00,kai-scheduler,queue-controller-f86fcd76c-t8wkj,1.0,11534336
2026-09-16T20:16:59.760684+00:00,kube-system,coredns-8db54c48d-4t78n,3.0,70254592
2026-09-16T20:16:59.760684+00:00,kube-system,kwok-controller-5cf8c7c44b-jqjt4,86.0,98566144
2026-09-16T20:16:59.760684+00:00,kube-system,local-path-provisioner-5d9d9885bc-xgwkr,1.0,17825792
2026-09-16T20:16:59.760684+00:00,kube-system,metrics-server-75dc6f8d87-8wltz,30.0,337641472
2026-09-16T20:16:59.760684+00:00,kube-system,svclb-traefik-1111e3f7-l9hjt,0.0,0
2026-09-16T20:16:59.760684+00:00,kube-system,traefik-9bcdbbd9-z65hr,9.0,287309824
2026-09-16T20:16:59.760684+00:00,pyroscope,pyroscope-0,5.0,163577856
2026-09-16T20:16:59.760684+00:00,pyroscope,pyroscope-alloy-0,8.0,720371712
2026-09-16T20:17:31.012333+00:00,grove-system,grove-operator-bfd47f895-hqvp4,49.0,1124073472
2026-09-16T20:17:31.012333+00:00,kai-scheduler,admission-86666f457d-2g56g,1.0,16777216
2026-09-16T20:17:31.012333+00:00,kai-scheduler,kai-operator-69b5d7bcf7-mvp2x,3.0,121634816
2026-09-16T20:17:31.012333+00:00,kai-scheduler,pod-grouper-65456f756-7lkc9,1.0,11534336
2026-09-16T20:17:31.012333+00:00,kai-scheduler,podgroup-controller-68f9cc8dbf-cdbr7,1.0,13631488
2026-09-16T20:17:31.012333+00:00,kai-scheduler,queue-controller-f86fcd76c-t8wkj,1.0,11534336
2026-09-16T20:17:31.012333+00:00,kube-system,coredns-8db54c48d-4t78n,3.0,69206016
2026-09-16T20:17:31.012333+00:00,kube-system,kwok-controller-5cf8c7c44b-jqjt4,89.0,99614720
2026-09-16T20:17:31.012333+00:00,kube-system,local-path-provisioner-5d9d9885bc-xgwkr,1.0,18874368
2026-09-16T20:17:31.012333+00:00,kube-system,metrics-server-75dc6f8d87-8wltz,36.0,338690048
2026-09-16T20:17:31.012333+00:00,kube-system,svclb-traefik-1111e3f7-l9hjt,0.0,0
2026-09-16T20:17:31.012333+00:00,kube-system,traefik-9bcdbbd9-z65hr,4.0,287309824
2026-09-16T20:17:31.012333+00:00,pyroscope,pyroscope-0,6.0,163577856
2026-09-16T20:17:31.012333+00:00,pyroscope,pyroscope-alloy-0,43.0,720371712
2026-09-16T20:18:02.262939+00:00,grove-system,grove-operator-bfd47f895-hqvp4,21.0,1125122048
2026-09-16T20:18:02.262939+00:00,kai-scheduler,admission-86666f457d-2g56g,1.0,16777216
2026-09-16T20:18:02.262939+00:00,kai-scheduler,kai-operator-69b5d7bcf7-mvp2x,3.0,120586240
2026-09-16T20:18:02.262939+00:00,kai-scheduler,pod-grouper-65456f756-7lkc9,1.0,11534336
2026-09-16T20:18:02.262939+00:00,kai-scheduler,podgroup-controller-68f9cc8dbf-cdbr7,1.0,13631488
2026-09-16T20:18:02.262939+00:00,kai-scheduler,queue-controller-f86fcd76c-t8wkj,1.0,11534336
2026-09-16T20:18:02.262939+00:00,kube-system,coredns-8db54c48d-4t78n,4.0,69206016
2026-09-16T20:18:02.262939+00:00,kube-system,kwok-controller-5cf8c7c44b-jqjt4,117.0,98566144
2026-09-16T20:18:02.262939+00:00,kube-system,local-path-provisioner-5d9d9885bc-xgwkr,1.0,18874368
2026-09-16T20:18:02.262939+00:00,kube-system,metrics-server-75dc6f8d87-8wltz,30.0,338690048
2026-09-16T20:18:02.262939+00:00,kube-system,svclb-traefik-1111e3f7-l9hjt,0.0,0
2026-09-16T20:18:02.262939+00:00,kube-system,traefik-9bcdbbd9-z65hr,4.0,287309824
2026-09-16T20:18:02.262939+00:00,pyroscope,pyroscope-0,5.0,164626432
2026-09-16T20:18:02.262939+00:00,pyroscope,pyroscope-alloy-0,115.0,722468864
2026-09-16T20:18:33.576978+00:00,grove-system,grove-operator-bfd47f895-hqvp4,39.0,1099956224
2026-09-16T20:18:33.576978+00:00,kai-scheduler,admission-86666f457d-2g56g,1.0,16777216
2026-09-16T20:18:33.576978+00:00,kai-scheduler,kai-operator-69b5d7bcf7-mvp2x,1.0,114294784
2026-09-16T20:18:33.576978+00:00,kai-scheduler,pod-grouper-65456f756-7lkc9,1.0,11534336
2026-09-16T20:18:33.576978+00:00,kai-scheduler,podgroup-controller-68f9cc8dbf-cdbr7,1.0,13631488
2026-09-16T20:18:33.576978+00:00,kai-scheduler,queue-controller-f86fcd76c-t8wkj,1.0,11534336
2026-09-16T20:18:33.576978+00:00,kube-system,coredns-8db54c48d-4t78n,3.0,68157440
2026-09-16T20:18:33.576978+00:00,kube-system,kwok-controller-5cf8c7c44b-jqjt4,127.0,98566144
2026-09-16T20:18:33.576978+00:00,kube-system,local-path-provisioner-5d9d9885bc-xgwkr,1.0,18874368
2026-09-16T20:18:33.576978+00:00,kube-system,metrics-server-75dc6f8d87-8wltz,44.0,340787200
2026-09-16T20:18:33.576978+00:00,kube-system,svclb-traefik-1111e3f7-l9hjt,0.0,0
2026-09-16T20:18:33.576978+00:00,kube-system,traefik-9bcdbbd9-z65hr,3.0,288358400
2026-09-16T20:18:33.576978+00:00,pyroscope,pyroscope-0,6.0,165675008
2026-09-16T20:18:33.576978+00:00,pyroscope,pyroscope-alloy-0,130.0,709885952
2026-09-16T20:19:04.829054+00:00,grove-system,grove-operator-bfd47f895-hqvp4,19.0,1107296256
2026-09-16T20:19:04.829054+00:00,kai-scheduler,admission-86666f457d-2g56g,1.0,16777216
2026-09-16T20:19:04.829054+00:00,kai-scheduler,kai-operator-69b5d7bcf7-mvp2x,1.0,114294784
2026-09-16T20:19:04.829054+00:00,kai-scheduler,pod-grouper-65456f756-7lkc9,1.0,11534336
2026-09-16T20:19:04.829054+00:00,kai-scheduler,podgroup-controller-68f9cc8dbf-cdbr7,1.0,13631488
2026-09-16T20:19:04.829054+00:00,kai-scheduler,queue-controller-f86fcd76c-t8wkj,1.0,11534336
2026-09-16T20:19:04.829054+00:00,kube-system,coredns-8db54c48d-4t78n,3.0,68157440
2026-09-16T20:19:04.829054+00:00,kube-system,kwok-controller-5cf8c7c44b-jqjt4,117.0,99614720
2026-09-16T20:19:04.829054+00:00,kube-system,local-path-provisioner-5d9d9885bc-xgwkr,1.0,17825792
2026-09-16T20:19:04.829054+00:00,kube-system,metrics-server-75dc6f8d87-8wltz,35.0,339738624
2026-09-16T20:19:04.829054+00:00,kube-system,svclb-traefik-1111e3f7-l9hjt,0.0,0
2026-09-16T20:19:04.829054+00:00,kube-system,traefik-9bcdbbd9-z65hr,7.0,283115520
2026-09-16T20:19:04.829054+00:00,pyroscope,pyroscope-0,6.0,167772160
2026-09-16T20:19:04.829054+00:00,pyroscope,pyroscope-alloy-0,142.0,715128832
2026-09-16T20:19:36.078051+00:00,grove-system,grove-operator-bfd47f895-hqvp4,36.0,1093664768
2026-09-16T20:19:36.078051+00:00,kai-scheduler,admission-86666f457d-2g56g,1.0,16777216
2026-09-16T20:19:36.078051+00:00,kai-scheduler,kai-operator-69b5d7bcf7-mvp2x,1.0,114294784
2026-09-16T20:19:36.078051+00:00,kai-scheduler,pod-grouper-65456f756-7lkc9,1.0,11534336
2026-09-16T20:19:36.078051+00:00,kai-scheduler,podgroup-controller-68f9cc8dbf-cdbr7,1.0,13631488
2026-09-16T20:19:36.078051+00:00,kai-scheduler,queue-controller-f86fcd76c-t8wkj,1.0,11534336
2026-09-16T20:19:36.078051+00:00,kube-system,coredns-8db54c48d-4t78n,3.0,68157440
2026-09-16T20:19:36.078051+00:00,kube-system,kwok-controller-5cf8c7c44b-jqjt4,120.0,99614720
2026-09-16T20:19:36.078051+00:00,kube-system,local-path-provisioner-5d9d9885bc-xgwkr,1.0,17825792
2026-09-16T20:19:36.078051+00:00,kube-system,metrics-server-75dc6f8d87-8wltz,42.0,339738624
2026-09-16T20:19:36.078051+00:00,kube-system,svclb-traefik-1111e3f7-l9hjt,0.0,0
2026-09-16T20:19:36.078051+00:00,kube-system,traefik-9bcdbbd9-z65hr,3.0,285212672
2026-09-16T20:19:36.078051+00:00,pyroscope,pyroscope-0,6.0,164626432
2026-09-16T20:19:36.078051+00:00,pyroscope,pyroscope-alloy-0,138.0,700448768
2026-09-16T20:20:07.328906+00:00,grove-system,grove-operator-bfd47f895-hqvp4,18.0,1096810496
2026-09-16T20:20:07.328906+00:00,kai-scheduler,admission-86666f457d-2g56g,1.0,16777216
2026-09-16T20:20:07.328906+00:00,kai-scheduler,kai-operator-69b5d7bcf7-mvp2x,1.0,106954752
2026-09-16T20:20:07.328906+00:00,kai-scheduler,pod-grouper-65456f756-7lkc9,1.0,11534336
2026-09-16T20:20:07.328906+00:00,kai-scheduler,podgroup-controller-68f9cc8dbf-cdbr7,1.0,13631488
2026-09-16T20:20:07.328906+00:00,kai-scheduler,queue-controller-f86fcd76c-t8wkj,1.0,11534336
2026-09-16T20:20:07.328906+00:00,kube-system,coredns-8db54c48d-4t78n,5.0,66060288
2026-09-16T20:20:07.328906+00:00,kube-system,kwok-controller-5cf8c7c44b-jqjt4,118.0,98566144
2026-09-16T20:20:07.328906+00:00,kube-system,local-path-provisioner-5d9d9885bc-xgwkr,1.0,17825792
2026-09-16T20:20:07.328906+00:00,kube-system,metrics-server-75dc6f8d87-8wltz,44.0,335544320
2026-09-16T20:20:07.328906+00:00,kube-system,svclb-traefik-1111e3f7-l9hjt,0.0,0
2026-09-16T20:20:07.328906+00:00,kube-system,traefik-9bcdbbd9-z65hr,3.0,284164096
2026-09-16T20:20:07.328906+00:00,pyroscope,pyroscope-0,6.0,164626432
2026-09-16T20:20:07.328906+00:00,pyroscope,pyroscope-alloy-0,131.0,701497344
2026-09-16T20:20:38.578179+00:00,grove-system,grove-operator-bfd47f895-hqvp4,17.0,1098907648
2026-09-16T20:20:38.578179+00:00,kai-scheduler,admission-86666f457d-2g56g,1.0,16777216
2026-09-16T20:20:38.578179+00:00,kai-scheduler,kai-operator-69b5d7bcf7-mvp2x,1.0,106954752
2026-09-16T20:20:38.578179+00:00,kai-scheduler,pod-grouper-65456f756-7lkc9,1.0,11534336
2026-09-16T20:20:38.578179+00:00,kai-scheduler,podgroup-controller-68f9cc8dbf-cdbr7,1.0,13631488
2026-09-16T20:20:38.578179+00:00,kai-scheduler,queue-controller-f86fcd76c-t8wkj,1.0,11534336
2026-09-16T20:20:38.578179+00:00,kube-system,coredns-8db54c48d-4t78n,4.0,67108864
2026-09-16T20:20:38.578179+00:00,kube-system,kwok-controller-5cf8c7c44b-jqjt4,114.0,99614720
2026-09-16T20:20:38.578179+00:00,kube-system,local-path-provisioner-5d9d9885bc-xgwkr,1.0,17825792
2026-09-16T20:20:38.578179+00:00,kube-system,metrics-server-75dc6f8d87-8wltz,38.0,332398592
2026-09-16T20:20:38.578179+00:00,kube-system,svclb-traefik-1111e3f7-l9hjt,0.0,0
2026-09-16T20:20:38.578179+00:00,kube-system,traefik-9bcdbbd9-z65hr,3.0,284164096
2026-09-16T20:20:38.578179+00:00,pyroscope,pyroscope-0,6.0,163577856
2026-09-16T20:20:38.578179+00:00,pyroscope,pyroscope-alloy-0,119.0,680525824
2026-09-16T20:21:09.829743+00:00,grove-system,grove-operator-bfd47f895-hqvp4,20.0,1102053376
2026-09-16T20:21:09.829743+00:00,kai-scheduler,admission-86666f457d-2g56g,1.0,16777216
2026-09-16T20:21:09.829743+00:00,kai-scheduler,kai-operator-69b5d7bcf7-mvp2x,7.0,117440512
2026-09-16T20:21:09.829743+00:00,kai-scheduler,kai-scheduler-default-7d6685f94-rh5xx,196.0,523239424
2026-09-16T20:21:09.829743+00:00,kai-scheduler,pod-grouper-65456f756-7lkc9,1.0,11534336
2026-09-16T20:21:09.829743+00:00,kai-scheduler,podgroup-controller-68f9cc8dbf-cdbr7,1.0,13631488
2026-09-16T20:21:09.829743+00:00,kai-scheduler,queue-controller-f86fcd76c-t8wkj,1.0,11534336
2026-09-16T20:21:09.829743+00:00,kube-system,coredns-8db54c48d-4t78n,3.0,66060288
2026-09-16T20:21:09.829743+00:00,kube-system,kwok-controller-5cf8c7c44b-jqjt4,158.0,96468992
2026-09-16T20:21:09.829743+00:00,kube-system,local-path-provisioner-5d9d9885bc-xgwkr,1.0,17825792
2026-09-16T20:21:09.829743+00:00,kube-system,metrics-server-75dc6f8d87-8wltz,44.0,335544320
2026-09-16T20:21:09.829743+00:00,kube-system,svclb-traefik-1111e3f7-l9hjt,0.0,0
2026-09-16T20:21:09.829743+00:00,kube-system,traefik-9bcdbbd9-z65hr,7.0,282066944
2026-09-16T20:21:09.829743+00:00,pyroscope,pyroscope-0,6.0,163577856
2026-09-16T20:21:09.829743+00:00,pyroscope,pyroscope-alloy-0,139.0,680525824
2026-09-16T20:21:41.078908+00:00,grove-system,grove-operator-bfd47f895-hqvp4,22.0,1101004800
2026-09-16T20:21:41.078908+00:00,kai-scheduler,admission-86666f457d-2g56g,1.0,16777216
2026-09-16T20:21:41.078908+00:00,kai-scheduler,kai-operator-69b5d7bcf7-mvp2x,1.0,117440512
2026-09-16T20:21:41.078908+00:00,kai-scheduler,kai-scheduler-default-7d6685f94-rh5xx,116.0,497025024
2026-09-16T20:21:41.078908+00:00,kai-scheduler,pod-grouper-65456f756-7lkc9,1.0,11534336
2026-09-16T20:21:41.078908+00:00,kai-scheduler,podgroup-controller-68f9cc8dbf-cdbr7,1.0,13631488
2026-09-16T20:21:41.078908+00:00,kai-scheduler,queue-controller-f86fcd76c-t8wkj,1.0,11534336
2026-09-16T20:21:41.078908+00:00,kube-system,coredns-8db54c48d-4t78n,3.0,66060288
2026-09-16T20:21:41.078908+00:00,kube-system,kwok-controller-5cf8c7c44b-jqjt4,117.0,97517568
2026-09-16T20:21:41.078908+00:00,kube-system,local-path-provisioner-5d9d9885bc-xgwkr,1.0,17825792
2026-09-16T20:21:41.078908+00:00,kube-system,metrics-server-75dc6f8d87-8wltz,38.0,333447168
2026-09-16T20:21:41.078908+00:00,kube-system,svclb-traefik-1111e3f7-l9hjt,0.0,0
2026-09-16T20:21:41.078908+00:00,kube-system,traefik-9bcdbbd9-z65hr,3.0,282066944
2026-09-16T20:21:41.078908+00:00,pyroscope,pyroscope-0,6.0,163577856
2026-09-16T20:21:41.078908+00:00,pyroscope,pyroscope-alloy-0,136.0,675282944
2026-09-16T20:22:12.327911+00:00,grove-system,grove-operator-bfd47f895-hqvp4,19.0,1071644672
2026-09-16T20:22:12.327911+00:00,kai-scheduler,admission-86666f457d-2g56g,1.0,16777216
2026-09-16T20:22:12.327911+00:00,kai-scheduler,kai-operator-69b5d7bcf7-mvp2x,1.0,117440512
2026-09-16T20:22:12.327911+00:00,kai-scheduler,kai-scheduler-default-7d6685f94-rh5xx,119.0,477102080
2026-09-16T20:22:12.327911+00:00,kai-scheduler,pod-grouper-65456f756-7lkc9,1.0,11534336
2026-09-16T20:22:12.327911+00:00,kai-scheduler,podgroup-controller-68f9cc8dbf-cdbr7,1.0,13631488
2026-09-16T20:22:12.327911+00:00,kai-scheduler,queue-controller-f86fcd76c-t8wkj,1.0,11534336
2026-09-16T20:22:12.327911+00:00,kube-system,coredns-8db54c48d-4t78n,5.0,66060288
2026-09-16T20:22:12.327911+00:00,kube-system,kwok-controller-5cf8c7c44b-jqjt4,117.0,97517568
2026-09-16T20:22:12.327911+00:00,kube-system,local-path-provisioner-5d9d9885bc-xgwkr,1.0,17825792
2026-09-16T20:22:12.327911+00:00,kube-system,metrics-server-75dc6f8d87-8wltz,49.0,324009984
2026-09-16T20:22:12.327911+00:00,kube-system,svclb-traefik-1111e3f7-l9hjt,0.0,0
2026-09-16T20:22:12.327911+00:00,kube-system,traefik-9bcdbbd9-z65hr,4.0,282066944
2026-09-16T20:22:12.327911+00:00,pyroscope,pyroscope-0,6.0,163577856
2026-09-16T20:22:12.327911+00:00,pyroscope,pyroscope-alloy-0,116.0,650117120
2026-09-16T20:22:43.585234+00:00,grove-system,grove-operator-bfd47f895-hqvp4,18.0,1072693248
2026-09-16T20:22:43.585234+00:00,kai-scheduler,admission-86666f457d-2g56g,1.0,16777216
2026-09-16T20:22:43.585234+00:00,kai-scheduler,kai-operator-69b5d7bcf7-mvp2x,1.0,117440512
2026-09-16T20:22:43.585234+00:00,kai-scheduler,kai-scheduler-default-7d6685f94-rh5xx,118.0,491782144
2026-09-16T20:22:43.585234+00:00,kai-scheduler,pod-grouper-65456f756-7lkc9,1.0,11534336
2026-09-16T20:22:43.585234+00:00,kai-scheduler,podgroup-controller-68f9cc8dbf-cdbr7,1.0,13631488
2026-09-16T20:22:43.585234+00:00,kai-scheduler,queue-controller-f86fcd76c-t8wkj,1.0,11534336
2026-09-16T20:22:43.585234+00:00,kube-system,coredns-8db54c48d-4t78n,3.0,67108864
2026-09-16T20:22:43.585234+00:00,kube-system,kwok-controller-5cf8c7c44b-jqjt4,203.0,106954752
2026-09-16T20:22:43.585234+00:00,kube-system,local-path-provisioner-5d9d9885bc-xgwkr,1.0,17825792
2026-09-16T20:22:43.585234+00:00,kube-system,metrics-server-75dc6f8d87-8wltz,40.0,322961408
2026-09-16T20:22:43.585234+00:00,kube-system,svclb-traefik-1111e3f7-l9hjt,0.0,0
2026-09-16T20:22:43.585234+00:00,kube-system,traefik-9bcdbbd9-z65hr,3.0,282066944
2026-09-16T20:22:43.585234+00:00,pyroscope,pyroscope-0,7.0,165675008
2026-09-16T20:22:43.585234+00:00,pyroscope,pyroscope-alloy-0,105.0,656408576
2026-09-16T20:23:14.835925+00:00,grove-system,grove-operator-bfd47f895-hqvp4,19.0,1071644672
2026-09-16T20:23:14.835925+00:00,kai-scheduler,admission-86666f457d-2g56g,1.0,16777216
2026-09-16T20:23:14.835925+00:00,kai-scheduler,kai-operator-69b5d7bcf7-mvp2x,3.0,108003328
2026-09-16T20:23:14.835925+00:00,kai-scheduler,kai-scheduler-default-7d6685f94-rh5xx,111.0,477102080
2026-09-16T20:23:14.835925+00:00,kai-scheduler,pod-grouper-65456f756-7lkc9,1.0,11534336
2026-09-16T20:23:14.835925+00:00,kai-scheduler,podgroup-controller-68f9cc8dbf-cdbr7,1.0,13631488
2026-09-16T20:23:14.835925+00:00,kai-scheduler,queue-controller-f86fcd76c-t8wkj,1.0,11534336
2026-09-16T20:23:14.835925+00:00,kube-system,coredns-8db54c48d-4t78n,3.0,66060288
2026-09-16T20:23:14.835925+00:00,kube-system,kwok-controller-5cf8c7c44b-jqjt4,121.0,96468992
2026-09-16T20:23:14.835925+00:00,kube-system,local-path-provisioner-5d9d9885bc-xgwkr,1.0,17825792
2026-09-16T20:23:14.835925+00:00,kube-system,metrics-server-75dc6f8d87-8wltz,50.0,324009984
2026-09-16T20:23:14.835925+00:00,kube-system,svclb-traefik-1111e3f7-l9hjt,0.0,0
2026-09-16T20:23:14.835925+00:00,kube-system,traefik-9bcdbbd9-z65hr,6.0,279969792
2026-09-16T20:23:14.835925+00:00,pyroscope,pyroscope-0,7.0,167772160
2026-09-16T20:23:14.835925+00:00,pyroscope,pyroscope-alloy-0,113.0,646971392
2026-09-16T20:23:46.087819+00:00,grove-system,grove-operator-bfd47f895-hqvp4,19.0,1080033280
2026-09-16T20:23:46.087819+00:00,kai-scheduler,admission-86666f457d-2g56g,1.0,16777216
2026-09-16T20:23:46.087819+00:00,kai-scheduler,kai-operator-69b5d7bcf7-mvp2x,1.0,108003328
2026-09-16T20:23:46.087819+00:00,kai-scheduler,kai-scheduler-default-7d6685f94-rh5xx,109.0,461373440
2026-09-16T20:23:46.087819+00:00,kai-scheduler,pod-grouper-65456f756-7lkc9,1.0,11534336
2026-09-16T20:23:46.087819+00:00,kai-scheduler,podgroup-controller-68f9cc8dbf-cdbr7,1.0,13631488
2026-09-16T20:23:46.087819+00:00,kai-scheduler,queue-controller-f86fcd76c-t8wkj,1.0,11534336
2026-09-16T20:23:46.087819+00:00,kube-system,coredns-8db54c48d-4t78n,3.0,66060288
2026-09-16T20:23:46.087819+00:00,kube-system,kwok-controller-5cf8c7c44b-jqjt4,120.0,96468992
2026-09-16T20:23:46.087819+00:00,kube-system,local-path-provisioner-5d9d9885bc-xgwkr,1.0,17825792
2026-09-16T20:23:46.087819+00:00,kube-system,metrics-server-75dc6f8d87-8wltz,45.0,319815680
2026-09-16T20:23:46.087819+00:00,kube-system,svclb-traefik-1111e3f7-l9hjt,0.0,0
2026-09-16T20:23:46.087819+00:00,kube-system,traefik-9bcdbbd9-z65hr,3.0,279969792
2026-09-16T20:23:46.087819+00:00,pyroscope,pyroscope-0,6.0,169869312
2026-09-16T20:23:46.087819+00:00,pyroscope,pyroscope-alloy-0,116.0,639631360
2026-09-16T20:24:17.340819+00:00,grove-system,grove-operator-bfd47f895-hqvp4,19.0,1072693248
2026-09-16T20:24:17.340819+00:00,kai-scheduler,admission-86666f457d-2g56g,1.0,16777216
2026-09-16T20:24:17.340819+00:00,kai-scheduler,kai-operator-69b5d7bcf7-mvp2x,1.0,108003328
2026-09-16T20:24:17.340819+00:00,kai-scheduler,kai-scheduler-default-7d6685f94-rh5xx,105.0,420478976
2026-09-16T20:24:17.340819+00:00,kai-scheduler,pod-grouper-65456f756-7lkc9,1.0,11534336
2026-09-16T20:24:17.340819+00:00,kai-scheduler,podgroup-controller-68f9cc8dbf-cdbr7,1.0,13631488
2026-09-16T20:24:17.340819+00:00,kai-scheduler,queue-controller-f86fcd76c-t8wkj,1.0,11534336
2026-09-16T20:24:17.340819+00:00,kube-system,coredns-8db54c48d-4t78n,4.0,66060288
2026-09-16T20:24:17.340819+00:00,kube-system,kwok-controller-5cf8c7c44b-jqjt4,117.0,96468992
2026-09-16T20:24:17.340819+00:00,kube-system,local-path-provisioner-5d9d9885bc-xgwkr,1.0,17825792
2026-09-16T20:24:17.340819+00:00,kube-system,metrics-server-75dc6f8d87-8wltz,41.0,320864256
2026-09-16T20:24:17.340819+00:00,kube-system,svclb-traefik-1111e3f7-l9hjt,0.0,0
2026-09-16T20:24:17.340819+00:00,kube-system,traefik-9bcdbbd9-z65hr,3.0,279969792
2026-09-16T20:24:17.340819+00:00,pyroscope,pyroscope-0,6.0,164626432
2026-09-16T20:24:17.340819+00:00,pyroscope,pyroscope-alloy-0,137.0,631242752
2026-09-16T20:24:48.596207+00:00,grove-system,grove-operator-bfd47f895-hqvp4,31.0,1076887552
2026-09-16T20:24:48.596207+00:00,kai-scheduler,admission-86666f457d-2g56g,1.0,16777216
2026-09-16T20:24:48.596207+00:00,kai-scheduler,kai-operator-69b5d7bcf7-mvp2x,1.0,108003328
2026-09-16T20:24:48.596207+00:00,kai-scheduler,kai-scheduler-default-7d6685f94-rh5xx,97.0,433061888
2026-09-16T20:24:48.596207+00:00,kai-scheduler,pod-grouper-65456f756-7lkc9,1.0,11534336
2026-09-16T20:24:48.596207+00:00,kai-scheduler,podgroup-controller-68f9cc8dbf-cdbr7,1.0,13631488
2026-09-16T20:24:48.596207+00:00,kai-scheduler,queue-controller-f86fcd76c-t8wkj,1.0,11534336
2026-09-16T20:24:48.596207+00:00,kube-system,coredns-8db54c48d-4t78n,3.0,66060288
2026-09-16T20:24:48.596207+00:00,kube-system,kwok-controller-5cf8c7c44b-jqjt4,119.0,96468992
2026-09-16T20:24:48.596207+00:00,kube-system,local-path-provisioner-5d9d9885bc-xgwkr,1.0,17825792
2026-09-16T20:24:48.596207+00:00,kube-system,metrics-server-75dc6f8d87-8wltz,37.0,318767104
2026-09-16T20:24:48.596207+00:00,kube-system,svclb-traefik-1111e3f7-l9hjt,0.0,0
2026-09-16T20:24:48.596207+00:00,kube-system,traefik-9bcdbbd9-z65hr,3.0,281018368
2026-09-16T20:24:48.596207+00:00,pyroscope,pyroscope-0,6.0,164626432
2026-09-16T20:24:48.596207+00:00,pyroscope,pyroscope-alloy-0,109.0,613416960
2026-09-16T20:25:19.849808+00:00,grove-system,grove-operator-bfd47f895-hqvp4,20.0,1081081856
2026-09-16T20:25:19.849808+00:00,kai-scheduler,admission-86666f457d-2g56g,1.0,16777216
2026-09-16T20:25:19.849808+00:00,kai-scheduler,kai-operator-69b5d7bcf7-mvp2x,1.0,106954752
2026-09-16T20:25:19.849808+00:00,kai-scheduler,kai-scheduler-default-7d6685f94-rh5xx,97.0,404750336
2026-09-16T20:25:19.849808+00:00,kai-scheduler,pod-grouper-65456f756-7lkc9,1.0,11534336
2026-09-16T20:25:19.849808+00:00,kai-scheduler,podgroup-controller-68f9cc8dbf-cdbr7,1.0,13631488
2026-09-16T20:25:19.849808+00:00,kai-scheduler,queue-controller-f86fcd76c-t8wkj,1.0,11534336
2026-09-16T20:25:19.849808+00:00,kube-system,coredns-8db54c48d-4t78n,4.0,66060288
2026-09-16T20:25:19.849808+00:00,kube-system,kwok-controller-5cf8c7c44b-jqjt4,124.0,98566144
2026-09-16T20:25:19.849808+00:00,kube-system,local-path-provisioner-5d9d9885bc-xgwkr,1.0,17825792
2026-09-16T20:25:19.849808+00:00,kube-system,metrics-server-75dc6f8d87-8wltz,53.0,319815680
2026-09-16T20:25:19.849808+00:00,kube-system,svclb-traefik-1111e3f7-l9hjt,0.0,0
2026-09-16T20:25:19.849808+00:00,kube-system,traefik-9bcdbbd9-z65hr,4.0,279969792
2026-09-16T20:25:19.849808+00:00,pyroscope,pyroscope-0,6.0,165675008
2026-09-16T20:25:19.849808+00:00,pyroscope,pyroscope-alloy-0,87.0,601882624
2026-09-16T20:25:51.103100+00:00,grove-system,grove-operator-bfd47f895-hqvp4,20.0,1048576000
2026-09-16T20:25:51.103100+00:00,kai-scheduler,admission-86666f457d-2g56g,1.0,16777216
2026-09-16T20:25:51.103100+00:00,kai-scheduler,kai-operator-69b5d7bcf7-mvp2x,1.0,106954752
2026-09-16T20:25:51.103100+00:00,kai-scheduler,kai-scheduler-default-7d6685f94-rh5xx,91.0,398458880
2026-09-16T20:25:51.103100+00:00,kai-scheduler,pod-grouper-65456f756-7lkc9,1.0,11534336
2026-09-16T20:25:51.103100+00:00,kai-scheduler,podgroup-controller-68f9cc8dbf-cdbr7,1.0,13631488
2026-09-16T20:25:51.103100+00:00,kai-scheduler,queue-controller-f86fcd76c-t8wkj,1.0,11534336
2026-09-16T20:25:51.103100+00:00,kube-system,coredns-8db54c48d-4t78n,3.0,66060288
2026-09-16T20:25:51.103100+00:00,kube-system,kwok-controller-5cf8c7c44b-jqjt4,122.0,97517568
2026-09-16T20:25:51.103100+00:00,kube-system,local-path-provisioner-5d9d9885bc-xgwkr,1.0,17825792
2026-09-16T20:25:51.103100+00:00,kube-system,metrics-server-75dc6f8d87-8wltz,40.0,317718528
2026-09-16T20:25:51.103100+00:00,kube-system,svclb-traefik-1111e3f7-l9hjt,0.0,0
2026-09-16T20:25:51.103100+00:00,kube-system,traefik-9bcdbbd9-z65hr,3.0,279969792
2026-09-16T20:25:51.103100+00:00,pyroscope,pyroscope-0,6.0,167772160
2026-09-16T20:25:51.103100+00:00,pyroscope,pyroscope-alloy-0,92.0,599785472
2026-09-16T20:26:22.352294+00:00,grove-system,grove-operator-bfd47f895-hqvp4,30.0,1050673152
2026-09-16T20:26:22.352294+00:00,kai-scheduler,admission-86666f457d-2g56g,1.0,17825792
2026-09-16T20:26:22.352294+00:00,kai-scheduler,kai-operator-69b5d7bcf7-mvp2x,4.0,114294784
2026-09-16T20:26:22.352294+00:00,kai-scheduler,kai-scheduler-default-7d6685f94-rh5xx,90.0,432013312
2026-09-16T20:26:22.352294+00:00,kai-scheduler,pod-grouper-65456f756-7lkc9,1.0,11534336
2026-09-16T20:26:22.352294+00:00,kai-scheduler,podgroup-controller-68f9cc8dbf-cdbr7,1.0,13631488
2026-09-16T20:26:22.352294+00:00,kai-scheduler,queue-controller-f86fcd76c-t8wkj,1.0,11534336
2026-09-16T20:26:22.352294+00:00,kube-system,coredns-8db54c48d-4t78n,3.0,65011712
2026-09-16T20:26:22.352294+00:00,kube-system,kwok-controller-5cf8c7c44b-jqjt4,120.0,96468992
2026-09-16T20:26:22.352294+00:00,kube-system,local-path-provisioner-5d9d9885bc-xgwkr,1.0,17825792
2026-09-16T20:26:22.352294+00:00,kube-system,metrics-server-75dc6f8d87-8wltz,47.0,312475648
2026-09-16T20:26:22.352294+00:00,kube-system,svclb-traefik-1111e3f7-l9hjt,0.0,0
2026-09-16T20:26:22.352294+00:00,kube-system,traefik-9bcdbbd9-z65hr,3.0,281018368
2026-09-16T20:26:22.352294+00:00,pyroscope,pyroscope-0,7.0,170917888
2026-09-16T20:26:22.352294+00:00,pyroscope,pyroscope-alloy-0,107.0,602931200
2026-09-16T20:26:53.613630+00:00,grove-system,grove-operator-bfd47f895-hqvp4,20.0,1059061760
2026-09-16T20:26:53.613630+00:00,kai-scheduler,admission-86666f457d-2g56g,1.0,16777216
2026-09-16T20:26:53.613630+00:00,kai-scheduler,kai-operator-69b5d7bcf7-mvp2x,1.0,114294784
2026-09-16T20:26:53.613630+00:00,kai-scheduler,kai-scheduler-default-7d6685f94-rh5xx,87.0,420478976
2026-09-16T20:26:53.613630+00:00,kai-scheduler,pod-grouper-65456f756-7lkc9,1.0,11534336
2026-09-16T20:26:53.613630+00:00,kai-scheduler,podgroup-controller-68f9cc8dbf-cdbr7,1.0,13631488
2026-09-16T20:26:53.613630+00:00,kai-scheduler,queue-controller-f86fcd76c-t8wkj,1.0,11534336
2026-09-16T20:26:53.613630+00:00,kube-system,coredns-8db54c48d-4t78n,3.0,66060288
2026-09-16T20:26:53.613630+00:00,kube-system,kwok-controller-5cf8c7c44b-jqjt4,119.0,97517568
2026-09-16T20:26:53.613630+00:00,kube-system,local-path-provisioner-5d9d9885bc-xgwkr,1.0,17825792
2026-09-16T20:26:53.613630+00:00,kube-system,metrics-server-75dc6f8d87-8wltz,42.0,311427072
2026-09-16T20:26:53.613630+00:00,kube-system,svclb-traefik-1111e3f7-l9hjt,0.0,0
2026-09-16T20:26:53.613630+00:00,kube-system,traefik-9bcdbbd9-z65hr,5.0,274726912
2026-09-16T20:26:53.613630+00:00,pyroscope,pyroscope-0,6.0,168820736
2026-09-16T20:26:53.613630+00:00,pyroscope,pyroscope-alloy-0,107.0,588251136
2026-09-16T20:27:24.862789+00:00,grove-system,grove-operator-bfd47f895-hqvp4,31.0,1024458752
2026-09-16T20:27:24.862789+00:00,kai-scheduler,admission-86666f457d-2g56g,1.0,16777216
2026-09-16T20:27:24.862789+00:00,kai-scheduler,kai-operator-69b5d7bcf7-mvp2x,3.0,114294784
2026-09-16T20:27:24.862789+00:00,kai-scheduler,kai-scheduler-default-7d6685f94-rh5xx,85.0,425721856
2026-09-16T20:27:24.862789+00:00,kai-scheduler,pod-grouper-65456f756-7lkc9,1.0,11534336
2026-09-16T20:27:24.862789+00:00,kai-scheduler,podgroup-controller-68f9cc8dbf-cdbr7,1.0,13631488
2026-09-16T20:27:24.862789+00:00,kai-scheduler,queue-controller-f86fcd76c-t8wkj,1.0,11534336
2026-09-16T20:27:24.862789+00:00,kube-system,coredns-8db54c48d-4t78n,3.0,66060288
2026-09-16T20:27:24.862789+00:00,kube-system,kwok-controller-5cf8c7c44b-jqjt4,117.0,96468992
2026-09-16T20:27:24.862789+00:00,kube-system,local-path-provisioner-5d9d9885bc-xgwkr,1.0,17825792
2026-09-16T20:27:24.862789+00:00,kube-system,metrics-server-75dc6f8d87-8wltz,44.0,313524224
2026-09-16T20:27:24.862789+00:00,kube-system,svclb-traefik-1111e3f7-l9hjt,0.0,0
2026-09-16T20:27:24.862789+00:00,kube-system,traefik-9bcdbbd9-z65hr,3.0,274726912
2026-09-16T20:27:24.862789+00:00,pyroscope,pyroscope-0,5.0,169869312
2026-09-16T20:27:24.862789+00:00,pyroscope,pyroscope-alloy-0,103.0,579862528
2026-09-16T20:27:56.118814+00:00,grove-system,grove-operator-bfd47f895-hqvp4,19.0,1028653056
2026-09-16T20:27:56.118814+00:00,kai-scheduler,admission-86666f457d-2g56g,1.0,16777216
2026-09-16T20:27:56.118814+00:00,kai-scheduler,kai-operator-69b5d7bcf7-mvp2x,1.0,114294784
2026-09-16T20:27:56.118814+00:00,kai-scheduler,kai-scheduler-default-7d6685f94-rh5xx,78.0,380633088
2026-09-16T20:27:56.118814+00:00,kai-scheduler,pod-grouper-65456f756-7lkc9,1.0,11534336
2026-09-16T20:27:56.118814+00:00,kai-scheduler,podgroup-controller-68f9cc8dbf-cdbr7,1.0,13631488
2026-09-16T20:27:56.118814+00:00,kai-scheduler,queue-controller-f86fcd76c-t8wkj,1.0,11534336
2026-09-16T20:27:56.118814+00:00,kube-system,coredns-8db54c48d-4t78n,3.0,66060288
2026-09-16T20:27:56.118814+00:00,kube-system,kwok-controller-5cf8c7c44b-jqjt4,114.0,96468992
2026-09-16T20:27:56.118814+00:00,kube-system,local-path-provisioner-5d9d9885bc-xgwkr,1.0,17825792
2026-09-16T20:27:56.118814+00:00,kube-system,metrics-server-75dc6f8d87-8wltz,41.0,309329920
2026-09-16T20:27:56.118814+00:00,kube-system,svclb-traefik-1111e3f7-l9hjt,0.0,0
2026-09-16T20:27:56.118814+00:00,kube-system,traefik-9bcdbbd9-z65hr,3.0,274726912
2026-09-16T20:27:56.118814+00:00,pyroscope,pyroscope-0,6.0,168820736
2026-09-16T20:27:56.118814+00:00,pyroscope,pyroscope-alloy-0,80.0,573571072
2026-09-16T20:28:27.370395+00:00,grove-system,grove-operator-bfd47f895-hqvp4,19.0,1037041664
2026-09-16T20:28:27.370395+00:00,kai-scheduler,admission-86666f457d-2g56g,1.0,16777216
2026-09-16T20:28:27.370395+00:00,kai-scheduler,kai-operator-69b5d7bcf7-mvp2x,1.0,114294784
2026-09-16T20:28:27.370395+00:00,kai-scheduler,kai-scheduler-default-7d6685f94-rh5xx,80.0,363855872
2026-09-16T20:28:27.370395+00:00,kai-scheduler,pod-grouper-65456f756-7lkc9,1.0,11534336
2026-09-16T20:28:27.370395+00:00,kai-scheduler,podgroup-controller-68f9cc8dbf-cdbr7,1.0,13631488
2026-09-16T20:28:27.370395+00:00,kai-scheduler,queue-controller-f86fcd76c-t8wkj,1.0,11534336
2026-09-16T20:28:27.370395+00:00,kube-system,coredns-8db54c48d-4t78n,3.0,65011712
2026-09-16T20:28:27.370395+00:00,kube-system,kwok-controller-5cf8c7c44b-jqjt4,119.0,96468992
2026-09-16T20:28:27.370395+00:00,kube-system,local-path-provisioner-5d9d9885bc-xgwkr,1.0,17825792
2026-09-16T20:28:27.370395+00:00,kube-system,metrics-server-75dc6f8d87-8wltz,52.0,305135616
2026-09-16T20:28:27.370395+00:00,kube-system,svclb-traefik-1111e3f7-l9hjt,0.0,0
2026-09-16T20:28:27.370395+00:00,kube-system,traefik-9bcdbbd9-z65hr,3.0,275775488
2026-09-16T20:28:27.370395+00:00,pyroscope,pyroscope-0,6.0,169869312
2026-09-16T20:28:27.370395+00:00,pyroscope,pyroscope-alloy-0,56.0,569376768
2026-09-16T20:28:58.619027+00:00,grove-system,grove-operator-bfd47f895-hqvp4,17.0,1018167296
2026-09-16T20:28:58.619027+00:00,kai-scheduler,admission-86666f457d-2g56g,1.0,16777216
2026-09-16T20:28:58.619027+00:00,kai-scheduler,kai-operator-69b5d7bcf7-mvp2x,1.0,114294784
2026-09-16T20:28:58.619027+00:00,kai-scheduler,kai-scheduler-default-7d6685f94-rh5xx,73.0,356515840
2026-09-16T20:28:58.619027+00:00,kai-scheduler,pod-grouper-65456f756-7lkc9,1.0,11534336
2026-09-16T20:28:58.619027+00:00,kai-scheduler,podgroup-controller-68f9cc8dbf-cdbr7,1.0,13631488
2026-09-16T20:28:58.619027+00:00,kai-scheduler,queue-controller-f86fcd76c-t8wkj,1.0,11534336
2026-09-16T20:28:58.619027+00:00,kube-system,coredns-8db54c48d-4t78n,3.0,65011712
2026-09-16T20:28:58.619027+00:00,kube-system,kwok-controller-5cf8c7c44b-jqjt4,114.0,97517568
2026-09-16T20:28:58.619027+00:00,kube-system,local-path-provisioner-5d9d9885bc-xgwkr,1.0,17825792
2026-09-16T20:28:58.619027+00:00,kube-system,metrics-server-75dc6f8d87-8wltz,41.0,306184192
2026-09-16T20:28:58.619027+00:00,kube-system,svclb-traefik-1111e3f7-l9hjt,0.0,0
2026-09-16T20:28:58.619027+00:00,kube-system,traefik-9bcdbbd9-z65hr,3.0,274726912
2026-09-16T20:28:58.619027+00:00,pyroscope,pyroscope-0,6.0,166723584
2026-09-16T20:28:58.619027+00:00,pyroscope,pyroscope-alloy-0,53.0,549453824
2026-09-16T20:29:29.865810+00:00,grove-system,grove-operator-bfd47f895-hqvp4,36.0,986710016
2026-09-16T20:29:29.865810+00:00,kai-scheduler,admission-86666f457d-2g56g,1.0,16777216
2026-09-16T20:29:29.865810+00:00,kai-scheduler,kai-operator-69b5d7bcf7-mvp2x,3.0,108003328
2026-09-16T20:29:29.865810+00:00,kai-scheduler,kai-scheduler-default-7d6685f94-rh5xx,74.0,389021696
2026-09-16T20:29:29.865810+00:00,kai-scheduler,pod-grouper-65456f756-7lkc9,1.0,11534336
2026-09-16T20:29:29.865810+00:00,kai-scheduler,podgroup-controller-68f9cc8dbf-cdbr7,1.0,13631488
2026-09-16T20:29:29.865810+00:00,kai-scheduler,queue-controller-f86fcd76c-t8wkj,1.0,11534336
2026-09-16T20:29:29.865810+00:00,kube-system,coredns-8db54c48d-4t78n,3.0,66060288
2026-09-16T20:29:29.865810+00:00,kube-system,kwok-controller-5cf8c7c44b-jqjt4,118.0,96468992
2026-09-16T20:29:29.865810+00:00,kube-system,local-path-provisioner-5d9d9885bc-xgwkr,1.0,17825792
2026-09-16T20:29:29.865810+00:00,kube-system,metrics-server-75dc6f8d87-8wltz,52.0,297795584
2026-09-16T20:29:29.865810+00:00,kube-system,svclb-traefik-1111e3f7-l9hjt,0.0,0
2026-09-16T20:29:29.865810+00:00,kube-system,traefik-9bcdbbd9-z65hr,3.0,271581184
2026-09-16T20:29:29.865810+00:00,pyroscope,pyroscope-0,6.0,170917888
2026-09-16T20:29:29.865810+00:00,pyroscope,pyroscope-alloy-0,77.0,535822336
2026-09-16T20:30:01.112904+00:00,grove-system,grove-operator-bfd47f895-hqvp4,19.0,994050048
2026-09-16T20:30:01.112904+00:00,kai-scheduler,admission-86666f457d-2g56g,1.0,17825792
2026-09-16T20:30:01.112904+00:00,kai-scheduler,kai-operator-69b5d7bcf7-mvp2x,1.0,108003328
2026-09-16T20:30:01.112904+00:00,kai-scheduler,kai-scheduler-default-7d6685f94-rh5xx,71.0,364904448
2026-09-16T20:30:01.112904+00:00,kai-scheduler,pod-grouper-65456f756-7lkc9,1.0,11534336
2026-09-16T20:30:01.112904+00:00,kai-scheduler,podgroup-controller-68f9cc8dbf-cdbr7,1.0,13631488
2026-09-16T20:30:01.112904+00:00,kai-scheduler,queue-controller-f86fcd76c-t8wkj,1.0,11534336
2026-09-16T20:30:01.112904+00:00,kube-system,coredns-8db54c48d-4t78n,3.0,66060288
2026-09-16T20:30:01.112904+00:00,kube-system,kwok-controller-5cf8c7c44b-jqjt4,114.0,94371840
2026-09-16T20:30:01.112904+00:00,kube-system,local-path-provisioner-5d9d9885bc-xgwkr,1.0,17825792
2026-09-16T20:30:01.112904+00:00,kube-system,metrics-server-75dc6f8d87-8wltz,37.0,295698432
2026-09-16T20:30:01.112904+00:00,kube-system,svclb-traefik-1111e3f7-l9hjt,0.0,0
2026-09-16T20:30:01.112904+00:00,kube-system,traefik-9bcdbbd9-z65hr,3.0,271581184
2026-09-16T20:30:01.112904+00:00,pyroscope,pyroscope-0,6.0,167772160
2026-09-16T20:30:01.112904+00:00,pyroscope,pyroscope-alloy-0,56.0,543162368
2026-09-16T20:30:32.375340+00:00,grove-system,grove-operator-bfd47f895-hqvp4,20.0,996147200
2026-09-16T20:30:32.375340+00:00,kai-scheduler,admission-86666f457d-2g56g,1.0,16777216
2026-09-16T20:30:32.375340+00:00,kai-scheduler,kai-operator-69b5d7bcf7-mvp2x,1.0,108003328
2026-09-16T20:30:32.375340+00:00,kai-scheduler,kai-scheduler-default-7d6685f94-rh5xx,64.0,363855872
2026-09-16T20:30:32.375340+00:00,kai-scheduler,pod-grouper-65456f756-7lkc9,1.0,11534336
2026-09-16T20:30:32.375340+00:00,kai-scheduler,podgroup-controller-68f9cc8dbf-cdbr7,1.0,13631488
2026-09-16T20:30:32.375340+00:00,kai-scheduler,queue-controller-f86fcd76c-t8wkj,1.0,11534336
2026-09-16T20:30:32.375340+00:00,kube-system,coredns-8db54c48d-4t78n,3.0,66060288
2026-09-16T20:30:32.375340+00:00,kube-system,kwok-controller-5cf8c7c44b-jqjt4,122.0,94371840
2026-09-16T20:30:32.375340+00:00,kube-system,local-path-provisioner-5d9d9885bc-xgwkr,1.0,17825792
2026-09-16T20:30:32.375340+00:00,kube-system,metrics-server-75dc6f8d87-8wltz,44.0,289406976
2026-09-16T20:30:32.375340+00:00,kube-system,svclb-traefik-1111e3f7-l9hjt,0.0,0
2026-09-16T20:30:32.375340+00:00,kube-system,traefik-9bcdbbd9-z65hr,3.0,272629760
2026-09-16T20:30:32.375340+00:00,pyroscope,pyroscope-0,7.0,169869312
2026-09-16T20:30:32.375340+00:00,pyroscope,pyroscope-alloy-0,67.0,532676608
2026-09-16T20:31:03.622969+00:00,grove-system,grove-operator-bfd47f895-hqvp4,18.0,993001472
2026-09-16T20:31:03.622969+00:00,kai-scheduler,admission-86666f457d-2g56g,1.0,16777216
2026-09-16T20:31:03.622969+00:00,kai-scheduler,kai-operator-69b5d7bcf7-mvp2x,2.0,108003328
2026-09-16T20:31:03.622969+00:00,kai-scheduler,kai-scheduler-default-7d6685f94-rh5xx,62.0,348127232
2026-09-16T20:31:03.622969+00:00,kai-scheduler,pod-grouper-65456f756-7lkc9,1.0,11534336
2026-09-16T20:31:03.622969+00:00,kai-scheduler,podgroup-controller-68f9cc8dbf-cdbr7,1.0,13631488
2026-09-16T20:31:03.622969+00:00,kai-scheduler,queue-controller-f86fcd76c-t8wkj,1.0,11534336
2026-09-16T20:31:03.622969+00:00,kube-system,coredns-8db54c48d-4t78n,3.0,65011712
2026-09-16T20:31:03.622969+00:00,kube-system,kwok-controller-5cf8c7c44b-jqjt4,110.0,95420416
2026-09-16T20:31:03.622969+00:00,kube-system,local-path-provisioner-5d9d9885bc-xgwkr,1.0,17825792
2026-09-16T20:31:03.622969+00:00,kube-system,metrics-server-75dc6f8d87-8wltz,43.0,291504128
2026-09-16T20:31:03.622969+00:00,kube-system,svclb-traefik-1111e3f7-l9hjt,0.0,0
2026-09-16T20:31:03.622969+00:00,kube-system,traefik-9bcdbbd9-z65hr,3.0,271581184
2026-09-16T20:31:03.622969+00:00,pyroscope,pyroscope-0,5.0,168820736
2026-09-16T20:31:03.622969+00:00,pyroscope,pyroscope-alloy-0,58.0,520093696
2026-09-16T20:31:34.869486+00:00,grove-system,grove-operator-bfd47f895-hqvp4,28.0,967835648
2026-09-16T20:31:34.869486+00:00,kai-scheduler,admission-86666f457d-2g56g,1.0,16777216
2026-09-16T20:31:34.869486+00:00,kai-scheduler,binder-869fc94c7-shvq6,21.0,126877696
2026-09-16T20:31:34.869486+00:00,kai-scheduler,kai-operator-69b5d7bcf7-mvp2x,4.0,108003328
2026-09-16T20:31:34.869486+00:00,kai-scheduler,kai-scheduler-default-7d6685f94-rh5xx,55.0,341835776
2026-09-16T20:31:34.869486+00:00,kai-scheduler,pod-grouper-65456f756-7lkc9,1.0,11534336
2026-09-16T20:31:34.869486+00:00,kai-scheduler,podgroup-controller-68f9cc8dbf-cdbr7,1.0,13631488
2026-09-16T20:31:34.869486+00:00,kai-scheduler,queue-controller-f86fcd76c-t8wkj,1.0,11534336
2026-09-16T20:31:34.869486+00:00,kube-system,coredns-8db54c48d-4t78n,3.0,65011712
2026-09-16T20:31:34.869486+00:00,kube-system,kwok-controller-5cf8c7c44b-jqjt4,110.0,95420416
2026-09-16T20:31:34.869486+00:00,kube-system,local-path-provisioner-5d9d9885bc-xgwkr,1.0,17825792
2026-09-16T20:31:34.869486+00:00,kube-system,metrics-server-75dc6f8d87-8wltz,33.0,288358400
2026-09-16T20:31:34.869486+00:00,kube-system,svclb-traefik-1111e3f7-l9hjt,0.0,0
2026-09-16T20:31:34.869486+00:00,kube-system,traefik-9bcdbbd9-z65hr,3.0,264241152
2026-09-16T20:31:34.869486+00:00,pyroscope,pyroscope-0,5.0,170917888
2026-09-16T20:31:34.869486+00:00,pyroscope,pyroscope-alloy-0,54.0,508559360
2026-09-16T20:32:06.123371+00:00,grove-system,grove-operator-bfd47f895-hqvp4,25.0,964689920
2026-09-16T20:32:06.123371+00:00,kai-scheduler,admission-86666f457d-2g56g,1.0,16777216
2026-09-16T20:32:06.123371+00:00,kai-scheduler,binder-869fc94c7-shvq6,18.0,148897792
2026-09-16T20:32:06.123371+00:00,kai-scheduler,kai-operator-69b5d7bcf7-mvp2x,1.0,108003328
2026-09-16T20:32:06.123371+00:00,kai-scheduler,kai-scheduler-default-7d6685f94-rh5xx,52.0,336592896
2026-09-16T20:32:06.123371+00:00,kai-scheduler,pod-grouper-65456f756-7lkc9,1.0,11534336
2026-09-16T20:32:06.123371+00:00,kai-scheduler,podgroup-controller-68f9cc8dbf-cdbr7,1.0,13631488
2026-09-16T20:32:06.123371+00:00,kai-scheduler,queue-controller-f86fcd76c-t8wkj,1.0,11534336
2026-09-16T20:32:06.123371+00:00,kube-system,coredns-8db54c48d-4t78n,4.0,63963136
2026-09-16T20:32:06.123371+00:00,kube-system,kwok-controller-5cf8c7c44b-jqjt4,120.0,94371840
2026-09-16T20:32:06.123371+00:00,kube-system,local-path-provisioner-5d9d9885bc-xgwkr,1.0,17825792
2026-09-16T20:32:06.123371+00:00,kube-system,metrics-server-75dc6f8d87-8wltz,42.0,281018368
2026-09-16T20:32:06.123371+00:00,kube-system,svclb-traefik-1111e3f7-l9hjt,0.0,0
2026-09-16T20:32:06.123371+00:00,kube-system,traefik-9bcdbbd9-z65hr,3.0,265289728
2026-09-16T20:32:06.123371+00:00,pyroscope,pyroscope-0,6.0,171966464
2026-09-16T20:32:06.123371+00:00,pyroscope,pyroscope-alloy-0,51.0,504365056
2026-09-16T20:32:37.375585+00:00,grove-system,grove-operator-bfd47f895-hqvp4,28.0,940572672
2026-09-16T20:32:37.375585+00:00,kai-scheduler,admission-86666f457d-2g56g,1.0,16777216
2026-09-16T20:32:37.375585+00:00,kai-scheduler,binder-869fc94c7-shvq6,22.0,140509184
2026-09-16T20:32:37.375585+00:00,kai-scheduler,kai-operator-69b5d7bcf7-mvp2x,1.0,108003328
2026-09-16T20:32:37.375585+00:00,kai-scheduler,kai-scheduler-default-7d6685f94-rh5xx,50.0,328204288
2026-09-16T20:32:37.375585+00:00,kai-scheduler,pod-grouper-65456f756-7lkc9,1.0,11534336
2026-09-16T20:32:37.375585+00:00,kai-scheduler,podgroup-controller-68f9cc8dbf-cdbr7,1.0,13631488
2026-09-16T20:32:37.375585+00:00,kai-scheduler,queue-controller-f86fcd76c-t8wkj,1.0,11534336
2026-09-16T20:32:37.375585+00:00,kube-system,coredns-8db54c48d-4t78n,3.0,63963136
2026-09-16T20:32:37.375585+00:00,kube-system,kwok-controller-5cf8c7c44b-jqjt4,114.0,93323264
2026-09-16T20:32:37.375585+00:00,kube-system,local-path-provisioner-5d9d9885bc-xgwkr,1.0,17825792
2026-09-16T20:32:37.375585+00:00,kube-system,metrics-server-75dc6f8d87-8wltz,48.0,275775488
2026-09-16T20:32:37.375585+00:00,kube-system,svclb-traefik-1111e3f7-l9hjt,0.0,0
2026-09-16T20:32:37.375585+00:00,kube-system,traefik-9bcdbbd9-z65hr,3.0,265289728
2026-09-16T20:32:37.375585+00:00,pyroscope,pyroscope-0,6.0,171966464
2026-09-16T20:32:37.375585+00:00,pyroscope,pyroscope-alloy-0,45.0,489684992
2026-09-16T20:33:08.629233+00:00,grove-system,grove-operator-bfd47f895-hqvp4,26.0,929038336
2026-09-16T20:33:08.629233+00:00,kai-scheduler,admission-86666f457d-2g56g,1.0,16777216
2026-09-16T20:33:08.629233+00:00,kai-scheduler,binder-869fc94c7-shvq6,19.0,139460608
2026-09-16T20:33:08.629233+00:00,kai-scheduler,kai-operator-69b5d7bcf7-mvp2x,3.0,108003328
2026-09-16T20:33:08.629233+00:00,kai-scheduler,kai-scheduler-default-7d6685f94-rh5xx,47.0,322961408
2026-09-16T20:33:08.629233+00:00,kai-scheduler,pod-grouper-65456f756-7lkc9,1.0,11534336
2026-09-16T20:33:08.629233+00:00,kai-scheduler,podgroup-controller-68f9cc8dbf-cdbr7,1.0,13631488
2026-09-16T20:33:08.629233+00:00,kai-scheduler,queue-controller-f86fcd76c-t8wkj,1.0,11534336
2026-09-16T20:33:08.629233+00:00,kube-system,coredns-8db54c48d-4t78n,4.0,63963136
2026-09-16T20:33:08.629233+00:00,kube-system,kwok-controller-5cf8c7c44b-jqjt4,110.0,94371840
2026-09-16T20:33:08.629233+00:00,kube-system,local-path-provisioner-5d9d9885bc-xgwkr,1.0,17825792
2026-09-16T20:33:08.629233+00:00,kube-system,metrics-server-75dc6f8d87-8wltz,48.0,274726912
2026-09-16T20:33:08.629233+00:00,kube-system,svclb-traefik-1111e3f7-l9hjt,0.0,0
2026-09-16T20:33:08.629233+00:00,kube-system,traefik-9bcdbbd9-z65hr,6.0,255852544
2026-09-16T20:33:08.629233+00:00,pyroscope,pyroscope-0,6.0,171966464
2026-09-16T20:33:08.629233+00:00,pyroscope,pyroscope-alloy-0,42.0,473956352
2026-09-16T20:33:39.880943+00:00,grove-system,grove-operator-bfd47f895-hqvp4,19.0,933232640
2026-09-16T20:33:39.880943+00:00,kai-scheduler,admission-86666f457d-2g56g,1.0,16777216
2026-09-16T20:33:39.880943+00:00,kai-scheduler,binder-869fc94c7-shvq6,24.0,140509184
2026-09-16T20:33:39.880943+00:00,kai-scheduler,kai-operator-69b5d7bcf7-mvp2x,1.0,108003328
2026-09-16T20:33:39.880943+00:00,kai-scheduler,kai-scheduler-default-7d6685f94-rh5xx,44.0,321912832
2026-09-16T20:33:39.880943+00:00,kai-scheduler,pod-grouper-65456f756-7lkc9,1.0,11534336
2026-09-16T20:33:39.880943+00:00,kai-scheduler,podgroup-controller-68f9cc8dbf-cdbr7,1.0,13631488
2026-09-16T20:33:39.880943+00:00,kai-scheduler,queue-controller-f86fcd76c-t8wkj,1.0,11534336
2026-09-16T20:33:39.880943+00:00,kube-system,coredns-8db54c48d-4t78n,3.0,63963136
2026-09-16T20:33:39.880943+00:00,kube-system,kwok-controller-5cf8c7c44b-jqjt4,118.0,94371840
2026-09-16T20:33:39.880943+00:00,kube-system,local-path-provisioner-5d9d9885bc-xgwkr,1.0,17825792
2026-09-16T20:33:39.880943+00:00,kube-system,metrics-server-75dc6f8d87-8wltz,50.0,274726912
2026-09-16T20:33:39.880943+00:00,kube-system,svclb-traefik-1111e3f7-l9hjt,0.0,0
2026-09-16T20:33:39.880943+00:00,kube-system,traefik-9bcdbbd9-z65hr,3.0,254803968
2026-09-16T20:33:39.880943+00:00,pyroscope,pyroscope-0,7.0,171966464
2026-09-16T20:33:39.880943+00:00,pyroscope,pyroscope-alloy-0,39.0,475004928
2026-09-16T20:34:11.141453+00:00,grove-system,grove-operator-bfd47f895-hqvp4,20.0,900726784
2026-09-16T20:34:11.141453+00:00,kai-scheduler,admission-86666f457d-2g56g,1.0,16777216
2026-09-16T20:34:11.141453+00:00,kai-scheduler,binder-869fc94c7-shvq6,19.0,140509184
2026-09-16T20:34:11.141453+00:00,kai-scheduler,kai-operator-69b5d7bcf7-mvp2x,1.0,108003328
2026-09-16T20:34:11.141453+00:00,kai-scheduler,kai-scheduler-default-7d6685f94-rh5xx,40.0,321912832
2026-09-16T20:34:11.141453+00:00,kai-scheduler,pod-grouper-65456f756-7lkc9,1.0,11534336
2026-09-16T20:34:11.141453+00:00,kai-scheduler,podgroup-controller-68f9cc8dbf-cdbr7,1.0,13631488
2026-09-16T20:34:11.141453+00:00,kai-scheduler,queue-controller-f86fcd76c-t8wkj,1.0,11534336
2026-09-16T20:34:11.141453+00:00,kube-system,coredns-8db54c48d-4t78n,4.0,63963136
2026-09-16T20:34:11.141453+00:00,kube-system,kwok-controller-5cf8c7c44b-jqjt4,112.0,93323264
2026-09-16T20:34:11.141453+00:00,kube-system,local-path-provisioner-5d9d9885bc-xgwkr,1.0,17825792
2026-09-16T20:34:11.141453+00:00,kube-system,metrics-server-75dc6f8d87-8wltz,54.0,273678336
2026-09-16T20:34:11.141453+00:00,kube-system,svclb-traefik-1111e3f7-l9hjt,0.0,0
2026-09-16T20:34:11.141453+00:00,kube-system,traefik-9bcdbbd9-z65hr,3.0,254803968
2026-09-16T20:34:11.141453+00:00,pyroscope,pyroscope-0,6.0,169869312
2026-09-16T20:34:11.141453+00:00,pyroscope,pyroscope-alloy-0,36.0,466616320
2026-09-16T20:34:42.389245+00:00,grove-system,grove-operator-bfd47f895-hqvp4,24.0,868220928
2026-09-16T20:34:42.389245+00:00,kai-scheduler,admission-86666f457d-2g56g,1.0,16777216
2026-09-16T20:34:42.389245+00:00,kai-scheduler,binder-869fc94c7-shvq6,19.0,141557760
2026-09-16T20:34:42.389245+00:00,kai-scheduler,kai-operator-69b5d7bcf7-mvp2x,1.0,108003328
2026-09-16T20:34:42.389245+00:00,kai-scheduler,kai-scheduler-default-7d6685f94-rh5xx,37.0,319815680
2026-09-16T20:34:42.389245+00:00,kai-scheduler,pod-grouper-65456f756-7lkc9,1.0,11534336
2026-09-16T20:34:42.389245+00:00,kai-scheduler,podgroup-controller-68f9cc8dbf-cdbr7,1.0,13631488
2026-09-16T20:34:42.389245+00:00,kai-scheduler,queue-controller-f86fcd76c-t8wkj,1.0,11534336
2026-09-16T20:34:42.389245+00:00,kube-system,coredns-8db54c48d-4t78n,3.0,63963136
2026-09-16T20:34:42.389245+00:00,kube-system,kwok-controller-5cf8c7c44b-jqjt4,130.0,92274688
2026-09-16T20:34:42.389245+00:00,kube-system,local-path-provisioner-5d9d9885bc-xgwkr,1.0,17825792
2026-09-16T20:34:42.389245+00:00,kube-system,metrics-server-75dc6f8d87-8wltz,43.0,273678336
2026-09-16T20:34:42.389245+00:00,kube-system,svclb-traefik-1111e3f7-l9hjt,0.0,0
2026-09-16T20:34:42.389245+00:00,kube-system,traefik-9bcdbbd9-z65hr,4.0,254803968
2026-09-16T20:34:42.389245+00:00,pyroscope,pyroscope-0,6.0,169869312
2026-09-16T20:34:42.389245+00:00,pyroscope,pyroscope-alloy-0,36.0,455081984
2026-09-16T20:35:13.640917+00:00,grove-system,grove-operator-bfd47f895-hqvp4,16.0,869269504
2026-09-16T20:35:13.640917+00:00,kai-scheduler,admission-86666f457d-2g56g,1.0,16777216
2026-09-16T20:35:13.640917+00:00,kai-scheduler,binder-869fc94c7-shvq6,22.0,140509184
2026-09-16T20:35:13.640917+00:00,kai-scheduler,kai-operator-69b5d7bcf7-mvp2x,4.0,106954752
2026-09-16T20:35:13.640917+00:00,kai-scheduler,kai-scheduler-default-7d6685f94-rh5xx,35.0,315621376
2026-09-16T20:35:13.640917+00:00,kai-scheduler,pod-grouper-65456f756-7lkc9,1.0,11534336
2026-09-16T20:35:13.640917+00:00,kai-scheduler,podgroup-controller-68f9cc8dbf-cdbr7,1.0,13631488
2026-09-16T20:35:13.640917+00:00,kai-scheduler,queue-controller-f86fcd76c-t8wkj,1.0,11534336
2026-09-16T20:35:13.640917+00:00,kube-system,coredns-8db54c48d-4t78n,3.0,63963136
2026-09-16T20:35:13.640917+00:00,kube-system,kwok-controller-5cf8c7c44b-jqjt4,117.0,93323264
2026-09-16T20:35:13.640917+00:00,kube-system,local-path-provisioner-5d9d9885bc-xgwkr,1.0,17825792
2026-09-16T20:35:13.640917+00:00,kube-system,metrics-server-75dc6f8d87-8wltz,36.0,272629760
2026-09-16T20:35:13.640917+00:00,kube-system,svclb-traefik-1111e3f7-l9hjt,0.0,0
2026-09-16T20:35:13.640917+00:00,kube-system,traefik-9bcdbbd9-z65hr,5.0,244318208
2026-09-16T20:35:13.640917+00:00,pyroscope,pyroscope-0,7.0,169869312
2026-09-16T20:35:13.640917+00:00,pyroscope,pyroscope-alloy-0,33.0,422576128
2026-09-16T20:35:44.893635+00:00,grove-system,grove-operator-bfd47f895-hqvp4,25.0,828375040
2026-09-16T20:35:44.893635+00:00,kai-scheduler,admission-86666f457d-2g56g,1.0,16777216
2026-09-16T20:35:44.893635+00:00,kai-scheduler,binder-869fc94c7-shvq6,21.0,140509184
2026-09-16T20:35:44.893635+00:00,kai-scheduler,kai-operator-69b5d7bcf7-mvp2x,1.0,106954752
2026-09-16T20:35:44.893635+00:00,kai-scheduler,kai-scheduler-default-7d6685f94-rh5xx,28.0,311427072
2026-09-16T20:35:44.893635+00:00,kai-scheduler,pod-grouper-65456f756-7lkc9,1.0,11534336
2026-09-16T20:35:44.893635+00:00,kai-scheduler,podgroup-controller-68f9cc8dbf-cdbr7,1.0,13631488
2026-09-16T20:35:44.893635+00:00,kai-scheduler,queue-controller-f86fcd76c-t8wkj,1.0,11534336
2026-09-16T20:35:44.893635+00:00,kube-system,coredns-8db54c48d-4t78n,3.0,63963136
2026-09-16T20:35:44.893635+00:00,kube-system,kwok-controller-5cf8c7c44b-jqjt4,107.0,93323264
2026-09-16T20:35:44.893635+00:00,kube-system,local-path-provisioner-5d9d9885bc-xgwkr,1.0,17825792
2026-09-16T20:35:44.893635+00:00,kube-system,metrics-server-75dc6f8d87-8wltz,38.0,267386880
2026-09-16T20:35:44.893635+00:00,kube-system,svclb-traefik-1111e3f7-l9hjt,0.0,0
2026-09-16T20:35:44.893635+00:00,kube-system,traefik-9bcdbbd9-z65hr,3.0,245366784
2026-09-16T20:35:44.893635+00:00,pyroscope,pyroscope-0,6.0,167772160
2026-09-16T20:35:44.893635+00:00,pyroscope,pyroscope-alloy-0,19.0,420478976
2026-09-16T20:36:16.151181+00:00,grove-system,grove-operator-bfd47f895-hqvp4,13.0,813694976
2026-09-16T20:36:16.151181+00:00,kai-scheduler,admission-86666f457d-2g56g,1.0,16777216
2026-09-16T20:36:16.151181+00:00,kai-scheduler,binder-869fc94c7-shvq6,22.0,144703488
2026-09-16T20:36:16.151181+00:00,kai-scheduler,kai-operator-69b5d7bcf7-mvp2x,1.0,106954752
2026-09-16T20:36:16.151181+00:00,kai-scheduler,kai-scheduler-default-7d6685f94-rh5xx,29.0,305135616
2026-09-16T20:36:16.151181+00:00,kai-scheduler,pod-grouper-65456f756-7lkc9,1.0,11534336
2026-09-16T20:36:16.151181+00:00,kai-scheduler,podgroup-controller-68f9cc8dbf-cdbr7,1.0,13631488
2026-09-16T20:36:16.151181+00:00,kai-scheduler,queue-controller-f86fcd76c-t8wkj,1.0,11534336
2026-09-16T20:36:16.151181+00:00,kube-system,coredns-8db54c48d-4t78n,3.0,60817408
2026-09-16T20:36:16.151181+00:00,kube-system,kwok-controller-5cf8c7c44b-jqjt4,98.0,92274688
2026-09-16T20:36:16.151181+00:00,kube-system,local-path-provisioner-5d9d9885bc-xgwkr,1.0,17825792
2026-09-16T20:36:16.151181+00:00,kube-system,metrics-server-75dc6f8d87-8wltz,49.0,261095424
2026-09-16T20:36:16.151181+00:00,kube-system,svclb-traefik-1111e3f7-l9hjt,0.0,0
2026-09-16T20:36:16.151181+00:00,kube-system,traefik-9bcdbbd9-z65hr,3.0,245366784
2026-09-16T20:36:16.151181+00:00,pyroscope,pyroscope-0,12.0,184549376
2026-09-16T20:36:16.151181+00:00,pyroscope,pyroscope-alloy-0,14.0,409993216
