timestamp,namespace,pod,cpu_millicores,mem_bytes
2026-09-16T23:42:52.737893+00:00,grove-system,grove-operator-d858d65f9-ck75j,2.0,32505856
2026-09-16T23:42:52.737893+00:00,kai-scheduler,admission-86666f457d-plhlk,1.0,13631488
2026-09-16T23:42:52.737893+00:00,kai-scheduler,binder-869fc94c7-lb9sm,9.0,47185920
2026-09-16T23:42:52.737893+00:00,kai-scheduler,kai-operator-69b5d7bcf7-h6bzd,12.0,79691776
2026-09-16T23:42:52.737893+00:00,kai-scheduler,kai-scheduler-default-85b5b8dff6-8q68j,26.0,109051904
2026-09-16T23:42:52.737893+00:00,kai-scheduler,pod-grouper-65456f756-dqrtd,1.0,9437184
2026-09-16T23:42:52.737893+00:00,kai-scheduler,podgroup-controller-68f9cc8dbf-9xq88,1.0,13631488
2026-09-16T23:42:52.737893+00:00,kai-scheduler,queue-controller-f86fcd76c-js4jc,1.0,13631488
2026-09-16T23:42:52.737893+00:00,kube-system,coredns-8db54c48d-dkq9n,2.0,20971520
2026-09-16T23:42:52.737893+00:00,kube-system,kwok-controller-5cf8c7c44b-gvkjd,58.0,50331648
2026-09-16T23:42:52.737893+00:00,kube-system,local-path-provisioner-5d9d9885bc-qlhkr,1.0,13631488
2026-09-16T23:42:52.737893+00:00,kube-system,metrics-server-786d997795-9xr4q,31.0,131072000
2026-09-16T23:42:52.737893+00:00,kube-system,svclb-traefik-dacc61bf-xhs49,0.0,0
2026-09-16T23:42:52.737893+00:00,kube-system,traefik-9bcdbbd9-bktmw,15.0,74448896
2026-09-16T23:42:52.737893+00:00,pyroscope,pyroscope-0,4.0,38797312
2026-09-16T23:42:52.737893+00:00,pyroscope,pyroscope-alloy-0,3.0,85983232
2026-09-16T23:43:23.997163+00:00,grove-system,grove-operator-d858d65f9-ck75j,2.0,32505856
2026-09-16T23:43:23.997163+00:00,kai-scheduler,admission-86666f457d-plhlk,1.0,13631488
2026-09-16T23:43:23.997163+00:00,kai-scheduler,binder-869fc94c7-lb9sm,9.0,48234496
2026-09-16T23:43:23.997163+00:00,kai-scheduler,kai-operator-69b5d7bcf7-h6bzd,14.0,78643200
2026-09-16T23:43:23.997163+00:00,kai-scheduler,kai-scheduler-default-85b5b8dff6-8q68j,15.0,113246208
2026-09-16T23:43:23.997163+00:00,kai-scheduler,pod-grouper-65456f756-dqrtd,1.0,9437184
2026-09-16T23:43:23.997163+00:00,kai-scheduler,podgroup-controller-68f9cc8dbf-9xq88,1.0,13631488
2026-09-16T23:43:23.997163+00:00,kai-scheduler,queue-controller-f86fcd76c-js4jc,1.0,13631488
2026-09-16T23:43:23.997163+00:00,kube-system,coredns-8db54c48d-dkq9n,2.0,20971520
2026-09-16T23:43:23.997163+00:00,kube-system,kwok-controller-5cf8c7c44b-gvkjd,83.0,49283072
2026-09-16T23:43:23.997163+00:00,kube-system,local-path-provisioner-5d9d9885bc-qlhkr,1.0,13631488
2026-09-16T23:43:23.997163+00:00,kube-system,metrics-server-786d997795-9xr4q,41.0,148897792
2026-09-16T23:43:23.997163+00:00,kube-system,svclb-traefik-dacc61bf-xhs49,0.0,0
2026-09-16T23:43:23.997163+00:00,kube-system,traefik-9bcdbbd9-bktmw,13.0,72351744
2026-09-16T23:43:23.997163+00:00,pyroscope,pyroscope-0,4.0,39845888
2026-09-16T23:43:23.997163+00:00,pyroscope,pyroscope-alloy-0,4.0,88080384
2026-09-16T23:43:55.261572+00:00,grove-system,grove-operator-d858d65f9-ck75j,6.0,41943040
2026-09-16T23:43:55.261572+00:00,kai-scheduler,admission-86666f457d-plhlk,1.0,13631488
2026-09-16T23:43:55.261572+00:00,kai-scheduler,binder-869fc94c7-lb9sm,26.0,51380224
2026-09-16T23:43:55.261572+00:00,kai-scheduler,kai-operator-69b5d7bcf7-h6bzd,30.0,84934656
2026-09-16T23:43:55.261572+00:00,kai-scheduler,kai-scheduler-default-85b5b8dff6-8q68j,41.0,111149056
2026-09-16T23:43:55.261572+00:00,kai-scheduler,pod-grouper-65456f756-dqrtd,1.0,9437184
2026-09-16T23:43:55.261572+00:00,kai-scheduler,podgroup-controller-68f9cc8dbf-9xq88,1.0,13631488
2026-09-16T23:43:55.261572+00:00,kai-scheduler,queue-controller-f86fcd76c-js4jc,1.0,13631488
2026-09-16T23:43:55.261572+00:00,kube-system,coredns-8db54c48d-dkq9n,3.0,23068672
2026-09-16T23:43:55.261572+00:00,kube-system,kwok-controller-5cf8c7c44b-gvkjd,83.0,53477376
2026-09-16T23:43:55.261572+00:00,kube-system,local-path-provisioner-5d9d9885bc-qlhkr,1.0,13631488
2026-09-16T23:43:55.261572+00:00,kube-system,metrics-server-75dc6f8d87-fh8ch,55.0,112197632
2026-09-16T23:43:55.261572+00:00,kube-system,svclb-traefik-dacc61bf-xhs49,0.0,0
2026-09-16T23:43:55.261572+00:00,kube-system,traefik-9bcdbbd9-bktmw,49.0,85983232
2026-09-16T23:43:55.261572+00:00,pyroscope,pyroscope-0,6.0,44040192
2026-09-16T23:43:55.261572+00:00,pyroscope,pyroscope-alloy-0,7.0,95420416
2026-09-16T23:44:26.505733+00:00,grove-system,grove-operator-d858d65f9-ck75j,4.0,49283072
2026-09-16T23:44:26.505733+00:00,kai-scheduler,admission-86666f457d-plhlk,1.0,13631488
2026-09-16T23:44:26.505733+00:00,kai-scheduler,binder-869fc94c7-lb9sm,33.0,50331648
2026-09-16T23:44:26.505733+00:00,kai-scheduler,kai-operator-69b5d7bcf7-h6bzd,36.0,85983232
2026-09-16T23:44:26.505733+00:00,kai-scheduler,kai-scheduler-default-85b5b8dff6-8q68j,39.0,116391936
2026-09-16T23:44:26.505733+00:00,kai-scheduler,pod-grouper-65456f756-dqrtd,1.0,9437184
2026-09-16T23:44:26.505733+00:00,kai-scheduler,podgroup-controller-68f9cc8dbf-9xq88,1.0,13631488
2026-09-16T23:44:26.505733+00:00,kai-scheduler,queue-controller-f86fcd76c-js4jc,1.0,13631488
2026-09-16T23:44:26.505733+00:00,kube-system,coredns-8db54c48d-dkq9n,2.0,23068672
2026-09-16T23:44:26.505733+00:00,kube-system,kwok-controller-5cf8c7c44b-gvkjd,87.0,52428800
2026-09-16T23:44:26.505733+00:00,kube-system,local-path-provisioner-5d9d9885bc-qlhkr,1.0,13631488
2026-09-16T23:44:26.505733+00:00,kube-system,metrics-server-75dc6f8d87-fh8ch,52.0,141557760
2026-09-16T23:44:26.505733+00:00,kube-system,svclb-traefik-dacc61bf-xhs49,0.0,0
2026-09-16T23:44:26.505733+00:00,kube-system,traefik-9bcdbbd9-bktmw,48.0,88080384
2026-09-16T23:44:26.505733+00:00,pyroscope,pyroscope-0,5.0,48234496
2026-09-16T23:44:26.505733+00:00,pyroscope,pyroscope-alloy-0,5.0,96468992
2026-09-16T23:44:57.756699+00:00,grove-system,grove-operator-d858d65f9-ck75j,4.0,54525952
2026-09-16T23:44:57.756699+00:00,kai-scheduler,admission-86666f457d-plhlk,1.0,14680064
2026-09-16T23:44:57.756699+00:00,kai-scheduler,binder-869fc94c7-lb9sm,32.0,49283072
2026-09-16T23:44:57.756699+00:00,kai-scheduler,kai-operator-69b5d7bcf7-h6bzd,34.0,87031808
2026-09-16T23:44:57.756699+00:00,kai-scheduler,kai-scheduler-default-85b5b8dff6-8q68j,38.0,109051904
2026-09-16T23:44:57.756699+00:00,kai-scheduler,pod-grouper-65456f756-dqrtd,1.0,9437184
2026-09-16T23:44:57.756699+00:00,kai-scheduler,podgroup-controller-68f9cc8dbf-9xq88,1.0,13631488
2026-09-16T23:44:57.756699+00:00,kai-scheduler,queue-controller-f86fcd76c-js4jc,1.0,13631488
2026-09-16T23:44:57.756699+00:00,kube-system,coredns-8db54c48d-dkq9n,2.0,24117248
2026-09-16T23:44:57.756699+00:00,kube-system,kwok-controller-5cf8c7c44b-gvkjd,75.0,50331648
2026-09-16T23:44:57.756699+00:00,kube-system,local-path-provisioner-5d9d9885bc-qlhkr,1.0,13631488
2026-09-16T23:44:57.756699+00:00,kube-system,metrics-server-75dc6f8d87-fh8ch,53.0,141557760
2026-09-16T23:44:57.756699+00:00,kube-system,svclb-traefik-dacc61bf-xhs49,0.0,0
2026-09-16T23:44:57.756699+00:00,kube-system,traefik-9bcdbbd9-bktmw,49.0,88080384
2026-09-16T23:44:57.756699+00:00,pyroscope,pyroscope-0,5.0,46137344
2026-09-16T23:44:57.756699+00:00,pyroscope,pyroscope-alloy-0,3.0,96468992
2026-09-16T23:45:29.004485+00:00,grove-system,grove-operator-d858d65f9-ck75j,199.0,91226112
2026-09-16T23:45:29.004485+00:00,kai-scheduler,admission-86666f457d-plhlk,1.0,13631488
2026-09-16T23:45:29.004485+00:00,kai-scheduler,binder-869fc94c7-lb9sm,9.0,50331648
2026-09-16T23:45:29.004485+00:00,kai-scheduler,kai-operator-69b5d7bcf7-h6bzd,49.0,90177536
2026-09-16T23:45:29.004485+00:00,kai-scheduler,kai-scheduler-default-85b5b8dff6-8q68j,26.0,108003328
2026-09-16T23:45:29.004485+00:00,kai-scheduler,pod-grouper-65456f756-dqrtd,1.0,9437184
2026-09-16T23:45:29.004485+00:00,kai-scheduler,podgroup-controller-68f9cc8dbf-9xq88,1.0,13631488
2026-09-16T23:45:29.004485+00:00,kai-scheduler,queue-controller-f86fcd76c-js4jc,1.0,13631488
2026-09-16T23:45:29.004485+00:00,kube-system,coredns-8db54c48d-dkq9n,37.0,26214400
2026-09-16T23:45:29.004485+00:00,kube-system,kwok-controller-5cf8c7c44b-gvkjd,87.0,49283072
2026-09-16T23:45:29.004485+00:00,kube-system,local-path-provisioner-5d9d9885bc-qlhkr,1.0,13631488
2026-09-16T23:45:29.004485+00:00,kube-system,metrics-server-75dc6f8d87-fh8ch,34.0,141557760
2026-09-16T23:45:29.004485+00:00,kube-system,svclb-traefik-dacc61bf-xhs49,0.0,0
2026-09-16T23:45:29.004485+00:00,kube-system,traefik-9bcdbbd9-bktmw,83.0,100663296
2026-09-16T23:45:29.004485+00:00,pyroscope,pyroscope-0,6.0,52428800
2026-09-16T23:45:29.004485+00:00,pyroscope,pyroscope-alloy-0,4.0,98566144
2026-09-16T23:46:00.250320+00:00,grove-system,grove-operator-d858d65f9-ck75j,290.0,163577856
2026-09-16T23:46:00.250320+00:00,kai-scheduler,admission-86666f457d-plhlk,1.0,13631488
2026-09-16T23:46:00.250320+00:00,kai-scheduler,binder-869fc94c7-lb9sm,9.0,49283072
2026-09-16T23:46:00.250320+00:00,kai-scheduler,kai-operator-69b5d7bcf7-h6bzd,49.0,95420416
2026-09-16T23:46:00.250320+00:00,kai-scheduler,kai-scheduler-default-85b5b8dff6-8q68j,22.0,111149056
2026-09-16T23:46:00.250320+00:00,kai-scheduler,pod-grouper-65456f756-dqrtd,1.0,9437184
2026-09-16T23:46:00.250320+00:00,kai-scheduler,podgroup-controller-68f9cc8dbf-9xq88,1.0,13631488
2026-09-16T23:46:00.250320+00:00,kai-scheduler,queue-controller-f86fcd76c-js4jc,1.0,13631488
2026-09-16T23:46:00.250320+00:00,kube-system,coredns-8db54c48d-dkq9n,37.0,36700160
2026-09-16T23:46:00.250320+00:00,kube-system,kwok-controller-5cf8c7c44b-gvkjd,83.0,53477376
2026-09-16T23:46:00.250320+00:00,kube-system,local-path-provisioner-5d9d9885bc-qlhkr,1.0,13631488
2026-09-16T23:46:00.250320+00:00,kube-system,metrics-server-75dc6f8d87-fh8ch,33.0,141557760
2026-09-16T23:46:00.250320+00:00,kube-system,svclb-traefik-dacc61bf-xhs49,0.0,0
2026-09-16T23:46:00.250320+00:00,kube-system,traefik-9bcdbbd9-bktmw,67.0,130023424
2026-09-16T23:46:00.250320+00:00,pyroscope,pyroscope-0,6.0,53477376
2026-09-16T23:46:00.250320+00:00,pyroscope,pyroscope-alloy-0,6.0,102760448
2026-09-16T23:46:31.506170+00:00,grove-system,grove-operator-d858d65f9-ck75j,425.0,195035136
2026-09-16T23:46:31.506170+00:00,kai-scheduler,admission-86666f457d-plhlk,1.0,13631488
2026-09-16T23:46:31.506170+00:00,kai-scheduler,binder-869fc94c7-lb9sm,24.0,63963136
2026-09-16T23:46:31.506170+00:00,kai-scheduler,kai-operator-69b5d7bcf7-h6bzd,1.0,91226112
2026-09-16T23:46:31.506170+00:00,kai-scheduler,kai-scheduler-default-85b5b8dff6-8q68j,37.0,136314880
2026-09-16T23:46:31.506170+00:00,kai-scheduler,pod-grouper-65456f756-dqrtd,1.0,9437184
2026-09-16T23:46:31.506170+00:00,kai-scheduler,podgroup-controller-68f9cc8dbf-9xq88,1.0,13631488
2026-09-16T23:46:31.506170+00:00,kai-scheduler,queue-controller-f86fcd76c-js4jc,1.0,13631488
2026-09-16T23:46:31.506170+00:00,kube-system,coredns-8db54c48d-dkq9n,8.0,34603008
2026-09-16T23:46:31.506170+00:00,kube-system,kwok-controller-5cf8c7c44b-gvkjd,74.0,54525952
2026-09-16T23:46:31.506170+00:00,kube-system,local-path-provisioner-5d9d9885bc-qlhkr,1.0,13631488
2026-09-16T23:46:31.506170+00:00,kube-system,metrics-server-75dc6f8d87-fh8ch,33.0,140509184
2026-09-16T23:46:31.506170+00:00,kube-system,svclb-traefik-dacc61bf-xhs49,0.0,0
2026-09-16T23:46:31.506170+00:00,kube-system,traefik-9bcdbbd9-bktmw,12.0,136314880
2026-09-16T23:46:31.506170+00:00,pyroscope,pyroscope-0,7.0,55574528
2026-09-16T23:46:31.506170+00:00,pyroscope,pyroscope-alloy-0,26.0,103809024
2026-09-16T23:47:02.759247+00:00,grove-system,grove-operator-d858d65f9-ck75j,459.0,242221056
2026-09-16T23:47:02.759247+00:00,kai-scheduler,admission-86666f457d-plhlk,1.0,13631488
2026-09-16T23:47:02.759247+00:00,kai-scheduler,binder-869fc94c7-lb9sm,37.0,103809024
2026-09-16T23:47:02.759247+00:00,kai-scheduler,kai-operator-69b5d7bcf7-h6bzd,1.0,91226112
2026-09-16T23:47:02.759247+00:00,kai-scheduler,kai-scheduler-default-85b5b8dff6-8q68j,44.0,176160768
2026-09-16T23:47:02.759247+00:00,kai-scheduler,pod-grouper-65456f756-dqrtd,1.0,9437184
2026-09-16T23:47:02.759247+00:00,kai-scheduler,podgroup-controller-68f9cc8dbf-9xq88,1.0,13631488
2026-09-16T23:47:02.759247+00:00,kai-scheduler,queue-controller-f86fcd76c-js4jc,1.0,13631488
2026-09-16T23:47:02.759247+00:00,kube-system,coredns-8db54c48d-dkq9n,8.0,33554432
2026-09-16T23:47:02.759247+00:00,kube-system,kwok-controller-5cf8c7c44b-gvkjd,88.0,55574528
2026-09-16T23:47:02.759247+00:00,kube-system,local-path-provisioner-5d9d9885bc-qlhkr,1.0,15728640
2026-09-16T23:47:02.759247+00:00,kube-system,metrics-server-75dc6f8d87-fh8ch,40.0,144703488
2026-09-16T23:47:02.759247+00:00,kube-system,svclb-traefik-dacc61bf-xhs49,0.0,0
2026-09-16T23:47:02.759247+00:00,kube-system,traefik-9bcdbbd9-bktmw,12.0,145752064
2026-09-16T23:47:02.759247+00:00,pyroscope,pyroscope-0,6.0,59768832
2026-09-16T23:47:02.759247+00:00,pyroscope,pyroscope-alloy-0,30.0,110100480
2026-09-16T23:47:34.013506+00:00,grove-system,grove-operator-d858d65f9-ck75j,416.0,278921216
2026-09-16T23:47:34.013506+00:00,kai-scheduler,admission-86666f457d-plhlk,1.0,13631488
2026-09-16T23:47:34.013506+00:00,kai-scheduler,binder-869fc94c7-lb9sm,22.0,116391936
2026-09-16T23:47:34.013506+00:00,kai-scheduler,kai-operator-69b5d7bcf7-h6bzd,1.0,91226112
2026-09-16T23:47:34.013506+00:00,kai-scheduler,kai-scheduler-default-85b5b8dff6-8q68j,34.0,197132288
2026-09-16T23:47:34.013506+00:00,kai-scheduler,pod-grouper-65456f756-dqrtd,1.0,9437184
2026-09-16T23:47:34.013506+00:00,kai-scheduler,podgroup-controller-68f9cc8dbf-9xq88,1.0,13631488
2026-09-16T23:47:34.013506+00:00,kai-scheduler,queue-controller-f86fcd76c-js4jc,1.0,13631488
2026-09-16T23:47:34.013506+00:00,kube-system,coredns-8db54c48d-dkq9n,8.0,36700160
2026-09-16T23:47:34.013506+00:00,kube-system,kwok-controller-5cf8c7c44b-gvkjd,63.0,58720256
2026-09-16T23:47:34.013506+00:00,kube-system,local-path-provisioner-5d9d9885bc-qlhkr,1.0,15728640
2026-09-16T23:47:34.013506+00:00,kube-system,metrics-server-75dc6f8d87-fh8ch,42.0,144703488
2026-09-16T23:47:34.013506+00:00,kube-system,svclb-traefik-dacc61bf-xhs49,0.0,0
2026-09-16T23:47:34.013506+00:00,kube-system,traefik-9bcdbbd9-bktmw,12.0,146800640
2026-09-16T23:47:34.013506+00:00,pyroscope,pyroscope-0,6.0,50331648
2026-09-16T23:47:34.013506+00:00,pyroscope,pyroscope-alloy-0,20.0,127926272
2026-09-16T23:48:05.270372+00:00,grove-system,grove-operator-d858d65f9-ck75j,456.0,333447168
2026-09-16T23:48:05.270372+00:00,kai-scheduler,admission-86666f457d-plhlk,1.0,13631488
2026-09-16T23:48:05.270372+00:00,kai-scheduler,binder-869fc94c7-lb9sm,28.0,135266304
2026-09-16T23:48:05.270372+00:00,kai-scheduler,kai-operator-69b5d7bcf7-h6bzd,3.0,93323264
2026-09-16T23:48:05.270372+00:00,kai-scheduler,kai-scheduler-default-85b5b8dff6-8q68j,51.0,258998272
2026-09-16T23:48:05.270372+00:00,kai-scheduler,pod-grouper-65456f756-dqrtd,1.0,9437184
2026-09-16T23:48:05.270372+00:00,kai-scheduler,podgroup-controller-68f9cc8dbf-9xq88,1.0,13631488
2026-09-16T23:48:05.270372+00:00,kai-scheduler,queue-controller-f86fcd76c-js4jc,1.0,13631488
2026-09-16T23:48:05.270372+00:00,kube-system,coredns-8db54c48d-dkq9n,9.0,36700160
2026-09-16T23:48:05.270372+00:00,kube-system,kwok-controller-5cf8c7c44b-gvkjd,63.0,54525952
2026-09-16T23:48:05.270372+00:00,kube-system,local-path-provisioner-5d9d9885bc-qlhkr,1.0,15728640
2026-09-16T23:48:05.270372+00:00,kube-system,metrics-server-75dc6f8d87-fh8ch,39.0,143654912
2026-09-16T23:48:05.270372+00:00,kube-system,svclb-traefik-dacc61bf-xhs49,0.0,0
2026-09-16T23:48:05.270372+00:00,kube-system,traefik-9bcdbbd9-bktmw,12.0,145752064
2026-09-16T23:48:05.270372+00:00,pyroscope,pyroscope-0,6.0,50331648
2026-09-16T23:48:05.270372+00:00,pyroscope,pyroscope-alloy-0,24.0,144703488
2026-09-16T23:48:36.530871+00:00,grove-system,grove-operator-d858d65f9-ck75j,460.0,368050176
2026-09-16T23:48:36.530871+00:00,kai-scheduler,admission-86666f457d-plhlk,1.0,13631488
2026-09-16T23:48:36.530871+00:00,kai-scheduler,binder-869fc94c7-lb9sm,32.0,175112192
2026-09-16T23:48:36.530871+00:00,kai-scheduler,kai-operator-69b5d7bcf7-h6bzd,1.0,93323264
2026-09-16T23:48:36.530871+00:00,kai-scheduler,kai-scheduler-default-85b5b8dff6-8q68j,65.0,292552704
2026-09-16T23:48:36.530871+00:00,kai-scheduler,pod-grouper-65456f756-dqrtd,1.0,9437184
2026-09-16T23:48:36.530871+00:00,kai-scheduler,podgroup-controller-68f9cc8dbf-9xq88,1.0,13631488
2026-09-16T23:48:36.530871+00:00,kai-scheduler,queue-controller-f86fcd76c-js4jc,1.0,13631488
2026-09-16T23:48:36.530871+00:00,kube-system,coredns-8db54c48d-dkq9n,9.0,37748736
2026-09-16T23:48:36.530871+00:00,kube-system,kwok-controller-5cf8c7c44b-gvkjd,103.0,56623104
2026-09-16T23:48:36.530871+00:00,kube-system,local-path-provisioner-5d9d9885bc-qlhkr,1.0,15728640
2026-09-16T23:48:36.530871+00:00,kube-system,metrics-server-75dc6f8d87-fh8ch,44.0,142606336
2026-09-16T23:48:36.530871+00:00,kube-system,svclb-traefik-dacc61bf-xhs49,0.0,0
2026-09-16T23:48:36.530871+00:00,kube-system,traefik-9bcdbbd9-bktmw,12.0,158334976
2026-09-16T23:48:36.530871+00:00,pyroscope,pyroscope-0,7.0,51380224
2026-09-16T23:48:36.530871+00:00,pyroscope,pyroscope-alloy-0,26.0,160432128
2026-09-16T23:49:07.816769+00:00,grove-system,grove-operator-d858d65f9-ck75j,715.0,457179136
2026-09-16T23:49:07.816769+00:00,kai-scheduler,admission-86666f457d-plhlk,1.0,13631488
2026-09-16T23:49:07.816769+00:00,kai-scheduler,binder-869fc94c7-lb9sm,100.0,204472320
2026-09-16T23:49:07.816769+00:00,kai-scheduler,kai-operator-69b5d7bcf7-h6bzd,7.0,93323264
2026-09-16T23:49:07.816769+00:00,kai-scheduler,kai-scheduler-default-85b5b8dff6-8q68j,128.0,363855872
2026-09-16T23:49:07.816769+00:00,kai-scheduler,pod-grouper-65456f756-dqrtd,1.0,9437184
2026-09-16T23:49:07.816769+00:00,kai-scheduler,podgroup-controller-68f9cc8dbf-9xq88,1.0,13631488
2026-09-16T23:49:07.816769+00:00,kai-scheduler,queue-controller-f86fcd76c-js4jc,1.0,13631488
2026-09-16T23:49:07.816769+00:00,kube-system,coredns-8db54c48d-dkq9n,9.0,37748736
2026-09-16T23:49:07.816769+00:00,kube-system,kwok-controller-5cf8c7c44b-gvkjd,230.0,62914560
2026-09-16T23:49:07.816769+00:00,kube-system,local-path-provisioner-5d9d9885bc-qlhkr,1.0,15728640
2026-09-16T23:49:07.816769+00:00,kube-system,metrics-server-75dc6f8d87-fh8ch,61.0,143654912
2026-09-16T23:49:07.816769+00:00,kube-system,svclb-traefik-dacc61bf-xhs49,0.0,0
2026-09-16T23:49:07.816769+00:00,kube-system,traefik-9bcdbbd9-bktmw,18.0,166723584
2026-09-16T23:49:07.816769+00:00,pyroscope,pyroscope-0,6.0,50331648
2026-09-16T23:49:07.816769+00:00,pyroscope,pyroscope-alloy-0,97.0,203423744
2026-09-16T23:49:39.173184+00:00,grove-system,grove-operator-d858d65f9-ck75j,718.0,509607936
2026-09-16T23:49:39.173184+00:00,kai-scheduler,admission-86666f457d-plhlk,1.0,14680064
2026-09-16T23:49:39.173184+00:00,kai-scheduler,kai-operator-69b5d7bcf7-h6bzd,5.0,104857600
2026-09-16T23:49:39.173184+00:00,kai-scheduler,kai-scheduler-default-85b5b8dff6-8q68j,146.0,477102080
2026-09-16T23:49:39.173184+00:00,kai-scheduler,pod-grouper-65456f756-dqrtd,1.0,9437184
2026-09-16T23:49:39.173184+00:00,kai-scheduler,podgroup-controller-68f9cc8dbf-9xq88,1.0,13631488
2026-09-16T23:49:39.173184+00:00,kai-scheduler,queue-controller-f86fcd76c-js4jc,1.0,13631488
2026-09-16T23:49:39.173184+00:00,kube-system,coredns-8db54c48d-dkq9n,9.0,37748736
2026-09-16T23:49:39.173184+00:00,kube-system,kwok-controller-5cf8c7c44b-gvkjd,288.0,63963136
2026-09-16T23:49:39.173184+00:00,kube-system,local-path-provisioner-5d9d9885bc-qlhkr,1.0,15728640
2026-09-16T23:49:39.173184+00:00,kube-system,metrics-server-75dc6f8d87-fh8ch,60.0,149946368
2026-09-16T23:49:39.173184+00:00,kube-system,svclb-traefik-dacc61bf-xhs49,0.0,0
2026-09-16T23:49:39.173184+00:00,kube-system,traefik-9bcdbbd9-bktmw,13.0,166723584
2026-09-16T23:49:39.173184+00:00,pyroscope,pyroscope-0,7.0,53477376
2026-09-16T23:49:39.173184+00:00,pyroscope,pyroscope-alloy-0,130.0,267386880
2026-09-16T23:50:10.445379+00:00,grove-system,grove-operator-d858d65f9-ck75j,915.0,543162368
2026-09-16T23:50:10.445379+00:00,kai-scheduler,admission-86666f457d-plhlk,1.0,13631488
2026-09-16T23:50:10.445379+00:00,kai-scheduler,binder-869fc94c7-lb9sm,100.0,181403648
2026-09-16T23:50:10.445379+00:00,kai-scheduler,kai-operator-69b5d7bcf7-h6bzd,1.0,104857600
2026-09-16T23:50:10.445379+00:00,kai-scheduler,kai-scheduler-default-85b5b8dff6-8q68j,166.0,534773760
2026-09-16T23:50:10.445379+00:00,kai-scheduler,pod-grouper-65456f756-dqrtd,1.0,9437184
2026-09-16T23:50:10.445379+00:00,kai-scheduler,podgroup-controller-68f9cc8dbf-9xq88,1.0,13631488
2026-09-16T23:50:10.445379+00:00,kai-scheduler,queue-controller-f86fcd76c-js4jc,1.0,13631488
2026-09-16T23:50:10.445379+00:00,kube-system,coredns-8db54c48d-dkq9n,11.0,39845888
2026-09-16T23:50:10.445379+00:00,kube-system,kwok-controller-5cf8c7c44b-gvkjd,274.0,67108864
2026-09-16T23:50:10.445379+00:00,kube-system,local-path-provisioner-5d9d9885bc-qlhkr,1.0,15728640
2026-09-16T23:50:10.445379+00:00,kube-system,metrics-server-75dc6f8d87-fh8ch,63.0,161480704
2026-09-16T23:50:10.445379+00:00,kube-system,svclb-traefik-dacc61bf-xhs49,0.0,0
2026-09-16T23:50:10.445379+00:00,kube-system,traefik-9bcdbbd9-bktmw,13.0,170917888
2026-09-16T23:50:10.445379+00:00,pyroscope,pyroscope-0,8.0,55574528
2026-09-16T23:50:10.445379+00:00,pyroscope,pyroscope-alloy-0,101.0,276824064
2026-09-16T23:50:41.731742+00:00,grove-system,grove-operator-d858d65f9-ck75j,938.0,549453824
2026-09-16T23:50:41.731742+00:00,kai-scheduler,admission-86666f457d-plhlk,1.0,13631488
2026-09-16T23:50:41.731742+00:00,kai-scheduler,kai-operator-69b5d7bcf7-h6bzd,4.0,104857600
2026-09-16T23:50:41.731742+00:00,kai-scheduler,pod-grouper-65456f756-dqrtd,1.0,9437184
2026-09-16T23:50:41.731742+00:00,kai-scheduler,podgroup-controller-68f9cc8dbf-9xq88,1.0,13631488
2026-09-16T23:50:41.731742+00:00,kai-scheduler,queue-controller-f86fcd76c-js4jc,1.0,13631488
2026-09-16T23:50:41.731742+00:00,kube-system,coredns-8db54c48d-dkq9n,9.0,39845888
2026-09-16T23:50:41.731742+00:00,kube-system,kwok-controller-5cf8c7c44b-gvkjd,287.0,66060288
2026-09-16T23:50:41.731742+00:00,kube-system,local-path-provisioner-5d9d9885bc-qlhkr,1.0,15728640
2026-09-16T23:50:41.731742+00:00,kube-system,metrics-server-75dc6f8d87-fh8ch,79.0,163577856
2026-09-16T23:50:41.731742+00:00,kube-system,svclb-traefik-dacc61bf-xhs49,0.0,0
2026-09-16T23:50:41.731742+00:00,kube-system,traefik-9bcdbbd9-bktmw,12.0,177209344
2026-09-16T23:50:41.731742+00:00,pyroscope,pyroscope-0,8.0,57671680
2026-09-16T23:50:41.731742+00:00,pyroscope,pyroscope-alloy-0,136.0,320864256
2026-09-16T23:51:13.007725+00:00,grove-system,grove-operator-d858d65f9-ck75j,781.0,564133888
2026-09-16T23:51:13.007725+00:00,kai-scheduler,admission-86666f457d-plhlk,1.0,13631488
2026-09-16T23:51:13.007725+00:00,kai-scheduler,kai-operator-69b5d7bcf7-h6bzd,4.0,104857600
2026-09-16T23:51:13.007725+00:00,kai-scheduler,pod-grouper-65456f756-dqrtd,1.0,9437184
2026-09-16T23:51:13.007725+00:00,kai-scheduler,podgroup-controller-68f9cc8dbf-9xq88,1.0,13631488
2026-09-16T23:51:13.007725+00:00,kai-scheduler,queue-controller-f86fcd76c-js4jc,1.0,13631488
2026-09-16T23:51:13.007725+00:00,kube-system,coredns-8db54c48d-dkq9n,10.0,42991616
2026-09-16T23:51:13.007725+00:00,kube-system,kwok-controller-5cf8c7c44b-gvkjd,267.0,70254592
2026-09-16T23:51:13.007725+00:00,kube-system,local-path-provisioner-5d9d9885bc-qlhkr,1.0,15728640
2026-09-16T23:51:13.007725+00:00,kube-system,metrics-server-75dc6f8d87-fh8ch,60.0,169869312
2026-09-16T23:51:13.007725+00:00,kube-system,svclb-traefik-dacc61bf-xhs49,0.0,0
2026-09-16T23:51:13.007725+00:00,kube-system,traefik-9bcdbbd9-bktmw,13.0,169869312
2026-09-16T23:51:13.007725+00:00,pyroscope,pyroscope-0,7.0,57671680
2026-09-16T23:51:13.007725+00:00,pyroscope,pyroscope-alloy-0,158.0,352321536
2026-09-16T23:51:44.270749+00:00,grove-system,grove-operator-d858d65f9-ck75j,767.0,564133888
2026-09-16T23:51:44.270749+00:00,kai-scheduler,admission-86666f457d-plhlk,1.0,13631488
2026-09-16T23:51:44.270749+00:00,kai-scheduler,kai-operator-69b5d7bcf7-h6bzd,7.0,104857600
2026-09-16T23:51:44.270749+00:00,kai-scheduler,pod-grouper-65456f756-dqrtd,1.0,9437184
2026-09-16T23:51:44.270749+00:00,kai-scheduler,podgroup-controller-68f9cc8dbf-9xq88,1.0,13631488
2026-09-16T23:51:44.270749+00:00,kai-scheduler,queue-controller-f86fcd76c-js4jc,1.0,13631488
2026-09-16T23:51:44.270749+00:00,kube-system,coredns-8db54c48d-dkq9n,9.0,42991616
2026-09-16T23:51:44.270749+00:00,kube-system,kwok-controller-5cf8c7c44b-gvkjd,272.0,70254592
2026-09-16T23:51:44.270749+00:00,kube-system,local-path-provisioner-5d9d9885bc-qlhkr,1.0,15728640
2026-09-16T23:51:44.270749+00:00,kube-system,metrics-server-75dc6f8d87-fh8ch,66.0,181403648
2026-09-16T23:51:44.270749+00:00,kube-system,svclb-traefik-dacc61bf-xhs49,0.0,0
2026-09-16T23:51:44.270749+00:00,kube-system,traefik-9bcdbbd9-bktmw,13.0,178257920
2026-09-16T23:51:44.270749+00:00,pyroscope,pyroscope-0,8.0,57671680
2026-09-16T23:51:44.270749+00:00,pyroscope,pyroscope-alloy-0,177.0,398458880
2026-09-16T23:52:15.537095+00:00,grove-system,grove-operator-d858d65f9-ck75j,784.0,568328192
2026-09-16T23:52:15.537095+00:00,kai-scheduler,admission-86666f457d-plhlk,1.0,13631488
2026-09-16T23:52:15.537095+00:00,kai-scheduler,kai-operator-69b5d7bcf7-h6bzd,5.0,104857600
2026-09-16T23:52:15.537095+00:00,kai-scheduler,pod-grouper-65456f756-dqrtd,1.0,9437184
2026-09-16T23:52:15.537095+00:00,kai-scheduler,podgroup-controller-68f9cc8dbf-9xq88,1.0,13631488
2026-09-16T23:52:15.537095+00:00,kai-scheduler,queue-controller-f86fcd76c-js4jc,1.0,13631488
2026-09-16T23:52:15.537095+00:00,kube-system,coredns-8db54c48d-dkq9n,9.0,46137344
2026-09-16T23:52:15.537095+00:00,kube-system,kwok-controller-5cf8c7c44b-gvkjd,283.0,73400320
2026-09-16T23:52:15.537095+00:00,kube-system,local-path-provisioner-5d9d9885bc-qlhkr,1.0,15728640
2026-09-16T23:52:15.537095+00:00,kube-system,metrics-server-75dc6f8d87-fh8ch,57.0,203423744
2026-09-16T23:52:15.537095+00:00,kube-system,svclb-traefik-dacc61bf-xhs49,0.0,0
2026-09-16T23:52:15.537095+00:00,kube-system,traefik-9bcdbbd9-bktmw,11.0,197132288
2026-09-16T23:52:15.537095+00:00,pyroscope,pyroscope-0,8.0,57671680
2026-09-16T23:52:15.537095+00:00,pyroscope,pyroscope-alloy-0,168.0,396361728
2026-09-16T23:52:46.790808+00:00,grove-system,grove-operator-d858d65f9-ck75j,720.0,568328192
2026-09-16T23:52:46.790808+00:00,kai-scheduler,admission-86666f457d-plhlk,1.0,13631488
2026-09-16T23:52:46.790808+00:00,kai-scheduler,kai-operator-69b5d7bcf7-h6bzd,3.0,104857600
2026-09-16T23:52:46.790808+00:00,kai-scheduler,pod-grouper-65456f756-dqrtd,1.0,9437184
2026-09-16T23:52:46.790808+00:00,kai-scheduler,podgroup-controller-68f9cc8dbf-9xq88,1.0,13631488
2026-09-16T23:52:46.790808+00:00,kai-scheduler,queue-controller-f86fcd76c-js4jc,1.0,13631488
2026-09-16T23:52:46.790808+00:00,kube-system,coredns-8db54c48d-dkq9n,8.0,46137344
2026-09-16T23:52:46.790808+00:00,kube-system,kwok-controller-5cf8c7c44b-gvkjd,80.0,74448896
2026-09-16T23:52:46.790808+00:00,kube-system,local-path-provisioner-5d9d9885bc-qlhkr,1.0,15728640
2026-09-16T23:52:46.790808+00:00,kube-system,metrics-server-75dc6f8d87-fh8ch,32.0,212860928
2026-09-16T23:52:46.790808+00:00,kube-system,svclb-traefik-dacc61bf-xhs49,0.0,0
2026-09-16T23:52:46.790808+00:00,kube-system,traefik-9bcdbbd9-bktmw,11.0,201326592
2026-09-16T23:52:46.790808+00:00,pyroscope,pyroscope-0,6.0,57671680
2026-09-16T23:52:46.790808+00:00,pyroscope,pyroscope-alloy-0,70.0,396361728
2026-09-16T23:53:18.037599+00:00,grove-system,grove-operator-d858d65f9-ck75j,723.0,568328192
2026-09-16T23:53:18.037599+00:00,kai-scheduler,admission-86666f457d-plhlk,1.0,13631488
2026-09-16T23:53:18.037599+00:00,kai-scheduler,binder-869fc94c7-lb9sm,100.0,191889408
2026-09-16T23:53:18.037599+00:00,kai-scheduler,kai-operator-69b5d7bcf7-h6bzd,3.0,109051904
2026-09-16T23:53:18.037599+00:00,kai-scheduler,pod-grouper-65456f756-dqrtd,1.0,9437184
2026-09-16T23:53:18.037599+00:00,kai-scheduler,podgroup-controller-68f9cc8dbf-9xq88,1.0,13631488
2026-09-16T23:53:18.037599+00:00,kai-scheduler,queue-controller-f86fcd76c-js4jc,1.0,13631488
2026-09-16T23:53:18.037599+00:00,kube-system,coredns-8db54c48d-dkq9n,8.0,46137344
2026-09-16T23:53:18.037599+00:00,kube-system,kwok-controller-5cf8c7c44b-gvkjd,75.0,69206016
2026-09-16T23:53:18.037599+00:00,kube-system,local-path-provisioner-5d9d9885bc-qlhkr,1.0,15728640
2026-09-16T23:53:18.037599+00:00,kube-system,metrics-server-75dc6f8d87-fh8ch,38.0,213909504
2026-09-16T23:53:18.037599+00:00,kube-system,svclb-traefik-dacc61bf-xhs49,0.0,0
2026-09-16T23:53:18.037599+00:00,kube-system,traefik-9bcdbbd9-bktmw,11.0,202375168
2026-09-16T23:53:18.037599+00:00,pyroscope,pyroscope-0,6.0,58720256
2026-09-16T23:53:18.037599+00:00,pyroscope,pyroscope-alloy-0,158.0,451936256
2026-09-16T23:53:49.284632+00:00,grove-system,grove-operator-d858d65f9-ck75j,45.0,566231040
2026-09-16T23:53:49.284632+00:00,kai-scheduler,admission-86666f457d-plhlk,1.0,13631488
2026-09-16T23:53:49.284632+00:00,kai-scheduler,kai-operator-69b5d7bcf7-h6bzd,6.0,99614720
2026-09-16T23:53:49.284632+00:00,kai-scheduler,pod-grouper-65456f756-dqrtd,1.0,9437184
2026-09-16T23:53:49.284632+00:00,kai-scheduler,podgroup-controller-68f9cc8dbf-9xq88,1.0,13631488
2026-09-16T23:53:49.284632+00:00,kai-scheduler,queue-controller-f86fcd76c-js4jc,1.0,13631488
2026-09-16T23:53:49.284632+00:00,kube-system,coredns-8db54c48d-dkq9n,9.0,48234496
2026-09-16T23:53:49.284632+00:00,kube-system,kwok-controller-5cf8c7c44b-gvkjd,59.0,70254592
2026-09-16T23:53:49.284632+00:00,kube-system,local-path-provisioner-5d9d9885bc-qlhkr,1.0,15728640
2026-09-16T23:53:49.284632+00:00,kube-system,metrics-server-75dc6f8d87-fh8ch,31.0,212860928
2026-09-16T23:53:49.284632+00:00,kube-system,svclb-traefik-dacc61bf-xhs49,0.0,0
2026-09-16T23:53:49.284632+00:00,kube-system,traefik-9bcdbbd9-bktmw,12.0,202375168
2026-09-16T23:53:49.284632+00:00,pyroscope,pyroscope-0,6.0,78643200
2026-09-16T23:53:49.284632+00:00,pyroscope,pyroscope-alloy-0,70.0,451936256
2026-09-16T23:54:20.533028+00:00,grove-system,grove-operator-d858d65f9-ck75j,42.0,570425344
2026-09-16T23:54:20.533028+00:00,kai-scheduler,admission-86666f457d-plhlk,1.0,13631488
2026-09-16T23:54:20.533028+00:00,kai-scheduler,kai-operator-69b5d7bcf7-h6bzd,4.0,99614720
2026-09-16T23:54:20.533028+00:00,kai-scheduler,pod-grouper-65456f756-dqrtd,1.0,9437184
2026-09-16T23:54:20.533028+00:00,kai-scheduler,podgroup-controller-68f9cc8dbf-9xq88,1.0,13631488
2026-09-16T23:54:20.533028+00:00,kai-scheduler,queue-controller-f86fcd76c-js4jc,1.0,13631488
2026-09-16T23:54:20.533028+00:00,kube-system,coredns-8db54c48d-dkq9n,9.0,48234496
2026-09-16T23:54:20.533028+00:00,kube-system,kwok-controller-5cf8c7c44b-gvkjd,86.0,70254592
2026-09-16T23:54:20.533028+00:00,kube-system,local-path-provisioner-5d9d9885bc-qlhkr,1.0,15728640
2026-09-16T23:54:20.533028+00:00,kube-system,metrics-server-75dc6f8d87-fh8ch,28.0,227540992
2026-09-16T23:54:20.533028+00:00,kube-system,svclb-traefik-dacc61bf-xhs49,0.0,0
2026-09-16T23:54:20.533028+00:00,kube-system,traefik-9bcdbbd9-bktmw,13.0,203423744
2026-09-16T23:54:20.533028+00:00,pyroscope,pyroscope-0,5.0,80740352
2026-09-16T23:54:20.533028+00:00,pyroscope,pyroscope-alloy-0,26.0,456130560
2026-09-16T23:54:51.783436+00:00,grove-system,grove-operator-d858d65f9-ck75j,75.0,571473920
2026-09-16T23:54:51.783436+00:00,kai-scheduler,admission-86666f457d-plhlk,1.0,13631488
2026-09-16T23:54:51.783436+00:00,kai-scheduler,kai-operator-69b5d7bcf7-h6bzd,3.0,100663296
2026-09-16T23:54:51.783436+00:00,kai-scheduler,pod-grouper-65456f756-dqrtd,1.0,9437184
2026-09-16T23:54:51.783436+00:00,kai-scheduler,podgroup-controller-68f9cc8dbf-9xq88,1.0,13631488
2026-09-16T23:54:51.783436+00:00,kai-scheduler,queue-controller-f86fcd76c-js4jc,1.0,13631488
2026-09-16T23:54:51.783436+00:00,kube-system,coredns-8db54c48d-dkq9n,10.0,51380224
2026-09-16T23:54:51.783436+00:00,kube-system,kwok-controller-5cf8c7c44b-gvkjd,87.0,71303168
2026-09-16T23:54:51.783436+00:00,kube-system,local-path-provisioner-5d9d9885bc-qlhkr,1.0,15728640
2026-09-16T23:54:51.783436+00:00,kube-system,metrics-server-75dc6f8d87-fh8ch,28.0,233832448
2026-09-16T23:54:51.783436+00:00,kube-system,svclb-traefik-dacc61bf-xhs49,0.0,0
2026-09-16T23:54:51.783436+00:00,kube-system,traefik-9bcdbbd9-bktmw,12.0,202375168
2026-09-16T23:54:51.783436+00:00,pyroscope,pyroscope-0,5.0,79691776
2026-09-16T23:54:51.783436+00:00,pyroscope,pyroscope-alloy-0,4.0,456130560
2026-09-16T23:55:23.025634+00:00,grove-system,grove-operator-d858d65f9-ck75j,53.0,559939584
2026-09-16T23:55:23.025634+00:00,kai-scheduler,admission-86666f457d-plhlk,1.0,13631488
2026-09-16T23:55:23.025634+00:00,kai-scheduler,kai-operator-69b5d7bcf7-h6bzd,3.0,99614720
2026-09-16T23:55:23.025634+00:00,kai-scheduler,pod-grouper-65456f756-dqrtd,1.0,9437184
2026-09-16T23:55:23.025634+00:00,kai-scheduler,podgroup-controller-68f9cc8dbf-9xq88,1.0,13631488
2026-09-16T23:55:23.025634+00:00,kai-scheduler,queue-controller-f86fcd76c-js4jc,1.0,13631488
2026-09-16T23:55:23.025634+00:00,kube-system,coredns-8db54c48d-dkq9n,8.0,50331648
2026-09-16T23:55:23.025634+00:00,kube-system,kwok-controller-5cf8c7c44b-gvkjd,78.0,71303168
2026-09-16T23:55:23.025634+00:00,kube-system,local-path-provisioner-5d9d9885bc-qlhkr,1.0,15728640
2026-09-16T23:55:23.025634+00:00,kube-system,metrics-server-75dc6f8d87-fh8ch,24.0,232783872
2026-09-16T23:55:23.025634+00:00,kube-system,svclb-traefik-dacc61bf-xhs49,0.0,0
2026-09-16T23:55:23.025634+00:00,kube-system,traefik-9bcdbbd9-bktmw,11.0,202375168
2026-09-16T23:55:23.025634+00:00,pyroscope,pyroscope-0,6.0,85983232
2026-09-16T23:55:23.025634+00:00,pyroscope,pyroscope-alloy-0,6.0,456130560
2026-09-16T23:55:54.268972+00:00,grove-system,grove-operator-d858d65f9-ck75j,99.0,559939584
2026-09-16T23:55:54.268972+00:00,kai-scheduler,admission-86666f457d-plhlk,1.0,13631488
2026-09-16T23:55:54.268972+00:00,kai-scheduler,kai-operator-69b5d7bcf7-h6bzd,6.0,99614720
2026-09-16T23:55:54.268972+00:00,kai-scheduler,pod-grouper-65456f756-dqrtd,1.0,9437184
2026-09-16T23:55:54.268972+00:00,kai-scheduler,podgroup-controller-68f9cc8dbf-9xq88,1.0,13631488
2026-09-16T23:55:54.268972+00:00,kai-scheduler,queue-controller-f86fcd76c-js4jc,1.0,13631488
2026-09-16T23:55:54.268972+00:00,kube-system,coredns-8db54c48d-dkq9n,10.0,52428800
2026-09-16T23:55:54.268972+00:00,kube-system,kwok-controller-5cf8c7c44b-gvkjd,78.0,74448896
2026-09-16T23:55:54.268972+00:00,kube-system,local-path-provisioner-5d9d9885bc-qlhkr,1.0,15728640
2026-09-16T23:55:54.268972+00:00,kube-system,metrics-server-75dc6f8d87-fh8ch,29.0,232783872
2026-09-16T23:55:54.268972+00:00,kube-system,svclb-traefik-dacc61bf-xhs49,0.0,0
2026-09-16T23:55:54.268972+00:00,kube-system,traefik-9bcdbbd9-bktmw,11.0,202375168
2026-09-16T23:55:54.268972+00:00,pyroscope,pyroscope-0,5.0,81788928
2026-09-16T23:55:54.268972+00:00,pyroscope,pyroscope-alloy-0,5.0,457179136
2026-09-16T23:56:25.521121+00:00,grove-system,grove-operator-d858d65f9-ck75j,74.0,560988160
2026-09-16T23:56:25.521121+00:00,kai-scheduler,admission-86666f457d-plhlk,1.0,13631488
2026-09-16T23:56:25.521121+00:00,kai-scheduler,kai-operator-69b5d7bcf7-h6bzd,6.0,99614720
2026-09-16T23:56:25.521121+00:00,kai-scheduler,pod-grouper-65456f756-dqrtd,1.0,9437184
2026-09-16T23:56:25.521121+00:00,kai-scheduler,podgroup-controller-68f9cc8dbf-9xq88,1.0,13631488
2026-09-16T23:56:25.521121+00:00,kai-scheduler,queue-controller-f86fcd76c-js4jc,1.0,13631488
2026-09-16T23:56:25.521121+00:00,kube-system,coredns-8db54c48d-dkq9n,8.0,52428800
2026-09-16T23:56:25.521121+00:00,kube-system,kwok-controller-5cf8c7c44b-gvkjd,97.0,74448896
2026-09-16T23:56:25.521121+00:00,kube-system,local-path-provisioner-5d9d9885bc-qlhkr,1.0,15728640
2026-09-16T23:56:25.521121+00:00,kube-system,metrics-server-75dc6f8d87-fh8ch,29.0,243269632
2026-09-16T23:56:25.521121+00:00,kube-system,svclb-traefik-dacc61bf-xhs49,0.0,0
2026-09-16T23:56:25.521121+00:00,kube-system,traefik-9bcdbbd9-bktmw,15.0,201326592
2026-09-16T23:56:25.521121+00:00,pyroscope,pyroscope-0,6.0,82837504
2026-09-16T23:56:25.521121+00:00,pyroscope,pyroscope-alloy-0,58.0,480247808
2026-09-16T23:56:56.765700+00:00,grove-system,grove-operator-d858d65f9-ck75j,87.0,565182464
2026-09-16T23:56:56.765700+00:00,kai-scheduler,admission-86666f457d-plhlk,1.0,13631488
2026-09-16T23:56:56.765700+00:00,kai-scheduler,kai-operator-69b5d7bcf7-h6bzd,8.0,108003328
2026-09-16T23:56:56.765700+00:00,kai-scheduler,pod-grouper-65456f756-dqrtd,1.0,9437184
2026-09-16T23:56:56.765700+00:00,kai-scheduler,podgroup-controller-68f9cc8dbf-9xq88,1.0,13631488
2026-09-16T23:56:56.765700+00:00,kai-scheduler,queue-controller-f86fcd76c-js4jc,1.0,13631488
2026-09-16T23:56:56.765700+00:00,kube-system,coredns-8db54c48d-dkq9n,6.0,52428800
2026-09-16T23:56:56.765700+00:00,kube-system,kwok-controller-5cf8c7c44b-gvkjd,118.0,79691776
2026-09-16T23:56:56.765700+00:00,kube-system,local-path-provisioner-5d9d9885bc-qlhkr,1.0,15728640
2026-09-16T23:56:56.765700+00:00,kube-system,metrics-server-75dc6f8d87-fh8ch,26.0,243269632
2026-09-16T23:56:56.765700+00:00,kube-system,svclb-traefik-dacc61bf-xhs49,0.0,0
2026-09-16T23:56:56.765700+00:00,kube-system,traefik-9bcdbbd9-bktmw,6.0,201326592
2026-09-16T23:56:56.765700+00:00,pyroscope,pyroscope-0,6.0,82837504
2026-09-16T23:56:56.765700+00:00,pyroscope,pyroscope-alloy-0,5.0,480247808
2026-09-16T23:57:28.018645+00:00,grove-system,grove-operator-d858d65f9-ck75j,42.0,564133888
2026-09-16T23:57:28.018645+00:00,kai-scheduler,admission-86666f457d-plhlk,1.0,13631488
2026-09-16T23:57:28.018645+00:00,kai-scheduler,kai-operator-69b5d7bcf7-h6bzd,3.0,109051904
2026-09-16T23:57:28.018645+00:00,kai-scheduler,pod-grouper-65456f756-dqrtd,1.0,9437184
2026-09-16T23:57:28.018645+00:00,kai-scheduler,podgroup-controller-68f9cc8dbf-9xq88,1.0,13631488
2026-09-16T23:57:28.018645+00:00,kai-scheduler,queue-controller-f86fcd76c-js4jc,1.0,13631488
2026-09-16T23:57:28.018645+00:00,kube-system,coredns-8db54c48d-dkq9n,3.0,51380224
2026-09-16T23:57:28.018645+00:00,kube-system,kwok-controller-5cf8c7c44b-gvkjd,348.0,84934656
2026-09-16T23:57:28.018645+00:00,kube-system,local-path-provisioner-5d9d9885bc-qlhkr,1.0,15728640
2026-09-16T23:57:28.018645+00:00,kube-system,metrics-server-75dc6f8d87-fh8ch,34.0,245366784
2026-09-16T23:57:28.018645+00:00,kube-system,svclb-traefik-dacc61bf-xhs49,0.0,0
2026-09-16T23:57:28.018645+00:00,kube-system,traefik-9bcdbbd9-bktmw,3.0,203423744
2026-09-16T23:57:28.018645+00:00,pyroscope,pyroscope-0,5.0,84934656
2026-09-16T23:57:28.018645+00:00,pyroscope,pyroscope-alloy-0,5.0,480247808
2026-09-16T23:57:59.266358+00:00,grove-system,grove-operator-d858d65f9-ck75j,41.0,563085312
2026-09-16T23:57:59.266358+00:00,kai-scheduler,admission-86666f457d-plhlk,1.0,13631488
2026-09-16T23:57:59.266358+00:00,kai-scheduler,kai-operator-69b5d7bcf7-h6bzd,3.0,108003328
2026-09-16T23:57:59.266358+00:00,kai-scheduler,pod-grouper-65456f756-dqrtd,1.0,9437184
2026-09-16T23:57:59.266358+00:00,kai-scheduler,podgroup-controller-68f9cc8dbf-9xq88,1.0,13631488
2026-09-16T23:57:59.266358+00:00,kai-scheduler,queue-controller-f86fcd76c-js4jc,1.0,13631488
2026-09-16T23:57:59.266358+00:00,kube-system,coredns-8db54c48d-dkq9n,5.0,51380224
2026-09-16T23:57:59.266358+00:00,kube-system,kwok-controller-5cf8c7c44b-gvkjd,98.0,87031808
2026-09-16T23:57:59.266358+00:00,kube-system,local-path-provisioner-5d9d9885bc-qlhkr,1.0,15728640
2026-09-16T23:57:59.266358+00:00,kube-system,metrics-server-75dc6f8d87-fh8ch,30.0,244318208
2026-09-16T23:57:59.266358+00:00,kube-system,svclb-traefik-dacc61bf-xhs49,0.0,0
2026-09-16T23:57:59.266358+00:00,kube-system,traefik-9bcdbbd9-bktmw,3.0,202375168
2026-09-16T23:57:59.266358+00:00,pyroscope,pyroscope-0,5.0,83886080
2026-09-16T23:57:59.266358+00:00,pyroscope,pyroscope-alloy-0,30.0,480247808
2026-09-16T23:58:30.517082+00:00,grove-system,grove-operator-d858d65f9-ck75j,46.0,564133888
2026-09-16T23:58:30.517082+00:00,kai-scheduler,admission-86666f457d-plhlk,1.0,13631488
2026-09-16T23:58:30.517082+00:00,kai-scheduler,kai-operator-69b5d7bcf7-h6bzd,3.0,108003328
2026-09-16T23:58:30.517082+00:00,kai-scheduler,pod-grouper-65456f756-dqrtd,1.0,9437184
2026-09-16T23:58:30.517082+00:00,kai-scheduler,podgroup-controller-68f9cc8dbf-9xq88,1.0,13631488
2026-09-16T23:58:30.517082+00:00,kai-scheduler,queue-controller-f86fcd76c-js4jc,1.0,13631488
2026-09-16T23:58:30.517082+00:00,kube-system,coredns-8db54c48d-dkq9n,3.0,52428800
2026-09-16T23:58:30.517082+00:00,kube-system,kwok-controller-5cf8c7c44b-gvkjd,63.0,83886080
2026-09-16T23:58:30.517082+00:00,kube-system,local-path-provisioner-5d9d9885bc-qlhkr,1.0,15728640
2026-09-16T23:58:30.517082+00:00,kube-system,metrics-server-75dc6f8d87-fh8ch,29.0,243269632
2026-09-16T23:58:30.517082+00:00,kube-system,svclb-traefik-dacc61bf-xhs49,0.0,0
2026-09-16T23:58:30.517082+00:00,kube-system,traefik-9bcdbbd9-bktmw,9.0,201326592
2026-09-16T23:58:30.517082+00:00,pyroscope,pyroscope-0,5.0,83886080
2026-09-16T23:58:30.517082+00:00,pyroscope,pyroscope-alloy-0,9.0,480247808
2026-09-16T23:59:01.769201+00:00,grove-system,grove-operator-d858d65f9-ck75j,38.0,566231040
2026-09-16T23:59:01.769201+00:00,kai-scheduler,admission-86666f457d-plhlk,1.0,14680064
2026-09-16T23:59:01.769201+00:00,kai-scheduler,kai-operator-69b5d7bcf7-h6bzd,5.0,100663296
2026-09-16T23:59:01.769201+00:00,kai-scheduler,pod-grouper-65456f756-dqrtd,1.0,9437184
2026-09-16T23:59:01.769201+00:00,kai-scheduler,podgroup-controller-68f9cc8dbf-9xq88,1.0,13631488
2026-09-16T23:59:01.769201+00:00,kai-scheduler,queue-controller-f86fcd76c-js4jc,1.0,13631488
2026-09-16T23:59:01.769201+00:00,kube-system,coredns-8db54c48d-dkq9n,3.0,51380224
2026-09-16T23:59:01.769201+00:00,kube-system,kwok-controller-5cf8c7c44b-gvkjd,84.0,85983232
2026-09-16T23:59:01.769201+00:00,kube-system,local-path-provisioner-5d9d9885bc-qlhkr,1.0,15728640
2026-09-16T23:59:01.769201+00:00,kube-system,metrics-server-75dc6f8d87-fh8ch,28.0,243269632
2026-09-16T23:59:01.769201+00:00,kube-system,svclb-traefik-dacc61bf-xhs49,0.0,0
2026-09-16T23:59:01.769201+00:00,kube-system,traefik-9bcdbbd9-bktmw,3.0,202375168
2026-09-16T23:59:01.769201+00:00,pyroscope,pyroscope-0,6.0,83886080
2026-09-16T23:59:01.769201+00:00,pyroscope,pyroscope-alloy-0,5.0,480247808
2026-09-16T23:59:33.021413+00:00,grove-system,grove-operator-d858d65f9-ck75j,30.0,566231040
2026-09-16T23:59:33.021413+00:00,kai-scheduler,admission-86666f457d-plhlk,1.0,14680064
2026-09-16T23:59:33.021413+00:00,kai-scheduler,kai-operator-69b5d7bcf7-h6bzd,3.0,100663296
2026-09-16T23:59:33.021413+00:00,kai-scheduler,pod-grouper-65456f756-dqrtd,1.0,9437184
2026-09-16T23:59:33.021413+00:00,kai-scheduler,podgroup-controller-68f9cc8dbf-9xq88,1.0,13631488
2026-09-16T23:59:33.021413+00:00,kai-scheduler,queue-controller-f86fcd76c-js4jc,1.0,13631488
2026-09-16T23:59:33.021413+00:00,kube-system,coredns-8db54c48d-dkq9n,3.0,51380224
2026-09-16T23:59:33.021413+00:00,kube-system,kwok-controller-5cf8c7c44b-gvkjd,104.0,85983232
2026-09-16T23:59:33.021413+00:00,kube-system,local-path-provisioner-5d9d9885bc-qlhkr,1.0,15728640
2026-09-16T23:59:33.021413+00:00,kube-system,metrics-server-75dc6f8d87-fh8ch,28.0,243269632
2026-09-16T23:59:33.021413+00:00,kube-system,svclb-traefik-dacc61bf-xhs49,0.0,0
2026-09-16T23:59:33.021413+00:00,kube-system,traefik-9bcdbbd9-bktmw,3.0,202375168
2026-09-16T23:59:33.021413+00:00,pyroscope,pyroscope-0,5.0,84934656
2026-09-16T23:59:33.021413+00:00,pyroscope,pyroscope-alloy-0,5.0,480247808
2026-09-17T00:00:04.265170+00:00,grove-system,grove-operator-d858d65f9-ck75j,45.0,567279616
2026-09-17T00:00:04.265170+00:00,kai-scheduler,admission-86666f457d-plhlk,1.0,14680064
2026-09-17T00:00:04.265170+00:00,kai-scheduler,kai-operator-69b5d7bcf7-h6bzd,3.0,100663296
2026-09-17T00:00:04.265170+00:00,kai-scheduler,pod-grouper-65456f756-dqrtd,1.0,9437184
2026-09-17T00:00:04.265170+00:00,kai-scheduler,podgroup-controller-68f9cc8dbf-9xq88,1.0,13631488
2026-09-17T00:00:04.265170+00:00,kai-scheduler,queue-controller-f86fcd76c-js4jc,1.0,13631488
2026-09-17T00:00:04.265170+00:00,kube-system,coredns-8db54c48d-dkq9n,3.0,51380224
2026-09-17T00:00:04.265170+00:00,kube-system,kwok-controller-5cf8c7c44b-gvkjd,90.0,85983232
2026-09-17T00:00:04.265170+00:00,kube-system,local-path-provisioner-5d9d9885bc-qlhkr,1.0,15728640
2026-09-17T00:00:04.265170+00:00,kube-system,metrics-server-75dc6f8d87-fh8ch,33.0,244318208
2026-09-17T00:00:04.265170+00:00,kube-system,svclb-traefik-dacc61bf-xhs49,0.0,0
2026-09-17T00:00:04.265170+00:00,kube-system,traefik-9bcdbbd9-bktmw,4.0,202375168
2026-09-17T00:00:04.265170+00:00,pyroscope,pyroscope-0,5.0,85983232
2026-09-17T00:00:04.265170+00:00,pyroscope,pyroscope-alloy-0,5.0,480247808
2026-09-17T00:00:35.512472+00:00,grove-system,grove-operator-d858d65f9-ck75j,34.0,568328192
2026-09-17T00:00:35.512472+00:00,kai-scheduler,admission-86666f457d-plhlk,1.0,14680064
2026-09-17T00:00:35.512472+00:00,kai-scheduler,kai-operator-69b5d7bcf7-h6bzd,3.0,99614720
2026-09-17T00:00:35.512472+00:00,kai-scheduler,pod-grouper-65456f756-dqrtd,1.0,9437184
2026-09-17T00:00:35.512472+00:00,kai-scheduler,podgroup-controller-68f9cc8dbf-9xq88,1.0,13631488
2026-09-17T00:00:35.512472+00:00,kai-scheduler,queue-controller-f86fcd76c-js4jc,1.0,13631488
2026-09-17T00:00:35.512472+00:00,kube-system,coredns-8db54c48d-dkq9n,3.0,51380224
2026-09-17T00:00:35.512472+00:00,kube-system,kwok-controller-5cf8c7c44b-gvkjd,80.0,87031808
2026-09-17T00:00:35.512472+00:00,kube-system,local-path-provisioner-5d9d9885bc-qlhkr,1.0,15728640
2026-09-17T00:00:35.512472+00:00,kube-system,metrics-server-75dc6f8d87-fh8ch,30.0,243269632
2026-09-17T00:00:35.512472+00:00,kube-system,svclb-traefik-dacc61bf-xhs49,0.0,0
2026-09-17T00:00:35.512472+00:00,kube-system,traefik-9bcdbbd9-bktmw,10.0,202375168
2026-09-17T00:00:35.512472+00:00,pyroscope,pyroscope-0,3.0,85983232
2026-09-17T00:00:35.512472+00:00,pyroscope,pyroscope-alloy-0,5.0,483393536
2026-09-17T00:01:06.761483+00:00,grove-system,grove-operator-d858d65f9-ck75j,59.0,569376768
2026-09-17T00:01:06.761483+00:00,kai-scheduler,admission-86666f457d-plhlk,1.0,14680064
2026-09-17T00:01:06.761483+00:00,kai-scheduler,kai-operator-69b5d7bcf7-h6bzd,4.0,99614720
2026-09-17T00:01:06.761483+00:00,kai-scheduler,pod-grouper-65456f756-dqrtd,1.0,9437184
2026-09-17T00:01:06.761483+00:00,kai-scheduler,podgroup-controller-68f9cc8dbf-9xq88,1.0,13631488
2026-09-17T00:01:06.761483+00:00,kai-scheduler,queue-controller-f86fcd76c-js4jc,1.0,13631488
2026-09-17T00:01:06.761483+00:00,kube-system,coredns-8db54c48d-dkq9n,3.0,52428800
2026-09-17T00:01:06.761483+00:00,kube-system,kwok-controller-5cf8c7c44b-gvkjd,79.0,89128960
2026-09-17T00:01:06.761483+00:00,kube-system,local-path-provisioner-5d9d9885bc-qlhkr,1.0,15728640
2026-09-17T00:01:06.761483+00:00,kube-system,metrics-server-75dc6f8d87-fh8ch,29.0,244318208
2026-09-17T00:01:06.761483+00:00,kube-system,svclb-traefik-dacc61bf-xhs49,0.0,0
2026-09-17T00:01:06.761483+00:00,kube-system,traefik-9bcdbbd9-bktmw,3.0,201326592
2026-09-17T00:01:06.761483+00:00,pyroscope,pyroscope-0,6.0,89128960
2026-09-17T00:01:06.761483+00:00,pyroscope,pyroscope-alloy-0,7.0,483393536
2026-09-17T00:01:38.008807+00:00,grove-system,grove-operator-d858d65f9-ck75j,58.0,568328192
2026-09-17T00:01:38.008807+00:00,kai-scheduler,admission-86666f457d-plhlk,1.0,14680064
2026-09-17T00:01:38.008807+00:00,kai-scheduler,kai-operator-69b5d7bcf7-h6bzd,3.0,99614720
2026-09-17T00:01:38.008807+00:00,kai-scheduler,pod-grouper-65456f756-dqrtd,1.0,9437184
2026-09-17T00:01:38.008807+00:00,kai-scheduler,podgroup-controller-68f9cc8dbf-9xq88,1.0,13631488
2026-09-17T00:01:38.008807+00:00,kai-scheduler,queue-controller-f86fcd76c-js4jc,1.0,13631488
2026-09-17T00:01:38.008807+00:00,kube-system,coredns-8db54c48d-dkq9n,3.0,51380224
2026-09-17T00:01:38.008807+00:00,kube-system,kwok-controller-5cf8c7c44b-gvkjd,83.0,83886080
2026-09-17T00:01:38.008807+00:00,kube-system,local-path-provisioner-5d9d9885bc-qlhkr,1.0,15728640
2026-09-17T00:01:38.008807+00:00,kube-system,metrics-server-75dc6f8d87-fh8ch,25.0,244318208
2026-09-17T00:01:38.008807+00:00,kube-system,svclb-traefik-dacc61bf-xhs49,0.0,0
2026-09-17T00:01:38.008807+00:00,kube-system,traefik-9bcdbbd9-bktmw,3.0,202375168
2026-09-17T00:01:38.008807+00:00,pyroscope,pyroscope-0,5.0,84934656
2026-09-17T00:01:38.008807+00:00,pyroscope,pyroscope-alloy-0,57.0,494927872
2026-09-17T00:02:09.254429+00:00,grove-system,grove-operator-d858d65f9-ck75j,22.0,570425344
2026-09-17T00:02:09.254429+00:00,kai-scheduler,admission-86666f457d-plhlk,1.0,14680064
2026-09-17T00:02:09.254429+00:00,kai-scheduler,kai-operator-69b5d7bcf7-h6bzd,6.0,110100480
2026-09-17T00:02:09.254429+00:00,kai-scheduler,pod-grouper-65456f756-dqrtd,1.0,9437184
2026-09-17T00:02:09.254429+00:00,kai-scheduler,podgroup-controller-68f9cc8dbf-9xq88,1.0,13631488
2026-09-17T00:02:09.254429+00:00,kai-scheduler,queue-controller-f86fcd76c-js4jc,1.0,13631488
2026-09-17T00:02:09.254429+00:00,kube-system,coredns-8db54c48d-dkq9n,3.0,52428800
2026-09-17T00:02:09.254429+00:00,kube-system,kwok-controller-5cf8c7c44b-gvkjd,90.0,84934656
2026-09-17T00:02:09.254429+00:00,kube-system,local-path-provisioner-5d9d9885bc-qlhkr,1.0,15728640
2026-09-17T00:02:09.254429+00:00,kube-system,metrics-server-75dc6f8d87-fh8ch,31.0,245366784
2026-09-17T00:02:09.254429+00:00,kube-system,svclb-traefik-dacc61bf-xhs49,0.0,0
2026-09-17T00:02:09.254429+00:00,kube-system,traefik-9bcdbbd9-bktmw,3.0,202375168
2026-09-17T00:02:09.254429+00:00,pyroscope,pyroscope-0,5.0,84934656
2026-09-17T00:02:09.254429+00:00,pyroscope,pyroscope-alloy-0,79.0,538968064
2026-09-17T00:02:40.504841+00:00,grove-system,grove-operator-d858d65f9-ck75j,22.0,572522496
2026-09-17T00:02:40.504841+00:00,kai-scheduler,admission-86666f457d-plhlk,1.0,14680064
2026-09-17T00:02:40.504841+00:00,kai-scheduler,kai-operator-69b5d7bcf7-h6bzd,1.0,114294784
2026-09-17T00:02:40.504841+00:00,kai-scheduler,pod-grouper-65456f756-dqrtd,1.0,9437184
2026-09-17T00:02:40.504841+00:00,kai-scheduler,podgroup-controller-68f9cc8dbf-9xq88,1.0,13631488
2026-09-17T00:02:40.504841+00:00,kai-scheduler,queue-controller-f86fcd76c-js4jc,1.0,13631488
2026-09-17T00:02:40.504841+00:00,kube-system,coredns-8db54c48d-dkq9n,3.0,52428800
2026-09-17T00:02:40.504841+00:00,kube-system,kwok-controller-5cf8c7c44b-gvkjd,131.0,88080384
2026-09-17T00:02:40.504841+00:00,kube-system,local-path-provisioner-5d9d9885bc-qlhkr,1.0,15728640
2026-09-17T00:02:40.504841+00:00,kube-system,metrics-server-75dc6f8d87-fh8ch,47.0,244318208
2026-09-17T00:02:40.504841+00:00,kube-system,svclb-traefik-dacc61bf-xhs49,0.0,0
2026-09-17T00:02:40.504841+00:00,kube-system,traefik-9bcdbbd9-bktmw,3.0,202375168
2026-09-17T00:02:40.504841+00:00,pyroscope,pyroscope-0,5.0,84934656
2026-09-17T00:02:40.504841+00:00,pyroscope,pyroscope-alloy-0,145.0,519045120
2026-09-17T00:03:11.749205+00:00,grove-system,grove-operator-d858d65f9-ck75j,29.0,567279616
2026-09-17T00:03:11.749205+00:00,kai-scheduler,admission-86666f457d-plhlk,1.0,14680064
2026-09-17T00:03:11.749205+00:00,kai-scheduler,kai-operator-69b5d7bcf7-h6bzd,1.0,114294784
2026-09-17T00:03:11.749205+00:00,kai-scheduler,pod-grouper-65456f756-dqrtd,1.0,9437184
2026-09-17T00:03:11.749205+00:00,kai-scheduler,podgroup-controller-68f9cc8dbf-9xq88,1.0,13631488
2026-09-17T00:03:11.749205+00:00,kai-scheduler,queue-controller-f86fcd76c-js4jc,1.0,13631488
2026-09-17T00:03:11.749205+00:00,kube-system,coredns-8db54c48d-dkq9n,3.0,51380224
2026-09-17T00:03:11.749205+00:00,kube-system,kwok-controller-5cf8c7c44b-gvkjd,133.0,88080384
2026-09-17T00:03:11.749205+00:00,kube-system,local-path-provisioner-5d9d9885bc-qlhkr,1.0,15728640
2026-09-17T00:03:11.749205+00:00,kube-system,metrics-server-75dc6f8d87-fh8ch,44.0,244318208
2026-09-17T00:03:11.749205+00:00,kube-system,svclb-traefik-dacc61bf-xhs49,0.0,0
2026-09-17T00:03:11.749205+00:00,kube-system,traefik-9bcdbbd9-bktmw,3.0,202375168
2026-09-17T00:03:11.749205+00:00,pyroscope,pyroscope-0,6.0,84934656
2026-09-17T00:03:11.749205+00:00,pyroscope,pyroscope-alloy-0,158.0,517996544
2026-09-17T00:03:42.999417+00:00,grove-system,grove-operator-d858d65f9-ck75j,54.0,562036736
2026-09-17T00:03:42.999417+00:00,kai-scheduler,admission-86666f457d-plhlk,1.0,14680064
2026-09-17T00:03:42.999417+00:00,kai-scheduler,kai-operator-69b5d7bcf7-h6bzd,1.0,114294784
2026-09-17T00:03:42.999417+00:00,kai-scheduler,pod-grouper-65456f756-dqrtd,1.0,9437184
2026-09-17T00:03:42.999417+00:00,kai-scheduler,podgroup-controller-68f9cc8dbf-9xq88,1.0,13631488
2026-09-17T00:03:42.999417+00:00,kai-scheduler,queue-controller-f86fcd76c-js4jc,1.0,13631488
2026-09-17T00:03:42.999417+00:00,kube-system,coredns-8db54c48d-dkq9n,3.0,52428800
2026-09-17T00:03:42.999417+00:00,kube-system,kwok-controller-5cf8c7c44b-gvkjd,126.0,87031808
2026-09-17T00:03:42.999417+00:00,kube-system,local-path-provisioner-5d9d9885bc-qlhkr,1.0,15728640
2026-09-17T00:03:42.999417+00:00,kube-system,metrics-server-75dc6f8d87-fh8ch,41.0,244318208
2026-09-17T00:03:42.999417+00:00,kube-system,svclb-traefik-dacc61bf-xhs49,0.0,0
2026-09-17T00:03:42.999417+00:00,kube-system,traefik-9bcdbbd9-bktmw,3.0,202375168
2026-09-17T00:03:42.999417+00:00,pyroscope,pyroscope-0,5.0,87031808
2026-09-17T00:03:42.999417+00:00,pyroscope,pyroscope-alloy-0,124.0,519045120
2026-09-17T00:04:14.242597+00:00,grove-system,grove-operator-d858d65f9-ck75j,39.0,565182464
2026-09-17T00:04:14.242597+00:00,kai-scheduler,admission-86666f457d-plhlk,1.0,14680064
2026-09-17T00:04:14.242597+00:00,kai-scheduler,kai-operator-69b5d7bcf7-h6bzd,1.0,114294784
2026-09-17T00:04:14.242597+00:00,kai-scheduler,pod-grouper-65456f756-dqrtd,1.0,9437184
2026-09-17T00:04:14.242597+00:00,kai-scheduler,podgroup-controller-68f9cc8dbf-9xq88,1.0,13631488
2026-09-17T00:04:14.242597+00:00,kai-scheduler,queue-controller-f86fcd76c-js4jc,1.0,13631488
2026-09-17T00:04:14.242597+00:00,kube-system,coredns-8db54c48d-dkq9n,3.0,51380224
2026-09-17T00:04:14.242597+00:00,kube-system,kwok-controller-5cf8c7c44b-gvkjd,121.0,89128960
2026-09-17T00:04:14.242597+00:00,kube-system,local-path-provisioner-5d9d9885bc-qlhkr,1.0,15728640
2026-09-17T00:04:14.242597+00:00,kube-system,metrics-server-75dc6f8d87-fh8ch,41.0,246415360
2026-09-17T00:04:14.242597+00:00,kube-system,svclb-traefik-dacc61bf-xhs49,0.0,0
2026-09-17T00:04:14.242597+00:00,kube-system,traefik-9bcdbbd9-bktmw,3.0,202375168
2026-09-17T00:04:14.242597+00:00,pyroscope,pyroscope-0,6.0,91226112
2026-09-17T00:04:14.242597+00:00,pyroscope,pyroscope-alloy-0,107.0,507510784
2026-09-17T00:04:45.494639+00:00,grove-system,grove-operator-d858d65f9-ck75j,46.0,566231040
2026-09-17T00:04:45.494639+00:00,kai-scheduler,admission-86666f457d-plhlk,1.0,14680064
2026-09-17T00:04:45.494639+00:00,kai-scheduler,kai-operator-69b5d7bcf7-h6bzd,1.0,103809024
2026-09-17T00:04:45.494639+00:00,kai-scheduler,pod-grouper-65456f756-dqrtd,1.0,9437184
2026-09-17T00:04:45.494639+00:00,kai-scheduler,podgroup-controller-68f9cc8dbf-9xq88,1.0,13631488
2026-09-17T00:04:45.494639+00:00,kai-scheduler,queue-controller-f86fcd76c-js4jc,1.0,13631488
2026-09-17T00:04:45.494639+00:00,kube-system,coredns-8db54c48d-dkq9n,3.0,51380224
2026-09-17T00:04:45.494639+00:00,kube-system,kwok-controller-5cf8c7c44b-gvkjd,121.0,87031808
2026-09-17T00:04:45.494639+00:00,kube-system,local-path-provisioner-5d9d9885bc-qlhkr,1.0,15728640
2026-09-17T00:04:45.494639+00:00,kube-system,metrics-server-75dc6f8d87-fh8ch,44.0,244318208
2026-09-17T00:04:45.494639+00:00,kube-system,svclb-traefik-dacc61bf-xhs49,0.0,0
2026-09-17T00:04:45.494639+00:00,kube-system,traefik-9bcdbbd9-bktmw,3.0,202375168
2026-09-17T00:04:45.494639+00:00,pyroscope,pyroscope-0,6.0,90177536
2026-09-17T00:04:45.494639+00:00,pyroscope,pyroscope-alloy-0,117.0,499122176
2026-09-17T00:05:16.746618+00:00,grove-system,grove-operator-d858d65f9-ck75j,18.0,568328192
2026-09-17T00:05:16.746618+00:00,kai-scheduler,admission-86666f457d-plhlk,1.0,14680064
2026-09-17T00:05:16.746618+00:00,kai-scheduler,kai-operator-69b5d7bcf7-h6bzd,1.0,103809024
2026-09-17T00:05:16.746618+00:00,kai-scheduler,pod-grouper-65456f756-dqrtd,1.0,9437184
2026-09-17T00:05:16.746618+00:00,kai-scheduler,podgroup-controller-68f9cc8dbf-9xq88,1.0,13631488
2026-09-17T00:05:16.746618+00:00,kai-scheduler,queue-controller-f86fcd76c-js4jc,1.0,13631488
2026-09-17T00:05:16.746618+00:00,kube-system,coredns-8db54c48d-dkq9n,3.0,51380224
2026-09-17T00:05:16.746618+00:00,kube-system,kwok-controller-5cf8c7c44b-gvkjd,134.0,89128960
2026-09-17T00:05:16.746618+00:00,kube-system,local-path-provisioner-5d9d9885bc-qlhkr,1.0,15728640
2026-09-17T00:05:16.746618+00:00,kube-system,metrics-server-75dc6f8d87-fh8ch,35.0,242221056
2026-09-17T00:05:16.746618+00:00,kube-system,svclb-traefik-dacc61bf-xhs49,0.0,0
2026-09-17T00:05:16.746618+00:00,kube-system,traefik-9bcdbbd9-bktmw,3.0,201326592
2026-09-17T00:05:16.746618+00:00,pyroscope,pyroscope-0,5.0,90177536
2026-09-17T00:05:16.746618+00:00,pyroscope,pyroscope-alloy-0,130.0,492830720
2026-09-17T00:05:47.990585+00:00,grove-system,grove-operator-d858d65f9-ck75j,31.0,575668224
2026-09-17T00:05:47.990585+00:00,kai-scheduler,admission-86666f457d-plhlk,1.0,14680064
2026-09-17T00:05:47.990585+00:00,kai-scheduler,kai-operator-69b5d7bcf7-h6bzd,1.0,103809024
2026-09-17T00:05:47.990585+00:00,kai-scheduler,pod-grouper-65456f756-dqrtd,1.0,9437184
2026-09-17T00:05:47.990585+00:00,kai-scheduler,podgroup-controller-68f9cc8dbf-9xq88,1.0,13631488
2026-09-17T00:05:47.990585+00:00,kai-scheduler,queue-controller-f86fcd76c-js4jc,1.0,13631488
2026-09-17T00:05:47.990585+00:00,kube-system,coredns-8db54c48d-dkq9n,3.0,51380224
2026-09-17T00:05:47.990585+00:00,kube-system,kwok-controller-5cf8c7c44b-gvkjd,130.0,85983232
2026-09-17T00:05:47.990585+00:00,kube-system,local-path-provisioner-5d9d9885bc-qlhkr,1.0,15728640
2026-09-17T00:05:47.990585+00:00,kube-system,metrics-server-75dc6f8d87-fh8ch,36.0,241172480
2026-09-17T00:05:47.990585+00:00,kube-system,svclb-traefik-dacc61bf-xhs49,0.0,0
2026-09-17T00:05:47.990585+00:00,kube-system,traefik-9bcdbbd9-bktmw,3.0,202375168
2026-09-17T00:05:47.990585+00:00,pyroscope,pyroscope-0,6.0,90177536
2026-09-17T00:05:47.990585+00:00,pyroscope,pyroscope-alloy-0,112.0,488636416
2026-09-17T00:06:19.246430+00:00,grove-system,grove-operator-d858d65f9-ck75j,28.0,571473920
2026-09-17T00:06:19.246430+00:00,kai-scheduler,admission-86666f457d-plhlk,1.0,14680064
2026-09-17T00:06:19.246430+00:00,kai-scheduler,kai-operator-69b5d7bcf7-h6bzd,3.0,100663296
2026-09-17T00:06:19.246430+00:00,kai-scheduler,pod-grouper-65456f756-dqrtd,1.0,9437184
2026-09-17T00:06:19.246430+00:00,kai-scheduler,podgroup-controller-68f9cc8dbf-9xq88,1.0,13631488
2026-09-17T00:06:19.246430+00:00,kai-scheduler,queue-controller-f86fcd76c-js4jc,1.0,13631488
2026-09-17T00:06:19.246430+00:00,kube-system,coredns-8db54c48d-dkq9n,4.0,51380224
2026-09-17T00:06:19.246430+00:00,kube-system,kwok-controller-5cf8c7c44b-gvkjd,117.0,87031808
2026-09-17T00:06:19.246430+00:00,kube-system,local-path-provisioner-5d9d9885bc-qlhkr,1.0,15728640
2026-09-17T00:06:19.246430+00:00,kube-system,metrics-server-75dc6f8d87-fh8ch,39.0,245366784
2026-09-17T00:06:19.246430+00:00,kube-system,svclb-traefik-dacc61bf-xhs49,0.0,0
2026-09-17T00:06:19.246430+00:00,kube-system,traefik-9bcdbbd9-bktmw,3.0,201326592
2026-09-17T00:06:19.246430+00:00,pyroscope,pyroscope-0,6.0,90177536
2026-09-17T00:06:19.246430+00:00,pyroscope,pyroscope-alloy-0,139.0,480247808
2026-09-17T00:06:50.498493+00:00,grove-system,grove-operator-d858d65f9-ck75j,31.0,573571072
2026-09-17T00:06:50.498493+00:00,kai-scheduler,admission-86666f457d-plhlk,1.0,14680064
2026-09-17T00:06:50.498493+00:00,kai-scheduler,kai-operator-69b5d7bcf7-h6bzd,1.0,100663296
2026-09-17T00:06:50.498493+00:00,kai-scheduler,pod-grouper-65456f756-dqrtd,1.0,9437184
2026-09-17T00:06:50.498493+00:00,kai-scheduler,podgroup-controller-68f9cc8dbf-9xq88,1.0,13631488
2026-09-17T00:06:50.498493+00:00,kai-scheduler,queue-controller-f86fcd76c-js4jc,1.0,13631488
2026-09-17T00:06:50.498493+00:00,kube-system,coredns-8db54c48d-dkq9n,3.0,50331648
2026-09-17T00:06:50.498493+00:00,kube-system,kwok-controller-5cf8c7c44b-gvkjd,118.0,88080384
2026-09-17T00:06:50.498493+00:00,kube-system,local-path-provisioner-5d9d9885bc-qlhkr,1.0,15728640
2026-09-17T00:06:50.498493+00:00,kube-system,metrics-server-75dc6f8d87-fh8ch,49.0,246415360
2026-09-17T00:06:50.498493+00:00,kube-system,svclb-traefik-dacc61bf-xhs49,0.0,0
2026-09-17T00:06:50.498493+00:00,kube-system,traefik-9bcdbbd9-bktmw,8.0,202375168
2026-09-17T00:06:50.498493+00:00,pyroscope,pyroscope-0,5.0,90177536
2026-09-17T00:06:50.498493+00:00,pyroscope,pyroscope-alloy-0,127.0,476053504
2026-09-17T00:07:21.749996+00:00,grove-system,grove-operator-d858d65f9-ck75j,32.0,569376768
2026-09-17T00:07:21.749996+00:00,kai-scheduler,admission-86666f457d-plhlk,1.0,14680064
2026-09-17T00:07:21.749996+00:00,kai-scheduler,kai-operator-69b5d7bcf7-h6bzd,3.0,101711872
2026-09-17T00:07:21.749996+00:00,kai-scheduler,pod-grouper-65456f756-dqrtd,1.0,9437184
2026-09-17T00:07:21.749996+00:00,kai-scheduler,podgroup-controller-68f9cc8dbf-9xq88,1.0,13631488
2026-09-17T00:07:21.749996+00:00,kai-scheduler,queue-controller-f86fcd76c-js4jc,1.0,13631488
2026-09-17T00:07:21.749996+00:00,kube-system,coredns-8db54c48d-dkq9n,3.0,52428800
2026-09-17T00:07:21.749996+00:00,kube-system,kwok-controller-5cf8c7c44b-gvkjd,126.0,88080384
2026-09-17T00:07:21.749996+00:00,kube-system,local-path-provisioner-5d9d9885bc-qlhkr,1.0,15728640
2026-09-17T00:07:21.749996+00:00,kube-system,metrics-server-75dc6f8d87-fh8ch,45.0,244318208
2026-09-17T00:07:21.749996+00:00,kube-system,svclb-traefik-dacc61bf-xhs49,0.0,0
2026-09-17T00:07:21.749996+00:00,kube-system,traefik-9bcdbbd9-bktmw,3.0,201326592
2026-09-17T00:07:21.749996+00:00,pyroscope,pyroscope-0,5.0,93323264
2026-09-17T00:07:21.749996+00:00,pyroscope,pyroscope-alloy-0,116.0,471859200
2026-09-17T00:07:53.001599+00:00,grove-system,grove-operator-d858d65f9-ck75j,34.0,566231040
2026-09-17T00:07:53.001599+00:00,kai-scheduler,admission-86666f457d-plhlk,1.0,14680064
2026-09-17T00:07:53.001599+00:00,kai-scheduler,kai-operator-69b5d7bcf7-h6bzd,5.0,115343360
2026-09-17T00:07:53.001599+00:00,kai-scheduler,pod-grouper-65456f756-dqrtd,1.0,9437184
2026-09-17T00:07:53.001599+00:00,kai-scheduler,podgroup-controller-68f9cc8dbf-9xq88,1.0,13631488
2026-09-17T00:07:53.001599+00:00,kai-scheduler,queue-controller-f86fcd76c-js4jc,1.0,13631488
2026-09-17T00:07:53.001599+00:00,kube-system,coredns-8db54c48d-dkq9n,3.0,51380224
2026-09-17T00:07:53.001599+00:00,kube-system,kwok-controller-5cf8c7c44b-gvkjd,117.0,88080384
2026-09-17T00:07:53.001599+00:00,kube-system,local-path-provisioner-5d9d9885bc-qlhkr,1.0,15728640
2026-09-17T00:07:53.001599+00:00,kube-system,metrics-server-75dc6f8d87-fh8ch,44.0,246415360
2026-09-17T00:07:53.001599+00:00,kube-system,svclb-traefik-dacc61bf-xhs49,0.0,0
2026-09-17T00:07:53.001599+00:00,kube-system,traefik-9bcdbbd9-bktmw,3.0,201326592
2026-09-17T00:07:53.001599+00:00,pyroscope,pyroscope-0,5.0,94371840
2026-09-17T00:07:53.001599+00:00,pyroscope,pyroscope-alloy-0,128.0,471859200
2026-09-17T00:08:24.252269+00:00,grove-system,grove-operator-d858d65f9-ck75j,18.0,568328192
2026-09-17T00:08:24.252269+00:00,kai-scheduler,admission-86666f457d-plhlk,1.0,14680064
2026-09-17T00:08:24.252269+00:00,kai-scheduler,kai-operator-69b5d7bcf7-h6bzd,1.0,115343360
2026-09-17T00:08:24.252269+00:00,kai-scheduler,pod-grouper-65456f756-dqrtd,1.0,9437184
2026-09-17T00:08:24.252269+00:00,kai-scheduler,podgroup-controller-68f9cc8dbf-9xq88,1.0,13631488
2026-09-17T00:08:24.252269+00:00,kai-scheduler,queue-controller-f86fcd76c-js4jc,1.0,13631488
2026-09-17T00:08:24.252269+00:00,kube-system,coredns-8db54c48d-dkq9n,3.0,51380224
2026-09-17T00:08:24.252269+00:00,kube-system,kwok-controller-5cf8c7c44b-gvkjd,117.0,87031808
2026-09-17T00:08:24.252269+00:00,kube-system,local-path-provisioner-5d9d9885bc-qlhkr,1.0,15728640
2026-09-17T00:08:24.252269+00:00,kube-system,metrics-server-75dc6f8d87-fh8ch,42.0,247463936
2026-09-17T00:08:24.252269+00:00,kube-system,svclb-traefik-dacc61bf-xhs49,0.0,0
2026-09-17T00:08:24.252269+00:00,kube-system,traefik-9bcdbbd9-bktmw,7.0,201326592
2026-09-17T00:08:24.252269+00:00,pyroscope,pyroscope-0,6.0,94371840
2026-09-17T00:08:24.252269+00:00,pyroscope,pyroscope-alloy-0,110.0,461373440
2026-09-17T00:08:55.509554+00:00,grove-system,grove-operator-d858d65f9-ck75j,43.0,572522496
2026-09-17T00:08:55.509554+00:00,kai-scheduler,admission-86666f457d-plhlk,1.0,14680064
2026-09-17T00:08:55.509554+00:00,kai-scheduler,kai-operator-69b5d7bcf7-h6bzd,1.0,115343360
2026-09-17T00:08:55.509554+00:00,kai-scheduler,pod-grouper-65456f756-dqrtd,1.0,9437184
2026-09-17T00:08:55.509554+00:00,kai-scheduler,podgroup-controller-68f9cc8dbf-9xq88,1.0,13631488
2026-09-17T00:08:55.509554+00:00,kai-scheduler,queue-controller-f86fcd76c-js4jc,1.0,13631488
2026-09-17T00:08:55.509554+00:00,kube-system,coredns-8db54c48d-dkq9n,3.0,51380224
2026-09-17T00:08:55.509554+00:00,kube-system,kwok-controller-5cf8c7c44b-gvkjd,120.0,87031808
2026-09-17T00:08:55.509554+00:00,kube-system,local-path-provisioner-5d9d9885bc-qlhkr,1.0,15728640
2026-09-17T00:08:55.509554+00:00,kube-system,metrics-server-75dc6f8d87-fh8ch,40.0,246415360
2026-09-17T00:08:55.509554+00:00,kube-system,svclb-traefik-dacc61bf-xhs49,0.0,0
2026-09-17T00:08:55.509554+00:00,kube-system,traefik-9bcdbbd9-bktmw,3.0,202375168
2026-09-17T00:08:55.509554+00:00,pyroscope,pyroscope-0,5.0,94371840
2026-09-17T00:08:55.509554+00:00,pyroscope,pyroscope-alloy-0,100.0,462422016
2026-09-17T00:09:26.754605+00:00,grove-system,grove-operator-d858d65f9-ck75j,50.0,565182464
2026-09-17T00:09:26.754605+00:00,kai-scheduler,admission-86666f457d-plhlk,1.0,14680064
2026-09-17T00:09:26.754605+00:00,kai-scheduler,kai-operator-69b5d7bcf7-h6bzd,3.0,104857600
2026-09-17T00:09:26.754605+00:00,kai-scheduler,pod-grouper-65456f756-dqrtd,1.0,9437184
2026-09-17T00:09:26.754605+00:00,kai-scheduler,podgroup-controller-68f9cc8dbf-9xq88,1.0,13631488
2026-09-17T00:09:26.754605+00:00,kai-scheduler,queue-controller-f86fcd76c-js4jc,1.0,13631488
2026-09-17T00:09:26.754605+00:00,kube-system,coredns-8db54c48d-dkq9n,3.0,51380224
2026-09-17T00:09:26.754605+00:00,kube-system,kwok-controller-5cf8c7c44b-gvkjd,99.0,88080384
2026-09-17T00:09:26.754605+00:00,kube-system,local-path-provisioner-5d9d9885bc-qlhkr,1.0,15728640
2026-09-17T00:09:26.754605+00:00,kube-system,metrics-server-75dc6f8d87-fh8ch,40.0,247463936
2026-09-17T00:09:26.754605+00:00,kube-system,svclb-traefik-dacc61bf-xhs49,0.0,0
2026-09-17T00:09:26.754605+00:00,kube-system,traefik-9bcdbbd9-bktmw,3.0,201326592
2026-09-17T00:09:26.754605+00:00,pyroscope,pyroscope-0,6.0,94371840
2026-09-17T00:09:26.754605+00:00,pyroscope,pyroscope-alloy-0,79.0,458227712
2026-09-17T00:09:58.002341+00:00,grove-system,grove-operator-d858d65f9-ck75j,32.0,567279616
2026-09-17T00:09:58.002341+00:00,kai-scheduler,admission-86666f457d-plhlk,1.0,14680064
2026-09-17T00:09:58.002341+00:00,kai-scheduler,kai-operator-69b5d7bcf7-h6bzd,1.0,104857600
2026-09-17T00:09:58.002341+00:00,kai-scheduler,pod-grouper-65456f756-dqrtd,1.0,9437184
2026-09-17T00:09:58.002341+00:00,kai-scheduler,podgroup-controller-68f9cc8dbf-9xq88,1.0,13631488
2026-09-17T00:09:58.002341+00:00,kai-scheduler,queue-controller-f86fcd76c-js4jc,1.0,13631488
2026-09-17T00:09:58.002341+00:00,kube-system,coredns-8db54c48d-dkq9n,5.0,51380224
2026-09-17T00:09:58.002341+00:00,kube-system,kwok-controller-5cf8c7c44b-gvkjd,125.0,87031808
2026-09-17T00:09:58.002341+00:00,kube-system,local-path-provisioner-5d9d9885bc-qlhkr,1.0,15728640
2026-09-17T00:09:58.002341+00:00,kube-system,metrics-server-75dc6f8d87-fh8ch,40.0,245366784
2026-09-17T00:09:58.002341+00:00,kube-system,svclb-traefik-dacc61bf-xhs49,0.0,0
2026-09-17T00:09:58.002341+00:00,kube-system,traefik-9bcdbbd9-bktmw,3.0,202375168
2026-09-17T00:09:58.002341+00:00,pyroscope,pyroscope-0,5.0,94371840
2026-09-17T00:09:58.002341+00:00,pyroscope,pyroscope-alloy-0,110.0,463470592
2026-09-17T00:10:29.248267+00:00,grove-system,grove-operator-d858d65f9-ck75j,52.0,567279616
2026-09-17T00:10:29.248267+00:00,kai-scheduler,admission-86666f457d-plhlk,1.0,14680064
2026-09-17T00:10:29.248267+00:00,kai-scheduler,kai-operator-69b5d7bcf7-h6bzd,1.0,104857600
2026-09-17T00:10:29.248267+00:00,kai-scheduler,pod-grouper-65456f756-dqrtd,1.0,9437184
2026-09-17T00:10:29.248267+00:00,kai-scheduler,podgroup-controller-68f9cc8dbf-9xq88,1.0,13631488
2026-09-17T00:10:29.248267+00:00,kai-scheduler,queue-controller-f86fcd76c-js4jc,1.0,13631488
2026-09-17T00:10:29.248267+00:00,kube-system,coredns-8db54c48d-dkq9n,3.0,51380224
2026-09-17T00:10:29.248267+00:00,kube-system,kwok-controller-5cf8c7c44b-gvkjd,107.0,88080384
2026-09-17T00:10:29.248267+00:00,kube-system,local-path-provisioner-5d9d9885bc-qlhkr,1.0,15728640
2026-09-17T00:10:29.248267+00:00,kube-system,metrics-server-75dc6f8d87-fh8ch,55.0,247463936
2026-09-17T00:10:29.248267+00:00,kube-system,svclb-traefik-dacc61bf-xhs49,0.0,0
2026-09-17T00:10:29.248267+00:00,kube-system,traefik-9bcdbbd9-bktmw,8.0,201326592
2026-09-17T00:10:29.248267+00:00,pyroscope,pyroscope-0,10.0,256901120
2026-09-17T00:10:29.248267+00:00,pyroscope,pyroscope-alloy-0,87.0,454033408
2026-09-17T00:11:00.495485+00:00,grove-system,grove-operator-d858d65f9-ck75j,20.0,570425344
2026-09-17T00:11:00.495485+00:00,kai-scheduler,admission-86666f457d-plhlk,1.0,14680064
2026-09-17T00:11:00.495485+00:00,kai-scheduler,kai-operator-69b5d7bcf7-h6bzd,1.0,104857600
2026-09-17T00:11:00.495485+00:00,kai-scheduler,pod-grouper-65456f756-dqrtd,1.0,9437184
2026-09-17T00:11:00.495485+00:00,kai-scheduler,podgroup-controller-68f9cc8dbf-9xq88,1.0,13631488
2026-09-17T00:11:00.495485+00:00,kai-scheduler,queue-controller-f86fcd76c-js4jc,1.0,13631488
2026-09-17T00:11:00.495485+00:00,kube-system,coredns-8db54c48d-dkq9n,3.0,52428800
2026-09-17T00:11:00.495485+00:00,kube-system,kwok-controller-5cf8c7c44b-gvkjd,107.0,88080384
2026-09-17T00:11:00.495485+00:00,kube-system,local-path-provisioner-5d9d9885bc-qlhkr,1.0,15728640
2026-09-17T00:11:00.495485+00:00,kube-system,metrics-server-75dc6f8d87-fh8ch,40.0,244318208
2026-09-17T00:11:00.495485+00:00,kube-system,svclb-traefik-dacc61bf-xhs49,0.0,0
2026-09-17T00:11:00.495485+00:00,kube-system,traefik-9bcdbbd9-bktmw,3.0,201326592
2026-09-17T00:11:00.495485+00:00,pyroscope,pyroscope-0,5.0,262144000
2026-09-17T00:11:00.495485+00:00,pyroscope,pyroscope-alloy-0,76.0,459276288
2026-09-17T00:11:31.742458+00:00,grove-system,grove-operator-d858d65f9-ck75j,63.0,569376768
2026-09-17T00:11:31.742458+00:00,kai-scheduler,admission-86666f457d-plhlk,1.0,14680064
2026-09-17T00:11:31.742458+00:00,kai-scheduler,kai-operator-69b5d7bcf7-h6bzd,4.0,101711872
2026-09-17T00:11:31.742458+00:00,kai-scheduler,pod-grouper-65456f756-dqrtd,1.0,9437184
2026-09-17T00:11:31.742458+00:00,kai-scheduler,podgroup-controller-68f9cc8dbf-9xq88,1.0,13631488
2026-09-17T00:11:31.742458+00:00,kai-scheduler,queue-controller-f86fcd76c-js4jc,1.0,13631488
2026-09-17T00:11:31.742458+00:00,kube-system,coredns-8db54c48d-dkq9n,3.0,51380224
2026-09-17T00:11:31.742458+00:00,kube-system,kwok-controller-5cf8c7c44b-gvkjd,98.0,85983232
2026-09-17T00:11:31.742458+00:00,kube-system,local-path-provisioner-5d9d9885bc-qlhkr,1.0,15728640
2026-09-17T00:11:31.742458+00:00,kube-system,metrics-server-75dc6f8d87-fh8ch,40.0,244318208
2026-09-17T00:11:31.742458+00:00,kube-system,svclb-traefik-dacc61bf-xhs49,0.0,0
2026-09-17T00:11:31.742458+00:00,kube-system,traefik-9bcdbbd9-bktmw,3.0,201326592
2026-09-17T00:11:31.742458+00:00,pyroscope,pyroscope-0,11.0,347078656
2026-09-17T00:11:31.742458+00:00,pyroscope,pyroscope-alloy-0,94.0,442499072
2026-09-17T00:12:02.986970+00:00,grove-system,grove-operator-d858d65f9-ck75j,96.0,572522496
2026-09-17T00:12:02.986970+00:00,kai-scheduler,admission-86666f457d-plhlk,1.0,14680064
2026-09-17T00:12:02.986970+00:00,kai-scheduler,kai-operator-69b5d7bcf7-h6bzd,3.0,101711872
2026-09-17T00:12:02.986970+00:00,kai-scheduler,pod-grouper-65456f756-dqrtd,1.0,9437184
2026-09-17T00:12:02.986970+00:00,kai-scheduler,podgroup-controller-68f9cc8dbf-9xq88,1.0,13631488
2026-09-17T00:12:02.986970+00:00,kai-scheduler,queue-controller-f86fcd76c-js4jc,1.0,13631488
2026-09-17T00:12:02.986970+00:00,kube-system,coredns-8db54c48d-dkq9n,5.0,52428800
2026-09-17T00:12:02.986970+00:00,kube-system,kwok-controller-5cf8c7c44b-gvkjd,77.0,88080384
2026-09-17T00:12:02.986970+00:00,kube-system,local-path-provisioner-5d9d9885bc-qlhkr,1.0,15728640
2026-09-17T00:12:02.986970+00:00,kube-system,metrics-server-75dc6f8d87-fh8ch,31.0,244318208
2026-09-17T00:12:02.986970+00:00,kube-system,svclb-traefik-dacc61bf-xhs49,0.0,0
2026-09-17T00:12:02.986970+00:00,kube-system,traefik-9bcdbbd9-bktmw,3.0,202375168
2026-09-17T00:12:02.986970+00:00,pyroscope,pyroscope-0,5.0,361758720
2026-09-17T00:12:02.986970+00:00,pyroscope,pyroscope-alloy-0,5.0,454033408
2026-09-17T00:12:34.232689+00:00,grove-system,grove-operator-d858d65f9-ck75j,90.0,565182464
2026-09-17T00:12:34.232689+00:00,kai-scheduler,admission-86666f457d-plhlk,1.0,14680064
2026-09-17T00:12:34.232689+00:00,kai-scheduler,binder-869fc94c7-lb9sm,101.0,159383552
2026-09-17T00:12:34.232689+00:00,kai-scheduler,kai-operator-69b5d7bcf7-h6bzd,5.0,102760448
2026-09-17T00:12:34.232689+00:00,kai-scheduler,pod-grouper-65456f756-dqrtd,1.0,9437184
2026-09-17T00:12:34.232689+00:00,kai-scheduler,podgroup-controller-68f9cc8dbf-9xq88,1.0,13631488
2026-09-17T00:12:34.232689+00:00,kai-scheduler,queue-controller-f86fcd76c-js4jc,1.0,13631488
2026-09-17T00:12:34.232689+00:00,kube-system,coredns-8db54c48d-dkq9n,3.0,53477376
2026-09-17T00:12:34.232689+00:00,kube-system,kwok-controller-5cf8c7c44b-gvkjd,82.0,87031808
2026-09-17T00:12:34.232689+00:00,kube-system,local-path-provisioner-5d9d9885bc-qlhkr,1.0,15728640
2026-09-17T00:12:34.232689+00:00,kube-system,metrics-server-75dc6f8d87-fh8ch,26.0,244318208
2026-09-17T00:12:34.232689+00:00,kube-system,svclb-traefik-dacc61bf-xhs49,0.0,0
2026-09-17T00:12:34.232689+00:00,kube-system,traefik-9bcdbbd9-bktmw,3.0,201326592
2026-09-17T00:12:34.232689+00:00,pyroscope,pyroscope-0,5.0,374341632
2026-09-17T00:12:34.232689+00:00,pyroscope,pyroscope-alloy-0,5.0,462422016
2026-09-17T00:13:05.502719+00:00,grove-system,grove-operator-d858d65f9-ck75j,99.0,566231040
2026-09-17T00:13:05.502719+00:00,kai-scheduler,admission-86666f457d-plhlk,1.0,14680064
2026-09-17T00:13:05.502719+00:00,kai-scheduler,kai-operator-69b5d7bcf7-h6bzd,3.0,115343360
2026-09-17T00:13:05.502719+00:00,kai-scheduler,kai-scheduler-default-85b5b8dff6-8q68j,77.0,357564416
2026-09-17T00:13:05.502719+00:00,kai-scheduler,pod-grouper-65456f756-dqrtd,1.0,9437184
2026-09-17T00:13:05.502719+00:00,kai-scheduler,podgroup-controller-68f9cc8dbf-9xq88,1.0,13631488
2026-09-17T00:13:05.502719+00:00,kai-scheduler,queue-controller-f86fcd76c-js4jc,1.0,13631488
2026-09-17T00:13:05.502719+00:00,kube-system,coredns-8db54c48d-dkq9n,3.0,51380224
2026-09-17T00:13:05.502719+00:00,kube-system,kwok-controller-5cf8c7c44b-gvkjd,340.0,88080384
2026-09-17T00:13:05.502719+00:00,kube-system,local-path-provisioner-5d9d9885bc-qlhkr,1.0,15728640
2026-09-17T00:13:05.502719+00:00,kube-system,metrics-server-75dc6f8d87-fh8ch,40.0,245366784
2026-09-17T00:13:05.502719+00:00,kube-system,svclb-traefik-dacc61bf-xhs49,0.0,0
2026-09-17T00:13:05.502719+00:00,kube-system,traefik-9bcdbbd9-bktmw,3.0,203423744
2026-09-17T00:13:05.502719+00:00,pyroscope,pyroscope-0,5.0,375390208
2026-09-17T00:13:05.502719+00:00,pyroscope,pyroscope-alloy-0,22.0,472907776
2026-09-17T00:13:36.750273+00:00,grove-system,grove-operator-d858d65f9-ck75j,104.0,569376768
2026-09-17T00:13:36.750273+00:00,kai-scheduler,admission-86666f457d-plhlk,1.0,14680064
2026-09-17T00:13:36.750273+00:00,kai-scheduler,kai-operator-69b5d7bcf7-h6bzd,3.0,114294784
2026-09-17T00:13:36.750273+00:00,kai-scheduler,kai-scheduler-default-85b5b8dff6-8q68j,77.0,325058560
2026-09-17T00:13:36.750273+00:00,kai-scheduler,pod-grouper-65456f756-dqrtd,1.0,9437184
2026-09-17T00:13:36.750273+00:00,kai-scheduler,podgroup-controller-68f9cc8dbf-9xq88,1.0,13631488
2026-09-17T00:13:36.750273+00:00,kai-scheduler,queue-controller-f86fcd76c-js4jc,1.0,13631488
2026-09-17T00:13:36.750273+00:00,kube-system,coredns-8db54c48d-dkq9n,3.0,52428800
2026-09-17T00:13:36.750273+00:00,kube-system,kwok-controller-5cf8c7c44b-gvkjd,69.0,88080384
2026-09-17T00:13:36.750273+00:00,kube-system,local-path-provisioner-5d9d9885bc-qlhkr,1.0,15728640
2026-09-17T00:13:36.750273+00:00,kube-system,metrics-server-75dc6f8d87-fh8ch,30.0,246415360
2026-09-17T00:13:36.750273+00:00,kube-system,svclb-traefik-dacc61bf-xhs49,0.0,0
2026-09-17T00:13:36.750273+00:00,kube-system,traefik-9bcdbbd9-bktmw,3.0,202375168
2026-09-17T00:13:36.750273+00:00,pyroscope,pyroscope-0,6.0,188743680
2026-09-17T00:13:36.750273+00:00,pyroscope,pyroscope-alloy-0,6.0,478150656
2026-09-17T00:14:08.001168+00:00,grove-system,grove-operator-d858d65f9-ck75j,73.0,565182464
2026-09-17T00:14:08.001168+00:00,kai-scheduler,admission-86666f457d-plhlk,1.0,14680064
2026-09-17T00:14:08.001168+00:00,kai-scheduler,kai-operator-69b5d7bcf7-h6bzd,3.0,114294784
2026-09-17T00:14:08.001168+00:00,kai-scheduler,kai-scheduler-default-85b5b8dff6-8q68j,75.0,373293056
2026-09-17T00:14:08.001168+00:00,kai-scheduler,pod-grouper-65456f756-dqrtd,1.0,9437184
2026-09-17T00:14:08.001168+00:00,kai-scheduler,podgroup-controller-68f9cc8dbf-9xq88,1.0,13631488
2026-09-17T00:14:08.001168+00:00,kai-scheduler,queue-controller-f86fcd76c-js4jc,1.0,13631488
2026-09-17T00:14:08.001168+00:00,kube-system,coredns-8db54c48d-dkq9n,4.0,52428800
2026-09-17T00:14:08.001168+00:00,kube-system,kwok-controller-5cf8c7c44b-gvkjd,77.0,88080384
2026-09-17T00:14:08.001168+00:00,kube-system,local-path-provisioner-5d9d9885bc-qlhkr,1.0,15728640
2026-09-17T00:14:08.001168+00:00,kube-system,metrics-server-75dc6f8d87-fh8ch,31.0,245366784
2026-09-17T00:14:08.001168+00:00,kube-system,svclb-traefik-dacc61bf-xhs49,0.0,0
2026-09-17T00:14:08.001168+00:00,kube-system,traefik-9bcdbbd9-bktmw,3.0,202375168
2026-09-17T00:14:08.001168+00:00,pyroscope,pyroscope-0,5.0,191889408
2026-09-17T00:14:08.001168+00:00,pyroscope,pyroscope-alloy-0,19.0,435159040
2026-09-17T00:14:39.249705+00:00,grove-system,grove-operator-d858d65f9-ck75j,55.0,570425344
2026-09-17T00:14:39.249705+00:00,kai-scheduler,admission-86666f457d-plhlk,1.0,14680064
2026-09-17T00:14:39.249705+00:00,kai-scheduler,kai-operator-69b5d7bcf7-h6bzd,4.0,101711872
2026-09-17T00:14:39.249705+00:00,kai-scheduler,kai-scheduler-default-85b5b8dff6-8q68j,78.0,330301440
2026-09-17T00:14:39.249705+00:00,kai-scheduler,pod-grouper-65456f756-dqrtd,1.0,9437184
2026-09-17T00:14:39.249705+00:00,kai-scheduler,podgroup-controller-68f9cc8dbf-9xq88,1.0,13631488
2026-09-17T00:14:39.249705+00:00,kai-scheduler,queue-controller-f86fcd76c-js4jc,1.0,13631488
2026-09-17T00:14:39.249705+00:00,kube-system,coredns-8db54c48d-dkq9n,3.0,52428800
2026-09-17T00:14:39.249705+00:00,kube-system,kwok-controller-5cf8c7c44b-gvkjd,80.0,87031808
2026-09-17T00:14:39.249705+00:00,kube-system,local-path-provisioner-5d9d9885bc-qlhkr,1.0,15728640
2026-09-17T00:14:39.249705+00:00,kube-system,metrics-server-75dc6f8d87-fh8ch,27.0,244318208
2026-09-17T00:14:39.249705+00:00,kube-system,svclb-traefik-dacc61bf-xhs49,0.0,0
2026-09-17T00:14:39.249705+00:00,kube-system,traefik-9bcdbbd9-bktmw,3.0,201326592
2026-09-17T00:14:39.249705+00:00,pyroscope,pyroscope-0,5.0,183500800
2026-09-17T00:14:39.249705+00:00,pyroscope,pyroscope-alloy-0,5.0,447741952
2026-09-17T00:15:10.505822+00:00,grove-system,grove-operator-d858d65f9-ck75j,36.0,577765376
2026-09-17T00:15:10.505822+00:00,kai-scheduler,admission-86666f457d-plhlk,1.0,14680064
2026-09-17T00:15:10.505822+00:00,kai-scheduler,kai-operator-69b5d7bcf7-h6bzd,3.0,101711872
2026-09-17T00:15:10.505822+00:00,kai-scheduler,kai-scheduler-default-85b5b8dff6-8q68j,74.0,380633088
2026-09-17T00:15:10.505822+00:00,kai-scheduler,pod-grouper-65456f756-dqrtd,1.0,9437184
2026-09-17T00:15:10.505822+00:00,kai-scheduler,podgroup-controller-68f9cc8dbf-9xq88,1.0,13631488
2026-09-17T00:15:10.505822+00:00,kai-scheduler,queue-controller-f86fcd76c-js4jc,1.0,13631488
2026-09-17T00:15:10.505822+00:00,kube-system,coredns-8db54c48d-dkq9n,3.0,52428800
2026-09-17T00:15:10.505822+00:00,kube-system,kwok-controller-5cf8c7c44b-gvkjd,84.0,85983232
2026-09-17T00:15:10.505822+00:00,kube-system,local-path-provisioner-5d9d9885bc-qlhkr,1.0,15728640
2026-09-17T00:15:10.505822+00:00,kube-system,metrics-server-75dc6f8d87-fh8ch,33.0,244318208
2026-09-17T00:15:10.505822+00:00,kube-system,svclb-traefik-dacc61bf-xhs49,0.0,0
2026-09-17T00:15:10.505822+00:00,kube-system,traefik-9bcdbbd9-bktmw,3.0,202375168
2026-09-17T00:15:10.505822+00:00,pyroscope,pyroscope-0,5.0,184549376
2026-09-17T00:15:10.505822+00:00,pyroscope,pyroscope-alloy-0,21.0,460324864
2026-09-17T00:15:41.755226+00:00,grove-system,grove-operator-d858d65f9-ck75j,34.0,568328192
2026-09-17T00:15:41.755226+00:00,kai-scheduler,admission-86666f457d-plhlk,1.0,14680064
2026-09-17T00:15:41.755226+00:00,kai-scheduler,kai-operator-69b5d7bcf7-h6bzd,3.0,101711872
2026-09-17T00:15:41.755226+00:00,kai-scheduler,kai-scheduler-default-85b5b8dff6-8q68j,75.0,355467264
2026-09-17T00:15:41.755226+00:00,kai-scheduler,pod-grouper-65456f756-dqrtd,1.0,9437184
2026-09-17T00:15:41.755226+00:00,kai-scheduler,podgroup-controller-68f9cc8dbf-9xq88,1.0,13631488
2026-09-17T00:15:41.755226+00:00,kai-scheduler,queue-controller-f86fcd76c-js4jc,1.0,13631488
2026-09-17T00:15:41.755226+00:00,kube-system,coredns-8db54c48d-dkq9n,3.0,52428800
2026-09-17T00:15:41.755226+00:00,kube-system,kwok-controller-5cf8c7c44b-gvkjd,76.0,84934656
2026-09-17T00:15:41.755226+00:00,kube-system,local-path-provisioner-5d9d9885bc-qlhkr,1.0,15728640
2026-09-17T00:15:41.755226+00:00,kube-system,metrics-server-75dc6f8d87-fh8ch,30.0,245366784
2026-09-17T00:15:41.755226+00:00,kube-system,svclb-traefik-dacc61bf-xhs49,0.0,0
2026-09-17T00:15:41.755226+00:00,kube-system,traefik-9bcdbbd9-bktmw,4.0,202375168
2026-09-17T00:15:41.755226+00:00,pyroscope,pyroscope-0,6.0,183500800
2026-09-17T00:15:41.755226+00:00,pyroscope,pyroscope-alloy-0,6.0,461373440
2026-09-17T00:16:13.004816+00:00,grove-system,grove-operator-d858d65f9-ck75j,48.0,571473920
2026-09-17T00:16:13.004816+00:00,kai-scheduler,admission-86666f457d-plhlk,1.0,14680064
2026-09-17T00:16:13.004816+00:00,kai-scheduler,kai-operator-69b5d7bcf7-h6bzd,3.0,100663296
2026-09-17T00:16:13.004816+00:00,kai-scheduler,kai-scheduler-default-85b5b8dff6-8q68j,75.0,331350016
2026-09-17T00:16:13.004816+00:00,kai-scheduler,pod-grouper-65456f756-dqrtd,1.0,9437184
2026-09-17T00:16:13.004816+00:00,kai-scheduler,podgroup-controller-68f9cc8dbf-9xq88,1.0,13631488
2026-09-17T00:16:13.004816+00:00,kai-scheduler,queue-controller-f86fcd76c-js4jc,1.0,13631488
2026-09-17T00:16:13.004816+00:00,kube-system,coredns-8db54c48d-dkq9n,4.0,51380224
2026-09-17T00:16:13.004816+00:00,kube-system,kwok-controller-5cf8c7c44b-gvkjd,74.0,85983232
2026-09-17T00:16:13.004816+00:00,kube-system,local-path-provisioner-5d9d9885bc-qlhkr,1.0,15728640
2026-09-17T00:16:13.004816+00:00,kube-system,metrics-server-75dc6f8d87-fh8ch,30.0,245366784
2026-09-17T00:16:13.004816+00:00,kube-system,svclb-traefik-dacc61bf-xhs49,0.0,0
2026-09-17T00:16:13.004816+00:00,kube-system,traefik-9bcdbbd9-bktmw,3.0,201326592
2026-09-17T00:16:13.004816+00:00,pyroscope,pyroscope-0,4.0,184549376
2026-09-17T00:16:13.004816+00:00,pyroscope,pyroscope-alloy-0,5.0,463470592
2026-09-17T00:16:44.251430+00:00,grove-system,grove-operator-d858d65f9-ck75j,41.0,571473920
2026-09-17T00:16:44.251430+00:00,kai-scheduler,admission-86666f457d-plhlk,1.0,14680064
2026-09-17T00:16:44.251430+00:00,kai-scheduler,kai-operator-69b5d7bcf7-h6bzd,3.0,101711872
2026-09-17T00:16:44.251430+00:00,kai-scheduler,kai-scheduler-default-85b5b8dff6-8q68j,76.0,377487360
2026-09-17T00:16:44.251430+00:00,kai-scheduler,pod-grouper-65456f756-dqrtd,1.0,9437184
2026-09-17T00:16:44.251430+00:00,kai-scheduler,podgroup-controller-68f9cc8dbf-9xq88,1.0,13631488
2026-09-17T00:16:44.251430+00:00,kai-scheduler,queue-controller-f86fcd76c-js4jc,1.0,13631488
2026-09-17T00:16:44.251430+00:00,kube-system,coredns-8db54c48d-dkq9n,3.0,52428800
2026-09-17T00:16:44.251430+00:00,kube-system,kwok-controller-5cf8c7c44b-gvkjd,87.0,85983232
2026-09-17T00:16:44.251430+00:00,kube-system,local-path-provisioner-5d9d9885bc-qlhkr,1.0,15728640
2026-09-17T00:16:44.251430+00:00,kube-system,metrics-server-75dc6f8d87-fh8ch,28.0,245366784
2026-09-17T00:16:44.251430+00:00,kube-system,svclb-traefik-dacc61bf-xhs49,0.0,0
2026-09-17T00:16:44.251430+00:00,kube-system,traefik-9bcdbbd9-bktmw,6.0,202375168
2026-09-17T00:16:44.251430+00:00,pyroscope,pyroscope-0,6.0,184549376
2026-09-17T00:16:44.251430+00:00,pyroscope,pyroscope-alloy-0,28.0,450887680
2026-09-17T00:17:15.501354+00:00,grove-system,grove-operator-d858d65f9-ck75j,29.0,574619648
2026-09-17T00:17:15.501354+00:00,kai-scheduler,admission-86666f457d-plhlk,1.0,14680064
2026-09-17T00:17:15.501354+00:00,kai-scheduler,kai-operator-69b5d7bcf7-h6bzd,3.0,101711872
2026-09-17T00:17:15.501354+00:00,kai-scheduler,kai-scheduler-default-85b5b8dff6-8q68j,75.0,374341632
2026-09-17T00:17:15.501354+00:00,kai-scheduler,pod-grouper-65456f756-dqrtd,1.0,9437184
2026-09-17T00:17:15.501354+00:00,kai-scheduler,podgroup-controller-68f9cc8dbf-9xq88,1.0,13631488
2026-09-17T00:17:15.501354+00:00,kai-scheduler,queue-controller-f86fcd76c-js4jc,1.0,13631488
2026-09-17T00:17:15.501354+00:00,kube-system,coredns-8db54c48d-dkq9n,3.0,52428800
2026-09-17T00:17:15.501354+00:00,kube-system,kwok-controller-5cf8c7c44b-gvkjd,74.0,87031808
2026-09-17T00:17:15.501354+00:00,kube-system,local-path-provisioner-5d9d9885bc-qlhkr,1.0,15728640
2026-09-17T00:17:15.501354+00:00,kube-system,metrics-server-75dc6f8d87-fh8ch,28.0,249561088
2026-09-17T00:17:15.501354+00:00,kube-system,svclb-traefik-dacc61bf-xhs49,0.0,0
2026-09-17T00:17:15.501354+00:00,kube-system,traefik-9bcdbbd9-bktmw,3.0,202375168
2026-09-17T00:17:15.501354+00:00,pyroscope,pyroscope-0,4.0,185597952
2026-09-17T00:17:15.501354+00:00,pyroscope,pyroscope-alloy-0,36.0,450887680
2026-09-17T00:17:46.752220+00:00,grove-system,grove-operator-d858d65f9-ck75j,37.0,568328192
2026-09-17T00:17:46.752220+00:00,kai-scheduler,admission-86666f457d-plhlk,1.0,14680064
2026-09-17T00:17:46.752220+00:00,kai-scheduler,kai-operator-69b5d7bcf7-h6bzd,3.0,101711872
2026-09-17T00:17:46.752220+00:00,kai-scheduler,kai-scheduler-default-85b5b8dff6-8q68j,75.0,350224384
2026-09-17T00:17:46.752220+00:00,kai-scheduler,pod-grouper-65456f756-dqrtd,1.0,9437184
2026-09-17T00:17:46.752220+00:00,kai-scheduler,podgroup-controller-68f9cc8dbf-9xq88,1.0,13631488
2026-09-17T00:17:46.752220+00:00,kai-scheduler,queue-controller-f86fcd76c-js4jc,1.0,13631488
2026-09-17T00:17:46.752220+00:00,kube-system,coredns-8db54c48d-dkq9n,3.0,52428800
2026-09-17T00:17:46.752220+00:00,kube-system,kwok-controller-5cf8c7c44b-gvkjd,69.0,85983232
2026-09-17T00:17:46.752220+00:00,kube-system,local-path-provisioner-5d9d9885bc-qlhkr,1.0,15728640
2026-09-17T00:17:46.752220+00:00,kube-system,metrics-server-75dc6f8d87-fh8ch,27.0,250609664
2026-09-17T00:17:46.752220+00:00,kube-system,svclb-traefik-dacc61bf-xhs49,0.0,0
2026-09-17T00:17:46.752220+00:00,kube-system,traefik-9bcdbbd9-bktmw,3.0,202375168
2026-09-17T00:17:46.752220+00:00,pyroscope,pyroscope-0,6.0,185597952
2026-09-17T00:17:46.752220+00:00,pyroscope,pyroscope-alloy-0,16.0,451936256
2026-09-17T00:18:18.002513+00:00,grove-system,grove-operator-d858d65f9-ck75j,52.0,568328192
2026-09-17T00:18:18.002513+00:00,kai-scheduler,admission-86666f457d-plhlk,1.0,14680064
2026-09-17T00:18:18.002513+00:00,kai-scheduler,kai-operator-69b5d7bcf7-h6bzd,5.0,106954752
2026-09-17T00:18:18.002513+00:00,kai-scheduler,kai-scheduler-default-85b5b8dff6-8q68j,77.0,382730240
2026-09-17T00:18:18.002513+00:00,kai-scheduler,pod-grouper-65456f756-dqrtd,1.0,9437184
2026-09-17T00:18:18.002513+00:00,kai-scheduler,podgroup-controller-68f9cc8dbf-9xq88,1.0,13631488
2026-09-17T00:18:18.002513+00:00,kai-scheduler,queue-controller-f86fcd76c-js4jc,1.0,13631488
2026-09-17T00:18:18.002513+00:00,kube-system,coredns-8db54c48d-dkq9n,3.0,51380224
2026-09-17T00:18:18.002513+00:00,kube-system,kwok-controller-5cf8c7c44b-gvkjd,80.0,87031808
2026-09-17T00:18:18.002513+00:00,kube-system,local-path-provisioner-5d9d9885bc-qlhkr,1.0,15728640
2026-09-17T00:18:18.002513+00:00,kube-system,metrics-server-75dc6f8d87-fh8ch,30.0,250609664
2026-09-17T00:18:18.002513+00:00,kube-system,svclb-traefik-dacc61bf-xhs49,0.0,0
2026-09-17T00:18:18.002513+00:00,kube-system,traefik-9bcdbbd9-bktmw,3.0,202375168
2026-09-17T00:18:18.002513+00:00,pyroscope,pyroscope-0,6.0,185597952
2026-09-17T00:18:18.002513+00:00,pyroscope,pyroscope-alloy-0,32.0,427819008
2026-09-17T00:18:49.246717+00:00,grove-system,grove-operator-d858d65f9-ck75j,53.0,565182464
2026-09-17T00:18:49.246717+00:00,kai-scheduler,admission-86666f457d-plhlk,1.0,14680064
2026-09-17T00:18:49.246717+00:00,kai-scheduler,kai-operator-69b5d7bcf7-h6bzd,3.0,106954752
2026-09-17T00:18:49.246717+00:00,kai-scheduler,kai-scheduler-default-85b5b8dff6-8q68j,74.0,398458880
2026-09-17T00:18:49.246717+00:00,kai-scheduler,pod-grouper-65456f756-dqrtd,1.0,9437184
2026-09-17T00:18:49.246717+00:00,kai-scheduler,podgroup-controller-68f9cc8dbf-9xq88,1.0,13631488
2026-09-17T00:18:49.246717+00:00,kai-scheduler,queue-controller-f86fcd76c-js4jc,1.0,13631488
2026-09-17T00:18:49.246717+00:00,kube-system,coredns-8db54c48d-dkq9n,3.0,52428800
2026-09-17T00:18:49.246717+00:00,kube-system,kwok-controller-5cf8c7c44b-gvkjd,66.0,87031808
2026-09-17T00:18:49.246717+00:00,kube-system,local-path-provisioner-5d9d9885bc-qlhkr,1.0,15728640
2026-09-17T00:18:49.246717+00:00,kube-system,metrics-server-75dc6f8d87-fh8ch,30.0,250609664
2026-09-17T00:18:49.246717+00:00,kube-system,svclb-traefik-dacc61bf-xhs49,0.0,0
2026-09-17T00:18:49.246717+00:00,kube-system,traefik-9bcdbbd9-bktmw,3.0,202375168
2026-09-17T00:18:49.246717+00:00,pyroscope,pyroscope-0,5.0,185597952
2026-09-17T00:18:49.246717+00:00,pyroscope,pyroscope-alloy-0,30.0,429916160
2026-09-17T00:19:20.491835+00:00,grove-system,grove-operator-d858d65f9-ck75j,40.0,568328192
2026-09-17T00:19:20.491835+00:00,kai-scheduler,admission-86666f457d-plhlk,1.0,14680064
2026-09-17T00:19:20.491835+00:00,kai-scheduler,kai-operator-69b5d7bcf7-h6bzd,3.0,108003328
2026-09-17T00:19:20.491835+00:00,kai-scheduler,kai-scheduler-default-85b5b8dff6-8q68j,80.0,348127232
2026-09-17T00:19:20.491835+00:00,kai-scheduler,pod-grouper-65456f756-dqrtd,1.0,9437184
2026-09-17T00:19:20.491835+00:00,kai-scheduler,podgroup-controller-68f9cc8dbf-9xq88,1.0,13631488
2026-09-17T00:19:20.491835+00:00,kai-scheduler,queue-controller-f86fcd76c-js4jc,1.0,13631488
2026-09-17T00:19:20.491835+00:00,kube-system,coredns-8db54c48d-dkq9n,3.0,51380224
2026-09-17T00:19:20.491835+00:00,kube-system,kwok-controller-5cf8c7c44b-gvkjd,83.0,85983232
2026-09-17T00:19:20.491835+00:00,kube-system,local-path-provisioner-5d9d9885bc-qlhkr,1.0,15728640
2026-09-17T00:19:20.491835+00:00,kube-system,metrics-server-75dc6f8d87-fh8ch,25.0,249561088
2026-09-17T00:19:20.491835+00:00,kube-system,svclb-traefik-dacc61bf-xhs49,0.0,0
2026-09-17T00:19:20.491835+00:00,kube-system,traefik-9bcdbbd9-bktmw,3.0,202375168
2026-09-17T00:19:20.491835+00:00,pyroscope,pyroscope-0,5.0,185597952
2026-09-17T00:19:20.491835+00:00,pyroscope,pyroscope-alloy-0,24.0,429916160
2026-09-17T00:19:51.741704+00:00,grove-system,grove-operator-d858d65f9-ck75j,37.0,568328192
2026-09-17T00:19:51.741704+00:00,kai-scheduler,admission-86666f457d-plhlk,1.0,14680064
2026-09-17T00:19:51.741704+00:00,kai-scheduler,kai-operator-69b5d7bcf7-h6bzd,3.0,108003328
2026-09-17T00:19:51.741704+00:00,kai-scheduler,kai-scheduler-default-85b5b8dff6-8q68j,71.0,355467264
2026-09-17T00:19:51.741704+00:00,kai-scheduler,pod-grouper-65456f756-dqrtd,1.0,9437184
2026-09-17T00:19:51.741704+00:00,kai-scheduler,podgroup-controller-68f9cc8dbf-9xq88,1.0,13631488
2026-09-17T00:19:51.741704+00:00,kai-scheduler,queue-controller-f86fcd76c-js4jc,1.0,13631488
2026-09-17T00:19:51.741704+00:00,kube-system,coredns-8db54c48d-dkq9n,3.0,51380224
2026-09-17T00:19:51.741704+00:00,kube-system,kwok-controller-5cf8c7c44b-gvkjd,262.0,99614720
2026-09-17T00:19:51.741704+00:00,kube-system,local-path-provisioner-5d9d9885bc-qlhkr,1.0,15728640
2026-09-17T00:19:51.741704+00:00,kube-system,metrics-server-75dc6f8d87-fh8ch,28.0,250609664
2026-09-17T00:19:51.741704+00:00,kube-system,svclb-traefik-dacc61bf-xhs49,0.0,0
2026-09-17T00:19:51.741704+00:00,kube-system,traefik-9bcdbbd9-bktmw,3.0,202375168
2026-09-17T00:19:51.741704+00:00,pyroscope,pyroscope-0,5.0,187695104
2026-09-17T00:19:51.741704+00:00,pyroscope,pyroscope-alloy-0,24.0,430964736
2026-09-17T00:20:22.996549+00:00,grove-system,grove-operator-d858d65f9-ck75j,29.0,571473920
2026-09-17T00:20:22.996549+00:00,kai-scheduler,admission-86666f457d-plhlk,1.0,14680064
2026-09-17T00:20:22.996549+00:00,kai-scheduler,kai-operator-69b5d7bcf7-h6bzd,3.0,106954752
2026-09-17T00:20:22.996549+00:00,kai-scheduler,kai-scheduler-default-85b5b8dff6-8q68j,79.0,399507456
2026-09-17T00:20:22.996549+00:00,kai-scheduler,pod-grouper-65456f756-dqrtd,1.0,9437184
2026-09-17T00:20:22.996549+00:00,kai-scheduler,podgroup-controller-68f9cc8dbf-9xq88,1.0,13631488
2026-09-17T00:20:22.996549+00:00,kai-scheduler,queue-controller-f86fcd76c-js4jc,1.0,13631488
2026-09-17T00:20:22.996549+00:00,kube-system,coredns-8db54c48d-dkq9n,4.0,51380224
2026-09-17T00:20:22.996549+00:00,kube-system,kwok-controller-5cf8c7c44b-gvkjd,120.0,87031808
2026-09-17T00:20:22.996549+00:00,kube-system,local-path-provisioner-5d9d9885bc-qlhkr,1.0,15728640
2026-09-17T00:20:22.996549+00:00,kube-system,metrics-server-75dc6f8d87-fh8ch,28.0,250609664
2026-09-17T00:20:22.996549+00:00,kube-system,svclb-traefik-dacc61bf-xhs49,0.0,0
2026-09-17T00:20:22.996549+00:00,kube-system,traefik-9bcdbbd9-bktmw,4.0,202375168
2026-09-17T00:20:22.996549+00:00,pyroscope,pyroscope-0,5.0,181403648
2026-09-17T00:20:22.996549+00:00,pyroscope,pyroscope-alloy-0,5.0,434110464
2026-09-17T00:20:54.241992+00:00,grove-system,grove-operator-d858d65f9-ck75j,20.0,565182464
2026-09-17T00:20:54.241992+00:00,kai-scheduler,admission-86666f457d-plhlk,1.0,14680064
2026-09-17T00:20:54.241992+00:00,kai-scheduler,kai-operator-69b5d7bcf7-h6bzd,3.0,100663296
2026-09-17T00:20:54.241992+00:00,kai-scheduler,kai-scheduler-default-85b5b8dff6-8q68j,84.0,341835776
2026-09-17T00:20:54.241992+00:00,kai-scheduler,pod-grouper-65456f756-dqrtd,1.0,9437184
2026-09-17T00:20:54.241992+00:00,kai-scheduler,podgroup-controller-68f9cc8dbf-9xq88,1.0,13631488
2026-09-17T00:20:54.241992+00:00,kai-scheduler,queue-controller-f86fcd76c-js4jc,1.0,13631488
2026-09-17T00:20:54.241992+00:00,kube-system,coredns-8db54c48d-dkq9n,3.0,51380224
2026-09-17T00:20:54.241992+00:00,kube-system,kwok-controller-5cf8c7c44b-gvkjd,119.0,87031808
2026-09-17T00:20:54.241992+00:00,kube-system,local-path-provisioner-5d9d9885bc-qlhkr,1.0,15728640
2026-09-17T00:20:54.241992+00:00,kube-system,metrics-server-75dc6f8d87-fh8ch,47.0,249561088
2026-09-17T00:20:54.241992+00:00,kube-system,svclb-traefik-dacc61bf-xhs49,0.0,0
2026-09-17T00:20:54.241992+00:00,kube-system,traefik-9bcdbbd9-bktmw,3.0,201326592
2026-09-17T00:20:54.241992+00:00,pyroscope,pyroscope-0,5.0,182452224
2026-09-17T00:20:54.241992+00:00,pyroscope,pyroscope-alloy-0,92.0,404750336
2026-09-17T00:21:25.490665+00:00,grove-system,grove-operator-d858d65f9-ck75j,15.0,557842432
2026-09-17T00:21:25.490665+00:00,kai-scheduler,admission-86666f457d-plhlk,1.0,14680064
2026-09-17T00:21:25.490665+00:00,kai-scheduler,kai-operator-69b5d7bcf7-h6bzd,1.0,100663296
2026-09-17T00:21:25.490665+00:00,kai-scheduler,kai-scheduler-default-85b5b8dff6-8q68j,76.0,343932928
2026-09-17T00:21:25.490665+00:00,kai-scheduler,pod-grouper-65456f756-dqrtd,1.0,9437184
2026-09-17T00:21:25.490665+00:00,kai-scheduler,podgroup-controller-68f9cc8dbf-9xq88,1.0,13631488
2026-09-17T00:21:25.490665+00:00,kai-scheduler,queue-controller-f86fcd76c-js4jc,1.0,13631488
2026-09-17T00:21:25.490665+00:00,kube-system,coredns-8db54c48d-dkq9n,3.0,51380224
2026-09-17T00:21:25.490665+00:00,kube-system,kwok-controller-5cf8c7c44b-gvkjd,121.0,87031808
2026-09-17T00:21:25.490665+00:00,kube-system,local-path-provisioner-5d9d9885bc-qlhkr,1.0,15728640
2026-09-17T00:21:25.490665+00:00,kube-system,metrics-server-75dc6f8d87-fh8ch,44.0,248512512
2026-09-17T00:21:25.490665+00:00,kube-system,svclb-traefik-dacc61bf-xhs49,0.0,0
2026-09-17T00:21:25.490665+00:00,kube-system,traefik-9bcdbbd9-bktmw,4.0,201326592
2026-09-17T00:21:25.490665+00:00,pyroscope,pyroscope-0,6.0,182452224
2026-09-17T00:21:25.490665+00:00,pyroscope,pyroscope-alloy-0,74.0,409993216
2026-09-17T00:21:56.738608+00:00,grove-system,grove-operator-d858d65f9-ck75j,17.0,562036736
2026-09-17T00:21:56.738608+00:00,kai-scheduler,admission-86666f457d-plhlk,1.0,14680064
2026-09-17T00:21:56.738608+00:00,kai-scheduler,kai-operator-69b5d7bcf7-h6bzd,1.0,100663296
2026-09-17T00:21:56.738608+00:00,kai-scheduler,kai-scheduler-default-85b5b8dff6-8q68j,72.0,336592896
2026-09-17T00:21:56.738608+00:00,kai-scheduler,pod-grouper-65456f756-dqrtd,1.0,9437184
2026-09-17T00:21:56.738608+00:00,kai-scheduler,podgroup-controller-68f9cc8dbf-9xq88,1.0,13631488
2026-09-17T00:21:56.738608+00:00,kai-scheduler,queue-controller-f86fcd76c-js4jc,1.0,13631488
2026-09-17T00:21:56.738608+00:00,kube-system,coredns-8db54c48d-dkq9n,3.0,51380224
2026-09-17T00:21:56.738608+00:00,kube-system,kwok-controller-5cf8c7c44b-gvkjd,128.0,84934656
2026-09-17T00:21:56.738608+00:00,kube-system,local-path-provisioner-5d9d9885bc-qlhkr,1.0,15728640
2026-09-17T00:21:56.738608+00:00,kube-system,metrics-server-75dc6f8d87-fh8ch,45.0,244318208
2026-09-17T00:21:56.738608+00:00,kube-system,svclb-traefik-dacc61bf-xhs49,0.0,0
2026-09-17T00:21:56.738608+00:00,kube-system,traefik-9bcdbbd9-bktmw,3.0,202375168
2026-09-17T00:21:56.738608+00:00,pyroscope,pyroscope-0,5.0,182452224
2026-09-17T00:21:56.738608+00:00,pyroscope,pyroscope-alloy-0,66.0,412090368
2026-09-17T00:22:27.990925+00:00,grove-system,grove-operator-d858d65f9-ck75j,18.0,570425344
2026-09-17T00:22:27.990925+00:00,kai-scheduler,admission-86666f457d-plhlk,1.0,14680064
2026-09-17T00:22:27.990925+00:00,kai-scheduler,kai-operator-69b5d7bcf7-h6bzd,1.0,100663296
2026-09-17T00:22:27.990925+00:00,kai-scheduler,kai-scheduler-default-85b5b8dff6-8q68j,77.0,331350016
2026-09-17T00:22:27.990925+00:00,kai-scheduler,pod-grouper-65456f756-dqrtd,1.0,9437184
2026-09-17T00:22:27.990925+00:00,kai-scheduler,podgroup-controller-68f9cc8dbf-9xq88,1.0,13631488
2026-09-17T00:22:27.990925+00:00,kai-scheduler,queue-controller-f86fcd76c-js4jc,1.0,13631488
2026-09-17T00:22:27.990925+00:00,kube-system,coredns-8db54c48d-dkq9n,3.0,51380224
2026-09-17T00:22:27.990925+00:00,kube-system,kwok-controller-5cf8c7c44b-gvkjd,108.0,83886080
2026-09-17T00:22:27.990925+00:00,kube-system,local-path-provisioner-5d9d9885bc-qlhkr,1.0,15728640
2026-09-17T00:22:27.990925+00:00,kube-system,metrics-server-75dc6f8d87-fh8ch,49.0,244318208
2026-09-17T00:22:27.990925+00:00,kube-system,svclb-traefik-dacc61bf-xhs49,0.0,0
2026-09-17T00:22:27.990925+00:00,kube-system,traefik-9bcdbbd9-bktmw,6.0,202375168
2026-09-17T00:22:27.990925+00:00,pyroscope,pyroscope-0,5.0,184549376
2026-09-17T00:22:27.990925+00:00,pyroscope,pyroscope-alloy-0,61.0,402653184
2026-09-17T00:22:59.244949+00:00,grove-system,grove-operator-d858d65f9-ck75j,29.0,560988160
2026-09-17T00:22:59.244949+00:00,kai-scheduler,admission-86666f457d-plhlk,1.0,14680064
2026-09-17T00:22:59.244949+00:00,kai-scheduler,kai-operator-69b5d7bcf7-h6bzd,2.0,100663296
2026-09-17T00:22:59.244949+00:00,kai-scheduler,kai-scheduler-default-85b5b8dff6-8q68j,72.0,364904448
2026-09-17T00:22:59.244949+00:00,kai-scheduler,pod-grouper-65456f756-dqrtd,1.0,9437184
2026-09-17T00:22:59.244949+00:00,kai-scheduler,podgroup-controller-68f9cc8dbf-9xq88,1.0,13631488
2026-09-17T00:22:59.244949+00:00,kai-scheduler,queue-controller-f86fcd76c-js4jc,1.0,13631488
2026-09-17T00:22:59.244949+00:00,kube-system,coredns-8db54c48d-dkq9n,3.0,51380224
2026-09-17T00:22:59.244949+00:00,kube-system,kwok-controller-5cf8c7c44b-gvkjd,122.0,87031808
2026-09-17T00:22:59.244949+00:00,kube-system,local-path-provisioner-5d9d9885bc-qlhkr,1.0,15728640
2026-09-17T00:22:59.244949+00:00,kube-system,metrics-server-75dc6f8d87-fh8ch,40.0,245366784
2026-09-17T00:22:59.244949+00:00,kube-system,svclb-traefik-dacc61bf-xhs49,0.0,0
2026-09-17T00:22:59.244949+00:00,kube-system,traefik-9bcdbbd9-bktmw,3.0,203423744
2026-09-17T00:22:59.244949+00:00,pyroscope,pyroscope-0,6.0,183500800
2026-09-17T00:22:59.244949+00:00,pyroscope,pyroscope-alloy-0,57.0,407896064
2026-09-17T00:23:30.506324+00:00,grove-system,grove-operator-d858d65f9-ck75j,26.0,564133888
2026-09-17T00:23:30.506324+00:00,kai-scheduler,admission-86666f457d-plhlk,1.0,14680064
2026-09-17T00:23:30.506324+00:00,kai-scheduler,binder-869fc94c7-lb9sm,94.0,152043520
2026-09-17T00:23:30.506324+00:00,kai-scheduler,kai-operator-69b5d7bcf7-h6bzd,1.0,100663296
2026-09-17T00:23:30.506324+00:00,kai-scheduler,kai-scheduler-default-85b5b8dff6-8q68j,70.0,349175808
2026-09-17T00:23:30.506324+00:00,kai-scheduler,pod-grouper-65456f756-dqrtd,1.0,9437184
2026-09-17T00:23:30.506324+00:00,kai-scheduler,podgroup-controller-68f9cc8dbf-9xq88,1.0,13631488
2026-09-17T00:23:30.506324+00:00,kai-scheduler,queue-controller-f86fcd76c-js4jc,1.0,13631488
2026-09-17T00:23:30.506324+00:00,kube-system,coredns-8db54c48d-dkq9n,3.0,51380224
2026-09-17T00:23:30.506324+00:00,kube-system,kwok-controller-5cf8c7c44b-gvkjd,99.0,85983232
2026-09-17T00:23:30.506324+00:00,kube-system,local-path-provisioner-5d9d9885bc-qlhkr,1.0,15728640
2026-09-17T00:23:30.506324+00:00,kube-system,metrics-server-75dc6f8d87-fh8ch,51.0,244318208
2026-09-17T00:23:30.506324+00:00,kube-system,svclb-traefik-dacc61bf-xhs49,0.0,0
2026-09-17T00:23:30.506324+00:00,kube-system,traefik-9bcdbbd9-bktmw,3.0,202375168
2026-09-17T00:23:30.506324+00:00,pyroscope,pyroscope-0,6.0,184549376
2026-09-17T00:23:30.506324+00:00,pyroscope,pyroscope-alloy-0,73.0,408944640
2026-09-17T00:24:01.763550+00:00,grove-system,grove-operator-d858d65f9-ck75j,28.0,560988160
2026-09-17T00:24:01.763550+00:00,kai-scheduler,admission-86666f457d-plhlk,1.0,14680064
2026-09-17T00:24:01.763550+00:00,kai-scheduler,binder-869fc94c7-lb9sm,19.0,153092096
2026-09-17T00:24:01.763550+00:00,kai-scheduler,kai-operator-69b5d7bcf7-h6bzd,1.0,100663296
2026-09-17T00:24:01.763550+00:00,kai-scheduler,kai-scheduler-default-85b5b8dff6-8q68j,64.0,337641472
2026-09-17T00:24:01.763550+00:00,kai-scheduler,pod-grouper-65456f756-dqrtd,1.0,9437184
2026-09-17T00:24:01.763550+00:00,kai-scheduler,podgroup-controller-68f9cc8dbf-9xq88,1.0,13631488
2026-09-17T00:24:01.763550+00:00,kai-scheduler,queue-controller-f86fcd76c-js4jc,1.0,13631488
2026-09-17T00:24:01.763550+00:00,kube-system,coredns-8db54c48d-dkq9n,3.0,51380224
2026-09-17T00:24:01.763550+00:00,kube-system,kwok-controller-5cf8c7c44b-gvkjd,117.0,85983232
2026-09-17T00:24:01.763550+00:00,kube-system,local-path-provisioner-5d9d9885bc-qlhkr,1.0,15728640
2026-09-17T00:24:01.763550+00:00,kube-system,metrics-server-75dc6f8d87-fh8ch,40.0,242221056
2026-09-17T00:24:01.763550+00:00,kube-system,svclb-traefik-dacc61bf-xhs49,0.0,0
2026-09-17T00:24:01.763550+00:00,kube-system,traefik-9bcdbbd9-bktmw,3.0,203423744
2026-09-17T00:24:01.763550+00:00,pyroscope,pyroscope-0,6.0,184549376
2026-09-17T00:24:01.763550+00:00,pyroscope,pyroscope-alloy-0,61.0,407896064
2026-09-17T00:24:33.013699+00:00,grove-system,grove-operator-d858d65f9-ck75j,18.0,563085312
2026-09-17T00:24:33.013699+00:00,kai-scheduler,admission-86666f457d-plhlk,1.0,14680064
2026-09-17T00:24:33.013699+00:00,kai-scheduler,binder-869fc94c7-lb9sm,24.0,165675008
2026-09-17T00:24:33.013699+00:00,kai-scheduler,kai-operator-69b5d7bcf7-h6bzd,1.0,100663296
2026-09-17T00:24:33.013699+00:00,kai-scheduler,kai-scheduler-default-85b5b8dff6-8q68j,60.0,325058560
2026-09-17T00:24:33.013699+00:00,kai-scheduler,pod-grouper-65456f756-dqrtd,1.0,9437184
2026-09-17T00:24:33.013699+00:00,kai-scheduler,podgroup-controller-68f9cc8dbf-9xq88,1.0,13631488
2026-09-17T00:24:33.013699+00:00,kai-scheduler,queue-controller-f86fcd76c-js4jc,1.0,13631488
2026-09-17T00:24:33.013699+00:00,kube-system,coredns-8db54c48d-dkq9n,3.0,51380224
2026-09-17T00:24:33.013699+00:00,kube-system,kwok-controller-5cf8c7c44b-gvkjd,107.0,84934656
2026-09-17T00:24:33.013699+00:00,kube-system,local-path-provisioner-5d9d9885bc-qlhkr,1.0,15728640
2026-09-17T00:24:33.013699+00:00,kube-system,metrics-server-75dc6f8d87-fh8ch,40.0,244318208
2026-09-17T00:24:33.013699+00:00,kube-system,svclb-traefik-dacc61bf-xhs49,0.0,0
2026-09-17T00:24:33.013699+00:00,kube-system,traefik-9bcdbbd9-bktmw,6.0,203423744
2026-09-17T00:24:33.013699+00:00,pyroscope,pyroscope-0,5.0,184549376
2026-09-17T00:24:33.013699+00:00,pyroscope,pyroscope-alloy-0,51.0,407896064
2026-09-17T00:25:04.269693+00:00,grove-system,grove-operator-d858d65f9-ck75j,27.0,562036736
2026-09-17T00:25:04.269693+00:00,kai-scheduler,admission-86666f457d-plhlk,1.0,14680064
2026-09-17T00:25:04.269693+00:00,kai-scheduler,binder-869fc94c7-lb9sm,21.0,165675008
2026-09-17T00:25:04.269693+00:00,kai-scheduler,kai-operator-69b5d7bcf7-h6bzd,1.0,100663296
2026-09-17T00:25:04.269693+00:00,kai-scheduler,kai-scheduler-default-85b5b8dff6-8q68j,59.0,317718528
2026-09-17T00:25:04.269693+00:00,kai-scheduler,pod-grouper-65456f756-dqrtd,1.0,9437184
2026-09-17T00:25:04.269693+00:00,kai-scheduler,podgroup-controller-68f9cc8dbf-9xq88,1.0,13631488
2026-09-17T00:25:04.269693+00:00,kai-scheduler,queue-controller-f86fcd76c-js4jc,1.0,13631488
2026-09-17T00:25:04.269693+00:00,kube-system,coredns-8db54c48d-dkq9n,3.0,52428800
2026-09-17T00:25:04.269693+00:00,kube-system,kwok-controller-5cf8c7c44b-gvkjd,120.0,85983232
2026-09-17T00:25:04.269693+00:00,kube-system,local-path-provisioner-5d9d9885bc-qlhkr,1.0,15728640
2026-09-17T00:25:04.269693+00:00,kube-system,metrics-server-75dc6f8d87-fh8ch,48.0,245366784
2026-09-17T00:25:04.269693+00:00,kube-system,svclb-traefik-dacc61bf-xhs49,0.0,0
2026-09-17T00:25:04.269693+00:00,kube-system,traefik-9bcdbbd9-bktmw,3.0,202375168
2026-09-17T00:25:04.269693+00:00,pyroscope,pyroscope-0,5.0,183500800
2026-09-17T00:25:04.269693+00:00,pyroscope,pyroscope-alloy-0,47.0,402653184
2026-09-17T00:25:35.518162+00:00,grove-system,grove-operator-d858d65f9-ck75j,26.0,557842432
2026-09-17T00:25:35.518162+00:00,kai-scheduler,admission-86666f457d-plhlk,1.0,14680064
2026-09-17T00:25:35.518162+00:00,kai-scheduler,binder-869fc94c7-lb9sm,21.0,163577856
2026-09-17T00:25:35.518162+00:00,kai-scheduler,kai-operator-69b5d7bcf7-h6bzd,1.0,101711872
2026-09-17T00:25:35.518162+00:00,kai-scheduler,kai-scheduler-default-85b5b8dff6-8q68j,53.0,312475648
2026-09-17T00:25:35.518162+00:00,kai-scheduler,pod-grouper-65456f756-dqrtd,1.0,9437184
2026-09-17T00:25:35.518162+00:00,kai-scheduler,podgroup-controller-68f9cc8dbf-9xq88,1.0,13631488
2026-09-17T00:25:35.518162+00:00,kai-scheduler,queue-controller-f86fcd76c-js4jc,1.0,13631488
2026-09-17T00:25:35.518162+00:00,kube-system,coredns-8db54c48d-dkq9n,3.0,51380224
2026-09-17T00:25:35.518162+00:00,kube-system,kwok-controller-5cf8c7c44b-gvkjd,112.0,85983232
2026-09-17T00:25:35.518162+00:00,kube-system,local-path-provisioner-5d9d9885bc-qlhkr,1.0,15728640
2026-09-17T00:25:35.518162+00:00,kube-system,metrics-server-75dc6f8d87-fh8ch,44.0,244318208
2026-09-17T00:25:35.518162+00:00,kube-system,svclb-traefik-dacc61bf-xhs49,0.0,0
2026-09-17T00:25:35.518162+00:00,kube-system,traefik-9bcdbbd9-bktmw,3.0,202375168
2026-09-17T00:25:35.518162+00:00,pyroscope,pyroscope-0,6.0,183500800
2026-09-17T00:25:35.518162+00:00,pyroscope,pyroscope-alloy-0,46.0,403701760
2026-09-17T00:26:06.773509+00:00,grove-system,grove-operator-d858d65f9-ck75j,25.0,560988160
2026-09-17T00:26:06.773509+00:00,kai-scheduler,admission-86666f457d-plhlk,1.0,14680064
2026-09-17T00:26:06.773509+00:00,kai-scheduler,binder-869fc94c7-lb9sm,20.0,156237824
2026-09-17T00:26:06.773509+00:00,kai-scheduler,kai-operator-69b5d7bcf7-h6bzd,1.0,100663296
2026-09-17T00:26:06.773509+00:00,kai-scheduler,kai-scheduler-default-85b5b8dff6-8q68j,53.0,311427072
2026-09-17T00:26:06.773509+00:00,kai-scheduler,pod-grouper-65456f756-dqrtd,1.0,9437184
2026-09-17T00:26:06.773509+00:00,kai-scheduler,podgroup-controller-68f9cc8dbf-9xq88,1.0,13631488
2026-09-17T00:26:06.773509+00:00,kai-scheduler,queue-controller-f86fcd76c-js4jc,1.0,13631488
2026-09-17T00:26:06.773509+00:00,kube-system,coredns-8db54c48d-dkq9n,3.0,51380224
2026-09-17T00:26:06.773509+00:00,kube-system,kwok-controller-5cf8c7c44b-gvkjd,107.0,84934656
2026-09-17T00:26:06.773509+00:00,kube-system,local-path-provisioner-5d9d9885bc-qlhkr,1.0,15728640
2026-09-17T00:26:06.773509+00:00,kube-system,metrics-server-75dc6f8d87-fh8ch,43.0,244318208
2026-09-17T00:26:06.773509+00:00,kube-system,svclb-traefik-dacc61bf-xhs49,0.0,0
2026-09-17T00:26:06.773509+00:00,kube-system,traefik-9bcdbbd9-bktmw,3.0,202375168
2026-09-17T00:26:06.773509+00:00,pyroscope,pyroscope-0,6.0,184549376
2026-09-17T00:26:06.773509+00:00,pyroscope,pyroscope-alloy-0,49.0,396361728
2026-09-17T00:26:38.016063+00:00,grove-system,grove-operator-d858d65f9-ck75j,30.0,560988160
2026-09-17T00:26:38.016063+00:00,kai-scheduler,admission-86666f457d-plhlk,1.0,14680064
2026-09-17T00:26:38.016063+00:00,kai-scheduler,binder-869fc94c7-lb9sm,21.0,155189248
2026-09-17T00:26:38.016063+00:00,kai-scheduler,kai-operator-69b5d7bcf7-h6bzd,1.0,100663296
2026-09-17T00:26:38.016063+00:00,kai-scheduler,kai-scheduler-default-85b5b8dff6-8q68j,46.0,301989888
2026-09-17T00:26:38.016063+00:00,kai-scheduler,pod-grouper-65456f756-dqrtd,1.0,9437184
2026-09-17T00:26:38.016063+00:00,kai-scheduler,podgroup-controller-68f9cc8dbf-9xq88,1.0,13631488
2026-09-17T00:26:38.016063+00:00,kai-scheduler,queue-controller-f86fcd76c-js4jc,1.0,13631488
2026-09-17T00:26:38.016063+00:00,kube-system,coredns-8db54c48d-dkq9n,3.0,51380224
2026-09-17T00:26:38.016063+00:00,kube-system,kwok-controller-5cf8c7c44b-gvkjd,112.0,85983232
2026-09-17T00:26:38.016063+00:00,kube-system,local-path-provisioner-5d9d9885bc-qlhkr,1.0,15728640
2026-09-17T00:26:38.016063+00:00,kube-system,metrics-server-75dc6f8d87-fh8ch,49.0,243269632
2026-09-17T00:26:38.016063+00:00,kube-system,svclb-traefik-dacc61bf-xhs49,0.0,0
2026-09-17T00:26:38.016063+00:00,kube-system,traefik-9bcdbbd9-bktmw,3.0,202375168
2026-09-17T00:26:38.016063+00:00,pyroscope,pyroscope-0,5.0,184549376
2026-09-17T00:26:38.016063+00:00,pyroscope,pyroscope-alloy-0,44.0,389021696
2026-09-17T00:27:09.266284+00:00,grove-system,grove-operator-d858d65f9-ck75j,18.0,565182464
2026-09-17T00:27:09.266284+00:00,kai-scheduler,admission-86666f457d-plhlk,1.0,14680064
2026-09-17T00:27:09.266284+00:00,kai-scheduler,binder-869fc94c7-lb9sm,20.0,155189248
2026-09-17T00:27:09.266284+00:00,kai-scheduler,kai-operator-69b5d7bcf7-h6bzd,1.0,100663296
2026-09-17T00:27:09.266284+00:00,kai-scheduler,kai-scheduler-default-85b5b8dff6-8q68j,41.0,300941312
2026-09-17T00:27:09.266284+00:00,kai-scheduler,pod-grouper-65456f756-dqrtd,1.0,9437184
2026-09-17T00:27:09.266284+00:00,kai-scheduler,podgroup-controller-68f9cc8dbf-9xq88,1.0,13631488
2026-09-17T00:27:09.266284+00:00,kai-scheduler,queue-controller-f86fcd76c-js4jc,1.0,13631488
2026-09-17T00:27:09.266284+00:00,kube-system,coredns-8db54c48d-dkq9n,3.0,52428800
2026-09-17T00:27:09.266284+00:00,kube-system,kwok-controller-5cf8c7c44b-gvkjd,117.0,84934656
2026-09-17T00:27:09.266284+00:00,kube-system,local-path-provisioner-5d9d9885bc-qlhkr,1.0,15728640
2026-09-17T00:27:09.266284+00:00,kube-system,metrics-server-75dc6f8d87-fh8ch,41.0,244318208
2026-09-17T00:27:09.266284+00:00,kube-system,svclb-traefik-dacc61bf-xhs49,0.0,0
2026-09-17T00:27:09.266284+00:00,kube-system,traefik-9bcdbbd9-bktmw,3.0,202375168
2026-09-17T00:27:09.266284+00:00,pyroscope,pyroscope-0,6.0,184549376
2026-09-17T00:27:09.266284+00:00,pyroscope,pyroscope-alloy-0,41.0,387973120
2026-09-17T00:27:40.513346+00:00,grove-system,grove-operator-d858d65f9-ck75j,17.0,566231040
2026-09-17T00:27:40.513346+00:00,kai-scheduler,admission-86666f457d-plhlk,1.0,14680064
2026-09-17T00:27:40.513346+00:00,kai-scheduler,binder-869fc94c7-lb9sm,19.0,154140672
2026-09-17T00:27:40.513346+00:00,kai-scheduler,kai-operator-69b5d7bcf7-h6bzd,1.0,100663296
2026-09-17T00:27:40.513346+00:00,kai-scheduler,kai-scheduler-default-85b5b8dff6-8q68j,38.0,293601280
2026-09-17T00:27:40.513346+00:00,kai-scheduler,pod-grouper-65456f756-dqrtd,1.0,9437184
2026-09-17T00:27:40.513346+00:00,kai-scheduler,podgroup-controller-68f9cc8dbf-9xq88,1.0,13631488
2026-09-17T00:27:40.513346+00:00,kai-scheduler,queue-controller-f86fcd76c-js4jc,1.0,13631488
2026-09-17T00:27:40.513346+00:00,kube-system,coredns-8db54c48d-dkq9n,3.0,51380224
2026-09-17T00:27:40.513346+00:00,kube-system,kwok-controller-5cf8c7c44b-gvkjd,105.0,85983232
2026-09-17T00:27:40.513346+00:00,kube-system,local-path-provisioner-5d9d9885bc-qlhkr,1.0,15728640
2026-09-17T00:27:40.513346+00:00,kube-system,metrics-server-75dc6f8d87-fh8ch,39.0,245366784
2026-09-17T00:27:40.513346+00:00,kube-system,svclb-traefik-dacc61bf-xhs49,0.0,0
2026-09-17T00:27:40.513346+00:00,kube-system,traefik-9bcdbbd9-bktmw,3.0,202375168
2026-09-17T00:27:40.513346+00:00,pyroscope,pyroscope-0,6.0,184549376
2026-09-17T00:27:40.513346+00:00,pyroscope,pyroscope-alloy-0,35.0,392167424
2026-09-17T00:28:11.762593+00:00,grove-system,grove-operator-d858d65f9-ck75j,18.0,559939584
2026-09-17T00:28:11.762593+00:00,kai-scheduler,admission-86666f457d-plhlk,1.0,14680064
2026-09-17T00:28:11.762593+00:00,kai-scheduler,binder-869fc94c7-lb9sm,21.0,155189248
2026-09-17T00:28:11.762593+00:00,kai-scheduler,kai-operator-69b5d7bcf7-h6bzd,1.0,100663296
2026-09-17T00:28:11.762593+00:00,kai-scheduler,kai-scheduler-default-85b5b8dff6-8q68j,35.0,294649856
2026-09-17T00:28:11.762593+00:00,kai-scheduler,pod-grouper-65456f756-dqrtd,1.0,9437184
2026-09-17T00:28:11.762593+00:00,kai-scheduler,podgroup-controller-68f9cc8dbf-9xq88,1.0,13631488
2026-09-17T00:28:11.762593+00:00,kai-scheduler,queue-controller-f86fcd76c-js4jc,1.0,13631488
2026-09-17T00:28:11.762593+00:00,kube-system,coredns-8db54c48d-dkq9n,4.0,52428800
2026-09-17T00:28:11.762593+00:00,kube-system,kwok-controller-5cf8c7c44b-gvkjd,121.0,85983232
2026-09-17T00:28:11.762593+00:00,kube-system,local-path-provisioner-5d9d9885bc-qlhkr,1.0,15728640
2026-09-17T00:28:11.762593+00:00,kube-system,metrics-server-75dc6f8d87-fh8ch,43.0,245366784
2026-09-17T00:28:11.762593+00:00,kube-system,svclb-traefik-dacc61bf-xhs49,0.0,0
2026-09-17T00:28:11.762593+00:00,kube-system,traefik-9bcdbbd9-bktmw,3.0,202375168
2026-09-17T00:28:11.762593+00:00,pyroscope,pyroscope-0,5.0,185597952
2026-09-17T00:28:11.762593+00:00,pyroscope,pyroscope-alloy-0,33.0,392167424
2026-09-17T00:28:43.013286+00:00,grove-system,grove-operator-d858d65f9-ck75j,23.0,559939584
2026-09-17T00:28:43.013286+00:00,kai-scheduler,admission-86666f457d-plhlk,1.0,14680064
2026-09-17T00:28:43.013286+00:00,kai-scheduler,binder-869fc94c7-lb9sm,22.0,155189248
2026-09-17T00:28:43.013286+00:00,kai-scheduler,kai-operator-69b5d7bcf7-h6bzd,2.0,100663296
2026-09-17T00:28:43.013286+00:00,kai-scheduler,kai-scheduler-default-85b5b8dff6-8q68j,32.0,292552704
2026-09-17T00:28:43.013286+00:00,kai-scheduler,pod-grouper-65456f756-dqrtd,1.0,9437184
2026-09-17T00:28:43.013286+00:00,kai-scheduler,podgroup-controller-68f9cc8dbf-9xq88,1.0,13631488
2026-09-17T00:28:43.013286+00:00,kai-scheduler,queue-controller-f86fcd76c-js4jc,1.0,13631488
2026-09-17T00:28:43.013286+00:00,kube-system,coredns-8db54c48d-dkq9n,3.0,51380224
2026-09-17T00:28:43.013286+00:00,kube-system,kwok-controller-5cf8c7c44b-gvkjd,116.0,85983232
2026-09-17T00:28:43.013286+00:00,kube-system,local-path-provisioner-5d9d9885bc-qlhkr,1.0,15728640
2026-09-17T00:28:43.013286+00:00,kube-system,metrics-server-75dc6f8d87-fh8ch,38.0,245366784
2026-09-17T00:28:43.013286+00:00,kube-system,svclb-traefik-dacc61bf-xhs49,0.0,0
2026-09-17T00:28:43.013286+00:00,kube-system,traefik-9bcdbbd9-bktmw,5.0,203423744
2026-09-17T00:28:43.013286+00:00,pyroscope,pyroscope-0,5.0,184549376
2026-09-17T00:28:43.013286+00:00,pyroscope,pyroscope-alloy-0,30.0,387973120
2026-09-17T00:29:14.261282+00:00,grove-system,grove-operator-d858d65f9-ck75j,23.0,562036736
2026-09-17T00:29:14.261282+00:00,kai-scheduler,admission-86666f457d-plhlk,1.0,14680064
2026-09-17T00:29:14.261282+00:00,kai-scheduler,binder-869fc94c7-lb9sm,20.0,152043520
2026-09-17T00:29:14.261282+00:00,kai-scheduler,kai-operator-69b5d7bcf7-h6bzd,1.0,100663296
2026-09-17T00:29:14.261282+00:00,kai-scheduler,kai-scheduler-default-85b5b8dff6-8q68j,28.0,289406976
2026-09-17T00:29:14.261282+00:00,kai-scheduler,pod-grouper-65456f756-dqrtd,1.0,9437184
2026-09-17T00:29:14.261282+00:00,kai-scheduler,podgroup-controller-68f9cc8dbf-9xq88,1.0,13631488
2026-09-17T00:29:14.261282+00:00,kai-scheduler,queue-controller-f86fcd76c-js4jc,1.0,13631488
2026-09-17T00:29:14.261282+00:00,kube-system,coredns-8db54c48d-dkq9n,3.0,51380224
2026-09-17T00:29:14.261282+00:00,kube-system,kwok-controller-5cf8c7c44b-gvkjd,104.0,84934656
2026-09-17T00:29:14.261282+00:00,kube-system,local-path-provisioner-5d9d9885bc-qlhkr,1.0,15728640
2026-09-17T00:29:14.261282+00:00,kube-system,metrics-server-75dc6f8d87-fh8ch,37.0,242221056
2026-09-17T00:29:14.261282+00:00,kube-system,svclb-traefik-dacc61bf-xhs49,0.0,0
2026-09-17T00:29:14.261282+00:00,kube-system,traefik-9bcdbbd9-bktmw,3.0,202375168
2026-09-17T00:29:14.261282+00:00,pyroscope,pyroscope-0,5.0,184549376
2026-09-17T00:29:14.261282+00:00,pyroscope,pyroscope-alloy-0,25.0,391118848
2026-09-17T00:29:45.515789+00:00,grove-system,grove-operator-d858d65f9-ck75j,10.0,562036736
2026-09-17T00:29:45.515789+00:00,kai-scheduler,admission-86666f457d-plhlk,1.0,14680064
2026-09-17T00:29:45.515789+00:00,kai-scheduler,binder-869fc94c7-lb9sm,28.0,153092096
2026-09-17T00:29:45.515789+00:00,kai-scheduler,kai-operator-69b5d7bcf7-h6bzd,23.0,122683392
2026-09-17T00:29:45.515789+00:00,kai-scheduler,kai-scheduler-default-85b5b8dff6-8q68j,30.0,287309824
2026-09-17T00:29:45.515789+00:00,kai-scheduler,pod-grouper-65456f756-dqrtd,1.0,9437184
2026-09-17T00:29:45.515789+00:00,kai-scheduler,podgroup-controller-68f9cc8dbf-9xq88,1.0,13631488
2026-09-17T00:29:45.515789+00:00,kai-scheduler,queue-controller-f86fcd76c-js4jc,1.0,13631488
2026-09-17T00:29:45.515789+00:00,kube-system,coredns-8db54c48d-dkq9n,2.0,51380224
2026-09-17T00:29:45.515789+00:00,kube-system,kwok-controller-5cf8c7c44b-gvkjd,116.0,83886080
2026-09-17T00:29:45.515789+00:00,kube-system,local-path-provisioner-5d9d9885bc-qlhkr,1.0,15728640
2026-09-17T00:29:45.515789+00:00,kube-system,metrics-server-75dc6f8d87-fh8ch,46.0,244318208
2026-09-17T00:29:45.515789+00:00,kube-system,svclb-traefik-dacc61bf-xhs49,0.0,0
2026-09-17T00:29:45.515789+00:00,kube-system,traefik-9bcdbbd9-bktmw,36.0,210763776
2026-09-17T00:29:45.515789+00:00,pyroscope,pyroscope-0,9.0,193986560
2026-09-17T00:29:45.515789+00:00,pyroscope,pyroscope-alloy-0,12.0,392167424
2026-09-17T00:30:16.768232+00:00,grove-system,grove-operator-d858d65f9-ck75j,5.0,560988160
2026-09-17T00:30:16.768232+00:00,kai-scheduler,admission-86666f457d-plhlk,1.0,14680064
2026-09-17T00:30:16.768232+00:00,kai-scheduler,binder-869fc94c7-lb9sm,33.0,154140672
2026-09-17T00:30:16.768232+00:00,kai-scheduler,kai-operator-69b5d7bcf7-h6bzd,36.0,122683392
2026-09-17T00:30:16.768232+00:00,kai-scheduler,kai-scheduler-default-85b5b8dff6-8q68j,38.0,287309824
2026-09-17T00:30:16.768232+00:00,kai-scheduler,pod-grouper-65456f756-dqrtd,1.0,9437184
2026-09-17T00:30:16.768232+00:00,kai-scheduler,podgroup-controller-68f9cc8dbf-9xq88,1.0,13631488
2026-09-17T00:30:16.768232+00:00,kai-scheduler,queue-controller-f86fcd76c-js4jc,1.0,13631488
2026-09-17T00:30:16.768232+00:00,kube-system,coredns-8db54c48d-dkq9n,3.0,51380224
2026-09-17T00:30:16.768232+00:00,kube-system,kwok-controller-5cf8c7c44b-gvkjd,104.0,83886080
2026-09-17T00:30:16.768232+00:00,kube-system,local-path-provisioner-5d9d9885bc-qlhkr,1.0,15728640
2026-09-17T00:30:16.768232+00:00,kube-system,metrics-server-75dc6f8d87-fh8ch,46.0,244318208
2026-09-17T00:30:16.768232+00:00,kube-system,svclb-traefik-dacc61bf-xhs49,0.0,0
2026-09-17T00:30:16.768232+00:00,kube-system,traefik-9bcdbbd9-bktmw,53.0,211812352
2026-09-17T00:30:16.768232+00:00,pyroscope,pyroscope-0,5.0,176160768
2026-09-17T00:30:16.768232+00:00,pyroscope,pyroscope-alloy-0,9.0,383778816
2026-09-17T00:30:48.021446+00:00,grove-system,grove-operator-d858d65f9-ck75j,187.0,576716800
2026-09-17T00:30:48.021446+00:00,kai-scheduler,admission-86666f457d-plhlk,1.0,14680064
2026-09-17T00:30:48.021446+00:00,kai-scheduler,binder-869fc94c7-lb9sm,10.0,153092096
2026-09-17T00:30:48.021446+00:00,kai-scheduler,kai-operator-69b5d7bcf7-h6bzd,43.0,120586240
2026-09-17T00:30:48.021446+00:00,kai-scheduler,kai-scheduler-default-85b5b8dff6-8q68j,24.0,294649856
2026-09-17T00:30:48.021446+00:00,kai-scheduler,pod-grouper-65456f756-dqrtd,1.0,9437184
2026-09-17T00:30:48.021446+00:00,kai-scheduler,podgroup-controller-68f9cc8dbf-9xq88,1.0,13631488
2026-09-17T00:30:48.021446+00:00,kai-scheduler,queue-controller-f86fcd76c-js4jc,1.0,13631488
2026-09-17T00:30:48.021446+00:00,kube-system,coredns-8db54c48d-dkq9n,37.0,53477376
2026-09-17T00:30:48.021446+00:00,kube-system,kwok-controller-5cf8c7c44b-gvkjd,93.0,82837504
2026-09-17T00:30:48.021446+00:00,kube-system,local-path-provisioner-5d9d9885bc-qlhkr,1.0,15728640
2026-09-17T00:30:48.021446+00:00,kube-system,metrics-server-75dc6f8d87-fh8ch,36.0,243269632
2026-09-17T00:30:48.021446+00:00,kube-system,svclb-traefik-dacc61bf-xhs49,0.0,0
2026-09-17T00:30:48.021446+00:00,kube-system,traefik-9bcdbbd9-bktmw,78.0,217055232
2026-09-17T00:30:48.021446+00:00,pyroscope,pyroscope-0,6.0,184549376
2026-09-17T00:30:48.021446+00:00,pyroscope,pyroscope-alloy-0,5.0,386924544
2026-09-17T00:31:19.269725+00:00,grove-system,grove-operator-d858d65f9-ck75j,265.0,601882624
2026-09-17T00:31:19.269725+00:00,kai-scheduler,admission-86666f457d-plhlk,1.0,14680064
2026-09-17T00:31:19.269725+00:00,kai-scheduler,binder-869fc94c7-lb9sm,3.0,153092096
2026-09-17T00:31:19.269725+00:00,kai-scheduler,kai-operator-69b5d7bcf7-h6bzd,28.0,122683392
2026-09-17T00:31:19.269725+00:00,kai-scheduler,kai-scheduler-default-85b5b8dff6-8q68j,18.0,292552704
2026-09-17T00:31:19.269725+00:00,kai-scheduler,pod-grouper-65456f756-dqrtd,1.0,9437184
2026-09-17T00:31:19.269725+00:00,kai-scheduler,podgroup-controller-68f9cc8dbf-9xq88,1.0,13631488
2026-09-17T00:31:19.269725+00:00,kai-scheduler,queue-controller-f86fcd76c-js4jc,1.0,13631488
2026-09-17T00:31:19.269725+00:00,kube-system,coredns-8db54c48d-dkq9n,37.0,54525952
2026-09-17T00:31:19.269725+00:00,kube-system,kwok-controller-5cf8c7c44b-gvkjd,84.0,82837504
2026-09-17T00:31:19.269725+00:00,kube-system,local-path-provisioner-5d9d9885bc-qlhkr,1.0,15728640
2026-09-17T00:31:19.269725+00:00,kube-system,metrics-server-75dc6f8d87-fh8ch,28.0,242221056
2026-09-17T00:31:19.269725+00:00,kube-system,svclb-traefik-dacc61bf-xhs49,0.0,0
2026-09-17T00:31:19.269725+00:00,kube-system,traefik-9bcdbbd9-bktmw,81.0,231735296
2026-09-17T00:31:19.269725+00:00,pyroscope,pyroscope-0,7.0,179306496
2026-09-17T00:31:19.269725+00:00,pyroscope,pyroscope-alloy-0,8.0,380633088
2026-09-17T00:31:50.527842+00:00,grove-system,grove-operator-d858d65f9-ck75j,446.0,644874240
2026-09-17T00:31:50.527842+00:00,kai-scheduler,admission-86666f457d-plhlk,1.0,14680064
2026-09-17T00:31:50.527842+00:00,kai-scheduler,binder-869fc94c7-lb9sm,34.0,170917888
2026-09-17T00:31:50.527842+00:00,kai-scheduler,kai-operator-69b5d7bcf7-h6bzd,1.0,122683392
2026-09-17T00:31:50.527842+00:00,kai-scheduler,kai-scheduler-default-85b5b8dff6-8q68j,28.0,295698432
2026-09-17T00:31:50.527842+00:00,kai-scheduler,pod-grouper-65456f756-dqrtd,1.0,9437184
2026-09-17T00:31:50.527842+00:00,kai-scheduler,podgroup-controller-68f9cc8dbf-9xq88,1.0,13631488
2026-09-17T00:31:50.527842+00:00,kai-scheduler,queue-controller-f86fcd76c-js4jc,1.0,13631488
2026-09-17T00:31:50.527842+00:00,kube-system,coredns-8db54c48d-dkq9n,8.0,53477376
2026-09-17T00:31:50.527842+00:00,kube-system,kwok-controller-5cf8c7c44b-gvkjd,93.0,83886080
2026-09-17T00:31:50.527842+00:00,kube-system,local-path-provisioner-5d9d9885bc-qlhkr,1.0,15728640
2026-09-17T00:31:50.527842+00:00,kube-system,metrics-server-75dc6f8d87-fh8ch,35.0,244318208
2026-09-17T00:31:50.527842+00:00,kube-system,svclb-traefik-dacc61bf-xhs49,0.0,0
2026-09-17T00:31:50.527842+00:00,kube-system,traefik-9bcdbbd9-bktmw,11.0,243269632
2026-09-17T00:31:50.527842+00:00,pyroscope,pyroscope-0,6.0,178257920
2026-09-17T00:31:50.527842+00:00,pyroscope,pyroscope-alloy-0,31.0,381681664
2026-09-17T00:32:21.792525+00:00,grove-system,grove-operator-d858d65f9-ck75j,448.0,661651456
2026-09-17T00:32:21.792525+00:00,kai-scheduler,admission-86666f457d-plhlk,1.0,14680064
2026-09-17T00:32:21.792525+00:00,kai-scheduler,binder-869fc94c7-lb9sm,31.0,188743680
2026-09-17T00:32:21.792525+00:00,kai-scheduler,kai-operator-69b5d7bcf7-h6bzd,1.0,122683392
2026-09-17T00:32:21.792525+00:00,kai-scheduler,kai-scheduler-default-85b5b8dff6-8q68j,43.0,351272960
2026-09-17T00:32:21.792525+00:00,kai-scheduler,pod-grouper-65456f756-dqrtd,1.0,9437184
2026-09-17T00:32:21.792525+00:00,kai-scheduler,podgroup-controller-68f9cc8dbf-9xq88,1.0,13631488
2026-09-17T00:32:21.792525+00:00,kai-scheduler,queue-controller-f86fcd76c-js4jc,1.0,13631488
2026-09-17T00:32:21.792525+00:00,kube-system,coredns-8db54c48d-dkq9n,9.0,55574528
2026-09-17T00:32:21.792525+00:00,kube-system,kwok-controller-5cf8c7c44b-gvkjd,77.0,81788928
2026-09-17T00:32:21.792525+00:00,kube-system,local-path-provisioner-5d9d9885bc-qlhkr,1.0,15728640
2026-09-17T00:32:21.792525+00:00,kube-system,metrics-server-75dc6f8d87-fh8ch,32.0,247463936
2026-09-17T00:32:21.792525+00:00,kube-system,svclb-traefik-dacc61bf-xhs49,0.0,0
2026-09-17T00:32:21.792525+00:00,kube-system,traefik-9bcdbbd9-bktmw,12.0,243269632
2026-09-17T00:32:21.792525+00:00,pyroscope,pyroscope-0,8.0,181403648
2026-09-17T00:32:21.792525+00:00,pyroscope,pyroscope-alloy-0,29.0,390070272
2026-09-17T00:32:53.054719+00:00,grove-system,grove-operator-d858d65f9-ck75j,433.0,701497344
2026-09-17T00:32:53.054719+00:00,kai-scheduler,admission-86666f457d-plhlk,1.0,14680064
2026-09-17T00:32:53.054719+00:00,kai-scheduler,binder-869fc94c7-lb9sm,20.0,105906176
2026-09-17T00:32:53.054719+00:00,kai-scheduler,kai-operator-69b5d7bcf7-h6bzd,1.0,122683392
2026-09-17T00:32:53.054719+00:00,kai-scheduler,kai-scheduler-default-85b5b8dff6-8q68j,35.0,363855872
2026-09-17T00:32:53.054719+00:00,kai-scheduler,pod-grouper-65456f756-dqrtd,1.0,9437184
2026-09-17T00:32:53.054719+00:00,kai-scheduler,podgroup-controller-68f9cc8dbf-9xq88,1.0,13631488
2026-09-17T00:32:53.054719+00:00,kai-scheduler,queue-controller-f86fcd76c-js4jc,1.0,13631488
2026-09-17T00:32:53.054719+00:00,kube-system,coredns-8db54c48d-dkq9n,8.0,55574528
2026-09-17T00:32:53.054719+00:00,kube-system,kwok-controller-5cf8c7c44b-gvkjd,80.0,83886080
2026-09-17T00:32:53.054719+00:00,kube-system,local-path-provisioner-5d9d9885bc-qlhkr,1.0,15728640
2026-09-17T00:32:53.054719+00:00,kube-system,metrics-server-75dc6f8d87-fh8ch,32.0,247463936
2026-09-17T00:32:53.054719+00:00,kube-system,svclb-traefik-dacc61bf-xhs49,0.0,0
2026-09-17T00:32:53.054719+00:00,kube-system,traefik-9bcdbbd9-bktmw,12.0,252706816
2026-09-17T00:32:53.054719+00:00,pyroscope,pyroscope-0,6.0,182452224
2026-09-17T00:32:53.054719+00:00,pyroscope,pyroscope-alloy-0,20.0,406847488
2026-09-17T00:33:24.326587+00:00,grove-system,grove-operator-d858d65f9-ck75j,504.0,757071872
2026-09-17T00:33:24.326587+00:00,kai-scheduler,admission-86666f457d-plhlk,1.0,14680064
2026-09-17T00:33:24.326587+00:00,kai-scheduler,binder-869fc94c7-lb9sm,26.0,142606336
2026-09-17T00:33:24.326587+00:00,kai-scheduler,kai-operator-69b5d7bcf7-h6bzd,1.0,122683392
2026-09-17T00:33:24.326587+00:00,kai-scheduler,kai-scheduler-default-85b5b8dff6-8q68j,50.0,448790528
2026-09-17T00:33:24.326587+00:00,kai-scheduler,pod-grouper-65456f756-dqrtd,1.0,9437184
2026-09-17T00:33:24.326587+00:00,kai-scheduler,podgroup-controller-68f9cc8dbf-9xq88,1.0,13631488
2026-09-17T00:33:24.326587+00:00,kai-scheduler,queue-controller-f86fcd76c-js4jc,1.0,13631488
2026-09-17T00:33:24.326587+00:00,kube-system,coredns-8db54c48d-dkq9n,8.0,56623104
2026-09-17T00:33:24.326587+00:00,kube-system,kwok-controller-5cf8c7c44b-gvkjd,102.0,82837504
2026-09-17T00:33:24.326587+00:00,kube-system,local-path-provisioner-5d9d9885bc-qlhkr,1.0,15728640
2026-09-17T00:33:24.326587+00:00,kube-system,metrics-server-75dc6f8d87-fh8ch,36.0,248512512
2026-09-17T00:33:24.326587+00:00,kube-system,svclb-traefik-dacc61bf-xhs49,0.0,0
2026-09-17T00:33:24.326587+00:00,kube-system,traefik-9bcdbbd9-bktmw,12.0,261095424
2026-09-17T00:33:24.326587+00:00,pyroscope,pyroscope-0,7.0,182452224
2026-09-17T00:33:24.326587+00:00,pyroscope,pyroscope-alloy-0,30.0,428867584
2026-09-17T00:33:55.591989+00:00,grove-system,grove-operator-d858d65f9-ck75j,647.0,803209216
2026-09-17T00:33:55.591989+00:00,kai-scheduler,admission-86666f457d-plhlk,1.0,14680064
2026-09-17T00:33:55.591989+00:00,kai-scheduler,binder-869fc94c7-lb9sm,39.0,183500800
2026-09-17T00:33:55.591989+00:00,kai-scheduler,kai-operator-69b5d7bcf7-h6bzd,1.0,122683392
2026-09-17T00:33:55.591989+00:00,kai-scheduler,kai-scheduler-default-85b5b8dff6-8q68j,56.0,469762048
2026-09-17T00:33:55.591989+00:00,kai-scheduler,pod-grouper-65456f756-dqrtd,1.0,9437184
2026-09-17T00:33:55.591989+00:00,kai-scheduler,podgroup-controller-68f9cc8dbf-9xq88,1.0,13631488
2026-09-17T00:33:55.591989+00:00,kai-scheduler,queue-controller-f86fcd76c-js4jc,1.0,13631488
2026-09-17T00:33:55.591989+00:00,kube-system,coredns-8db54c48d-dkq9n,8.0,56623104
2026-09-17T00:33:55.591989+00:00,kube-system,kwok-controller-5cf8c7c44b-gvkjd,115.0,82837504
2026-09-17T00:33:55.591989+00:00,kube-system,local-path-provisioner-5d9d9885bc-qlhkr,1.0,15728640
2026-09-17T00:33:55.591989+00:00,kube-system,metrics-server-75dc6f8d87-fh8ch,37.0,247463936
2026-09-17T00:33:55.591989+00:00,kube-system,svclb-traefik-dacc61bf-xhs49,0.0,0
2026-09-17T00:33:55.591989+00:00,kube-system,traefik-9bcdbbd9-bktmw,12.0,261095424
2026-09-17T00:33:55.591989+00:00,pyroscope,pyroscope-0,7.0,184549376
2026-09-17T00:33:55.591989+00:00,pyroscope,pyroscope-alloy-0,44.0,450887680
2026-09-17T00:34:26.907966+00:00,grove-system,grove-operator-d858d65f9-ck75j,765.0,821035008
2026-09-17T00:34:26.907966+00:00,kai-scheduler,admission-86666f457d-plhlk,1.0,14680064
2026-09-17T00:34:26.907966+00:00,kai-scheduler,kai-operator-69b5d7bcf7-h6bzd,1.0,123731968
2026-09-17T00:34:26.907966+00:00,kai-scheduler,kai-scheduler-default-85b5b8dff6-8q68j,128.0,532676608
2026-09-17T00:34:26.907966+00:00,kai-scheduler,pod-grouper-65456f756-dqrtd,1.0,9437184
2026-09-17T00:34:26.907966+00:00,kai-scheduler,podgroup-controller-68f9cc8dbf-9xq88,1.0,13631488
2026-09-17T00:34:26.907966+00:00,kai-scheduler,queue-controller-f86fcd76c-js4jc,1.0,13631488
2026-09-17T00:34:26.907966+00:00,kube-system,coredns-8db54c48d-dkq9n,9.0,57671680
2026-09-17T00:34:26.907966+00:00,kube-system,kwok-controller-5cf8c7c44b-gvkjd,258.0,83886080
2026-09-17T00:34:26.907966+00:00,kube-system,local-path-provisioner-5d9d9885bc-qlhkr,1.0,15728640
2026-09-17T00:34:26.907966+00:00,kube-system,metrics-server-75dc6f8d87-fh8ch,55.0,248512512
2026-09-17T00:34:26.907966+00:00,kube-system,svclb-traefik-dacc61bf-xhs49,0.0,0
2026-09-17T00:34:26.907966+00:00,kube-system,traefik-9bcdbbd9-bktmw,13.0,266338304
2026-09-17T00:34:26.907966+00:00,pyroscope,pyroscope-0,9.0,186646528
2026-09-17T00:34:26.907966+00:00,pyroscope,pyroscope-alloy-0,112.0,493879296
2026-09-17T00:34:58.186037+00:00,grove-system,grove-operator-d858d65f9-ck75j,713.0,853540864
2026-09-17T00:34:58.186037+00:00,kai-scheduler,admission-86666f457d-plhlk,1.0,14680064
2026-09-17T00:34:58.186037+00:00,kai-scheduler,kai-operator-69b5d7bcf7-h6bzd,5.0,128974848
2026-09-17T00:34:58.186037+00:00,kai-scheduler,kai-scheduler-default-85b5b8dff6-8q68j,140.0,450887680
2026-09-17T00:34:58.186037+00:00,kai-scheduler,pod-grouper-65456f756-dqrtd,1.0,9437184
2026-09-17T00:34:58.186037+00:00,kai-scheduler,podgroup-controller-68f9cc8dbf-9xq88,1.0,13631488
2026-09-17T00:34:58.186037+00:00,kai-scheduler,queue-controller-f86fcd76c-js4jc,1.0,13631488
2026-09-17T00:34:58.186037+00:00,kube-system,coredns-8db54c48d-dkq9n,9.0,57671680
2026-09-17T00:34:58.186037+00:00,kube-system,kwok-controller-5cf8c7c44b-gvkjd,281.0,82837504
2026-09-17T00:34:58.186037+00:00,kube-system,local-path-provisioner-5d9d9885bc-qlhkr,1.0,15728640
2026-09-17T00:34:58.186037+00:00,kube-system,metrics-server-75dc6f8d87-fh8ch,58.0,248512512
2026-09-17T00:34:58.186037+00:00,kube-system,svclb-traefik-dacc61bf-xhs49,0.0,0
2026-09-17T00:34:58.186037+00:00,kube-system,traefik-9bcdbbd9-bktmw,24.0,273678336
2026-09-17T00:34:58.186037+00:00,pyroscope,pyroscope-0,4.0,184549376
2026-09-17T00:34:58.186037+00:00,pyroscope,pyroscope-alloy-0,132.0,524288000
2026-09-17T00:35:29.464202+00:00,grove-system,grove-operator-d858d65f9-ck75j,846.0,887095296
2026-09-17T00:35:29.464202+00:00,kai-scheduler,admission-86666f457d-plhlk,1.0,14680064
2026-09-17T00:35:29.464202+00:00,kai-scheduler,kai-operator-69b5d7bcf7-h6bzd,7.0,128974848
2026-09-17T00:35:29.464202+00:00,kai-scheduler,pod-grouper-65456f756-dqrtd,1.0,9437184
2026-09-17T00:35:29.464202+00:00,kai-scheduler,podgroup-controller-68f9cc8dbf-9xq88,1.0,13631488
2026-09-17T00:35:29.464202+00:00,kai-scheduler,queue-controller-f86fcd76c-js4jc,1.0,13631488
2026-09-17T00:35:29.464202+00:00,kube-system,coredns-8db54c48d-dkq9n,11.0,58720256
2026-09-17T00:35:29.464202+00:00,kube-system,kwok-controller-5cf8c7c44b-gvkjd,259.0,87031808
2026-09-17T00:35:29.464202+00:00,kube-system,local-path-provisioner-5d9d9885bc-qlhkr,1.0,15728640
2026-09-17T00:35:29.464202+00:00,kube-system,metrics-server-75dc6f8d87-fh8ch,47.0,251658240
2026-09-17T00:35:29.464202+00:00,kube-system,svclb-traefik-dacc61bf-xhs49,0.0,0
2026-09-17T00:35:29.464202+00:00,kube-system,traefik-9bcdbbd9-bktmw,13.0,274726912
2026-09-17T00:35:29.464202+00:00,pyroscope,pyroscope-0,8.0,184549376
2026-09-17T00:35:29.464202+00:00,pyroscope,pyroscope-alloy-0,129.0,566231040
2026-09-17T00:36:00.742134+00:00,grove-system,grove-operator-d858d65f9-ck75j,973.0,905969664
2026-09-17T00:36:00.742134+00:00,kai-scheduler,admission-86666f457d-plhlk,1.0,14680064
2026-09-17T00:36:00.742134+00:00,kai-scheduler,kai-operator-69b5d7bcf7-h6bzd,4.0,130023424
2026-09-17T00:36:00.742134+00:00,kai-scheduler,kai-scheduler-default-85b5b8dff6-8q68j,228.0,476053504
2026-09-17T00:36:00.742134+00:00,kai-scheduler,pod-grouper-65456f756-dqrtd,1.0,9437184
2026-09-17T00:36:00.742134+00:00,kai-scheduler,podgroup-controller-68f9cc8dbf-9xq88,1.0,13631488
2026-09-17T00:36:00.742134+00:00,kai-scheduler,queue-controller-f86fcd76c-js4jc,1.0,13631488
2026-09-17T00:36:00.742134+00:00,kube-system,coredns-8db54c48d-dkq9n,9.0,58720256
2026-09-17T00:36:00.742134+00:00,kube-system,kwok-controller-5cf8c7c44b-gvkjd,315.0,88080384
2026-09-17T00:36:00.742134+00:00,kube-system,local-path-provisioner-5d9d9885bc-qlhkr,1.0,15728640
2026-09-17T00:36:00.742134+00:00,kube-system,metrics-server-75dc6f8d87-fh8ch,82.0,263192576
2026-09-17T00:36:00.742134+00:00,kube-system,svclb-traefik-dacc61bf-xhs49,0.0,0
2026-09-17T00:36:00.742134+00:00,kube-system,traefik-9bcdbbd9-bktmw,12.0,275775488
2026-09-17T00:36:00.742134+00:00,pyroscope,pyroscope-0,8.0,185597952
2026-09-17T00:36:00.742134+00:00,pyroscope,pyroscope-alloy-0,160.0,597688320
2026-09-17T00:36:32.021716+00:00,grove-system,grove-operator-d858d65f9-ck75j,845.0,918552576
2026-09-17T00:36:32.021716+00:00,kai-scheduler,admission-86666f457d-plhlk,1.0,14680064
2026-09-17T00:36:32.021716+00:00,kai-scheduler,binder-869fc94c7-lb9sm,100.0,148897792
2026-09-17T00:36:32.021716+00:00,kai-scheduler,kai-operator-69b5d7bcf7-h6bzd,4.0,130023424
2026-09-17T00:36:32.021716+00:00,kai-scheduler,pod-grouper-65456f756-dqrtd,1.0,9437184
2026-09-17T00:36:32.021716+00:00,kai-scheduler,podgroup-controller-68f9cc8dbf-9xq88,1.0,13631488
2026-09-17T00:36:32.021716+00:00,kai-scheduler,queue-controller-f86fcd76c-js4jc,1.0,13631488
2026-09-17T00:36:32.021716+00:00,kube-system,coredns-8db54c48d-dkq9n,9.0,60817408
2026-09-17T00:36:32.021716+00:00,kube-system,kwok-controller-5cf8c7c44b-gvkjd,292.0,88080384
2026-09-17T00:36:32.021716+00:00,kube-system,local-path-provisioner-5d9d9885bc-qlhkr,1.0,15728640
2026-09-17T00:36:32.021716+00:00,kube-system,metrics-server-75dc6f8d87-fh8ch,71.0,279969792
2026-09-17T00:36:32.021716+00:00,kube-system,svclb-traefik-dacc61bf-xhs49,0.0,0
2026-09-17T00:36:32.021716+00:00,kube-system,traefik-9bcdbbd9-bktmw,12.0,278921216
2026-09-17T00:36:32.021716+00:00,pyroscope,pyroscope-0,7.0,185597952
2026-09-17T00:36:32.021716+00:00,pyroscope,pyroscope-alloy-0,172.0,619708416
2026-09-17T00:37:03.291332+00:00,grove-system,grove-operator-d858d65f9-ck75j,830.0,923795456
2026-09-17T00:37:03.291332+00:00,kai-scheduler,admission-86666f457d-plhlk,1.0,14680064
2026-09-17T00:37:03.291332+00:00,kai-scheduler,kai-operator-69b5d7bcf7-h6bzd,5.0,130023424
2026-09-17T00:37:03.291332+00:00,kai-scheduler,pod-grouper-65456f756-dqrtd,1.0,9437184
2026-09-17T00:37:03.291332+00:00,kai-scheduler,podgroup-controller-68f9cc8dbf-9xq88,1.0,13631488
2026-09-17T00:37:03.291332+00:00,kai-scheduler,queue-controller-f86fcd76c-js4jc,1.0,13631488
2026-09-17T00:37:03.291332+00:00,kube-system,coredns-8db54c48d-dkq9n,9.0,60817408
2026-09-17T00:37:03.291332+00:00,kube-system,kwok-controller-5cf8c7c44b-gvkjd,291.0,88080384
2026-09-17T00:37:03.291332+00:00,kube-system,local-path-provisioner-5d9d9885bc-qlhkr,1.0,15728640
2026-09-17T00:37:03.291332+00:00,kube-system,metrics-server-75dc6f8d87-fh8ch,70.0,276824064
2026-09-17T00:37:03.291332+00:00,kube-system,svclb-traefik-dacc61bf-xhs49,0.0,0
2026-09-17T00:37:03.291332+00:00,kube-system,traefik-9bcdbbd9-bktmw,20.0,291504128
2026-09-17T00:37:03.291332+00:00,pyroscope,pyroscope-0,8.0,187695104
2026-09-17T00:37:03.291332+00:00,pyroscope,pyroscope-alloy-0,186.0,658505728
2026-09-17T00:37:34.550224+00:00,grove-system,grove-operator-d858d65f9-ck75j,816.0,924844032
2026-09-17T00:37:34.550224+00:00,kai-scheduler,admission-86666f457d-plhlk,1.0,14680064
2026-09-17T00:37:34.550224+00:00,kai-scheduler,kai-operator-69b5d7bcf7-h6bzd,5.0,130023424
2026-09-17T00:37:34.550224+00:00,kai-scheduler,pod-grouper-65456f756-dqrtd,1.0,9437184
2026-09-17T00:37:34.550224+00:00,kai-scheduler,podgroup-controller-68f9cc8dbf-9xq88,1.0,13631488
2026-09-17T00:37:34.550224+00:00,kai-scheduler,queue-controller-f86fcd76c-js4jc,1.0,13631488
2026-09-17T00:37:34.550224+00:00,kube-system,coredns-8db54c48d-dkq9n,8.0,60817408
2026-09-17T00:37:34.550224+00:00,kube-system,kwok-controller-5cf8c7c44b-gvkjd,310.0,90177536
2026-09-17T00:37:34.550224+00:00,kube-system,local-path-provisioner-5d9d9885bc-qlhkr,1.0,15728640
2026-09-17T00:37:34.550224+00:00,kube-system,metrics-server-75dc6f8d87-fh8ch,60.0,292552704
2026-09-17T00:37:34.550224+00:00,kube-system,svclb-traefik-dacc61bf-xhs49,0.0,0
2026-09-17T00:37:34.550224+00:00,kube-system,traefik-9bcdbbd9-bktmw,12.0,290455552
2026-09-17T00:37:34.550224+00:00,pyroscope,pyroscope-0,9.0,189792256
2026-09-17T00:37:34.550224+00:00,pyroscope,pyroscope-alloy-0,198.0,677380096
2026-09-17T00:38:05.808557+00:00,grove-system,grove-operator-d858d65f9-ck75j,711.0,924844032
2026-09-17T00:38:05.808557+00:00,kai-scheduler,admission-86666f457d-plhlk,1.0,16777216
2026-09-17T00:38:05.808557+00:00,kai-scheduler,kai-operator-69b5d7bcf7-h6bzd,2.0,130023424
2026-09-17T00:38:05.808557+00:00,kai-scheduler,pod-grouper-65456f756-dqrtd,1.0,9437184
2026-09-17T00:38:05.808557+00:00,kai-scheduler,podgroup-controller-68f9cc8dbf-9xq88,1.0,13631488
2026-09-17T00:38:05.808557+00:00,kai-scheduler,queue-controller-f86fcd76c-js4jc,1.0,13631488
2026-09-17T00:38:05.808557+00:00,kube-system,coredns-8db54c48d-dkq9n,9.0,62914560
2026-09-17T00:38:05.808557+00:00,kube-system,kwok-controller-5cf8c7c44b-gvkjd,203.0,91226112
2026-09-17T00:38:05.808557+00:00,kube-system,local-path-provisioner-5d9d9885bc-qlhkr,1.0,15728640
2026-09-17T00:38:05.808557+00:00,kube-system,metrics-server-75dc6f8d87-fh8ch,44.0,291504128
2026-09-17T00:38:05.808557+00:00,kube-system,svclb-traefik-dacc61bf-xhs49,0.0,0
2026-09-17T00:38:05.808557+00:00,kube-system,traefik-9bcdbbd9-bktmw,11.0,290455552
2026-09-17T00:38:05.808557+00:00,pyroscope,pyroscope-0,21.0,210763776
2026-09-17T00:38:05.808557+00:00,pyroscope,pyroscope-alloy-0,82.0,675282944
2026-09-17T00:38:37.060855+00:00,grove-system,grove-operator-d858d65f9-ck75j,38.0,945815552
2026-09-17T00:38:37.060855+00:00,kai-scheduler,admission-86666f457d-plhlk,1.0,16777216
2026-09-17T00:38:37.060855+00:00,kai-scheduler,kai-operator-69b5d7bcf7-h6bzd,7.0,131072000
2026-09-17T00:38:37.060855+00:00,kai-scheduler,pod-grouper-65456f756-dqrtd,1.0,9437184
2026-09-17T00:38:37.060855+00:00,kai-scheduler,podgroup-controller-68f9cc8dbf-9xq88,1.0,13631488
2026-09-17T00:38:37.060855+00:00,kai-scheduler,queue-controller-f86fcd76c-js4jc,1.0,13631488
2026-09-17T00:38:37.060855+00:00,kube-system,coredns-8db54c48d-dkq9n,9.0,63963136
2026-09-17T00:38:37.060855+00:00,kube-system,kwok-controller-5cf8c7c44b-gvkjd,98.0,93323264
2026-09-17T00:38:37.060855+00:00,kube-system,local-path-provisioner-5d9d9885bc-qlhkr,1.0,15728640
2026-09-17T00:38:37.060855+00:00,kube-system,metrics-server-75dc6f8d87-fh8ch,50.0,311427072
2026-09-17T00:38:37.060855+00:00,kube-system,svclb-traefik-dacc61bf-xhs49,0.0,0
2026-09-17T00:38:37.060855+00:00,kube-system,traefik-9bcdbbd9-bktmw,13.0,291504128
2026-09-17T00:38:37.060855+00:00,pyroscope,pyroscope-0,6.0,216006656
2026-09-17T00:38:37.060855+00:00,pyroscope,pyroscope-alloy-0,81.0,677380096
2026-09-17T00:39:08.321274+00:00,grove-system,grove-operator-d858d65f9-ck75j,33.0,942669824
2026-09-17T00:39:08.321274+00:00,kai-scheduler,admission-86666f457d-plhlk,1.0,16777216
2026-09-17T00:39:08.321274+00:00,kai-scheduler,kai-operator-69b5d7bcf7-h6bzd,5.0,131072000
2026-09-17T00:39:08.321274+00:00,kai-scheduler,pod-grouper-65456f756-dqrtd,1.0,9437184
2026-09-17T00:39:08.321274+00:00,kai-scheduler,podgroup-controller-68f9cc8dbf-9xq88,1.0,13631488
2026-09-17T00:39:08.321274+00:00,kai-scheduler,queue-controller-f86fcd76c-js4jc,1.0,13631488
2026-09-17T00:39:08.321274+00:00,kube-system,coredns-8db54c48d-dkq9n,11.0,66060288
2026-09-17T00:39:08.321274+00:00,kube-system,kwok-controller-5cf8c7c44b-gvkjd,104.0,95420416
2026-09-17T00:39:08.321274+00:00,kube-system,local-path-provisioner-5d9d9885bc-qlhkr,1.0,15728640
2026-09-17T00:39:08.321274+00:00,kube-system,metrics-server-75dc6f8d87-fh8ch,32.0,311427072
2026-09-17T00:39:08.321274+00:00,kube-system,svclb-traefik-dacc61bf-xhs49,0.0,0
2026-09-17T00:39:08.321274+00:00,kube-system,traefik-9bcdbbd9-bktmw,22.0,298844160
2026-09-17T00:39:08.321274+00:00,pyroscope,pyroscope-0,6.0,202375168
2026-09-17T00:39:08.321274+00:00,pyroscope,pyroscope-alloy-0,6.0,676331520
2026-09-17T00:39:39.570037+00:00,grove-system,grove-operator-d858d65f9-ck75j,39.0,943718400
2026-09-17T00:39:39.570037+00:00,kai-scheduler,admission-86666f457d-plhlk,1.0,16777216
2026-09-17T00:39:39.570037+00:00,kai-scheduler,kai-operator-69b5d7bcf7-h6bzd,3.0,130023424
2026-09-17T00:39:39.570037+00:00,kai-scheduler,pod-grouper-65456f756-dqrtd,1.0,9437184
2026-09-17T00:39:39.570037+00:00,kai-scheduler,podgroup-controller-68f9cc8dbf-9xq88,1.0,13631488
2026-09-17T00:39:39.570037+00:00,kai-scheduler,queue-controller-f86fcd76c-js4jc,1.0,13631488
2026-09-17T00:39:39.570037+00:00,kube-system,coredns-8db54c48d-dkq9n,9.0,67108864
2026-09-17T00:39:39.570037+00:00,kube-system,kwok-controller-5cf8c7c44b-gvkjd,90.0,94371840
2026-09-17T00:39:39.570037+00:00,kube-system,local-path-provisioner-5d9d9885bc-qlhkr,1.0,15728640
2026-09-17T00:39:39.570037+00:00,kube-system,metrics-server-75dc6f8d87-fh8ch,28.0,312475648
2026-09-17T00:39:39.570037+00:00,kube-system,svclb-traefik-dacc61bf-xhs49,0.0,0
2026-09-17T00:39:39.570037+00:00,kube-system,traefik-9bcdbbd9-bktmw,13.0,297795584
2026-09-17T00:39:39.570037+00:00,pyroscope,pyroscope-0,5.0,202375168
2026-09-17T00:39:39.570037+00:00,pyroscope,pyroscope-alloy-0,29.0,694157312
2026-09-17T00:40:10.823377+00:00,grove-system,grove-operator-d858d65f9-ck75j,43.0,943718400
2026-09-17T00:40:10.823377+00:00,kai-scheduler,admission-86666f457d-plhlk,1.0,16777216
2026-09-17T00:40:10.823377+00:00,kai-scheduler,kai-operator-69b5d7bcf7-h6bzd,3.0,131072000
2026-09-17T00:40:10.823377+00:00,kai-scheduler,pod-grouper-65456f756-dqrtd,1.0,9437184
2026-09-17T00:40:10.823377+00:00,kai-scheduler,podgroup-controller-68f9cc8dbf-9xq88,1.0,13631488
2026-09-17T00:40:10.823377+00:00,kai-scheduler,queue-controller-f86fcd76c-js4jc,1.0,13631488
2026-09-17T00:40:10.823377+00:00,kube-system,coredns-8db54c48d-dkq9n,10.0,68157440
2026-09-17T00:40:10.823377+00:00,kube-system,kwok-controller-5cf8c7c44b-gvkjd,94.0,96468992
2026-09-17T00:40:10.823377+00:00,kube-system,local-path-provisioner-5d9d9885bc-qlhkr,1.0,15728640
2026-09-17T00:40:10.823377+00:00,kube-system,metrics-server-75dc6f8d87-fh8ch,29.0,316669952
2026-09-17T00:40:10.823377+00:00,kube-system,svclb-traefik-dacc61bf-xhs49,0.0,0
2026-09-17T00:40:10.823377+00:00,kube-system,traefik-9bcdbbd9-bktmw,12.0,298844160
2026-09-17T00:40:10.823377+00:00,pyroscope,pyroscope-0,6.0,202375168
2026-09-17T00:40:10.823377+00:00,pyroscope,pyroscope-alloy-0,17.0,719323136
2026-09-17T00:40:42.073157+00:00,grove-system,grove-operator-d858d65f9-ck75j,63.0,936378368
2026-09-17T00:40:42.073157+00:00,kai-scheduler,admission-86666f457d-plhlk,1.0,16777216
2026-09-17T00:40:42.073157+00:00,kai-scheduler,kai-operator-69b5d7bcf7-h6bzd,5.0,118489088
2026-09-17T00:40:42.073157+00:00,kai-scheduler,pod-grouper-65456f756-dqrtd,1.0,9437184
2026-09-17T00:40:42.073157+00:00,kai-scheduler,podgroup-controller-68f9cc8dbf-9xq88,1.0,13631488
2026-09-17T00:40:42.073157+00:00,kai-scheduler,queue-controller-f86fcd76c-js4jc,1.0,13631488
2026-09-17T00:40:42.073157+00:00,kube-system,coredns-8db54c48d-dkq9n,8.0,69206016
2026-09-17T00:40:42.073157+00:00,kube-system,kwok-controller-5cf8c7c44b-gvkjd,85.0,96468992
2026-09-17T00:40:42.073157+00:00,kube-system,local-path-provisioner-5d9d9885bc-qlhkr,1.0,15728640
2026-09-17T00:40:42.073157+00:00,kube-system,metrics-server-75dc6f8d87-fh8ch,28.0,316669952
2026-09-17T00:40:42.073157+00:00,kube-system,svclb-traefik-dacc61bf-xhs49,0.0,0
2026-09-17T00:40:42.073157+00:00,kube-system,traefik-9bcdbbd9-bktmw,11.0,299892736
2026-09-17T00:40:42.073157+00:00,pyroscope,pyroscope-0,6.0,207618048
2026-09-17T00:40:42.073157+00:00,pyroscope,pyroscope-alloy-0,4.0,720371712
2026-09-17T00:41:13.327436+00:00,grove-system,grove-operator-d858d65f9-ck75j,39.0,936378368
2026-09-17T00:41:13.327436+00:00,kai-scheduler,admission-86666f457d-plhlk,1.0,16777216
2026-09-17T00:41:13.327436+00:00,kai-scheduler,kai-operator-69b5d7bcf7-h6bzd,6.0,118489088
2026-09-17T00:41:13.327436+00:00,kai-scheduler,pod-grouper-65456f756-dqrtd,1.0,9437184
2026-09-17T00:41:13.327436+00:00,kai-scheduler,podgroup-controller-68f9cc8dbf-9xq88,1.0,13631488
2026-09-17T00:41:13.327436+00:00,kai-scheduler,queue-controller-f86fcd76c-js4jc,1.0,13631488
2026-09-17T00:41:13.327436+00:00,kube-system,coredns-8db54c48d-dkq9n,9.0,68157440
2026-09-17T00:41:13.327436+00:00,kube-system,kwok-controller-5cf8c7c44b-gvkjd,80.0,95420416
2026-09-17T00:41:13.327436+00:00,kube-system,local-path-provisioner-5d9d9885bc-qlhkr,1.0,15728640
2026-09-17T00:41:13.327436+00:00,kube-system,metrics-server-75dc6f8d87-fh8ch,28.0,316669952
2026-09-17T00:41:13.327436+00:00,kube-system,svclb-traefik-dacc61bf-xhs49,0.0,0
2026-09-17T00:41:13.327436+00:00,kube-system,traefik-9bcdbbd9-bktmw,17.0,303038464
2026-09-17T00:41:13.327436+00:00,pyroscope,pyroscope-0,6.0,208666624
2026-09-17T00:41:13.327436+00:00,pyroscope,pyroscope-alloy-0,55.0,720371712
2026-09-17T00:41:44.578022+00:00,grove-system,grove-operator-d858d65f9-ck75j,38.0,937426944
2026-09-17T00:41:44.578022+00:00,kai-scheduler,admission-86666f457d-plhlk,1.0,16777216
2026-09-17T00:41:44.578022+00:00,kai-scheduler,kai-operator-69b5d7bcf7-h6bzd,3.0,119537664
2026-09-17T00:41:44.578022+00:00,kai-scheduler,pod-grouper-65456f756-dqrtd,1.0,9437184
2026-09-17T00:41:44.578022+00:00,kai-scheduler,podgroup-controller-68f9cc8dbf-9xq88,1.0,13631488
2026-09-17T00:41:44.578022+00:00,kai-scheduler,queue-controller-f86fcd76c-js4jc,1.0,13631488
2026-09-17T00:41:44.578022+00:00,kube-system,coredns-8db54c48d-dkq9n,6.0,69206016
2026-09-17T00:41:44.578022+00:00,kube-system,kwok-controller-5cf8c7c44b-gvkjd,89.0,95420416
2026-09-17T00:41:44.578022+00:00,kube-system,local-path-provisioner-5d9d9885bc-qlhkr,1.0,15728640
2026-09-17T00:41:44.578022+00:00,kube-system,metrics-server-75dc6f8d87-fh8ch,33.0,317718528
2026-09-17T00:41:44.578022+00:00,kube-system,svclb-traefik-dacc61bf-xhs49,0.0,0
2026-09-17T00:41:44.578022+00:00,kube-system,traefik-9bcdbbd9-bktmw,9.0,304087040
2026-09-17T00:41:44.578022+00:00,pyroscope,pyroscope-0,5.0,208666624
2026-09-17T00:41:44.578022+00:00,pyroscope,pyroscope-alloy-0,5.0,721420288
2026-09-17T00:42:15.827453+00:00,grove-system,grove-operator-d858d65f9-ck75j,46.0,939524096
2026-09-17T00:42:15.827453+00:00,kai-scheduler,admission-86666f457d-plhlk,1.0,16777216
2026-09-17T00:42:15.827453+00:00,kai-scheduler,kai-operator-69b5d7bcf7-h6bzd,3.0,124780544
2026-09-17T00:42:15.827453+00:00,kai-scheduler,pod-grouper-65456f756-dqrtd,1.0,9437184
2026-09-17T00:42:15.827453+00:00,kai-scheduler,podgroup-controller-68f9cc8dbf-9xq88,1.0,13631488
2026-09-17T00:42:15.827453+00:00,kai-scheduler,queue-controller-f86fcd76c-js4jc,1.0,13631488
2026-09-17T00:42:15.827453+00:00,kube-system,coredns-8db54c48d-dkq9n,3.0,67108864
2026-09-17T00:42:15.827453+00:00,kube-system,kwok-controller-5cf8c7c44b-gvkjd,88.0,94371840
2026-09-17T00:42:15.827453+00:00,kube-system,local-path-provisioner-5d9d9885bc-qlhkr,1.0,15728640
2026-09-17T00:42:15.827453+00:00,kube-system,metrics-server-75dc6f8d87-fh8ch,31.0,316669952
2026-09-17T00:42:15.827453+00:00,kube-system,svclb-traefik-dacc61bf-xhs49,0.0,0
2026-09-17T00:42:15.827453+00:00,kube-system,traefik-9bcdbbd9-bktmw,3.0,303038464
2026-09-17T00:42:15.827453+00:00,pyroscope,pyroscope-0,6.0,208666624
2026-09-17T00:42:15.827453+00:00,pyroscope,pyroscope-alloy-0,89.0,723517440
2026-09-17T00:42:47.079621+00:00,grove-system,grove-operator-d858d65f9-ck75j,40.0,941621248
2026-09-17T00:42:47.079621+00:00,kai-scheduler,admission-86666f457d-plhlk,1.0,16777216
2026-09-17T00:42:47.079621+00:00,kai-scheduler,kai-operator-69b5d7bcf7-h6bzd,3.0,124780544
2026-09-17T00:42:47.079621+00:00,kai-scheduler,pod-grouper-65456f756-dqrtd,1.0,9437184
2026-09-17T00:42:47.079621+00:00,kai-scheduler,podgroup-controller-68f9cc8dbf-9xq88,1.0,13631488
2026-09-17T00:42:47.079621+00:00,kai-scheduler,queue-controller-f86fcd76c-js4jc,1.0,13631488
2026-09-17T00:42:47.079621+00:00,kube-system,coredns-8db54c48d-dkq9n,3.0,67108864
2026-09-17T00:42:47.079621+00:00,kube-system,kwok-controller-5cf8c7c44b-gvkjd,84.0,96468992
2026-09-17T00:42:47.079621+00:00,kube-system,local-path-provisioner-5d9d9885bc-qlhkr,1.0,15728640
2026-09-17T00:42:47.079621+00:00,kube-system,metrics-server-75dc6f8d87-fh8ch,27.0,316669952
2026-09-17T00:42:47.079621+00:00,kube-system,svclb-traefik-dacc61bf-xhs49,0.0,0
2026-09-17T00:42:47.079621+00:00,kube-system,traefik-9bcdbbd9-bktmw,3.0,301989888
2026-09-17T00:42:47.079621+00:00,pyroscope,pyroscope-0,3.0,208666624
2026-09-17T00:42:47.079621+00:00,pyroscope,pyroscope-alloy-0,23.0,723517440
2026-09-17T00:43:18.328849+00:00,grove-system,grove-operator-d858d65f9-ck75j,39.0,942669824
2026-09-17T00:43:18.328849+00:00,kai-scheduler,admission-86666f457d-plhlk,1.0,16777216
2026-09-17T00:43:18.328849+00:00,kai-scheduler,kai-operator-69b5d7bcf7-h6bzd,3.0,124780544
2026-09-17T00:43:18.328849+00:00,kai-scheduler,pod-grouper-65456f756-dqrtd,1.0,9437184
2026-09-17T00:43:18.328849+00:00,kai-scheduler,podgroup-controller-68f9cc8dbf-9xq88,1.0,13631488
2026-09-17T00:43:18.328849+00:00,kai-scheduler,queue-controller-f86fcd76c-js4jc,1.0,13631488
2026-09-17T00:43:18.328849+00:00,kube-system,coredns-8db54c48d-dkq9n,3.0,67108864
2026-09-17T00:43:18.328849+00:00,kube-system,kwok-controller-5cf8c7c44b-gvkjd,86.0,96468992
2026-09-17T00:43:18.328849+00:00,kube-system,local-path-provisioner-5d9d9885bc-qlhkr,1.0,15728640
2026-09-17T00:43:18.328849+00:00,kube-system,metrics-server-75dc6f8d87-fh8ch,26.0,316669952
2026-09-17T00:43:18.328849+00:00,kube-system,svclb-traefik-dacc61bf-xhs49,0.0,0
2026-09-17T00:43:18.328849+00:00,kube-system,traefik-9bcdbbd9-bktmw,3.0,301989888
2026-09-17T00:43:18.328849+00:00,pyroscope,pyroscope-0,4.0,209715200
2026-09-17T00:43:18.328849+00:00,pyroscope,pyroscope-alloy-0,43.0,718274560
2026-09-17T00:43:49.579416+00:00,grove-system,grove-operator-d858d65f9-ck75j,42.0,935329792
2026-09-17T00:43:49.579416+00:00,kai-scheduler,admission-86666f457d-plhlk,1.0,16777216
2026-09-17T00:43:49.579416+00:00,kai-scheduler,kai-operator-69b5d7bcf7-h6bzd,3.0,124780544
2026-09-17T00:43:49.579416+00:00,kai-scheduler,pod-grouper-65456f756-dqrtd,1.0,9437184
2026-09-17T00:43:49.579416+00:00,kai-scheduler,podgroup-controller-68f9cc8dbf-9xq88,1.0,13631488
2026-09-17T00:43:49.579416+00:00,kai-scheduler,queue-controller-f86fcd76c-js4jc,1.0,13631488
2026-09-17T00:43:49.579416+00:00,kube-system,coredns-8db54c48d-dkq9n,3.0,66060288
2026-09-17T00:43:49.579416+00:00,kube-system,kwok-controller-5cf8c7c44b-gvkjd,87.0,96468992
2026-09-17T00:43:49.579416+00:00,kube-system,local-path-provisioner-5d9d9885bc-qlhkr,1.0,15728640
2026-09-17T00:43:49.579416+00:00,kube-system,metrics-server-75dc6f8d87-fh8ch,28.0,316669952
2026-09-17T00:43:49.579416+00:00,kube-system,svclb-traefik-dacc61bf-xhs49,0.0,0
2026-09-17T00:43:49.579416+00:00,kube-system,traefik-9bcdbbd9-bktmw,3.0,301989888
2026-09-17T00:43:49.579416+00:00,pyroscope,pyroscope-0,5.0,210763776
2026-09-17T00:43:49.579416+00:00,pyroscope,pyroscope-alloy-0,6.0,718274560
2026-09-17T00:44:20.831443+00:00,grove-system,grove-operator-d858d65f9-ck75j,28.0,936378368
2026-09-17T00:44:20.831443+00:00,kai-scheduler,admission-86666f457d-plhlk,1.0,16777216
2026-09-17T00:44:20.831443+00:00,kai-scheduler,kai-operator-69b5d7bcf7-h6bzd,5.0,108003328
2026-09-17T00:44:20.831443+00:00,kai-scheduler,pod-grouper-65456f756-dqrtd,1.0,9437184
2026-09-17T00:44:20.831443+00:00,kai-scheduler,podgroup-controller-68f9cc8dbf-9xq88,1.0,13631488
2026-09-17T00:44:20.831443+00:00,kai-scheduler,queue-controller-f86fcd76c-js4jc,1.0,13631488
2026-09-17T00:44:20.831443+00:00,kube-system,coredns-8db54c48d-dkq9n,3.0,65011712
2026-09-17T00:44:20.831443+00:00,kube-system,kwok-controller-5cf8c7c44b-gvkjd,92.0,96468992
2026-09-17T00:44:20.831443+00:00,kube-system,local-path-provisioner-5d9d9885bc-qlhkr,1.0,15728640
2026-09-17T00:44:20.831443+00:00,kube-system,metrics-server-75dc6f8d87-fh8ch,31.0,317718528
2026-09-17T00:44:20.831443+00:00,kube-system,svclb-traefik-dacc61bf-xhs49,0.0,0
2026-09-17T00:44:20.831443+00:00,kube-system,traefik-9bcdbbd9-bktmw,3.0,301989888
2026-09-17T00:44:20.831443+00:00,pyroscope,pyroscope-0,5.0,209715200
2026-09-17T00:44:20.831443+00:00,pyroscope,pyroscope-alloy-0,6.0,719323136
2026-09-17T00:44:52.076050+00:00,grove-system,grove-operator-d858d65f9-ck75j,49.0,931135488
2026-09-17T00:44:52.076050+00:00,kai-scheduler,admission-86666f457d-plhlk,1.0,16777216
2026-09-17T00:44:52.076050+00:00,kai-scheduler,kai-operator-69b5d7bcf7-h6bzd,3.0,108003328
2026-09-17T00:44:52.076050+00:00,kai-scheduler,pod-grouper-65456f756-dqrtd,1.0,9437184
2026-09-17T00:44:52.076050+00:00,kai-scheduler,podgroup-controller-68f9cc8dbf-9xq88,1.0,13631488
2026-09-17T00:44:52.076050+00:00,kai-scheduler,queue-controller-f86fcd76c-js4jc,1.0,13631488
2026-09-17T00:44:52.076050+00:00,kube-system,coredns-8db54c48d-dkq9n,3.0,65011712
2026-09-17T00:44:52.076050+00:00,kube-system,kwok-controller-5cf8c7c44b-gvkjd,80.0,95420416
2026-09-17T00:44:52.076050+00:00,kube-system,local-path-provisioner-5d9d9885bc-qlhkr,1.0,15728640
2026-09-17T00:44:52.076050+00:00,kube-system,metrics-server-75dc6f8d87-fh8ch,40.0,317718528
2026-09-17T00:44:52.076050+00:00,kube-system,svclb-traefik-dacc61bf-xhs49,0.0,0
2026-09-17T00:44:52.076050+00:00,kube-system,traefik-9bcdbbd9-bktmw,3.0,301989888
2026-09-17T00:44:52.076050+00:00,pyroscope,pyroscope-0,5.0,210763776
2026-09-17T00:44:52.076050+00:00,pyroscope,pyroscope-alloy-0,7.0,722468864
2026-09-17T00:45:23.323827+00:00,grove-system,grove-operator-d858d65f9-ck75j,45.0,935329792
2026-09-17T00:45:23.323827+00:00,kai-scheduler,admission-86666f457d-plhlk,1.0,16777216
2026-09-17T00:45:23.323827+00:00,kai-scheduler,kai-operator-69b5d7bcf7-h6bzd,3.0,108003328
2026-09-17T00:45:23.323827+00:00,kai-scheduler,pod-grouper-65456f756-dqrtd,1.0,9437184
2026-09-17T00:45:23.323827+00:00,kai-scheduler,podgroup-controller-68f9cc8dbf-9xq88,1.0,13631488
2026-09-17T00:45:23.323827+00:00,kai-scheduler,queue-controller-f86fcd76c-js4jc,1.0,13631488
2026-09-17T00:45:23.323827+00:00,kube-system,coredns-8db54c48d-dkq9n,3.0,65011712
2026-09-17T00:45:23.323827+00:00,kube-system,kwok-controller-5cf8c7c44b-gvkjd,85.0,95420416
2026-09-17T00:45:23.323827+00:00,kube-system,local-path-provisioner-5d9d9885bc-qlhkr,1.0,15728640
2026-09-17T00:45:23.323827+00:00,kube-system,metrics-server-75dc6f8d87-fh8ch,25.0,317718528
2026-09-17T00:45:23.323827+00:00,kube-system,svclb-traefik-dacc61bf-xhs49,0.0,0
2026-09-17T00:45:23.323827+00:00,kube-system,traefik-9bcdbbd9-bktmw,3.0,282066944
2026-09-17T00:45:23.323827+00:00,pyroscope,pyroscope-0,6.0,208666624
2026-09-17T00:45:23.323827+00:00,pyroscope,pyroscope-alloy-0,22.0,730857472
2026-09-17T00:45:54.579444+00:00,grove-system,grove-operator-d858d65f9-ck75j,47.0,930086912
2026-09-17T00:45:54.579444+00:00,kai-scheduler,admission-86666f457d-plhlk,1.0,16777216
2026-09-17T00:45:54.579444+00:00,kai-scheduler,kai-operator-69b5d7bcf7-h6bzd,5.0,104857600
2026-09-17T00:45:54.579444+00:00,kai-scheduler,pod-grouper-65456f756-dqrtd,1.0,9437184
2026-09-17T00:45:54.579444+00:00,kai-scheduler,podgroup-controller-68f9cc8dbf-9xq88,1.0,13631488
2026-09-17T00:45:54.579444+00:00,kai-scheduler,queue-controller-f86fcd76c-js4jc,1.0,13631488
2026-09-17T00:45:54.579444+00:00,kube-system,coredns-8db54c48d-dkq9n,3.0,62914560
2026-09-17T00:45:54.579444+00:00,kube-system,kwok-controller-5cf8c7c44b-gvkjd,93.0,92274688
2026-09-17T00:45:54.579444+00:00,kube-system,local-path-provisioner-5d9d9885bc-qlhkr,1.0,15728640
2026-09-17T00:45:54.579444+00:00,kube-system,metrics-server-75dc6f8d87-fh8ch,33.0,316669952
2026-09-17T00:45:54.579444+00:00,kube-system,svclb-traefik-dacc61bf-xhs49,0.0,0
2026-09-17T00:45:54.579444+00:00,kube-system,traefik-9bcdbbd9-bktmw,3.0,283115520
2026-09-17T00:45:54.579444+00:00,pyroscope,pyroscope-0,4.0,209715200
2026-09-17T00:45:54.579444+00:00,pyroscope,pyroscope-alloy-0,6.0,730857472
2026-09-17T00:46:25.829807+00:00,grove-system,grove-operator-d858d65f9-ck75j,65.0,923795456
2026-09-17T00:46:25.829807+00:00,kai-scheduler,admission-86666f457d-plhlk,1.0,16777216
2026-09-17T00:46:25.829807+00:00,kai-scheduler,binder-869fc94c7-lb9sm,100.0,178257920
2026-09-17T00:46:25.829807+00:00,kai-scheduler,kai-operator-69b5d7bcf7-h6bzd,4.0,103809024
2026-09-17T00:46:25.829807+00:00,kai-scheduler,pod-grouper-65456f756-dqrtd,1.0,9437184
2026-09-17T00:46:25.829807+00:00,kai-scheduler,podgroup-controller-68f9cc8dbf-9xq88,1.0,13631488
2026-09-17T00:46:25.829807+00:00,kai-scheduler,queue-controller-f86fcd76c-js4jc,1.0,13631488
2026-09-17T00:46:25.829807+00:00,kube-system,coredns-8db54c48d-dkq9n,3.0,62914560
2026-09-17T00:46:25.829807+00:00,kube-system,kwok-controller-5cf8c7c44b-gvkjd,490.0,96468992
2026-09-17T00:46:25.829807+00:00,kube-system,local-path-provisioner-5d9d9885bc-qlhkr,1.0,15728640
2026-09-17T00:46:25.829807+00:00,kube-system,metrics-server-75dc6f8d87-fh8ch,41.0,319815680
2026-09-17T00:46:25.829807+00:00,kube-system,svclb-traefik-dacc61bf-xhs49,0.0,0
2026-09-17T00:46:25.829807+00:00,kube-system,traefik-9bcdbbd9-bktmw,3.0,283115520
2026-09-17T00:46:25.829807+00:00,pyroscope,pyroscope-0,6.0,210763776
2026-09-17T00:46:25.829807+00:00,pyroscope,pyroscope-alloy-0,116.0,730857472
2026-09-17T00:46:57.079036+00:00,grove-system,grove-operator-d858d65f9-ck75j,30.0,924844032
2026-09-17T00:46:57.079036+00:00,kai-scheduler,admission-86666f457d-plhlk,1.0,16777216
2026-09-17T00:46:57.079036+00:00,kai-scheduler,kai-operator-69b5d7bcf7-h6bzd,4.0,114294784
2026-09-17T00:46:57.079036+00:00,kai-scheduler,pod-grouper-65456f756-dqrtd,1.0,9437184
2026-09-17T00:46:57.079036+00:00,kai-scheduler,podgroup-controller-68f9cc8dbf-9xq88,1.0,13631488
2026-09-17T00:46:57.079036+00:00,kai-scheduler,queue-controller-f86fcd76c-js4jc,1.0,13631488
2026-09-17T00:46:57.079036+00:00,kube-system,coredns-8db54c48d-dkq9n,3.0,62914560
2026-09-17T00:46:57.079036+00:00,kube-system,kwok-controller-5cf8c7c44b-gvkjd,119.0,94371840
2026-09-17T00:46:57.079036+00:00,kube-system,local-path-provisioner-5d9d9885bc-qlhkr,1.0,15728640
2026-09-17T00:46:57.079036+00:00,kube-system,metrics-server-75dc6f8d87-fh8ch,39.0,318767104
2026-09-17T00:46:57.079036+00:00,kube-system,svclb-traefik-dacc61bf-xhs49,0.0,0
2026-09-17T00:46:57.079036+00:00,kube-system,traefik-9bcdbbd9-bktmw,8.0,279969792
2026-09-17T00:46:57.079036+00:00,pyroscope,pyroscope-0,5.0,205520896
2026-09-17T00:46:57.079036+00:00,pyroscope,pyroscope-alloy-0,139.0,695205888
2026-09-17T00:47:28.328573+00:00,grove-system,grove-operator-d858d65f9-ck75j,38.0,929038336
2026-09-17T00:47:28.328573+00:00,kai-scheduler,admission-86666f457d-plhlk,1.0,16777216
2026-09-17T00:47:28.328573+00:00,kai-scheduler,kai-operator-69b5d7bcf7-h6bzd,1.0,117440512
2026-09-17T00:47:28.328573+00:00,kai-scheduler,pod-grouper-65456f756-dqrtd,1.0,9437184
2026-09-17T00:47:28.328573+00:00,kai-scheduler,podgroup-controller-68f9cc8dbf-9xq88,1.0,13631488
2026-09-17T00:47:28.328573+00:00,kai-scheduler,queue-controller-f86fcd76c-js4jc,1.0,13631488
2026-09-17T00:47:28.328573+00:00,kube-system,coredns-8db54c48d-dkq9n,5.0,61865984
2026-09-17T00:47:28.328573+00:00,kube-system,kwok-controller-5cf8c7c44b-gvkjd,115.0,93323264
2026-09-17T00:47:28.328573+00:00,kube-system,local-path-provisioner-5d9d9885bc-qlhkr,1.0,15728640
2026-09-17T00:47:28.328573+00:00,kube-system,metrics-server-75dc6f8d87-fh8ch,42.0,317718528
2026-09-17T00:47:28.328573+00:00,kube-system,svclb-traefik-dacc61bf-xhs49,0.0,0
2026-09-17T00:47:28.328573+00:00,kube-system,traefik-9bcdbbd9-bktmw,3.0,278921216
2026-09-17T00:47:28.328573+00:00,pyroscope,pyroscope-0,5.0,206569472
2026-09-17T00:47:28.328573+00:00,pyroscope,pyroscope-alloy-0,152.0,694157312
2026-09-17T00:47:59.588356+00:00,grove-system,grove-operator-d858d65f9-ck75j,32.0,935329792
2026-09-17T00:47:59.588356+00:00,kai-scheduler,admission-86666f457d-plhlk,1.0,16777216
2026-09-17T00:47:59.588356+00:00,kai-scheduler,kai-operator-69b5d7bcf7-h6bzd,1.0,117440512
2026-09-17T00:47:59.588356+00:00,kai-scheduler,pod-grouper-65456f756-dqrtd,1.0,9437184
2026-09-17T00:47:59.588356+00:00,kai-scheduler,podgroup-controller-68f9cc8dbf-9xq88,1.0,13631488
2026-09-17T00:47:59.588356+00:00,kai-scheduler,queue-controller-f86fcd76c-js4jc,1.0,13631488
2026-09-17T00:47:59.588356+00:00,kube-system,coredns-8db54c48d-dkq9n,4.0,62914560
2026-09-17T00:47:59.588356+00:00,kube-system,kwok-controller-5cf8c7c44b-gvkjd,117.0,94371840
2026-09-17T00:47:59.588356+00:00,kube-system,local-path-provisioner-5d9d9885bc-qlhkr,1.0,15728640
2026-09-17T00:47:59.588356+00:00,kube-system,metrics-server-75dc6f8d87-fh8ch,45.0,319815680
2026-09-17T00:47:59.588356+00:00,kube-system,svclb-traefik-dacc61bf-xhs49,0.0,0
2026-09-17T00:47:59.588356+00:00,kube-system,traefik-9bcdbbd9-bktmw,3.0,279969792
2026-09-17T00:47:59.588356+00:00,pyroscope,pyroscope-0,6.0,208666624
2026-09-17T00:47:59.588356+00:00,pyroscope,pyroscope-alloy-0,142.0,694157312
2026-09-17T00:48:30.841655+00:00,grove-system,grove-operator-d858d65f9-ck75j,50.0,920649728
2026-09-17T00:48:30.841655+00:00,kai-scheduler,admission-86666f457d-plhlk,1.0,16777216
2026-09-17T00:48:30.841655+00:00,kai-scheduler,kai-operator-69b5d7bcf7-h6bzd,1.0,117440512
2026-09-17T00:48:30.841655+00:00,kai-scheduler,pod-grouper-65456f756-dqrtd,1.0,9437184
2026-09-17T00:48:30.841655+00:00,kai-scheduler,podgroup-controller-68f9cc8dbf-9xq88,1.0,13631488
2026-09-17T00:48:30.841655+00:00,kai-scheduler,queue-controller-f86fcd76c-js4jc,1.0,13631488
2026-09-17T00:48:30.841655+00:00,kube-system,coredns-8db54c48d-dkq9n,4.0,61865984
2026-09-17T00:48:30.841655+00:00,kube-system,kwok-controller-5cf8c7c44b-gvkjd,114.0,94371840
2026-09-17T00:48:30.841655+00:00,kube-system,local-path-provisioner-5d9d9885bc-qlhkr,1.0,15728640
2026-09-17T00:48:30.841655+00:00,kube-system,metrics-server-75dc6f8d87-fh8ch,38.0,317718528
2026-09-17T00:48:30.841655+00:00,kube-system,svclb-traefik-dacc61bf-xhs49,0.0,0
2026-09-17T00:48:30.841655+00:00,kube-system,traefik-9bcdbbd9-bktmw,3.0,279969792
2026-09-17T00:48:30.841655+00:00,pyroscope,pyroscope-0,5.0,209715200
2026-09-17T00:48:30.841655+00:00,pyroscope,pyroscope-alloy-0,175.0,689963008
2026-09-17T00:49:02.093295+00:00,grove-system,grove-operator-d858d65f9-ck75j,30.0,922746880
2026-09-17T00:49:02.093295+00:00,kai-scheduler,admission-86666f457d-plhlk,1.0,16777216
2026-09-17T00:49:02.093295+00:00,kai-scheduler,kai-operator-69b5d7bcf7-h6bzd,1.0,117440512
2026-09-17T00:49:02.093295+00:00,kai-scheduler,pod-grouper-65456f756-dqrtd,1.0,9437184
2026-09-17T00:49:02.093295+00:00,kai-scheduler,podgroup-controller-68f9cc8dbf-9xq88,1.0,13631488
2026-09-17T00:49:02.093295+00:00,kai-scheduler,queue-controller-f86fcd76c-js4jc,1.0,13631488
2026-09-17T00:49:02.093295+00:00,kube-system,coredns-8db54c48d-dkq9n,3.0,61865984
2026-09-17T00:49:02.093295+00:00,kube-system,kwok-controller-5cf8c7c44b-gvkjd,120.0,93323264
2026-09-17T00:49:02.093295+00:00,kube-system,local-path-provisioner-5d9d9885bc-qlhkr,1.0,15728640
2026-09-17T00:49:02.093295+00:00,kube-system,metrics-server-75dc6f8d87-fh8ch,43.0,319815680
2026-09-17T00:49:02.093295+00:00,kube-system,svclb-traefik-dacc61bf-xhs49,0.0,0
2026-09-17T00:49:02.093295+00:00,kube-system,traefik-9bcdbbd9-bktmw,6.0,276824064
2026-09-17T00:49:02.093295+00:00,pyroscope,pyroscope-0,6.0,210763776
2026-09-17T00:49:02.093295+00:00,pyroscope,pyroscope-alloy-0,143.0,682622976
2026-09-17T00:49:33.349224+00:00,grove-system,grove-operator-d858d65f9-ck75j,50.0,921698304
2026-09-17T00:49:33.349224+00:00,kai-scheduler,admission-86666f457d-plhlk,1.0,16777216
2026-09-17T00:49:33.349224+00:00,kai-scheduler,kai-operator-69b5d7bcf7-h6bzd,4.0,103809024
2026-09-17T00:49:33.349224+00:00,kai-scheduler,pod-grouper-65456f756-dqrtd,1.0,9437184
2026-09-17T00:49:33.349224+00:00,kai-scheduler,podgroup-controller-68f9cc8dbf-9xq88,1.0,13631488
2026-09-17T00:49:33.349224+00:00,kai-scheduler,queue-controller-f86fcd76c-js4jc,1.0,13631488
2026-09-17T00:49:33.349224+00:00,kube-system,coredns-8db54c48d-dkq9n,4.0,62914560
2026-09-17T00:49:33.349224+00:00,kube-system,kwok-controller-5cf8c7c44b-gvkjd,123.0,93323264
2026-09-17T00:49:33.349224+00:00,kube-system,local-path-provisioner-5d9d9885bc-qlhkr,1.0,15728640
2026-09-17T00:49:33.349224+00:00,kube-system,metrics-server-75dc6f8d87-fh8ch,41.0,317718528
2026-09-17T00:49:33.349224+00:00,kube-system,svclb-traefik-dacc61bf-xhs49,0.0,0
2026-09-17T00:49:33.349224+00:00,kube-system,traefik-9bcdbbd9-bktmw,3.0,277872640
2026-09-17T00:49:33.349224+00:00,pyroscope,pyroscope-0,5.0,210763776
2026-09-17T00:49:33.349224+00:00,pyroscope,pyroscope-alloy-0,134.0,651165696
2026-09-17T00:50:04.604760+00:00,grove-system,grove-operator-d858d65f9-ck75j,26.0,924844032
2026-09-17T00:50:04.604760+00:00,kai-scheduler,admission-86666f457d-plhlk,1.0,16777216
2026-09-17T00:50:04.604760+00:00,kai-scheduler,kai-operator-69b5d7bcf7-h6bzd,1.0,103809024
2026-09-17T00:50:04.604760+00:00,kai-scheduler,pod-grouper-65456f756-dqrtd,1.0,9437184
2026-09-17T00:50:04.604760+00:00,kai-scheduler,podgroup-controller-68f9cc8dbf-9xq88,1.0,13631488
2026-09-17T00:50:04.604760+00:00,kai-scheduler,queue-controller-f86fcd76c-js4jc,1.0,13631488
2026-09-17T00:50:04.604760+00:00,kube-system,coredns-8db54c48d-dkq9n,3.0,61865984
2026-09-17T00:50:04.604760+00:00,kube-system,kwok-controller-5cf8c7c44b-gvkjd,118.0,94371840
2026-09-17T00:50:04.604760+00:00,kube-system,local-path-provisioner-5d9d9885bc-qlhkr,1.0,15728640
2026-09-17T00:50:04.604760+00:00,kube-system,metrics-server-75dc6f8d87-fh8ch,40.0,318767104
2026-09-17T00:50:04.604760+00:00,kube-system,svclb-traefik-dacc61bf-xhs49,0.0,0
2026-09-17T00:50:04.604760+00:00,kube-system,traefik-9bcdbbd9-bktmw,3.0,277872640
2026-09-17T00:50:04.604760+00:00,pyroscope,pyroscope-0,6.0,211812352
2026-09-17T00:50:04.604760+00:00,pyroscope,pyroscope-alloy-0,152.0,655360000
2026-09-17T00:50:35.854058+00:00,grove-system,grove-operator-d858d65f9-ck75j,43.0,912261120
2026-09-17T00:50:35.854058+00:00,kai-scheduler,admission-86666f457d-plhlk,1.0,16777216
2026-09-17T00:50:35.854058+00:00,kai-scheduler,kai-operator-69b5d7bcf7-h6bzd,1.0,103809024
2026-09-17T00:50:35.854058+00:00,kai-scheduler,pod-grouper-65456f756-dqrtd,1.0,9437184
2026-09-17T00:50:35.854058+00:00,kai-scheduler,podgroup-controller-68f9cc8dbf-9xq88,1.0,13631488
2026-09-17T00:50:35.854058+00:00,kai-scheduler,queue-controller-f86fcd76c-js4jc,1.0,13631488
2026-09-17T00:50:35.854058+00:00,kube-system,coredns-8db54c48d-dkq9n,3.0,61865984
2026-09-17T00:50:35.854058+00:00,kube-system,kwok-controller-5cf8c7c44b-gvkjd,108.0,94371840
2026-09-17T00:50:35.854058+00:00,kube-system,local-path-provisioner-5d9d9885bc-qlhkr,1.0,15728640
2026-09-17T00:50:35.854058+00:00,kube-system,metrics-server-75dc6f8d87-fh8ch,41.0,321912832
2026-09-17T00:50:35.854058+00:00,kube-system,svclb-traefik-dacc61bf-xhs49,0.0,0
2026-09-17T00:50:35.854058+00:00,kube-system,traefik-9bcdbbd9-bktmw,3.0,277872640
2026-09-17T00:50:35.854058+00:00,pyroscope,pyroscope-0,6.0,211812352
2026-09-17T00:50:35.854058+00:00,pyroscope,pyroscope-alloy-0,126.0,642777088
2026-09-17T00:51:07.106553+00:00,grove-system,grove-operator-d858d65f9-ck75j,28.0,913309696
2026-09-17T00:51:07.106553+00:00,kai-scheduler,admission-86666f457d-plhlk,1.0,16777216
2026-09-17T00:51:07.106553+00:00,kai-scheduler,kai-operator-69b5d7bcf7-h6bzd,1.0,103809024
2026-09-17T00:51:07.106553+00:00,kai-scheduler,pod-grouper-65456f756-dqrtd,1.0,9437184
2026-09-17T00:51:07.106553+00:00,kai-scheduler,podgroup-controller-68f9cc8dbf-9xq88,1.0,13631488
2026-09-17T00:51:07.106553+00:00,kai-scheduler,queue-controller-f86fcd76c-js4jc,1.0,13631488
2026-09-17T00:51:07.106553+00:00,kube-system,coredns-8db54c48d-dkq9n,3.0,61865984
2026-09-17T00:51:07.106553+00:00,kube-system,kwok-controller-5cf8c7c44b-gvkjd,115.0,94371840
2026-09-17T00:51:07.106553+00:00,kube-system,local-path-provisioner-5d9d9885bc-qlhkr,1.0,15728640
2026-09-17T00:51:07.106553+00:00,kube-system,metrics-server-75dc6f8d87-fh8ch,51.0,318767104
2026-09-17T00:51:07.106553+00:00,kube-system,svclb-traefik-dacc61bf-xhs49,0.0,0
2026-09-17T00:51:07.106553+00:00,kube-system,traefik-9bcdbbd9-bktmw,8.0,277872640
2026-09-17T00:51:07.106553+00:00,pyroscope,pyroscope-0,5.0,210763776
2026-09-17T00:51:07.106553+00:00,pyroscope,pyroscope-alloy-0,125.0,642777088
2026-09-17T00:51:38.359167+00:00,grove-system,grove-operator-d858d65f9-ck75j,50.0,902823936
2026-09-17T00:51:38.359167+00:00,kai-scheduler,admission-86666f457d-plhlk,1.0,16777216
2026-09-17T00:51:38.359167+00:00,kai-scheduler,kai-operator-69b5d7bcf7-h6bzd,3.0,101711872
2026-09-17T00:51:38.359167+00:00,kai-scheduler,pod-grouper-65456f756-dqrtd,1.0,9437184
2026-09-17T00:51:38.359167+00:00,kai-scheduler,podgroup-controller-68f9cc8dbf-9xq88,1.0,13631488
2026-09-17T00:51:38.359167+00:00,kai-scheduler,queue-controller-f86fcd76c-js4jc,1.0,13631488
2026-09-17T00:51:38.359167+00:00,kube-system,coredns-8db54c48d-dkq9n,5.0,61865984
2026-09-17T00:51:38.359167+00:00,kube-system,kwok-controller-5cf8c7c44b-gvkjd,114.0,92274688
2026-09-17T00:51:38.359167+00:00,kube-system,local-path-provisioner-5d9d9885bc-qlhkr,1.0,15728640
2026-09-17T00:51:38.359167+00:00,kube-system,metrics-server-75dc6f8d87-fh8ch,42.0,317718528
2026-09-17T00:51:38.359167+00:00,kube-system,svclb-traefik-dacc61bf-xhs49,0.0,0
2026-09-17T00:51:38.359167+00:00,kube-system,traefik-9bcdbbd9-bktmw,3.0,277872640
2026-09-17T00:51:38.359167+00:00,pyroscope,pyroscope-0,6.0,211812352
2026-09-17T00:51:38.359167+00:00,pyroscope,pyroscope-alloy-0,117.0,639631360
2026-09-17T00:52:09.607635+00:00,grove-system,grove-operator-d858d65f9-ck75j,25.0,905969664
2026-09-17T00:52:09.607635+00:00,kai-scheduler,admission-86666f457d-plhlk,1.0,16777216
2026-09-17T00:52:09.607635+00:00,kai-scheduler,kai-operator-69b5d7bcf7-h6bzd,4.0,112197632
2026-09-17T00:52:09.607635+00:00,kai-scheduler,pod-grouper-65456f756-dqrtd,1.0,9437184
2026-09-17T00:52:09.607635+00:00,kai-scheduler,podgroup-controller-68f9cc8dbf-9xq88,1.0,13631488
2026-09-17T00:52:09.607635+00:00,kai-scheduler,queue-controller-f86fcd76c-js4jc,1.0,13631488
2026-09-17T00:52:09.607635+00:00,kube-system,coredns-8db54c48d-dkq9n,3.0,61865984
2026-09-17T00:52:09.607635+00:00,kube-system,kwok-controller-5cf8c7c44b-gvkjd,118.0,94371840
2026-09-17T00:52:09.607635+00:00,kube-system,local-path-provisioner-5d9d9885bc-qlhkr,1.0,15728640
2026-09-17T00:52:09.607635+00:00,kube-system,metrics-server-75dc6f8d87-fh8ch,48.0,313524224
2026-09-17T00:52:09.607635+00:00,kube-system,svclb-traefik-dacc61bf-xhs49,0.0,0
2026-09-17T00:52:09.607635+00:00,kube-system,traefik-9bcdbbd9-bktmw,3.0,278921216
2026-09-17T00:52:09.607635+00:00,pyroscope,pyroscope-0,7.0,211812352
2026-09-17T00:52:09.607635+00:00,pyroscope,pyroscope-alloy-0,110.0,643825664
2026-09-17T00:52:40.915511+00:00,grove-system,grove-operator-d858d65f9-ck75j,32.0,905969664
2026-09-17T00:52:40.915511+00:00,kai-scheduler,admission-86666f457d-plhlk,1.0,16777216
2026-09-17T00:52:40.915511+00:00,kai-scheduler,kai-operator-69b5d7bcf7-h6bzd,1.0,112197632
2026-09-17T00:52:40.915511+00:00,kai-scheduler,kai-scheduler-default-85b5b8dff6-8q68j,175.0,487587840
2026-09-17T00:52:40.915511+00:00,kai-scheduler,pod-grouper-65456f756-dqrtd,1.0,9437184
2026-09-17T00:52:40.915511+00:00,kai-scheduler,podgroup-controller-68f9cc8dbf-9xq88,1.0,13631488
2026-09-17T00:52:40.915511+00:00,kai-scheduler,queue-controller-f86fcd76c-js4jc,1.0,13631488
2026-09-17T00:52:40.915511+00:00,kube-system,coredns-8db54c48d-dkq9n,3.0,61865984
2026-09-17T00:52:40.915511+00:00,kube-system,kwok-controller-5cf8c7c44b-gvkjd,114.0,92274688
2026-09-17T00:52:40.915511+00:00,kube-system,local-path-provisioner-5d9d9885bc-qlhkr,1.0,15728640
2026-09-17T00:52:40.915511+00:00,kube-system,metrics-server-75dc6f8d87-fh8ch,48.0,313524224
2026-09-17T00:52:40.915511+00:00,kube-system,svclb-traefik-dacc61bf-xhs49,0.0,0
2026-09-17T00:52:40.915511+00:00,kube-system,traefik-9bcdbbd9-bktmw,3.0,277872640
2026-09-17T00:52:40.915511+00:00,pyroscope,pyroscope-0,5.0,211812352
2026-09-17T00:52:40.915511+00:00,pyroscope,pyroscope-alloy-0,101.0,645922816
2026-09-17T00:53:12.165928+00:00,grove-system,grove-operator-d858d65f9-ck75j,18.0,897581056
2026-09-17T00:53:12.165928+00:00,kai-scheduler,admission-86666f457d-plhlk,1.0,16777216
2026-09-17T00:53:12.165928+00:00,kai-scheduler,kai-operator-69b5d7bcf7-h6bzd,1.0,118489088
2026-09-17T00:53:12.165928+00:00,kai-scheduler,kai-scheduler-default-85b5b8dff6-8q68j,105.0,461373440
2026-09-17T00:53:12.165928+00:00,kai-scheduler,pod-grouper-65456f756-dqrtd,1.0,9437184
2026-09-17T00:53:12.165928+00:00,kai-scheduler,podgroup-controller-68f9cc8dbf-9xq88,1.0,13631488
2026-09-17T00:53:12.165928+00:00,kai-scheduler,queue-controller-f86fcd76c-js4jc,1.0,13631488
2026-09-17T00:53:12.165928+00:00,kube-system,coredns-8db54c48d-dkq9n,3.0,61865984
2026-09-17T00:53:12.165928+00:00,kube-system,kwok-controller-5cf8c7c44b-gvkjd,113.0,94371840
2026-09-17T00:53:12.165928+00:00,kube-system,local-path-provisioner-5d9d9885bc-qlhkr,1.0,15728640
2026-09-17T00:53:12.165928+00:00,kube-system,metrics-server-75dc6f8d87-fh8ch,59.0,311427072
2026-09-17T00:53:12.165928+00:00,kube-system,svclb-traefik-dacc61bf-xhs49,0.0,0
2026-09-17T00:53:12.165928+00:00,kube-system,traefik-9bcdbbd9-bktmw,8.0,278921216
2026-09-17T00:53:12.165928+00:00,pyroscope,pyroscope-0,7.0,212860928
2026-09-17T00:53:12.165928+00:00,pyroscope,pyroscope-alloy-0,109.0,619708416
2026-09-17T00:53:43.417092+00:00,grove-system,grove-operator-d858d65f9-ck75j,21.0,897581056
2026-09-17T00:53:43.417092+00:00,kai-scheduler,admission-86666f457d-plhlk,1.0,16777216
2026-09-17T00:53:43.417092+00:00,kai-scheduler,kai-operator-69b5d7bcf7-h6bzd,1.0,118489088
2026-09-17T00:53:43.417092+00:00,kai-scheduler,kai-scheduler-default-85b5b8dff6-8q68j,95.0,415236096
2026-09-17T00:53:43.417092+00:00,kai-scheduler,pod-grouper-65456f756-dqrtd,1.0,9437184
2026-09-17T00:53:43.417092+00:00,kai-scheduler,podgroup-controller-68f9cc8dbf-9xq88,1.0,13631488
2026-09-17T00:53:43.417092+00:00,kai-scheduler,queue-controller-f86fcd76c-js4jc,1.0,13631488
2026-09-17T00:53:43.417092+00:00,kube-system,coredns-8db54c48d-dkq9n,4.0,61865984
2026-09-17T00:53:43.417092+00:00,kube-system,kwok-controller-5cf8c7c44b-gvkjd,140.0,90177536
2026-09-17T00:53:43.417092+00:00,kube-system,local-path-provisioner-5d9d9885bc-qlhkr,1.0,15728640
2026-09-17T00:53:43.417092+00:00,kube-system,metrics-server-75dc6f8d87-fh8ch,35.0,310378496
2026-09-17T00:53:43.417092+00:00,kube-system,svclb-traefik-dacc61bf-xhs49,0.0,0
2026-09-17T00:53:43.417092+00:00,kube-system,traefik-9bcdbbd9-bktmw,3.0,278921216
2026-09-17T00:53:43.417092+00:00,pyroscope,pyroscope-0,5.0,211812352
2026-09-17T00:53:43.417092+00:00,pyroscope,pyroscope-alloy-0,82.0,622854144
2026-09-17T00:54:14.686937+00:00,grove-system,grove-operator-d858d65f9-ck75j,48.0,898629632
2026-09-17T00:54:14.686937+00:00,kai-scheduler,admission-86666f457d-plhlk,1.0,16777216
2026-09-17T00:54:14.686937+00:00,kai-scheduler,kai-operator-69b5d7bcf7-h6bzd,1.0,118489088
2026-09-17T00:54:14.686937+00:00,kai-scheduler,kai-scheduler-default-85b5b8dff6-8q68j,94.0,422576128
2026-09-17T00:54:14.686937+00:00,kai-scheduler,pod-grouper-65456f756-dqrtd,1.0,9437184
2026-09-17T00:54:14.686937+00:00,kai-scheduler,podgroup-controller-68f9cc8dbf-9xq88,1.0,13631488
2026-09-17T00:54:14.686937+00:00,kai-scheduler,queue-controller-f86fcd76c-js4jc,1.0,13631488
2026-09-17T00:54:14.686937+00:00,kube-system,coredns-8db54c48d-dkq9n,3.0,61865984
2026-09-17T00:54:14.686937+00:00,kube-system,kwok-controller-5cf8c7c44b-gvkjd,249.0,103809024
2026-09-17T00:54:14.686937+00:00,kube-system,local-path-provisioner-5d9d9885bc-qlhkr,1.0,16777216
2026-09-17T00:54:14.686937+00:00,kube-system,metrics-server-75dc6f8d87-fh8ch,50.0,309329920
2026-09-17T00:54:14.686937+00:00,kube-system,svclb-traefik-dacc61bf-xhs49,0.0,0
2026-09-17T00:54:14.686937+00:00,kube-system,traefik-9bcdbbd9-bktmw,3.0,279969792
2026-09-17T00:54:14.686937+00:00,pyroscope,pyroscope-0,4.0,211812352
2026-09-17T00:54:14.686937+00:00,pyroscope,pyroscope-alloy-0,107.0,616562688
2026-09-17T00:54:45.948097+00:00,grove-system,grove-operator-d858d65f9-ck75j,48.0,893386752
2026-09-17T00:54:45.948097+00:00,kai-scheduler,admission-86666f457d-plhlk,1.0,17825792
2026-09-17T00:54:45.948097+00:00,kai-scheduler,kai-operator-69b5d7bcf7-h6bzd,3.0,103809024
2026-09-17T00:54:45.948097+00:00,kai-scheduler,kai-scheduler-default-85b5b8dff6-8q68j,96.0,418381824
2026-09-17T00:54:45.948097+00:00,kai-scheduler,pod-grouper-65456f756-dqrtd,1.0,9437184
2026-09-17T00:54:45.948097+00:00,kai-scheduler,podgroup-controller-68f9cc8dbf-9xq88,1.0,13631488
2026-09-17T00:54:45.948097+00:00,kai-scheduler,queue-controller-f86fcd76c-js4jc,1.0,13631488
2026-09-17T00:54:45.948097+00:00,kube-system,coredns-8db54c48d-dkq9n,3.0,61865984
2026-09-17T00:54:45.948097+00:00,kube-system,kwok-controller-5cf8c7c44b-gvkjd,116.0,91226112
2026-09-17T00:54:45.948097+00:00,kube-system,local-path-provisioner-5d9d9885bc-qlhkr,1.0,15728640
2026-09-17T00:54:45.948097+00:00,kube-system,metrics-server-75dc6f8d87-fh8ch,38.0,309329920
2026-09-17T00:54:45.948097+00:00,kube-system,svclb-traefik-dacc61bf-xhs49,0.0,0
2026-09-17T00:54:45.948097+00:00,kube-system,traefik-9bcdbbd9-bktmw,3.0,278921216
2026-09-17T00:54:45.948097+00:00,pyroscope,pyroscope-0,6.0,212860928
2026-09-17T00:54:45.948097+00:00,pyroscope,pyroscope-alloy-0,95.0,592445440
2026-09-17T00:55:17.201219+00:00,grove-system,grove-operator-d858d65f9-ck75j,30.0,893386752
2026-09-17T00:55:17.201219+00:00,kai-scheduler,admission-86666f457d-plhlk,1.0,16777216
2026-09-17T00:55:17.201219+00:00,kai-scheduler,kai-operator-69b5d7bcf7-h6bzd,1.0,103809024
2026-09-17T00:55:17.201219+00:00,kai-scheduler,kai-scheduler-default-85b5b8dff6-8q68j,94.0,377487360
2026-09-17T00:55:17.201219+00:00,kai-scheduler,pod-grouper-65456f756-dqrtd,1.0,9437184
2026-09-17T00:55:17.201219+00:00,kai-scheduler,podgroup-controller-68f9cc8dbf-9xq88,1.0,13631488
2026-09-17T00:55:17.201219+00:00,kai-scheduler,queue-controller-f86fcd76c-js4jc,1.0,13631488
2026-09-17T00:55:17.201219+00:00,kube-system,coredns-8db54c48d-dkq9n,3.0,60817408
2026-09-17T00:55:17.201219+00:00,kube-system,kwok-controller-5cf8c7c44b-gvkjd,120.0,92274688
2026-09-17T00:55:17.201219+00:00,kube-system,local-path-provisioner-5d9d9885bc-qlhkr,1.0,15728640
2026-09-17T00:55:17.201219+00:00,kube-system,metrics-server-75dc6f8d87-fh8ch,49.0,301989888
2026-09-17T00:55:17.201219+00:00,kube-system,svclb-traefik-dacc61bf-xhs49,0.0,0
2026-09-17T00:55:17.201219+00:00,kube-system,traefik-9bcdbbd9-bktmw,3.0,276824064
2026-09-17T00:55:17.201219+00:00,pyroscope,pyroscope-0,6.0,212860928
2026-09-17T00:55:17.201219+00:00,pyroscope,pyroscope-alloy-0,96.0,595591168
2026-09-17T00:55:48.449241+00:00,grove-system,grove-operator-d858d65f9-ck75j,45.0,887095296
2026-09-17T00:55:48.449241+00:00,kai-scheduler,admission-86666f457d-plhlk,1.0,16777216
2026-09-17T00:55:48.449241+00:00,kai-scheduler,kai-operator-69b5d7bcf7-h6bzd,1.0,103809024
2026-09-17T00:55:48.449241+00:00,kai-scheduler,kai-scheduler-default-85b5b8dff6-8q68j,91.0,395313152
2026-09-17T00:55:48.449241+00:00,kai-scheduler,pod-grouper-65456f756-dqrtd,1.0,9437184
2026-09-17T00:55:48.449241+00:00,kai-scheduler,podgroup-controller-68f9cc8dbf-9xq88,1.0,13631488
2026-09-17T00:55:48.449241+00:00,kai-scheduler,queue-controller-f86fcd76c-js4jc,1.0,13631488
2026-09-17T00:55:48.449241+00:00,kube-system,coredns-8db54c48d-dkq9n,3.0,61865984
2026-09-17T00:55:48.449241+00:00,kube-system,kwok-controller-5cf8c7c44b-gvkjd,123.0,92274688
2026-09-17T00:55:48.449241+00:00,kube-system,local-path-provisioner-5d9d9885bc-qlhkr,1.0,15728640
2026-09-17T00:55:48.449241+00:00,kube-system,metrics-server-75dc6f8d87-fh8ch,41.0,300941312
2026-09-17T00:55:48.449241+00:00,kube-system,svclb-traefik-dacc61bf-xhs49,0.0,0
2026-09-17T00:55:48.449241+00:00,kube-system,traefik-9bcdbbd9-bktmw,3.0,275775488
2026-09-17T00:55:48.449241+00:00,pyroscope,pyroscope-0,6.0,209715200
2026-09-17T00:55:48.449241+00:00,pyroscope,pyroscope-alloy-0,89.0,588251136
2026-09-17T00:56:19.697074+00:00,grove-system,grove-operator-d858d65f9-ck75j,42.0,887095296
2026-09-17T00:56:19.697074+00:00,kai-scheduler,admission-86666f457d-plhlk,1.0,16777216
2026-09-17T00:56:19.697074+00:00,kai-scheduler,kai-operator-69b5d7bcf7-h6bzd,3.0,104857600
2026-09-17T00:56:19.697074+00:00,kai-scheduler,kai-scheduler-default-85b5b8dff6-8q68j,78.0,385875968
2026-09-17T00:56:19.697074+00:00,kai-scheduler,pod-grouper-65456f756-dqrtd,1.0,9437184
2026-09-17T00:56:19.697074+00:00,kai-scheduler,podgroup-controller-68f9cc8dbf-9xq88,1.0,13631488
2026-09-17T00:56:19.697074+00:00,kai-scheduler,queue-controller-f86fcd76c-js4jc,1.0,13631488
2026-09-17T00:56:19.697074+00:00,kube-system,coredns-8db54c48d-dkq9n,3.0,61865984
2026-09-17T00:56:19.697074+00:00,kube-system,kwok-controller-5cf8c7c44b-gvkjd,94.0,92274688
2026-09-17T00:56:19.697074+00:00,kube-system,local-path-provisioner-5d9d9885bc-qlhkr,1.0,15728640
2026-09-17T00:56:19.697074+00:00,kube-system,metrics-server-75dc6f8d87-fh8ch,28.0,300941312
2026-09-17T00:56:19.697074+00:00,kube-system,svclb-traefik-dacc61bf-xhs49,0.0,0
2026-09-17T00:56:19.697074+00:00,kube-system,traefik-9bcdbbd9-bktmw,4.0,276824064
2026-09-17T00:56:19.697074+00:00,pyroscope,pyroscope-0,10.0,218103808
2026-09-17T00:56:19.697074+00:00,pyroscope,pyroscope-alloy-0,8.0,581959680
2026-09-17T00:56:50.942277+00:00,grove-system,grove-operator-d858d65f9-ck75j,29.0,884998144
2026-09-17T00:56:50.942277+00:00,kai-scheduler,admission-86666f457d-plhlk,1.0,16777216
2026-09-17T00:56:50.942277+00:00,kai-scheduler,kai-operator-69b5d7bcf7-h6bzd,4.0,102760448
2026-09-17T00:56:50.942277+00:00,kai-scheduler,kai-scheduler-default-85b5b8dff6-8q68j,75.0,391118848
2026-09-17T00:56:50.942277+00:00,kai-scheduler,pod-grouper-65456f756-dqrtd,1.0,9437184
2026-09-17T00:56:50.942277+00:00,kai-scheduler,podgroup-controller-68f9cc8dbf-9xq88,1.0,13631488
2026-09-17T00:56:50.942277+00:00,kai-scheduler,queue-controller-f86fcd76c-js4jc,1.0,13631488
2026-09-17T00:56:50.942277+00:00,kube-system,coredns-8db54c48d-dkq9n,4.0,61865984
2026-09-17T00:56:50.942277+00:00,kube-system,kwok-controller-5cf8c7c44b-gvkjd,91.0,92274688
2026-09-17T00:56:50.942277+00:00,kube-system,local-path-provisioner-5d9d9885bc-qlhkr,1.0,15728640
2026-09-17T00:56:50.942277+00:00,kube-system,metrics-server-75dc6f8d87-fh8ch,37.0,296747008
2026-09-17T00:56:50.942277+00:00,kube-system,svclb-traefik-dacc61bf-xhs49,0.0,0
2026-09-17T00:56:50.942277+00:00,kube-system,traefik-9bcdbbd9-bktmw,4.0,275775488
2026-09-17T00:56:50.942277+00:00,pyroscope,pyroscope-0,5.0,216006656
2026-09-17T00:56:50.942277+00:00,pyroscope,pyroscope-alloy-0,17.0,595591168
2026-09-17T00:57:22.193815+00:00,grove-system,grove-operator-d858d65f9-ck75j,70.0,880803840
2026-09-17T00:57:22.193815+00:00,kai-scheduler,admission-86666f457d-plhlk,1.0,16777216
2026-09-17T00:57:22.193815+00:00,kai-scheduler,binder-869fc94c7-lb9sm,9.0,198180864
2026-09-17T00:57:22.193815+00:00,kai-scheduler,kai-operator-69b5d7bcf7-h6bzd,3.0,103809024
2026-09-17T00:57:22.193815+00:00,kai-scheduler,kai-scheduler-default-85b5b8dff6-8q68j,76.0,370147328
2026-09-17T00:57:22.193815+00:00,kai-scheduler,pod-grouper-65456f756-dqrtd,1.0,9437184
2026-09-17T00:57:22.193815+00:00,kai-scheduler,podgroup-controller-68f9cc8dbf-9xq88,1.0,13631488
2026-09-17T00:57:22.193815+00:00,kai-scheduler,queue-controller-f86fcd76c-js4jc,1.0,13631488
2026-09-17T00:57:22.193815+00:00,kube-system,coredns-8db54c48d-dkq9n,3.0,61865984
2026-09-17T00:57:22.193815+00:00,kube-system,kwok-controller-5cf8c7c44b-gvkjd,77.0,90177536
2026-09-17T00:57:22.193815+00:00,kube-system,local-path-provisioner-5d9d9885bc-qlhkr,1.0,15728640
2026-09-17T00:57:22.193815+00:00,kube-system,metrics-server-75dc6f8d87-fh8ch,25.0,295698432
2026-09-17T00:57:22.193815+00:00,kube-system,svclb-traefik-dacc61bf-xhs49,0.0,0
2026-09-17T00:57:22.193815+00:00,kube-system,traefik-9bcdbbd9-bktmw,3.0,274726912
2026-09-17T00:57:22.193815+00:00,pyroscope,pyroscope-0,5.0,211812352
2026-09-17T00:57:22.193815+00:00,pyroscope,pyroscope-alloy-0,6.0,597688320
2026-09-17T00:57:53.445116+00:00,grove-system,grove-operator-d858d65f9-ck75j,90.0,874512384
2026-09-17T00:57:53.445116+00:00,kai-scheduler,admission-86666f457d-plhlk,1.0,16777216
2026-09-17T00:57:53.445116+00:00,kai-scheduler,binder-869fc94c7-lb9sm,1.0,198180864
2026-09-17T00:57:53.445116+00:00,kai-scheduler,kai-operator-69b5d7bcf7-h6bzd,3.0,103809024
2026-09-17T00:57:53.445116+00:00,kai-scheduler,kai-scheduler-default-85b5b8dff6-8q68j,75.0,369098752
2026-09-17T00:57:53.445116+00:00,kai-scheduler,pod-grouper-65456f756-dqrtd,1.0,9437184
2026-09-17T00:57:53.445116+00:00,kai-scheduler,podgroup-controller-68f9cc8dbf-9xq88,1.0,13631488
2026-09-17T00:57:53.445116+00:00,kai-scheduler,queue-controller-f86fcd76c-js4jc,1.0,13631488
2026-09-17T00:57:53.445116+00:00,kube-system,coredns-8db54c48d-dkq9n,3.0,60817408
2026-09-17T00:57:53.445116+00:00,kube-system,kwok-controller-5cf8c7c44b-gvkjd,91.0,91226112
2026-09-17T00:57:53.445116+00:00,kube-system,local-path-provisioner-5d9d9885bc-qlhkr,1.0,15728640
2026-09-17T00:57:53.445116+00:00,kube-system,metrics-server-75dc6f8d87-fh8ch,32.0,295698432
2026-09-17T00:57:53.445116+00:00,kube-system,svclb-traefik-dacc61bf-xhs49,0.0,0
2026-09-17T00:57:53.445116+00:00,kube-system,traefik-9bcdbbd9-bktmw,3.0,273678336
2026-09-17T00:57:53.445116+00:00,pyroscope,pyroscope-0,7.0,206569472
2026-09-17T00:57:53.445116+00:00,pyroscope,pyroscope-alloy-0,6.0,606076928
2026-09-17T00:58:24.692944+00:00,grove-system,grove-operator-d858d65f9-ck75j,97.0,866123776
2026-09-17T00:58:24.692944+00:00,kai-scheduler,admission-86666f457d-plhlk,1.0,16777216
2026-09-17T00:58:24.692944+00:00,kai-scheduler,binder-869fc94c7-lb9sm,1.0,198180864
2026-09-17T00:58:24.692944+00:00,kai-scheduler,kai-operator-69b5d7bcf7-h6bzd,3.0,103809024
2026-09-17T00:58:24.692944+00:00,kai-scheduler,kai-scheduler-default-85b5b8dff6-8q68j,79.0,378535936
2026-09-17T00:58:24.692944+00:00,kai-scheduler,pod-grouper-65456f756-dqrtd,1.0,9437184
2026-09-17T00:58:24.692944+00:00,kai-scheduler,podgroup-controller-68f9cc8dbf-9xq88,1.0,13631488
2026-09-17T00:58:24.692944+00:00,kai-scheduler,queue-controller-f86fcd76c-js4jc,1.0,13631488
2026-09-17T00:58:24.692944+00:00,kube-system,coredns-8db54c48d-dkq9n,3.0,60817408
2026-09-17T00:58:24.692944+00:00,kube-system,kwok-controller-5cf8c7c44b-gvkjd,79.0,91226112
2026-09-17T00:58:24.692944+00:00,kube-system,local-path-provisioner-5d9d9885bc-qlhkr,1.0,15728640
2026-09-17T00:58:24.692944+00:00,kube-system,metrics-server-75dc6f8d87-fh8ch,29.0,297795584
2026-09-17T00:58:24.692944+00:00,kube-system,svclb-traefik-dacc61bf-xhs49,0.0,0
2026-09-17T00:58:24.692944+00:00,kube-system,traefik-9bcdbbd9-bktmw,3.0,274726912
2026-09-17T00:58:24.692944+00:00,pyroscope,pyroscope-0,5.0,206569472
2026-09-17T00:58:24.692944+00:00,pyroscope,pyroscope-alloy-0,7.0,608174080
2026-09-17T00:58:55.938601+00:00,grove-system,grove-operator-d858d65f9-ck75j,90.0,870318080
2026-09-17T00:58:55.938601+00:00,kai-scheduler,admission-86666f457d-plhlk,1.0,16777216
2026-09-17T00:58:55.938601+00:00,kai-scheduler,binder-869fc94c7-lb9sm,3.0,198180864
2026-09-17T00:58:55.938601+00:00,kai-scheduler,kai-operator-69b5d7bcf7-h6bzd,3.0,103809024
2026-09-17T00:58:55.938601+00:00,kai-scheduler,kai-scheduler-default-85b5b8dff6-8q68j,79.0,417333248
2026-09-17T00:58:55.938601+00:00,kai-scheduler,pod-grouper-65456f756-dqrtd,1.0,9437184
2026-09-17T00:58:55.938601+00:00,kai-scheduler,podgroup-controller-68f9cc8dbf-9xq88,1.0,13631488
2026-09-17T00:58:55.938601+00:00,kai-scheduler,queue-controller-f86fcd76c-js4jc,1.0,13631488
2026-09-17T00:58:55.938601+00:00,kube-system,coredns-8db54c48d-dkq9n,3.0,60817408
2026-09-17T00:58:55.938601+00:00,kube-system,kwok-controller-5cf8c7c44b-gvkjd,78.0,92274688
2026-09-17T00:58:55.938601+00:00,kube-system,local-path-provisioner-5d9d9885bc-qlhkr,1.0,15728640
2026-09-17T00:58:55.938601+00:00,kube-system,metrics-server-75dc6f8d87-fh8ch,33.0,295698432
2026-09-17T00:58:55.938601+00:00,kube-system,svclb-traefik-dacc61bf-xhs49,0.0,0
2026-09-17T00:58:55.938601+00:00,kube-system,traefik-9bcdbbd9-bktmw,9.0,271581184
2026-09-17T00:58:55.938601+00:00,pyroscope,pyroscope-0,5.0,210763776
2026-09-17T00:58:55.938601+00:00,pyroscope,pyroscope-alloy-0,32.0,611319808
2026-09-17T00:59:27.185441+00:00,grove-system,grove-operator-d858d65f9-ck75j,44.0,872415232
2026-09-17T00:59:27.185441+00:00,kai-scheduler,admission-86666f457d-plhlk,1.0,16777216
2026-09-17T00:59:27.185441+00:00,kai-scheduler,binder-869fc94c7-lb9sm,1.0,198180864
2026-09-17T00:59:27.185441+00:00,kai-scheduler,kai-operator-69b5d7bcf7-h6bzd,3.0,102760448
2026-09-17T00:59:27.185441+00:00,kai-scheduler,kai-scheduler-default-85b5b8dff6-8q68j,76.0,387973120
2026-09-17T00:59:27.185441+00:00,kai-scheduler,pod-grouper-65456f756-dqrtd,1.0,9437184
2026-09-17T00:59:27.185441+00:00,kai-scheduler,podgroup-controller-68f9cc8dbf-9xq88,1.0,13631488
2026-09-17T00:59:27.185441+00:00,kai-scheduler,queue-controller-f86fcd76c-js4jc,1.0,13631488
2026-09-17T00:59:27.185441+00:00,kube-system,coredns-8db54c48d-dkq9n,4.0,60817408
2026-09-17T00:59:27.185441+00:00,kube-system,kwok-controller-5cf8c7c44b-gvkjd,434.0,96468992
2026-09-17T00:59:27.185441+00:00,kube-system,local-path-provisioner-5d9d9885bc-qlhkr,1.0,15728640
2026-09-17T00:59:27.185441+00:00,kube-system,metrics-server-75dc6f8d87-fh8ch,27.0,294649856
2026-09-17T00:59:27.185441+00:00,kube-system,svclb-traefik-dacc61bf-xhs49,0.0,0
2026-09-17T00:59:27.185441+00:00,kube-system,traefik-9bcdbbd9-bktmw,4.0,272629760
2026-09-17T00:59:27.185441+00:00,pyroscope,pyroscope-0,5.0,210763776
2026-09-17T00:59:27.185441+00:00,pyroscope,pyroscope-alloy-0,6.0,614465536
2026-09-17T00:59:58.436695+00:00,grove-system,grove-operator-d858d65f9-ck75j,38.0,864026624
2026-09-17T00:59:58.436695+00:00,kai-scheduler,admission-86666f457d-plhlk,1.0,16777216
2026-09-17T00:59:58.436695+00:00,kai-scheduler,binder-869fc94c7-lb9sm,1.0,198180864
2026-09-17T00:59:58.436695+00:00,kai-scheduler,kai-operator-69b5d7bcf7-h6bzd,3.0,102760448
2026-09-17T00:59:58.436695+00:00,kai-scheduler,kai-scheduler-default-85b5b8dff6-8q68j,77.0,417333248
2026-09-17T00:59:58.436695+00:00,kai-scheduler,pod-grouper-65456f756-dqrtd,1.0,9437184
2026-09-17T00:59:58.436695+00:00,kai-scheduler,podgroup-controller-68f9cc8dbf-9xq88,1.0,13631488
2026-09-17T00:59:58.436695+00:00,kai-scheduler,queue-controller-f86fcd76c-js4jc,1.0,13631488
2026-09-17T00:59:58.436695+00:00,kube-system,coredns-8db54c48d-dkq9n,3.0,61865984
2026-09-17T00:59:58.436695+00:00,kube-system,kwok-controller-5cf8c7c44b-gvkjd,81.0,92274688
2026-09-17T00:59:58.436695+00:00,kube-system,local-path-provisioner-5d9d9885bc-qlhkr,1.0,15728640
2026-09-17T00:59:58.436695+00:00,kube-system,metrics-server-75dc6f8d87-fh8ch,38.0,295698432
2026-09-17T00:59:58.436695+00:00,kube-system,svclb-traefik-dacc61bf-xhs49,0.0,0
2026-09-17T00:59:58.436695+00:00,kube-system,traefik-9bcdbbd9-bktmw,3.0,271581184
2026-09-17T00:59:58.436695+00:00,pyroscope,pyroscope-0,7.0,210763776
2026-09-17T00:59:58.436695+00:00,pyroscope,pyroscope-alloy-0,19.0,614465536
2026-09-17T01:00:29.685629+00:00,grove-system,grove-operator-d858d65f9-ck75j,37.0,864026624
2026-09-17T01:00:29.685629+00:00,kai-scheduler,admission-86666f457d-plhlk,1.0,16777216
2026-09-17T01:00:29.685629+00:00,kai-scheduler,binder-869fc94c7-lb9sm,1.0,198180864
2026-09-17T01:00:29.685629+00:00,kai-scheduler,kai-operator-69b5d7bcf7-h6bzd,3.0,103809024
2026-09-17T01:00:29.685629+00:00,kai-scheduler,kai-scheduler-default-85b5b8dff6-8q68j,77.0,415236096
2026-09-17T01:00:29.685629+00:00,kai-scheduler,pod-grouper-65456f756-dqrtd,1.0,9437184
2026-09-17T01:00:29.685629+00:00,kai-scheduler,podgroup-controller-68f9cc8dbf-9xq88,1.0,13631488
2026-09-17T01:00:29.685629+00:00,kai-scheduler,queue-controller-f86fcd76c-js4jc,1.0,13631488
2026-09-17T01:00:29.685629+00:00,kube-system,coredns-8db54c48d-dkq9n,3.0,62914560
2026-09-17T01:00:29.685629+00:00,kube-system,kwok-controller-5cf8c7c44b-gvkjd,83.0,91226112
2026-09-17T01:00:29.685629+00:00,kube-system,local-path-provisioner-5d9d9885bc-qlhkr,1.0,15728640
2026-09-17T01:00:29.685629+00:00,kube-system,metrics-server-75dc6f8d87-fh8ch,36.0,295698432
2026-09-17T01:00:29.685629+00:00,kube-system,svclb-traefik-dacc61bf-xhs49,0.0,0
2026-09-17T01:00:29.685629+00:00,kube-system,traefik-9bcdbbd9-bktmw,3.0,271581184
2026-09-17T01:00:29.685629+00:00,pyroscope,pyroscope-0,5.0,210763776
2026-09-17T01:00:29.685629+00:00,pyroscope,pyroscope-alloy-0,6.0,619708416
2026-09-17T01:01:00.936473+00:00,grove-system,grove-operator-d858d65f9-ck75j,54.0,865075200
2026-09-17T01:01:00.936473+00:00,kai-scheduler,admission-86666f457d-plhlk,1.0,16777216
2026-09-17T01:01:00.936473+00:00,kai-scheduler,binder-869fc94c7-lb9sm,1.0,198180864
2026-09-17T01:01:00.936473+00:00,kai-scheduler,kai-operator-69b5d7bcf7-h6bzd,3.0,102760448
2026-09-17T01:01:00.936473+00:00,kai-scheduler,kai-scheduler-default-85b5b8dff6-8q68j,75.0,415236096
2026-09-17T01:01:00.936473+00:00,kai-scheduler,pod-grouper-65456f756-dqrtd,1.0,9437184
2026-09-17T01:01:00.936473+00:00,kai-scheduler,podgroup-controller-68f9cc8dbf-9xq88,1.0,13631488
2026-09-17T01:01:00.936473+00:00,kai-scheduler,queue-controller-f86fcd76c-js4jc,1.0,13631488
2026-09-17T01:01:00.936473+00:00,kube-system,coredns-8db54c48d-dkq9n,3.0,61865984
2026-09-17T01:01:00.936473+00:00,kube-system,kwok-controller-5cf8c7c44b-gvkjd,91.0,92274688
2026-09-17T01:01:00.936473+00:00,kube-system,local-path-provisioner-5d9d9885bc-qlhkr,1.0,15728640
2026-09-17T01:01:00.936473+00:00,kube-system,metrics-server-75dc6f8d87-fh8ch,28.0,295698432
2026-09-17T01:01:00.936473+00:00,kube-system,svclb-traefik-dacc61bf-xhs49,0.0,0
2026-09-17T01:01:00.936473+00:00,kube-system,traefik-9bcdbbd9-bktmw,3.0,273678336
2026-09-17T01:01:00.936473+00:00,pyroscope,pyroscope-0,5.0,210763776
2026-09-17T01:01:00.936473+00:00,pyroscope,pyroscope-alloy-0,6.0,615514112
2026-09-17T01:01:32.190688+00:00,grove-system,grove-operator-d858d65f9-ck75j,31.0,866123776
2026-09-17T01:01:32.190688+00:00,kai-scheduler,admission-86666f457d-plhlk,1.0,16777216
2026-09-17T01:01:32.190688+00:00,kai-scheduler,binder-869fc94c7-lb9sm,1.0,198180864
2026-09-17T01:01:32.190688+00:00,kai-scheduler,kai-operator-69b5d7bcf7-h6bzd,3.0,102760448
2026-09-17T01:01:32.190688+00:00,kai-scheduler,kai-scheduler-default-85b5b8dff6-8q68j,78.0,391118848
2026-09-17T01:01:32.190688+00:00,kai-scheduler,pod-grouper-65456f756-dqrtd,1.0,9437184
2026-09-17T01:01:32.190688+00:00,kai-scheduler,podgroup-controller-68f9cc8dbf-9xq88,1.0,13631488
2026-09-17T01:01:32.190688+00:00,kai-scheduler,queue-controller-f86fcd76c-js4jc,1.0,13631488
2026-09-17T01:01:32.190688+00:00,kube-system,coredns-8db54c48d-dkq9n,4.0,61865984
2026-09-17T01:01:32.190688+00:00,kube-system,kwok-controller-5cf8c7c44b-gvkjd,85.0,90177536
2026-09-17T01:01:32.190688+00:00,kube-system,local-path-provisioner-5d9d9885bc-qlhkr,1.0,15728640
2026-09-17T01:01:32.190688+00:00,kube-system,metrics-server-75dc6f8d87-fh8ch,26.0,294649856
2026-09-17T01:01:32.190688+00:00,kube-system,svclb-traefik-dacc61bf-xhs49,0.0,0
2026-09-17T01:01:32.190688+00:00,kube-system,traefik-9bcdbbd9-bktmw,3.0,272629760
2026-09-17T01:01:32.190688+00:00,pyroscope,pyroscope-0,6.0,210763776
2026-09-17T01:01:32.190688+00:00,pyroscope,pyroscope-alloy-0,6.0,618659840
2026-09-17T01:02:03.442375+00:00,grove-system,grove-operator-d858d65f9-ck75j,31.0,853540864
2026-09-17T01:02:03.442375+00:00,kai-scheduler,admission-86666f457d-plhlk,1.0,16777216
2026-09-17T01:02:03.442375+00:00,kai-scheduler,binder-869fc94c7-lb9sm,1.0,198180864
2026-09-17T01:02:03.442375+00:00,kai-scheduler,kai-operator-69b5d7bcf7-h6bzd,3.0,102760448
2026-09-17T01:02:03.442375+00:00,kai-scheduler,kai-scheduler-default-85b5b8dff6-8q68j,78.0,397410304
2026-09-17T01:02:03.442375+00:00,kai-scheduler,pod-grouper-65456f756-dqrtd,1.0,9437184
2026-09-17T01:02:03.442375+00:00,kai-scheduler,podgroup-controller-68f9cc8dbf-9xq88,1.0,13631488
2026-09-17T01:02:03.442375+00:00,kai-scheduler,queue-controller-f86fcd76c-js4jc,1.0,13631488
2026-09-17T01:02:03.442375+00:00,kube-system,coredns-8db54c48d-dkq9n,3.0,60817408
2026-09-17T01:02:03.442375+00:00,kube-system,kwok-controller-5cf8c7c44b-gvkjd,87.0,91226112
2026-09-17T01:02:03.442375+00:00,kube-system,local-path-provisioner-5d9d9885bc-qlhkr,1.0,15728640
2026-09-17T01:02:03.442375+00:00,kube-system,metrics-server-75dc6f8d87-fh8ch,25.0,296747008
2026-09-17T01:02:03.442375+00:00,kube-system,svclb-traefik-dacc61bf-xhs49,0.0,0
2026-09-17T01:02:03.442375+00:00,kube-system,traefik-9bcdbbd9-bktmw,3.0,271581184
2026-09-17T01:02:03.442375+00:00,pyroscope,pyroscope-0,6.0,211812352
2026-09-17T01:02:03.442375+00:00,pyroscope,pyroscope-alloy-0,44.0,608174080
2026-09-17T01:02:34.685179+00:00,grove-system,grove-operator-d858d65f9-ck75j,28.0,850395136
2026-09-17T01:02:34.685179+00:00,kai-scheduler,admission-86666f457d-plhlk,1.0,16777216
2026-09-17T01:02:34.685179+00:00,kai-scheduler,binder-869fc94c7-lb9sm,1.0,199229440
2026-09-17T01:02:34.685179+00:00,kai-scheduler,kai-operator-69b5d7bcf7-h6bzd,3.0,102760448
2026-09-17T01:02:34.685179+00:00,kai-scheduler,kai-scheduler-default-85b5b8dff6-8q68j,79.0,409993216
2026-09-17T01:02:34.685179+00:00,kai-scheduler,pod-grouper-65456f756-dqrtd,1.0,9437184
2026-09-17T01:02:34.685179+00:00,kai-scheduler,podgroup-controller-68f9cc8dbf-9xq88,1.0,13631488
2026-09-17T01:02:34.685179+00:00,kai-scheduler,queue-controller-f86fcd76c-js4jc,1.0,13631488
2026-09-17T01:02:34.685179+00:00,kube-system,coredns-8db54c48d-dkq9n,3.0,61865984
2026-09-17T01:02:34.685179+00:00,kube-system,kwok-controller-5cf8c7c44b-gvkjd,87.0,91226112
2026-09-17T01:02:34.685179+00:00,kube-system,local-path-provisioner-5d9d9885bc-qlhkr,1.0,15728640
2026-09-17T01:02:34.685179+00:00,kube-system,metrics-server-75dc6f8d87-fh8ch,29.0,295698432
2026-09-17T01:02:34.685179+00:00,kube-system,svclb-traefik-dacc61bf-xhs49,0.0,0
2026-09-17T01:02:34.685179+00:00,kube-system,traefik-9bcdbbd9-bktmw,3.0,272629760
2026-09-17T01:02:34.685179+00:00,pyroscope,pyroscope-0,5.0,211812352
2026-09-17T01:02:34.685179+00:00,pyroscope,pyroscope-alloy-0,27.0,609222656
2026-09-17T01:03:05.930675+00:00,grove-system,grove-operator-d858d65f9-ck75j,46.0,839909376
2026-09-17T01:03:05.930675+00:00,kai-scheduler,admission-86666f457d-plhlk,1.0,16777216
2026-09-17T01:03:05.930675+00:00,kai-scheduler,binder-869fc94c7-lb9sm,1.0,199229440
2026-09-17T01:03:05.930675+00:00,kai-scheduler,kai-operator-69b5d7bcf7-h6bzd,3.0,101711872
2026-09-17T01:03:05.930675+00:00,kai-scheduler,kai-scheduler-default-85b5b8dff6-8q68j,76.0,392167424
2026-09-17T01:03:05.930675+00:00,kai-scheduler,pod-grouper-65456f756-dqrtd,1.0,9437184
2026-09-17T01:03:05.930675+00:00,kai-scheduler,podgroup-controller-68f9cc8dbf-9xq88,1.0,13631488
2026-09-17T01:03:05.930675+00:00,kai-scheduler,queue-controller-f86fcd76c-js4jc,1.0,13631488
2026-09-17T01:03:05.930675+00:00,kube-system,coredns-8db54c48d-dkq9n,3.0,60817408
2026-09-17T01:03:05.930675+00:00,kube-system,kwok-controller-5cf8c7c44b-gvkjd,87.0,90177536
2026-09-17T01:03:05.930675+00:00,kube-system,local-path-provisioner-5d9d9885bc-qlhkr,1.0,15728640
2026-09-17T01:03:05.930675+00:00,kube-system,metrics-server-75dc6f8d87-fh8ch,44.0,294649856
2026-09-17T01:03:05.930675+00:00,kube-system,svclb-traefik-dacc61bf-xhs49,0.0,0
2026-09-17T01:03:05.930675+00:00,kube-system,traefik-9bcdbbd9-bktmw,9.0,271581184
2026-09-17T01:03:05.930675+00:00,pyroscope,pyroscope-0,5.0,211812352
2026-09-17T01:03:05.930675+00:00,pyroscope,pyroscope-alloy-0,4.0,596639744
2026-09-17T01:03:37.181264+00:00,grove-system,grove-operator-d858d65f9-ck75j,44.0,832569344
2026-09-17T01:03:37.181264+00:00,kai-scheduler,admission-86666f457d-plhlk,1.0,16777216
2026-09-17T01:03:37.181264+00:00,kai-scheduler,binder-869fc94c7-lb9sm,6.0,199229440
2026-09-17T01:03:37.181264+00:00,kai-scheduler,kai-operator-69b5d7bcf7-h6bzd,3.0,101711872
2026-09-17T01:03:37.181264+00:00,kai-scheduler,kai-scheduler-default-85b5b8dff6-8q68j,76.0,405798912
2026-09-17T01:03:37.181264+00:00,kai-scheduler,pod-grouper-65456f756-dqrtd,1.0,9437184
2026-09-17T01:03:37.181264+00:00,kai-scheduler,podgroup-controller-68f9cc8dbf-9xq88,1.0,13631488
2026-09-17T01:03:37.181264+00:00,kai-scheduler,queue-controller-f86fcd76c-js4jc,1.0,13631488
2026-09-17T01:03:37.181264+00:00,kube-system,coredns-8db54c48d-dkq9n,4.0,60817408
2026-09-17T01:03:37.181264+00:00,kube-system,kwok-controller-5cf8c7c44b-gvkjd,87.0,90177536
2026-09-17T01:03:37.181264+00:00,kube-system,local-path-provisioner-5d9d9885bc-qlhkr,1.0,15728640
2026-09-17T01:03:37.181264+00:00,kube-system,metrics-server-75dc6f8d87-fh8ch,28.0,294649856
2026-09-17T01:03:37.181264+00:00,kube-system,svclb-traefik-dacc61bf-xhs49,0.0,0
2026-09-17T01:03:37.181264+00:00,kube-system,traefik-9bcdbbd9-bktmw,3.0,271581184
2026-09-17T01:03:37.181264+00:00,pyroscope,pyroscope-0,6.0,212860928
2026-09-17T01:03:37.181264+00:00,pyroscope,pyroscope-alloy-0,17.0,589299712
2026-09-17T01:04:08.434724+00:00,grove-system,grove-operator-d858d65f9-ck75j,49.0,827326464
2026-09-17T01:04:08.434724+00:00,kai-scheduler,admission-86666f457d-plhlk,1.0,16777216
2026-09-17T01:04:08.434724+00:00,kai-scheduler,binder-869fc94c7-lb9sm,1.0,198180864
2026-09-17T01:04:08.434724+00:00,kai-scheduler,kai-operator-69b5d7bcf7-h6bzd,3.0,102760448
2026-09-17T01:04:08.434724+00:00,kai-scheduler,kai-scheduler-default-85b5b8dff6-8q68j,69.0,381681664
2026-09-17T01:04:08.434724+00:00,kai-scheduler,pod-grouper-65456f756-dqrtd,1.0,9437184
2026-09-17T01:04:08.434724+00:00,kai-scheduler,podgroup-controller-68f9cc8dbf-9xq88,1.0,13631488
2026-09-17T01:04:08.434724+00:00,kai-scheduler,queue-controller-f86fcd76c-js4jc,1.0,13631488
2026-09-17T01:04:08.434724+00:00,kube-system,coredns-8db54c48d-dkq9n,3.0,60817408
2026-09-17T01:04:08.434724+00:00,kube-system,kwok-controller-5cf8c7c44b-gvkjd,94.0,91226112
2026-09-17T01:04:08.434724+00:00,kube-system,local-path-provisioner-5d9d9885bc-qlhkr,1.0,15728640
2026-09-17T01:04:08.434724+00:00,kube-system,metrics-server-75dc6f8d87-fh8ch,28.0,294649856
2026-09-17T01:04:08.434724+00:00,kube-system,svclb-traefik-dacc61bf-xhs49,0.0,0
2026-09-17T01:04:08.434724+00:00,kube-system,traefik-9bcdbbd9-bktmw,3.0,271581184
2026-09-17T01:04:08.434724+00:00,pyroscope,pyroscope-0,6.0,217055232
2026-09-17T01:04:08.434724+00:00,pyroscope,pyroscope-alloy-0,7.0,600834048
2026-09-17T01:04:39.683021+00:00,grove-system,grove-operator-d858d65f9-ck75j,43.0,817889280
2026-09-17T01:04:39.683021+00:00,kai-scheduler,admission-86666f457d-plhlk,1.0,16777216
2026-09-17T01:04:39.683021+00:00,kai-scheduler,binder-869fc94c7-lb9sm,1.0,198180864
2026-09-17T01:04:39.683021+00:00,kai-scheduler,kai-operator-69b5d7bcf7-h6bzd,4.0,101711872
2026-09-17T01:04:39.683021+00:00,kai-scheduler,kai-scheduler-default-85b5b8dff6-8q68j,77.0,406847488
2026-09-17T01:04:39.683021+00:00,kai-scheduler,pod-grouper-65456f756-dqrtd,1.0,9437184
2026-09-17T01:04:39.683021+00:00,kai-scheduler,podgroup-controller-68f9cc8dbf-9xq88,1.0,13631488
2026-09-17T01:04:39.683021+00:00,kai-scheduler,queue-controller-f86fcd76c-js4jc,1.0,13631488
2026-09-17T01:04:39.683021+00:00,kube-system,coredns-8db54c48d-dkq9n,3.0,60817408
2026-09-17T01:04:39.683021+00:00,kube-system,kwok-controller-5cf8c7c44b-gvkjd,92.0,92274688
2026-09-17T01:04:39.683021+00:00,kube-system,local-path-provisioner-5d9d9885bc-qlhkr,1.0,15728640
2026-09-17T01:04:39.683021+00:00,kube-system,metrics-server-75dc6f8d87-fh8ch,42.0,294649856
2026-09-17T01:04:39.683021+00:00,kube-system,svclb-traefik-dacc61bf-xhs49,0.0,0
2026-09-17T01:04:39.683021+00:00,kube-system,traefik-9bcdbbd9-bktmw,3.0,270532608
2026-09-17T01:04:39.683021+00:00,pyroscope,pyroscope-0,5.0,216006656
2026-09-17T01:04:39.683021+00:00,pyroscope,pyroscope-alloy-0,6.0,619708416
2026-09-17T01:05:10.934130+00:00,grove-system,grove-operator-d858d65f9-ck75j,18.0,824180736
2026-09-17T01:05:10.934130+00:00,kai-scheduler,admission-86666f457d-plhlk,1.0,16777216
2026-09-17T01:05:10.934130+00:00,kai-scheduler,binder-869fc94c7-lb9sm,23.0,167772160
2026-09-17T01:05:10.934130+00:00,kai-scheduler,kai-operator-69b5d7bcf7-h6bzd,1.0,101711872
2026-09-17T01:05:10.934130+00:00,kai-scheduler,kai-scheduler-default-85b5b8dff6-8q68j,83.0,373293056
2026-09-17T01:05:10.934130+00:00,kai-scheduler,pod-grouper-65456f756-dqrtd,1.0,9437184
2026-09-17T01:05:10.934130+00:00,kai-scheduler,podgroup-controller-68f9cc8dbf-9xq88,1.0,13631488
2026-09-17T01:05:10.934130+00:00,kai-scheduler,queue-controller-f86fcd76c-js4jc,1.0,13631488
2026-09-17T01:05:10.934130+00:00,kube-system,coredns-8db54c48d-dkq9n,3.0,60817408
2026-09-17T01:05:10.934130+00:00,kube-system,kwok-controller-5cf8c7c44b-gvkjd,107.0,90177536
2026-09-17T01:05:10.934130+00:00,kube-system,local-path-provisioner-5d9d9885bc-qlhkr,1.0,15728640
2026-09-17T01:05:10.934130+00:00,kube-system,metrics-server-75dc6f8d87-fh8ch,45.0,293601280
2026-09-17T01:05:10.934130+00:00,kube-system,svclb-traefik-dacc61bf-xhs49,0.0,0
2026-09-17T01:05:10.934130+00:00,kube-system,traefik-9bcdbbd9-bktmw,4.0,268435456
2026-09-17T01:05:10.934130+00:00,pyroscope,pyroscope-0,6.0,216006656
2026-09-17T01:05:10.934130+00:00,pyroscope,pyroscope-alloy-0,78.0,571473920
2026-09-17T01:05:42.186179+00:00,grove-system,grove-operator-d858d65f9-ck75j,15.0,800063488
2026-09-17T01:05:42.186179+00:00,kai-scheduler,admission-86666f457d-plhlk,1.0,16777216
2026-09-17T01:05:42.186179+00:00,kai-scheduler,binder-869fc94c7-lb9sm,19.0,182452224
2026-09-17T01:05:42.186179+00:00,kai-scheduler,kai-operator-69b5d7bcf7-h6bzd,1.0,101711872
2026-09-17T01:05:42.186179+00:00,kai-scheduler,kai-scheduler-default-85b5b8dff6-8q68j,83.0,381681664
2026-09-17T01:05:42.186179+00:00,kai-scheduler,pod-grouper-65456f756-dqrtd,1.0,9437184
2026-09-17T01:05:42.186179+00:00,kai-scheduler,podgroup-controller-68f9cc8dbf-9xq88,1.0,13631488
2026-09-17T01:05:42.186179+00:00,kai-scheduler,queue-controller-f86fcd76c-js4jc,1.0,13631488
2026-09-17T01:05:42.186179+00:00,kube-system,coredns-8db54c48d-dkq9n,3.0,60817408
2026-09-17T01:05:42.186179+00:00,kube-system,kwok-controller-5cf8c7c44b-gvkjd,115.0,91226112
2026-09-17T01:05:42.186179+00:00,kube-system,local-path-provisioner-5d9d9885bc-qlhkr,1.0,15728640
2026-09-17T01:05:42.186179+00:00,kube-system,metrics-server-75dc6f8d87-fh8ch,41.0,291504128
2026-09-17T01:05:42.186179+00:00,kube-system,svclb-traefik-dacc61bf-xhs49,0.0,0
2026-09-17T01:05:42.186179+00:00,kube-system,traefik-9bcdbbd9-bktmw,3.0,268435456
2026-09-17T01:05:42.186179+00:00,pyroscope,pyroscope-0,5.0,216006656
2026-09-17T01:05:42.186179+00:00,pyroscope,pyroscope-alloy-0,79.0,572522496
2026-09-17T01:06:13.437100+00:00,grove-system,grove-operator-d858d65f9-ck75j,30.0,796917760
2026-09-17T01:06:13.437100+00:00,kai-scheduler,admission-86666f457d-plhlk,1.0,16777216
2026-09-17T01:06:13.437100+00:00,kai-scheduler,kai-operator-69b5d7bcf7-h6bzd,1.0,101711872
2026-09-17T01:06:13.437100+00:00,kai-scheduler,kai-scheduler-default-85b5b8dff6-8q68j,77.0,344981504
2026-09-17T01:06:13.437100+00:00,kai-scheduler,pod-grouper-65456f756-dqrtd,1.0,9437184
2026-09-17T01:06:13.437100+00:00,kai-scheduler,podgroup-controller-68f9cc8dbf-9xq88,1.0,13631488
2026-09-17T01:06:13.437100+00:00,kai-scheduler,queue-controller-f86fcd76c-js4jc,1.0,13631488
2026-09-17T01:06:13.437100+00:00,kube-system,coredns-8db54c48d-dkq9n,3.0,59768832
2026-09-17T01:06:13.437100+00:00,kube-system,kwok-controller-5cf8c7c44b-gvkjd,106.0,92274688
2026-09-17T01:06:13.437100+00:00,kube-system,local-path-provisioner-5d9d9885bc-qlhkr,1.0,15728640
2026-09-17T01:06:13.437100+00:00,kube-system,metrics-server-75dc6f8d87-fh8ch,37.0,292552704
2026-09-17T01:06:13.437100+00:00,kube-system,svclb-traefik-dacc61bf-xhs49,0.0,0
2026-09-17T01:06:13.437100+00:00,kube-system,traefik-9bcdbbd9-bktmw,3.0,268435456
2026-09-17T01:06:13.437100+00:00,pyroscope,pyroscope-0,5.0,443547648
2026-09-17T01:06:13.437100+00:00,pyroscope,pyroscope-alloy-0,83.0,560988160
2026-09-17T01:06:44.690381+00:00,grove-system,grove-operator-d858d65f9-ck75j,24.0,792723456
2026-09-17T01:06:44.690381+00:00,kai-scheduler,admission-86666f457d-plhlk,1.0,16777216
2026-09-17T01:06:44.690381+00:00,kai-scheduler,kai-operator-69b5d7bcf7-h6bzd,2.0,101711872
2026-09-17T01:06:44.690381+00:00,kai-scheduler,kai-scheduler-default-85b5b8dff6-8q68j,76.0,367001600
2026-09-17T01:06:44.690381+00:00,kai-scheduler,pod-grouper-65456f756-dqrtd,1.0,9437184
2026-09-17T01:06:44.690381+00:00,kai-scheduler,podgroup-controller-68f9cc8dbf-9xq88,1.0,13631488
2026-09-17T01:06:44.690381+00:00,kai-scheduler,queue-controller-f86fcd76c-js4jc,1.0,13631488
2026-09-17T01:06:44.690381+00:00,kube-system,coredns-8db54c48d-dkq9n,3.0,59768832
2026-09-17T01:06:44.690381+00:00,kube-system,kwok-controller-5cf8c7c44b-gvkjd,119.0,91226112
2026-09-17T01:06:44.690381+00:00,kube-system,local-path-provisioner-5d9d9885bc-qlhkr,1.0,15728640
2026-09-17T01:06:44.690381+00:00,kube-system,metrics-server-75dc6f8d87-fh8ch,41.0,281018368
2026-09-17T01:06:44.690381+00:00,kube-system,svclb-traefik-dacc61bf-xhs49,0.0,0
2026-09-17T01:06:44.690381+00:00,kube-system,traefik-9bcdbbd9-bktmw,3.0,268435456
2026-09-17T01:06:44.690381+00:00,pyroscope,pyroscope-0,6.0,445644800
2026-09-17T01:06:44.690381+00:00,pyroscope,pyroscope-alloy-0,75.0,556793856
2026-09-17T01:07:15.937811+00:00,grove-system,grove-operator-d858d65f9-ck75j,17.0,797966336
2026-09-17T01:07:15.937811+00:00,kai-scheduler,admission-86666f457d-plhlk,1.0,16777216
2026-09-17T01:07:15.937811+00:00,kai-scheduler,binder-869fc94c7-lb9sm,86.0,159383552
2026-09-17T01:07:15.937811+00:00,kai-scheduler,kai-operator-69b5d7bcf7-h6bzd,1.0,101711872
2026-09-17T01:07:15.937811+00:00,kai-scheduler,kai-scheduler-default-85b5b8dff6-8q68j,78.0,372244480
2026-09-17T01:07:15.937811+00:00,kai-scheduler,pod-grouper-65456f756-dqrtd,1.0,9437184
2026-09-17T01:07:15.937811+00:00,kai-scheduler,podgroup-controller-68f9cc8dbf-9xq88,1.0,13631488
2026-09-17T01:07:15.937811+00:00,kai-scheduler,queue-controller-f86fcd76c-js4jc,1.0,13631488
2026-09-17T01:07:15.937811+00:00,kube-system,coredns-8db54c48d-dkq9n,3.0,59768832
2026-09-17T01:07:15.937811+00:00,kube-system,kwok-controller-5cf8c7c44b-gvkjd,114.0,91226112
2026-09-17T01:07:15.937811+00:00,kube-system,local-path-provisioner-5d9d9885bc-qlhkr,1.0,15728640
2026-09-17T01:07:15.937811+00:00,kube-system,metrics-server-75dc6f8d87-fh8ch,64.0,281018368
2026-09-17T01:07:15.937811+00:00,kube-system,svclb-traefik-dacc61bf-xhs49,0.0,0
2026-09-17T01:07:15.937811+00:00,kube-system,traefik-9bcdbbd9-bktmw,3.0,265289728
2026-09-17T01:07:15.937811+00:00,pyroscope,pyroscope-0,5.0,455081984
2026-09-17T01:07:15.937811+00:00,pyroscope,pyroscope-alloy-0,66.0,556793856
2026-09-17T01:07:47.186070+00:00,grove-system,grove-operator-d858d65f9-ck75j,19.0,778043392
2026-09-17T01:07:47.186070+00:00,kai-scheduler,admission-86666f457d-plhlk,1.0,16777216
2026-09-17T01:07:47.186070+00:00,kai-scheduler,binder-869fc94c7-lb9sm,21.0,190840832
2026-09-17T01:07:47.186070+00:00,kai-scheduler,kai-operator-69b5d7bcf7-h6bzd,1.0,101711872
2026-09-17T01:07:47.186070+00:00,kai-scheduler,kai-scheduler-default-85b5b8dff6-8q68j,68.0,365953024
2026-09-17T01:07:47.186070+00:00,kai-scheduler,pod-grouper-65456f756-dqrtd,1.0,9437184
2026-09-17T01:07:47.186070+00:00,kai-scheduler,podgroup-controller-68f9cc8dbf-9xq88,1.0,13631488
2026-09-17T01:07:47.186070+00:00,kai-scheduler,queue-controller-f86fcd76c-js4jc,1.0,13631488
2026-09-17T01:07:47.186070+00:00,kube-system,coredns-8db54c48d-dkq9n,3.0,58720256
2026-09-17T01:07:47.186070+00:00,kube-system,kwok-controller-5cf8c7c44b-gvkjd,112.0,90177536
2026-09-17T01:07:47.186070+00:00,kube-system,local-path-provisioner-5d9d9885bc-qlhkr,1.0,15728640
2026-09-17T01:07:47.186070+00:00,kube-system,metrics-server-75dc6f8d87-fh8ch,45.0,281018368
2026-09-17T01:07:47.186070+00:00,kube-system,svclb-traefik-dacc61bf-xhs49,0.0,0
2026-09-17T01:07:47.186070+00:00,kube-system,traefik-9bcdbbd9-bktmw,3.0,266338304
2026-09-17T01:07:47.186070+00:00,pyroscope,pyroscope-0,7.0,463470592
2026-09-17T01:07:47.186070+00:00,pyroscope,pyroscope-alloy-0,67.0,537919488
2026-09-17T01:08:18.437231+00:00,grove-system,grove-operator-d858d65f9-ck75j,20.0,782237696
2026-09-17T01:08:18.437231+00:00,kai-scheduler,admission-86666f457d-plhlk,1.0,16777216
2026-09-17T01:08:18.437231+00:00,kai-scheduler,binder-869fc94c7-lb9sm,17.0,192937984
2026-09-17T01:08:18.437231+00:00,kai-scheduler,kai-operator-69b5d7bcf7-h6bzd,1.0,101711872
2026-09-17T01:08:18.437231+00:00,kai-scheduler,kai-scheduler-default-85b5b8dff6-8q68j,66.0,341835776
2026-09-17T01:08:18.437231+00:00,kai-scheduler,pod-grouper-65456f756-dqrtd,1.0,9437184
2026-09-17T01:08:18.437231+00:00,kai-scheduler,podgroup-controller-68f9cc8dbf-9xq88,1.0,13631488
2026-09-17T01:08:18.437231+00:00,kai-scheduler,queue-controller-f86fcd76c-js4jc,1.0,13631488
2026-09-17T01:08:18.437231+00:00,kube-system,coredns-8db54c48d-dkq9n,3.0,58720256
2026-09-17T01:08:18.437231+00:00,kube-system,kwok-controller-5cf8c7c44b-gvkjd,112.0,89128960
2026-09-17T01:08:18.437231+00:00,kube-system,local-path-provisioner-5d9d9885bc-qlhkr,1.0,15728640
2026-09-17T01:08:18.437231+00:00,kube-system,metrics-server-75dc6f8d87-fh8ch,38.0,281018368
2026-09-17T01:08:18.437231+00:00,kube-system,svclb-traefik-dacc61bf-xhs49,0.0,0
2026-09-17T01:08:18.437231+00:00,kube-system,traefik-9bcdbbd9-bktmw,3.0,266338304
2026-09-17T01:08:18.437231+00:00,pyroscope,pyroscope-0,8.0,198180864
2026-09-17T01:08:18.437231+00:00,pyroscope,pyroscope-alloy-0,72.0,541065216
2026-09-17T01:08:49.691750+00:00,grove-system,grove-operator-d858d65f9-ck75j,24.0,758120448
2026-09-17T01:08:49.691750+00:00,kai-scheduler,admission-86666f457d-plhlk,1.0,16777216
2026-09-17T01:08:49.691750+00:00,kai-scheduler,binder-869fc94c7-lb9sm,20.0,190840832
2026-09-17T01:08:49.691750+00:00,kai-scheduler,kai-operator-69b5d7bcf7-h6bzd,3.0,101711872
2026-09-17T01:08:49.691750+00:00,kai-scheduler,kai-scheduler-default-85b5b8dff6-8q68j,62.0,336592896
2026-09-17T01:08:49.691750+00:00,kai-scheduler,pod-grouper-65456f756-dqrtd,1.0,9437184
2026-09-17T01:08:49.691750+00:00,kai-scheduler,podgroup-controller-68f9cc8dbf-9xq88,1.0,13631488
2026-09-17T01:08:49.691750+00:00,kai-scheduler,queue-controller-f86fcd76c-js4jc,1.0,13631488
2026-09-17T01:08:49.691750+00:00,kube-system,coredns-8db54c48d-dkq9n,3.0,59768832
2026-09-17T01:08:49.691750+00:00,kube-system,kwok-controller-5cf8c7c44b-gvkjd,117.0,90177536
2026-09-17T01:08:49.691750+00:00,kube-system,local-path-provisioner-5d9d9885bc-qlhkr,1.0,15728640
2026-09-17T01:08:49.691750+00:00,kube-system,metrics-server-75dc6f8d87-fh8ch,39.0,279969792
2026-09-17T01:08:49.691750+00:00,kube-system,svclb-traefik-dacc61bf-xhs49,0.0,0
2026-09-17T01:08:49.691750+00:00,kube-system,traefik-9bcdbbd9-bktmw,3.0,266338304
2026-09-17T01:08:49.691750+00:00,pyroscope,pyroscope-0,6.0,193986560
2026-09-17T01:08:49.691750+00:00,pyroscope,pyroscope-alloy-0,70.0,536870912
2026-09-17T01:09:20.938931+00:00,grove-system,grove-operator-d858d65f9-ck75j,24.0,760217600
2026-09-17T01:09:20.938931+00:00,kai-scheduler,admission-86666f457d-plhlk,1.0,16777216
2026-09-17T01:09:20.938931+00:00,kai-scheduler,binder-869fc94c7-lb9sm,16.0,190840832
2026-09-17T01:09:20.938931+00:00,kai-scheduler,kai-operator-69b5d7bcf7-h6bzd,1.0,101711872
2026-09-17T01:09:20.938931+00:00,kai-scheduler,kai-scheduler-default-85b5b8dff6-8q68j,57.0,336592896
2026-09-17T01:09:20.938931+00:00,kai-scheduler,pod-grouper-65456f756-dqrtd,1.0,9437184
2026-09-17T01:09:20.938931+00:00,kai-scheduler,podgroup-controller-68f9cc8dbf-9xq88,1.0,13631488
2026-09-17T01:09:20.938931+00:00,kai-scheduler,queue-controller-f86fcd76c-js4jc,1.0,13631488
2026-09-17T01:09:20.938931+00:00,kube-system,coredns-8db54c48d-dkq9n,3.0,59768832
2026-09-17T01:09:20.938931+00:00,kube-system,kwok-controller-5cf8c7c44b-gvkjd,104.0,89128960
2026-09-17T01:09:20.938931+00:00,kube-system,local-path-provisioner-5d9d9885bc-qlhkr,1.0,15728640
2026-09-17T01:09:20.938931+00:00,kube-system,metrics-server-75dc6f8d87-fh8ch,42.0,281018368
2026-09-17T01:09:20.938931+00:00,kube-system,svclb-traefik-dacc61bf-xhs49,0.0,0
2026-09-17T01:09:20.938931+00:00,kube-system,traefik-9bcdbbd9-bktmw,6.0,261095424
2026-09-17T01:09:20.938931+00:00,pyroscope,pyroscope-0,6.0,196083712
2026-09-17T01:09:20.938931+00:00,pyroscope,pyroscope-alloy-0,54.0,527433728
2026-09-17T01:09:52.197416+00:00,grove-system,grove-operator-d858d65f9-ck75j,25.0,757071872
2026-09-17T01:09:52.197416+00:00,kai-scheduler,admission-86666f457d-plhlk,1.0,16777216
2026-09-17T01:09:52.197416+00:00,kai-scheduler,binder-869fc94c7-lb9sm,17.0,190840832
2026-09-17T01:09:52.197416+00:00,kai-scheduler,kai-operator-69b5d7bcf7-h6bzd,1.0,101711872
2026-09-17T01:09:52.197416+00:00,kai-scheduler,kai-scheduler-default-85b5b8dff6-8q68j,57.0,331350016
2026-09-17T01:09:52.197416+00:00,kai-scheduler,pod-grouper-65456f756-dqrtd,1.0,9437184
2026-09-17T01:09:52.197416+00:00,kai-scheduler,podgroup-controller-68f9cc8dbf-9xq88,1.0,13631488
2026-09-17T01:09:52.197416+00:00,kai-scheduler,queue-controller-f86fcd76c-js4jc,1.0,13631488
2026-09-17T01:09:52.197416+00:00,kube-system,coredns-8db54c48d-dkq9n,3.0,57671680
2026-09-17T01:09:52.197416+00:00,kube-system,kwok-controller-5cf8c7c44b-gvkjd,114.0,90177536
2026-09-17T01:09:52.197416+00:00,kube-system,local-path-provisioner-5d9d9885bc-qlhkr,1.0,15728640
2026-09-17T01:09:52.197416+00:00,kube-system,metrics-server-75dc6f8d87-fh8ch,45.0,275775488
2026-09-17T01:09:52.197416+00:00,kube-system,svclb-traefik-dacc61bf-xhs49,0.0,0
2026-09-17T01:09:52.197416+00:00,kube-system,traefik-9bcdbbd9-bktmw,3.0,261095424
2026-09-17T01:09:52.197416+00:00,pyroscope,pyroscope-0,6.0,197132288
2026-09-17T01:09:52.197416+00:00,pyroscope,pyroscope-alloy-0,46.0,512753664
2026-09-17T01:10:23.445926+00:00,grove-system,grove-operator-d858d65f9-ck75j,23.0,758120448
2026-09-17T01:10:23.445926+00:00,kai-scheduler,admission-86666f457d-plhlk,1.0,16777216
2026-09-17T01:10:23.445926+00:00,kai-scheduler,binder-869fc94c7-lb9sm,20.0,188743680
2026-09-17T01:10:23.445926+00:00,kai-scheduler,kai-operator-69b5d7bcf7-h6bzd,1.0,101711872
2026-09-17T01:10:23.445926+00:00,kai-scheduler,kai-scheduler-default-85b5b8dff6-8q68j,47.0,333447168
2026-09-17T01:10:23.445926+00:00,kai-scheduler,pod-grouper-65456f756-dqrtd,1.0,9437184
2026-09-17T01:10:23.445926+00:00,kai-scheduler,podgroup-controller-68f9cc8dbf-9xq88,1.0,13631488
2026-09-17T01:10:23.445926+00:00,kai-scheduler,queue-controller-f86fcd76c-js4jc,1.0,13631488
2026-09-17T01:10:23.445926+00:00,kube-system,coredns-8db54c48d-dkq9n,3.0,57671680
2026-09-17T01:10:23.445926+00:00,kube-system,kwok-controller-5cf8c7c44b-gvkjd,110.0,90177536
2026-09-17T01:10:23.445926+00:00,kube-system,local-path-provisioner-5d9d9885bc-qlhkr,1.0,15728640
2026-09-17T01:10:23.445926+00:00,kube-system,metrics-server-75dc6f8d87-fh8ch,40.0,275775488
2026-09-17T01:10:23.445926+00:00,kube-system,svclb-traefik-dacc61bf-xhs49,0.0,0
2026-09-17T01:10:23.445926+00:00,kube-system,traefik-9bcdbbd9-bktmw,3.0,262144000
2026-09-17T01:10:23.445926+00:00,pyroscope,pyroscope-0,7.0,197132288
2026-09-17T01:10:23.445926+00:00,pyroscope,pyroscope-alloy-0,55.0,495976448
2026-09-17T01:10:54.695706+00:00,grove-system,grove-operator-d858d65f9-ck75j,24.0,730857472
2026-09-17T01:10:54.695706+00:00,kai-scheduler,admission-86666f457d-plhlk,1.0,16777216
2026-09-17T01:10:54.695706+00:00,kai-scheduler,binder-869fc94c7-lb9sm,17.0,188743680
2026-09-17T01:10:54.695706+00:00,kai-scheduler,kai-operator-69b5d7bcf7-h6bzd,1.0,101711872
2026-09-17T01:10:54.695706+00:00,kai-scheduler,kai-scheduler-default-85b5b8dff6-8q68j,48.0,327155712
2026-09-17T01:10:54.695706+00:00,kai-scheduler,pod-grouper-65456f756-dqrtd,1.0,9437184
2026-09-17T01:10:54.695706+00:00,kai-scheduler,podgroup-controller-68f9cc8dbf-9xq88,1.0,13631488
2026-09-17T01:10:54.695706+00:00,kai-scheduler,queue-controller-f86fcd76c-js4jc,1.0,13631488
2026-09-17T01:10:54.695706+00:00,kube-system,coredns-8db54c48d-dkq9n,3.0,57671680
2026-09-17T01:10:54.695706+00:00,kube-system,kwok-controller-5cf8c7c44b-gvkjd,109.0,89128960
2026-09-17T01:10:54.695706+00:00,kube-system,local-path-provisioner-5d9d9885bc-qlhkr,1.0,15728640
2026-09-17T01:10:54.695706+00:00,kube-system,metrics-server-75dc6f8d87-fh8ch,40.0,270532608
2026-09-17T01:10:54.695706+00:00,kube-system,svclb-traefik-dacc61bf-xhs49,0.0,0
2026-09-17T01:10:54.695706+00:00,kube-system,traefik-9bcdbbd9-bktmw,8.0,254803968
2026-09-17T01:10:54.695706+00:00,pyroscope,pyroscope-0,6.0,195035136
2026-09-17T01:10:54.695706+00:00,pyroscope,pyroscope-alloy-0,46.0,485490688
2026-09-17T01:11:25.989580+00:00,grove-system,grove-operator-d858d65f9-ck75j,24.0,717225984
2026-09-17T01:11:25.989580+00:00,kai-scheduler,admission-86666f457d-plhlk,1.0,16777216
2026-09-17T01:11:25.989580+00:00,kai-scheduler,binder-869fc94c7-lb9sm,19.0,188743680
2026-09-17T01:11:25.989580+00:00,kai-scheduler,kai-operator-69b5d7bcf7-h6bzd,1.0,101711872
2026-09-17T01:11:25.989580+00:00,kai-scheduler,kai-scheduler-default-85b5b8dff6-8q68j,43.0,320864256
2026-09-17T01:11:25.989580+00:00,kai-scheduler,pod-grouper-65456f756-dqrtd,1.0,9437184
2026-09-17T01:11:25.989580+00:00,kai-scheduler,podgroup-controller-68f9cc8dbf-9xq88,1.0,13631488
2026-09-17T01:11:25.989580+00:00,kai-scheduler,queue-controller-f86fcd76c-js4jc,1.0,13631488
2026-09-17T01:11:25.989580+00:00,kube-system,coredns-8db54c48d-dkq9n,4.0,57671680
2026-09-17T01:11:25.989580+00:00,kube-system,kwok-controller-5cf8c7c44b-gvkjd,110.0,90177536
2026-09-17T01:11:25.989580+00:00,kube-system,local-path-provisioner-5d9d9885bc-qlhkr,1.0,15728640
2026-09-17T01:11:25.989580+00:00,kube-system,metrics-server-75dc6f8d87-fh8ch,37.0,264241152
2026-09-17T01:11:25.989580+00:00,kube-system,svclb-traefik-dacc61bf-xhs49,0.0,0
2026-09-17T01:11:25.989580+00:00,kube-system,traefik-9bcdbbd9-bktmw,3.0,254803968
2026-09-17T01:11:25.989580+00:00,pyroscope,pyroscope-0,6.0,196083712
2026-09-17T01:11:25.989580+00:00,pyroscope,pyroscope-alloy-0,39.0,482344960
2026-09-17T01:11:57.245366+00:00,grove-system,grove-operator-d858d65f9-ck75j,17.0,716177408
2026-09-17T01:11:57.245366+00:00,kai-scheduler,admission-86666f457d-plhlk,1.0,16777216
2026-09-17T01:11:57.245366+00:00,kai-scheduler,binder-869fc94c7-lb9sm,19.0,189792256
2026-09-17T01:11:57.245366+00:00,kai-scheduler,kai-operator-69b5d7bcf7-h6bzd,1.0,101711872
2026-09-17T01:11:57.245366+00:00,kai-scheduler,kai-scheduler-default-85b5b8dff6-8q68j,40.0,322961408
2026-09-17T01:11:57.245366+00:00,kai-scheduler,pod-grouper-65456f756-dqrtd,1.0,9437184
2026-09-17T01:11:57.245366+00:00,kai-scheduler,podgroup-controller-68f9cc8dbf-9xq88,1.0,13631488
2026-09-17T01:11:57.245366+00:00,kai-scheduler,queue-controller-f86fcd76c-js4jc,1.0,13631488
2026-09-17T01:11:57.245366+00:00,kube-system,coredns-8db54c48d-dkq9n,3.0,56623104
2026-09-17T01:11:57.245366+00:00,kube-system,kwok-controller-5cf8c7c44b-gvkjd,114.0,89128960
2026-09-17T01:11:57.245366+00:00,kube-system,local-path-provisioner-5d9d9885bc-qlhkr,1.0,15728640
2026-09-17T01:11:57.245366+00:00,kube-system,metrics-server-75dc6f8d87-fh8ch,42.0,260046848
2026-09-17T01:11:57.245366+00:00,kube-system,svclb-traefik-dacc61bf-xhs49,0.0,0
2026-09-17T01:11:57.245366+00:00,kube-system,traefik-9bcdbbd9-bktmw,3.0,254803968
2026-09-17T01:11:57.245366+00:00,pyroscope,pyroscope-0,5.0,197132288
2026-09-17T01:11:57.245366+00:00,pyroscope,pyroscope-alloy-0,45.0,462422016
2026-09-17T01:12:28.493830+00:00,grove-system,grove-operator-d858d65f9-ck75j,24.0,688914432
2026-09-17T01:12:28.493830+00:00,kai-scheduler,admission-86666f457d-plhlk,1.0,16777216
2026-09-17T01:12:28.493830+00:00,kai-scheduler,binder-869fc94c7-lb9sm,19.0,189792256
2026-09-17T01:12:28.493830+00:00,kai-scheduler,kai-operator-69b5d7bcf7-h6bzd,1.0,101711872
2026-09-17T01:12:28.493830+00:00,kai-scheduler,kai-scheduler-default-85b5b8dff6-8q68j,34.0,320864256
2026-09-17T01:12:28.493830+00:00,kai-scheduler,pod-grouper-65456f756-dqrtd,1.0,9437184
2026-09-17T01:12:28.493830+00:00,kai-scheduler,podgroup-controller-68f9cc8dbf-9xq88,1.0,13631488
2026-09-17T01:12:28.493830+00:00,kai-scheduler,queue-controller-f86fcd76c-js4jc,1.0,13631488
2026-09-17T01:12:28.493830+00:00,kube-system,coredns-8db54c48d-dkq9n,3.0,56623104
2026-09-17T01:12:28.493830+00:00,kube-system,kwok-controller-5cf8c7c44b-gvkjd,114.0,90177536
2026-09-17T01:12:28.493830+00:00,kube-system,local-path-provisioner-5d9d9885bc-qlhkr,1.0,15728640
2026-09-17T01:12:28.493830+00:00,kube-system,metrics-server-75dc6f8d87-fh8ch,44.0,258998272
2026-09-17T01:12:28.493830+00:00,kube-system,svclb-traefik-dacc61bf-xhs49,0.0,0
2026-09-17T01:12:28.493830+00:00,kube-system,traefik-9bcdbbd9-bktmw,3.0,256901120
2026-09-17T01:12:28.493830+00:00,pyroscope,pyroscope-0,6.0,195035136
2026-09-17T01:12:28.493830+00:00,pyroscope,pyroscope-alloy-0,33.0,438304768
2026-09-17T01:12:59.745415+00:00,grove-system,grove-operator-d858d65f9-ck75j,24.0,684720128
2026-09-17T01:12:59.745415+00:00,kai-scheduler,admission-86666f457d-plhlk,1.0,16777216
2026-09-17T01:12:59.745415+00:00,kai-scheduler,binder-869fc94c7-lb9sm,19.0,188743680
2026-09-17T01:12:59.745415+00:00,kai-scheduler,kai-operator-69b5d7bcf7-h6bzd,1.0,101711872
2026-09-17T01:12:59.745415+00:00,kai-scheduler,kai-scheduler-default-85b5b8dff6-8q68j,34.0,315621376
2026-09-17T01:12:59.745415+00:00,kai-scheduler,pod-grouper-65456f756-dqrtd,1.0,9437184
2026-09-17T01:12:59.745415+00:00,kai-scheduler,podgroup-controller-68f9cc8dbf-9xq88,1.0,13631488
2026-09-17T01:12:59.745415+00:00,kai-scheduler,queue-controller-f86fcd76c-js4jc,1.0,13631488
2026-09-17T01:12:59.745415+00:00,kube-system,coredns-8db54c48d-dkq9n,3.0,57671680
2026-09-17T01:12:59.745415+00:00,kube-system,kwok-controller-5cf8c7c44b-gvkjd,113.0,89128960
2026-09-17T01:12:59.745415+00:00,kube-system,local-path-provisioner-5d9d9885bc-qlhkr,1.0,15728640
2026-09-17T01:12:59.745415+00:00,kube-system,metrics-server-75dc6f8d87-fh8ch,39.0,258998272
2026-09-17T01:12:59.745415+00:00,kube-system,svclb-traefik-dacc61bf-xhs49,0.0,0
2026-09-17T01:12:59.745415+00:00,kube-system,traefik-9bcdbbd9-bktmw,6.0,240123904
2026-09-17T01:12:59.745415+00:00,pyroscope,pyroscope-0,6.0,196083712
2026-09-17T01:12:59.745415+00:00,pyroscope,pyroscope-alloy-0,28.0,433061888
2026-09-17T01:13:31.000086+00:00,grove-system,grove-operator-d858d65f9-ck75j,22.0,658505728
2026-09-17T01:13:31.000086+00:00,kai-scheduler,admission-86666f457d-plhlk,1.0,16777216
2026-09-17T01:13:31.000086+00:00,kai-scheduler,binder-869fc94c7-lb9sm,18.0,189792256
2026-09-17T01:13:31.000086+00:00,kai-scheduler,kai-operator-69b5d7bcf7-h6bzd,1.0,100663296
2026-09-17T01:13:31.000086+00:00,kai-scheduler,kai-scheduler-default-85b5b8dff6-8q68j,31.0,317718528
2026-09-17T01:13:31.000086+00:00,kai-scheduler,pod-grouper-65456f756-dqrtd,1.0,9437184
2026-09-17T01:13:31.000086+00:00,kai-scheduler,podgroup-controller-68f9cc8dbf-9xq88,1.0,13631488
2026-09-17T01:13:31.000086+00:00,kai-scheduler,queue-controller-f86fcd76c-js4jc,1.0,13631488
2026-09-17T01:13:31.000086+00:00,kube-system,coredns-8db54c48d-dkq9n,4.0,55574528
2026-09-17T01:13:31.000086+00:00,kube-system,kwok-controller-5cf8c7c44b-gvkjd,107.0,89128960
2026-09-17T01:13:31.000086+00:00,kube-system,local-path-provisioner-5d9d9885bc-qlhkr,1.0,15728640
2026-09-17T01:13:31.000086+00:00,kube-system,metrics-server-75dc6f8d87-fh8ch,42.0,260046848
2026-09-17T01:13:31.000086+00:00,kube-system,svclb-traefik-dacc61bf-xhs49,0.0,0
2026-09-17T01:13:31.000086+00:00,kube-system,traefik-9bcdbbd9-bktmw,3.0,240123904
2026-09-17T01:13:31.000086+00:00,pyroscope,pyroscope-0,5.0,195035136
2026-09-17T01:13:31.000086+00:00,pyroscope,pyroscope-alloy-0,30.0,403701760
2026-09-17T01:14:02.255452+00:00,grove-system,grove-operator-d858d65f9-ck75j,22.0,633339904
2026-09-17T01:14:02.255452+00:00,kai-scheduler,admission-86666f457d-plhlk,1.0,16777216
2026-09-17T01:14:02.255452+00:00,kai-scheduler,binder-869fc94c7-lb9sm,19.0,189792256
2026-09-17T01:14:02.255452+00:00,kai-scheduler,kai-operator-69b5d7bcf7-h6bzd,1.0,100663296
2026-09-17T01:14:02.255452+00:00,kai-scheduler,kai-scheduler-default-85b5b8dff6-8q68j,27.0,316669952
2026-09-17T01:14:02.255452+00:00,kai-scheduler,pod-grouper-65456f756-dqrtd,1.0,9437184
2026-09-17T01:14:02.255452+00:00,kai-scheduler,podgroup-controller-68f9cc8dbf-9xq88,1.0,13631488
2026-09-17T01:14:02.255452+00:00,kai-scheduler,queue-controller-f86fcd76c-js4jc,1.0,13631488
2026-09-17T01:14:02.255452+00:00,kube-system,coredns-8db54c48d-dkq9n,3.0,55574528
2026-09-17T01:14:02.255452+00:00,kube-system,kwok-controller-5cf8c7c44b-gvkjd,107.0,88080384
2026-09-17T01:14:02.255452+00:00,kube-system,local-path-provisioner-5d9d9885bc-qlhkr,1.0,15728640
2026-09-17T01:14:02.255452+00:00,kube-system,metrics-server-75dc6f8d87-fh8ch,48.0,255852544
2026-09-17T01:14:02.255452+00:00,kube-system,svclb-traefik-dacc61bf-xhs49,0.0,0
2026-09-17T01:14:02.255452+00:00,kube-system,traefik-9bcdbbd9-bktmw,3.0,240123904
2026-09-17T01:14:02.255452+00:00,pyroscope,pyroscope-0,11.0,236978176
2026-09-17T01:14:02.255452+00:00,pyroscope,pyroscope-alloy-0,24.0,383778816
2026-09-17T01:14:33.511067+00:00,grove-system,grove-operator-d858d65f9-ck75j,2.0,629145600
2026-09-17T01:14:33.511067+00:00,kai-scheduler,admission-86666f457d-plhlk,1.0,16777216
2026-09-17T01:14:33.511067+00:00,kai-scheduler,binder-869fc94c7-lb9sm,34.0,198180864
2026-09-17T01:14:33.511067+00:00,kai-scheduler,kai-operator-69b5d7bcf7-h6bzd,36.0,124780544
2026-09-17T01:14:33.511067+00:00,kai-scheduler,kai-scheduler-default-85b5b8dff6-8q68j,40.0,314572800
2026-09-17T01:14:33.511067+00:00,kai-scheduler,pod-grouper-65456f756-dqrtd,1.0,9437184
2026-09-17T01:14:33.511067+00:00,kai-scheduler,podgroup-controller-68f9cc8dbf-9xq88,1.0,13631488
2026-09-17T01:14:33.511067+00:00,kai-scheduler,queue-controller-f86fcd76c-js4jc,1.0,13631488
2026-09-17T01:14:33.511067+00:00,kube-system,coredns-8db54c48d-dkq9n,2.0,54525952
2026-09-17T01:14:33.511067+00:00,kube-system,kwok-controller-5cf8c7c44b-gvkjd,92.0,85983232
2026-09-17T01:14:33.511067+00:00,kube-system,local-path-provisioner-5d9d9885bc-qlhkr,1.0,15728640
2026-09-17T01:14:33.511067+00:00,kube-system,metrics-server-75dc6f8d87-fh8ch,45.0,254803968
2026-09-17T01:14:33.511067+00:00,kube-system,svclb-traefik-dacc61bf-xhs49,0.0,0
2026-09-17T01:14:33.511067+00:00,kube-system,traefik-9bcdbbd9-bktmw,47.0,233832448
2026-09-17T01:14:33.511067+00:00,pyroscope,pyroscope-0,6.0,231735296
2026-09-17T01:14:33.511067+00:00,pyroscope,pyroscope-alloy-0,6.0,360710144
2026-09-17T01:15:04.764079+00:00,grove-system,grove-operator-d858d65f9-ck75j,8.0,629145600
2026-09-17T01:15:04.764079+00:00,kai-scheduler,admission-86666f457d-plhlk,1.0,16777216
2026-09-17T01:15:04.764079+00:00,kai-scheduler,binder-869fc94c7-lb9sm,33.0,196083712
2026-09-17T01:15:04.764079+00:00,kai-scheduler,kai-operator-69b5d7bcf7-h6bzd,36.0,123731968
2026-09-17T01:15:04.764079+00:00,kai-scheduler,kai-scheduler-default-85b5b8dff6-8q68j,39.0,308281344
2026-09-17T01:15:04.764079+00:00,kai-scheduler,pod-grouper-65456f756-dqrtd,1.0,9437184
2026-09-17T01:15:04.764079+00:00,kai-scheduler,podgroup-controller-68f9cc8dbf-9xq88,1.0,13631488
2026-09-17T01:15:04.764079+00:00,kai-scheduler,queue-controller-f86fcd76c-js4jc,1.0,13631488
2026-09-17T01:15:04.764079+00:00,kube-system,coredns-8db54c48d-dkq9n,2.0,54525952
2026-09-17T01:15:04.764079+00:00,kube-system,kwok-controller-5cf8c7c44b-gvkjd,102.0,84934656
2026-09-17T01:15:04.764079+00:00,kube-system,local-path-provisioner-5d9d9885bc-qlhkr,1.0,15728640
2026-09-17T01:15:04.764079+00:00,kube-system,metrics-server-75dc6f8d87-fh8ch,50.0,253755392
2026-09-17T01:15:04.764079+00:00,kube-system,svclb-traefik-dacc61bf-xhs49,0.0,0
2026-09-17T01:15:04.764079+00:00,kube-system,traefik-9bcdbbd9-bktmw,51.0,206569472
2026-09-17T01:15:04.764079+00:00,pyroscope,pyroscope-0,7.0,206569472
2026-09-17T01:15:04.764079+00:00,pyroscope,pyroscope-alloy-0,8.0,352321536
2026-09-17T01:15:36.013937+00:00,grove-system,grove-operator-d858d65f9-ck75j,75.0,612368384
2026-09-17T01:15:36.013937+00:00,kai-scheduler,admission-86666f457d-plhlk,1.0,16777216
2026-09-17T01:15:36.013937+00:00,kai-scheduler,binder-869fc94c7-lb9sm,11.0,196083712
2026-09-17T01:15:36.013937+00:00,kai-scheduler,kai-operator-69b5d7bcf7-h6bzd,49.0,124780544
2026-09-17T01:15:36.013937+00:00,kai-scheduler,kai-scheduler-default-85b5b8dff6-8q68j,28.0,312475648
2026-09-17T01:15:36.013937+00:00,kai-scheduler,pod-grouper-65456f756-dqrtd,1.0,9437184
2026-09-17T01:15:36.013937+00:00,kai-scheduler,podgroup-controller-68f9cc8dbf-9xq88,1.0,13631488
2026-09-17T01:15:36.013937+00:00,kai-scheduler,queue-controller-f86fcd76c-js4jc,1.0,13631488
2026-09-17T01:15:36.013937+00:00,kube-system,coredns-8db54c48d-dkq9n,37.0,54525952
2026-09-17T01:15:36.013937+00:00,kube-system,kwok-controller-5cf8c7c44b-gvkjd,94.0,84934656
2026-09-17T01:15:36.013937+00:00,kube-system,local-path-provisioner-5d9d9885bc-qlhkr,1.0,15728640
2026-09-17T01:15:36.013937+00:00,kube-system,metrics-server-75dc6f8d87-fh8ch,38.0,247463936
2026-09-17T01:15:36.013937+00:00,kube-system,svclb-traefik-dacc61bf-xhs49,0.0,0
2026-09-17T01:15:36.013937+00:00,kube-system,traefik-9bcdbbd9-bktmw,76.0,211812352
2026-09-17T01:15:36.013937+00:00,pyroscope,pyroscope-0,5.0,202375168
2026-09-17T01:15:36.013937+00:00,pyroscope,pyroscope-alloy-0,6.0,355467264
2026-09-17T01:16:07.267270+00:00,grove-system,grove-operator-d858d65f9-ck75j,287.0,661651456
2026-09-17T01:16:07.267270+00:00,kai-scheduler,admission-86666f457d-plhlk,1.0,16777216
2026-09-17T01:16:07.267270+00:00,kai-scheduler,binder-869fc94c7-lb9sm,10.0,196083712
2026-09-17T01:16:07.267270+00:00,kai-scheduler,kai-operator-69b5d7bcf7-h6bzd,50.0,128974848
2026-09-17T01:16:07.267270+00:00,kai-scheduler,kai-scheduler-default-85b5b8dff6-8q68j,23.0,312475648
2026-09-17T01:16:07.267270+00:00,kai-scheduler,pod-grouper-65456f756-dqrtd,1.0,9437184
2026-09-17T01:16:07.267270+00:00,kai-scheduler,podgroup-controller-68f9cc8dbf-9xq88,1.0,13631488
2026-09-17T01:16:07.267270+00:00,kai-scheduler,queue-controller-f86fcd76c-js4jc,1.0,13631488
2026-09-17T01:16:07.267270+00:00,kube-system,coredns-8db54c48d-dkq9n,37.0,54525952
2026-09-17T01:16:07.267270+00:00,kube-system,kwok-controller-5cf8c7c44b-gvkjd,94.0,84934656
2026-09-17T01:16:07.267270+00:00,kube-system,local-path-provisioner-5d9d9885bc-qlhkr,1.0,15728640
2026-09-17T01:16:07.267270+00:00,kube-system,metrics-server-75dc6f8d87-fh8ch,39.0,248512512
2026-09-17T01:16:07.267270+00:00,kube-system,svclb-traefik-dacc61bf-xhs49,0.0,0
2026-09-17T01:16:07.267270+00:00,kube-system,traefik-9bcdbbd9-bktmw,81.0,238026752
2026-09-17T01:16:07.267270+00:00,pyroscope,pyroscope-0,6.0,200278016
2026-09-17T01:16:07.267270+00:00,pyroscope,pyroscope-alloy-0,4.0,352321536
2026-09-17T01:16:38.526538+00:00,grove-system,grove-operator-d858d65f9-ck75j,445.0,685768704
2026-09-17T01:16:38.526538+00:00,kai-scheduler,admission-86666f457d-plhlk,1.0,16777216
2026-09-17T01:16:38.526538+00:00,kai-scheduler,binder-869fc94c7-lb9sm,28.0,199229440
2026-09-17T01:16:38.526538+00:00,kai-scheduler,kai-operator-69b5d7bcf7-h6bzd,8.0,130023424
2026-09-17T01:16:38.526538+00:00,kai-scheduler,kai-scheduler-default-85b5b8dff6-8q68j,38.0,316669952
2026-09-17T01:16:38.526538+00:00,kai-scheduler,pod-grouper-65456f756-dqrtd,1.0,9437184
2026-09-17T01:16:38.526538+00:00,kai-scheduler,podgroup-controller-68f9cc8dbf-9xq88,1.0,13631488
2026-09-17T01:16:38.526538+00:00,kai-scheduler,queue-controller-f86fcd76c-js4jc,1.0,13631488
2026-09-17T01:16:38.526538+00:00,kube-system,coredns-8db54c48d-dkq9n,9.0,56623104
2026-09-17T01:16:38.526538+00:00,kube-system,kwok-controller-5cf8c7c44b-gvkjd,98.0,88080384
2026-09-17T01:16:38.526538+00:00,kube-system,local-path-provisioner-5d9d9885bc-qlhkr,1.0,15728640
2026-09-17T01:16:38.526538+00:00,kube-system,metrics-server-75dc6f8d87-fh8ch,32.0,248512512
2026-09-17T01:16:38.526538+00:00,kube-system,svclb-traefik-dacc61bf-xhs49,0.0,0
2026-09-17T01:16:38.526538+00:00,kube-system,traefik-9bcdbbd9-bktmw,21.0,247463936
2026-09-17T01:16:38.526538+00:00,pyroscope,pyroscope-0,7.0,200278016
2026-09-17T01:16:38.526538+00:00,pyroscope,pyroscope-alloy-0,28.0,353370112
2026-09-17T01:17:09.785344+00:00,grove-system,grove-operator-d858d65f9-ck75j,475.0,728760320
2026-09-17T01:17:09.785344+00:00,kai-scheduler,admission-86666f457d-plhlk,1.0,16777216
2026-09-17T01:17:09.785344+00:00,kai-scheduler,binder-869fc94c7-lb9sm,20.0,97517568
2026-09-17T01:17:09.785344+00:00,kai-scheduler,kai-operator-69b5d7bcf7-h6bzd,1.0,130023424
2026-09-17T01:17:09.785344+00:00,kai-scheduler,kai-scheduler-default-85b5b8dff6-8q68j,41.0,375390208
2026-09-17T01:17:09.785344+00:00,kai-scheduler,pod-grouper-65456f756-dqrtd,1.0,9437184
2026-09-17T01:17:09.785344+00:00,kai-scheduler,podgroup-controller-68f9cc8dbf-9xq88,1.0,13631488
2026-09-17T01:17:09.785344+00:00,kai-scheduler,queue-controller-f86fcd76c-js4jc,1.0,13631488
2026-09-17T01:17:09.785344+00:00,kube-system,coredns-8db54c48d-dkq9n,8.0,57671680
2026-09-17T01:17:09.785344+00:00,kube-system,kwok-controller-5cf8c7c44b-gvkjd,89.0,85983232
2026-09-17T01:17:09.785344+00:00,kube-system,local-path-provisioner-5d9d9885bc-qlhkr,1.0,15728640
2026-09-17T01:17:09.785344+00:00,kube-system,metrics-server-75dc6f8d87-fh8ch,37.0,249561088
2026-09-17T01:17:09.785344+00:00,kube-system,svclb-traefik-dacc61bf-xhs49,0.0,0
2026-09-17T01:17:09.785344+00:00,kube-system,traefik-9bcdbbd9-bktmw,12.0,255852544
2026-09-17T01:17:09.785344+00:00,pyroscope,pyroscope-0,9.0,202375168
2026-09-17T01:17:09.785344+00:00,pyroscope,pyroscope-alloy-0,33.0,359661568
2026-09-17T01:17:41.058315+00:00,grove-system,grove-operator-d858d65f9-ck75j,499.0,760217600
2026-09-17T01:17:41.058315+00:00,kai-scheduler,admission-86666f457d-plhlk,1.0,16777216
2026-09-17T01:17:41.058315+00:00,kai-scheduler,binder-869fc94c7-lb9sm,26.0,113246208
2026-09-17T01:17:41.058315+00:00,kai-scheduler,kai-operator-69b5d7bcf7-h6bzd,1.0,131072000
2026-09-17T01:17:41.058315+00:00,kai-scheduler,kai-scheduler-default-85b5b8dff6-8q68j,44.0,417333248
2026-09-17T01:17:41.058315+00:00,kai-scheduler,pod-grouper-65456f756-dqrtd,1.0,9437184
2026-09-17T01:17:41.058315+00:00,kai-scheduler,podgroup-controller-68f9cc8dbf-9xq88,1.0,13631488
2026-09-17T01:17:41.058315+00:00,kai-scheduler,queue-controller-f86fcd76c-js4jc,1.0,13631488
2026-09-17T01:17:41.058315+00:00,kube-system,coredns-8db54c48d-dkq9n,8.0,56623104
2026-09-17T01:17:41.058315+00:00,kube-system,kwok-controller-5cf8c7c44b-gvkjd,97.0,85983232
2026-09-17T01:17:41.058315+00:00,kube-system,local-path-provisioner-5d9d9885bc-qlhkr,1.0,15728640
2026-09-17T01:17:41.058315+00:00,kube-system,metrics-server-75dc6f8d87-fh8ch,34.0,249561088
2026-09-17T01:17:41.058315+00:00,kube-system,svclb-traefik-dacc61bf-xhs49,0.0,0
2026-09-17T01:17:41.058315+00:00,kube-system,traefik-9bcdbbd9-bktmw,12.0,255852544
2026-09-17T01:17:41.058315+00:00,pyroscope,pyroscope-0,7.0,203423744
2026-09-17T01:17:41.058315+00:00,pyroscope,pyroscope-alloy-0,24.0,378535936
2026-09-17T01:18:12.323077+00:00,grove-system,grove-operator-d858d65f9-ck75j,476.0,780140544
2026-09-17T01:18:12.323077+00:00,kai-scheduler,admission-86666f457d-plhlk,1.0,16777216
2026-09-17T01:18:12.323077+00:00,kai-scheduler,binder-869fc94c7-lb9sm,28.0,143654912
2026-09-17T01:18:12.323077+00:00,kai-scheduler,kai-operator-69b5d7bcf7-h6bzd,3.0,131072000
2026-09-17T01:18:12.323077+00:00,kai-scheduler,kai-scheduler-default-85b5b8dff6-8q68j,52.0,433061888
2026-09-17T01:18:12.323077+00:00,kai-scheduler,pod-grouper-65456f756-dqrtd,1.0,9437184
2026-09-17T01:18:12.323077+00:00,kai-scheduler,podgroup-controller-68f9cc8dbf-9xq88,1.0,13631488
2026-09-17T01:18:12.323077+00:00,kai-scheduler,queue-controller-f86fcd76c-js4jc,1.0,13631488
2026-09-17T01:18:12.323077+00:00,kube-system,coredns-8db54c48d-dkq9n,8.0,57671680
2026-09-17T01:18:12.323077+00:00,kube-system,kwok-controller-5cf8c7c44b-gvkjd,90.0,87031808
2026-09-17T01:18:12.323077+00:00,kube-system,local-path-provisioner-5d9d9885bc-qlhkr,1.0,15728640
2026-09-17T01:18:12.323077+00:00,kube-system,metrics-server-75dc6f8d87-fh8ch,40.0,249561088
2026-09-17T01:18:12.323077+00:00,kube-system,svclb-traefik-dacc61bf-xhs49,0.0,0
2026-09-17T01:18:12.323077+00:00,kube-system,traefik-9bcdbbd9-bktmw,11.0,255852544
2026-09-17T01:18:12.323077+00:00,pyroscope,pyroscope-0,7.0,203423744
2026-09-17T01:18:12.323077+00:00,pyroscope,pyroscope-alloy-0,20.0,390070272
2026-09-17T01:18:43.580705+00:00,grove-system,grove-operator-d858d65f9-ck75j,625.0,830472192
2026-09-17T01:18:43.580705+00:00,kai-scheduler,admission-86666f457d-plhlk,1.0,16777216
2026-09-17T01:18:43.580705+00:00,kai-scheduler,binder-869fc94c7-lb9sm,32.0,159383552
2026-09-17T01:18:43.580705+00:00,kai-scheduler,kai-operator-69b5d7bcf7-h6bzd,1.0,130023424
2026-09-17T01:18:43.580705+00:00,kai-scheduler,kai-scheduler-default-85b5b8dff6-8q68j,61.0,460324864
2026-09-17T01:18:43.580705+00:00,kai-scheduler,pod-grouper-65456f756-dqrtd,1.0,9437184
2026-09-17T01:18:43.580705+00:00,kai-scheduler,podgroup-controller-68f9cc8dbf-9xq88,1.0,13631488
2026-09-17T01:18:43.580705+00:00,kai-scheduler,queue-controller-f86fcd76c-js4jc,1.0,13631488
2026-09-17T01:18:43.580705+00:00,kube-system,coredns-8db54c48d-dkq9n,9.0,58720256
2026-09-17T01:18:43.580705+00:00,kube-system,kwok-controller-5cf8c7c44b-gvkjd,125.0,85983232
2026-09-17T01:18:43.580705+00:00,kube-system,local-path-provisioner-5d9d9885bc-qlhkr,1.0,15728640
2026-09-17T01:18:43.580705+00:00,kube-system,metrics-server-75dc6f8d87-fh8ch,46.0,249561088
2026-09-17T01:18:43.580705+00:00,kube-system,svclb-traefik-dacc61bf-xhs49,0.0,0
2026-09-17T01:18:43.580705+00:00,kube-system,traefik-9bcdbbd9-bktmw,12.0,258998272
2026-09-17T01:18:43.580705+00:00,pyroscope,pyroscope-0,8.0,206569472
2026-09-17T01:18:43.580705+00:00,pyroscope,pyroscope-alloy-0,40.0,411041792
2026-09-17T01:19:14.873529+00:00,grove-system,grove-operator-d858d65f9-ck75j,765.0,878706688
2026-09-17T01:19:14.873529+00:00,kai-scheduler,admission-86666f457d-plhlk,1.0,16777216
2026-09-17T01:19:14.873529+00:00,kai-scheduler,kai-operator-69b5d7bcf7-h6bzd,8.0,130023424
2026-09-17T01:19:14.873529+00:00,kai-scheduler,kai-scheduler-default-85b5b8dff6-8q68j,108.0,514850816
2026-09-17T01:19:14.873529+00:00,kai-scheduler,pod-grouper-65456f756-dqrtd,1.0,9437184
2026-09-17T01:19:14.873529+00:00,kai-scheduler,podgroup-controller-68f9cc8dbf-9xq88,1.0,13631488
2026-09-17T01:19:14.873529+00:00,kai-scheduler,queue-controller-f86fcd76c-js4jc,1.0,13631488
2026-09-17T01:19:14.873529+00:00,kube-system,coredns-8db54c48d-dkq9n,9.0,57671680
2026-09-17T01:19:14.873529+00:00,kube-system,kwok-controller-5cf8c7c44b-gvkjd,254.0,88080384
2026-09-17T01:19:14.873529+00:00,kube-system,local-path-provisioner-5d9d9885bc-qlhkr,1.0,15728640
2026-09-17T01:19:14.873529+00:00,kube-system,metrics-server-75dc6f8d87-fh8ch,54.0,253755392
2026-09-17T01:19:14.873529+00:00,kube-system,svclb-traefik-dacc61bf-xhs49,0.0,0
2026-09-17T01:19:14.873529+00:00,kube-system,traefik-9bcdbbd9-bktmw,12.0,263192576
2026-09-17T01:19:14.873529+00:00,pyroscope,pyroscope-0,7.0,206569472
2026-09-17T01:19:14.873529+00:00,pyroscope,pyroscope-alloy-0,115.0,454033408
2026-09-17T01:19:46.148981+00:00,grove-system,grove-operator-d858d65f9-ck75j,805.0,904921088
2026-09-17T01:19:46.148981+00:00,kai-scheduler,admission-86666f457d-plhlk,1.0,16777216
2026-09-17T01:19:46.148981+00:00,kai-scheduler,kai-operator-69b5d7bcf7-h6bzd,7.0,132120576
2026-09-17T01:19:46.148981+00:00,kai-scheduler,kai-scheduler-default-85b5b8dff6-8q68j,153.0,445644800
2026-09-17T01:19:46.148981+00:00,kai-scheduler,pod-grouper-65456f756-dqrtd,1.0,9437184
2026-09-17T01:19:46.148981+00:00,kai-scheduler,podgroup-controller-68f9cc8dbf-9xq88,1.0,13631488
2026-09-17T01:19:46.148981+00:00,kai-scheduler,queue-controller-f86fcd76c-js4jc,1.0,13631488
2026-09-17T01:19:46.148981+00:00,kube-system,coredns-8db54c48d-dkq9n,11.0,59768832
2026-09-17T01:19:46.148981+00:00,kube-system,kwok-controller-5cf8c7c44b-gvkjd,255.0,87031808
2026-09-17T01:19:46.148981+00:00,kube-system,local-path-provisioner-5d9d9885bc-qlhkr,1.0,15728640
2026-09-17T01:19:46.148981+00:00,kube-system,metrics-server-75dc6f8d87-fh8ch,63.0,252706816
2026-09-17T01:19:46.148981+00:00,kube-system,svclb-traefik-dacc61bf-xhs49,0.0,0
2026-09-17T01:19:46.148981+00:00,kube-system,traefik-9bcdbbd9-bktmw,13.0,264241152
2026-09-17T01:19:46.148981+00:00,pyroscope,pyroscope-0,8.0,206569472
2026-09-17T01:19:46.148981+00:00,pyroscope,pyroscope-alloy-0,108.0,483393536
2026-09-17T01:20:17.435328+00:00,grove-system,grove-operator-d858d65f9-ck75j,1051.0,939524096
2026-09-17T01:20:17.435328+00:00,kai-scheduler,admission-86666f457d-plhlk,1.0,16777216
2026-09-17T01:20:17.435328+00:00,kai-scheduler,kai-operator-69b5d7bcf7-h6bzd,5.0,132120576
2026-09-17T01:20:17.435328+00:00,kai-scheduler,pod-grouper-65456f756-dqrtd,1.0,9437184
2026-09-17T01:20:17.435328+00:00,kai-scheduler,podgroup-controller-68f9cc8dbf-9xq88,1.0,13631488
2026-09-17T01:20:17.435328+00:00,kai-scheduler,queue-controller-f86fcd76c-js4jc,1.0,13631488
2026-09-17T01:20:17.435328+00:00,kube-system,coredns-8db54c48d-dkq9n,9.0,58720256
2026-09-17T01:20:17.435328+00:00,kube-system,kwok-controller-5cf8c7c44b-gvkjd,175.0,88080384
2026-09-17T01:20:17.435328+00:00,kube-system,local-path-provisioner-5d9d9885bc-qlhkr,1.0,15728640
2026-09-17T01:20:17.435328+00:00,kube-system,metrics-server-75dc6f8d87-fh8ch,50.0,260046848
2026-09-17T01:20:17.435328+00:00,kube-system,svclb-traefik-dacc61bf-xhs49,0.0,0
2026-09-17T01:20:17.435328+00:00,kube-system,traefik-9bcdbbd9-bktmw,13.0,264241152
2026-09-17T01:20:17.435328+00:00,pyroscope,pyroscope-0,9.0,207618048
2026-09-17T01:20:17.435328+00:00,pyroscope,pyroscope-alloy-0,110.0,525336576
2026-09-17T01:20:48.813271+00:00,grove-system,grove-operator-d858d65f9-ck75j,956.0,947912704
2026-09-17T01:20:48.813271+00:00,kai-scheduler,admission-86666f457d-plhlk,1.0,16777216
2026-09-17T01:20:48.813271+00:00,kai-scheduler,kai-operator-69b5d7bcf7-h6bzd,5.0,132120576
2026-09-17T01:20:48.813271+00:00,kai-scheduler,pod-grouper-65456f756-dqrtd,1.0,9437184
2026-09-17T01:20:48.813271+00:00,kai-scheduler,podgroup-controller-68f9cc8dbf-9xq88,1.0,13631488
2026-09-17T01:20:48.813271+00:00,kai-scheduler,queue-controller-f86fcd76c-js4jc,1.0,13631488
2026-09-17T01:20:48.813271+00:00,kube-system,coredns-8db54c48d-dkq9n,8.0,59768832
2026-09-17T01:20:48.813271+00:00,kube-system,kwok-controller-5cf8c7c44b-gvkjd,295.0,90177536
2026-09-17T01:20:48.813271+00:00,kube-system,local-path-provisioner-5d9d9885bc-qlhkr,1.0,15728640
2026-09-17T01:20:48.813271+00:00,kube-system,metrics-server-75dc6f8d87-fh8ch,59.0,266338304
2026-09-17T01:20:48.813271+00:00,kube-system,svclb-traefik-dacc61bf-xhs49,0.0,0
2026-09-17T01:20:48.813271+00:00,kube-system,traefik-9bcdbbd9-bktmw,13.0,271581184
2026-09-17T01:20:48.813271+00:00,pyroscope,pyroscope-0,8.0,207618048
2026-09-17T01:20:48.813271+00:00,pyroscope,pyroscope-alloy-0,158.0,566231040
2026-09-17T01:21:20.086947+00:00,grove-system,grove-operator-d858d65f9-ck75j,864.0,952107008
2026-09-17T01:21:20.086947+00:00,kai-scheduler,admission-86666f457d-plhlk,1.0,16777216
2026-09-17T01:21:20.086947+00:00,kai-scheduler,binder-869fc94c7-lb9sm,100.0,171966464
2026-09-17T01:21:20.086947+00:00,kai-scheduler,kai-operator-69b5d7bcf7-h6bzd,1.0,132120576
2026-09-17T01:21:20.086947+00:00,kai-scheduler,pod-grouper-65456f756-dqrtd,1.0,9437184
2026-09-17T01:21:20.086947+00:00,kai-scheduler,podgroup-controller-68f9cc8dbf-9xq88,1.0,13631488
2026-09-17T01:21:20.086947+00:00,kai-scheduler,queue-controller-f86fcd76c-js4jc,1.0,13631488
2026-09-17T01:21:20.086947+00:00,kube-system,coredns-8db54c48d-dkq9n,9.0,61865984
2026-09-17T01:21:20.086947+00:00,kube-system,kwok-controller-5cf8c7c44b-gvkjd,305.0,90177536
2026-09-17T01:21:20.086947+00:00,kube-system,local-path-provisioner-5d9d9885bc-qlhkr,1.0,15728640
2026-09-17T01:21:20.086947+00:00,kube-system,metrics-server-75dc6f8d87-fh8ch,58.0,273678336
2026-09-17T01:21:20.086947+00:00,kube-system,svclb-traefik-dacc61bf-xhs49,0.0,0
2026-09-17T01:21:20.086947+00:00,kube-system,traefik-9bcdbbd9-bktmw,28.0,294649856
2026-09-17T01:21:20.086947+00:00,pyroscope,pyroscope-0,7.0,208666624
2026-09-17T01:21:20.086947+00:00,pyroscope,pyroscope-alloy-0,158.0,589299712
2026-09-17T01:21:51.365797+00:00,grove-system,grove-operator-d858d65f9-ck75j,808.0,955252736
2026-09-17T01:21:51.365797+00:00,kai-scheduler,admission-86666f457d-plhlk,1.0,16777216
2026-09-17T01:21:51.365797+00:00,kai-scheduler,kai-operator-69b5d7bcf7-h6bzd,3.0,133169152
2026-09-17T01:21:51.365797+00:00,kai-scheduler,pod-grouper-65456f756-dqrtd,1.0,9437184
2026-09-17T01:21:51.365797+00:00,kai-scheduler,podgroup-controller-68f9cc8dbf-9xq88,1.0,13631488
2026-09-17T01:21:51.365797+00:00,kai-scheduler,queue-controller-f86fcd76c-js4jc,1.0,13631488
2026-09-17T01:21:51.365797+00:00,kube-system,coredns-8db54c48d-dkq9n,9.0,62914560
2026-09-17T01:21:51.365797+00:00,kube-system,kwok-controller-5cf8c7c44b-gvkjd,303.0,92274688
2026-09-17T01:21:51.365797+00:00,kube-system,local-path-provisioner-5d9d9885bc-qlhkr,1.0,15728640
2026-09-17T01:21:51.365797+00:00,kube-system,metrics-server-75dc6f8d87-fh8ch,80.0,287309824
2026-09-17T01:21:51.365797+00:00,kube-system,svclb-traefik-dacc61bf-xhs49,0.0,0
2026-09-17T01:21:51.365797+00:00,kube-system,traefik-9bcdbbd9-bktmw,12.0,294649856
2026-09-17T01:21:51.365797+00:00,pyroscope,pyroscope-0,8.0,212860928
2026-09-17T01:21:51.365797+00:00,pyroscope,pyroscope-alloy-0,168.0,605028352
2026-09-17T01:22:22.651509+00:00,grove-system,grove-operator-d858d65f9-ck75j,783.0,957349888
2026-09-17T01:22:22.651509+00:00,kai-scheduler,admission-86666f457d-plhlk,1.0,16777216
2026-09-17T01:22:22.651509+00:00,kai-scheduler,kai-operator-69b5d7bcf7-h6bzd,4.0,133169152
2026-09-17T01:22:22.651509+00:00,kai-scheduler,pod-grouper-65456f756-dqrtd,1.0,9437184
2026-09-17T01:22:22.651509+00:00,kai-scheduler,podgroup-controller-68f9cc8dbf-9xq88,1.0,13631488
2026-09-17T01:22:22.651509+00:00,kai-scheduler,queue-controller-f86fcd76c-js4jc,1.0,13631488
2026-09-17T01:22:22.651509+00:00,kube-system,coredns-8db54c48d-dkq9n,9.0,63963136
2026-09-17T01:22:22.651509+00:00,kube-system,kwok-controller-5cf8c7c44b-gvkjd,304.0,94371840
2026-09-17T01:22:22.651509+00:00,kube-system,local-path-provisioner-5d9d9885bc-qlhkr,1.0,15728640
2026-09-17T01:22:22.651509+00:00,kube-system,metrics-server-75dc6f8d87-fh8ch,58.0,294649856
2026-09-17T01:22:22.651509+00:00,kube-system,svclb-traefik-dacc61bf-xhs49,0.0,0
2026-09-17T01:22:22.651509+00:00,kube-system,traefik-9bcdbbd9-bktmw,12.0,295698432
2026-09-17T01:22:22.651509+00:00,pyroscope,pyroscope-0,7.0,211812352
2026-09-17T01:22:22.651509+00:00,pyroscope,pyroscope-alloy-0,187.0,637534208
2026-09-17T01:22:53.912076+00:00,grove-system,grove-operator-d858d65f9-ck75j,739.0,958398464
2026-09-17T01:22:53.912076+00:00,kai-scheduler,admission-86666f457d-plhlk,1.0,16777216
2026-09-17T01:22:53.912076+00:00,kai-scheduler,binder-869fc94c7-lb9sm,101.0,0
2026-09-17T01:22:53.912076+00:00,kai-scheduler,kai-operator-69b5d7bcf7-h6bzd,3.0,134217728
2026-09-17T01:22:53.912076+00:00,kai-scheduler,pod-grouper-65456f756-dqrtd,1.0,9437184
2026-09-17T01:22:53.912076+00:00,kai-scheduler,podgroup-controller-68f9cc8dbf-9xq88,1.0,13631488
2026-09-17T01:22:53.912076+00:00,kai-scheduler,queue-controller-f86fcd76c-js4jc,1.0,13631488
2026-09-17T01:22:53.912076+00:00,kube-system,coredns-8db54c48d-dkq9n,9.0,63963136
2026-09-17T01:22:53.912076+00:00,kube-system,kwok-controller-5cf8c7c44b-gvkjd,92.0,93323264
2026-09-17T01:22:53.912076+00:00,kube-system,local-path-provisioner-5d9d9885bc-qlhkr,1.0,15728640
2026-09-17T01:22:53.912076+00:00,kube-system,metrics-server-75dc6f8d87-fh8ch,37.0,305135616
2026-09-17T01:22:53.912076+00:00,kube-system,svclb-traefik-dacc61bf-xhs49,0.0,0
2026-09-17T01:22:53.912076+00:00,kube-system,traefik-9bcdbbd9-bktmw,11.0,296747008
2026-09-17T01:22:53.912076+00:00,pyroscope,pyroscope-0,7.0,214958080
2026-09-17T01:22:53.912076+00:00,pyroscope,pyroscope-alloy-0,42.0,654311424
2026-09-17T01:23:25.173636+00:00,grove-system,grove-operator-d858d65f9-ck75j,758.0,965738496
2026-09-17T01:23:25.173636+00:00,kai-scheduler,admission-86666f457d-plhlk,1.0,16777216
2026-09-17T01:23:25.173636+00:00,kai-scheduler,kai-operator-69b5d7bcf7-h6bzd,1.0,134217728
2026-09-17T01:23:25.173636+00:00,kai-scheduler,pod-grouper-65456f756-dqrtd,1.0,9437184
2026-09-17T01:23:25.173636+00:00,kai-scheduler,podgroup-controller-68f9cc8dbf-9xq88,1.0,13631488
2026-09-17T01:23:25.173636+00:00,kai-scheduler,queue-controller-f86fcd76c-js4jc,1.0,13631488
2026-09-17T01:23:25.173636+00:00,kube-system,coredns-8db54c48d-dkq9n,9.0,66060288
2026-09-17T01:23:25.173636+00:00,kube-system,kwok-controller-5cf8c7c44b-gvkjd,120.0,95420416
2026-09-17T01:23:25.173636+00:00,kube-system,local-path-provisioner-5d9d9885bc-qlhkr,1.0,15728640
2026-09-17T01:23:25.173636+00:00,kube-system,metrics-server-75dc6f8d87-fh8ch,38.0,306184192
2026-09-17T01:23:25.173636+00:00,kube-system,svclb-traefik-dacc61bf-xhs49,0.0,0
2026-09-17T01:23:25.173636+00:00,kube-system,traefik-9bcdbbd9-bktmw,12.0,297795584
2026-09-17T01:23:25.173636+00:00,pyroscope,pyroscope-0,7.0,213909504
2026-09-17T01:23:25.173636+00:00,pyroscope,pyroscope-alloy-0,128.0,656408576
2026-09-17T01:23:56.425344+00:00,grove-system,grove-operator-d858d65f9-ck75j,637.0,970981376
2026-09-17T01:23:56.425344+00:00,kai-scheduler,admission-86666f457d-plhlk,1.0,16777216
2026-09-17T01:23:56.425344+00:00,kai-scheduler,kai-operator-69b5d7bcf7-h6bzd,8.0,135266304
2026-09-17T01:23:56.425344+00:00,kai-scheduler,pod-grouper-65456f756-dqrtd,1.0,9437184
2026-09-17T01:23:56.425344+00:00,kai-scheduler,podgroup-controller-68f9cc8dbf-9xq88,1.0,13631488
2026-09-17T01:23:56.425344+00:00,kai-scheduler,queue-controller-f86fcd76c-js4jc,1.0,13631488
2026-09-17T01:23:56.425344+00:00,kube-system,coredns-8db54c48d-dkq9n,9.0,66060288
2026-09-17T01:23:56.425344+00:00,kube-system,kwok-controller-5cf8c7c44b-gvkjd,88.0,95420416
2026-09-17T01:23:56.425344+00:00,kube-system,local-path-provisioner-5d9d9885bc-qlhkr,1.0,15728640
2026-09-17T01:23:56.425344+00:00,kube-system,metrics-server-75dc6f8d87-fh8ch,31.0,317718528
2026-09-17T01:23:56.425344+00:00,kube-system,svclb-traefik-dacc61bf-xhs49,0.0,0
2026-09-17T01:23:56.425344+00:00,kube-system,traefik-9bcdbbd9-bktmw,12.0,295698432
2026-09-17T01:23:56.425344+00:00,pyroscope,pyroscope-0,10.0,228589568
2026-09-17T01:23:56.425344+00:00,pyroscope,pyroscope-alloy-0,75.0,657457152
2026-09-17T01:24:27.676969+00:00,grove-system,grove-operator-d858d65f9-ck75j,83.0,969932800
2026-09-17T01:24:27.676969+00:00,kai-scheduler,admission-86666f457d-plhlk,1.0,16777216
2026-09-17T01:24:27.676969+00:00,kai-scheduler,kai-operator-69b5d7bcf7-h6bzd,3.0,135266304
2026-09-17T01:24:27.676969+00:00,kai-scheduler,pod-grouper-65456f756-dqrtd,1.0,9437184
2026-09-17T01:24:27.676969+00:00,kai-scheduler,podgroup-controller-68f9cc8dbf-9xq88,1.0,13631488
2026-09-17T01:24:27.676969+00:00,kai-scheduler,queue-controller-f86fcd76c-js4jc,1.0,13631488
2026-09-17T01:24:27.676969+00:00,kube-system,coredns-8db54c48d-dkq9n,9.0,68157440
2026-09-17T01:24:27.676969+00:00,kube-system,kwok-controller-5cf8c7c44b-gvkjd,90.0,95420416
2026-09-17T01:24:27.676969+00:00,kube-system,local-path-provisioner-5d9d9885bc-qlhkr,1.0,15728640
2026-09-17T01:24:27.676969+00:00,kube-system,metrics-server-75dc6f8d87-fh8ch,32.0,325058560
2026-09-17T01:24:27.676969+00:00,kube-system,svclb-traefik-dacc61bf-xhs49,0.0,0
2026-09-17T01:24:27.676969+00:00,kube-system,traefik-9bcdbbd9-bktmw,13.0,295698432
2026-09-17T01:24:27.676969+00:00,pyroscope,pyroscope-0,6.0,224395264
2026-09-17T01:24:27.676969+00:00,pyroscope,pyroscope-alloy-0,33.0,672137216
2026-09-17T01:24:58.927235+00:00,grove-system,grove-operator-d858d65f9-ck75j,88.0,969932800
2026-09-17T01:24:58.927235+00:00,kai-scheduler,admission-86666f457d-plhlk,1.0,16777216
2026-09-17T01:24:58.927235+00:00,kai-scheduler,kai-operator-69b5d7bcf7-h6bzd,3.0,135266304
2026-09-17T01:24:58.927235+00:00,kai-scheduler,pod-grouper-65456f756-dqrtd,1.0,9437184
2026-09-17T01:24:58.927235+00:00,kai-scheduler,podgroup-controller-68f9cc8dbf-9xq88,1.0,13631488
2026-09-17T01:24:58.927235+00:00,kai-scheduler,queue-controller-f86fcd76c-js4jc,1.0,13631488
2026-09-17T01:24:58.927235+00:00,kube-system,coredns-8db54c48d-dkq9n,9.0,69206016
2026-09-17T01:24:58.927235+00:00,kube-system,kwok-controller-5cf8c7c44b-gvkjd,89.0,95420416
2026-09-17T01:24:58.927235+00:00,kube-system,local-path-provisioner-5d9d9885bc-qlhkr,1.0,15728640
2026-09-17T01:24:58.927235+00:00,kube-system,metrics-server-75dc6f8d87-fh8ch,26.0,326107136
2026-09-17T01:24:58.927235+00:00,kube-system,svclb-traefik-dacc61bf-xhs49,0.0,0
2026-09-17T01:24:58.927235+00:00,kube-system,traefik-9bcdbbd9-bktmw,18.0,296747008
2026-09-17T01:24:58.927235+00:00,pyroscope,pyroscope-0,7.0,214958080
2026-09-17T01:24:58.927235+00:00,pyroscope,pyroscope-alloy-0,5.0,685768704
2026-09-17T01:25:30.180755+00:00,grove-system,grove-operator-d858d65f9-ck75j,148.0,970981376
2026-09-17T01:25:30.180755+00:00,kai-scheduler,admission-86666f457d-plhlk,1.0,16777216
2026-09-17T01:25:30.180755+00:00,kai-scheduler,kai-operator-69b5d7bcf7-h6bzd,3.0,135266304
2026-09-17T01:25:30.180755+00:00,kai-scheduler,pod-grouper-65456f756-dqrtd,1.0,9437184
2026-09-17T01:25:30.180755+00:00,kai-scheduler,podgroup-controller-68f9cc8dbf-9xq88,1.0,13631488
2026-09-17T01:25:30.180755+00:00,kai-scheduler,queue-controller-f86fcd76c-js4jc,1.0,13631488
2026-09-17T01:25:30.180755+00:00,kube-system,coredns-8db54c48d-dkq9n,8.0,70254592
2026-09-17T01:25:30.180755+00:00,kube-system,kwok-controller-5cf8c7c44b-gvkjd,83.0,95420416
2026-09-17T01:25:30.180755+00:00,kube-system,local-path-provisioner-5d9d9885bc-qlhkr,1.0,15728640
2026-09-17T01:25:30.180755+00:00,kube-system,metrics-server-75dc6f8d87-fh8ch,34.0,326107136
2026-09-17T01:25:30.180755+00:00,kube-system,svclb-traefik-dacc61bf-xhs49,0.0,0
2026-09-17T01:25:30.180755+00:00,kube-system,traefik-9bcdbbd9-bktmw,12.0,296747008
2026-09-17T01:25:30.180755+00:00,pyroscope,pyroscope-0,5.0,216006656
2026-09-17T01:25:30.180755+00:00,pyroscope,pyroscope-alloy-0,6.0,685768704
2026-09-17T01:26:01.432099+00:00,grove-system,grove-operator-d858d65f9-ck75j,97.0,968884224
2026-09-17T01:26:01.432099+00:00,kai-scheduler,admission-86666f457d-plhlk,1.0,16777216
2026-09-17T01:26:01.432099+00:00,kai-scheduler,kai-operator-69b5d7bcf7-h6bzd,7.0,119537664
2026-09-17T01:26:01.432099+00:00,kai-scheduler,pod-grouper-65456f756-dqrtd,1.0,9437184
2026-09-17T01:26:01.432099+00:00,kai-scheduler,podgroup-controller-68f9cc8dbf-9xq88,1.0,13631488
2026-09-17T01:26:01.432099+00:00,kai-scheduler,queue-controller-f86fcd76c-js4jc,1.0,13631488
2026-09-17T01:26:01.432099+00:00,kube-system,coredns-8db54c48d-dkq9n,9.0,70254592
2026-09-17T01:26:01.432099+00:00,kube-system,kwok-controller-5cf8c7c44b-gvkjd,90.0,94371840
2026-09-17T01:26:01.432099+00:00,kube-system,local-path-provisioner-5d9d9885bc-qlhkr,1.0,15728640
2026-09-17T01:26:01.432099+00:00,kube-system,metrics-server-75dc6f8d87-fh8ch,38.0,326107136
2026-09-17T01:26:01.432099+00:00,kube-system,svclb-traefik-dacc61bf-xhs49,0.0,0
2026-09-17T01:26:01.432099+00:00,kube-system,traefik-9bcdbbd9-bktmw,11.0,296747008
2026-09-17T01:26:01.432099+00:00,pyroscope,pyroscope-0,6.0,220200960
2026-09-17T01:26:01.432099+00:00,pyroscope,pyroscope-alloy-0,57.0,685768704
2026-09-17T01:26:32.679813+00:00,grove-system,grove-operator-d858d65f9-ck75j,105.0,969932800
2026-09-17T01:26:32.679813+00:00,kai-scheduler,admission-86666f457d-plhlk,1.0,16777216
2026-09-17T01:26:32.679813+00:00,kai-scheduler,kai-operator-69b5d7bcf7-h6bzd,3.0,118489088
2026-09-17T01:26:32.679813+00:00,kai-scheduler,pod-grouper-65456f756-dqrtd,1.0,9437184
2026-09-17T01:26:32.679813+00:00,kai-scheduler,podgroup-controller-68f9cc8dbf-9xq88,1.0,13631488
2026-09-17T01:26:32.679813+00:00,kai-scheduler,queue-controller-f86fcd76c-js4jc,1.0,13631488
2026-09-17T01:26:32.679813+00:00,kube-system,coredns-8db54c48d-dkq9n,6.0,70254592
2026-09-17T01:26:32.679813+00:00,kube-system,kwok-controller-5cf8c7c44b-gvkjd,92.0,93323264
2026-09-17T01:26:32.679813+00:00,kube-system,local-path-provisioner-5d9d9885bc-qlhkr,1.0,15728640
2026-09-17T01:26:32.679813+00:00,kube-system,metrics-server-75dc6f8d87-fh8ch,32.0,326107136
2026-09-17T01:26:32.679813+00:00,kube-system,svclb-traefik-dacc61bf-xhs49,0.0,0
2026-09-17T01:26:32.679813+00:00,kube-system,traefik-9bcdbbd9-bktmw,9.0,296747008
2026-09-17T01:26:32.679813+00:00,pyroscope,pyroscope-0,6.0,219152384
2026-09-17T01:26:32.679813+00:00,pyroscope,pyroscope-alloy-0,65.0,685768704
2026-09-17T01:27:03.925176+00:00,grove-system,grove-operator-d858d65f9-ck75j,140.0,976224256
2026-09-17T01:27:03.925176+00:00,kai-scheduler,admission-86666f457d-plhlk,1.0,16777216
2026-09-17T01:27:03.925176+00:00,kai-scheduler,kai-operator-69b5d7bcf7-h6bzd,3.0,123731968
2026-09-17T01:27:03.925176+00:00,kai-scheduler,pod-grouper-65456f756-dqrtd,1.0,9437184
2026-09-17T01:27:03.925176+00:00,kai-scheduler,podgroup-controller-68f9cc8dbf-9xq88,1.0,13631488
2026-09-17T01:27:03.925176+00:00,kai-scheduler,queue-controller-f86fcd76c-js4jc,1.0,13631488
2026-09-17T01:27:03.925176+00:00,kube-system,coredns-8db54c48d-dkq9n,3.0,70254592
2026-09-17T01:27:03.925176+00:00,kube-system,kwok-controller-5cf8c7c44b-gvkjd,84.0,95420416
2026-09-17T01:27:03.925176+00:00,kube-system,local-path-provisioner-5d9d9885bc-qlhkr,1.0,15728640
2026-09-17T01:27:03.925176+00:00,kube-system,metrics-server-75dc6f8d87-fh8ch,28.0,326107136
2026-09-17T01:27:03.925176+00:00,kube-system,svclb-traefik-dacc61bf-xhs49,0.0,0
2026-09-17T01:27:03.925176+00:00,kube-system,traefik-9bcdbbd9-bktmw,5.0,296747008
2026-09-17T01:27:03.925176+00:00,pyroscope,pyroscope-0,6.0,220200960
2026-09-17T01:27:03.925176+00:00,pyroscope,pyroscope-alloy-0,36.0,686817280
2026-09-17T01:27:35.178722+00:00,grove-system,grove-operator-d858d65f9-ck75j,58.0,973078528
2026-09-17T01:27:35.178722+00:00,kai-scheduler,admission-86666f457d-plhlk,1.0,16777216
2026-09-17T01:27:35.178722+00:00,kai-scheduler,kai-operator-69b5d7bcf7-h6bzd,3.0,124780544
2026-09-17T01:27:35.178722+00:00,kai-scheduler,pod-grouper-65456f756-dqrtd,1.0,9437184
2026-09-17T01:27:35.178722+00:00,kai-scheduler,podgroup-controller-68f9cc8dbf-9xq88,1.0,13631488
2026-09-17T01:27:35.178722+00:00,kai-scheduler,queue-controller-f86fcd76c-js4jc,1.0,13631488
2026-09-17T01:27:35.178722+00:00,kube-system,coredns-8db54c48d-dkq9n,3.0,69206016
2026-09-17T01:27:35.178722+00:00,kube-system,kwok-controller-5cf8c7c44b-gvkjd,704.0,96468992
2026-09-17T01:27:35.178722+00:00,kube-system,local-path-provisioner-5d9d9885bc-qlhkr,1.0,15728640
2026-09-17T01:27:35.178722+00:00,kube-system,metrics-server-75dc6f8d87-fh8ch,32.0,326107136
2026-09-17T01:27:35.178722+00:00,kube-system,svclb-traefik-dacc61bf-xhs49,0.0,0
2026-09-17T01:27:35.178722+00:00,kube-system,traefik-9bcdbbd9-bktmw,4.0,291504128
2026-09-17T01:27:35.178722+00:00,pyroscope,pyroscope-0,6.0,219152384
2026-09-17T01:27:35.178722+00:00,pyroscope,pyroscope-alloy-0,54.0,686817280
2026-09-17T01:28:06.431377+00:00,grove-system,grove-operator-d858d65f9-ck75j,48.0,976224256
2026-09-17T01:28:06.431377+00:00,kai-scheduler,admission-86666f457d-plhlk,1.0,16777216
2026-09-17T01:28:06.431377+00:00,kai-scheduler,kai-operator-69b5d7bcf7-h6bzd,4.0,125829120
2026-09-17T01:28:06.431377+00:00,kai-scheduler,pod-grouper-65456f756-dqrtd,1.0,9437184
2026-09-17T01:28:06.431377+00:00,kai-scheduler,podgroup-controller-68f9cc8dbf-9xq88,1.0,13631488
2026-09-17T01:28:06.431377+00:00,kai-scheduler,queue-controller-f86fcd76c-js4jc,1.0,13631488
2026-09-17T01:28:06.431377+00:00,kube-system,coredns-8db54c48d-dkq9n,4.0,71303168
2026-09-17T01:28:06.431377+00:00,kube-system,kwok-controller-5cf8c7c44b-gvkjd,112.0,94371840
2026-09-17T01:28:06.431377+00:00,kube-system,local-path-provisioner-5d9d9885bc-qlhkr,1.0,15728640
2026-09-17T01:28:06.431377+00:00,kube-system,metrics-server-75dc6f8d87-fh8ch,41.0,329252864
2026-09-17T01:28:06.431377+00:00,kube-system,svclb-traefik-dacc61bf-xhs49,0.0,0
2026-09-17T01:28:06.431377+00:00,kube-system,traefik-9bcdbbd9-bktmw,3.0,292552704
2026-09-17T01:28:06.431377+00:00,pyroscope,pyroscope-0,6.0,220200960
2026-09-17T01:28:06.431377+00:00,pyroscope,pyroscope-alloy-0,7.0,686817280
2026-09-17T01:28:37.681395+00:00,grove-system,grove-operator-d858d65f9-ck75j,51.0,978321408
2026-09-17T01:28:37.681395+00:00,kai-scheduler,admission-86666f457d-plhlk,1.0,16777216
2026-09-17T01:28:37.681395+00:00,kai-scheduler,kai-operator-69b5d7bcf7-h6bzd,3.0,125829120
2026-09-17T01:28:37.681395+00:00,kai-scheduler,pod-grouper-65456f756-dqrtd,1.0,9437184
2026-09-17T01:28:37.681395+00:00,kai-scheduler,podgroup-controller-68f9cc8dbf-9xq88,1.0,13631488
2026-09-17T01:28:37.681395+00:00,kai-scheduler,queue-controller-f86fcd76c-js4jc,1.0,13631488
2026-09-17T01:28:37.681395+00:00,kube-system,coredns-8db54c48d-dkq9n,3.0,69206016
2026-09-17T01:28:37.681395+00:00,kube-system,kwok-controller-5cf8c7c44b-gvkjd,90.0,94371840
2026-09-17T01:28:37.681395+00:00,kube-system,local-path-provisioner-5d9d9885bc-qlhkr,1.0,15728640
2026-09-17T01:28:37.681395+00:00,kube-system,metrics-server-75dc6f8d87-fh8ch,33.0,329252864
2026-09-17T01:28:37.681395+00:00,kube-system,svclb-traefik-dacc61bf-xhs49,0.0,0
2026-09-17T01:28:37.681395+00:00,kube-system,traefik-9bcdbbd9-bktmw,3.0,291504128
2026-09-17T01:28:37.681395+00:00,pyroscope,pyroscope-0,6.0,220200960
2026-09-17T01:28:37.681395+00:00,pyroscope,pyroscope-alloy-0,6.0,686817280
2026-09-17T01:29:08.934820+00:00,grove-system,grove-operator-d858d65f9-ck75j,36.0,981467136
2026-09-17T01:29:08.934820+00:00,kai-scheduler,admission-86666f457d-plhlk,1.0,16777216
2026-09-17T01:29:08.934820+00:00,kai-scheduler,kai-operator-69b5d7bcf7-h6bzd,3.0,125829120
2026-09-17T01:29:08.934820+00:00,kai-scheduler,pod-grouper-65456f756-dqrtd,1.0,9437184
2026-09-17T01:29:08.934820+00:00,kai-scheduler,podgroup-controller-68f9cc8dbf-9xq88,1.0,13631488
2026-09-17T01:29:08.934820+00:00,kai-scheduler,queue-controller-f86fcd76c-js4jc,1.0,13631488
2026-09-17T01:29:08.934820+00:00,kube-system,coredns-8db54c48d-dkq9n,3.0,70254592
2026-09-17T01:29:08.934820+00:00,kube-system,kwok-controller-5cf8c7c44b-gvkjd,88.0,96468992
2026-09-17T01:29:08.934820+00:00,kube-system,local-path-provisioner-5d9d9885bc-qlhkr,1.0,15728640
2026-09-17T01:29:08.934820+00:00,kube-system,metrics-server-75dc6f8d87-fh8ch,26.0,328204288
2026-09-17T01:29:08.934820+00:00,kube-system,svclb-traefik-dacc61bf-xhs49,0.0,0
2026-09-17T01:29:08.934820+00:00,kube-system,traefik-9bcdbbd9-bktmw,13.0,278921216
2026-09-17T01:29:08.934820+00:00,pyroscope,pyroscope-0,7.0,221249536
2026-09-17T01:29:08.934820+00:00,pyroscope,pyroscope-alloy-0,6.0,687865856
2026-09-17T01:29:40.184023+00:00,grove-system,grove-operator-d858d65f9-ck75j,43.0,982515712
2026-09-17T01:29:40.184023+00:00,kai-scheduler,admission-86666f457d-plhlk,1.0,16777216
2026-09-17T01:29:40.184023+00:00,kai-scheduler,kai-operator-69b5d7bcf7-h6bzd,3.0,125829120
2026-09-17T01:29:40.184023+00:00,kai-scheduler,pod-grouper-65456f756-dqrtd,1.0,9437184
2026-09-17T01:29:40.184023+00:00,kai-scheduler,podgroup-controller-68f9cc8dbf-9xq88,1.0,13631488
2026-09-17T01:29:40.184023+00:00,kai-scheduler,queue-controller-f86fcd76c-js4jc,1.0,13631488
2026-09-17T01:29:40.184023+00:00,kube-system,coredns-8db54c48d-dkq9n,4.0,66060288
2026-09-17T01:29:40.184023+00:00,kube-system,kwok-controller-5cf8c7c44b-gvkjd,89.0,94371840
2026-09-17T01:29:40.184023+00:00,kube-system,local-path-provisioner-5d9d9885bc-qlhkr,1.0,15728640
2026-09-17T01:29:40.184023+00:00,kube-system,metrics-server-75dc6f8d87-fh8ch,35.0,335544320
2026-09-17T01:29:40.184023+00:00,kube-system,svclb-traefik-dacc61bf-xhs49,0.0,0
2026-09-17T01:29:40.184023+00:00,kube-system,traefik-9bcdbbd9-bktmw,3.0,278921216
2026-09-17T01:29:40.184023+00:00,pyroscope,pyroscope-0,6.0,221249536
2026-09-17T01:29:40.184023+00:00,pyroscope,pyroscope-alloy-0,6.0,686817280
2026-09-17T01:30:11.433135+00:00,grove-system,grove-operator-d858d65f9-ck75j,41.0,985661440
2026-09-17T01:30:11.433135+00:00,kai-scheduler,admission-86666f457d-plhlk,1.0,16777216
2026-09-17T01:30:11.433135+00:00,kai-scheduler,kai-operator-69b5d7bcf7-h6bzd,3.0,111149056
2026-09-17T01:30:11.433135+00:00,kai-scheduler,pod-grouper-65456f756-dqrtd,1.0,9437184
2026-09-17T01:30:11.433135+00:00,kai-scheduler,podgroup-controller-68f9cc8dbf-9xq88,1.0,13631488
2026-09-17T01:30:11.433135+00:00,kai-scheduler,queue-controller-f86fcd76c-js4jc,1.0,13631488
2026-09-17T01:30:11.433135+00:00,kube-system,coredns-8db54c48d-dkq9n,3.0,66060288
2026-09-17T01:30:11.433135+00:00,kube-system,kwok-controller-5cf8c7c44b-gvkjd,86.0,95420416
2026-09-17T01:30:11.433135+00:00,kube-system,local-path-provisioner-5d9d9885bc-qlhkr,1.0,15728640
2026-09-17T01:30:11.433135+00:00,kube-system,metrics-server-75dc6f8d87-fh8ch,28.0,335544320
2026-09-17T01:30:11.433135+00:00,kube-system,svclb-traefik-dacc61bf-xhs49,0.0,0
2026-09-17T01:30:11.433135+00:00,kube-system,traefik-9bcdbbd9-bktmw,3.0,277872640
2026-09-17T01:30:11.433135+00:00,pyroscope,pyroscope-0,6.0,221249536
2026-09-17T01:30:11.433135+00:00,pyroscope,pyroscope-alloy-0,5.0,686817280
2026-09-17T01:30:42.677841+00:00,grove-system,grove-operator-d858d65f9-ck75j,42.0,984612864
2026-09-17T01:30:42.677841+00:00,kai-scheduler,admission-86666f457d-plhlk,1.0,16777216
2026-09-17T01:30:42.677841+00:00,kai-scheduler,kai-operator-69b5d7bcf7-h6bzd,3.0,111149056
2026-09-17T01:30:42.677841+00:00,kai-scheduler,pod-grouper-65456f756-dqrtd,1.0,9437184
2026-09-17T01:30:42.677841+00:00,kai-scheduler,podgroup-controller-68f9cc8dbf-9xq88,1.0,13631488
2026-09-17T01:30:42.677841+00:00,kai-scheduler,queue-controller-f86fcd76c-js4jc,1.0,13631488
2026-09-17T01:30:42.677841+00:00,kube-system,coredns-8db54c48d-dkq9n,3.0,66060288
2026-09-17T01:30:42.677841+00:00,kube-system,kwok-controller-5cf8c7c44b-gvkjd,85.0,95420416
2026-09-17T01:30:42.677841+00:00,kube-system,local-path-provisioner-5d9d9885bc-qlhkr,1.0,15728640
2026-09-17T01:30:42.677841+00:00,kube-system,metrics-server-75dc6f8d87-fh8ch,29.0,335544320
2026-09-17T01:30:42.677841+00:00,kube-system,svclb-traefik-dacc61bf-xhs49,0.0,0
2026-09-17T01:30:42.677841+00:00,kube-system,traefik-9bcdbbd9-bktmw,3.0,277872640
2026-09-17T01:30:42.677841+00:00,pyroscope,pyroscope-0,7.0,224395264
2026-09-17T01:30:42.677841+00:00,pyroscope,pyroscope-alloy-0,23.0,662700032
2026-09-17T01:31:13.951414+00:00,grove-system,grove-operator-d858d65f9-ck75j,43.0,976224256
2026-09-17T01:31:13.951414+00:00,kai-scheduler,admission-86666f457d-plhlk,1.0,16777216
2026-09-17T01:31:13.951414+00:00,kai-scheduler,kai-operator-69b5d7bcf7-h6bzd,3.0,112197632
2026-09-17T01:31:13.951414+00:00,kai-scheduler,pod-grouper-65456f756-dqrtd,1.0,9437184
2026-09-17T01:31:13.951414+00:00,kai-scheduler,podgroup-controller-68f9cc8dbf-9xq88,1.0,13631488
2026-09-17T01:31:13.951414+00:00,kai-scheduler,queue-controller-f86fcd76c-js4jc,1.0,13631488
2026-09-17T01:31:13.951414+00:00,kube-system,coredns-8db54c48d-dkq9n,3.0,65011712
2026-09-17T01:31:13.951414+00:00,kube-system,kwok-controller-5cf8c7c44b-gvkjd,94.0,94371840
2026-09-17T01:31:13.951414+00:00,kube-system,local-path-provisioner-5d9d9885bc-qlhkr,1.0,15728640
2026-09-17T01:31:13.951414+00:00,kube-system,metrics-server-75dc6f8d87-fh8ch,29.0,335544320
2026-09-17T01:31:13.951414+00:00,kube-system,svclb-traefik-dacc61bf-xhs49,0.0,0
2026-09-17T01:31:13.951414+00:00,kube-system,traefik-9bcdbbd9-bktmw,21.0,277872640
2026-09-17T01:31:13.951414+00:00,pyroscope,pyroscope-0,6.0,222298112
2026-09-17T01:31:13.951414+00:00,pyroscope,pyroscope-alloy-0,7.0,662700032
2026-09-17T01:31:45.201796+00:00,grove-system,grove-operator-d858d65f9-ck75j,36.0,978321408
2026-09-17T01:31:45.201796+00:00,kai-scheduler,admission-86666f457d-plhlk,1.0,16777216
2026-09-17T01:31:45.201796+00:00,kai-scheduler,kai-operator-69b5d7bcf7-h6bzd,6.0,117440512
2026-09-17T01:31:45.201796+00:00,kai-scheduler,pod-grouper-65456f756-dqrtd,1.0,9437184
2026-09-17T01:31:45.201796+00:00,kai-scheduler,podgroup-controller-68f9cc8dbf-9xq88,1.0,13631488
2026-09-17T01:31:45.201796+00:00,kai-scheduler,queue-controller-f86fcd76c-js4jc,1.0,13631488
2026-09-17T01:31:45.201796+00:00,kube-system,coredns-8db54c48d-dkq9n,3.0,66060288
2026-09-17T01:31:45.201796+00:00,kube-system,kwok-controller-5cf8c7c44b-gvkjd,86.0,95420416
2026-09-17T01:31:45.201796+00:00,kube-system,local-path-provisioner-5d9d9885bc-qlhkr,1.0,15728640
2026-09-17T01:31:45.201796+00:00,kube-system,metrics-server-75dc6f8d87-fh8ch,42.0,335544320
2026-09-17T01:31:45.201796+00:00,kube-system,svclb-traefik-dacc61bf-xhs49,0.0,0
2026-09-17T01:31:45.201796+00:00,kube-system,traefik-9bcdbbd9-bktmw,3.0,278921216
2026-09-17T01:31:45.201796+00:00,pyroscope,pyroscope-0,6.0,221249536
2026-09-17T01:31:45.201796+00:00,pyroscope,pyroscope-alloy-0,62.0,662700032
2026-09-17T01:32:16.453272+00:00,grove-system,grove-operator-d858d65f9-ck75j,54.0,980418560
2026-09-17T01:32:16.453272+00:00,kai-scheduler,admission-86666f457d-plhlk,1.0,16777216
2026-09-17T01:32:16.453272+00:00,kai-scheduler,kai-operator-69b5d7bcf7-h6bzd,6.0,118489088
2026-09-17T01:32:16.453272+00:00,kai-scheduler,pod-grouper-65456f756-dqrtd,1.0,9437184
2026-09-17T01:32:16.453272+00:00,kai-scheduler,podgroup-controller-68f9cc8dbf-9xq88,1.0,13631488
2026-09-17T01:32:16.453272+00:00,kai-scheduler,queue-controller-f86fcd76c-js4jc,1.0,13631488
2026-09-17T01:32:16.453272+00:00,kube-system,coredns-8db54c48d-dkq9n,4.0,66060288
2026-09-17T01:32:16.453272+00:00,kube-system,kwok-controller-5cf8c7c44b-gvkjd,90.0,95420416
2026-09-17T01:32:16.453272+00:00,kube-system,local-path-provisioner-5d9d9885bc-qlhkr,1.0,15728640
2026-09-17T01:32:16.453272+00:00,kube-system,metrics-server-75dc6f8d87-fh8ch,25.0,335544320
2026-09-17T01:32:16.453272+00:00,kube-system,svclb-traefik-dacc61bf-xhs49,0.0,0
2026-09-17T01:32:16.453272+00:00,kube-system,traefik-9bcdbbd9-bktmw,3.0,278921216
2026-09-17T01:32:16.453272+00:00,pyroscope,pyroscope-0,6.0,221249536
2026-09-17T01:32:16.453272+00:00,pyroscope,pyroscope-alloy-0,8.0,681574400
2026-09-17T01:32:47.701431+00:00,grove-system,grove-operator-d858d65f9-ck75j,31.0,980418560
2026-09-17T01:32:47.701431+00:00,kai-scheduler,admission-86666f457d-plhlk,1.0,16777216
2026-09-17T01:32:47.701431+00:00,kai-scheduler,kai-operator-69b5d7bcf7-h6bzd,3.0,118489088
2026-09-17T01:32:47.701431+00:00,kai-scheduler,pod-grouper-65456f756-dqrtd,1.0,9437184
2026-09-17T01:32:47.701431+00:00,kai-scheduler,podgroup-controller-68f9cc8dbf-9xq88,1.0,13631488
2026-09-17T01:32:47.701431+00:00,kai-scheduler,queue-controller-f86fcd76c-js4jc,1.0,13631488
2026-09-17T01:32:47.701431+00:00,kube-system,coredns-8db54c48d-dkq9n,3.0,65011712
2026-09-17T01:32:47.701431+00:00,kube-system,kwok-controller-5cf8c7c44b-gvkjd,93.0,95420416
2026-09-17T01:32:47.701431+00:00,kube-system,local-path-provisioner-5d9d9885bc-qlhkr,1.0,15728640
2026-09-17T01:32:47.701431+00:00,kube-system,metrics-server-75dc6f8d87-fh8ch,34.0,335544320
2026-09-17T01:32:47.701431+00:00,kube-system,svclb-traefik-dacc61bf-xhs49,0.0,0
2026-09-17T01:32:47.701431+00:00,kube-system,traefik-9bcdbbd9-bktmw,3.0,278921216
2026-09-17T01:32:47.701431+00:00,pyroscope,pyroscope-0,6.0,222298112
2026-09-17T01:32:47.701431+00:00,pyroscope,pyroscope-alloy-0,6.0,684720128
2026-09-17T01:33:18.946881+00:00,grove-system,grove-operator-d858d65f9-ck75j,31.0,981467136
2026-09-17T01:33:18.946881+00:00,kai-scheduler,admission-86666f457d-plhlk,1.0,16777216
2026-09-17T01:33:18.946881+00:00,kai-scheduler,kai-operator-69b5d7bcf7-h6bzd,3.0,118489088
2026-09-17T01:33:18.946881+00:00,kai-scheduler,pod-grouper-65456f756-dqrtd,1.0,9437184
2026-09-17T01:33:18.946881+00:00,kai-scheduler,podgroup-controller-68f9cc8dbf-9xq88,1.0,13631488
2026-09-17T01:33:18.946881+00:00,kai-scheduler,queue-controller-f86fcd76c-js4jc,1.0,13631488
2026-09-17T01:33:18.946881+00:00,kube-system,coredns-8db54c48d-dkq9n,3.0,65011712
2026-09-17T01:33:18.946881+00:00,kube-system,kwok-controller-5cf8c7c44b-gvkjd,90.0,95420416
2026-09-17T01:33:18.946881+00:00,kube-system,local-path-provisioner-5d9d9885bc-qlhkr,1.0,15728640
2026-09-17T01:33:18.946881+00:00,kube-system,metrics-server-75dc6f8d87-fh8ch,37.0,335544320
2026-09-17T01:33:18.946881+00:00,kube-system,svclb-traefik-dacc61bf-xhs49,0.0,0
2026-09-17T01:33:18.946881+00:00,kube-system,traefik-9bcdbbd9-bktmw,7.0,275775488
2026-09-17T01:33:18.946881+00:00,pyroscope,pyroscope-0,6.0,222298112
2026-09-17T01:33:18.946881+00:00,pyroscope,pyroscope-alloy-0,7.0,684720128
2026-09-17T01:33:50.195894+00:00,grove-system,grove-operator-d858d65f9-ck75j,26.0,980418560
2026-09-17T01:33:50.195894+00:00,kai-scheduler,admission-86666f457d-plhlk,1.0,16777216
2026-09-17T01:33:50.195894+00:00,kai-scheduler,kai-operator-69b5d7bcf7-h6bzd,3.0,118489088
2026-09-17T01:33:50.195894+00:00,kai-scheduler,pod-grouper-65456f756-dqrtd,1.0,9437184
2026-09-17T01:33:50.195894+00:00,kai-scheduler,podgroup-controller-68f9cc8dbf-9xq88,1.0,13631488
2026-09-17T01:33:50.195894+00:00,kai-scheduler,queue-controller-f86fcd76c-js4jc,1.0,13631488
2026-09-17T01:33:50.195894+00:00,kube-system,coredns-8db54c48d-dkq9n,3.0,66060288
2026-09-17T01:33:50.195894+00:00,kube-system,kwok-controller-5cf8c7c44b-gvkjd,93.0,94371840
2026-09-17T01:33:50.195894+00:00,kube-system,local-path-provisioner-5d9d9885bc-qlhkr,1.0,15728640
2026-09-17T01:33:50.195894+00:00,kube-system,metrics-server-75dc6f8d87-fh8ch,40.0,335544320
2026-09-17T01:33:50.195894+00:00,kube-system,svclb-traefik-dacc61bf-xhs49,0.0,0
2026-09-17T01:33:50.195894+00:00,kube-system,traefik-9bcdbbd9-bktmw,3.0,276824064
2026-09-17T01:33:50.195894+00:00,pyroscope,pyroscope-0,7.0,225443840
2026-09-17T01:33:50.195894+00:00,pyroscope,pyroscope-alloy-0,7.0,684720128
2026-09-17T01:34:21.444891+00:00,grove-system,grove-operator-d858d65f9-ck75j,30.0,980418560
2026-09-17T01:34:21.444891+00:00,kai-scheduler,admission-86666f457d-plhlk,1.0,16777216
2026-09-17T01:34:21.444891+00:00,kai-scheduler,kai-operator-69b5d7bcf7-h6bzd,3.0,118489088
2026-09-17T01:34:21.444891+00:00,kai-scheduler,pod-grouper-65456f756-dqrtd,1.0,9437184
2026-09-17T01:34:21.444891+00:00,kai-scheduler,podgroup-controller-68f9cc8dbf-9xq88,1.0,13631488
2026-09-17T01:34:21.444891+00:00,kai-scheduler,queue-controller-f86fcd76c-js4jc,1.0,13631488
2026-09-17T01:34:21.444891+00:00,kube-system,coredns-8db54c48d-dkq9n,3.0,65011712
2026-09-17T01:34:21.444891+00:00,kube-system,kwok-controller-5cf8c7c44b-gvkjd,91.0,95420416
2026-09-17T01:34:21.444891+00:00,kube-system,local-path-provisioner-5d9d9885bc-qlhkr,1.0,15728640
2026-09-17T01:34:21.444891+00:00,kube-system,metrics-server-75dc6f8d87-fh8ch,27.0,335544320
2026-09-17T01:34:21.444891+00:00,kube-system,svclb-traefik-dacc61bf-xhs49,0.0,0
2026-09-17T01:34:21.444891+00:00,kube-system,traefik-9bcdbbd9-bktmw,3.0,276824064
2026-09-17T01:34:21.444891+00:00,pyroscope,pyroscope-0,5.0,224395264
2026-09-17T01:34:21.444891+00:00,pyroscope,pyroscope-alloy-0,4.0,684720128
2026-09-17T01:34:52.696211+00:00,grove-system,grove-operator-d858d65f9-ck75j,26.0,978321408
2026-09-17T01:34:52.696211+00:00,kai-scheduler,admission-86666f457d-plhlk,1.0,16777216
2026-09-17T01:34:52.696211+00:00,kai-scheduler,kai-operator-69b5d7bcf7-h6bzd,3.0,117440512
2026-09-17T01:34:52.696211+00:00,kai-scheduler,pod-grouper-65456f756-dqrtd,1.0,9437184
2026-09-17T01:34:52.696211+00:00,kai-scheduler,podgroup-controller-68f9cc8dbf-9xq88,1.0,13631488
2026-09-17T01:34:52.696211+00:00,kai-scheduler,queue-controller-f86fcd76c-js4jc,1.0,13631488
2026-09-17T01:34:52.696211+00:00,kube-system,coredns-8db54c48d-dkq9n,3.0,65011712
2026-09-17T01:34:52.696211+00:00,kube-system,kwok-controller-5cf8c7c44b-gvkjd,85.0,95420416
2026-09-17T01:34:52.696211+00:00,kube-system,local-path-provisioner-5d9d9885bc-qlhkr,1.0,15728640
2026-09-17T01:34:52.696211+00:00,kube-system,metrics-server-75dc6f8d87-fh8ch,31.0,336592896
2026-09-17T01:34:52.696211+00:00,kube-system,svclb-traefik-dacc61bf-xhs49,0.0,0
2026-09-17T01:34:52.696211+00:00,kube-system,traefik-9bcdbbd9-bktmw,3.0,276824064
2026-09-17T01:34:52.696211+00:00,pyroscope,pyroscope-0,6.0,225443840
2026-09-17T01:34:52.696211+00:00,pyroscope,pyroscope-alloy-0,6.0,685768704
2026-09-17T01:35:23.992877+00:00,grove-system,grove-operator-d858d65f9-ck75j,32.0,980418560
2026-09-17T01:35:23.992877+00:00,kai-scheduler,admission-86666f457d-plhlk,1.0,16777216
2026-09-17T01:35:23.992877+00:00,kai-scheduler,kai-operator-69b5d7bcf7-h6bzd,3.0,118489088
2026-09-17T01:35:23.992877+00:00,kai-scheduler,pod-grouper-65456f756-dqrtd,1.0,9437184
2026-09-17T01:35:23.992877+00:00,kai-scheduler,podgroup-controller-68f9cc8dbf-9xq88,1.0,13631488
2026-09-17T01:35:23.992877+00:00,kai-scheduler,queue-controller-f86fcd76c-js4jc,1.0,13631488
2026-09-17T01:35:23.992877+00:00,kube-system,coredns-8db54c48d-dkq9n,3.0,54525952
2026-09-17T01:35:23.992877+00:00,kube-system,kwok-controller-5cf8c7c44b-gvkjd,92.0,95420416
2026-09-17T01:35:23.992877+00:00,kube-system,local-path-provisioner-5d9d9885bc-qlhkr,1.0,15728640
2026-09-17T01:35:23.992877+00:00,kube-system,metrics-server-75dc6f8d87-fh8ch,29.0,338690048
2026-09-17T01:35:23.992877+00:00,kube-system,svclb-traefik-dacc61bf-xhs49,0.0,0
2026-09-17T01:35:23.992877+00:00,kube-system,traefik-9bcdbbd9-bktmw,3.0,275775488
2026-09-17T01:35:23.992877+00:00,pyroscope,pyroscope-0,6.0,226492416
2026-09-17T01:35:23.992877+00:00,pyroscope,pyroscope-alloy-0,17.0,667942912
2026-09-17T01:35:55.247370+00:00,grove-system,grove-operator-d858d65f9-ck75j,35.0,959447040
2026-09-17T01:35:55.247370+00:00,kai-scheduler,admission-86666f457d-plhlk,1.0,16777216
2026-09-17T01:35:55.247370+00:00,kai-scheduler,kai-operator-69b5d7bcf7-h6bzd,4.0,109051904
2026-09-17T01:35:55.247370+00:00,kai-scheduler,pod-grouper-65456f756-dqrtd,1.0,9437184
2026-09-17T01:35:55.247370+00:00,kai-scheduler,podgroup-controller-68f9cc8dbf-9xq88,1.0,13631488
2026-09-17T01:35:55.247370+00:00,kai-scheduler,queue-controller-f86fcd76c-js4jc,1.0,13631488
2026-09-17T01:35:55.247370+00:00,kube-system,coredns-8db54c48d-dkq9n,3.0,55574528
2026-09-17T01:35:55.247370+00:00,kube-system,kwok-controller-5cf8c7c44b-gvkjd,88.0,95420416
2026-09-17T01:35:55.247370+00:00,kube-system,local-path-provisioner-5d9d9885bc-qlhkr,1.0,15728640
2026-09-17T01:35:55.247370+00:00,kube-system,metrics-server-75dc6f8d87-fh8ch,33.0,337641472
2026-09-17T01:35:55.247370+00:00,kube-system,svclb-traefik-dacc61bf-xhs49,0.0,0
2026-09-17T01:35:55.247370+00:00,kube-system,traefik-9bcdbbd9-bktmw,3.0,274726912
2026-09-17T01:35:55.247370+00:00,pyroscope,pyroscope-0,7.0,226492416
2026-09-17T01:35:55.247370+00:00,pyroscope,pyroscope-alloy-0,7.0,668991488
2026-09-17T01:36:26.494072+00:00,grove-system,grove-operator-d858d65f9-ck75j,39.0,960495616
2026-09-17T01:36:26.494072+00:00,kai-scheduler,admission-86666f457d-plhlk,1.0,16777216
2026-09-17T01:36:26.494072+00:00,kai-scheduler,kai-operator-69b5d7bcf7-h6bzd,3.0,109051904
2026-09-17T01:36:26.494072+00:00,kai-scheduler,pod-grouper-65456f756-dqrtd,1.0,9437184
2026-09-17T01:36:26.494072+00:00,kai-scheduler,podgroup-controller-68f9cc8dbf-9xq88,1.0,13631488
2026-09-17T01:36:26.494072+00:00,kai-scheduler,queue-controller-f86fcd76c-js4jc,1.0,13631488
2026-09-17T01:36:26.494072+00:00,kube-system,coredns-8db54c48d-dkq9n,3.0,55574528
2026-09-17T01:36:26.494072+00:00,kube-system,kwok-controller-5cf8c7c44b-gvkjd,87.0,87031808
2026-09-17T01:36:26.494072+00:00,kube-system,local-path-provisioner-5d9d9885bc-qlhkr,1.0,15728640
2026-09-17T01:36:26.494072+00:00,kube-system,metrics-server-75dc6f8d87-fh8ch,28.0,336592896
2026-09-17T01:36:26.494072+00:00,kube-system,svclb-traefik-dacc61bf-xhs49,0.0,0
2026-09-17T01:36:26.494072+00:00,kube-system,traefik-9bcdbbd9-bktmw,3.0,274726912
2026-09-17T01:36:26.494072+00:00,pyroscope,pyroscope-0,5.0,226492416
2026-09-17T01:36:26.494072+00:00,pyroscope,pyroscope-alloy-0,7.0,671088640
2026-09-17T01:36:57.742046+00:00,grove-system,grove-operator-d858d65f9-ck75j,63.0,958398464
2026-09-17T01:36:57.742046+00:00,kai-scheduler,admission-86666f457d-plhlk,1.0,16777216
2026-09-17T01:36:57.742046+00:00,kai-scheduler,kai-operator-69b5d7bcf7-h6bzd,8.0,116391936
2026-09-17T01:36:57.742046+00:00,kai-scheduler,pod-grouper-65456f756-dqrtd,1.0,9437184
2026-09-17T01:36:57.742046+00:00,kai-scheduler,podgroup-controller-68f9cc8dbf-9xq88,1.0,13631488
2026-09-17T01:36:57.742046+00:00,kai-scheduler,queue-controller-f86fcd76c-js4jc,1.0,13631488
2026-09-17T01:36:57.742046+00:00,kube-system,coredns-8db54c48d-dkq9n,3.0,54525952
2026-09-17T01:36:57.742046+00:00,kube-system,kwok-controller-5cf8c7c44b-gvkjd,89.0,85983232
2026-09-17T01:36:57.742046+00:00,kube-system,local-path-provisioner-5d9d9885bc-qlhkr,1.0,15728640
2026-09-17T01:36:57.742046+00:00,kube-system,metrics-server-75dc6f8d87-fh8ch,32.0,337641472
2026-09-17T01:36:57.742046+00:00,kube-system,svclb-traefik-dacc61bf-xhs49,0.0,0
2026-09-17T01:36:57.742046+00:00,kube-system,traefik-9bcdbbd9-bktmw,3.0,275775488
2026-09-17T01:36:57.742046+00:00,pyroscope,pyroscope-0,6.0,227540992
2026-09-17T01:36:57.742046+00:00,pyroscope,pyroscope-alloy-0,7.0,672137216
2026-09-17T01:37:29.004078+00:00,grove-system,grove-operator-d858d65f9-ck75j,37.0,963641344
2026-09-17T01:37:29.004078+00:00,kai-scheduler,admission-86666f457d-plhlk,1.0,16777216
2026-09-17T01:37:29.004078+00:00,kai-scheduler,kai-operator-69b5d7bcf7-h6bzd,3.0,119537664
2026-09-17T01:37:29.004078+00:00,kai-scheduler,pod-grouper-65456f756-dqrtd,1.0,9437184
2026-09-17T01:37:29.004078+00:00,kai-scheduler,podgroup-controller-68f9cc8dbf-9xq88,1.0,13631488
2026-09-17T01:37:29.004078+00:00,kai-scheduler,queue-controller-f86fcd76c-js4jc,1.0,13631488
2026-09-17T01:37:29.004078+00:00,kube-system,coredns-8db54c48d-dkq9n,3.0,55574528
2026-09-17T01:37:29.004078+00:00,kube-system,kwok-controller-5cf8c7c44b-gvkjd,87.0,84934656
2026-09-17T01:37:29.004078+00:00,kube-system,local-path-provisioner-5d9d9885bc-qlhkr,1.0,15728640
2026-09-17T01:37:29.004078+00:00,kube-system,metrics-server-75dc6f8d87-fh8ch,28.0,338690048
2026-09-17T01:37:29.004078+00:00,kube-system,svclb-traefik-dacc61bf-xhs49,0.0,0
2026-09-17T01:37:29.004078+00:00,kube-system,traefik-9bcdbbd9-bktmw,3.0,274726912
2026-09-17T01:37:29.004078+00:00,pyroscope,pyroscope-0,6.0,224395264
2026-09-17T01:37:29.004078+00:00,pyroscope,pyroscope-alloy-0,84.0,681574400
2026-09-17T01:38:00.253447+00:00,grove-system,grove-operator-d858d65f9-ck75j,29.0,953155584
2026-09-17T01:38:00.253447+00:00,kai-scheduler,admission-86666f457d-plhlk,1.0,16777216
2026-09-17T01:38:00.253447+00:00,kai-scheduler,kai-operator-69b5d7bcf7-h6bzd,3.0,119537664
2026-09-17T01:38:00.253447+00:00,kai-scheduler,pod-grouper-65456f756-dqrtd,1.0,9437184
2026-09-17T01:38:00.253447+00:00,kai-scheduler,podgroup-controller-68f9cc8dbf-9xq88,1.0,13631488
2026-09-17T01:38:00.253447+00:00,kai-scheduler,queue-controller-f86fcd76c-js4jc,1.0,13631488
2026-09-17T01:38:00.253447+00:00,kube-system,coredns-8db54c48d-dkq9n,5.0,55574528
2026-09-17T01:38:00.253447+00:00,kube-system,kwok-controller-5cf8c7c44b-gvkjd,85.0,84934656
2026-09-17T01:38:00.253447+00:00,kube-system,local-path-provisioner-5d9d9885bc-qlhkr,1.0,15728640
2026-09-17T01:38:00.253447+00:00,kube-system,metrics-server-75dc6f8d87-fh8ch,24.0,336592896
2026-09-17T01:38:00.253447+00:00,kube-system,svclb-traefik-dacc61bf-xhs49,0.0,0
2026-09-17T01:38:00.253447+00:00,kube-system,traefik-9bcdbbd9-bktmw,3.0,273678336
2026-09-17T01:38:00.253447+00:00,pyroscope,pyroscope-0,6.0,209715200
2026-09-17T01:38:00.253447+00:00,pyroscope,pyroscope-alloy-0,7.0,681574400
2026-09-17T01:38:31.501442+00:00,grove-system,grove-operator-d858d65f9-ck75j,29.0,954204160
2026-09-17T01:38:31.501442+00:00,kai-scheduler,admission-86666f457d-plhlk,1.0,16777216
2026-09-17T01:38:31.501442+00:00,kai-scheduler,kai-operator-69b5d7bcf7-h6bzd,3.0,120586240
2026-09-17T01:38:31.501442+00:00,kai-scheduler,pod-grouper-65456f756-dqrtd,1.0,9437184
2026-09-17T01:38:31.501442+00:00,kai-scheduler,podgroup-controller-68f9cc8dbf-9xq88,1.0,13631488
2026-09-17T01:38:31.501442+00:00,kai-scheduler,queue-controller-f86fcd76c-js4jc,1.0,13631488
2026-09-17T01:38:31.501442+00:00,kube-system,coredns-8db54c48d-dkq9n,3.0,54525952
2026-09-17T01:38:31.501442+00:00,kube-system,kwok-controller-5cf8c7c44b-gvkjd,89.0,84934656
2026-09-17T01:38:31.501442+00:00,kube-system,local-path-provisioner-5d9d9885bc-qlhkr,1.0,15728640
2026-09-17T01:38:31.501442+00:00,kube-system,metrics-server-75dc6f8d87-fh8ch,22.0,335544320
2026-09-17T01:38:31.501442+00:00,kube-system,svclb-traefik-dacc61bf-xhs49,0.0,0
2026-09-17T01:38:31.501442+00:00,kube-system,traefik-9bcdbbd9-bktmw,3.0,274726912
2026-09-17T01:38:31.501442+00:00,pyroscope,pyroscope-0,4.0,209715200
2026-09-17T01:38:31.501442+00:00,pyroscope,pyroscope-alloy-0,71.0,692060160
2026-09-17T01:39:02.750219+00:00,grove-system,grove-operator-d858d65f9-ck75j,52.0,940572672
2026-09-17T01:39:02.750219+00:00,kai-scheduler,admission-86666f457d-plhlk,1.0,16777216
2026-09-17T01:39:02.750219+00:00,kai-scheduler,kai-operator-69b5d7bcf7-h6bzd,3.0,119537664
2026-09-17T01:39:02.750219+00:00,kai-scheduler,pod-grouper-65456f756-dqrtd,1.0,9437184
2026-09-17T01:39:02.750219+00:00,kai-scheduler,podgroup-controller-68f9cc8dbf-9xq88,1.0,13631488
2026-09-17T01:39:02.750219+00:00,kai-scheduler,queue-controller-f86fcd76c-js4jc,1.0,13631488
2026-09-17T01:39:02.750219+00:00,kube-system,coredns-8db54c48d-dkq9n,3.0,56623104
2026-09-17T01:39:02.750219+00:00,kube-system,kwok-controller-5cf8c7c44b-gvkjd,91.0,84934656
2026-09-17T01:39:02.750219+00:00,kube-system,local-path-provisioner-5d9d9885bc-qlhkr,1.0,15728640
2026-09-17T01:39:02.750219+00:00,kube-system,metrics-server-75dc6f8d87-fh8ch,28.0,336592896
2026-09-17T01:39:02.750219+00:00,kube-system,svclb-traefik-dacc61bf-xhs49,0.0,0
2026-09-17T01:39:02.750219+00:00,kube-system,traefik-9bcdbbd9-bktmw,3.0,274726912
2026-09-17T01:39:02.750219+00:00,pyroscope,pyroscope-0,6.0,207618048
2026-09-17T01:39:02.750219+00:00,pyroscope,pyroscope-alloy-0,70.0,673185792
2026-09-17T01:39:34.001749+00:00,grove-system,grove-operator-d858d65f9-ck75j,29.0,950009856
2026-09-17T01:39:34.001749+00:00,kai-scheduler,admission-86666f457d-plhlk,1.0,16777216
2026-09-17T01:39:34.001749+00:00,kai-scheduler,kai-operator-69b5d7bcf7-h6bzd,3.0,113246208
2026-09-17T01:39:34.001749+00:00,kai-scheduler,pod-grouper-65456f756-dqrtd,1.0,9437184
2026-09-17T01:39:34.001749+00:00,kai-scheduler,podgroup-controller-68f9cc8dbf-9xq88,1.0,13631488
2026-09-17T01:39:34.001749+00:00,kai-scheduler,queue-controller-f86fcd76c-js4jc,1.0,13631488
2026-09-17T01:39:34.001749+00:00,kube-system,coredns-8db54c48d-dkq9n,3.0,56623104
2026-09-17T01:39:34.001749+00:00,kube-system,kwok-controller-5cf8c7c44b-gvkjd,88.0,87031808
2026-09-17T01:39:34.001749+00:00,kube-system,local-path-provisioner-5d9d9885bc-qlhkr,1.0,15728640
2026-09-17T01:39:34.001749+00:00,kube-system,metrics-server-75dc6f8d87-fh8ch,30.0,337641472
2026-09-17T01:39:34.001749+00:00,kube-system,svclb-traefik-dacc61bf-xhs49,0.0,0
2026-09-17T01:39:34.001749+00:00,kube-system,traefik-9bcdbbd9-bktmw,3.0,272629760
2026-09-17T01:39:34.001749+00:00,pyroscope,pyroscope-0,6.0,210763776
2026-09-17T01:39:34.001749+00:00,pyroscope,pyroscope-alloy-0,88.0,663748608
2026-09-17T01:40:05.255843+00:00,grove-system,grove-operator-d858d65f9-ck75j,48.0,940572672
2026-09-17T01:40:05.255843+00:00,kai-scheduler,admission-86666f457d-plhlk,1.0,16777216
2026-09-17T01:40:05.255843+00:00,kai-scheduler,kai-operator-69b5d7bcf7-h6bzd,3.0,112197632
2026-09-17T01:40:05.255843+00:00,kai-scheduler,pod-grouper-65456f756-dqrtd,1.0,9437184
2026-09-17T01:40:05.255843+00:00,kai-scheduler,podgroup-controller-68f9cc8dbf-9xq88,1.0,13631488
2026-09-17T01:40:05.255843+00:00,kai-scheduler,queue-controller-f86fcd76c-js4jc,1.0,13631488
2026-09-17T01:40:05.255843+00:00,kube-system,coredns-8db54c48d-dkq9n,4.0,54525952
2026-09-17T01:40:05.255843+00:00,kube-system,kwok-controller-5cf8c7c44b-gvkjd,92.0,84934656
2026-09-17T01:40:05.255843+00:00,kube-system,local-path-provisioner-5d9d9885bc-qlhkr,1.0,15728640
2026-09-17T01:40:05.255843+00:00,kube-system,metrics-server-75dc6f8d87-fh8ch,30.0,336592896
2026-09-17T01:40:05.255843+00:00,kube-system,svclb-traefik-dacc61bf-xhs49,0.0,0
2026-09-17T01:40:05.255843+00:00,kube-system,traefik-9bcdbbd9-bktmw,3.0,273678336
2026-09-17T01:40:05.255843+00:00,pyroscope,pyroscope-0,6.0,209715200
2026-09-17T01:40:05.255843+00:00,pyroscope,pyroscope-alloy-0,80.0,667942912
2026-09-17T01:40:36.503611+00:00,grove-system,grove-operator-d858d65f9-ck75j,32.0,942669824
2026-09-17T01:40:36.503611+00:00,kai-scheduler,admission-86666f457d-plhlk,1.0,16777216
2026-09-17T01:40:36.503611+00:00,kai-scheduler,kai-operator-69b5d7bcf7-h6bzd,3.0,112197632
2026-09-17T01:40:36.503611+00:00,kai-scheduler,pod-grouper-65456f756-dqrtd,1.0,9437184
2026-09-17T01:40:36.503611+00:00,kai-scheduler,podgroup-controller-68f9cc8dbf-9xq88,1.0,13631488
2026-09-17T01:40:36.503611+00:00,kai-scheduler,queue-controller-f86fcd76c-js4jc,1.0,13631488
2026-09-17T01:40:36.503611+00:00,kube-system,coredns-8db54c48d-dkq9n,3.0,55574528
2026-09-17T01:40:36.503611+00:00,kube-system,kwok-controller-5cf8c7c44b-gvkjd,88.0,85983232
2026-09-17T01:40:36.503611+00:00,kube-system,local-path-provisioner-5d9d9885bc-qlhkr,1.0,15728640
2026-09-17T01:40:36.503611+00:00,kube-system,metrics-server-75dc6f8d87-fh8ch,40.0,336592896
2026-09-17T01:40:36.503611+00:00,kube-system,svclb-traefik-dacc61bf-xhs49,0.0,0
2026-09-17T01:40:36.503611+00:00,kube-system,traefik-9bcdbbd9-bktmw,3.0,273678336
2026-09-17T01:40:36.503611+00:00,pyroscope,pyroscope-0,5.0,210763776
2026-09-17T01:40:36.503611+00:00,pyroscope,pyroscope-alloy-0,63.0,663748608
2026-09-17T01:41:07.751935+00:00,grove-system,grove-operator-d858d65f9-ck75j,39.0,920649728
2026-09-17T01:41:07.751935+00:00,kai-scheduler,admission-86666f457d-plhlk,1.0,16777216
2026-09-17T01:41:07.751935+00:00,kai-scheduler,kai-operator-69b5d7bcf7-h6bzd,3.0,113246208
2026-09-17T01:41:07.751935+00:00,kai-scheduler,pod-grouper-65456f756-dqrtd,1.0,9437184
2026-09-17T01:41:07.751935+00:00,kai-scheduler,podgroup-controller-68f9cc8dbf-9xq88,1.0,13631488
2026-09-17T01:41:07.751935+00:00,kai-scheduler,queue-controller-f86fcd76c-js4jc,1.0,13631488
2026-09-17T01:41:07.751935+00:00,kube-system,coredns-8db54c48d-dkq9n,3.0,55574528
2026-09-17T01:41:07.751935+00:00,kube-system,kwok-controller-5cf8c7c44b-gvkjd,84.0,85983232
2026-09-17T01:41:07.751935+00:00,kube-system,local-path-provisioner-5d9d9885bc-qlhkr,1.0,15728640
2026-09-17T01:41:07.751935+00:00,kube-system,metrics-server-75dc6f8d87-fh8ch,31.0,338690048
2026-09-17T01:41:07.751935+00:00,kube-system,svclb-traefik-dacc61bf-xhs49,0.0,0
2026-09-17T01:41:07.751935+00:00,kube-system,traefik-9bcdbbd9-bktmw,8.0,273678336
2026-09-17T01:41:07.751935+00:00,pyroscope,pyroscope-0,7.0,210763776
2026-09-17T01:41:07.751935+00:00,pyroscope,pyroscope-alloy-0,79.0,671088640
2026-09-17T01:41:39.002184+00:00,grove-system,grove-operator-d858d65f9-ck75j,32.0,927989760
2026-09-17T01:41:39.002184+00:00,kai-scheduler,admission-86666f457d-plhlk,1.0,16777216
2026-09-17T01:41:39.002184+00:00,kai-scheduler,kai-operator-69b5d7bcf7-h6bzd,2.0,106954752
2026-09-17T01:41:39.002184+00:00,kai-scheduler,pod-grouper-65456f756-dqrtd,1.0,9437184
2026-09-17T01:41:39.002184+00:00,kai-scheduler,podgroup-controller-68f9cc8dbf-9xq88,1.0,13631488
2026-09-17T01:41:39.002184+00:00,kai-scheduler,queue-controller-f86fcd76c-js4jc,1.0,13631488
2026-09-17T01:41:39.002184+00:00,kube-system,coredns-8db54c48d-dkq9n,3.0,55574528
2026-09-17T01:41:39.002184+00:00,kube-system,kwok-controller-5cf8c7c44b-gvkjd,96.0,87031808
2026-09-17T01:41:39.002184+00:00,kube-system,local-path-provisioner-5d9d9885bc-qlhkr,1.0,15728640
2026-09-17T01:41:39.002184+00:00,kube-system,metrics-server-75dc6f8d87-fh8ch,24.0,336592896
2026-09-17T01:41:39.002184+00:00,kube-system,svclb-traefik-dacc61bf-xhs49,0.0,0
2026-09-17T01:41:39.002184+00:00,kube-system,traefik-9bcdbbd9-bktmw,3.0,272629760
2026-09-17T01:41:39.002184+00:00,pyroscope,pyroscope-0,5.0,211812352
2026-09-17T01:41:39.002184+00:00,pyroscope,pyroscope-alloy-0,70.0,670040064
2026-09-17T01:42:10.264163+00:00,grove-system,grove-operator-d858d65f9-ck75j,15.0,903872512
2026-09-17T01:42:10.264163+00:00,kai-scheduler,admission-86666f457d-plhlk,1.0,16777216
2026-09-17T01:42:10.264163+00:00,kai-scheduler,kai-operator-69b5d7bcf7-h6bzd,1.0,106954752
2026-09-17T01:42:10.264163+00:00,kai-scheduler,pod-grouper-65456f756-dqrtd,1.0,9437184
2026-09-17T01:42:10.264163+00:00,kai-scheduler,podgroup-controller-68f9cc8dbf-9xq88,1.0,13631488
2026-09-17T01:42:10.264163+00:00,kai-scheduler,queue-controller-f86fcd76c-js4jc,1.0,13631488
2026-09-17T01:42:10.264163+00:00,kube-system,coredns-8db54c48d-dkq9n,3.0,55574528
2026-09-17T01:42:10.264163+00:00,kube-system,kwok-controller-5cf8c7c44b-gvkjd,2430.0,89128960
2026-09-17T01:42:10.264163+00:00,kube-system,local-path-provisioner-5d9d9885bc-qlhkr,1.0,15728640
2026-09-17T01:42:10.264163+00:00,kube-system,metrics-server-75dc6f8d87-fh8ch,41.0,339738624
2026-09-17T01:42:10.264163+00:00,kube-system,svclb-traefik-dacc61bf-xhs49,0.0,0
2026-09-17T01:42:10.264163+00:00,kube-system,traefik-9bcdbbd9-bktmw,3.0,273678336
2026-09-17T01:42:10.264163+00:00,pyroscope,pyroscope-0,6.0,210763776
2026-09-17T01:42:10.264163+00:00,pyroscope,pyroscope-alloy-0,142.0,652214272
2026-09-17T01:42:41.513889+00:00,grove-system,grove-operator-d858d65f9-ck75j,14.0,907018240
2026-09-17T01:42:41.513889+00:00,kai-scheduler,admission-86666f457d-plhlk,1.0,16777216
2026-09-17T01:42:41.513889+00:00,kai-scheduler,kai-operator-69b5d7bcf7-h6bzd,8.0,114294784
2026-09-17T01:42:41.513889+00:00,kai-scheduler,pod-grouper-65456f756-dqrtd,1.0,9437184
2026-09-17T01:42:41.513889+00:00,kai-scheduler,podgroup-controller-68f9cc8dbf-9xq88,1.0,13631488
2026-09-17T01:42:41.513889+00:00,kai-scheduler,queue-controller-f86fcd76c-js4jc,1.0,13631488
2026-09-17T01:42:41.513889+00:00,kube-system,coredns-8db54c48d-dkq9n,3.0,54525952
2026-09-17T01:42:41.513889+00:00,kube-system,kwok-controller-5cf8c7c44b-gvkjd,2528.0,93323264
2026-09-17T01:42:41.513889+00:00,kube-system,local-path-provisioner-5d9d9885bc-qlhkr,1.0,15728640
2026-09-17T01:42:41.513889+00:00,kube-system,metrics-server-75dc6f8d87-fh8ch,43.0,338690048
2026-09-17T01:42:41.513889+00:00,kube-system,svclb-traefik-dacc61bf-xhs49,0.0,0
2026-09-17T01:42:41.513889+00:00,kube-system,traefik-9bcdbbd9-bktmw,3.0,271581184
2026-09-17T01:42:41.513889+00:00,pyroscope,pyroscope-0,6.0,212860928
2026-09-17T01:42:41.513889+00:00,pyroscope,pyroscope-alloy-0,144.0,608174080
2026-09-17T01:43:12.776856+00:00,grove-system,grove-operator-d858d65f9-ck75j,26.0,894435328
2026-09-17T01:43:12.776856+00:00,kai-scheduler,admission-86666f457d-plhlk,1.0,16777216
2026-09-17T01:43:12.776856+00:00,kai-scheduler,kai-operator-69b5d7bcf7-h6bzd,1.0,114294784
2026-09-17T01:43:12.776856+00:00,kai-scheduler,pod-grouper-65456f756-dqrtd,1.0,9437184
2026-09-17T01:43:12.776856+00:00,kai-scheduler,podgroup-controller-68f9cc8dbf-9xq88,1.0,13631488
2026-09-17T01:43:12.776856+00:00,kai-scheduler,queue-controller-f86fcd76c-js4jc,1.0,13631488
2026-09-17T01:43:12.776856+00:00,kube-system,coredns-8db54c48d-dkq9n,3.0,55574528
2026-09-17T01:43:12.776856+00:00,kube-system,kwok-controller-5cf8c7c44b-gvkjd,2543.0,93323264
2026-09-17T01:43:12.776856+00:00,kube-system,local-path-provisioner-5d9d9885bc-qlhkr,1.0,15728640
2026-09-17T01:43:12.776856+00:00,kube-system,metrics-server-75dc6f8d87-fh8ch,47.0,337641472
2026-09-17T01:43:12.776856+00:00,kube-system,svclb-traefik-dacc61bf-xhs49,0.0,0
2026-09-17T01:43:12.776856+00:00,kube-system,traefik-9bcdbbd9-bktmw,9.0,270532608
2026-09-17T01:43:12.776856+00:00,pyroscope,pyroscope-0,5.0,212860928
2026-09-17T01:43:12.776856+00:00,pyroscope,pyroscope-alloy-0,152.0,572522496
2026-09-17T01:43:44.038367+00:00,grove-system,grove-operator-d858d65f9-ck75j,15.0,898629632
2026-09-17T01:43:44.038367+00:00,kai-scheduler,admission-86666f457d-plhlk,1.0,16777216
2026-09-17T01:43:44.038367+00:00,kai-scheduler,kai-operator-69b5d7bcf7-h6bzd,1.0,114294784
2026-09-17T01:43:44.038367+00:00,kai-scheduler,pod-grouper-65456f756-dqrtd,1.0,9437184
2026-09-17T01:43:44.038367+00:00,kai-scheduler,podgroup-controller-68f9cc8dbf-9xq88,1.0,13631488
2026-09-17T01:43:44.038367+00:00,kai-scheduler,queue-controller-f86fcd76c-js4jc,1.0,13631488
2026-09-17T01:43:44.038367+00:00,kube-system,coredns-8db54c48d-dkq9n,3.0,54525952
2026-09-17T01:43:44.038367+00:00,kube-system,kwok-controller-5cf8c7c44b-gvkjd,2550.0,91226112
2026-09-17T01:43:44.038367+00:00,kube-system,local-path-provisioner-5d9d9885bc-qlhkr,1.0,15728640
2026-09-17T01:43:44.038367+00:00,kube-system,metrics-server-75dc6f8d87-fh8ch,41.0,337641472
2026-09-17T01:43:44.038367+00:00,kube-system,svclb-traefik-dacc61bf-xhs49,0.0,0
2026-09-17T01:43:44.038367+00:00,kube-system,traefik-9bcdbbd9-bktmw,3.0,269484032
2026-09-17T01:43:44.038367+00:00,pyroscope,pyroscope-0,6.0,212860928
2026-09-17T01:43:44.038367+00:00,pyroscope,pyroscope-alloy-0,136.0,499122176
2026-09-17T01:44:15.297708+00:00,grove-system,grove-operator-d858d65f9-ck75j,34.0,882900992
2026-09-17T01:44:15.297708+00:00,kai-scheduler,admission-86666f457d-plhlk,1.0,16777216
2026-09-17T01:44:15.297708+00:00,kai-scheduler,kai-operator-69b5d7bcf7-h6bzd,1.0,114294784
2026-09-17T01:44:15.297708+00:00,kai-scheduler,pod-grouper-65456f756-dqrtd,1.0,9437184
2026-09-17T01:44:15.297708+00:00,kai-scheduler,podgroup-controller-68f9cc8dbf-9xq88,1.0,13631488
2026-09-17T01:44:15.297708+00:00,kai-scheduler,queue-controller-f86fcd76c-js4jc,1.0,13631488
2026-09-17T01:44:15.297708+00:00,kube-system,coredns-8db54c48d-dkq9n,3.0,54525952
2026-09-17T01:44:15.297708+00:00,kube-system,kwok-controller-5cf8c7c44b-gvkjd,2522.0,94371840
2026-09-17T01:44:15.297708+00:00,kube-system,local-path-provisioner-5d9d9885bc-qlhkr,1.0,15728640
2026-09-17T01:44:15.297708+00:00,kube-system,metrics-server-75dc6f8d87-fh8ch,40.0,337641472
2026-09-17T01:44:15.297708+00:00,kube-system,svclb-traefik-dacc61bf-xhs49,0.0,0
2026-09-17T01:44:15.297708+00:00,kube-system,traefik-9bcdbbd9-bktmw,3.0,269484032
2026-09-17T01:44:15.297708+00:00,pyroscope,pyroscope-0,6.0,214958080
2026-09-17T01:44:15.297708+00:00,pyroscope,pyroscope-alloy-0,135.0,491782144
2026-09-17T01:44:46.553719+00:00,grove-system,grove-operator-d858d65f9-ck75j,13.0,886046720
2026-09-17T01:44:46.553719+00:00,kai-scheduler,admission-86666f457d-plhlk,1.0,16777216
2026-09-17T01:44:46.553719+00:00,kai-scheduler,kai-operator-69b5d7bcf7-h6bzd,3.0,110100480
2026-09-17T01:44:46.553719+00:00,kai-scheduler,pod-grouper-65456f756-dqrtd,1.0,9437184
2026-09-17T01:44:46.553719+00:00,kai-scheduler,podgroup-controller-68f9cc8dbf-9xq88,1.0,13631488
2026-09-17T01:44:46.553719+00:00,kai-scheduler,queue-controller-f86fcd76c-js4jc,1.0,13631488
2026-09-17T01:44:46.553719+00:00,kube-system,coredns-8db54c48d-dkq9n,3.0,55574528
2026-09-17T01:44:46.553719+00:00,kube-system,kwok-controller-5cf8c7c44b-gvkjd,120.0,87031808
2026-09-17T01:44:46.553719+00:00,kube-system,local-path-provisioner-5d9d9885bc-qlhkr,1.0,15728640
2026-09-17T01:44:46.553719+00:00,kube-system,metrics-server-75dc6f8d87-fh8ch,37.0,326107136
2026-09-17T01:44:46.553719+00:00,kube-system,svclb-traefik-dacc61bf-xhs49,0.0,0
2026-09-17T01:44:46.553719+00:00,kube-system,traefik-9bcdbbd9-bktmw,3.0,269484032
2026-09-17T01:44:46.553719+00:00,pyroscope,pyroscope-0,5.0,216006656
2026-09-17T01:44:46.553719+00:00,pyroscope,pyroscope-alloy-0,118.0,445644800
2026-09-17T01:45:17.825447+00:00,grove-system,grove-operator-d858d65f9-ck75j,32.0,871366656
2026-09-17T01:45:17.825447+00:00,kai-scheduler,admission-86666f457d-plhlk,1.0,16777216
2026-09-17T01:45:17.825447+00:00,kai-scheduler,kai-operator-69b5d7bcf7-h6bzd,1.0,110100480
2026-09-17T01:45:17.825447+00:00,kai-scheduler,pod-grouper-65456f756-dqrtd,1.0,9437184
2026-09-17T01:45:17.825447+00:00,kai-scheduler,podgroup-controller-68f9cc8dbf-9xq88,1.0,13631488
2026-09-17T01:45:17.825447+00:00,kai-scheduler,queue-controller-f86fcd76c-js4jc,1.0,13631488
2026-09-17T01:45:17.825447+00:00,kube-system,coredns-8db54c48d-dkq9n,3.0,55574528
2026-09-17T01:45:17.825447+00:00,kube-system,kwok-controller-5cf8c7c44b-gvkjd,115.0,87031808
2026-09-17T01:45:17.825447+00:00,kube-system,local-path-provisioner-5d9d9885bc-qlhkr,1.0,15728640
2026-09-17T01:45:17.825447+00:00,kube-system,metrics-server-75dc6f8d87-fh8ch,40.0,326107136
2026-09-17T01:45:17.825447+00:00,kube-system,svclb-traefik-dacc61bf-xhs49,0.0,0
2026-09-17T01:45:17.825447+00:00,kube-system,traefik-9bcdbbd9-bktmw,8.0,268435456
2026-09-17T01:45:17.825447+00:00,pyroscope,pyroscope-0,6.0,214958080
2026-09-17T01:45:17.825447+00:00,pyroscope,pyroscope-alloy-0,99.0,436207616
2026-09-17T01:45:49.080401+00:00,grove-system,grove-operator-d858d65f9-ck75j,20.0,874512384
2026-09-17T01:45:49.080401+00:00,kai-scheduler,admission-86666f457d-plhlk,1.0,16777216
2026-09-17T01:45:49.080401+00:00,kai-scheduler,kai-operator-69b5d7bcf7-h6bzd,1.0,110100480
2026-09-17T01:45:49.080401+00:00,kai-scheduler,pod-grouper-65456f756-dqrtd,1.0,9437184
2026-09-17T01:45:49.080401+00:00,kai-scheduler,podgroup-controller-68f9cc8dbf-9xq88,1.0,13631488
2026-09-17T01:45:49.080401+00:00,kai-scheduler,queue-controller-f86fcd76c-js4jc,1.0,13631488
2026-09-17T01:45:49.080401+00:00,kube-system,coredns-8db54c48d-dkq9n,3.0,55574528
2026-09-17T01:45:49.080401+00:00,kube-system,kwok-controller-5cf8c7c44b-gvkjd,119.0,88080384
2026-09-17T01:45:49.080401+00:00,kube-system,local-path-provisioner-5d9d9885bc-qlhkr,1.0,15728640
2026-09-17T01:45:49.080401+00:00,kube-system,metrics-server-75dc6f8d87-fh8ch,41.0,325058560
2026-09-17T01:45:49.080401+00:00,kube-system,svclb-traefik-dacc61bf-xhs49,0.0,0
2026-09-17T01:45:49.080401+00:00,kube-system,traefik-9bcdbbd9-bktmw,3.0,268435456
2026-09-17T01:45:49.080401+00:00,pyroscope,pyroscope-0,7.0,217055232
2026-09-17T01:45:49.080401+00:00,pyroscope,pyroscope-alloy-0,111.0,454033408
2026-09-17T01:46:20.329818+00:00,grove-system,grove-operator-d858d65f9-ck75j,36.0,870318080
2026-09-17T01:46:20.329818+00:00,kai-scheduler,admission-86666f457d-plhlk,1.0,16777216
2026-09-17T01:46:20.329818+00:00,kai-scheduler,kai-operator-69b5d7bcf7-h6bzd,1.0,110100480
2026-09-17T01:46:20.329818+00:00,kai-scheduler,pod-grouper-65456f756-dqrtd,1.0,9437184
2026-09-17T01:46:20.329818+00:00,kai-scheduler,podgroup-controller-68f9cc8dbf-9xq88,1.0,13631488
2026-09-17T01:46:20.329818+00:00,kai-scheduler,queue-controller-f86fcd76c-js4jc,1.0,13631488
2026-09-17T01:46:20.329818+00:00,kube-system,coredns-8db54c48d-dkq9n,3.0,54525952
2026-09-17T01:46:20.329818+00:00,kube-system,kwok-controller-5cf8c7c44b-gvkjd,120.0,87031808
2026-09-17T01:46:20.329818+00:00,kube-system,local-path-provisioner-5d9d9885bc-qlhkr,1.0,15728640
2026-09-17T01:46:20.329818+00:00,kube-system,metrics-server-75dc6f8d87-fh8ch,44.0,326107136
2026-09-17T01:46:20.329818+00:00,kube-system,svclb-traefik-dacc61bf-xhs49,0.0,0
2026-09-17T01:46:20.329818+00:00,kube-system,traefik-9bcdbbd9-bktmw,3.0,268435456
2026-09-17T01:46:20.329818+00:00,pyroscope,pyroscope-0,6.0,218103808
2026-09-17T01:46:20.329818+00:00,pyroscope,pyroscope-alloy-0,117.0,466616320
2026-09-17T01:46:51.582602+00:00,grove-system,grove-operator-d858d65f9-ck75j,18.0,875560960
2026-09-17T01:46:51.582602+00:00,kai-scheduler,admission-86666f457d-plhlk,1.0,16777216
2026-09-17T01:46:51.582602+00:00,kai-scheduler,kai-operator-69b5d7bcf7-h6bzd,1.0,105906176
2026-09-17T01:46:51.582602+00:00,kai-scheduler,pod-grouper-65456f756-dqrtd,1.0,9437184
2026-09-17T01:46:51.582602+00:00,kai-scheduler,podgroup-controller-68f9cc8dbf-9xq88,1.0,13631488
2026-09-17T01:46:51.582602+00:00,kai-scheduler,queue-controller-f86fcd76c-js4jc,1.0,13631488
2026-09-17T01:46:51.582602+00:00,kube-system,coredns-8db54c48d-dkq9n,3.0,54525952
2026-09-17T01:46:51.582602+00:00,kube-system,kwok-controller-5cf8c7c44b-gvkjd,119.0,89128960
2026-09-17T01:46:51.582602+00:00,kube-system,local-path-provisioner-5d9d9885bc-qlhkr,1.0,15728640
2026-09-17T01:46:51.582602+00:00,kube-system,metrics-server-75dc6f8d87-fh8ch,42.0,318767104
2026-09-17T01:46:51.582602+00:00,kube-system,svclb-traefik-dacc61bf-xhs49,0.0,0
2026-09-17T01:46:51.582602+00:00,kube-system,traefik-9bcdbbd9-bktmw,3.0,267386880
2026-09-17T01:46:51.582602+00:00,pyroscope,pyroscope-0,7.0,217055232
2026-09-17T01:46:51.582602+00:00,pyroscope,pyroscope-alloy-0,121.0,468713472
2026-09-17T01:47:22.831972+00:00,grove-system,grove-operator-d858d65f9-ck75j,29.0,870318080
2026-09-17T01:47:22.831972+00:00,kai-scheduler,admission-86666f457d-plhlk,1.0,16777216
2026-09-17T01:47:22.831972+00:00,kai-scheduler,kai-operator-69b5d7bcf7-h6bzd,1.0,106954752
2026-09-17T01:47:22.831972+00:00,kai-scheduler,pod-grouper-65456f756-dqrtd,1.0,9437184
2026-09-17T01:47:22.831972+00:00,kai-scheduler,podgroup-controller-68f9cc8dbf-9xq88,1.0,13631488
2026-09-17T01:47:22.831972+00:00,kai-scheduler,queue-controller-f86fcd76c-js4jc,1.0,13631488
2026-09-17T01:47:22.831972+00:00,kube-system,coredns-8db54c48d-dkq9n,3.0,55574528
2026-09-17T01:47:22.831972+00:00,kube-system,kwok-controller-5cf8c7c44b-gvkjd,117.0,90177536
2026-09-17T01:47:22.831972+00:00,kube-system,local-path-provisioner-5d9d9885bc-qlhkr,1.0,15728640
2026-09-17T01:47:22.831972+00:00,kube-system,metrics-server-75dc6f8d87-fh8ch,40.0,318767104
2026-09-17T01:47:22.831972+00:00,kube-system,svclb-traefik-dacc61bf-xhs49,0.0,0
2026-09-17T01:47:22.831972+00:00,kube-system,traefik-9bcdbbd9-bktmw,7.0,233832448
2026-09-17T01:47:22.831972+00:00,pyroscope,pyroscope-0,5.0,218103808
2026-09-17T01:47:22.831972+00:00,pyroscope,pyroscope-alloy-0,94.0,471859200
2026-09-17T01:47:54.089328+00:00,grove-system,grove-operator-d858d65f9-ck75j,33.0,844103680
2026-09-17T01:47:54.089328+00:00,kai-scheduler,admission-86666f457d-plhlk,1.0,16777216
2026-09-17T01:47:54.089328+00:00,kai-scheduler,kai-operator-69b5d7bcf7-h6bzd,5.0,111149056
2026-09-17T01:47:54.089328+00:00,kai-scheduler,kai-scheduler-default-85b5b8dff6-8q68j,100.0,445644800
2026-09-17T01:47:54.089328+00:00,kai-scheduler,pod-grouper-65456f756-dqrtd,1.0,9437184
2026-09-17T01:47:54.089328+00:00,kai-scheduler,podgroup-controller-68f9cc8dbf-9xq88,1.0,13631488
2026-09-17T01:47:54.089328+00:00,kai-scheduler,queue-controller-f86fcd76c-js4jc,1.0,13631488
2026-09-17T01:47:54.089328+00:00,kube-system,coredns-8db54c48d-dkq9n,4.0,56623104
2026-09-17T01:47:54.089328+00:00,kube-system,kwok-controller-5cf8c7c44b-gvkjd,115.0,87031808
2026-09-17T01:47:54.089328+00:00,kube-system,local-path-provisioner-5d9d9885bc-qlhkr,1.0,15728640
2026-09-17T01:47:54.089328+00:00,kube-system,metrics-server-75dc6f8d87-fh8ch,41.0,311427072
2026-09-17T01:47:54.089328+00:00,kube-system,svclb-traefik-dacc61bf-xhs49,0.0,0
2026-09-17T01:47:54.089328+00:00,kube-system,traefik-9bcdbbd9-bktmw,3.0,190840832
2026-09-17T01:47:54.089328+00:00,pyroscope,pyroscope-0,5.0,217055232
2026-09-17T01:47:54.089328+00:00,pyroscope,pyroscope-alloy-0,85.0,467664896
2026-09-17T01:48:25.345149+00:00,grove-system,grove-operator-d858d65f9-ck75j,18.0,849346560
2026-09-17T01:48:25.345149+00:00,kai-scheduler,admission-86666f457d-plhlk,1.0,16777216
2026-09-17T01:48:25.345149+00:00,kai-scheduler,kai-operator-69b5d7bcf7-h6bzd,1.0,112197632
2026-09-17T01:48:25.345149+00:00,kai-scheduler,kai-scheduler-default-85b5b8dff6-8q68j,103.0,446693376
2026-09-17T01:48:25.345149+00:00,kai-scheduler,pod-grouper-65456f756-dqrtd,1.0,9437184
2026-09-17T01:48:25.345149+00:00,kai-scheduler,podgroup-controller-68f9cc8dbf-9xq88,1.0,13631488
2026-09-17T01:48:25.345149+00:00,kai-scheduler,queue-controller-f86fcd76c-js4jc,1.0,13631488
2026-09-17T01:48:25.345149+00:00,kube-system,coredns-8db54c48d-dkq9n,3.0,54525952
2026-09-17T01:48:25.345149+00:00,kube-system,kwok-controller-5cf8c7c44b-gvkjd,114.0,89128960
2026-09-17T01:48:25.345149+00:00,kube-system,local-path-provisioner-5d9d9885bc-qlhkr,1.0,15728640
2026-09-17T01:48:25.345149+00:00,kube-system,metrics-server-75dc6f8d87-fh8ch,52.0,312475648
2026-09-17T01:48:25.345149+00:00,kube-system,svclb-traefik-dacc61bf-xhs49,0.0,0
2026-09-17T01:48:25.345149+00:00,kube-system,traefik-9bcdbbd9-bktmw,3.0,192937984
2026-09-17T01:48:25.345149+00:00,pyroscope,pyroscope-0,5.0,217055232
2026-09-17T01:48:25.345149+00:00,pyroscope,pyroscope-alloy-0,125.0,468713472
2026-09-17T01:48:56.594161+00:00,grove-system,grove-operator-d858d65f9-ck75j,18.0,854589440
2026-09-17T01:48:56.594161+00:00,kai-scheduler,admission-86666f457d-plhlk,1.0,16777216
2026-09-17T01:48:56.594161+00:00,kai-scheduler,kai-operator-69b5d7bcf7-h6bzd,1.0,111149056
2026-09-17T01:48:56.594161+00:00,kai-scheduler,kai-scheduler-default-85b5b8dff6-8q68j,98.0,443547648
2026-09-17T01:48:56.594161+00:00,kai-scheduler,pod-grouper-65456f756-dqrtd,1.0,9437184
2026-09-17T01:48:56.594161+00:00,kai-scheduler,podgroup-controller-68f9cc8dbf-9xq88,1.0,13631488
2026-09-17T01:48:56.594161+00:00,kai-scheduler,queue-controller-f86fcd76c-js4jc,1.0,13631488
2026-09-17T01:48:56.594161+00:00,kube-system,coredns-8db54c48d-dkq9n,3.0,55574528
2026-09-17T01:48:56.594161+00:00,kube-system,kwok-controller-5cf8c7c44b-gvkjd,122.0,90177536
2026-09-17T01:48:56.594161+00:00,kube-system,local-path-provisioner-5d9d9885bc-qlhkr,1.0,15728640
2026-09-17T01:48:56.594161+00:00,kube-system,metrics-server-75dc6f8d87-fh8ch,39.0,308281344
2026-09-17T01:48:56.594161+00:00,kube-system,svclb-traefik-dacc61bf-xhs49,0.0,0
2026-09-17T01:48:56.594161+00:00,kube-system,traefik-9bcdbbd9-bktmw,3.0,192937984
2026-09-17T01:48:56.594161+00:00,pyroscope,pyroscope-0,6.0,218103808
2026-09-17T01:48:56.594161+00:00,pyroscope,pyroscope-alloy-0,93.0,468713472
2026-09-17T01:49:27.841273+00:00,grove-system,grove-operator-d858d65f9-ck75j,20.0,853540864
2026-09-17T01:49:27.841273+00:00,kai-scheduler,admission-86666f457d-plhlk,1.0,16777216
2026-09-17T01:49:27.841273+00:00,kai-scheduler,kai-operator-69b5d7bcf7-h6bzd,1.0,100663296
2026-09-17T01:49:27.841273+00:00,kai-scheduler,kai-scheduler-default-85b5b8dff6-8q68j,98.0,423624704
2026-09-17T01:49:27.841273+00:00,kai-scheduler,pod-grouper-65456f756-dqrtd,1.0,9437184
2026-09-17T01:49:27.841273+00:00,kai-scheduler,podgroup-controller-68f9cc8dbf-9xq88,1.0,13631488
2026-09-17T01:49:27.841273+00:00,kai-scheduler,queue-controller-f86fcd76c-js4jc,1.0,13631488
2026-09-17T01:49:27.841273+00:00,kube-system,coredns-8db54c48d-dkq9n,3.0,55574528
2026-09-17T01:49:27.841273+00:00,kube-system,kwok-controller-5cf8c7c44b-gvkjd,383.0,92274688
2026-09-17T01:49:27.841273+00:00,kube-system,local-path-provisioner-5d9d9885bc-qlhkr,1.0,15728640
2026-09-17T01:49:27.841273+00:00,kube-system,metrics-server-75dc6f8d87-fh8ch,43.0,308281344
2026-09-17T01:49:27.841273+00:00,kube-system,svclb-traefik-dacc61bf-xhs49,0.0,0
2026-09-17T01:49:27.841273+00:00,kube-system,traefik-9bcdbbd9-bktmw,3.0,193986560
2026-09-17T01:49:27.841273+00:00,pyroscope,pyroscope-0,6.0,218103808
2026-09-17T01:49:27.841273+00:00,pyroscope,pyroscope-alloy-0,106.0,463470592
2026-09-17T01:49:59.089202+00:00,grove-system,grove-operator-d858d65f9-ck75j,30.0,850395136
2026-09-17T01:49:59.089202+00:00,kai-scheduler,admission-86666f457d-plhlk,1.0,16777216
2026-09-17T01:49:59.089202+00:00,kai-scheduler,kai-operator-69b5d7bcf7-h6bzd,1.0,99614720
2026-09-17T01:49:59.089202+00:00,kai-scheduler,kai-scheduler-default-85b5b8dff6-8q68j,89.0,393216000
2026-09-17T01:49:59.089202+00:00,kai-scheduler,pod-grouper-65456f756-dqrtd,1.0,9437184
2026-09-17T01:49:59.089202+00:00,kai-scheduler,podgroup-controller-68f9cc8dbf-9xq88,1.0,13631488
2026-09-17T01:49:59.089202+00:00,kai-scheduler,queue-controller-f86fcd76c-js4jc,1.0,13631488
2026-09-17T01:49:59.089202+00:00,kube-system,coredns-8db54c48d-dkq9n,4.0,55574528
2026-09-17T01:49:59.089202+00:00,kube-system,kwok-controller-5cf8c7c44b-gvkjd,114.0,88080384
2026-09-17T01:49:59.089202+00:00,kube-system,local-path-provisioner-5d9d9885bc-qlhkr,1.0,15728640
2026-09-17T01:49:59.089202+00:00,kube-system,metrics-server-75dc6f8d87-fh8ch,43.0,307232768
2026-09-17T01:49:59.089202+00:00,kube-system,svclb-traefik-dacc61bf-xhs49,0.0,0
2026-09-17T01:49:59.089202+00:00,kube-system,traefik-9bcdbbd9-bktmw,3.0,192937984
2026-09-17T01:49:59.089202+00:00,pyroscope,pyroscope-0,6.0,218103808
2026-09-17T01:49:59.089202+00:00,pyroscope,pyroscope-alloy-0,91.0,471859200
2026-09-17T01:50:30.344807+00:00,grove-system,grove-operator-d858d65f9-ck75j,30.0,832569344
2026-09-17T01:50:30.344807+00:00,kai-scheduler,admission-86666f457d-plhlk,1.0,16777216
2026-09-17T01:50:30.344807+00:00,kai-scheduler,kai-operator-69b5d7bcf7-h6bzd,3.0,99614720
2026-09-17T01:50:30.344807+00:00,kai-scheduler,kai-scheduler-default-85b5b8dff6-8q68j,91.0,398458880
2026-09-17T01:50:30.344807+00:00,kai-scheduler,pod-grouper-65456f756-dqrtd,1.0,9437184
2026-09-17T01:50:30.344807+00:00,kai-scheduler,podgroup-controller-68f9cc8dbf-9xq88,1.0,13631488
2026-09-17T01:50:30.344807+00:00,kai-scheduler,queue-controller-f86fcd76c-js4jc,1.0,13631488
2026-09-17T01:50:30.344807+00:00,kube-system,coredns-8db54c48d-dkq9n,3.0,55574528
2026-09-17T01:50:30.344807+00:00,kube-system,kwok-controller-5cf8c7c44b-gvkjd,111.0,87031808
2026-09-17T01:50:30.344807+00:00,kube-system,local-path-provisioner-5d9d9885bc-qlhkr,1.0,15728640
2026-09-17T01:50:30.344807+00:00,kube-system,metrics-server-75dc6f8d87-fh8ch,37.0,305135616
2026-09-17T01:50:30.344807+00:00,kube-system,svclb-traefik-dacc61bf-xhs49,0.0,0
2026-09-17T01:50:30.344807+00:00,kube-system,traefik-9bcdbbd9-bktmw,4.0,192937984
2026-09-17T01:50:30.344807+00:00,pyroscope,pyroscope-0,6.0,218103808
2026-09-17T01:50:30.344807+00:00,pyroscope,pyroscope-alloy-0,79.0,465567744
2026-09-17T01:51:01.600822+00:00,grove-system,grove-operator-d858d65f9-ck75j,19.0,834666496
2026-09-17T01:51:01.600822+00:00,kai-scheduler,admission-86666f457d-plhlk,1.0,16777216
2026-09-17T01:51:01.600822+00:00,kai-scheduler,kai-operator-69b5d7bcf7-h6bzd,1.0,99614720
2026-09-17T01:51:01.600822+00:00,kai-scheduler,kai-scheduler-default-85b5b8dff6-8q68j,89.0,363855872
2026-09-17T01:51:01.600822+00:00,kai-scheduler,pod-grouper-65456f756-dqrtd,1.0,9437184
2026-09-17T01:51:01.600822+00:00,kai-scheduler,podgroup-controller-68f9cc8dbf-9xq88,1.0,13631488
2026-09-17T01:51:01.600822+00:00,kai-scheduler,queue-controller-f86fcd76c-js4jc,1.0,13631488
2026-09-17T01:51:01.600822+00:00,kube-system,coredns-8db54c48d-dkq9n,3.0,55574528
2026-09-17T01:51:01.600822+00:00,kube-system,kwok-controller-5cf8c7c44b-gvkjd,120.0,88080384
2026-09-17T01:51:01.600822+00:00,kube-system,local-path-provisioner-5d9d9885bc-qlhkr,1.0,15728640
2026-09-17T01:51:01.600822+00:00,kube-system,metrics-server-75dc6f8d87-fh8ch,40.0,303038464
2026-09-17T01:51:01.600822+00:00,kube-system,svclb-traefik-dacc61bf-xhs49,0.0,0
2026-09-17T01:51:01.600822+00:00,kube-system,traefik-9bcdbbd9-bktmw,3.0,193986560
2026-09-17T01:51:01.600822+00:00,pyroscope,pyroscope-0,6.0,218103808
2026-09-17T01:51:01.600822+00:00,pyroscope,pyroscope-alloy-0,98.0,472907776
2026-09-17T01:51:32.853506+00:00,grove-system,grove-operator-d858d65f9-ck75j,27.0,821035008
2026-09-17T01:51:32.853506+00:00,kai-scheduler,admission-86666f457d-plhlk,1.0,16777216
2026-09-17T01:51:32.853506+00:00,kai-scheduler,kai-operator-69b5d7bcf7-h6bzd,1.0,99614720
2026-09-17T01:51:32.853506+00:00,kai-scheduler,kai-scheduler-default-85b5b8dff6-8q68j,85.0,391118848
2026-09-17T01:51:32.853506+00:00,kai-scheduler,pod-grouper-65456f756-dqrtd,1.0,9437184
2026-09-17T01:51:32.853506+00:00,kai-scheduler,podgroup-controller-68f9cc8dbf-9xq88,1.0,13631488
2026-09-17T01:51:32.853506+00:00,kai-scheduler,queue-controller-f86fcd76c-js4jc,1.0,13631488
2026-09-17T01:51:32.853506+00:00,kube-system,coredns-8db54c48d-dkq9n,3.0,54525952
2026-09-17T01:51:32.853506+00:00,kube-system,kwok-controller-5cf8c7c44b-gvkjd,117.0,89128960
2026-09-17T01:51:32.853506+00:00,kube-system,local-path-provisioner-5d9d9885bc-qlhkr,1.0,15728640
2026-09-17T01:51:32.853506+00:00,kube-system,metrics-server-75dc6f8d87-fh8ch,45.0,303038464
2026-09-17T01:51:32.853506+00:00,kube-system,svclb-traefik-dacc61bf-xhs49,0.0,0
2026-09-17T01:51:32.853506+00:00,kube-system,traefik-9bcdbbd9-bktmw,8.0,193986560
2026-09-17T01:51:32.853506+00:00,pyroscope,pyroscope-0,5.0,218103808
2026-09-17T01:51:32.853506+00:00,pyroscope,pyroscope-alloy-0,75.0,462422016
2026-09-17T01:52:04.108069+00:00,grove-system,grove-operator-d858d65f9-ck75j,14.0,782237696
2026-09-17T01:52:04.108069+00:00,kai-scheduler,admission-86666f457d-plhlk,1.0,16777216
2026-09-17T01:52:04.108069+00:00,kai-scheduler,kai-operator-69b5d7bcf7-h6bzd,1.0,100663296
2026-09-17T01:52:04.108069+00:00,kai-scheduler,kai-scheduler-default-85b5b8dff6-8q68j,81.0,367001600
2026-09-17T01:52:04.108069+00:00,kai-scheduler,pod-grouper-65456f756-dqrtd,1.0,9437184
2026-09-17T01:52:04.108069+00:00,kai-scheduler,podgroup-controller-68f9cc8dbf-9xq88,1.0,13631488
2026-09-17T01:52:04.108069+00:00,kai-scheduler,queue-controller-f86fcd76c-js4jc,1.0,13631488
2026-09-17T01:52:04.108069+00:00,kube-system,coredns-8db54c48d-dkq9n,3.0,54525952
2026-09-17T01:52:04.108069+00:00,kube-system,kwok-controller-5cf8c7c44b-gvkjd,115.0,88080384
2026-09-17T01:52:04.108069+00:00,kube-system,local-path-provisioner-5d9d9885bc-qlhkr,1.0,15728640
2026-09-17T01:52:04.108069+00:00,kube-system,metrics-server-75dc6f8d87-fh8ch,38.0,298844160
2026-09-17T01:52:04.108069+00:00,kube-system,svclb-traefik-dacc61bf-xhs49,0.0,0
2026-09-17T01:52:04.108069+00:00,kube-system,traefik-9bcdbbd9-bktmw,3.0,193986560
2026-09-17T01:52:04.108069+00:00,pyroscope,pyroscope-0,5.0,218103808
2026-09-17T01:52:04.108069+00:00,pyroscope,pyroscope-alloy-0,82.0,469762048
2026-09-17T01:52:35.359152+00:00,grove-system,grove-operator-d858d65f9-ck75j,18.0,750780416
2026-09-17T01:52:35.359152+00:00,kai-scheduler,admission-86666f457d-plhlk,1.0,16777216
2026-09-17T01:52:35.359152+00:00,kai-scheduler,kai-operator-69b5d7bcf7-h6bzd,1.0,99614720
2026-09-17T01:52:35.359152+00:00,kai-scheduler,kai-scheduler-default-85b5b8dff6-8q68j,80.0,357564416
2026-09-17T01:52:35.359152+00:00,kai-scheduler,pod-grouper-65456f756-dqrtd,1.0,9437184
2026-09-17T01:52:35.359152+00:00,kai-scheduler,podgroup-controller-68f9cc8dbf-9xq88,1.0,13631488
2026-09-17T01:52:35.359152+00:00,kai-scheduler,queue-controller-f86fcd76c-js4jc,1.0,13631488
2026-09-17T01:52:35.359152+00:00,kube-system,coredns-8db54c48d-dkq9n,3.0,55574528
2026-09-17T01:52:35.359152+00:00,kube-system,kwok-controller-5cf8c7c44b-gvkjd,119.0,87031808
2026-09-17T01:52:35.359152+00:00,kube-system,local-path-provisioner-5d9d9885bc-qlhkr,1.0,15728640
2026-09-17T01:52:35.359152+00:00,kube-system,metrics-server-75dc6f8d87-fh8ch,40.0,298844160
2026-09-17T01:52:35.359152+00:00,kube-system,svclb-traefik-dacc61bf-xhs49,0.0,0
2026-09-17T01:52:35.359152+00:00,kube-system,traefik-9bcdbbd9-bktmw,3.0,193986560
2026-09-17T01:52:35.359152+00:00,pyroscope,pyroscope-0,5.0,218103808
2026-09-17T01:52:35.359152+00:00,pyroscope,pyroscope-alloy-0,69.0,476053504
2026-09-17T01:53:06.616393+00:00,grove-system,grove-operator-d858d65f9-ck75j,18.0,720371712
2026-09-17T01:53:06.616393+00:00,kai-scheduler,admission-86666f457d-plhlk,1.0,16777216
2026-09-17T01:53:06.616393+00:00,kai-scheduler,kai-operator-69b5d7bcf7-h6bzd,1.0,99614720
2026-09-17T01:53:06.616393+00:00,kai-scheduler,kai-scheduler-default-85b5b8dff6-8q68j,73.0,327155712
2026-09-17T01:53:06.616393+00:00,kai-scheduler,pod-grouper-65456f756-dqrtd,1.0,9437184
2026-09-17T01:53:06.616393+00:00,kai-scheduler,podgroup-controller-68f9cc8dbf-9xq88,1.0,13631488
2026-09-17T01:53:06.616393+00:00,kai-scheduler,queue-controller-f86fcd76c-js4jc,1.0,13631488
2026-09-17T01:53:06.616393+00:00,kube-system,coredns-8db54c48d-dkq9n,3.0,54525952
2026-09-17T01:53:06.616393+00:00,kube-system,kwok-controller-5cf8c7c44b-gvkjd,114.0,88080384
2026-09-17T01:53:06.616393+00:00,kube-system,local-path-provisioner-5d9d9885bc-qlhkr,1.0,15728640
2026-09-17T01:53:06.616393+00:00,kube-system,metrics-server-75dc6f8d87-fh8ch,35.0,292552704
2026-09-17T01:53:06.616393+00:00,kube-system,svclb-traefik-dacc61bf-xhs49,0.0,0
2026-09-17T01:53:06.616393+00:00,kube-system,traefik-9bcdbbd9-bktmw,3.0,192937984
2026-09-17T01:53:06.616393+00:00,pyroscope,pyroscope-0,4.0,217055232
2026-09-17T01:53:06.616393+00:00,pyroscope,pyroscope-alloy-0,49.0,476053504
2026-09-17T01:53:37.861913+00:00,grove-system,grove-operator-d858d65f9-ck75j,17.0,691011584
2026-09-17T01:53:37.861913+00:00,kai-scheduler,admission-86666f457d-plhlk,1.0,17825792
2026-09-17T01:53:37.861913+00:00,kai-scheduler,binder-869fc94c7-lb9sm,17.0,167772160
2026-09-17T01:53:37.861913+00:00,kai-scheduler,kai-operator-69b5d7bcf7-h6bzd,1.0,99614720
2026-09-17T01:53:37.861913+00:00,kai-scheduler,kai-scheduler-default-85b5b8dff6-8q68j,74.0,313524224
2026-09-17T01:53:37.861913+00:00,kai-scheduler,pod-grouper-65456f756-dqrtd,1.0,9437184
2026-09-17T01:53:37.861913+00:00,kai-scheduler,podgroup-controller-68f9cc8dbf-9xq88,1.0,13631488
2026-09-17T01:53:37.861913+00:00,kai-scheduler,queue-controller-f86fcd76c-js4jc,1.0,13631488
2026-09-17T01:53:37.861913+00:00,kube-system,coredns-8db54c48d-dkq9n,3.0,54525952
2026-09-17T01:53:37.861913+00:00,kube-system,kwok-controller-5cf8c7c44b-gvkjd,112.0,87031808
2026-09-17T01:53:37.861913+00:00,kube-system,local-path-provisioner-5d9d9885bc-qlhkr,1.0,15728640
2026-09-17T01:53:37.861913+00:00,kube-system,metrics-server-75dc6f8d87-fh8ch,48.0,287309824
2026-09-17T01:53:37.861913+00:00,kube-system,svclb-traefik-dacc61bf-xhs49,0.0,0
2026-09-17T01:53:37.861913+00:00,kube-system,traefik-9bcdbbd9-bktmw,3.0,193986560
2026-09-17T01:53:37.861913+00:00,pyroscope,pyroscope-0,7.0,213909504
2026-09-17T01:53:37.861913+00:00,pyroscope,pyroscope-alloy-0,74.0,473956352
2026-09-17T01:54:09.114373+00:00,grove-system,grove-operator-d858d65f9-ck75j,18.0,664797184
2026-09-17T01:54:09.114373+00:00,kai-scheduler,admission-86666f457d-plhlk,1.0,16777216
2026-09-17T01:54:09.114373+00:00,kai-scheduler,kai-operator-69b5d7bcf7-h6bzd,4.0,101711872
2026-09-17T01:54:09.114373+00:00,kai-scheduler,kai-scheduler-default-85b5b8dff6-8q68j,65.0,325058560
2026-09-17T01:54:09.114373+00:00,kai-scheduler,pod-grouper-65456f756-dqrtd,1.0,9437184
2026-09-17T01:54:09.114373+00:00,kai-scheduler,podgroup-controller-68f9cc8dbf-9xq88,1.0,13631488
2026-09-17T01:54:09.114373+00:00,kai-scheduler,queue-controller-f86fcd76c-js4jc,1.0,13631488
2026-09-17T01:54:09.114373+00:00,kube-system,coredns-8db54c48d-dkq9n,3.0,55574528
2026-09-17T01:54:09.114373+00:00,kube-system,kwok-controller-5cf8c7c44b-gvkjd,112.0,88080384
2026-09-17T01:54:09.114373+00:00,kube-system,local-path-provisioner-5d9d9885bc-qlhkr,1.0,15728640
2026-09-17T01:54:09.114373+00:00,kube-system,metrics-server-75dc6f8d87-fh8ch,34.0,285212672
2026-09-17T01:54:09.114373+00:00,kube-system,svclb-traefik-dacc61bf-xhs49,0.0,0
2026-09-17T01:54:09.114373+00:00,kube-system,traefik-9bcdbbd9-bktmw,3.0,193986560
2026-09-17T01:54:09.114373+00:00,pyroscope,pyroscope-0,7.0,214958080
2026-09-17T01:54:09.114373+00:00,pyroscope,pyroscope-alloy-0,54.0,470810624
2026-09-17T01:54:40.373004+00:00,grove-system,grove-operator-d858d65f9-ck75j,24.0,634388480
2026-09-17T01:54:40.373004+00:00,kai-scheduler,admission-86666f457d-plhlk,1.0,16777216
2026-09-17T01:54:40.373004+00:00,kai-scheduler,kai-operator-69b5d7bcf7-h6bzd,3.0,101711872
2026-09-17T01:54:40.373004+00:00,kai-scheduler,kai-scheduler-default-85b5b8dff6-8q68j,64.0,308281344
2026-09-17T01:54:40.373004+00:00,kai-scheduler,pod-grouper-65456f756-dqrtd,1.0,9437184
2026-09-17T01:54:40.373004+00:00,kai-scheduler,podgroup-controller-68f9cc8dbf-9xq88,1.0,13631488
2026-09-17T01:54:40.373004+00:00,kai-scheduler,queue-controller-f86fcd76c-js4jc,1.0,13631488
2026-09-17T01:54:40.373004+00:00,kube-system,coredns-8db54c48d-dkq9n,3.0,56623104
2026-09-17T01:54:40.373004+00:00,kube-system,kwok-controller-5cf8c7c44b-gvkjd,116.0,87031808
2026-09-17T01:54:40.373004+00:00,kube-system,local-path-provisioner-5d9d9885bc-qlhkr,1.0,15728640
2026-09-17T01:54:40.373004+00:00,kube-system,metrics-server-75dc6f8d87-fh8ch,40.0,284164096
2026-09-17T01:54:40.373004+00:00,kube-system,svclb-traefik-dacc61bf-xhs49,0.0,0
2026-09-17T01:54:40.373004+00:00,kube-system,traefik-9bcdbbd9-bktmw,3.0,193986560
2026-09-17T01:54:40.373004+00:00,pyroscope,pyroscope-0,5.0,214958080
2026-09-17T01:54:40.373004+00:00,pyroscope,pyroscope-alloy-0,54.0,470810624
2026-09-17T01:55:11.624440+00:00,grove-system,grove-operator-d858d65f9-ck75j,26.0,583008256
2026-09-17T01:55:11.624440+00:00,kai-scheduler,admission-86666f457d-plhlk,1.0,16777216
2026-09-17T01:55:11.624440+00:00,kai-scheduler,kai-operator-69b5d7bcf7-h6bzd,1.0,101711872
2026-09-17T01:55:11.624440+00:00,kai-scheduler,kai-scheduler-default-85b5b8dff6-8q68j,62.0,329252864
2026-09-17T01:55:11.624440+00:00,kai-scheduler,pod-grouper-65456f756-dqrtd,1.0,9437184
2026-09-17T01:55:11.624440+00:00,kai-scheduler,podgroup-controller-68f9cc8dbf-9xq88,1.0,13631488
2026-09-17T01:55:11.624440+00:00,kai-scheduler,queue-controller-f86fcd76c-js4jc,1.0,13631488
2026-09-17T01:55:11.624440+00:00,kube-system,coredns-8db54c48d-dkq9n,3.0,55574528
2026-09-17T01:55:11.624440+00:00,kube-system,kwok-controller-5cf8c7c44b-gvkjd,116.0,87031808
2026-09-17T01:55:11.624440+00:00,kube-system,local-path-provisioner-5d9d9885bc-qlhkr,1.0,15728640
2026-09-17T01:55:11.624440+00:00,kube-system,metrics-server-75dc6f8d87-fh8ch,45.0,285212672
2026-09-17T01:55:11.624440+00:00,kube-system,svclb-traefik-dacc61bf-xhs49,0.0,0
2026-09-17T01:55:11.624440+00:00,kube-system,traefik-9bcdbbd9-bktmw,6.0,192937984
2026-09-17T01:55:11.624440+00:00,pyroscope,pyroscope-0,5.0,217055232
2026-09-17T01:55:11.624440+00:00,pyroscope,pyroscope-alloy-0,57.0,470810624
2026-09-17T01:55:42.880777+00:00,grove-system,grove-operator-d858d65f9-ck75j,22.0,573571072
2026-09-17T01:55:42.880777+00:00,kai-scheduler,admission-86666f457d-plhlk,1.0,16777216
2026-09-17T01:55:42.880777+00:00,kai-scheduler,kai-operator-69b5d7bcf7-h6bzd,1.0,101711872
2026-09-17T01:55:42.880777+00:00,kai-scheduler,kai-scheduler-default-85b5b8dff6-8q68j,54.0,305135616
2026-09-17T01:55:42.880777+00:00,kai-scheduler,pod-grouper-65456f756-dqrtd,1.0,9437184
2026-09-17T01:55:42.880777+00:00,kai-scheduler,podgroup-controller-68f9cc8dbf-9xq88,1.0,13631488
2026-09-17T01:55:42.880777+00:00,kai-scheduler,queue-controller-f86fcd76c-js4jc,1.0,13631488
2026-09-17T01:55:42.880777+00:00,kube-system,coredns-8db54c48d-dkq9n,3.0,56623104
2026-09-17T01:55:42.880777+00:00,kube-system,kwok-controller-5cf8c7c44b-gvkjd,116.0,89128960
2026-09-17T01:55:42.880777+00:00,kube-system,local-path-provisioner-5d9d9885bc-qlhkr,1.0,15728640
2026-09-17T01:55:42.880777+00:00,kube-system,metrics-server-75dc6f8d87-fh8ch,48.0,284164096
2026-09-17T01:55:42.880777+00:00,kube-system,svclb-traefik-dacc61bf-xhs49,0.0,0
2026-09-17T01:55:42.880777+00:00,kube-system,traefik-9bcdbbd9-bktmw,3.0,193986560
2026-09-17T01:55:42.880777+00:00,pyroscope,pyroscope-0,5.0,218103808
2026-09-17T01:55:42.880777+00:00,pyroscope,pyroscope-alloy-0,67.0,467664896
2026-09-17T01:56:14.139109+00:00,grove-system,grove-operator-d858d65f9-ck75j,25.0,570425344
2026-09-17T01:56:14.139109+00:00,kai-scheduler,admission-86666f457d-plhlk,1.0,16777216
2026-09-17T01:56:14.139109+00:00,kai-scheduler,kai-operator-69b5d7bcf7-h6bzd,1.0,101711872
2026-09-17T01:56:14.139109+00:00,kai-scheduler,kai-scheduler-default-85b5b8dff6-8q68j,52.0,304087040
2026-09-17T01:56:14.139109+00:00,kai-scheduler,pod-grouper-65456f756-dqrtd,1.0,9437184
2026-09-17T01:56:14.139109+00:00,kai-scheduler,podgroup-controller-68f9cc8dbf-9xq88,1.0,13631488
2026-09-17T01:56:14.139109+00:00,kai-scheduler,queue-controller-f86fcd76c-js4jc,1.0,13631488
2026-09-17T01:56:14.139109+00:00,kube-system,coredns-8db54c48d-dkq9n,3.0,55574528
2026-09-17T01:56:14.139109+00:00,kube-system,kwok-controller-5cf8c7c44b-gvkjd,199.0,88080384
2026-09-17T01:56:14.139109+00:00,kube-system,local-path-provisioner-5d9d9885bc-qlhkr,1.0,15728640
2026-09-17T01:56:14.139109+00:00,kube-system,metrics-server-75dc6f8d87-fh8ch,41.0,279969792
2026-09-17T01:56:14.139109+00:00,kube-system,svclb-traefik-dacc61bf-xhs49,0.0,0
2026-09-17T01:56:14.139109+00:00,kube-system,traefik-9bcdbbd9-bktmw,4.0,192937984
2026-09-17T01:56:14.139109+00:00,pyroscope,pyroscope-0,6.0,217055232
2026-09-17T01:56:14.139109+00:00,pyroscope,pyroscope-alloy-0,46.0,475004928
2026-09-17T01:56:45.388432+00:00,grove-system,grove-operator-d858d65f9-ck75j,24.0,572522496
2026-09-17T01:56:45.388432+00:00,kai-scheduler,admission-86666f457d-plhlk,1.0,16777216
2026-09-17T01:56:45.388432+00:00,kai-scheduler,kai-operator-69b5d7bcf7-h6bzd,3.0,100663296
2026-09-17T01:56:45.388432+00:00,kai-scheduler,kai-scheduler-default-85b5b8dff6-8q68j,50.0,293601280
2026-09-17T01:56:45.388432+00:00,kai-scheduler,pod-grouper-65456f756-dqrtd,1.0,9437184
2026-09-17T01:56:45.388432+00:00,kai-scheduler,podgroup-controller-68f9cc8dbf-9xq88,1.0,13631488
2026-09-17T01:56:45.388432+00:00,kai-scheduler,queue-controller-f86fcd76c-js4jc,1.0,13631488
2026-09-17T01:56:45.388432+00:00,kube-system,coredns-8db54c48d-dkq9n,3.0,55574528
2026-09-17T01:56:45.388432+00:00,kube-system,kwok-controller-5cf8c7c44b-gvkjd,114.0,88080384
2026-09-17T01:56:45.388432+00:00,kube-system,local-path-provisioner-5d9d9885bc-qlhkr,1.0,15728640
2026-09-17T01:56:45.388432+00:00,kube-system,metrics-server-75dc6f8d87-fh8ch,49.0,271581184
2026-09-17T01:56:45.388432+00:00,kube-system,svclb-traefik-dacc61bf-xhs49,0.0,0
2026-09-17T01:56:45.388432+00:00,kube-system,traefik-9bcdbbd9-bktmw,3.0,192937984
2026-09-17T01:56:45.388432+00:00,pyroscope,pyroscope-0,6.0,217055232
2026-09-17T01:56:45.388432+00:00,pyroscope,pyroscope-alloy-0,50.0,464519168
2026-09-17T01:57:16.642003+00:00,grove-system,grove-operator-d858d65f9-ck75j,17.0,575668224
2026-09-17T01:57:16.642003+00:00,kai-scheduler,admission-86666f457d-plhlk,1.0,16777216
2026-09-17T01:57:16.642003+00:00,kai-scheduler,kai-operator-69b5d7bcf7-h6bzd,1.0,100663296
2026-09-17T01:57:16.642003+00:00,kai-scheduler,kai-scheduler-default-85b5b8dff6-8q68j,45.0,292552704
2026-09-17T01:57:16.642003+00:00,kai-scheduler,pod-grouper-65456f756-dqrtd,1.0,9437184
2026-09-17T01:57:16.642003+00:00,kai-scheduler,podgroup-controller-68f9cc8dbf-9xq88,1.0,13631488
2026-09-17T01:57:16.642003+00:00,kai-scheduler,queue-controller-f86fcd76c-js4jc,1.0,13631488
2026-09-17T01:57:16.642003+00:00,kube-system,coredns-8db54c48d-dkq9n,3.0,55574528
2026-09-17T01:57:16.642003+00:00,kube-system,kwok-controller-5cf8c7c44b-gvkjd,110.0,88080384
2026-09-17T01:57:16.642003+00:00,kube-system,local-path-provisioner-5d9d9885bc-qlhkr,1.0,15728640
2026-09-17T01:57:16.642003+00:00,kube-system,metrics-server-75dc6f8d87-fh8ch,42.0,273678336
2026-09-17T01:57:16.642003+00:00,kube-system,svclb-traefik-dacc61bf-xhs49,0.0,0
2026-09-17T01:57:16.642003+00:00,kube-system,traefik-9bcdbbd9-bktmw,6.0,192937984
2026-09-17T01:57:16.642003+00:00,pyroscope,pyroscope-0,5.0,218103808
2026-09-17T01:57:16.642003+00:00,pyroscope,pyroscope-alloy-0,42.0,469762048
2026-09-17T01:57:47.892832+00:00,grove-system,grove-operator-d858d65f9-ck75j,26.0,575668224
2026-09-17T01:57:47.892832+00:00,kai-scheduler,admission-86666f457d-plhlk,1.0,16777216
2026-09-17T01:57:47.892832+00:00,kai-scheduler,kai-operator-69b5d7bcf7-h6bzd,1.0,100663296
2026-09-17T01:57:47.892832+00:00,kai-scheduler,kai-scheduler-default-85b5b8dff6-8q68j,43.0,296747008
2026-09-17T01:57:47.892832+00:00,kai-scheduler,pod-grouper-65456f756-dqrtd,1.0,9437184
2026-09-17T01:57:47.892832+00:00,kai-scheduler,podgroup-controller-68f9cc8dbf-9xq88,1.0,13631488
2026-09-17T01:57:47.892832+00:00,kai-scheduler,queue-controller-f86fcd76c-js4jc,1.0,13631488
2026-09-17T01:57:47.892832+00:00,kube-system,coredns-8db54c48d-dkq9n,3.0,55574528
2026-09-17T01:57:47.892832+00:00,kube-system,kwok-controller-5cf8c7c44b-gvkjd,114.0,87031808
2026-09-17T01:57:47.892832+00:00,kube-system,local-path-provisioner-5d9d9885bc-qlhkr,1.0,15728640
2026-09-17T01:57:47.892832+00:00,kube-system,metrics-server-75dc6f8d87-fh8ch,46.0,273678336
2026-09-17T01:57:47.892832+00:00,kube-system,svclb-traefik-dacc61bf-xhs49,0.0,0
2026-09-17T01:57:47.892832+00:00,kube-system,traefik-9bcdbbd9-bktmw,3.0,193986560
2026-09-17T01:57:47.892832+00:00,pyroscope,pyroscope-0,5.0,219152384
2026-09-17T01:57:47.892832+00:00,pyroscope,pyroscope-alloy-0,46.0,464519168
2026-09-17T01:58:19.149027+00:00,grove-system,grove-operator-d858d65f9-ck75j,25.0,577765376
2026-09-17T01:58:19.149027+00:00,kai-scheduler,admission-86666f457d-plhlk,1.0,16777216
2026-09-17T01:58:19.149027+00:00,kai-scheduler,kai-operator-69b5d7bcf7-h6bzd,1.0,100663296
2026-09-17T01:58:19.149027+00:00,kai-scheduler,kai-scheduler-default-85b5b8dff6-8q68j,42.0,294649856
2026-09-17T01:58:19.149027+00:00,kai-scheduler,pod-grouper-65456f756-dqrtd,1.0,9437184
2026-09-17T01:58:19.149027+00:00,kai-scheduler,podgroup-controller-68f9cc8dbf-9xq88,1.0,13631488
2026-09-17T01:58:19.149027+00:00,kai-scheduler,queue-controller-f86fcd76c-js4jc,1.0,13631488
2026-09-17T01:58:19.149027+00:00,kube-system,coredns-8db54c48d-dkq9n,3.0,55574528
2026-09-17T01:58:19.149027+00:00,kube-system,kwok-controller-5cf8c7c44b-gvkjd,112.0,89128960
2026-09-17T01:58:19.149027+00:00,kube-system,local-path-provisioner-5d9d9885bc-qlhkr,1.0,15728640
2026-09-17T01:58:19.149027+00:00,kube-system,metrics-server-75dc6f8d87-fh8ch,47.0,269484032
2026-09-17T01:58:19.149027+00:00,kube-system,svclb-traefik-dacc61bf-xhs49,0.0,0
2026-09-17T01:58:19.149027+00:00,kube-system,traefik-9bcdbbd9-bktmw,3.0,192937984
2026-09-17T01:58:19.149027+00:00,pyroscope,pyroscope-0,6.0,218103808
2026-09-17T01:58:19.149027+00:00,pyroscope,pyroscope-alloy-0,33.0,467664896
2026-09-17T01:58:50.400428+00:00,grove-system,grove-operator-d858d65f9-ck75j,22.0,574619648
2026-09-17T01:58:50.400428+00:00,kai-scheduler,admission-86666f457d-plhlk,1.0,16777216
2026-09-17T01:58:50.400428+00:00,kai-scheduler,kai-operator-69b5d7bcf7-h6bzd,1.0,100663296
2026-09-17T01:58:50.400428+00:00,kai-scheduler,kai-scheduler-default-85b5b8dff6-8q68j,37.0,291504128
2026-09-17T01:58:50.400428+00:00,kai-scheduler,pod-grouper-65456f756-dqrtd,1.0,9437184
2026-09-17T01:58:50.400428+00:00,kai-scheduler,podgroup-controller-68f9cc8dbf-9xq88,1.0,13631488
2026-09-17T01:58:50.400428+00:00,kai-scheduler,queue-controller-f86fcd76c-js4jc,1.0,13631488
2026-09-17T01:58:50.400428+00:00,kube-system,coredns-8db54c48d-dkq9n,3.0,55574528
2026-09-17T01:58:50.400428+00:00,kube-system,kwok-controller-5cf8c7c44b-gvkjd,108.0,89128960
2026-09-17T01:58:50.400428+00:00,kube-system,local-path-provisioner-5d9d9885bc-qlhkr,1.0,15728640
2026-09-17T01:58:50.400428+00:00,kube-system,metrics-server-75dc6f8d87-fh8ch,42.0,270532608
2026-09-17T01:58:50.400428+00:00,kube-system,svclb-traefik-dacc61bf-xhs49,0.0,0
2026-09-17T01:58:50.400428+00:00,kube-system,traefik-9bcdbbd9-bktmw,3.0,192937984
2026-09-17T01:58:50.400428+00:00,pyroscope,pyroscope-0,6.0,219152384
2026-09-17T01:58:50.400428+00:00,pyroscope,pyroscope-alloy-0,33.0,464519168
2026-09-17T01:59:21.648476+00:00,grove-system,grove-operator-d858d65f9-ck75j,27.0,576716800
2026-09-17T01:59:21.648476+00:00,kai-scheduler,admission-86666f457d-plhlk,1.0,16777216
2026-09-17T01:59:21.648476+00:00,kai-scheduler,kai-operator-69b5d7bcf7-h6bzd,1.0,100663296
2026-09-17T01:59:21.648476+00:00,kai-scheduler,kai-scheduler-default-85b5b8dff6-8q68j,34.0,290455552
2026-09-17T01:59:21.648476+00:00,kai-scheduler,pod-grouper-65456f756-dqrtd,1.0,9437184
2026-09-17T01:59:21.648476+00:00,kai-scheduler,podgroup-controller-68f9cc8dbf-9xq88,1.0,13631488
2026-09-17T01:59:21.648476+00:00,kai-scheduler,queue-controller-f86fcd76c-js4jc,1.0,13631488
2026-09-17T01:59:21.648476+00:00,kube-system,coredns-8db54c48d-dkq9n,3.0,55574528
2026-09-17T01:59:21.648476+00:00,kube-system,kwok-controller-5cf8c7c44b-gvkjd,114.0,88080384
2026-09-17T01:59:21.648476+00:00,kube-system,local-path-provisioner-5d9d9885bc-qlhkr,1.0,15728640
2026-09-17T01:59:21.648476+00:00,kube-system,metrics-server-75dc6f8d87-fh8ch,48.0,266338304
2026-09-17T01:59:21.648476+00:00,kube-system,svclb-traefik-dacc61bf-xhs49,0.0,0
2026-09-17T01:59:21.648476+00:00,kube-system,traefik-9bcdbbd9-bktmw,5.0,192937984
2026-09-17T01:59:21.648476+00:00,pyroscope,pyroscope-0,6.0,218103808
2026-09-17T01:59:21.648476+00:00,pyroscope,pyroscope-alloy-0,29.0,463470592
2026-09-17T01:59:52.902279+00:00,grove-system,grove-operator-d858d65f9-ck75j,21.0,574619648
2026-09-17T01:59:52.902279+00:00,kai-scheduler,admission-86666f457d-plhlk,1.0,16777216
2026-09-17T01:59:52.902279+00:00,kai-scheduler,binder-869fc94c7-lb9sm,17.0,66060288
2026-09-17T01:59:52.902279+00:00,kai-scheduler,kai-operator-69b5d7bcf7-h6bzd,1.0,100663296
2026-09-17T01:59:52.902279+00:00,kai-scheduler,kai-scheduler-default-85b5b8dff6-8q68j,28.0,289406976
2026-09-17T01:59:52.902279+00:00,kai-scheduler,pod-grouper-65456f756-dqrtd,1.0,9437184
2026-09-17T01:59:52.902279+00:00,kai-scheduler,podgroup-controller-68f9cc8dbf-9xq88,1.0,13631488
2026-09-17T01:59:52.902279+00:00,kai-scheduler,queue-controller-f86fcd76c-js4jc,1.0,13631488
2026-09-17T01:59:52.902279+00:00,kube-system,coredns-8db54c48d-dkq9n,3.0,55574528
2026-09-17T01:59:52.902279+00:00,kube-system,kwok-controller-5cf8c7c44b-gvkjd,111.0,87031808
2026-09-17T01:59:52.902279+00:00,kube-system,local-path-provisioner-5d9d9885bc-qlhkr,1.0,15728640
2026-09-17T01:59:52.902279+00:00,kube-system,metrics-server-75dc6f8d87-fh8ch,54.0,261095424
2026-09-17T01:59:52.902279+00:00,kube-system,svclb-traefik-dacc61bf-xhs49,0.0,0
2026-09-17T01:59:52.902279+00:00,kube-system,traefik-9bcdbbd9-bktmw,3.0,192937984
2026-09-17T01:59:52.902279+00:00,pyroscope,pyroscope-0,5.0,219152384
2026-09-17T01:59:52.902279+00:00,pyroscope,pyroscope-alloy-0,25.0,464519168
2026-09-17T02:00:24.157577+00:00,grove-system,grove-operator-d858d65f9-ck75j,12.0,572522496
2026-09-17T02:00:24.157577+00:00,kai-scheduler,admission-86666f457d-plhlk,1.0,16777216
2026-09-17T02:00:24.157577+00:00,kai-scheduler,binder-869fc94c7-lb9sm,33.0,74448896
2026-09-17T02:00:24.157577+00:00,kai-scheduler,kai-operator-69b5d7bcf7-h6bzd,29.0,105906176
2026-09-17T02:00:24.157577+00:00,kai-scheduler,kai-scheduler-default-85b5b8dff6-8q68j,40.0,289406976
2026-09-17T02:00:24.157577+00:00,kai-scheduler,pod-grouper-65456f756-dqrtd,1.0,9437184
2026-09-17T02:00:24.157577+00:00,kai-scheduler,podgroup-controller-68f9cc8dbf-9xq88,1.0,13631488
2026-09-17T02:00:24.157577+00:00,kai-scheduler,queue-controller-f86fcd76c-js4jc,1.0,13631488
2026-09-17T02:00:24.157577+00:00,kube-system,coredns-8db54c48d-dkq9n,2.0,54525952
2026-09-17T02:00:24.157577+00:00,kube-system,kwok-controller-5cf8c7c44b-gvkjd,103.0,87031808
2026-09-17T02:00:24.157577+00:00,kube-system,local-path-provisioner-5d9d9885bc-qlhkr,1.0,15728640
2026-09-17T02:00:24.157577+00:00,kube-system,metrics-server-75dc6f8d87-fh8ch,57.0,251658240
2026-09-17T02:00:24.157577+00:00,kube-system,svclb-traefik-dacc61bf-xhs49,0.0,0
2026-09-17T02:00:24.157577+00:00,kube-system,traefik-9bcdbbd9-bktmw,50.0,201326592
2026-09-17T02:00:24.157577+00:00,pyroscope,pyroscope-0,10.0,218103808
2026-09-17T02:00:24.157577+00:00,pyroscope,pyroscope-alloy-0,9.0,463470592
2026-09-17T02:00:55.411342+00:00,grove-system,grove-operator-d858d65f9-ck75j,11.0,572522496
2026-09-17T02:00:55.411342+00:00,kai-scheduler,admission-86666f457d-plhlk,1.0,16777216
2026-09-17T02:00:55.411342+00:00,kai-scheduler,binder-869fc94c7-lb9sm,33.0,74448896
2026-09-17T02:00:55.411342+00:00,kai-scheduler,kai-operator-69b5d7bcf7-h6bzd,37.0,111149056
2026-09-17T02:00:55.411342+00:00,kai-scheduler,kai-scheduler-default-85b5b8dff6-8q68j,38.0,287309824
2026-09-17T02:00:55.411342+00:00,kai-scheduler,pod-grouper-65456f756-dqrtd,1.0,9437184
2026-09-17T02:00:55.411342+00:00,kai-scheduler,podgroup-controller-68f9cc8dbf-9xq88,1.0,13631488
2026-09-17T02:00:55.411342+00:00,kai-scheduler,queue-controller-f86fcd76c-js4jc,1.0,13631488
2026-09-17T02:00:55.411342+00:00,kube-system,coredns-8db54c48d-dkq9n,2.0,54525952
2026-09-17T02:00:55.411342+00:00,kube-system,kwok-controller-5cf8c7c44b-gvkjd,112.0,87031808
2026-09-17T02:00:55.411342+00:00,kube-system,local-path-provisioner-5d9d9885bc-qlhkr,1.0,15728640
2026-09-17T02:00:55.411342+00:00,kube-system,metrics-server-75dc6f8d87-fh8ch,46.0,251658240
2026-09-17T02:00:55.411342+00:00,kube-system,svclb-traefik-dacc61bf-xhs49,0.0,0
2026-09-17T02:00:55.411342+00:00,kube-system,traefik-9bcdbbd9-bktmw,51.0,208666624
2026-09-17T02:00:55.411342+00:00,pyroscope,pyroscope-0,6.0,219152384
2026-09-17T02:00:55.411342+00:00,pyroscope,pyroscope-alloy-0,7.0,470810624
2026-09-17T02:01:26.663707+00:00,grove-system,grove-operator-d858d65f9-ck75j,11.0,580911104
2026-09-17T02:01:26.663707+00:00,kai-scheduler,admission-86666f457d-plhlk,1.0,16777216
2026-09-17T02:01:26.663707+00:00,kai-scheduler,binder-869fc94c7-lb9sm,32.0,73400320
2026-09-17T02:01:26.663707+00:00,kai-scheduler,kai-operator-69b5d7bcf7-h6bzd,38.0,112197632
2026-09-17T02:01:26.663707+00:00,kai-scheduler,kai-scheduler-default-85b5b8dff6-8q68j,41.0,292552704
2026-09-17T02:01:26.663707+00:00,kai-scheduler,pod-grouper-65456f756-dqrtd,1.0,9437184
2026-09-17T02:01:26.663707+00:00,kai-scheduler,podgroup-controller-68f9cc8dbf-9xq88,1.0,13631488
2026-09-17T02:01:26.663707+00:00,kai-scheduler,queue-controller-f86fcd76c-js4jc,1.0,13631488
2026-09-17T02:01:26.663707+00:00,kube-system,coredns-8db54c48d-dkq9n,2.0,55574528
2026-09-17T02:01:26.663707+00:00,kube-system,kwok-controller-5cf8c7c44b-gvkjd,102.0,87031808
2026-09-17T02:01:26.663707+00:00,kube-system,local-path-provisioner-5d9d9885bc-qlhkr,1.0,15728640
2026-09-17T02:01:26.663707+00:00,kube-system,metrics-server-75dc6f8d87-fh8ch,39.0,245366784
2026-09-17T02:01:26.663707+00:00,kube-system,svclb-traefik-dacc61bf-xhs49,0.0,0
2026-09-17T02:01:26.663707+00:00,kube-system,traefik-9bcdbbd9-bktmw,47.0,209715200
2026-09-17T02:01:26.663707+00:00,pyroscope,pyroscope-0,8.0,225443840
2026-09-17T02:01:26.663707+00:00,pyroscope,pyroscope-alloy-0,10.0,464519168
2026-09-17T02:01:57.914383+00:00,grove-system,grove-operator-d858d65f9-ck75j,6.0,573571072
2026-09-17T02:01:57.914383+00:00,kai-scheduler,admission-86666f457d-plhlk,1.0,16777216
2026-09-17T02:01:57.914383+00:00,kai-scheduler,binder-869fc94c7-lb9sm,33.0,74448896
2026-09-17T02:01:57.914383+00:00,kai-scheduler,kai-operator-69b5d7bcf7-h6bzd,36.0,109051904
2026-09-17T02:01:57.914383+00:00,kai-scheduler,kai-scheduler-default-85b5b8dff6-8q68j,39.0,292552704
2026-09-17T02:01:57.914383+00:00,kai-scheduler,pod-grouper-65456f756-dqrtd,1.0,9437184
2026-09-17T02:01:57.914383+00:00,kai-scheduler,podgroup-controller-68f9cc8dbf-9xq88,1.0,13631488
2026-09-17T02:01:57.914383+00:00,kai-scheduler,queue-controller-f86fcd76c-js4jc,1.0,13631488
2026-09-17T02:01:57.914383+00:00,kube-system,coredns-8db54c48d-dkq9n,3.0,55574528
2026-09-17T02:01:57.914383+00:00,kube-system,kwok-controller-5cf8c7c44b-gvkjd,112.0,87031808
2026-09-17T02:01:57.914383+00:00,kube-system,local-path-provisioner-5d9d9885bc-qlhkr,1.0,15728640
2026-09-17T02:01:57.914383+00:00,kube-system,metrics-server-75dc6f8d87-fh8ch,59.0,244318208
2026-09-17T02:01:57.914383+00:00,kube-system,svclb-traefik-dacc61bf-xhs49,0.0,0
2026-09-17T02:01:57.914383+00:00,kube-system,traefik-9bcdbbd9-bktmw,48.0,208666624
2026-09-17T02:01:57.914383+00:00,pyroscope,pyroscope-0,9.0,235929600
2026-09-17T02:01:57.914383+00:00,pyroscope,pyroscope-alloy-0,10.0,463470592
2026-09-17T02:02:29.172984+00:00,grove-system,grove-operator-d858d65f9-ck75j,10.0,578813952
2026-09-17T02:02:29.172984+00:00,kai-scheduler,admission-86666f457d-plhlk,1.0,16777216
2026-09-17T02:02:29.172984+00:00,kai-scheduler,binder-869fc94c7-lb9sm,33.0,74448896
2026-09-17T02:02:29.172984+00:00,kai-scheduler,kai-operator-69b5d7bcf7-h6bzd,34.0,111149056
2026-09-17T02:02:29.172984+00:00,kai-scheduler,kai-scheduler-default-85b5b8dff6-8q68j,39.0,285212672
2026-09-17T02:02:29.172984+00:00,kai-scheduler,pod-grouper-65456f756-dqrtd,1.0,9437184
2026-09-17T02:02:29.172984+00:00,kai-scheduler,podgroup-controller-68f9cc8dbf-9xq88,1.0,13631488
2026-09-17T02:02:29.172984+00:00,kai-scheduler,queue-controller-f86fcd76c-js4jc,1.0,13631488
2026-09-17T02:02:29.172984+00:00,kube-system,coredns-8db54c48d-dkq9n,2.0,54525952
2026-09-17T02:02:29.172984+00:00,kube-system,kwok-controller-5cf8c7c44b-gvkjd,111.0,88080384
2026-09-17T02:02:29.172984+00:00,kube-system,local-path-provisioner-5d9d9885bc-qlhkr,1.0,15728640
2026-09-17T02:02:29.172984+00:00,kube-system,metrics-server-75dc6f8d87-fh8ch,48.0,250609664
2026-09-17T02:02:29.172984+00:00,kube-system,svclb-traefik-dacc61bf-xhs49,0.0,0
2026-09-17T02:02:29.172984+00:00,kube-system,traefik-9bcdbbd9-bktmw,49.0,209715200
2026-09-17T02:02:29.172984+00:00,pyroscope,pyroscope-0,7.0,225443840
2026-09-17T02:02:29.172984+00:00,pyroscope,pyroscope-alloy-0,9.0,465567744
2026-09-17T02:03:00.428994+00:00,grove-system,grove-operator-d858d65f9-ck75j,361.0,621805568
2026-09-17T02:03:00.428994+00:00,kai-scheduler,admission-86666f457d-plhlk,1.0,16777216
2026-09-17T02:03:00.428994+00:00,kai-scheduler,binder-869fc94c7-lb9sm,7.0,73400320
2026-09-17T02:03:00.428994+00:00,kai-scheduler,kai-operator-69b5d7bcf7-h6bzd,36.0,110100480
2026-09-17T02:03:00.428994+00:00,kai-scheduler,kai-scheduler-default-85b5b8dff6-8q68j,21.0,284164096
2026-09-17T02:03:00.428994+00:00,kai-scheduler,pod-grouper-65456f756-dqrtd,1.0,9437184
2026-09-17T02:03:00.428994+00:00,kai-scheduler,podgroup-controller-68f9cc8dbf-9xq88,1.0,13631488
2026-09-17T02:03:00.428994+00:00,kai-scheduler,queue-controller-f86fcd76c-js4jc,1.0,13631488
2026-09-17T02:03:00.428994+00:00,kube-system,coredns-8db54c48d-dkq9n,37.0,57671680
2026-09-17T02:03:00.428994+00:00,kube-system,kwok-controller-5cf8c7c44b-gvkjd,85.0,87031808
2026-09-17T02:03:00.428994+00:00,kube-system,local-path-provisioner-5d9d9885bc-qlhkr,1.0,15728640
2026-09-17T02:03:00.428994+00:00,kube-system,metrics-server-75dc6f8d87-fh8ch,32.0,249561088
2026-09-17T02:03:00.428994+00:00,kube-system,svclb-traefik-dacc61bf-xhs49,0.0,0
2026-09-17T02:03:00.428994+00:00,kube-system,traefik-9bcdbbd9-bktmw,70.0,223346688
2026-09-17T02:03:00.428994+00:00,pyroscope,pyroscope-0,7.0,223346688
2026-09-17T02:03:00.428994+00:00,pyroscope,pyroscope-alloy-0,7.0,467664896
2026-09-17T02:03:31.692826+00:00,grove-system,grove-operator-d858d65f9-ck75j,434.0,631242752
2026-09-17T02:03:31.692826+00:00,kai-scheduler,admission-86666f457d-plhlk,1.0,16777216
2026-09-17T02:03:31.692826+00:00,kai-scheduler,binder-869fc94c7-lb9sm,16.0,76546048
2026-09-17T02:03:31.692826+00:00,kai-scheduler,kai-operator-69b5d7bcf7-h6bzd,1.0,110100480
2026-09-17T02:03:31.692826+00:00,kai-scheduler,kai-scheduler-default-85b5b8dff6-8q68j,29.0,295698432
2026-09-17T02:03:31.692826+00:00,kai-scheduler,pod-grouper-65456f756-dqrtd,1.0,9437184
2026-09-17T02:03:31.692826+00:00,kai-scheduler,podgroup-controller-68f9cc8dbf-9xq88,1.0,13631488
2026-09-17T02:03:31.692826+00:00,kai-scheduler,queue-controller-f86fcd76c-js4jc,1.0,13631488
2026-09-17T02:03:31.692826+00:00,kube-system,coredns-8db54c48d-dkq9n,8.0,56623104
2026-09-17T02:03:31.692826+00:00,kube-system,kwok-controller-5cf8c7c44b-gvkjd,86.0,85983232
2026-09-17T02:03:31.692826+00:00,kube-system,local-path-provisioner-5d9d9885bc-qlhkr,1.0,15728640
2026-09-17T02:03:31.692826+00:00,kube-system,metrics-server-75dc6f8d87-fh8ch,30.0,249561088
2026-09-17T02:03:31.692826+00:00,kube-system,svclb-traefik-dacc61bf-xhs49,0.0,0
2026-09-17T02:03:31.692826+00:00,kube-system,traefik-9bcdbbd9-bktmw,11.0,225443840
2026-09-17T02:03:31.692826+00:00,pyroscope,pyroscope-0,7.0,224395264
2026-09-17T02:03:31.692826+00:00,pyroscope,pyroscope-alloy-0,27.0,466616320
2026-09-17T02:04:02.954326+00:00,grove-system,grove-operator-d858d65f9-ck75j,485.0,661651456
2026-09-17T02:04:02.954326+00:00,kai-scheduler,admission-86666f457d-plhlk,1.0,16777216
2026-09-17T02:04:02.954326+00:00,kai-scheduler,binder-869fc94c7-lb9sm,34.0,127926272
2026-09-17T02:04:02.954326+00:00,kai-scheduler,kai-operator-69b5d7bcf7-h6bzd,1.0,110100480
2026-09-17T02:04:02.954326+00:00,kai-scheduler,kai-scheduler-default-85b5b8dff6-8q68j,44.0,332398592
2026-09-17T02:04:02.954326+00:00,kai-scheduler,pod-grouper-65456f756-dqrtd,1.0,9437184
2026-09-17T02:04:02.954326+00:00,kai-scheduler,podgroup-controller-68f9cc8dbf-9xq88,1.0,13631488
2026-09-17T02:04:02.954326+00:00,kai-scheduler,queue-controller-f86fcd76c-js4jc,1.0,13631488
2026-09-17T02:04:02.954326+00:00,kube-system,coredns-8db54c48d-dkq9n,9.0,57671680
2026-09-17T02:04:02.954326+00:00,kube-system,kwok-controller-5cf8c7c44b-gvkjd,96.0,85983232
2026-09-17T02:04:02.954326+00:00,kube-system,local-path-provisioner-5d9d9885bc-qlhkr,1.0,15728640
2026-09-17T02:04:02.954326+00:00,kube-system,metrics-server-75dc6f8d87-fh8ch,34.0,249561088
2026-09-17T02:04:02.954326+00:00,kube-system,svclb-traefik-dacc61bf-xhs49,0.0,0
2026-09-17T02:04:02.954326+00:00,kube-system,traefik-9bcdbbd9-bktmw,12.0,225443840
2026-09-17T02:04:02.954326+00:00,pyroscope,pyroscope-0,7.0,226492416
2026-09-17T02:04:02.954326+00:00,pyroscope,pyroscope-alloy-0,34.0,478150656
2026-09-17T02:04:34.219929+00:00,grove-system,grove-operator-d858d65f9-ck75j,640.0,688914432
2026-09-17T02:04:34.219929+00:00,kai-scheduler,admission-86666f457d-plhlk,1.0,16777216
2026-09-17T02:04:34.219929+00:00,kai-scheduler,binder-869fc94c7-lb9sm,72.0,160432128
2026-09-17T02:04:34.219929+00:00,kai-scheduler,kai-operator-69b5d7bcf7-h6bzd,1.0,110100480
2026-09-17T02:04:34.219929+00:00,kai-scheduler,kai-scheduler-default-85b5b8dff6-8q68j,78.0,385875968
2026-09-17T02:04:34.219929+00:00,kai-scheduler,pod-grouper-65456f756-dqrtd,1.0,9437184
2026-09-17T02:04:34.219929+00:00,kai-scheduler,podgroup-controller-68f9cc8dbf-9xq88,1.0,13631488
2026-09-17T02:04:34.219929+00:00,kai-scheduler,queue-controller-f86fcd76c-js4jc,1.0,13631488
2026-09-17T02:04:34.219929+00:00,kube-system,coredns-8db54c48d-dkq9n,9.0,56623104
2026-09-17T02:04:34.219929+00:00,kube-system,kwok-controller-5cf8c7c44b-gvkjd,193.0,87031808
2026-09-17T02:04:34.219929+00:00,kube-system,local-path-provisioner-5d9d9885bc-qlhkr,1.0,15728640
2026-09-17T02:04:34.219929+00:00,kube-system,metrics-server-75dc6f8d87-fh8ch,39.0,250609664
2026-09-17T02:04:34.219929+00:00,kube-system,svclb-traefik-dacc61bf-xhs49,0.0,0
2026-09-17T02:04:34.219929+00:00,kube-system,traefik-9bcdbbd9-bktmw,12.0,227540992
2026-09-17T02:04:34.219929+00:00,pyroscope,pyroscope-0,9.0,227540992
2026-09-17T02:04:34.219929+00:00,pyroscope,pyroscope-alloy-0,74.0,497025024
2026-09-17T02:05:05.519378+00:00,grove-system,grove-operator-d858d65f9-ck75j,763.0,702545920
2026-09-17T02:05:05.519378+00:00,kai-scheduler,admission-86666f457d-plhlk,1.0,16777216
2026-09-17T02:05:05.519378+00:00,kai-scheduler,kai-operator-69b5d7bcf7-h6bzd,4.0,104857600
2026-09-17T02:05:05.519378+00:00,kai-scheduler,kai-scheduler-default-85b5b8dff6-8q68j,115.0,448790528
2026-09-17T02:05:05.519378+00:00,kai-scheduler,pod-grouper-65456f756-dqrtd,1.0,9437184
2026-09-17T02:05:05.519378+00:00,kai-scheduler,podgroup-controller-68f9cc8dbf-9xq88,1.0,13631488
2026-09-17T02:05:05.519378+00:00,kai-scheduler,queue-controller-f86fcd76c-js4jc,1.0,13631488
2026-09-17T02:05:05.519378+00:00,kube-system,coredns-8db54c48d-dkq9n,9.0,58720256
2026-09-17T02:05:05.519378+00:00,kube-system,kwok-controller-5cf8c7c44b-gvkjd,242.0,89128960
2026-09-17T02:05:05.519378+00:00,kube-system,local-path-provisioner-5d9d9885bc-qlhkr,1.0,15728640
2026-09-17T02:05:05.519378+00:00,kube-system,metrics-server-75dc6f8d87-fh8ch,68.0,251658240
2026-09-17T02:05:05.519378+00:00,kube-system,svclb-traefik-dacc61bf-xhs49,0.0,0
2026-09-17T02:05:05.519378+00:00,kube-system,traefik-9bcdbbd9-bktmw,14.0,235929600
2026-09-17T02:05:05.519378+00:00,pyroscope,pyroscope-0,8.0,228589568
2026-09-17T02:05:05.519378+00:00,pyroscope,pyroscope-alloy-0,103.0,528482304
2026-09-17T02:05:36.782682+00:00,grove-system,grove-operator-d858d65f9-ck75j,1002.0,713031680
2026-09-17T02:05:36.782682+00:00,kai-scheduler,admission-86666f457d-plhlk,1.0,16777216
2026-09-17T02:05:36.782682+00:00,kai-scheduler,kai-operator-69b5d7bcf7-h6bzd,1.0,104857600
2026-09-17T02:05:36.782682+00:00,kai-scheduler,kai-scheduler-default-85b5b8dff6-8q68j,134.0,511705088
2026-09-17T02:05:36.782682+00:00,kai-scheduler,pod-grouper-65456f756-dqrtd,1.0,9437184
2026-09-17T02:05:36.782682+00:00,kai-scheduler,podgroup-controller-68f9cc8dbf-9xq88,1.0,13631488
2026-09-17T02:05:36.782682+00:00,kai-scheduler,queue-controller-f86fcd76c-js4jc,1.0,13631488
2026-09-17T02:05:36.782682+00:00,kube-system,coredns-8db54c48d-dkq9n,10.0,58720256
2026-09-17T02:05:36.782682+00:00,kube-system,kwok-controller-5cf8c7c44b-gvkjd,303.0,87031808
2026-09-17T02:05:36.782682+00:00,kube-system,local-path-provisioner-5d9d9885bc-qlhkr,1.0,15728640
2026-09-17T02:05:36.782682+00:00,kube-system,metrics-server-75dc6f8d87-fh8ch,66.0,251658240
2026-09-17T02:05:36.782682+00:00,kube-system,svclb-traefik-dacc61bf-xhs49,0.0,0
2026-09-17T02:05:36.782682+00:00,kube-system,traefik-9bcdbbd9-bktmw,13.0,239075328
2026-09-17T02:05:36.782682+00:00,pyroscope,pyroscope-0,7.0,228589568
2026-09-17T02:05:36.782682+00:00,pyroscope,pyroscope-alloy-0,124.0,563085312
2026-09-17T02:06:08.055301+00:00,grove-system,grove-operator-d858d65f9-ck75j,801.0,713031680
2026-09-17T02:06:08.055301+00:00,kai-scheduler,admission-86666f457d-plhlk,1.0,16777216
2026-09-17T02:06:08.055301+00:00,kai-scheduler,kai-operator-69b5d7bcf7-h6bzd,1.0,105906176
2026-09-17T02:06:08.055301+00:00,kai-scheduler,kai-scheduler-default-85b5b8dff6-8q68j,141.0,484442112
2026-09-17T02:06:08.055301+00:00,kai-scheduler,pod-grouper-65456f756-dqrtd,1.0,9437184
2026-09-17T02:06:08.055301+00:00,kai-scheduler,podgroup-controller-68f9cc8dbf-9xq88,1.0,13631488
2026-09-17T02:06:08.055301+00:00,kai-scheduler,queue-controller-f86fcd76c-js4jc,1.0,13631488
2026-09-17T02:06:08.055301+00:00,kube-system,coredns-8db54c48d-dkq9n,9.0,59768832
2026-09-17T02:06:08.055301+00:00,kube-system,kwok-controller-5cf8c7c44b-gvkjd,297.0,89128960
2026-09-17T02:06:08.055301+00:00,kube-system,local-path-provisioner-5d9d9885bc-qlhkr,1.0,15728640
2026-09-17T02:06:08.055301+00:00,kube-system,metrics-server-75dc6f8d87-fh8ch,61.0,250609664
2026-09-17T02:06:08.055301+00:00,kube-system,svclb-traefik-dacc61bf-xhs49,0.0,0
2026-09-17T02:06:08.055301+00:00,kube-system,traefik-9bcdbbd9-bktmw,13.0,239075328
2026-09-17T02:06:08.055301+00:00,pyroscope,pyroscope-0,8.0,229638144
2026-09-17T02:06:08.055301+00:00,pyroscope,pyroscope-alloy-0,130.0,586153984
2026-09-17T02:06:39.371744+00:00,grove-system,grove-operator-d858d65f9-ck75j,614.0,724566016
2026-09-17T02:06:39.371744+00:00,kai-scheduler,admission-86666f457d-plhlk,1.0,16777216
2026-09-17T02:06:39.371744+00:00,kai-scheduler,kai-operator-69b5d7bcf7-h6bzd,11.0,108003328
2026-09-17T02:06:39.371744+00:00,kai-scheduler,kai-scheduler-default-85b5b8dff6-8q68j,88.0,383778816
2026-09-17T02:06:39.371744+00:00,kai-scheduler,pod-grouper-65456f756-dqrtd,1.0,9437184
2026-09-17T02:06:39.371744+00:00,kai-scheduler,podgroup-controller-68f9cc8dbf-9xq88,1.0,13631488
2026-09-17T02:06:39.371744+00:00,kai-scheduler,queue-controller-f86fcd76c-js4jc,1.0,13631488
2026-09-17T02:06:39.371744+00:00,kube-system,coredns-8db54c48d-dkq9n,21.0,63963136
2026-09-17T02:06:39.371744+00:00,kube-system,kwok-controller-5cf8c7c44b-gvkjd,91.0,90177536
2026-09-17T02:06:39.371744+00:00,kube-system,local-path-provisioner-5d9d9885bc-qlhkr,1.0,15728640
2026-09-17T02:06:39.371744+00:00,kube-system,metrics-server-75dc6f8d87-fh8ch,40.0,250609664
2026-09-17T02:06:39.371744+00:00,kube-system,svclb-traefik-dacc61bf-xhs49,0.0,0
2026-09-17T02:06:39.371744+00:00,kube-system,traefik-9bcdbbd9-bktmw,48.0,254803968
2026-09-17T02:06:39.371744+00:00,pyroscope,pyroscope-0,12.0,244318208
2026-09-17T02:06:39.371744+00:00,pyroscope,pyroscope-alloy-0,93.0,609222656
2026-09-17T02:07:10.625899+00:00,grove-system,grove-operator-d858d65f9-ck75j,323.0,741343232
2026-09-17T02:07:10.625899+00:00,kai-scheduler,admission-86666f457d-plhlk,1.0,16777216
2026-09-17T02:07:10.625899+00:00,kai-scheduler,kai-operator-69b5d7bcf7-h6bzd,17.0,109051904
2026-09-17T02:07:10.625899+00:00,kai-scheduler,kai-scheduler-default-85b5b8dff6-8q68j,94.0,391118848
2026-09-17T02:07:10.625899+00:00,kai-scheduler,pod-grouper-65456f756-dqrtd,1.0,9437184
2026-09-17T02:07:10.625899+00:00,kai-scheduler,podgroup-controller-68f9cc8dbf-9xq88,1.0,13631488
2026-09-17T02:07:10.625899+00:00,kai-scheduler,queue-controller-f86fcd76c-js4jc,1.0,13631488
2026-09-17T02:07:10.625899+00:00,kube-system,coredns-8db54c48d-dkq9n,9.0,63963136
2026-09-17T02:07:10.625899+00:00,kube-system,kwok-controller-5cf8c7c44b-gvkjd,88.0,90177536
2026-09-17T02:07:10.625899+00:00,kube-system,local-path-provisioner-5d9d9885bc-qlhkr,1.0,15728640
2026-09-17T02:07:10.625899+00:00,kube-system,metrics-server-75dc6f8d87-fh8ch,32.0,250609664
2026-09-17T02:07:10.625899+00:00,kube-system,svclb-traefik-dacc61bf-xhs49,0.0,0
2026-09-17T02:07:10.625899+00:00,kube-system,traefik-9bcdbbd9-bktmw,69.0,261095424
2026-09-17T02:07:10.625899+00:00,pyroscope,pyroscope-0,6.0,244318208
2026-09-17T02:07:10.625899+00:00,pyroscope,pyroscope-alloy-0,5.0,620756992
2026-09-17T02:07:41.890464+00:00,grove-system,grove-operator-d858d65f9-ck75j,475.0,746586112
2026-09-17T02:07:41.890464+00:00,kai-scheduler,admission-86666f457d-plhlk,1.0,16777216
2026-09-17T02:07:41.890464+00:00,kai-scheduler,kai-operator-69b5d7bcf7-h6bzd,1.0,109051904
2026-09-17T02:07:41.890464+00:00,kai-scheduler,kai-scheduler-default-85b5b8dff6-8q68j,109.0,352321536
2026-09-17T02:07:41.890464+00:00,kai-scheduler,pod-grouper-65456f756-dqrtd,1.0,9437184
2026-09-17T02:07:41.890464+00:00,kai-scheduler,podgroup-controller-68f9cc8dbf-9xq88,1.0,13631488
2026-09-17T02:07:41.890464+00:00,kai-scheduler,queue-controller-f86fcd76c-js4jc,1.0,13631488
2026-09-17T02:07:41.890464+00:00,kube-system,coredns-8db54c48d-dkq9n,8.0,63963136
2026-09-17T02:07:41.890464+00:00,kube-system,kwok-controller-5cf8c7c44b-gvkjd,94.0,90177536
2026-09-17T02:07:41.890464+00:00,kube-system,local-path-provisioner-5d9d9885bc-qlhkr,1.0,15728640
2026-09-17T02:07:41.890464+00:00,kube-system,metrics-server-75dc6f8d87-fh8ch,43.0,250609664
2026-09-17T02:07:41.890464+00:00,kube-system,svclb-traefik-dacc61bf-xhs49,0.0,0
2026-09-17T02:07:41.890464+00:00,kube-system,traefik-9bcdbbd9-bktmw,11.0,260046848
2026-09-17T02:07:41.890464+00:00,pyroscope,pyroscope-0,7.0,230686720
2026-09-17T02:07:41.890464+00:00,pyroscope,pyroscope-alloy-0,77.0,632291328
2026-09-17T02:08:13.150013+00:00,grove-system,grove-operator-d858d65f9-ck75j,482.0,762314752
2026-09-17T02:08:13.150013+00:00,kai-scheduler,admission-86666f457d-plhlk,1.0,16777216
2026-09-17T02:08:13.150013+00:00,kai-scheduler,kai-operator-69b5d7bcf7-h6bzd,1.0,109051904
2026-09-17T02:08:13.150013+00:00,kai-scheduler,kai-scheduler-default-85b5b8dff6-8q68j,113.0,428867584
2026-09-17T02:08:13.150013+00:00,kai-scheduler,pod-grouper-65456f756-dqrtd,1.0,9437184
2026-09-17T02:08:13.150013+00:00,kai-scheduler,podgroup-controller-68f9cc8dbf-9xq88,1.0,13631488
2026-09-17T02:08:13.150013+00:00,kai-scheduler,queue-controller-f86fcd76c-js4jc,1.0,13631488
2026-09-17T02:08:13.150013+00:00,kube-system,coredns-8db54c48d-dkq9n,9.0,65011712
2026-09-17T02:08:13.150013+00:00,kube-system,kwok-controller-5cf8c7c44b-gvkjd,93.0,90177536
2026-09-17T02:08:13.150013+00:00,kube-system,local-path-provisioner-5d9d9885bc-qlhkr,1.0,15728640
2026-09-17T02:08:13.150013+00:00,kube-system,metrics-server-75dc6f8d87-fh8ch,34.0,252706816
2026-09-17T02:08:13.150013+00:00,kube-system,svclb-traefik-dacc61bf-xhs49,0.0,0
2026-09-17T02:08:13.150013+00:00,kube-system,traefik-9bcdbbd9-bktmw,11.0,261095424
2026-09-17T02:08:13.150013+00:00,pyroscope,pyroscope-0,5.0,231735296
2026-09-17T02:08:13.150013+00:00,pyroscope,pyroscope-alloy-0,113.0,645922816
2026-09-17T02:08:44.435838+00:00,grove-system,grove-operator-d858d65f9-ck75j,647.0,810549248
2026-09-17T02:08:44.435838+00:00,kai-scheduler,admission-86666f457d-plhlk,1.0,16777216
2026-09-17T02:08:44.435838+00:00,kai-scheduler,kai-operator-69b5d7bcf7-h6bzd,1.0,109051904
2026-09-17T02:08:44.435838+00:00,kai-scheduler,kai-scheduler-default-85b5b8dff6-8q68j,151.0,515899392
2026-09-17T02:08:44.435838+00:00,kai-scheduler,pod-grouper-65456f756-dqrtd,1.0,9437184
2026-09-17T02:08:44.435838+00:00,kai-scheduler,podgroup-controller-68f9cc8dbf-9xq88,1.0,13631488
2026-09-17T02:08:44.435838+00:00,kai-scheduler,queue-controller-f86fcd76c-js4jc,1.0,13631488
2026-09-17T02:08:44.435838+00:00,kube-system,coredns-8db54c48d-dkq9n,9.0,65011712
2026-09-17T02:08:44.435838+00:00,kube-system,kwok-controller-5cf8c7c44b-gvkjd,151.0,90177536
2026-09-17T02:08:44.435838+00:00,kube-system,local-path-provisioner-5d9d9885bc-qlhkr,1.0,15728640
2026-09-17T02:08:44.435838+00:00,kube-system,metrics-server-75dc6f8d87-fh8ch,49.0,250609664
2026-09-17T02:08:44.435838+00:00,kube-system,svclb-traefik-dacc61bf-xhs49,0.0,0
2026-09-17T02:08:44.435838+00:00,kube-system,traefik-9bcdbbd9-bktmw,12.0,269484032
2026-09-17T02:08:44.435838+00:00,pyroscope,pyroscope-0,10.0,236978176
2026-09-17T02:08:44.435838+00:00,pyroscope,pyroscope-alloy-0,132.0,650117120
2026-09-17T02:09:15.735776+00:00,grove-system,grove-operator-d858d65f9-ck75j,777.0,822083584
2026-09-17T02:09:15.735776+00:00,kai-scheduler,admission-86666f457d-plhlk,1.0,16777216
2026-09-17T02:09:15.735776+00:00,kai-scheduler,kai-operator-69b5d7bcf7-h6bzd,6.0,109051904
2026-09-17T02:09:15.735776+00:00,kai-scheduler,pod-grouper-65456f756-dqrtd,1.0,9437184
2026-09-17T02:09:15.735776+00:00,kai-scheduler,podgroup-controller-68f9cc8dbf-9xq88,1.0,13631488
2026-09-17T02:09:15.735776+00:00,kai-scheduler,queue-controller-f86fcd76c-js4jc,1.0,13631488
2026-09-17T02:09:15.735776+00:00,kube-system,coredns-8db54c48d-dkq9n,9.0,65011712
2026-09-17T02:09:15.735776+00:00,kube-system,kwok-controller-5cf8c7c44b-gvkjd,322.0,89128960
2026-09-17T02:09:15.735776+00:00,kube-system,local-path-provisioner-5d9d9885bc-qlhkr,1.0,15728640
2026-09-17T02:09:15.735776+00:00,kube-system,metrics-server-75dc6f8d87-fh8ch,57.0,250609664
2026-09-17T02:09:15.735776+00:00,kube-system,svclb-traefik-dacc61bf-xhs49,0.0,0
2026-09-17T02:09:15.735776+00:00,kube-system,traefik-9bcdbbd9-bktmw,17.0,274726912
2026-09-17T02:09:15.735776+00:00,pyroscope,pyroscope-0,9.0,236978176
2026-09-17T02:09:15.735776+00:00,pyroscope,pyroscope-alloy-0,168.0,662700032
2026-09-17T02:09:47.026971+00:00,grove-system,grove-operator-d858d65f9-ck75j,878.0,836763648
2026-09-17T02:09:47.026971+00:00,kai-scheduler,admission-86666f457d-plhlk,1.0,16777216
2026-09-17T02:09:47.026971+00:00,kai-scheduler,kai-operator-69b5d7bcf7-h6bzd,7.0,122683392
2026-09-17T02:09:47.026971+00:00,kai-scheduler,pod-grouper-65456f756-dqrtd,1.0,9437184
2026-09-17T02:09:47.026971+00:00,kai-scheduler,podgroup-controller-68f9cc8dbf-9xq88,1.0,13631488
2026-09-17T02:09:47.026971+00:00,kai-scheduler,queue-controller-f86fcd76c-js4jc,1.0,13631488
2026-09-17T02:09:47.026971+00:00,kube-system,coredns-8db54c48d-dkq9n,9.0,65011712
2026-09-17T02:09:47.026971+00:00,kube-system,kwok-controller-5cf8c7c44b-gvkjd,301.0,90177536
2026-09-17T02:09:47.026971+00:00,kube-system,local-path-provisioner-5d9d9885bc-qlhkr,1.0,15728640
2026-09-17T02:09:47.026971+00:00,kube-system,metrics-server-75dc6f8d87-fh8ch,73.0,253755392
2026-09-17T02:09:47.026971+00:00,kube-system,svclb-traefik-dacc61bf-xhs49,0.0,0
2026-09-17T02:09:47.026971+00:00,kube-system,traefik-9bcdbbd9-bktmw,12.0,274726912
2026-09-17T02:09:47.026971+00:00,pyroscope,pyroscope-0,8.0,238026752
2026-09-17T02:09:47.026971+00:00,pyroscope,pyroscope-alloy-0,225.0,725614592
2026-09-17T02:10:18.306902+00:00,grove-system,grove-operator-d858d65f9-ck75j,812.0,837812224
2026-09-17T02:10:18.306902+00:00,kai-scheduler,admission-86666f457d-plhlk,1.0,16777216
2026-09-17T02:10:18.306902+00:00,kai-scheduler,binder-869fc94c7-lb9sm,100.0,156237824
2026-09-17T02:10:18.306902+00:00,kai-scheduler,kai-operator-69b5d7bcf7-h6bzd,7.0,122683392
2026-09-17T02:10:18.306902+00:00,kai-scheduler,pod-grouper-65456f756-dqrtd,1.0,9437184
2026-09-17T02:10:18.306902+00:00,kai-scheduler,podgroup-controller-68f9cc8dbf-9xq88,1.0,13631488
2026-09-17T02:10:18.306902+00:00,kai-scheduler,queue-controller-f86fcd76c-js4jc,1.0,13631488
2026-09-17T02:10:18.306902+00:00,kube-system,coredns-8db54c48d-dkq9n,9.0,65011712
2026-09-17T02:10:18.306902+00:00,kube-system,kwok-controller-5cf8c7c44b-gvkjd,302.0,90177536
2026-09-17T02:10:18.306902+00:00,kube-system,local-path-provisioner-5d9d9885bc-qlhkr,1.0,15728640
2026-09-17T02:10:18.306902+00:00,kube-system,metrics-server-75dc6f8d87-fh8ch,69.0,250609664
2026-09-17T02:10:18.306902+00:00,kube-system,svclb-traefik-dacc61bf-xhs49,0.0,0
2026-09-17T02:10:18.306902+00:00,kube-system,traefik-9bcdbbd9-bktmw,12.0,274726912
2026-09-17T02:10:18.306902+00:00,pyroscope,pyroscope-0,8.0,241172480
2026-09-17T02:10:18.306902+00:00,pyroscope,pyroscope-alloy-0,202.0,744488960
2026-09-17T02:10:49.561242+00:00,grove-system,grove-operator-d858d65f9-ck75j,814.0,842006528
2026-09-17T02:10:49.561242+00:00,kai-scheduler,admission-86666f457d-plhlk,1.0,16777216
2026-09-17T02:10:49.561242+00:00,kai-scheduler,kai-operator-69b5d7bcf7-h6bzd,6.0,125829120
2026-09-17T02:10:49.561242+00:00,kai-scheduler,pod-grouper-65456f756-dqrtd,1.0,9437184
2026-09-17T02:10:49.561242+00:00,kai-scheduler,podgroup-controller-68f9cc8dbf-9xq88,1.0,13631488
2026-09-17T02:10:49.561242+00:00,kai-scheduler,queue-controller-f86fcd76c-js4jc,1.0,13631488
2026-09-17T02:10:49.561242+00:00,kube-system,coredns-8db54c48d-dkq9n,9.0,66060288
2026-09-17T02:10:49.561242+00:00,kube-system,kwok-controller-5cf8c7c44b-gvkjd,237.0,97517568
2026-09-17T02:10:49.561242+00:00,kube-system,local-path-provisioner-5d9d9885bc-qlhkr,1.0,15728640
2026-09-17T02:10:49.561242+00:00,kube-system,metrics-server-75dc6f8d87-fh8ch,37.0,250609664
2026-09-17T02:10:49.561242+00:00,kube-system,svclb-traefik-dacc61bf-xhs49,0.0,0
2026-09-17T02:10:49.561242+00:00,kube-system,traefik-9bcdbbd9-bktmw,15.0,278921216
2026-09-17T02:10:49.561242+00:00,pyroscope,pyroscope-0,8.0,261095424
2026-09-17T02:10:49.561242+00:00,pyroscope,pyroscope-alloy-0,102.0,743440384
2026-09-17T02:11:20.807077+00:00,grove-system,grove-operator-d858d65f9-ck75j,158.0,843055104
2026-09-17T02:11:20.807077+00:00,kai-scheduler,admission-86666f457d-plhlk,1.0,16777216
2026-09-17T02:11:20.807077+00:00,kai-scheduler,kai-operator-69b5d7bcf7-h6bzd,12.0,126877696
2026-09-17T02:11:20.807077+00:00,kai-scheduler,pod-grouper-65456f756-dqrtd,1.0,9437184
2026-09-17T02:11:20.807077+00:00,kai-scheduler,podgroup-controller-68f9cc8dbf-9xq88,1.0,13631488
2026-09-17T02:11:20.807077+00:00,kai-scheduler,queue-controller-f86fcd76c-js4jc,1.0,13631488
2026-09-17T02:11:20.807077+00:00,kube-system,coredns-8db54c48d-dkq9n,9.0,68157440
2026-09-17T02:11:20.807077+00:00,kube-system,kwok-controller-5cf8c7c44b-gvkjd,93.0,96468992
2026-09-17T02:11:20.807077+00:00,kube-system,local-path-provisioner-5d9d9885bc-qlhkr,1.0,15728640
2026-09-17T02:11:20.807077+00:00,kube-system,metrics-server-75dc6f8d87-fh8ch,34.0,251658240
2026-09-17T02:11:20.807077+00:00,kube-system,svclb-traefik-dacc61bf-xhs49,0.0,0
2026-09-17T02:11:20.807077+00:00,kube-system,traefik-9bcdbbd9-bktmw,21.0,284164096
2026-09-17T02:11:20.807077+00:00,pyroscope,pyroscope-0,5.0,408944640
2026-09-17T02:11:20.807077+00:00,pyroscope,pyroscope-alloy-0,195.0,741343232
2026-09-17T02:11:52.065401+00:00,grove-system,grove-operator-d858d65f9-ck75j,31.0,846200832
2026-09-17T02:11:52.065401+00:00,kai-scheduler,admission-86666f457d-plhlk,1.0,16777216
2026-09-17T02:11:52.065401+00:00,kai-scheduler,kai-operator-69b5d7bcf7-h6bzd,5.0,126877696
2026-09-17T02:11:52.065401+00:00,kai-scheduler,pod-grouper-65456f756-dqrtd,1.0,9437184
2026-09-17T02:11:52.065401+00:00,kai-scheduler,podgroup-controller-68f9cc8dbf-9xq88,1.0,13631488
2026-09-17T02:11:52.065401+00:00,kai-scheduler,queue-controller-f86fcd76c-js4jc,1.0,13631488
2026-09-17T02:11:52.065401+00:00,kube-system,coredns-8db54c48d-dkq9n,9.0,67108864
2026-09-17T02:11:52.065401+00:00,kube-system,kwok-controller-5cf8c7c44b-gvkjd,87.0,96468992
2026-09-17T02:11:52.065401+00:00,kube-system,local-path-provisioner-5d9d9885bc-qlhkr,1.0,15728640
2026-09-17T02:11:52.065401+00:00,kube-system,metrics-server-75dc6f8d87-fh8ch,31.0,252706816
2026-09-17T02:11:52.065401+00:00,kube-system,svclb-traefik-dacc61bf-xhs49,0.0,0
2026-09-17T02:11:52.065401+00:00,kube-system,traefik-9bcdbbd9-bktmw,13.0,285212672
2026-09-17T02:11:52.065401+00:00,pyroscope,pyroscope-0,5.0,392167424
2026-09-17T02:11:52.065401+00:00,pyroscope,pyroscope-alloy-0,38.0,746586112
2026-09-17T02:12:23.323203+00:00,grove-system,grove-operator-d858d65f9-ck75j,31.0,849346560
2026-09-17T02:12:23.323203+00:00,kai-scheduler,admission-86666f457d-plhlk,1.0,16777216
2026-09-17T02:12:23.323203+00:00,kai-scheduler,kai-operator-69b5d7bcf7-h6bzd,3.0,126877696
2026-09-17T02:12:23.323203+00:00,kai-scheduler,pod-grouper-65456f756-dqrtd,1.0,9437184
2026-09-17T02:12:23.323203+00:00,kai-scheduler,podgroup-controller-68f9cc8dbf-9xq88,1.0,13631488
2026-09-17T02:12:23.323203+00:00,kai-scheduler,queue-controller-f86fcd76c-js4jc,1.0,13631488
2026-09-17T02:12:23.323203+00:00,kube-system,coredns-8db54c48d-dkq9n,9.0,68157440
2026-09-17T02:12:23.323203+00:00,kube-system,kwok-controller-5cf8c7c44b-gvkjd,91.0,95420416
2026-09-17T02:12:23.323203+00:00,kube-system,local-path-provisioner-5d9d9885bc-qlhkr,1.0,15728640
2026-09-17T02:12:23.323203+00:00,kube-system,metrics-server-75dc6f8d87-fh8ch,25.0,251658240
2026-09-17T02:12:23.323203+00:00,kube-system,svclb-traefik-dacc61bf-xhs49,0.0,0
2026-09-17T02:12:23.323203+00:00,kube-system,traefik-9bcdbbd9-bktmw,13.0,287309824
2026-09-17T02:12:23.323203+00:00,pyroscope,pyroscope-0,7.0,234881024
2026-09-17T02:12:23.323203+00:00,pyroscope,pyroscope-alloy-0,8.0,756023296
2026-09-17T02:12:54.572358+00:00,grove-system,grove-operator-d858d65f9-ck75j,111.0,849346560
2026-09-17T02:12:54.572358+00:00,kai-scheduler,admission-86666f457d-plhlk,1.0,16777216
2026-09-17T02:12:54.572358+00:00,kai-scheduler,kai-operator-69b5d7bcf7-h6bzd,3.0,126877696
2026-09-17T02:12:54.572358+00:00,kai-scheduler,pod-grouper-65456f756-dqrtd,1.0,9437184
2026-09-17T02:12:54.572358+00:00,kai-scheduler,podgroup-controller-68f9cc8dbf-9xq88,1.0,13631488
2026-09-17T02:12:54.572358+00:00,kai-scheduler,queue-controller-f86fcd76c-js4jc,1.0,13631488
2026-09-17T02:12:54.572358+00:00,kube-system,coredns-8db54c48d-dkq9n,9.0,69206016
2026-09-17T02:12:54.572358+00:00,kube-system,kwok-controller-5cf8c7c44b-gvkjd,90.0,95420416
2026-09-17T02:12:54.572358+00:00,kube-system,local-path-provisioner-5d9d9885bc-qlhkr,1.0,15728640
2026-09-17T02:12:54.572358+00:00,kube-system,metrics-server-75dc6f8d87-fh8ch,30.0,250609664
2026-09-17T02:12:54.572358+00:00,kube-system,svclb-traefik-dacc61bf-xhs49,0.0,0
2026-09-17T02:12:54.572358+00:00,kube-system,traefik-9bcdbbd9-bktmw,12.0,295698432
2026-09-17T02:12:54.572358+00:00,pyroscope,pyroscope-0,4.0,231735296
2026-09-17T02:12:54.572358+00:00,pyroscope,pyroscope-alloy-0,65.0,739246080
2026-09-17T02:13:25.825712+00:00,grove-system,grove-operator-d858d65f9-ck75j,170.0,850395136
2026-09-17T02:13:25.825712+00:00,kai-scheduler,admission-86666f457d-plhlk,1.0,16777216
2026-09-17T02:13:25.825712+00:00,kai-scheduler,kai-operator-69b5d7bcf7-h6bzd,3.0,126877696
2026-09-17T02:13:25.825712+00:00,kai-scheduler,pod-grouper-65456f756-dqrtd,1.0,9437184
2026-09-17T02:13:25.825712+00:00,kai-scheduler,podgroup-controller-68f9cc8dbf-9xq88,1.0,13631488
2026-09-17T02:13:25.825712+00:00,kai-scheduler,queue-controller-f86fcd76c-js4jc,1.0,13631488
2026-09-17T02:13:25.825712+00:00,kube-system,coredns-8db54c48d-dkq9n,6.0,69206016
2026-09-17T02:13:25.825712+00:00,kube-system,kwok-controller-5cf8c7c44b-gvkjd,89.0,96468992
2026-09-17T02:13:25.825712+00:00,kube-system,local-path-provisioner-5d9d9885bc-qlhkr,1.0,15728640
2026-09-17T02:13:25.825712+00:00,kube-system,metrics-server-75dc6f8d87-fh8ch,37.0,250609664
2026-09-17T02:13:25.825712+00:00,kube-system,svclb-traefik-dacc61bf-xhs49,0.0,0
2026-09-17T02:13:25.825712+00:00,kube-system,traefik-9bcdbbd9-bktmw,8.0,294649856
2026-09-17T02:13:25.825712+00:00,pyroscope,pyroscope-0,5.0,232783872
2026-09-17T02:13:25.825712+00:00,pyroscope,pyroscope-alloy-0,6.0,739246080
2026-09-17T02:13:57.076823+00:00,grove-system,grove-operator-d858d65f9-ck75j,63.0,850395136
2026-09-17T02:13:57.076823+00:00,kai-scheduler,admission-86666f457d-plhlk,1.0,16777216
2026-09-17T02:13:57.076823+00:00,kai-scheduler,kai-operator-69b5d7bcf7-h6bzd,3.0,126877696
2026-09-17T02:13:57.076823+00:00,kai-scheduler,pod-grouper-65456f756-dqrtd,1.0,9437184
2026-09-17T02:13:57.076823+00:00,kai-scheduler,podgroup-controller-68f9cc8dbf-9xq88,1.0,13631488
2026-09-17T02:13:57.076823+00:00,kai-scheduler,queue-controller-f86fcd76c-js4jc,1.0,13631488
2026-09-17T02:13:57.076823+00:00,kube-system,coredns-8db54c48d-dkq9n,3.0,67108864
2026-09-17T02:13:57.076823+00:00,kube-system,kwok-controller-5cf8c7c44b-gvkjd,87.0,96468992
2026-09-17T02:13:57.076823+00:00,kube-system,local-path-provisioner-5d9d9885bc-qlhkr,1.0,15728640
2026-09-17T02:13:57.076823+00:00,kube-system,metrics-server-75dc6f8d87-fh8ch,26.0,250609664
2026-09-17T02:13:57.076823+00:00,kube-system,svclb-traefik-dacc61bf-xhs49,0.0,0
2026-09-17T02:13:57.076823+00:00,kube-system,traefik-9bcdbbd9-bktmw,3.0,294649856
2026-09-17T02:13:57.076823+00:00,pyroscope,pyroscope-0,6.0,231735296
2026-09-17T02:13:57.076823+00:00,pyroscope,pyroscope-alloy-0,36.0,739246080
2026-09-17T02:14:28.332858+00:00,grove-system,grove-operator-d858d65f9-ck75j,71.0,851443712
2026-09-17T02:14:28.332858+00:00,kai-scheduler,admission-86666f457d-plhlk,1.0,16777216
2026-09-17T02:14:28.332858+00:00,kai-scheduler,kai-operator-69b5d7bcf7-h6bzd,6.0,126877696
2026-09-17T02:14:28.332858+00:00,kai-scheduler,pod-grouper-65456f756-dqrtd,1.0,9437184
2026-09-17T02:14:28.332858+00:00,kai-scheduler,podgroup-controller-68f9cc8dbf-9xq88,1.0,13631488
2026-09-17T02:14:28.332858+00:00,kai-scheduler,queue-controller-f86fcd76c-js4jc,1.0,13631488
2026-09-17T02:14:28.332858+00:00,kube-system,coredns-8db54c48d-dkq9n,3.0,68157440
2026-09-17T02:14:28.332858+00:00,kube-system,kwok-controller-5cf8c7c44b-gvkjd,88.0,96468992
2026-09-17T02:14:28.332858+00:00,kube-system,local-path-provisioner-5d9d9885bc-qlhkr,1.0,15728640
2026-09-17T02:14:28.332858+00:00,kube-system,metrics-server-75dc6f8d87-fh8ch,29.0,250609664
2026-09-17T02:14:28.332858+00:00,kube-system,svclb-traefik-dacc61bf-xhs49,0.0,0
2026-09-17T02:14:28.332858+00:00,kube-system,traefik-9bcdbbd9-bktmw,3.0,293601280
2026-09-17T02:14:28.332858+00:00,pyroscope,pyroscope-0,6.0,233832448
2026-09-17T02:14:28.332858+00:00,pyroscope,pyroscope-alloy-0,55.0,740294656
2026-09-17T02:14:59.579355+00:00,grove-system,grove-operator-d858d65f9-ck75j,41.0,851443712
2026-09-17T02:14:59.579355+00:00,kai-scheduler,admission-86666f457d-plhlk,1.0,16777216
2026-09-17T02:14:59.579355+00:00,kai-scheduler,kai-operator-69b5d7bcf7-h6bzd,3.0,126877696
2026-09-17T02:14:59.579355+00:00,kai-scheduler,pod-grouper-65456f756-dqrtd,1.0,9437184
2026-09-17T02:14:59.579355+00:00,kai-scheduler,podgroup-controller-68f9cc8dbf-9xq88,1.0,13631488
2026-09-17T02:14:59.579355+00:00,kai-scheduler,queue-controller-f86fcd76c-js4jc,1.0,13631488
2026-09-17T02:14:59.579355+00:00,kube-system,coredns-8db54c48d-dkq9n,3.0,68157440
2026-09-17T02:14:59.579355+00:00,kube-system,kwok-controller-5cf8c7c44b-gvkjd,92.0,97517568
2026-09-17T02:14:59.579355+00:00,kube-system,local-path-provisioner-5d9d9885bc-qlhkr,1.0,15728640
2026-09-17T02:14:59.579355+00:00,kube-system,metrics-server-75dc6f8d87-fh8ch,29.0,250609664
2026-09-17T02:14:59.579355+00:00,kube-system,svclb-traefik-dacc61bf-xhs49,0.0,0
2026-09-17T02:14:59.579355+00:00,kube-system,traefik-9bcdbbd9-bktmw,3.0,284164096
2026-09-17T02:14:59.579355+00:00,pyroscope,pyroscope-0,7.0,234881024
2026-09-17T02:14:59.579355+00:00,pyroscope,pyroscope-alloy-0,6.0,739246080
2026-09-17T02:15:30.833747+00:00,grove-system,grove-operator-d858d65f9-ck75j,67.0,852492288
2026-09-17T02:15:30.833747+00:00,kai-scheduler,admission-86666f457d-plhlk,1.0,16777216
2026-09-17T02:15:30.833747+00:00,kai-scheduler,kai-operator-69b5d7bcf7-h6bzd,3.0,126877696
2026-09-17T02:15:30.833747+00:00,kai-scheduler,pod-grouper-65456f756-dqrtd,1.0,9437184
2026-09-17T02:15:30.833747+00:00,kai-scheduler,podgroup-controller-68f9cc8dbf-9xq88,1.0,13631488
2026-09-17T02:15:30.833747+00:00,kai-scheduler,queue-controller-f86fcd76c-js4jc,1.0,13631488
2026-09-17T02:15:30.833747+00:00,kube-system,coredns-8db54c48d-dkq9n,3.0,66060288
2026-09-17T02:15:30.833747+00:00,kube-system,kwok-controller-5cf8c7c44b-gvkjd,85.0,95420416
2026-09-17T02:15:30.833747+00:00,kube-system,local-path-provisioner-5d9d9885bc-qlhkr,1.0,15728640
2026-09-17T02:15:30.833747+00:00,kube-system,metrics-server-75dc6f8d87-fh8ch,30.0,250609664
2026-09-17T02:15:30.833747+00:00,kube-system,svclb-traefik-dacc61bf-xhs49,0.0,0
2026-09-17T02:15:30.833747+00:00,kube-system,traefik-9bcdbbd9-bktmw,3.0,284164096
2026-09-17T02:15:30.833747+00:00,pyroscope,pyroscope-0,6.0,238026752
2026-09-17T02:15:30.833747+00:00,pyroscope,pyroscope-alloy-0,33.0,739246080
2026-09-17T02:16:02.079299+00:00,grove-system,grove-operator-d858d65f9-ck75j,41.0,851443712
2026-09-17T02:16:02.079299+00:00,kai-scheduler,admission-86666f457d-plhlk,1.0,16777216
2026-09-17T02:16:02.079299+00:00,kai-scheduler,kai-operator-69b5d7bcf7-h6bzd,3.0,128974848
2026-09-17T02:16:02.079299+00:00,kai-scheduler,pod-grouper-65456f756-dqrtd,1.0,9437184
2026-09-17T02:16:02.079299+00:00,kai-scheduler,podgroup-controller-68f9cc8dbf-9xq88,1.0,13631488
2026-09-17T02:16:02.079299+00:00,kai-scheduler,queue-controller-f86fcd76c-js4jc,1.0,13631488
2026-09-17T02:16:02.079299+00:00,kube-system,coredns-8db54c48d-dkq9n,3.0,67108864
2026-09-17T02:16:02.079299+00:00,kube-system,kwok-controller-5cf8c7c44b-gvkjd,89.0,97517568
2026-09-17T02:16:02.079299+00:00,kube-system,local-path-provisioner-5d9d9885bc-qlhkr,1.0,15728640
2026-09-17T02:16:02.079299+00:00,kube-system,metrics-server-75dc6f8d87-fh8ch,29.0,250609664
2026-09-17T02:16:02.079299+00:00,kube-system,svclb-traefik-dacc61bf-xhs49,0.0,0
2026-09-17T02:16:02.079299+00:00,kube-system,traefik-9bcdbbd9-bktmw,3.0,285212672
2026-09-17T02:16:02.079299+00:00,pyroscope,pyroscope-0,6.0,232783872
2026-09-17T02:16:02.079299+00:00,pyroscope,pyroscope-alloy-0,41.0,739246080
2026-09-17T02:16:33.327602+00:00,grove-system,grove-operator-d858d65f9-ck75j,56.0,852492288
2026-09-17T02:16:33.327602+00:00,kai-scheduler,admission-86666f457d-plhlk,1.0,16777216
2026-09-17T02:16:33.327602+00:00,kai-scheduler,kai-operator-69b5d7bcf7-h6bzd,5.0,119537664
2026-09-17T02:16:33.327602+00:00,kai-scheduler,pod-grouper-65456f756-dqrtd,1.0,9437184
2026-09-17T02:16:33.327602+00:00,kai-scheduler,podgroup-controller-68f9cc8dbf-9xq88,1.0,13631488
2026-09-17T02:16:33.327602+00:00,kai-scheduler,queue-controller-f86fcd76c-js4jc,1.0,13631488
2026-09-17T02:16:33.327602+00:00,kube-system,coredns-8db54c48d-dkq9n,3.0,67108864
2026-09-17T02:16:33.327602+00:00,kube-system,kwok-controller-5cf8c7c44b-gvkjd,89.0,95420416
2026-09-17T02:16:33.327602+00:00,kube-system,local-path-provisioner-5d9d9885bc-qlhkr,1.0,15728640
2026-09-17T02:16:33.327602+00:00,kube-system,metrics-server-75dc6f8d87-fh8ch,33.0,251658240
2026-09-17T02:16:33.327602+00:00,kube-system,svclb-traefik-dacc61bf-xhs49,0.0,0
2026-09-17T02:16:33.327602+00:00,kube-system,traefik-9bcdbbd9-bktmw,3.0,285212672
2026-09-17T02:16:33.327602+00:00,pyroscope,pyroscope-0,6.0,234881024
2026-09-17T02:16:33.327602+00:00,pyroscope,pyroscope-alloy-0,68.0,764411904
2026-09-17T02:17:04.577601+00:00,grove-system,grove-operator-d858d65f9-ck75j,31.0,851443712
2026-09-17T02:17:04.577601+00:00,kai-scheduler,admission-86666f457d-plhlk,1.0,16777216
2026-09-17T02:17:04.577601+00:00,kai-scheduler,kai-operator-69b5d7bcf7-h6bzd,3.0,119537664
2026-09-17T02:17:04.577601+00:00,kai-scheduler,pod-grouper-65456f756-dqrtd,1.0,9437184
2026-09-17T02:17:04.577601+00:00,kai-scheduler,podgroup-controller-68f9cc8dbf-9xq88,1.0,13631488
2026-09-17T02:17:04.577601+00:00,kai-scheduler,queue-controller-f86fcd76c-js4jc,1.0,13631488
2026-09-17T02:17:04.577601+00:00,kube-system,coredns-8db54c48d-dkq9n,5.0,68157440
2026-09-17T02:17:04.577601+00:00,kube-system,kwok-controller-5cf8c7c44b-gvkjd,88.0,97517568
2026-09-17T02:17:04.577601+00:00,kube-system,local-path-provisioner-5d9d9885bc-qlhkr,1.0,15728640
2026-09-17T02:17:04.577601+00:00,kube-system,metrics-server-75dc6f8d87-fh8ch,25.0,250609664
2026-09-17T02:17:04.577601+00:00,kube-system,svclb-traefik-dacc61bf-xhs49,0.0,0
2026-09-17T02:17:04.577601+00:00,kube-system,traefik-9bcdbbd9-bktmw,10.0,278921216
2026-09-17T02:17:04.577601+00:00,pyroscope,pyroscope-0,6.0,232783872
2026-09-17T02:17:04.577601+00:00,pyroscope,pyroscope-alloy-0,6.0,764411904
2026-09-17T02:17:35.824347+00:00,grove-system,grove-operator-d858d65f9-ck75j,29.0,852492288
2026-09-17T02:17:35.824347+00:00,kai-scheduler,admission-86666f457d-plhlk,1.0,16777216
2026-09-17T02:17:35.824347+00:00,kai-scheduler,kai-operator-69b5d7bcf7-h6bzd,6.0,120586240
2026-09-17T02:17:35.824347+00:00,kai-scheduler,pod-grouper-65456f756-dqrtd,1.0,9437184
2026-09-17T02:17:35.824347+00:00,kai-scheduler,podgroup-controller-68f9cc8dbf-9xq88,1.0,13631488
2026-09-17T02:17:35.824347+00:00,kai-scheduler,queue-controller-f86fcd76c-js4jc,1.0,13631488
2026-09-17T02:17:35.824347+00:00,kube-system,coredns-8db54c48d-dkq9n,3.0,66060288
2026-09-17T02:17:35.824347+00:00,kube-system,kwok-controller-5cf8c7c44b-gvkjd,89.0,96468992
2026-09-17T02:17:35.824347+00:00,kube-system,local-path-provisioner-5d9d9885bc-qlhkr,1.0,15728640
2026-09-17T02:17:35.824347+00:00,kube-system,metrics-server-75dc6f8d87-fh8ch,28.0,250609664
2026-09-17T02:17:35.824347+00:00,kube-system,svclb-traefik-dacc61bf-xhs49,0.0,0
2026-09-17T02:17:35.824347+00:00,kube-system,traefik-9bcdbbd9-bktmw,3.0,278921216
2026-09-17T02:17:35.824347+00:00,pyroscope,pyroscope-0,5.0,235929600
2026-09-17T02:17:35.824347+00:00,pyroscope,pyroscope-alloy-0,50.0,764411904
2026-09-17T02:18:07.079273+00:00,grove-system,grove-operator-d858d65f9-ck75j,51.0,854589440
2026-09-17T02:18:07.079273+00:00,kai-scheduler,admission-86666f457d-plhlk,1.0,16777216
2026-09-17T02:18:07.079273+00:00,kai-scheduler,kai-operator-69b5d7bcf7-h6bzd,3.0,119537664
2026-09-17T02:18:07.079273+00:00,kai-scheduler,pod-grouper-65456f756-dqrtd,1.0,9437184
2026-09-17T02:18:07.079273+00:00,kai-scheduler,podgroup-controller-68f9cc8dbf-9xq88,1.0,13631488
2026-09-17T02:18:07.079273+00:00,kai-scheduler,queue-controller-f86fcd76c-js4jc,1.0,13631488
2026-09-17T02:18:07.079273+00:00,kube-system,coredns-8db54c48d-dkq9n,3.0,66060288
2026-09-17T02:18:07.079273+00:00,kube-system,kwok-controller-5cf8c7c44b-gvkjd,86.0,97517568
2026-09-17T02:18:07.079273+00:00,kube-system,local-path-provisioner-5d9d9885bc-qlhkr,1.0,15728640
2026-09-17T02:18:07.079273+00:00,kube-system,metrics-server-75dc6f8d87-fh8ch,30.0,250609664
2026-09-17T02:18:07.079273+00:00,kube-system,svclb-traefik-dacc61bf-xhs49,0.0,0
2026-09-17T02:18:07.079273+00:00,kube-system,traefik-9bcdbbd9-bktmw,3.0,277872640
2026-09-17T02:18:07.079273+00:00,pyroscope,pyroscope-0,6.0,232783872
2026-09-17T02:18:07.079273+00:00,pyroscope,pyroscope-alloy-0,6.0,764411904
2026-09-17T02:18:38.331914+00:00,grove-system,grove-operator-d858d65f9-ck75j,35.0,854589440
2026-09-17T02:18:38.331914+00:00,kai-scheduler,admission-86666f457d-plhlk,1.0,16777216
2026-09-17T02:18:38.331914+00:00,kai-scheduler,kai-operator-69b5d7bcf7-h6bzd,4.0,118489088
2026-09-17T02:18:38.331914+00:00,kai-scheduler,pod-grouper-65456f756-dqrtd,1.0,9437184
2026-09-17T02:18:38.331914+00:00,kai-scheduler,podgroup-controller-68f9cc8dbf-9xq88,1.0,13631488
2026-09-17T02:18:38.331914+00:00,kai-scheduler,queue-controller-f86fcd76c-js4jc,1.0,13631488
2026-09-17T02:18:38.331914+00:00,kube-system,coredns-8db54c48d-dkq9n,3.0,66060288
2026-09-17T02:18:38.331914+00:00,kube-system,kwok-controller-5cf8c7c44b-gvkjd,88.0,96468992
2026-09-17T02:18:38.331914+00:00,kube-system,local-path-provisioner-5d9d9885bc-qlhkr,1.0,15728640
2026-09-17T02:18:38.331914+00:00,kube-system,metrics-server-75dc6f8d87-fh8ch,29.0,251658240
2026-09-17T02:18:38.331914+00:00,kube-system,svclb-traefik-dacc61bf-xhs49,0.0,0
2026-09-17T02:18:38.331914+00:00,kube-system,traefik-9bcdbbd9-bktmw,3.0,277872640
2026-09-17T02:18:38.331914+00:00,pyroscope,pyroscope-0,6.0,232783872
2026-09-17T02:18:38.331914+00:00,pyroscope,pyroscope-alloy-0,6.0,764411904
2026-09-17T02:19:09.585599+00:00,grove-system,grove-operator-d858d65f9-ck75j,49.0,848297984
2026-09-17T02:19:09.585599+00:00,kai-scheduler,admission-86666f457d-plhlk,1.0,17825792
2026-09-17T02:19:09.585599+00:00,kai-scheduler,kai-operator-69b5d7bcf7-h6bzd,3.0,119537664
2026-09-17T02:19:09.585599+00:00,kai-scheduler,pod-grouper-65456f756-dqrtd,1.0,9437184
2026-09-17T02:19:09.585599+00:00,kai-scheduler,podgroup-controller-68f9cc8dbf-9xq88,1.0,13631488
2026-09-17T02:19:09.585599+00:00,kai-scheduler,queue-controller-f86fcd76c-js4jc,1.0,13631488
2026-09-17T02:19:09.585599+00:00,kube-system,coredns-8db54c48d-dkq9n,4.0,66060288
2026-09-17T02:19:09.585599+00:00,kube-system,kwok-controller-5cf8c7c44b-gvkjd,88.0,95420416
2026-09-17T02:19:09.585599+00:00,kube-system,local-path-provisioner-5d9d9885bc-qlhkr,1.0,15728640
2026-09-17T02:19:09.585599+00:00,kube-system,metrics-server-75dc6f8d87-fh8ch,38.0,252706816
2026-09-17T02:19:09.585599+00:00,kube-system,svclb-traefik-dacc61bf-xhs49,0.0,0
2026-09-17T02:19:09.585599+00:00,kube-system,traefik-9bcdbbd9-bktmw,3.0,278921216
2026-09-17T02:19:09.585599+00:00,pyroscope,pyroscope-0,6.0,233832448
2026-09-17T02:19:09.585599+00:00,pyroscope,pyroscope-alloy-0,6.0,764411904
2026-09-17T02:19:40.839658+00:00,grove-system,grove-operator-d858d65f9-ck75j,30.0,847249408
2026-09-17T02:19:40.839658+00:00,kai-scheduler,admission-86666f457d-plhlk,1.0,16777216
2026-09-17T02:19:40.839658+00:00,kai-scheduler,kai-operator-69b5d7bcf7-h6bzd,3.0,118489088
2026-09-17T02:19:40.839658+00:00,kai-scheduler,pod-grouper-65456f756-dqrtd,1.0,9437184
2026-09-17T02:19:40.839658+00:00,kai-scheduler,podgroup-controller-68f9cc8dbf-9xq88,1.0,13631488
2026-09-17T02:19:40.839658+00:00,kai-scheduler,queue-controller-f86fcd76c-js4jc,1.0,13631488
2026-09-17T02:19:40.839658+00:00,kube-system,coredns-8db54c48d-dkq9n,3.0,67108864
2026-09-17T02:19:40.839658+00:00,kube-system,kwok-controller-5cf8c7c44b-gvkjd,94.0,93323264
2026-09-17T02:19:40.839658+00:00,kube-system,local-path-provisioner-5d9d9885bc-qlhkr,1.0,15728640
2026-09-17T02:19:40.839658+00:00,kube-system,metrics-server-75dc6f8d87-fh8ch,32.0,251658240
2026-09-17T02:19:40.839658+00:00,kube-system,svclb-traefik-dacc61bf-xhs49,0.0,0
2026-09-17T02:19:40.839658+00:00,kube-system,traefik-9bcdbbd9-bktmw,3.0,277872640
2026-09-17T02:19:40.839658+00:00,pyroscope,pyroscope-0,5.0,233832448
2026-09-17T02:19:40.839658+00:00,pyroscope,pyroscope-alloy-0,29.0,758120448
2026-09-17T02:20:12.095581+00:00,grove-system,grove-operator-d858d65f9-ck75j,28.0,851443712
2026-09-17T02:20:12.095581+00:00,kai-scheduler,admission-86666f457d-plhlk,1.0,16777216
2026-09-17T02:20:12.095581+00:00,kai-scheduler,kai-operator-69b5d7bcf7-h6bzd,3.0,118489088
2026-09-17T02:20:12.095581+00:00,kai-scheduler,pod-grouper-65456f756-dqrtd,1.0,9437184
2026-09-17T02:20:12.095581+00:00,kai-scheduler,podgroup-controller-68f9cc8dbf-9xq88,1.0,13631488
2026-09-17T02:20:12.095581+00:00,kai-scheduler,queue-controller-f86fcd76c-js4jc,1.0,13631488
2026-09-17T02:20:12.095581+00:00,kube-system,coredns-8db54c48d-dkq9n,3.0,66060288
2026-09-17T02:20:12.095581+00:00,kube-system,kwok-controller-5cf8c7c44b-gvkjd,91.0,93323264
2026-09-17T02:20:12.095581+00:00,kube-system,local-path-provisioner-5d9d9885bc-qlhkr,1.0,15728640
2026-09-17T02:20:12.095581+00:00,kube-system,metrics-server-75dc6f8d87-fh8ch,31.0,250609664
2026-09-17T02:20:12.095581+00:00,kube-system,svclb-traefik-dacc61bf-xhs49,0.0,0
2026-09-17T02:20:12.095581+00:00,kube-system,traefik-9bcdbbd9-bktmw,3.0,276824064
2026-09-17T02:20:12.095581+00:00,pyroscope,pyroscope-0,5.0,234881024
2026-09-17T02:20:12.095581+00:00,pyroscope,pyroscope-alloy-0,6.0,758120448
2026-09-17T02:20:43.347926+00:00,grove-system,grove-operator-d858d65f9-ck75j,42.0,851443712
2026-09-17T02:20:43.347926+00:00,kai-scheduler,admission-86666f457d-plhlk,1.0,16777216
2026-09-17T02:20:43.347926+00:00,kai-scheduler,kai-operator-69b5d7bcf7-h6bzd,5.0,108003328
2026-09-17T02:20:43.347926+00:00,kai-scheduler,pod-grouper-65456f756-dqrtd,1.0,9437184
2026-09-17T02:20:43.347926+00:00,kai-scheduler,podgroup-controller-68f9cc8dbf-9xq88,1.0,13631488
2026-09-17T02:20:43.347926+00:00,kai-scheduler,queue-controller-f86fcd76c-js4jc,1.0,13631488
2026-09-17T02:20:43.347926+00:00,kube-system,coredns-8db54c48d-dkq9n,3.0,66060288
2026-09-17T02:20:43.347926+00:00,kube-system,kwok-controller-5cf8c7c44b-gvkjd,85.0,94371840
2026-09-17T02:20:43.347926+00:00,kube-system,local-path-provisioner-5d9d9885bc-qlhkr,1.0,15728640
2026-09-17T02:20:43.347926+00:00,kube-system,metrics-server-75dc6f8d87-fh8ch,27.0,250609664
2026-09-17T02:20:43.347926+00:00,kube-system,svclb-traefik-dacc61bf-xhs49,0.0,0
2026-09-17T02:20:43.347926+00:00,kube-system,traefik-9bcdbbd9-bktmw,3.0,276824064
2026-09-17T02:20:43.347926+00:00,pyroscope,pyroscope-0,7.0,234881024
2026-09-17T02:20:43.347926+00:00,pyroscope,pyroscope-alloy-0,7.0,758120448
2026-09-17T02:21:14.597279+00:00,grove-system,grove-operator-d858d65f9-ck75j,30.0,852492288
2026-09-17T02:21:14.597279+00:00,kai-scheduler,admission-86666f457d-plhlk,1.0,16777216
2026-09-17T02:21:14.597279+00:00,kai-scheduler,kai-operator-69b5d7bcf7-h6bzd,3.0,110100480
2026-09-17T02:21:14.597279+00:00,kai-scheduler,pod-grouper-65456f756-dqrtd,1.0,9437184
2026-09-17T02:21:14.597279+00:00,kai-scheduler,podgroup-controller-68f9cc8dbf-9xq88,1.0,13631488
2026-09-17T02:21:14.597279+00:00,kai-scheduler,queue-controller-f86fcd76c-js4jc,1.0,13631488
2026-09-17T02:21:14.597279+00:00,kube-system,coredns-8db54c48d-dkq9n,3.0,66060288
2026-09-17T02:21:14.597279+00:00,kube-system,kwok-controller-5cf8c7c44b-gvkjd,89.0,95420416
2026-09-17T02:21:14.597279+00:00,kube-system,local-path-provisioner-5d9d9885bc-qlhkr,1.0,15728640
2026-09-17T02:21:14.597279+00:00,kube-system,metrics-server-75dc6f8d87-fh8ch,44.0,250609664
2026-09-17T02:21:14.597279+00:00,kube-system,svclb-traefik-dacc61bf-xhs49,0.0,0
2026-09-17T02:21:14.597279+00:00,kube-system,traefik-9bcdbbd9-bktmw,8.0,275775488
2026-09-17T02:21:14.597279+00:00,pyroscope,pyroscope-0,6.0,235929600
2026-09-17T02:21:14.597279+00:00,pyroscope,pyroscope-alloy-0,7.0,758120448
2026-09-17T02:21:45.850110+00:00,grove-system,grove-operator-d858d65f9-ck75j,30.0,845152256
2026-09-17T02:21:45.850110+00:00,kai-scheduler,admission-86666f457d-plhlk,1.0,16777216
2026-09-17T02:21:45.850110+00:00,kai-scheduler,kai-operator-69b5d7bcf7-h6bzd,3.0,110100480
2026-09-17T02:21:45.850110+00:00,kai-scheduler,pod-grouper-65456f756-dqrtd,1.0,9437184
2026-09-17T02:21:45.850110+00:00,kai-scheduler,podgroup-controller-68f9cc8dbf-9xq88,1.0,13631488
2026-09-17T02:21:45.850110+00:00,kai-scheduler,queue-controller-f86fcd76c-js4jc,1.0,13631488
2026-09-17T02:21:45.850110+00:00,kube-system,coredns-8db54c48d-dkq9n,3.0,67108864
2026-09-17T02:21:45.850110+00:00,kube-system,kwok-controller-5cf8c7c44b-gvkjd,86.0,94371840
2026-09-17T02:21:45.850110+00:00,kube-system,local-path-provisioner-5d9d9885bc-qlhkr,1.0,15728640
2026-09-17T02:21:45.850110+00:00,kube-system,metrics-server-75dc6f8d87-fh8ch,26.0,250609664
2026-09-17T02:21:45.850110+00:00,kube-system,svclb-traefik-dacc61bf-xhs49,0.0,0
2026-09-17T02:21:45.850110+00:00,kube-system,traefik-9bcdbbd9-bktmw,3.0,276824064
2026-09-17T02:21:45.850110+00:00,pyroscope,pyroscope-0,5.0,235929600
2026-09-17T02:21:45.850110+00:00,pyroscope,pyroscope-alloy-0,6.0,758120448
2026-09-17T02:22:17.096259+00:00,grove-system,grove-operator-d858d65f9-ck75j,27.0,847249408
2026-09-17T02:22:17.096259+00:00,kai-scheduler,admission-86666f457d-plhlk,1.0,16777216
2026-09-17T02:22:17.096259+00:00,kai-scheduler,kai-operator-69b5d7bcf7-h6bzd,3.0,112197632
2026-09-17T02:22:17.096259+00:00,kai-scheduler,pod-grouper-65456f756-dqrtd,1.0,9437184
2026-09-17T02:22:17.096259+00:00,kai-scheduler,podgroup-controller-68f9cc8dbf-9xq88,1.0,13631488
2026-09-17T02:22:17.096259+00:00,kai-scheduler,queue-controller-f86fcd76c-js4jc,1.0,13631488
2026-09-17T02:22:17.096259+00:00,kube-system,coredns-8db54c48d-dkq9n,3.0,66060288
2026-09-17T02:22:17.096259+00:00,kube-system,kwok-controller-5cf8c7c44b-gvkjd,90.0,94371840
2026-09-17T02:22:17.096259+00:00,kube-system,local-path-provisioner-5d9d9885bc-qlhkr,1.0,15728640
2026-09-17T02:22:17.096259+00:00,kube-system,metrics-server-75dc6f8d87-fh8ch,29.0,250609664
2026-09-17T02:22:17.096259+00:00,kube-system,svclb-traefik-dacc61bf-xhs49,0.0,0
2026-09-17T02:22:17.096259+00:00,kube-system,traefik-9bcdbbd9-bktmw,3.0,276824064
2026-09-17T02:22:17.096259+00:00,pyroscope,pyroscope-0,6.0,236978176
2026-09-17T02:22:17.096259+00:00,pyroscope,pyroscope-alloy-0,34.0,759169024
2026-09-17T02:22:48.347603+00:00,grove-system,grove-operator-d858d65f9-ck75j,30.0,838860800
2026-09-17T02:22:48.347603+00:00,kai-scheduler,admission-86666f457d-plhlk,1.0,16777216
2026-09-17T02:22:48.347603+00:00,kai-scheduler,kai-operator-69b5d7bcf7-h6bzd,6.0,115343360
2026-09-17T02:22:48.347603+00:00,kai-scheduler,pod-grouper-65456f756-dqrtd,1.0,9437184
2026-09-17T02:22:48.347603+00:00,kai-scheduler,podgroup-controller-68f9cc8dbf-9xq88,1.0,13631488
2026-09-17T02:22:48.347603+00:00,kai-scheduler,queue-controller-f86fcd76c-js4jc,1.0,13631488
2026-09-17T02:22:48.347603+00:00,kube-system,coredns-8db54c48d-dkq9n,3.0,67108864
2026-09-17T02:22:48.347603+00:00,kube-system,kwok-controller-5cf8c7c44b-gvkjd,86.0,94371840
2026-09-17T02:22:48.347603+00:00,kube-system,local-path-provisioner-5d9d9885bc-qlhkr,1.0,15728640
2026-09-17T02:22:48.347603+00:00,kube-system,metrics-server-75dc6f8d87-fh8ch,22.0,250609664
2026-09-17T02:22:48.347603+00:00,kube-system,svclb-traefik-dacc61bf-xhs49,0.0,0
2026-09-17T02:22:48.347603+00:00,kube-system,traefik-9bcdbbd9-bktmw,3.0,276824064
2026-09-17T02:22:48.347603+00:00,pyroscope,pyroscope-0,7.0,231735296
2026-09-17T02:22:48.347603+00:00,pyroscope,pyroscope-alloy-0,50.0,758120448
2026-09-17T02:23:19.602793+00:00,grove-system,grove-operator-d858d65f9-ck75j,25.0,837812224
2026-09-17T02:23:19.602793+00:00,kai-scheduler,admission-86666f457d-plhlk,1.0,16777216
2026-09-17T02:23:19.602793+00:00,kai-scheduler,kai-operator-69b5d7bcf7-h6bzd,3.0,116391936
2026-09-17T02:23:19.602793+00:00,kai-scheduler,pod-grouper-65456f756-dqrtd,1.0,9437184
2026-09-17T02:23:19.602793+00:00,kai-scheduler,podgroup-controller-68f9cc8dbf-9xq88,1.0,13631488
2026-09-17T02:23:19.602793+00:00,kai-scheduler,queue-controller-f86fcd76c-js4jc,1.0,13631488
2026-09-17T02:23:19.602793+00:00,kube-system,coredns-8db54c48d-dkq9n,5.0,67108864
2026-09-17T02:23:19.602793+00:00,kube-system,kwok-controller-5cf8c7c44b-gvkjd,87.0,95420416
2026-09-17T02:23:19.602793+00:00,kube-system,local-path-provisioner-5d9d9885bc-qlhkr,1.0,15728640
2026-09-17T02:23:19.602793+00:00,kube-system,metrics-server-75dc6f8d87-fh8ch,30.0,250609664
2026-09-17T02:23:19.602793+00:00,kube-system,svclb-traefik-dacc61bf-xhs49,0.0,0
2026-09-17T02:23:19.602793+00:00,kube-system,traefik-9bcdbbd9-bktmw,3.0,275775488
2026-09-17T02:23:19.602793+00:00,pyroscope,pyroscope-0,6.0,232783872
2026-09-17T02:23:19.602793+00:00,pyroscope,pyroscope-alloy-0,8.0,758120448
2026-09-17T02:23:50.852277+00:00,grove-system,grove-operator-d858d65f9-ck75j,28.0,839909376
2026-09-17T02:23:50.852277+00:00,kai-scheduler,admission-86666f457d-plhlk,1.0,16777216
2026-09-17T02:23:50.852277+00:00,kai-scheduler,kai-operator-69b5d7bcf7-h6bzd,3.0,116391936
2026-09-17T02:23:50.852277+00:00,kai-scheduler,pod-grouper-65456f756-dqrtd,1.0,9437184
2026-09-17T02:23:50.852277+00:00,kai-scheduler,podgroup-controller-68f9cc8dbf-9xq88,1.0,13631488
2026-09-17T02:23:50.852277+00:00,kai-scheduler,queue-controller-f86fcd76c-js4jc,1.0,13631488
2026-09-17T02:23:50.852277+00:00,kube-system,coredns-8db54c48d-dkq9n,3.0,66060288
2026-09-17T02:23:50.852277+00:00,kube-system,kwok-controller-5cf8c7c44b-gvkjd,87.0,95420416
2026-09-17T02:23:50.852277+00:00,kube-system,local-path-provisioner-5d9d9885bc-qlhkr,1.0,15728640
2026-09-17T02:23:50.852277+00:00,kube-system,metrics-server-75dc6f8d87-fh8ch,28.0,251658240
2026-09-17T02:23:50.852277+00:00,kube-system,svclb-traefik-dacc61bf-xhs49,0.0,0
2026-09-17T02:23:50.852277+00:00,kube-system,traefik-9bcdbbd9-bktmw,3.0,276824064
2026-09-17T02:23:50.852277+00:00,pyroscope,pyroscope-0,6.0,232783872
2026-09-17T02:23:50.852277+00:00,pyroscope,pyroscope-alloy-0,46.0,758120448
2026-09-17T02:24:22.110833+00:00,grove-system,grove-operator-d858d65f9-ck75j,37.0,847249408
2026-09-17T02:24:22.110833+00:00,kai-scheduler,admission-86666f457d-plhlk,1.0,16777216
2026-09-17T02:24:22.110833+00:00,kai-scheduler,kai-operator-69b5d7bcf7-h6bzd,3.0,116391936
2026-09-17T02:24:22.110833+00:00,kai-scheduler,pod-grouper-65456f756-dqrtd,1.0,9437184
2026-09-17T02:24:22.110833+00:00,kai-scheduler,podgroup-controller-68f9cc8dbf-9xq88,1.0,13631488
2026-09-17T02:24:22.110833+00:00,kai-scheduler,queue-controller-f86fcd76c-js4jc,1.0,13631488
2026-09-17T02:24:22.110833+00:00,kube-system,coredns-8db54c48d-dkq9n,3.0,66060288
2026-09-17T02:24:22.110833+00:00,kube-system,kwok-controller-5cf8c7c44b-gvkjd,86.0,95420416
2026-09-17T02:24:22.110833+00:00,kube-system,local-path-provisioner-5d9d9885bc-qlhkr,1.0,15728640
2026-09-17T02:24:22.110833+00:00,kube-system,metrics-server-75dc6f8d87-fh8ch,32.0,251658240
2026-09-17T02:24:22.110833+00:00,kube-system,svclb-traefik-dacc61bf-xhs49,0.0,0
2026-09-17T02:24:22.110833+00:00,kube-system,traefik-9bcdbbd9-bktmw,3.0,275775488
2026-09-17T02:24:22.110833+00:00,pyroscope,pyroscope-0,6.0,233832448
2026-09-17T02:24:22.110833+00:00,pyroscope,pyroscope-alloy-0,7.0,758120448
2026-09-17T02:24:53.372735+00:00,grove-system,grove-operator-d858d65f9-ck75j,33.0,848297984
2026-09-17T02:24:53.372735+00:00,kai-scheduler,admission-86666f457d-plhlk,1.0,16777216
2026-09-17T02:24:53.372735+00:00,kai-scheduler,kai-operator-69b5d7bcf7-h6bzd,3.0,117440512
2026-09-17T02:24:53.372735+00:00,kai-scheduler,pod-grouper-65456f756-dqrtd,1.0,9437184
2026-09-17T02:24:53.372735+00:00,kai-scheduler,podgroup-controller-68f9cc8dbf-9xq88,1.0,13631488
2026-09-17T02:24:53.372735+00:00,kai-scheduler,queue-controller-f86fcd76c-js4jc,1.0,13631488
2026-09-17T02:24:53.372735+00:00,kube-system,coredns-8db54c48d-dkq9n,3.0,66060288
2026-09-17T02:24:53.372735+00:00,kube-system,kwok-controller-5cf8c7c44b-gvkjd,89.0,94371840
2026-09-17T02:24:53.372735+00:00,kube-system,local-path-provisioner-5d9d9885bc-qlhkr,1.0,15728640
2026-09-17T02:24:53.372735+00:00,kube-system,metrics-server-75dc6f8d87-fh8ch,25.0,253755392
2026-09-17T02:24:53.372735+00:00,kube-system,svclb-traefik-dacc61bf-xhs49,0.0,0
2026-09-17T02:24:53.372735+00:00,kube-system,traefik-9bcdbbd9-bktmw,9.0,271581184
2026-09-17T02:24:53.372735+00:00,pyroscope,pyroscope-0,5.0,234881024
2026-09-17T02:24:53.372735+00:00,pyroscope,pyroscope-alloy-0,6.0,758120448
2026-09-17T02:25:24.620412+00:00,grove-system,grove-operator-d858d65f9-ck75j,28.0,830472192
2026-09-17T02:25:24.620412+00:00,kai-scheduler,admission-86666f457d-plhlk,1.0,16777216
2026-09-17T02:25:24.620412+00:00,kai-scheduler,kai-operator-69b5d7bcf7-h6bzd,3.0,117440512
2026-09-17T02:25:24.620412+00:00,kai-scheduler,pod-grouper-65456f756-dqrtd,1.0,9437184
2026-09-17T02:25:24.620412+00:00,kai-scheduler,podgroup-controller-68f9cc8dbf-9xq88,1.0,13631488
2026-09-17T02:25:24.620412+00:00,kai-scheduler,queue-controller-f86fcd76c-js4jc,1.0,13631488
2026-09-17T02:25:24.620412+00:00,kube-system,coredns-8db54c48d-dkq9n,3.0,66060288
2026-09-17T02:25:24.620412+00:00,kube-system,kwok-controller-5cf8c7c44b-gvkjd,411.0,96468992
2026-09-17T02:25:24.620412+00:00,kube-system,local-path-provisioner-5d9d9885bc-qlhkr,1.0,15728640
2026-09-17T02:25:24.620412+00:00,kube-system,metrics-server-75dc6f8d87-fh8ch,28.0,250609664
2026-09-17T02:25:24.620412+00:00,kube-system,svclb-traefik-dacc61bf-xhs49,0.0,0
2026-09-17T02:25:24.620412+00:00,kube-system,traefik-9bcdbbd9-bktmw,3.0,270532608
2026-09-17T02:25:24.620412+00:00,pyroscope,pyroscope-0,6.0,235929600
2026-09-17T02:25:24.620412+00:00,pyroscope,pyroscope-alloy-0,34.0,758120448
2026-09-17T02:25:55.876665+00:00,grove-system,grove-operator-d858d65f9-ck75j,49.0,828375040
2026-09-17T02:25:55.876665+00:00,kai-scheduler,admission-86666f457d-plhlk,1.0,16777216
2026-09-17T02:25:55.876665+00:00,kai-scheduler,kai-operator-69b5d7bcf7-h6bzd,6.0,117440512
2026-09-17T02:25:55.876665+00:00,kai-scheduler,pod-grouper-65456f756-dqrtd,1.0,9437184
2026-09-17T02:25:55.876665+00:00,kai-scheduler,podgroup-controller-68f9cc8dbf-9xq88,1.0,13631488
2026-09-17T02:25:55.876665+00:00,kai-scheduler,queue-controller-f86fcd76c-js4jc,1.0,13631488
2026-09-17T02:25:55.876665+00:00,kube-system,coredns-8db54c48d-dkq9n,3.0,66060288
2026-09-17T02:25:55.876665+00:00,kube-system,kwok-controller-5cf8c7c44b-gvkjd,91.0,93323264
2026-09-17T02:25:55.876665+00:00,kube-system,local-path-provisioner-5d9d9885bc-qlhkr,1.0,15728640
2026-09-17T02:25:55.876665+00:00,kube-system,metrics-server-75dc6f8d87-fh8ch,28.0,251658240
2026-09-17T02:25:55.876665+00:00,kube-system,svclb-traefik-dacc61bf-xhs49,0.0,0
2026-09-17T02:25:55.876665+00:00,kube-system,traefik-9bcdbbd9-bktmw,4.0,271581184
2026-09-17T02:25:55.876665+00:00,pyroscope,pyroscope-0,7.0,236978176
2026-09-17T02:25:55.876665+00:00,pyroscope,pyroscope-alloy-0,100.0,759169024
2026-09-17T02:26:27.130188+00:00,grove-system,grove-operator-d858d65f9-ck75j,30.0,832569344
2026-09-17T02:26:27.130188+00:00,kai-scheduler,admission-86666f457d-plhlk,1.0,16777216
2026-09-17T02:26:27.130188+00:00,kai-scheduler,kai-operator-69b5d7bcf7-h6bzd,3.0,117440512
2026-09-17T02:26:27.130188+00:00,kai-scheduler,pod-grouper-65456f756-dqrtd,1.0,9437184
2026-09-17T02:26:27.130188+00:00,kai-scheduler,podgroup-controller-68f9cc8dbf-9xq88,1.0,13631488
2026-09-17T02:26:27.130188+00:00,kai-scheduler,queue-controller-f86fcd76c-js4jc,1.0,13631488
2026-09-17T02:26:27.130188+00:00,kube-system,coredns-8db54c48d-dkq9n,3.0,66060288
2026-09-17T02:26:27.130188+00:00,kube-system,kwok-controller-5cf8c7c44b-gvkjd,91.0,94371840
2026-09-17T02:26:27.130188+00:00,kube-system,local-path-provisioner-5d9d9885bc-qlhkr,1.0,15728640
2026-09-17T02:26:27.130188+00:00,kube-system,metrics-server-75dc6f8d87-fh8ch,29.0,250609664
2026-09-17T02:26:27.130188+00:00,kube-system,svclb-traefik-dacc61bf-xhs49,0.0,0
2026-09-17T02:26:27.130188+00:00,kube-system,traefik-9bcdbbd9-bktmw,3.0,270532608
2026-09-17T02:26:27.130188+00:00,pyroscope,pyroscope-0,6.0,236978176
2026-09-17T02:26:27.130188+00:00,pyroscope,pyroscope-alloy-0,62.0,760217600
2026-09-17T02:26:58.382172+00:00,grove-system,grove-operator-d858d65f9-ck75j,53.0,827326464
2026-09-17T02:26:58.382172+00:00,kai-scheduler,admission-86666f457d-plhlk,1.0,16777216
2026-09-17T02:26:58.382172+00:00,kai-scheduler,kai-operator-69b5d7bcf7-h6bzd,3.0,113246208
2026-09-17T02:26:58.382172+00:00,kai-scheduler,pod-grouper-65456f756-dqrtd,1.0,9437184
2026-09-17T02:26:58.382172+00:00,kai-scheduler,podgroup-controller-68f9cc8dbf-9xq88,1.0,13631488
2026-09-17T02:26:58.382172+00:00,kai-scheduler,queue-controller-f86fcd76c-js4jc,1.0,13631488
2026-09-17T02:26:58.382172+00:00,kube-system,coredns-8db54c48d-dkq9n,3.0,66060288
2026-09-17T02:26:58.382172+00:00,kube-system,kwok-controller-5cf8c7c44b-gvkjd,90.0,93323264
2026-09-17T02:26:58.382172+00:00,kube-system,local-path-provisioner-5d9d9885bc-qlhkr,1.0,15728640
2026-09-17T02:26:58.382172+00:00,kube-system,metrics-server-75dc6f8d87-fh8ch,31.0,250609664
2026-09-17T02:26:58.382172+00:00,kube-system,svclb-traefik-dacc61bf-xhs49,0.0,0
2026-09-17T02:26:58.382172+00:00,kube-system,traefik-9bcdbbd9-bktmw,9.0,270532608
2026-09-17T02:26:58.382172+00:00,pyroscope,pyroscope-0,6.0,238026752
2026-09-17T02:26:58.382172+00:00,pyroscope,pyroscope-alloy-0,56.0,754974720
2026-09-17T02:27:29.631779+00:00,grove-system,grove-operator-d858d65f9-ck75j,30.0,830472192
2026-09-17T02:27:29.631779+00:00,kai-scheduler,admission-86666f457d-plhlk,1.0,16777216
2026-09-17T02:27:29.631779+00:00,kai-scheduler,kai-operator-69b5d7bcf7-h6bzd,3.0,113246208
2026-09-17T02:27:29.631779+00:00,kai-scheduler,pod-grouper-65456f756-dqrtd,1.0,9437184
2026-09-17T02:27:29.631779+00:00,kai-scheduler,podgroup-controller-68f9cc8dbf-9xq88,1.0,13631488
2026-09-17T02:27:29.631779+00:00,kai-scheduler,queue-controller-f86fcd76c-js4jc,1.0,13631488
2026-09-17T02:27:29.631779+00:00,kube-system,coredns-8db54c48d-dkq9n,3.0,66060288
2026-09-17T02:27:29.631779+00:00,kube-system,kwok-controller-5cf8c7c44b-gvkjd,86.0,94371840
2026-09-17T02:27:29.631779+00:00,kube-system,local-path-provisioner-5d9d9885bc-qlhkr,1.0,15728640
2026-09-17T02:27:29.631779+00:00,kube-system,metrics-server-75dc6f8d87-fh8ch,30.0,251658240
2026-09-17T02:27:29.631779+00:00,kube-system,svclb-traefik-dacc61bf-xhs49,0.0,0
2026-09-17T02:27:29.631779+00:00,kube-system,traefik-9bcdbbd9-bktmw,3.0,269484032
2026-09-17T02:27:29.631779+00:00,pyroscope,pyroscope-0,5.0,239075328
2026-09-17T02:27:29.631779+00:00,pyroscope,pyroscope-alloy-0,93.0,754974720
2026-09-17T02:28:00.884456+00:00,grove-system,grove-operator-d858d65f9-ck75j,29.0,810549248
2026-09-17T02:28:00.884456+00:00,kai-scheduler,admission-86666f457d-plhlk,1.0,17825792
2026-09-17T02:28:00.884456+00:00,kai-scheduler,kai-operator-69b5d7bcf7-h6bzd,5.0,113246208
2026-09-17T02:28:00.884456+00:00,kai-scheduler,pod-grouper-65456f756-dqrtd,1.0,9437184
2026-09-17T02:28:00.884456+00:00,kai-scheduler,podgroup-controller-68f9cc8dbf-9xq88,1.0,13631488
2026-09-17T02:28:00.884456+00:00,kai-scheduler,queue-controller-f86fcd76c-js4jc,1.0,13631488
2026-09-17T02:28:00.884456+00:00,kube-system,coredns-8db54c48d-dkq9n,3.0,65011712
2026-09-17T02:28:00.884456+00:00,kube-system,kwok-controller-5cf8c7c44b-gvkjd,90.0,94371840
2026-09-17T02:28:00.884456+00:00,kube-system,local-path-provisioner-5d9d9885bc-qlhkr,1.0,15728640
2026-09-17T02:28:00.884456+00:00,kube-system,metrics-server-75dc6f8d87-fh8ch,24.0,250609664
2026-09-17T02:28:00.884456+00:00,kube-system,svclb-traefik-dacc61bf-xhs49,0.0,0
2026-09-17T02:28:00.884456+00:00,kube-system,traefik-9bcdbbd9-bktmw,3.0,269484032
2026-09-17T02:28:00.884456+00:00,pyroscope,pyroscope-0,6.0,236978176
2026-09-17T02:28:00.884456+00:00,pyroscope,pyroscope-alloy-0,92.0,753926144
2026-09-17T02:28:32.139587+00:00,grove-system,grove-operator-d858d65f9-ck75j,19.0,813694976
2026-09-17T02:28:32.139587+00:00,kai-scheduler,admission-86666f457d-plhlk,1.0,16777216
2026-09-17T02:28:32.139587+00:00,kai-scheduler,kai-operator-69b5d7bcf7-h6bzd,1.0,113246208
2026-09-17T02:28:32.139587+00:00,kai-scheduler,pod-grouper-65456f756-dqrtd,1.0,9437184
2026-09-17T02:28:32.139587+00:00,kai-scheduler,podgroup-controller-68f9cc8dbf-9xq88,1.0,13631488
2026-09-17T02:28:32.139587+00:00,kai-scheduler,queue-controller-f86fcd76c-js4jc,1.0,13631488
2026-09-17T02:28:32.139587+00:00,kube-system,coredns-8db54c48d-dkq9n,3.0,65011712
2026-09-17T02:28:32.139587+00:00,kube-system,kwok-controller-5cf8c7c44b-gvkjd,115.0,95420416
2026-09-17T02:28:32.139587+00:00,kube-system,local-path-provisioner-5d9d9885bc-qlhkr,1.0,15728640
2026-09-17T02:28:32.139587+00:00,kube-system,metrics-server-75dc6f8d87-fh8ch,40.0,253755392
2026-09-17T02:28:32.139587+00:00,kube-system,svclb-traefik-dacc61bf-xhs49,0.0,0
2026-09-17T02:28:32.139587+00:00,kube-system,traefik-9bcdbbd9-bktmw,3.0,269484032
2026-09-17T02:28:32.139587+00:00,pyroscope,pyroscope-0,4.0,236978176
2026-09-17T02:28:32.139587+00:00,pyroscope,pyroscope-alloy-0,140.0,759169024
2026-09-17T02:29:03.392824+00:00,grove-system,grove-operator-d858d65f9-ck75j,18.0,805306368
2026-09-17T02:29:03.392824+00:00,kai-scheduler,admission-86666f457d-plhlk,1.0,16777216
2026-09-17T02:29:03.392824+00:00,kai-scheduler,kai-operator-69b5d7bcf7-h6bzd,1.0,113246208
2026-09-17T02:29:03.392824+00:00,kai-scheduler,pod-grouper-65456f756-dqrtd,1.0,9437184
2026-09-17T02:29:03.392824+00:00,kai-scheduler,podgroup-controller-68f9cc8dbf-9xq88,1.0,13631488
2026-09-17T02:29:03.392824+00:00,kai-scheduler,queue-controller-f86fcd76c-js4jc,1.0,13631488
2026-09-17T02:29:03.392824+00:00,kube-system,coredns-8db54c48d-dkq9n,5.0,65011712
2026-09-17T02:29:03.392824+00:00,kube-system,kwok-controller-5cf8c7c44b-gvkjd,121.0,94371840
2026-09-17T02:29:03.392824+00:00,kube-system,local-path-provisioner-5d9d9885bc-qlhkr,1.0,15728640
2026-09-17T02:29:03.392824+00:00,kube-system,metrics-server-75dc6f8d87-fh8ch,41.0,250609664
2026-09-17T02:29:03.392824+00:00,kube-system,svclb-traefik-dacc61bf-xhs49,0.0,0
2026-09-17T02:29:03.392824+00:00,kube-system,traefik-9bcdbbd9-bktmw,3.0,267386880
2026-09-17T02:29:03.392824+00:00,pyroscope,pyroscope-0,7.0,235929600
2026-09-17T02:29:03.392824+00:00,pyroscope,pyroscope-alloy-0,169.0,760217600
2026-09-17T02:29:34.643336+00:00,grove-system,grove-operator-d858d65f9-ck75j,18.0,808452096
2026-09-17T02:29:34.643336+00:00,kai-scheduler,admission-86666f457d-plhlk,1.0,16777216
2026-09-17T02:29:34.643336+00:00,kai-scheduler,kai-operator-69b5d7bcf7-h6bzd,1.0,113246208
2026-09-17T02:29:34.643336+00:00,kai-scheduler,pod-grouper-65456f756-dqrtd,1.0,9437184
2026-09-17T02:29:34.643336+00:00,kai-scheduler,podgroup-controller-68f9cc8dbf-9xq88,1.0,13631488
2026-09-17T02:29:34.643336+00:00,kai-scheduler,queue-controller-f86fcd76c-js4jc,1.0,13631488
2026-09-17T02:29:34.643336+00:00,kube-system,coredns-8db54c48d-dkq9n,3.0,63963136
2026-09-17T02:29:34.643336+00:00,kube-system,kwok-controller-5cf8c7c44b-gvkjd,119.0,94371840
2026-09-17T02:29:34.643336+00:00,kube-system,local-path-provisioner-5d9d9885bc-qlhkr,1.0,15728640
2026-09-17T02:29:34.643336+00:00,kube-system,metrics-server-75dc6f8d87-fh8ch,48.0,252706816
2026-09-17T02:29:34.643336+00:00,kube-system,svclb-traefik-dacc61bf-xhs49,0.0,0
2026-09-17T02:29:34.643336+00:00,kube-system,traefik-9bcdbbd9-bktmw,3.0,267386880
2026-09-17T02:29:34.643336+00:00,pyroscope,pyroscope-0,7.0,235929600
2026-09-17T02:29:34.643336+00:00,pyroscope,pyroscope-alloy-0,142.0,750780416
2026-09-17T02:30:05.893205+00:00,grove-system,grove-operator-d858d65f9-ck75j,18.0,810549248
2026-09-17T02:30:05.893205+00:00,kai-scheduler,admission-86666f457d-plhlk,1.0,17825792
2026-09-17T02:30:05.893205+00:00,kai-scheduler,kai-operator-69b5d7bcf7-h6bzd,1.0,113246208
2026-09-17T02:30:05.893205+00:00,kai-scheduler,pod-grouper-65456f756-dqrtd,1.0,9437184
2026-09-17T02:30:05.893205+00:00,kai-scheduler,podgroup-controller-68f9cc8dbf-9xq88,1.0,13631488
2026-09-17T02:30:05.893205+00:00,kai-scheduler,queue-controller-f86fcd76c-js4jc,1.0,13631488
2026-09-17T02:30:05.893205+00:00,kube-system,coredns-8db54c48d-dkq9n,3.0,65011712
2026-09-17T02:30:05.893205+00:00,kube-system,kwok-controller-5cf8c7c44b-gvkjd,118.0,95420416
2026-09-17T02:30:05.893205+00:00,kube-system,local-path-provisioner-5d9d9885bc-qlhkr,1.0,15728640
2026-09-17T02:30:05.893205+00:00,kube-system,metrics-server-75dc6f8d87-fh8ch,39.0,251658240
2026-09-17T02:30:05.893205+00:00,kube-system,svclb-traefik-dacc61bf-xhs49,0.0,0
2026-09-17T02:30:05.893205+00:00,kube-system,traefik-9bcdbbd9-bktmw,3.0,268435456
2026-09-17T02:30:05.893205+00:00,pyroscope,pyroscope-0,6.0,235929600
2026-09-17T02:30:05.893205+00:00,pyroscope,pyroscope-alloy-0,124.0,748683264
2026-09-17T02:30:37.149207+00:00,grove-system,grove-operator-d858d65f9-ck75j,20.0,812646400
2026-09-17T02:30:37.149207+00:00,kai-scheduler,admission-86666f457d-plhlk,1.0,16777216
2026-09-17T02:30:37.149207+00:00,kai-scheduler,kai-operator-69b5d7bcf7-h6bzd,2.0,104857600
2026-09-17T02:30:37.149207+00:00,kai-scheduler,pod-grouper-65456f756-dqrtd,1.0,9437184
2026-09-17T02:30:37.149207+00:00,kai-scheduler,podgroup-controller-68f9cc8dbf-9xq88,1.0,13631488
2026-09-17T02:30:37.149207+00:00,kai-scheduler,queue-controller-f86fcd76c-js4jc,1.0,13631488
2026-09-17T02:30:37.149207+00:00,kube-system,coredns-8db54c48d-dkq9n,3.0,63963136
2026-09-17T02:30:37.149207+00:00,kube-system,kwok-controller-5cf8c7c44b-gvkjd,118.0,93323264
2026-09-17T02:30:37.149207+00:00,kube-system,local-path-provisioner-5d9d9885bc-qlhkr,1.0,15728640
2026-09-17T02:30:37.149207+00:00,kube-system,metrics-server-75dc6f8d87-fh8ch,42.0,254803968
2026-09-17T02:30:37.149207+00:00,kube-system,svclb-traefik-dacc61bf-xhs49,0.0,0
2026-09-17T02:30:37.149207+00:00,kube-system,traefik-9bcdbbd9-bktmw,3.0,267386880
2026-09-17T02:30:37.149207+00:00,pyroscope,pyroscope-0,6.0,238026752
2026-09-17T02:30:37.149207+00:00,pyroscope,pyroscope-alloy-0,123.0,735051776
2026-09-17T02:31:08.401828+00:00,grove-system,grove-operator-d858d65f9-ck75j,18.0,812646400
2026-09-17T02:31:08.401828+00:00,kai-scheduler,admission-86666f457d-plhlk,1.0,16777216
2026-09-17T02:31:08.401828+00:00,kai-scheduler,kai-operator-69b5d7bcf7-h6bzd,4.0,104857600
2026-09-17T02:31:08.401828+00:00,kai-scheduler,pod-grouper-65456f756-dqrtd,1.0,9437184
2026-09-17T02:31:08.401828+00:00,kai-scheduler,podgroup-controller-68f9cc8dbf-9xq88,1.0,13631488
2026-09-17T02:31:08.401828+00:00,kai-scheduler,queue-controller-f86fcd76c-js4jc,1.0,13631488
2026-09-17T02:31:08.401828+00:00,kube-system,coredns-8db54c48d-dkq9n,3.0,65011712
2026-09-17T02:31:08.401828+00:00,kube-system,kwok-controller-5cf8c7c44b-gvkjd,122.0,95420416
2026-09-17T02:31:08.401828+00:00,kube-system,local-path-provisioner-5d9d9885bc-qlhkr,1.0,15728640
2026-09-17T02:31:08.401828+00:00,kube-system,metrics-server-75dc6f8d87-fh8ch,55.0,251658240
2026-09-17T02:31:08.401828+00:00,kube-system,svclb-traefik-dacc61bf-xhs49,0.0,0
2026-09-17T02:31:08.401828+00:00,kube-system,traefik-9bcdbbd9-bktmw,3.0,266338304
2026-09-17T02:31:08.401828+00:00,pyroscope,pyroscope-0,4.0,239075328
2026-09-17T02:31:08.401828+00:00,pyroscope,pyroscope-alloy-0,137.0,735051776
2026-09-17T02:31:39.653163+00:00,grove-system,grove-operator-d858d65f9-ck75j,20.0,793772032
2026-09-17T02:31:39.653163+00:00,kai-scheduler,admission-86666f457d-plhlk,1.0,16777216
2026-09-17T02:31:39.653163+00:00,kai-scheduler,kai-operator-69b5d7bcf7-h6bzd,1.0,106954752
2026-09-17T02:31:39.653163+00:00,kai-scheduler,pod-grouper-65456f756-dqrtd,1.0,9437184
2026-09-17T02:31:39.653163+00:00,kai-scheduler,podgroup-controller-68f9cc8dbf-9xq88,1.0,13631488
2026-09-17T02:31:39.653163+00:00,kai-scheduler,queue-controller-f86fcd76c-js4jc,1.0,13631488
2026-09-17T02:31:39.653163+00:00,kube-system,coredns-8db54c48d-dkq9n,3.0,63963136
2026-09-17T02:31:39.653163+00:00,kube-system,kwok-controller-5cf8c7c44b-gvkjd,122.0,92274688
2026-09-17T02:31:39.653163+00:00,kube-system,local-path-provisioner-5d9d9885bc-qlhkr,1.0,15728640
2026-09-17T02:31:39.653163+00:00,kube-system,metrics-server-75dc6f8d87-fh8ch,46.0,250609664
2026-09-17T02:31:39.653163+00:00,kube-system,svclb-traefik-dacc61bf-xhs49,0.0,0
2026-09-17T02:31:39.653163+00:00,kube-system,traefik-9bcdbbd9-bktmw,3.0,267386880
2026-09-17T02:31:39.653163+00:00,pyroscope,pyroscope-0,7.0,243269632
2026-09-17T02:31:39.653163+00:00,pyroscope,pyroscope-alloy-0,133.0,736100352
2026-09-17T02:32:10.905290+00:00,grove-system,grove-operator-d858d65f9-ck75j,37.0,791674880
2026-09-17T02:32:10.905290+00:00,kai-scheduler,admission-86666f457d-plhlk,1.0,16777216
2026-09-17T02:32:10.905290+00:00,kai-scheduler,kai-operator-69b5d7bcf7-h6bzd,1.0,106954752
2026-09-17T02:32:10.905290+00:00,kai-scheduler,pod-grouper-65456f756-dqrtd,1.0,9437184
2026-09-17T02:32:10.905290+00:00,kai-scheduler,podgroup-controller-68f9cc8dbf-9xq88,1.0,13631488
2026-09-17T02:32:10.905290+00:00,kai-scheduler,queue-controller-f86fcd76c-js4jc,1.0,13631488
2026-09-17T02:32:10.905290+00:00,kube-system,coredns-8db54c48d-dkq9n,3.0,63963136
2026-09-17T02:32:10.905290+00:00,kube-system,kwok-controller-5cf8c7c44b-gvkjd,116.0,92274688
2026-09-17T02:32:10.905290+00:00,kube-system,local-path-provisioner-5d9d9885bc-qlhkr,1.0,15728640
2026-09-17T02:32:10.905290+00:00,kube-system,metrics-server-75dc6f8d87-fh8ch,42.0,251658240
2026-09-17T02:32:10.905290+00:00,kube-system,svclb-traefik-dacc61bf-xhs49,0.0,0
2026-09-17T02:32:10.905290+00:00,kube-system,traefik-9bcdbbd9-bktmw,3.0,266338304
2026-09-17T02:32:10.905290+00:00,pyroscope,pyroscope-0,6.0,236978176
2026-09-17T02:32:10.905290+00:00,pyroscope,pyroscope-alloy-0,110.0,721420288
2026-09-17T02:32:42.156095+00:00,grove-system,grove-operator-d858d65f9-ck75j,19.0,795869184
2026-09-17T02:32:42.156095+00:00,kai-scheduler,admission-86666f457d-plhlk,1.0,16777216
2026-09-17T02:32:42.156095+00:00,kai-scheduler,kai-operator-69b5d7bcf7-h6bzd,1.0,106954752
2026-09-17T02:32:42.156095+00:00,kai-scheduler,pod-grouper-65456f756-dqrtd,1.0,9437184
2026-09-17T02:32:42.156095+00:00,kai-scheduler,podgroup-controller-68f9cc8dbf-9xq88,1.0,13631488
2026-09-17T02:32:42.156095+00:00,kai-scheduler,queue-controller-f86fcd76c-js4jc,1.0,13631488
2026-09-17T02:32:42.156095+00:00,kube-system,coredns-8db54c48d-dkq9n,3.0,63963136
2026-09-17T02:32:42.156095+00:00,kube-system,kwok-controller-5cf8c7c44b-gvkjd,119.0,93323264
2026-09-17T02:32:42.156095+00:00,kube-system,local-path-provisioner-5d9d9885bc-qlhkr,1.0,15728640
2026-09-17T02:32:42.156095+00:00,kube-system,metrics-server-75dc6f8d87-fh8ch,43.0,252706816
2026-09-17T02:32:42.156095+00:00,kube-system,svclb-traefik-dacc61bf-xhs49,0.0,0
2026-09-17T02:32:42.156095+00:00,kube-system,traefik-9bcdbbd9-bktmw,3.0,268435456
2026-09-17T02:32:42.156095+00:00,pyroscope,pyroscope-0,6.0,238026752
2026-09-17T02:32:42.156095+00:00,pyroscope,pyroscope-alloy-0,102.0,708837376
2026-09-17T02:33:13.414612+00:00,grove-system,grove-operator-d858d65f9-ck75j,32.0,791674880
2026-09-17T02:33:13.414612+00:00,kai-scheduler,admission-86666f457d-plhlk,1.0,16777216
2026-09-17T02:33:13.414612+00:00,kai-scheduler,kai-operator-69b5d7bcf7-h6bzd,4.0,111149056
2026-09-17T02:33:13.414612+00:00,kai-scheduler,pod-grouper-65456f756-dqrtd,1.0,9437184
2026-09-17T02:33:13.414612+00:00,kai-scheduler,podgroup-controller-68f9cc8dbf-9xq88,1.0,13631488
2026-09-17T02:33:13.414612+00:00,kai-scheduler,queue-controller-f86fcd76c-js4jc,1.0,13631488
2026-09-17T02:33:13.414612+00:00,kube-system,coredns-8db54c48d-dkq9n,4.0,63963136
2026-09-17T02:33:13.414612+00:00,kube-system,kwok-controller-5cf8c7c44b-gvkjd,118.0,93323264
2026-09-17T02:33:13.414612+00:00,kube-system,local-path-provisioner-5d9d9885bc-qlhkr,1.0,15728640
2026-09-17T02:33:13.414612+00:00,kube-system,metrics-server-75dc6f8d87-fh8ch,52.0,251658240
2026-09-17T02:33:13.414612+00:00,kube-system,svclb-traefik-dacc61bf-xhs49,0.0,0
2026-09-17T02:33:13.414612+00:00,kube-system,traefik-9bcdbbd9-bktmw,3.0,266338304
2026-09-17T02:33:13.414612+00:00,pyroscope,pyroscope-0,6.0,239075328
2026-09-17T02:33:13.414612+00:00,pyroscope,pyroscope-alloy-0,103.0,710934528
2026-09-17T02:33:44.664999+00:00,grove-system,grove-operator-d858d65f9-ck75j,18.0,794820608
2026-09-17T02:33:44.664999+00:00,kai-scheduler,admission-86666f457d-plhlk,1.0,16777216
2026-09-17T02:33:44.664999+00:00,kai-scheduler,kai-operator-69b5d7bcf7-h6bzd,1.0,111149056
2026-09-17T02:33:44.664999+00:00,kai-scheduler,pod-grouper-65456f756-dqrtd,1.0,9437184
2026-09-17T02:33:44.664999+00:00,kai-scheduler,podgroup-controller-68f9cc8dbf-9xq88,1.0,13631488
2026-09-17T02:33:44.664999+00:00,kai-scheduler,queue-controller-f86fcd76c-js4jc,1.0,13631488
2026-09-17T02:33:44.664999+00:00,kube-system,coredns-8db54c48d-dkq9n,3.0,62914560
2026-09-17T02:33:44.664999+00:00,kube-system,kwok-controller-5cf8c7c44b-gvkjd,123.0,94371840
2026-09-17T02:33:44.664999+00:00,kube-system,local-path-provisioner-5d9d9885bc-qlhkr,1.0,15728640
2026-09-17T02:33:44.664999+00:00,kube-system,metrics-server-75dc6f8d87-fh8ch,46.0,252706816
2026-09-17T02:33:44.664999+00:00,kube-system,svclb-traefik-dacc61bf-xhs49,0.0,0
2026-09-17T02:33:44.664999+00:00,kube-system,traefik-9bcdbbd9-bktmw,3.0,266338304
2026-09-17T02:33:44.664999+00:00,pyroscope,pyroscope-0,5.0,240123904
2026-09-17T02:33:44.664999+00:00,pyroscope,pyroscope-alloy-0,145.0,699400192
2026-09-17T02:34:15.921798+00:00,grove-system,grove-operator-d858d65f9-ck75j,30.0,790626304
2026-09-17T02:34:15.921798+00:00,kai-scheduler,admission-86666f457d-plhlk,1.0,16777216
2026-09-17T02:34:15.921798+00:00,kai-scheduler,kai-operator-69b5d7bcf7-h6bzd,1.0,111149056
2026-09-17T02:34:15.921798+00:00,kai-scheduler,pod-grouper-65456f756-dqrtd,1.0,9437184
2026-09-17T02:34:15.921798+00:00,kai-scheduler,podgroup-controller-68f9cc8dbf-9xq88,1.0,13631488
2026-09-17T02:34:15.921798+00:00,kai-scheduler,queue-controller-f86fcd76c-js4jc,1.0,13631488
2026-09-17T02:34:15.921798+00:00,kube-system,coredns-8db54c48d-dkq9n,3.0,63963136
2026-09-17T02:34:15.921798+00:00,kube-system,kwok-controller-5cf8c7c44b-gvkjd,116.0,94371840
2026-09-17T02:34:15.921798+00:00,kube-system,local-path-provisioner-5d9d9885bc-qlhkr,1.0,15728640
2026-09-17T02:34:15.921798+00:00,kube-system,metrics-server-75dc6f8d87-fh8ch,48.0,251658240
2026-09-17T02:34:15.921798+00:00,kube-system,svclb-traefik-dacc61bf-xhs49,0.0,0
2026-09-17T02:34:15.921798+00:00,kube-system,traefik-9bcdbbd9-bktmw,3.0,266338304
2026-09-17T02:34:15.921798+00:00,pyroscope,pyroscope-0,6.0,240123904
2026-09-17T02:34:15.921798+00:00,pyroscope,pyroscope-alloy-0,116.0,701497344
2026-09-17T02:34:47.175918+00:00,grove-system,grove-operator-d858d65f9-ck75j,19.0,795869184
2026-09-17T02:34:47.175918+00:00,kai-scheduler,admission-86666f457d-plhlk,1.0,16777216
2026-09-17T02:34:47.175918+00:00,kai-scheduler,kai-operator-69b5d7bcf7-h6bzd,1.0,112197632
2026-09-17T02:34:47.175918+00:00,kai-scheduler,pod-grouper-65456f756-dqrtd,1.0,9437184
2026-09-17T02:34:47.175918+00:00,kai-scheduler,podgroup-controller-68f9cc8dbf-9xq88,1.0,13631488
2026-09-17T02:34:47.175918+00:00,kai-scheduler,queue-controller-f86fcd76c-js4jc,1.0,13631488
2026-09-17T02:34:47.175918+00:00,kube-system,coredns-8db54c48d-dkq9n,3.0,62914560
2026-09-17T02:34:47.175918+00:00,kube-system,kwok-controller-5cf8c7c44b-gvkjd,116.0,92274688
2026-09-17T02:34:47.175918+00:00,kube-system,local-path-provisioner-5d9d9885bc-qlhkr,1.0,15728640
2026-09-17T02:34:47.175918+00:00,kube-system,metrics-server-75dc6f8d87-fh8ch,39.0,252706816
2026-09-17T02:34:47.175918+00:00,kube-system,svclb-traefik-dacc61bf-xhs49,0.0,0
2026-09-17T02:34:47.175918+00:00,kube-system,traefik-9bcdbbd9-bktmw,7.0,263192576
2026-09-17T02:34:47.175918+00:00,pyroscope,pyroscope-0,7.0,245366784
2026-09-17T02:34:47.175918+00:00,pyroscope,pyroscope-alloy-0,104.0,682622976
2026-09-17T02:35:18.430841+00:00,grove-system,grove-operator-d858d65f9-ck75j,15.0,796917760
2026-09-17T02:35:18.430841+00:00,kai-scheduler,admission-86666f457d-plhlk,1.0,16777216
2026-09-17T02:35:18.430841+00:00,kai-scheduler,kai-operator-69b5d7bcf7-h6bzd,1.0,112197632
2026-09-17T02:35:18.430841+00:00,kai-scheduler,pod-grouper-65456f756-dqrtd,1.0,9437184
2026-09-17T02:35:18.430841+00:00,kai-scheduler,podgroup-controller-68f9cc8dbf-9xq88,1.0,13631488
2026-09-17T02:35:18.430841+00:00,kai-scheduler,queue-controller-f86fcd76c-js4jc,1.0,13631488
2026-09-17T02:35:18.430841+00:00,kube-system,coredns-8db54c48d-dkq9n,3.0,62914560
2026-09-17T02:35:18.430841+00:00,kube-system,kwok-controller-5cf8c7c44b-gvkjd,120.0,93323264
2026-09-17T02:35:18.430841+00:00,kube-system,local-path-provisioner-5d9d9885bc-qlhkr,1.0,15728640
2026-09-17T02:35:18.430841+00:00,kube-system,metrics-server-75dc6f8d87-fh8ch,42.0,251658240
2026-09-17T02:35:18.430841+00:00,kube-system,svclb-traefik-dacc61bf-xhs49,0.0,0
2026-09-17T02:35:18.430841+00:00,kube-system,traefik-9bcdbbd9-bktmw,3.0,263192576
2026-09-17T02:35:18.430841+00:00,pyroscope,pyroscope-0,6.0,246415360
2026-09-17T02:35:18.430841+00:00,pyroscope,pyroscope-alloy-0,93.0,683671552
2026-09-17T02:35:49.677185+00:00,grove-system,grove-operator-d858d65f9-ck75j,19.0,796917760
2026-09-17T02:35:49.677185+00:00,kai-scheduler,admission-86666f457d-plhlk,1.0,16777216
2026-09-17T02:35:49.677185+00:00,kai-scheduler,kai-operator-69b5d7bcf7-h6bzd,1.0,111149056
2026-09-17T02:35:49.677185+00:00,kai-scheduler,pod-grouper-65456f756-dqrtd,1.0,9437184
2026-09-17T02:35:49.677185+00:00,kai-scheduler,podgroup-controller-68f9cc8dbf-9xq88,1.0,13631488
2026-09-17T02:35:49.677185+00:00,kai-scheduler,queue-controller-f86fcd76c-js4jc,1.0,13631488
2026-09-17T02:35:49.677185+00:00,kube-system,coredns-8db54c48d-dkq9n,3.0,62914560
2026-09-17T02:35:49.677185+00:00,kube-system,kwok-controller-5cf8c7c44b-gvkjd,447.0,94371840
2026-09-17T02:35:49.677185+00:00,kube-system,local-path-provisioner-5d9d9885bc-qlhkr,1.0,15728640
2026-09-17T02:35:49.677185+00:00,kube-system,metrics-server-75dc6f8d87-fh8ch,39.0,250609664
2026-09-17T02:35:49.677185+00:00,kube-system,svclb-traefik-dacc61bf-xhs49,0.0,0
2026-09-17T02:35:49.677185+00:00,kube-system,traefik-9bcdbbd9-bktmw,3.0,263192576
2026-09-17T02:35:49.677185+00:00,pyroscope,pyroscope-0,5.0,246415360
2026-09-17T02:35:49.677185+00:00,pyroscope,pyroscope-alloy-0,98.0,664797184
2026-09-17T02:36:20.929447+00:00,grove-system,grove-operator-d858d65f9-ck75j,18.0,781189120
2026-09-17T02:36:20.929447+00:00,kai-scheduler,admission-86666f457d-plhlk,1.0,16777216
2026-09-17T02:36:20.929447+00:00,kai-scheduler,kai-operator-69b5d7bcf7-h6bzd,1.0,111149056
2026-09-17T02:36:20.929447+00:00,kai-scheduler,pod-grouper-65456f756-dqrtd,1.0,9437184
2026-09-17T02:36:20.929447+00:00,kai-scheduler,podgroup-controller-68f9cc8dbf-9xq88,1.0,13631488
2026-09-17T02:36:20.929447+00:00,kai-scheduler,queue-controller-f86fcd76c-js4jc,1.0,13631488
2026-09-17T02:36:20.929447+00:00,kube-system,coredns-8db54c48d-dkq9n,4.0,63963136
2026-09-17T02:36:20.929447+00:00,kube-system,kwok-controller-5cf8c7c44b-gvkjd,123.0,93323264
2026-09-17T02:36:20.929447+00:00,kube-system,local-path-provisioner-5d9d9885bc-qlhkr,1.0,15728640
2026-09-17T02:36:20.929447+00:00,kube-system,metrics-server-75dc6f8d87-fh8ch,33.0,250609664
2026-09-17T02:36:20.929447+00:00,kube-system,svclb-traefik-dacc61bf-xhs49,0.0,0
2026-09-17T02:36:20.929447+00:00,kube-system,traefik-9bcdbbd9-bktmw,3.0,263192576
2026-09-17T02:36:20.929447+00:00,pyroscope,pyroscope-0,6.0,239075328
2026-09-17T02:36:20.929447+00:00,pyroscope,pyroscope-alloy-0,84.0,660602880
2026-09-17T02:36:52.185244+00:00,grove-system,grove-operator-d858d65f9-ck75j,37.0,772800512
2026-09-17T02:36:52.185244+00:00,kai-scheduler,admission-86666f457d-plhlk,1.0,16777216
2026-09-17T02:36:52.185244+00:00,kai-scheduler,kai-operator-69b5d7bcf7-h6bzd,1.0,103809024
2026-09-17T02:36:52.185244+00:00,kai-scheduler,kai-scheduler-default-85b5b8dff6-8q68j,95.0,369098752
2026-09-17T02:36:52.185244+00:00,kai-scheduler,pod-grouper-65456f756-dqrtd,1.0,9437184
2026-09-17T02:36:52.185244+00:00,kai-scheduler,podgroup-controller-68f9cc8dbf-9xq88,1.0,13631488
2026-09-17T02:36:52.185244+00:00,kai-scheduler,queue-controller-f86fcd76c-js4jc,1.0,13631488
2026-09-17T02:36:52.185244+00:00,kube-system,coredns-8db54c48d-dkq9n,3.0,62914560
2026-09-17T02:36:52.185244+00:00,kube-system,kwok-controller-5cf8c7c44b-gvkjd,123.0,95420416
2026-09-17T02:36:52.185244+00:00,kube-system,local-path-provisioner-5d9d9885bc-qlhkr,1.0,15728640
2026-09-17T02:36:52.185244+00:00,kube-system,metrics-server-75dc6f8d87-fh8ch,44.0,251658240
2026-09-17T02:36:52.185244+00:00,kube-system,svclb-traefik-dacc61bf-xhs49,0.0,0
2026-09-17T02:36:52.185244+00:00,kube-system,traefik-9bcdbbd9-bktmw,3.0,263192576
2026-09-17T02:36:52.185244+00:00,pyroscope,pyroscope-0,6.0,240123904
2026-09-17T02:36:52.185244+00:00,pyroscope,pyroscope-alloy-0,83.0,639631360
2026-09-17T02:37:23.444255+00:00,grove-system,grove-operator-d858d65f9-ck75j,18.0,775946240
2026-09-17T02:37:23.444255+00:00,kai-scheduler,admission-86666f457d-plhlk,1.0,17825792
2026-09-17T02:37:23.444255+00:00,kai-scheduler,kai-operator-69b5d7bcf7-h6bzd,1.0,103809024
2026-09-17T02:37:23.444255+00:00,kai-scheduler,kai-scheduler-default-85b5b8dff6-8q68j,92.0,344981504
2026-09-17T02:37:23.444255+00:00,kai-scheduler,pod-grouper-65456f756-dqrtd,1.0,9437184
2026-09-17T02:37:23.444255+00:00,kai-scheduler,podgroup-controller-68f9cc8dbf-9xq88,1.0,13631488
2026-09-17T02:37:23.444255+00:00,kai-scheduler,queue-controller-f86fcd76c-js4jc,1.0,13631488
2026-09-17T02:37:23.444255+00:00,kube-system,coredns-8db54c48d-dkq9n,3.0,63963136
2026-09-17T02:37:23.444255+00:00,kube-system,kwok-controller-5cf8c7c44b-gvkjd,115.0,94371840
2026-09-17T02:37:23.444255+00:00,kube-system,local-path-provisioner-5d9d9885bc-qlhkr,1.0,15728640
2026-09-17T02:37:23.444255+00:00,kube-system,metrics-server-75dc6f8d87-fh8ch,52.0,252706816
2026-09-17T02:37:23.444255+00:00,kube-system,svclb-traefik-dacc61bf-xhs49,0.0,0
2026-09-17T02:37:23.444255+00:00,kube-system,traefik-9bcdbbd9-bktmw,3.0,258998272
2026-09-17T02:37:23.444255+00:00,pyroscope,pyroscope-0,7.0,242221056
2026-09-17T02:37:23.444255+00:00,pyroscope,pyroscope-alloy-0,83.0,652214272
2026-09-17T02:37:54.694563+00:00,grove-system,grove-operator-d858d65f9-ck75j,18.0,773849088
2026-09-17T02:37:54.694563+00:00,kai-scheduler,admission-86666f457d-plhlk,1.0,16777216
2026-09-17T02:37:54.694563+00:00,kai-scheduler,kai-operator-69b5d7bcf7-h6bzd,1.0,103809024
2026-09-17T02:37:54.694563+00:00,kai-scheduler,kai-scheduler-default-85b5b8dff6-8q68j,81.0,373293056
2026-09-17T02:37:54.694563+00:00,kai-scheduler,pod-grouper-65456f756-dqrtd,1.0,9437184
2026-09-17T02:37:54.694563+00:00,kai-scheduler,podgroup-controller-68f9cc8dbf-9xq88,1.0,13631488
2026-09-17T02:37:54.694563+00:00,kai-scheduler,queue-controller-f86fcd76c-js4jc,1.0,13631488
2026-09-17T02:37:54.694563+00:00,kube-system,coredns-8db54c48d-dkq9n,3.0,63963136
2026-09-17T02:37:54.694563+00:00,kube-system,kwok-controller-5cf8c7c44b-gvkjd,119.0,94371840
2026-09-17T02:37:54.694563+00:00,kube-system,local-path-provisioner-5d9d9885bc-qlhkr,1.0,15728640
2026-09-17T02:37:54.694563+00:00,kube-system,metrics-server-75dc6f8d87-fh8ch,42.0,252706816
2026-09-17T02:37:54.694563+00:00,kube-system,svclb-traefik-dacc61bf-xhs49,0.0,0
2026-09-17T02:37:54.694563+00:00,kube-system,traefik-9bcdbbd9-bktmw,3.0,260046848
2026-09-17T02:37:54.694563+00:00,pyroscope,pyroscope-0,5.0,239075328
2026-09-17T02:37:54.694563+00:00,pyroscope,pyroscope-alloy-0,96.0,631242752
2026-09-17T02:38:25.949032+00:00,grove-system,grove-operator-d858d65f9-ck75j,18.0,771751936
2026-09-17T02:38:25.949032+00:00,kai-scheduler,admission-86666f457d-plhlk,1.0,16777216
2026-09-17T02:38:25.949032+00:00,kai-scheduler,binder-869fc94c7-lb9sm,100.0,160432128
2026-09-17T02:38:25.949032+00:00,kai-scheduler,kai-operator-69b5d7bcf7-h6bzd,6.0,108003328
2026-09-17T02:38:25.949032+00:00,kai-scheduler,kai-scheduler-default-85b5b8dff6-8q68j,79.0,341835776
2026-09-17T02:38:25.949032+00:00,kai-scheduler,pod-grouper-65456f756-dqrtd,1.0,9437184
2026-09-17T02:38:25.949032+00:00,kai-scheduler,podgroup-controller-68f9cc8dbf-9xq88,1.0,13631488
2026-09-17T02:38:25.949032+00:00,kai-scheduler,queue-controller-f86fcd76c-js4jc,1.0,13631488
2026-09-17T02:38:25.949032+00:00,kube-system,coredns-8db54c48d-dkq9n,3.0,62914560
2026-09-17T02:38:25.949032+00:00,kube-system,kwok-controller-5cf8c7c44b-gvkjd,117.0,93323264
2026-09-17T02:38:25.949032+00:00,kube-system,local-path-provisioner-5d9d9885bc-qlhkr,1.0,15728640
2026-09-17T02:38:25.949032+00:00,kube-system,metrics-server-75dc6f8d87-fh8ch,43.0,251658240
2026-09-17T02:38:25.949032+00:00,kube-system,svclb-traefik-dacc61bf-xhs49,0.0,0
2026-09-17T02:38:25.949032+00:00,kube-system,traefik-9bcdbbd9-bktmw,3.0,258998272
2026-09-17T02:38:25.949032+00:00,pyroscope,pyroscope-0,7.0,238026752
2026-09-17T02:38:25.949032+00:00,pyroscope,pyroscope-alloy-0,109.0,625999872
2026-09-17T02:38:57.201676+00:00,grove-system,grove-operator-d858d65f9-ck75j,19.0,753926144
2026-09-17T02:38:57.201676+00:00,kai-scheduler,admission-86666f457d-plhlk,1.0,16777216
2026-09-17T02:38:57.201676+00:00,kai-scheduler,binder-869fc94c7-lb9sm,27.0,199229440
2026-09-17T02:38:57.201676+00:00,kai-scheduler,kai-operator-69b5d7bcf7-h6bzd,1.0,108003328
2026-09-17T02:38:57.201676+00:00,kai-scheduler,kai-scheduler-default-85b5b8dff6-8q68j,72.0,350224384
2026-09-17T02:38:57.201676+00:00,kai-scheduler,pod-grouper-65456f756-dqrtd,1.0,9437184
2026-09-17T02:38:57.201676+00:00,kai-scheduler,podgroup-controller-68f9cc8dbf-9xq88,1.0,13631488
2026-09-17T02:38:57.201676+00:00,kai-scheduler,queue-controller-f86fcd76c-js4jc,1.0,13631488
2026-09-17T02:38:57.201676+00:00,kube-system,coredns-8db54c48d-dkq9n,3.0,61865984
2026-09-17T02:38:57.201676+00:00,kube-system,kwok-controller-5cf8c7c44b-gvkjd,117.0,93323264
2026-09-17T02:38:57.201676+00:00,kube-system,local-path-provisioner-5d9d9885bc-qlhkr,1.0,15728640
2026-09-17T02:38:57.201676+00:00,kube-system,metrics-server-75dc6f8d87-fh8ch,39.0,250609664
2026-09-17T02:38:57.201676+00:00,kube-system,svclb-traefik-dacc61bf-xhs49,0.0,0
2026-09-17T02:38:57.201676+00:00,kube-system,traefik-9bcdbbd9-bktmw,3.0,254803968
2026-09-17T02:38:57.201676+00:00,pyroscope,pyroscope-0,6.0,238026752
2026-09-17T02:38:57.201676+00:00,pyroscope,pyroscope-alloy-0,58.0,624951296
2026-09-17T02:39:28.450372+00:00,grove-system,grove-operator-d858d65f9-ck75j,34.0,750780416
2026-09-17T02:39:28.450372+00:00,kai-scheduler,admission-86666f457d-plhlk,1.0,16777216
2026-09-17T02:39:28.450372+00:00,kai-scheduler,kai-operator-69b5d7bcf7-h6bzd,4.0,108003328
2026-09-17T02:39:28.450372+00:00,kai-scheduler,kai-scheduler-default-85b5b8dff6-8q68j,74.0,320864256
2026-09-17T02:39:28.450372+00:00,kai-scheduler,pod-grouper-65456f756-dqrtd,1.0,9437184
2026-09-17T02:39:28.450372+00:00,kai-scheduler,podgroup-controller-68f9cc8dbf-9xq88,1.0,13631488
2026-09-17T02:39:28.450372+00:00,kai-scheduler,queue-controller-f86fcd76c-js4jc,1.0,13631488
2026-09-17T02:39:28.450372+00:00,kube-system,coredns-8db54c48d-dkq9n,3.0,61865984
2026-09-17T02:39:28.450372+00:00,kube-system,kwok-controller-5cf8c7c44b-gvkjd,117.0,94371840
2026-09-17T02:39:28.450372+00:00,kube-system,local-path-provisioner-5d9d9885bc-qlhkr,1.0,15728640
2026-09-17T02:39:28.450372+00:00,kube-system,metrics-server-75dc6f8d87-fh8ch,42.0,252706816
2026-09-17T02:39:28.450372+00:00,kube-system,svclb-traefik-dacc61bf-xhs49,0.0,0
2026-09-17T02:39:28.450372+00:00,kube-system,traefik-9bcdbbd9-bktmw,3.0,255852544
2026-09-17T02:39:28.450372+00:00,pyroscope,pyroscope-0,6.0,241172480
2026-09-17T02:39:28.450372+00:00,pyroscope,pyroscope-alloy-0,62.0,603979776
2026-09-17T02:39:59.703312+00:00,grove-system,grove-operator-d858d65f9-ck75j,29.0,735051776
2026-09-17T02:39:59.703312+00:00,kai-scheduler,admission-86666f457d-plhlk,1.0,16777216
2026-09-17T02:39:59.703312+00:00,kai-scheduler,kai-operator-69b5d7bcf7-h6bzd,1.0,108003328
2026-09-17T02:39:59.703312+00:00,kai-scheduler,kai-scheduler-default-85b5b8dff6-8q68j,73.0,314572800
2026-09-17T02:39:59.703312+00:00,kai-scheduler,pod-grouper-65456f756-dqrtd,1.0,9437184
2026-09-17T02:39:59.703312+00:00,kai-scheduler,podgroup-controller-68f9cc8dbf-9xq88,1.0,13631488
2026-09-17T02:39:59.703312+00:00,kai-scheduler,queue-controller-f86fcd76c-js4jc,1.0,13631488
2026-09-17T02:39:59.703312+00:00,kube-system,coredns-8db54c48d-dkq9n,3.0,61865984
2026-09-17T02:39:59.703312+00:00,kube-system,kwok-controller-5cf8c7c44b-gvkjd,119.0,91226112
2026-09-17T02:39:59.703312+00:00,kube-system,local-path-provisioner-5d9d9885bc-qlhkr,1.0,15728640
2026-09-17T02:39:59.703312+00:00,kube-system,metrics-server-75dc6f8d87-fh8ch,47.0,250609664
2026-09-17T02:39:59.703312+00:00,kube-system,svclb-traefik-dacc61bf-xhs49,0.0,0
2026-09-17T02:39:59.703312+00:00,kube-system,traefik-9bcdbbd9-bktmw,3.0,254803968
2026-09-17T02:39:59.703312+00:00,pyroscope,pyroscope-0,6.0,243269632
2026-09-17T02:39:59.703312+00:00,pyroscope,pyroscope-alloy-0,70.0,600834048
2026-09-17T02:40:30.958850+00:00,grove-system,grove-operator-d858d65f9-ck75j,18.0,734003200
2026-09-17T02:40:30.958850+00:00,kai-scheduler,admission-86666f457d-plhlk,1.0,16777216
2026-09-17T02:40:30.958850+00:00,kai-scheduler,kai-operator-69b5d7bcf7-h6bzd,2.0,106954752
2026-09-17T02:40:30.958850+00:00,kai-scheduler,kai-scheduler-default-85b5b8dff6-8q68j,66.0,320864256
2026-09-17T02:40:30.958850+00:00,kai-scheduler,pod-grouper-65456f756-dqrtd,1.0,9437184
2026-09-17T02:40:30.958850+00:00,kai-scheduler,podgroup-controller-68f9cc8dbf-9xq88,1.0,13631488
2026-09-17T02:40:30.958850+00:00,kai-scheduler,queue-controller-f86fcd76c-js4jc,1.0,13631488
2026-09-17T02:40:30.958850+00:00,kube-system,coredns-8db54c48d-dkq9n,3.0,61865984
2026-09-17T02:40:30.958850+00:00,kube-system,kwok-controller-5cf8c7c44b-gvkjd,115.0,93323264
2026-09-17T02:40:30.958850+00:00,kube-system,local-path-provisioner-5d9d9885bc-qlhkr,1.0,15728640
2026-09-17T02:40:30.958850+00:00,kube-system,metrics-server-75dc6f8d87-fh8ch,43.0,252706816
2026-09-17T02:40:30.958850+00:00,kube-system,svclb-traefik-dacc61bf-xhs49,0.0,0
2026-09-17T02:40:30.958850+00:00,kube-system,traefik-9bcdbbd9-bktmw,3.0,255852544
2026-09-17T02:40:30.958850+00:00,pyroscope,pyroscope-0,8.0,241172480
2026-09-17T02:40:30.958850+00:00,pyroscope,pyroscope-alloy-0,63.0,586153984
2026-09-17T02:41:02.206887+00:00,grove-system,grove-operator-d858d65f9-ck75j,19.0,742391808
2026-09-17T02:41:02.206887+00:00,kai-scheduler,admission-86666f457d-plhlk,1.0,16777216
2026-09-17T02:41:02.206887+00:00,kai-scheduler,kai-operator-69b5d7bcf7-h6bzd,1.0,106954752
2026-09-17T02:41:02.206887+00:00,kai-scheduler,kai-scheduler-default-85b5b8dff6-8q68j,64.0,278921216
2026-09-17T02:41:02.206887+00:00,kai-scheduler,pod-grouper-65456f756-dqrtd,1.0,9437184
2026-09-17T02:41:02.206887+00:00,kai-scheduler,podgroup-controller-68f9cc8dbf-9xq88,1.0,13631488
2026-09-17T02:41:02.206887+00:00,kai-scheduler,queue-controller-f86fcd76c-js4jc,1.0,13631488
2026-09-17T02:41:02.206887+00:00,kube-system,coredns-8db54c48d-dkq9n,3.0,62914560
2026-09-17T02:41:02.206887+00:00,kube-system,kwok-controller-5cf8c7c44b-gvkjd,116.0,93323264
2026-09-17T02:41:02.206887+00:00,kube-system,local-path-provisioner-5d9d9885bc-qlhkr,1.0,15728640
2026-09-17T02:41:02.206887+00:00,kube-system,metrics-server-75dc6f8d87-fh8ch,46.0,250609664
2026-09-17T02:41:02.206887+00:00,kube-system,svclb-traefik-dacc61bf-xhs49,0.0,0
2026-09-17T02:41:02.206887+00:00,kube-system,traefik-9bcdbbd9-bktmw,7.0,250609664
2026-09-17T02:41:02.206887+00:00,pyroscope,pyroscope-0,7.0,242221056
2026-09-17T02:41:02.206887+00:00,pyroscope,pyroscope-alloy-0,67.0,585105408
2026-09-17T02:41:33.464080+00:00,grove-system,grove-operator-d858d65f9-ck75j,20.0,735051776
2026-09-17T02:41:33.464080+00:00,kai-scheduler,admission-86666f457d-plhlk,1.0,16777216
2026-09-17T02:41:33.464080+00:00,kai-scheduler,kai-operator-69b5d7bcf7-h6bzd,1.0,106954752
2026-09-17T02:41:33.464080+00:00,kai-scheduler,kai-scheduler-default-85b5b8dff6-8q68j,63.0,281018368
2026-09-17T02:41:33.464080+00:00,kai-scheduler,pod-grouper-65456f756-dqrtd,1.0,9437184
2026-09-17T02:41:33.464080+00:00,kai-scheduler,podgroup-controller-68f9cc8dbf-9xq88,1.0,13631488
2026-09-17T02:41:33.464080+00:00,kai-scheduler,queue-controller-f86fcd76c-js4jc,1.0,13631488
2026-09-17T02:41:33.464080+00:00,kube-system,coredns-8db54c48d-dkq9n,3.0,61865984
2026-09-17T02:41:33.464080+00:00,kube-system,kwok-controller-5cf8c7c44b-gvkjd,148.0,93323264
2026-09-17T02:41:33.464080+00:00,kube-system,local-path-provisioner-5d9d9885bc-qlhkr,1.0,15728640
2026-09-17T02:41:33.464080+00:00,kube-system,metrics-server-75dc6f8d87-fh8ch,43.0,251658240
2026-09-17T02:41:33.464080+00:00,kube-system,svclb-traefik-dacc61bf-xhs49,0.0,0
2026-09-17T02:41:33.464080+00:00,kube-system,traefik-9bcdbbd9-bktmw,3.0,250609664
2026-09-17T02:41:33.464080+00:00,pyroscope,pyroscope-0,5.0,243269632
2026-09-17T02:41:33.464080+00:00,pyroscope,pyroscope-alloy-0,67.0,570425344
2026-09-17T02:42:04.713743+00:00,grove-system,grove-operator-d858d65f9-ck75j,25.0,726663168
2026-09-17T02:42:04.713743+00:00,kai-scheduler,admission-86666f457d-plhlk,1.0,16777216
2026-09-17T02:42:04.713743+00:00,kai-scheduler,kai-operator-69b5d7bcf7-h6bzd,1.0,106954752
2026-09-17T02:42:04.713743+00:00,kai-scheduler,kai-scheduler-default-85b5b8dff6-8q68j,55.0,283115520
2026-09-17T02:42:04.713743+00:00,kai-scheduler,pod-grouper-65456f756-dqrtd,1.0,9437184
2026-09-17T02:42:04.713743+00:00,kai-scheduler,podgroup-controller-68f9cc8dbf-9xq88,1.0,13631488
2026-09-17T02:42:04.713743+00:00,kai-scheduler,queue-controller-f86fcd76c-js4jc,1.0,13631488
2026-09-17T02:42:04.713743+00:00,kube-system,coredns-8db54c48d-dkq9n,3.0,61865984
2026-09-17T02:42:04.713743+00:00,kube-system,kwok-controller-5cf8c7c44b-gvkjd,113.0,92274688
2026-09-17T02:42:04.713743+00:00,kube-system,local-path-provisioner-5d9d9885bc-qlhkr,1.0,15728640
2026-09-17T02:42:04.713743+00:00,kube-system,metrics-server-75dc6f8d87-fh8ch,41.0,250609664
2026-09-17T02:42:04.713743+00:00,kube-system,svclb-traefik-dacc61bf-xhs49,0.0,0
2026-09-17T02:42:04.713743+00:00,kube-system,traefik-9bcdbbd9-bktmw,3.0,251658240
2026-09-17T02:42:04.713743+00:00,pyroscope,pyroscope-0,6.0,244318208
2026-09-17T02:42:04.713743+00:00,pyroscope,pyroscope-alloy-0,55.0,568328192
2026-09-17T02:42:35.962468+00:00,grove-system,grove-operator-d858d65f9-ck75j,18.0,721420288
2026-09-17T02:42:35.962468+00:00,kai-scheduler,admission-86666f457d-plhlk,1.0,16777216
2026-09-17T02:42:35.962468+00:00,kai-scheduler,kai-operator-69b5d7bcf7-h6bzd,1.0,106954752
2026-09-17T02:42:35.962468+00:00,kai-scheduler,kai-scheduler-default-85b5b8dff6-8q68j,55.0,271581184
2026-09-17T02:42:35.962468+00:00,kai-scheduler,pod-grouper-65456f756-dqrtd,1.0,9437184
2026-09-17T02:42:35.962468+00:00,kai-scheduler,podgroup-controller-68f9cc8dbf-9xq88,1.0,13631488
2026-09-17T02:42:35.962468+00:00,kai-scheduler,queue-controller-f86fcd76c-js4jc,1.0,13631488
2026-09-17T02:42:35.962468+00:00,kube-system,coredns-8db54c48d-dkq9n,3.0,61865984
2026-09-17T02:42:35.962468+00:00,kube-system,kwok-controller-5cf8c7c44b-gvkjd,115.0,92274688
2026-09-17T02:42:35.962468+00:00,kube-system,local-path-provisioner-5d9d9885bc-qlhkr,1.0,16777216
2026-09-17T02:42:35.962468+00:00,kube-system,metrics-server-75dc6f8d87-fh8ch,50.0,252706816
2026-09-17T02:42:35.962468+00:00,kube-system,svclb-traefik-dacc61bf-xhs49,0.0,0
2026-09-17T02:42:35.962468+00:00,kube-system,traefik-9bcdbbd9-bktmw,3.0,251658240
2026-09-17T02:42:35.962468+00:00,pyroscope,pyroscope-0,4.0,244318208
2026-09-17T02:42:35.962468+00:00,pyroscope,pyroscope-alloy-0,55.0,562036736
