timestamp,namespace,pod,cpu_millicores,mem_bytes
2026-09-16T15:06:33.483984+00:00,kai-scheduler,admission-86666f457d-p5pmm,6.0,13631488
2026-09-16T15:06:33.483984+00:00,kai-scheduler,binder-869fc94c7-xjgwh,10.0,18874368
2026-09-16T15:06:33.483984+00:00,kai-scheduler,kai-operator-69b5d7bcf7-z7q9w,66.0,57671680
2026-09-16T15:06:33.483984+00:00,kai-scheduler,kai-scheduler-default-54f59b45b-wcmls,9.0,25165824
2026-09-16T15:06:33.483984+00:00,kai-scheduler,pod-grouper-65456f756-8brn7,5.0,9437184
2026-09-16T15:06:33.483984+00:00,kai-scheduler,podgroup-controller-68f9cc8dbf-vtczt,5.0,13631488
2026-09-16T15:06:33.483984+00:00,kube-system,coredns-8db54c48d-ghktl,3.0,19922944
2026-09-16T15:06:33.483984+00:00,kube-system,kwok-controller-5cf8c7c44b-hbw5c,2.0,20971520
2026-09-16T15:06:33.483984+00:00,kube-system,local-path-provisioner-5d9d9885bc-gz6gf,1.0,15728640
2026-09-16T15:06:33.483984+00:00,kube-system,metrics-server-786d997795-pvwlr,4.0,23068672
2026-09-16T15:06:33.483984+00:00,kube-system,svclb-traefik-0640832b-cmlmg,0.0,0
2026-09-16T15:06:33.483984+00:00,kube-system,traefik-9bcdbbd9-p72qj,39.0,30408704
2026-09-16T15:06:33.483984+00:00,pyroscope,pyroscope-0,2.0,24117248
2026-09-16T15:06:33.483984+00:00,pyroscope,pyroscope-alloy-0,6.0,63963136
2026-09-16T15:06:39.735020+00:00,kai-scheduler,admission-86666f457d-p5pmm,6.0,13631488
2026-09-16T15:06:39.735020+00:00,kai-scheduler,binder-869fc94c7-xjgwh,10.0,18874368
2026-09-16T15:06:39.735020+00:00,kai-scheduler,kai-operator-69b5d7bcf7-z7q9w,66.0,57671680
2026-09-16T15:06:39.735020+00:00,kai-scheduler,kai-scheduler-default-54f59b45b-wcmls,9.0,25165824
2026-09-16T15:06:39.735020+00:00,kai-scheduler,pod-grouper-65456f756-8brn7,5.0,9437184
2026-09-16T15:06:39.735020+00:00,kai-scheduler,podgroup-controller-68f9cc8dbf-vtczt,5.0,13631488
2026-09-16T15:06:39.735020+00:00,kube-system,coredns-8db54c48d-ghktl,3.0,19922944
2026-09-16T15:06:39.735020+00:00,kube-system,kwok-controller-5cf8c7c44b-hbw5c,2.0,20971520
2026-09-16T15:06:39.735020+00:00,kube-system,local-path-provisioner-5d9d9885bc-gz6gf,1.0,15728640
2026-09-16T15:06:39.735020+00:00,kube-system,metrics-server-786d997795-pvwlr,4.0,23068672
2026-09-16T15:06:39.735020+00:00,kube-system,svclb-traefik-0640832b-cmlmg,0.0,0
2026-09-16T15:06:39.735020+00:00,kube-system,traefik-9bcdbbd9-p72qj,39.0,30408704
2026-09-16T15:06:39.735020+00:00,pyroscope,pyroscope-0,2.0,24117248
2026-09-16T15:06:39.735020+00:00,pyroscope,pyroscope-alloy-0,6.0,63963136
2026-09-16T15:06:45.973316+00:00,grove-system,grove-operator-7b4ff56598-fnn26,13.0,27262976
2026-09-16T15:06:45.973316+00:00,kai-scheduler,admission-86666f457d-p5pmm,6.0,13631488
2026-09-16T15:06:45.973316+00:00,kai-scheduler,binder-869fc94c7-xjgwh,19.0,23068672
2026-09-16T15:06:45.973316+00:00,kai-scheduler,kai-operator-69b5d7bcf7-z7q9w,23.0,56623104
2026-09-16T15:06:45.973316+00:00,kai-scheduler,kai-scheduler-default-54f59b45b-wcmls,19.0,32505856
2026-09-16T15:06:45.973316+00:00,kai-scheduler,pod-grouper-65456f756-8brn7,1.0,9437184
2026-09-16T15:06:45.973316+00:00,kai-scheduler,podgroup-controller-68f9cc8dbf-vtczt,5.0,13631488
2026-09-16T15:06:45.973316+00:00,kai-scheduler,queue-controller-f86fcd76c-v769g,1.0,13631488
2026-09-16T15:06:45.973316+00:00,kube-system,coredns-8db54c48d-ghktl,3.0,20971520
2026-09-16T15:06:45.973316+00:00,kube-system,kwok-controller-5cf8c7c44b-hbw5c,36.0,24117248
2026-09-16T15:06:45.973316+00:00,kube-system,local-path-provisioner-5d9d9885bc-gz6gf,1.0,15728640
2026-09-16T15:06:45.973316+00:00,kube-system,metrics-server-786d997795-pvwlr,4.0,24117248
2026-09-16T15:06:45.973316+00:00,kube-system,svclb-traefik-0640832b-cmlmg,0.0,0
2026-09-16T15:06:45.973316+00:00,kube-system,traefik-9bcdbbd9-p72qj,28.0,36700160
2026-09-16T15:06:45.973316+00:00,pyroscope,pyroscope-0,2.0,24117248
2026-09-16T15:06:45.973316+00:00,pyroscope,pyroscope-alloy-0,5.0,65011712
2026-09-16T15:06:52.212539+00:00,grove-system,grove-operator-7b4ff56598-fnn26,13.0,27262976
2026-09-16T15:06:52.212539+00:00,kai-scheduler,admission-86666f457d-p5pmm,6.0,13631488
2026-09-16T15:06:52.212539+00:00,kai-scheduler,binder-869fc94c7-xjgwh,19.0,23068672
2026-09-16T15:06:52.212539+00:00,kai-scheduler,kai-operator-69b5d7bcf7-z7q9w,23.0,56623104
2026-09-16T15:06:52.212539+00:00,kai-scheduler,kai-scheduler-default-54f59b45b-wcmls,19.0,32505856
2026-09-16T15:06:52.212539+00:00,kai-scheduler,pod-grouper-65456f756-8brn7,1.0,9437184
2026-09-16T15:06:52.212539+00:00,kai-scheduler,podgroup-controller-68f9cc8dbf-vtczt,5.0,13631488
2026-09-16T15:06:52.212539+00:00,kai-scheduler,queue-controller-f86fcd76c-v769g,1.0,13631488
2026-09-16T15:06:52.212539+00:00,kube-system,coredns-8db54c48d-ghktl,3.0,20971520
2026-09-16T15:06:52.212539+00:00,kube-system,kwok-controller-5cf8c7c44b-hbw5c,36.0,24117248
2026-09-16T15:06:52.212539+00:00,kube-system,local-path-provisioner-5d9d9885bc-gz6gf,1.0,15728640
2026-09-16T15:06:52.212539+00:00,kube-system,metrics-server-786d997795-pvwlr,4.0,24117248
2026-09-16T15:06:52.212539+00:00,kube-system,svclb-traefik-0640832b-cmlmg,0.0,0
2026-09-16T15:06:52.212539+00:00,kube-system,traefik-9bcdbbd9-p72qj,28.0,36700160
2026-09-16T15:06:52.212539+00:00,pyroscope,pyroscope-0,2.0,24117248
2026-09-16T15:06:52.212539+00:00,pyroscope,pyroscope-alloy-0,5.0,65011712
2026-09-16T15:06:58.453094+00:00,grove-system,grove-operator-7b4ff56598-fnn26,13.0,27262976
2026-09-16T15:06:58.453094+00:00,kai-scheduler,admission-86666f457d-p5pmm,6.0,13631488
2026-09-16T15:06:58.453094+00:00,kai-scheduler,binder-869fc94c7-xjgwh,19.0,23068672
2026-09-16T15:06:58.453094+00:00,kai-scheduler,kai-operator-69b5d7bcf7-z7q9w,23.0,56623104
2026-09-16T15:06:58.453094+00:00,kai-scheduler,kai-scheduler-default-54f59b45b-wcmls,19.0,32505856
2026-09-16T15:06:58.453094+00:00,kai-scheduler,pod-grouper-65456f756-8brn7,1.0,9437184
2026-09-16T15:06:58.453094+00:00,kai-scheduler,podgroup-controller-68f9cc8dbf-vtczt,5.0,13631488
2026-09-16T15:06:58.453094+00:00,kai-scheduler,queue-controller-f86fcd76c-v769g,1.0,13631488
2026-09-16T15:06:58.453094+00:00,kube-system,coredns-8db54c48d-ghktl,3.0,20971520
2026-09-16T15:06:58.453094+00:00,kube-system,kwok-controller-5cf8c7c44b-hbw5c,36.0,24117248
2026-09-16T15:06:58.453094+00:00,kube-system,local-path-provisioner-5d9d9885bc-gz6gf,1.0,15728640
2026-09-16T15:06:58.453094+00:00,kube-system,metrics-server-786d997795-pvwlr,4.0,24117248
2026-09-16T15:06:58.453094+00:00,kube-system,svclb-traefik-0640832b-cmlmg,0.0,0
2026-09-16T15:06:58.453094+00:00,kube-system,traefik-9bcdbbd9-p72qj,28.0,36700160
2026-09-16T15:06:58.453094+00:00,pyroscope,pyroscope-0,2.0,24117248
2026-09-16T15:06:58.453094+00:00,pyroscope,pyroscope-alloy-0,5.0,65011712
2026-09-16T15:07:04.699893+00:00,grove-system,grove-operator-7b4ff56598-fnn26,2.0,27262976
2026-09-16T15:07:04.699893+00:00,kai-scheduler,admission-86666f457d-p5pmm,1.0,13631488
2026-09-16T15:07:04.699893+00:00,kai-scheduler,binder-869fc94c7-xjgwh,19.0,23068672
2026-09-16T15:07:04.699893+00:00,kai-scheduler,kai-operator-69b5d7bcf7-z7q9w,14.0,58720256
2026-09-16T15:07:04.699893+00:00,kai-scheduler,kai-scheduler-default-54f59b45b-wcmls,15.0,46137344
2026-09-16T15:07:04.699893+00:00,kai-scheduler,pod-grouper-65456f756-8brn7,1.0,9437184
2026-09-16T15:07:04.699893+00:00,kai-scheduler,podgroup-controller-68f9cc8dbf-vtczt,1.0,13631488
2026-09-16T15:07:04.699893+00:00,kai-scheduler,queue-controller-f86fcd76c-v769g,1.0,13631488
2026-09-16T15:07:04.699893+00:00,kube-system,coredns-8db54c48d-ghktl,3.0,20971520
2026-09-16T15:07:04.699893+00:00,kube-system,kwok-controller-5cf8c7c44b-hbw5c,17.0,24117248
2026-09-16T15:07:04.699893+00:00,kube-system,local-path-provisioner-5d9d9885bc-gz6gf,1.0,15728640
2026-09-16T15:07:04.699893+00:00,kube-system,metrics-server-75dc6f8d87-8xng4,53.0,31457280
2026-09-16T15:07:04.699893+00:00,kube-system,metrics-server-786d997795-pvwlr,21.0,31457280
2026-09-16T15:07:04.699893+00:00,kube-system,svclb-traefik-0640832b-cmlmg,0.0,0
2026-09-16T15:07:04.699893+00:00,kube-system,traefik-9bcdbbd9-p72qj,18.0,36700160
2026-09-16T15:07:04.699893+00:00,pyroscope,pyroscope-0,4.0,32505856
2026-09-16T15:07:04.699893+00:00,pyroscope,pyroscope-alloy-0,6.0,74448896
2026-09-16T15:07:10.946490+00:00,kai-scheduler,admission-86666f457d-p5pmm,1.0,14680064
2026-09-16T15:07:10.946490+00:00,kai-scheduler,binder-869fc94c7-xjgwh,13.0,66060288
2026-09-16T15:07:10.946490+00:00,kai-scheduler,kai-operator-69b5d7bcf7-z7q9w,2.0,57671680
2026-09-16T15:07:10.946490+00:00,kai-scheduler,kai-scheduler-default-54f59b45b-wcmls,19.0,103809024
2026-09-16T15:07:10.946490+00:00,kai-scheduler,pod-grouper-65456f756-8brn7,1.0,9437184
2026-09-16T15:07:10.946490+00:00,kai-scheduler,podgroup-controller-68f9cc8dbf-vtczt,1.0,13631488
2026-09-16T15:07:10.946490+00:00,kai-scheduler,queue-controller-f86fcd76c-v769g,1.0,13631488
2026-09-16T15:07:10.946490+00:00,kube-system,coredns-8db54c48d-ghktl,9.0,23068672
2026-09-16T15:07:10.946490+00:00,kube-system,kwok-controller-5cf8c7c44b-hbw5c,8.0,30408704
2026-09-16T15:07:10.946490+00:00,kube-system,local-path-provisioner-5d9d9885bc-gz6gf,1.0,15728640
2026-09-16T15:07:10.946490+00:00,kube-system,metrics-server-75dc6f8d87-8xng4,13.0,38797312
2026-09-16T15:07:10.946490+00:00,kube-system,svclb-traefik-0640832b-cmlmg,0.0,0
2026-09-16T15:07:10.946490+00:00,kube-system,traefik-9bcdbbd9-p72qj,14.0,53477376
2026-09-16T15:07:10.946490+00:00,pyroscope,pyroscope-0,9.0,61865984
2026-09-16T15:07:10.946490+00:00,pyroscope,pyroscope-alloy-0,21.0,116391936
2026-09-16T15:08:17.191108+00:00,grove-system,grove-operator-7b4ff56598-fnn26,32.0,128974848
2026-09-16T15:08:17.191108+00:00,kai-scheduler,admission-86666f457d-p5pmm,1.0,13631488
2026-09-16T15:08:17.191108+00:00,kai-scheduler,binder-869fc94c7-xjgwh,1.0,66060288
2026-09-16T15:08:17.191108+00:00,kai-scheduler,kai-operator-69b5d7bcf7-z7q9w,3.0,58720256
2026-09-16T15:08:17.191108+00:00,kai-scheduler,kai-scheduler-default-54f59b45b-wcmls,17.0,106954752
2026-09-16T15:08:17.191108+00:00,kai-scheduler,pod-grouper-65456f756-8brn7,1.0,9437184
2026-09-16T15:08:17.191108+00:00,kai-scheduler,podgroup-controller-68f9cc8dbf-vtczt,1.0,13631488
2026-09-16T15:08:17.191108+00:00,kai-scheduler,queue-controller-f86fcd76c-v769g,1.0,13631488
2026-09-16T15:08:17.191108+00:00,kube-system,coredns-8db54c48d-ghktl,8.0,24117248
2026-09-16T15:08:17.191108+00:00,kube-system,kwok-controller-5cf8c7c44b-hbw5c,8.0,30408704
2026-09-16T15:08:17.191108+00:00,kube-system,local-path-provisioner-5d9d9885bc-gz6gf,1.0,15728640
2026-09-16T15:08:17.191108+00:00,kube-system,metrics-server-75dc6f8d87-8xng4,13.0,38797312
2026-09-16T15:08:17.191108+00:00,kube-system,svclb-traefik-0640832b-cmlmg,0.0,0
2026-09-16T15:08:17.191108+00:00,kube-system,traefik-9bcdbbd9-p72qj,5.0,51380224
2026-09-16T15:08:17.191108+00:00,pyroscope,pyroscope-0,5.0,59768832
2026-09-16T15:08:17.191108+00:00,pyroscope,pyroscope-alloy-0,4.0,122683392
2026-09-16T15:08:23.429145+00:00,grove-system,grove-operator-7b4ff56598-fnn26,32.0,128974848
2026-09-16T15:08:23.429145+00:00,kai-scheduler,admission-86666f457d-p5pmm,1.0,13631488
2026-09-16T15:08:23.429145+00:00,kai-scheduler,binder-869fc94c7-xjgwh,1.0,66060288
2026-09-16T15:08:23.429145+00:00,kai-scheduler,kai-operator-69b5d7bcf7-z7q9w,3.0,58720256
2026-09-16T15:08:23.429145+00:00,kai-scheduler,kai-scheduler-default-54f59b45b-wcmls,17.0,106954752
2026-09-16T15:08:23.429145+00:00,kai-scheduler,pod-grouper-65456f756-8brn7,1.0,9437184
2026-09-16T15:08:23.429145+00:00,kai-scheduler,podgroup-controller-68f9cc8dbf-vtczt,1.0,13631488
2026-09-16T15:08:23.429145+00:00,kai-scheduler,queue-controller-f86fcd76c-v769g,1.0,13631488
2026-09-16T15:08:23.429145+00:00,kube-system,coredns-8db54c48d-ghktl,8.0,24117248
2026-09-16T15:08:23.429145+00:00,kube-system,kwok-controller-5cf8c7c44b-hbw5c,8.0,30408704
2026-09-16T15:08:23.429145+00:00,kube-system,local-path-provisioner-5d9d9885bc-gz6gf,1.0,15728640
2026-09-16T15:08:23.429145+00:00,kube-system,metrics-server-75dc6f8d87-8xng4,13.0,38797312
2026-09-16T15:08:23.429145+00:00,kube-system,svclb-traefik-0640832b-cmlmg,0.0,0
2026-09-16T15:08:23.429145+00:00,kube-system,traefik-9bcdbbd9-p72qj,5.0,51380224
2026-09-16T15:08:23.429145+00:00,pyroscope,pyroscope-0,5.0,59768832
2026-09-16T15:08:23.429145+00:00,pyroscope,pyroscope-alloy-0,4.0,122683392
2026-09-16T15:08:29.668119+00:00,grove-system,grove-operator-7b4ff56598-fnn26,32.0,128974848
2026-09-16T15:08:29.668119+00:00,kai-scheduler,admission-86666f457d-p5pmm,1.0,13631488
2026-09-16T15:08:29.668119+00:00,kai-scheduler,binder-869fc94c7-xjgwh,1.0,66060288
2026-09-16T15:08:29.668119+00:00,kai-scheduler,kai-operator-69b5d7bcf7-z7q9w,3.0,58720256
2026-09-16T15:08:29.668119+00:00,kai-scheduler,kai-scheduler-default-54f59b45b-wcmls,17.0,106954752
2026-09-16T15:08:29.668119+00:00,kai-scheduler,pod-grouper-65456f756-8brn7,1.0,9437184
2026-09-16T15:08:29.668119+00:00,kai-scheduler,podgroup-controller-68f9cc8dbf-vtczt,1.0,13631488
2026-09-16T15:08:29.668119+00:00,kai-scheduler,queue-controller-f86fcd76c-v769g,1.0,13631488
2026-09-16T15:08:29.668119+00:00,kube-system,coredns-8db54c48d-ghktl,8.0,24117248
2026-09-16T15:08:29.668119+00:00,kube-system,kwok-controller-5cf8c7c44b-hbw5c,8.0,30408704
2026-09-16T15:08:29.668119+00:00,kube-system,local-path-provisioner-5d9d9885bc-gz6gf,1.0,15728640
2026-09-16T15:08:29.668119+00:00,kube-system,metrics-server-75dc6f8d87-8xng4,13.0,38797312
2026-09-16T15:08:29.668119+00:00,kube-system,svclb-traefik-0640832b-cmlmg,0.0,0
2026-09-16T15:08:29.668119+00:00,kube-system,traefik-9bcdbbd9-p72qj,5.0,51380224
2026-09-16T15:08:29.668119+00:00,pyroscope,pyroscope-0,5.0,59768832
2026-09-16T15:08:29.668119+00:00,pyroscope,pyroscope-alloy-0,4.0,122683392
2026-09-16T15:08:35.904214+00:00,grove-system,grove-operator-7b4ff56598-fnn26,30.0,128974848
2026-09-16T15:08:35.904214+00:00,kai-scheduler,admission-86666f457d-p5pmm,1.0,13631488
2026-09-16T15:08:35.904214+00:00,kai-scheduler,binder-869fc94c7-xjgwh,1.0,66060288
2026-09-16T15:08:35.904214+00:00,kai-scheduler,kai-operator-69b5d7bcf7-z7q9w,3.0,57671680
2026-09-16T15:08:35.904214+00:00,kai-scheduler,kai-scheduler-default-54f59b45b-wcmls,16.0,120586240
2026-09-16T15:08:35.904214+00:00,kai-scheduler,pod-grouper-65456f756-8brn7,1.0,9437184
2026-09-16T15:08:35.904214+00:00,kai-scheduler,podgroup-controller-68f9cc8dbf-vtczt,1.0,13631488
2026-09-16T15:08:35.904214+00:00,kai-scheduler,queue-controller-f86fcd76c-v769g,1.0,13631488
2026-09-16T15:08:35.904214+00:00,kube-system,coredns-8db54c48d-ghktl,3.0,24117248
2026-09-16T15:08:35.904214+00:00,kube-system,kwok-controller-5cf8c7c44b-hbw5c,10.0,30408704
2026-09-16T15:08:35.904214+00:00,kube-system,local-path-provisioner-5d9d9885bc-gz6gf,1.0,15728640
2026-09-16T15:08:35.904214+00:00,kube-system,metrics-server-75dc6f8d87-8xng4,8.0,44040192
2026-09-16T15:08:35.904214+00:00,kube-system,svclb-traefik-0640832b-cmlmg,0.0,0
2026-09-16T15:08:35.904214+00:00,kube-system,traefik-9bcdbbd9-p72qj,5.0,51380224
2026-09-16T15:08:35.904214+00:00,pyroscope,pyroscope-0,5.0,61865984
2026-09-16T15:08:35.904214+00:00,pyroscope,pyroscope-alloy-0,9.0,124780544
2026-09-16T15:08:42.146359+00:00,grove-system,grove-operator-7b4ff56598-fnn26,30.0,128974848
2026-09-16T15:08:42.146359+00:00,kai-scheduler,admission-86666f457d-p5pmm,1.0,13631488
2026-09-16T15:08:42.146359+00:00,kai-scheduler,binder-869fc94c7-xjgwh,1.0,66060288
2026-09-16T15:08:42.146359+00:00,kai-scheduler,kai-operator-69b5d7bcf7-z7q9w,3.0,57671680
2026-09-16T15:08:42.146359+00:00,kai-scheduler,kai-scheduler-default-54f59b45b-wcmls,16.0,120586240
2026-09-16T15:08:42.146359+00:00,kai-scheduler,pod-grouper-65456f756-8brn7,1.0,9437184
2026-09-16T15:08:42.146359+00:00,kai-scheduler,podgroup-controller-68f9cc8dbf-vtczt,1.0,13631488
2026-09-16T15:08:42.146359+00:00,kai-scheduler,queue-controller-f86fcd76c-v769g,1.0,13631488
2026-09-16T15:08:42.146359+00:00,kube-system,coredns-8db54c48d-ghktl,3.0,24117248
2026-09-16T15:08:42.146359+00:00,kube-system,kwok-controller-5cf8c7c44b-hbw5c,10.0,30408704
2026-09-16T15:08:42.146359+00:00,kube-system,local-path-provisioner-5d9d9885bc-gz6gf,1.0,15728640
2026-09-16T15:08:42.146359+00:00,kube-system,metrics-server-75dc6f8d87-8xng4,8.0,44040192
2026-09-16T15:08:42.146359+00:00,kube-system,svclb-traefik-0640832b-cmlmg,0.0,0
2026-09-16T15:08:42.146359+00:00,kube-system,traefik-9bcdbbd9-p72qj,5.0,51380224
2026-09-16T15:08:42.146359+00:00,pyroscope,pyroscope-0,5.0,61865984
2026-09-16T15:08:42.146359+00:00,pyroscope,pyroscope-alloy-0,9.0,124780544
2026-09-16T15:08:48.386652+00:00,grove-system,grove-operator-7b4ff56598-fnn26,32.0,126877696
2026-09-16T15:08:48.386652+00:00,kai-scheduler,admission-86666f457d-p5pmm,1.0,13631488
2026-09-16T15:08:48.386652+00:00,kai-scheduler,binder-869fc94c7-xjgwh,2.0,66060288
2026-09-16T15:08:48.386652+00:00,kai-scheduler,kai-operator-69b5d7bcf7-z7q9w,2.0,56623104
2026-09-16T15:08:48.386652+00:00,kai-scheduler,kai-scheduler-default-54f59b45b-wcmls,15.0,120586240
2026-09-16T15:08:48.386652+00:00,kai-scheduler,pod-grouper-65456f756-8brn7,1.0,9437184
2026-09-16T15:08:48.386652+00:00,kai-scheduler,podgroup-controller-68f9cc8dbf-vtczt,1.0,13631488
2026-09-16T15:08:48.386652+00:00,kai-scheduler,queue-controller-f86fcd76c-v769g,1.0,13631488
2026-09-16T15:08:48.386652+00:00,kube-system,coredns-8db54c48d-ghktl,3.0,23068672
2026-09-16T15:08:48.386652+00:00,kube-system,kwok-controller-5cf8c7c44b-hbw5c,13.0,34603008
2026-09-16T15:08:48.386652+00:00,kube-system,local-path-provisioner-5d9d9885bc-gz6gf,1.0,15728640
2026-09-16T15:08:48.386652+00:00,kube-system,metrics-server-75dc6f8d87-8xng4,8.0,45088768
2026-09-16T15:08:48.386652+00:00,kube-system,svclb-traefik-0640832b-cmlmg,0.0,0
2026-09-16T15:08:48.386652+00:00,kube-system,traefik-9bcdbbd9-p72qj,4.0,51380224
2026-09-16T15:08:48.386652+00:00,pyroscope,pyroscope-0,5.0,60817408
2026-09-16T15:08:48.386652+00:00,pyroscope,pyroscope-alloy-0,8.0,125829120
2026-09-16T15:08:54.628028+00:00,grove-system,grove-operator-7b4ff56598-fnn26,32.0,126877696
2026-09-16T15:08:54.628028+00:00,kai-scheduler,admission-86666f457d-p5pmm,1.0,13631488
2026-09-16T15:08:54.628028+00:00,kai-scheduler,binder-869fc94c7-xjgwh,2.0,66060288
2026-09-16T15:08:54.628028+00:00,kai-scheduler,kai-operator-69b5d7bcf7-z7q9w,2.0,56623104
2026-09-16T15:08:54.628028+00:00,kai-scheduler,kai-scheduler-default-54f59b45b-wcmls,15.0,120586240
2026-09-16T15:08:54.628028+00:00,kai-scheduler,pod-grouper-65456f756-8brn7,1.0,9437184
2026-09-16T15:08:54.628028+00:00,kai-scheduler,podgroup-controller-68f9cc8dbf-vtczt,1.0,13631488
2026-09-16T15:08:54.628028+00:00,kai-scheduler,queue-controller-f86fcd76c-v769g,1.0,13631488
2026-09-16T15:08:54.628028+00:00,kube-system,coredns-8db54c48d-ghktl,3.0,23068672
2026-09-16T15:08:54.628028+00:00,kube-system,kwok-controller-5cf8c7c44b-hbw5c,13.0,34603008
2026-09-16T15:08:54.628028+00:00,kube-system,local-path-provisioner-5d9d9885bc-gz6gf,1.0,15728640
2026-09-16T15:08:54.628028+00:00,kube-system,metrics-server-75dc6f8d87-8xng4,8.0,45088768
2026-09-16T15:08:54.628028+00:00,kube-system,svclb-traefik-0640832b-cmlmg,0.0,0
2026-09-16T15:08:54.628028+00:00,kube-system,traefik-9bcdbbd9-p72qj,4.0,51380224
2026-09-16T15:08:54.628028+00:00,pyroscope,pyroscope-0,5.0,60817408
2026-09-16T15:08:54.628028+00:00,pyroscope,pyroscope-alloy-0,8.0,125829120
2026-09-16T15:09:00.867272+00:00,grove-system,grove-operator-7b4ff56598-fnn26,32.0,126877696
2026-09-16T15:09:00.867272+00:00,kai-scheduler,admission-86666f457d-p5pmm,1.0,13631488
2026-09-16T15:09:00.867272+00:00,kai-scheduler,binder-869fc94c7-xjgwh,2.0,66060288
2026-09-16T15:09:00.867272+00:00,kai-scheduler,kai-operator-69b5d7bcf7-z7q9w,2.0,56623104
2026-09-16T15:09:00.867272+00:00,kai-scheduler,kai-scheduler-default-54f59b45b-wcmls,15.0,120586240
2026-09-16T15:09:00.867272+00:00,kai-scheduler,pod-grouper-65456f756-8brn7,1.0,9437184
2026-09-16T15:09:00.867272+00:00,kai-scheduler,podgroup-controller-68f9cc8dbf-vtczt,1.0,13631488
2026-09-16T15:09:00.867272+00:00,kai-scheduler,queue-controller-f86fcd76c-v769g,1.0,13631488
2026-09-16T15:09:00.867272+00:00,kube-system,coredns-8db54c48d-ghktl,3.0,23068672
2026-09-16T15:09:00.867272+00:00,kube-system,kwok-controller-5cf8c7c44b-hbw5c,13.0,34603008
2026-09-16T15:09:00.867272+00:00,kube-system,local-path-provisioner-5d9d9885bc-gz6gf,1.0,15728640
2026-09-16T15:09:00.867272+00:00,kube-system,metrics-server-75dc6f8d87-8xng4,8.0,45088768
2026-09-16T15:09:00.867272+00:00,kube-system,svclb-traefik-0640832b-cmlmg,0.0,0
2026-09-16T15:09:00.867272+00:00,kube-system,traefik-9bcdbbd9-p72qj,4.0,51380224
2026-09-16T15:09:00.867272+00:00,pyroscope,pyroscope-0,5.0,60817408
2026-09-16T15:09:00.867272+00:00,pyroscope,pyroscope-alloy-0,8.0,125829120
2026-09-16T15:09:07.110377+00:00,grove-system,grove-operator-7b4ff56598-fnn26,20.0,127926272
2026-09-16T15:09:07.110377+00:00,kai-scheduler,admission-86666f457d-p5pmm,1.0,13631488
2026-09-16T15:09:07.110377+00:00,kai-scheduler,binder-869fc94c7-xjgwh,21.0,68157440
2026-09-16T15:09:07.110377+00:00,kai-scheduler,kai-operator-69b5d7bcf7-z7q9w,1.0,57671680
2026-09-16T15:09:07.110377+00:00,kai-scheduler,kai-scheduler-default-54f59b45b-wcmls,26.0,121634816
2026-09-16T15:09:07.110377+00:00,kai-scheduler,pod-grouper-65456f756-8brn7,1.0,9437184
2026-09-16T15:09:07.110377+00:00,kai-scheduler,podgroup-controller-68f9cc8dbf-vtczt,1.0,13631488
2026-09-16T15:09:07.110377+00:00,kai-scheduler,queue-controller-f86fcd76c-v769g,1.0,13631488
2026-09-16T15:09:07.110377+00:00,kube-system,coredns-8db54c48d-ghktl,3.0,23068672
2026-09-16T15:09:07.110377+00:00,kube-system,kwok-controller-5cf8c7c44b-hbw5c,36.0,33554432
2026-09-16T15:09:07.110377+00:00,kube-system,local-path-provisioner-5d9d9885bc-gz6gf,1.0,15728640
2026-09-16T15:09:07.110377+00:00,kube-system,metrics-server-75dc6f8d87-8xng4,19.0,49283072
2026-09-16T15:09:07.110377+00:00,kube-system,svclb-traefik-0640832b-cmlmg,0.0,0
2026-09-16T15:09:07.110377+00:00,kube-system,traefik-9bcdbbd9-p72qj,3.0,50331648
2026-09-16T15:09:07.110377+00:00,pyroscope,pyroscope-0,6.0,60817408
2026-09-16T15:09:07.110377+00:00,pyroscope,pyroscope-alloy-0,28.0,124780544
2026-09-16T15:09:13.349056+00:00,grove-system,grove-operator-7b4ff56598-fnn26,20.0,127926272
2026-09-16T15:09:13.349056+00:00,kai-scheduler,admission-86666f457d-p5pmm,1.0,13631488
2026-09-16T15:09:13.349056+00:00,kai-scheduler,binder-869fc94c7-xjgwh,21.0,68157440
2026-09-16T15:09:13.349056+00:00,kai-scheduler,kai-operator-69b5d7bcf7-z7q9w,1.0,57671680
2026-09-16T15:09:13.349056+00:00,kai-scheduler,kai-scheduler-default-54f59b45b-wcmls,26.0,121634816
2026-09-16T15:09:13.349056+00:00,kai-scheduler,pod-grouper-65456f756-8brn7,1.0,9437184
2026-09-16T15:09:13.349056+00:00,kai-scheduler,podgroup-controller-68f9cc8dbf-vtczt,1.0,13631488
2026-09-16T15:09:13.349056+00:00,kai-scheduler,queue-controller-f86fcd76c-v769g,1.0,13631488
2026-09-16T15:09:13.349056+00:00,kube-system,coredns-8db54c48d-ghktl,3.0,23068672
2026-09-16T15:09:13.349056+00:00,kube-system,kwok-controller-5cf8c7c44b-hbw5c,36.0,33554432
2026-09-16T15:09:13.349056+00:00,kube-system,local-path-provisioner-5d9d9885bc-gz6gf,1.0,15728640
2026-09-16T15:09:13.349056+00:00,kube-system,metrics-server-75dc6f8d87-8xng4,19.0,49283072
2026-09-16T15:09:13.349056+00:00,kube-system,svclb-traefik-0640832b-cmlmg,0.0,0
2026-09-16T15:09:13.349056+00:00,kube-system,traefik-9bcdbbd9-p72qj,3.0,50331648
2026-09-16T15:09:13.349056+00:00,pyroscope,pyroscope-0,6.0,60817408
2026-09-16T15:09:13.349056+00:00,pyroscope,pyroscope-alloy-0,28.0,124780544
2026-09-16T15:09:19.588301+00:00,grove-system,grove-operator-7b4ff56598-fnn26,21.0,126877696
2026-09-16T15:09:19.588301+00:00,kai-scheduler,admission-86666f457d-p5pmm,1.0,13631488
2026-09-16T15:09:19.588301+00:00,kai-scheduler,binder-869fc94c7-xjgwh,21.0,68157440
2026-09-16T15:09:19.588301+00:00,kai-scheduler,kai-operator-69b5d7bcf7-z7q9w,2.0,57671680
2026-09-16T15:09:19.588301+00:00,kai-scheduler,kai-scheduler-default-54f59b45b-wcmls,26.0,101711872
2026-09-16T15:09:19.588301+00:00,kai-scheduler,pod-grouper-65456f756-8brn7,1.0,9437184
2026-09-16T15:09:19.588301+00:00,kai-scheduler,podgroup-controller-68f9cc8dbf-vtczt,1.0,13631488
2026-09-16T15:09:19.588301+00:00,kai-scheduler,queue-controller-f86fcd76c-v769g,1.0,13631488
2026-09-16T15:09:19.588301+00:00,kube-system,coredns-8db54c48d-ghktl,4.0,25165824
2026-09-16T15:09:19.588301+00:00,kube-system,kwok-controller-5cf8c7c44b-hbw5c,44.0,31457280
2026-09-16T15:09:19.588301+00:00,kube-system,local-path-provisioner-5d9d9885bc-gz6gf,1.0,15728640
2026-09-16T15:09:19.588301+00:00,kube-system,metrics-server-75dc6f8d87-8xng4,19.0,49283072
2026-09-16T15:09:19.588301+00:00,kube-system,svclb-traefik-0640832b-cmlmg,0.0,0
2026-09-16T15:09:19.588301+00:00,kube-system,traefik-9bcdbbd9-p72qj,3.0,51380224
2026-09-16T15:09:19.588301+00:00,pyroscope,pyroscope-0,5.0,61865984
2026-09-16T15:09:19.588301+00:00,pyroscope,pyroscope-alloy-0,32.0,122683392
2026-09-16T15:09:25.825150+00:00,grove-system,grove-operator-7b4ff56598-fnn26,21.0,126877696
2026-09-16T15:09:25.825150+00:00,kai-scheduler,admission-86666f457d-p5pmm,1.0,13631488
2026-09-16T15:09:25.825150+00:00,kai-scheduler,binder-869fc94c7-xjgwh,21.0,68157440
2026-09-16T15:09:25.825150+00:00,kai-scheduler,kai-operator-69b5d7bcf7-z7q9w,2.0,57671680
2026-09-16T15:09:25.825150+00:00,kai-scheduler,kai-scheduler-default-54f59b45b-wcmls,26.0,101711872
2026-09-16T15:09:25.825150+00:00,kai-scheduler,pod-grouper-65456f756-8brn7,1.0,9437184
2026-09-16T15:09:25.825150+00:00,kai-scheduler,podgroup-controller-68f9cc8dbf-vtczt,1.0,13631488
2026-09-16T15:09:25.825150+00:00,kai-scheduler,queue-controller-f86fcd76c-v769g,1.0,13631488
2026-09-16T15:09:25.825150+00:00,kube-system,coredns-8db54c48d-ghktl,4.0,25165824
2026-09-16T15:09:25.825150+00:00,kube-system,kwok-controller-5cf8c7c44b-hbw5c,44.0,31457280
2026-09-16T15:09:25.825150+00:00,kube-system,local-path-provisioner-5d9d9885bc-gz6gf,1.0,15728640
2026-09-16T15:09:25.825150+00:00,kube-system,metrics-server-75dc6f8d87-8xng4,19.0,49283072
2026-09-16T15:09:25.825150+00:00,kube-system,svclb-traefik-0640832b-cmlmg,0.0,0
2026-09-16T15:09:25.825150+00:00,kube-system,traefik-9bcdbbd9-p72qj,3.0,51380224
2026-09-16T15:09:25.825150+00:00,pyroscope,pyroscope-0,5.0,61865984
2026-09-16T15:09:25.825150+00:00,pyroscope,pyroscope-alloy-0,32.0,122683392
2026-09-16T15:09:32.058326+00:00,grove-system,grove-operator-7b4ff56598-fnn26,35.0,128974848
2026-09-16T15:09:32.058326+00:00,kai-scheduler,admission-86666f457d-p5pmm,1.0,13631488
2026-09-16T15:09:32.058326+00:00,kai-scheduler,binder-869fc94c7-xjgwh,28.0,69206016
2026-09-16T15:09:32.058326+00:00,kai-scheduler,kai-operator-69b5d7bcf7-z7q9w,2.0,57671680
2026-09-16T15:09:32.058326+00:00,kai-scheduler,kai-scheduler-default-54f59b45b-wcmls,28.0,96468992
2026-09-16T15:09:32.058326+00:00,kai-scheduler,pod-grouper-65456f756-8brn7,1.0,9437184
2026-09-16T15:09:32.058326+00:00,kai-scheduler,podgroup-controller-68f9cc8dbf-vtczt,1.0,13631488
2026-09-16T15:09:32.058326+00:00,kai-scheduler,queue-controller-f86fcd76c-v769g,1.0,13631488
2026-09-16T15:09:32.058326+00:00,kube-system,coredns-8db54c48d-ghktl,4.0,26214400
2026-09-16T15:09:32.058326+00:00,kube-system,kwok-controller-5cf8c7c44b-hbw5c,59.0,32505856
2026-09-16T15:09:32.058326+00:00,kube-system,local-path-provisioner-5d9d9885bc-gz6gf,1.0,15728640
2026-09-16T15:09:32.058326+00:00,kube-system,metrics-server-75dc6f8d87-8xng4,20.0,49283072
2026-09-16T15:09:32.058326+00:00,kube-system,svclb-traefik-0640832b-cmlmg,0.0,0
2026-09-16T15:09:32.058326+00:00,kube-system,traefik-9bcdbbd9-p72qj,4.0,50331648
2026-09-16T15:09:32.058326+00:00,pyroscope,pyroscope-0,8.0,75497472
2026-09-16T15:09:32.058326+00:00,pyroscope,pyroscope-alloy-0,37.0,127926272
2026-09-16T15:09:38.291090+00:00,grove-system,grove-operator-7b4ff56598-fnn26,35.0,128974848
2026-09-16T15:09:38.291090+00:00,kai-scheduler,admission-86666f457d-p5pmm,1.0,13631488
2026-09-16T15:09:38.291090+00:00,kai-scheduler,binder-869fc94c7-xjgwh,28.0,69206016
2026-09-16T15:09:38.291090+00:00,kai-scheduler,kai-operator-69b5d7bcf7-z7q9w,2.0,57671680
2026-09-16T15:09:38.291090+00:00,kai-scheduler,kai-scheduler-default-54f59b45b-wcmls,28.0,96468992
2026-09-16T15:09:38.291090+00:00,kai-scheduler,pod-grouper-65456f756-8brn7,1.0,9437184
2026-09-16T15:09:38.291090+00:00,kai-scheduler,podgroup-controller-68f9cc8dbf-vtczt,1.0,13631488
2026-09-16T15:09:38.291090+00:00,kai-scheduler,queue-controller-f86fcd76c-v769g,1.0,13631488
2026-09-16T15:09:38.291090+00:00,kube-system,coredns-8db54c48d-ghktl,4.0,26214400
2026-09-16T15:09:38.291090+00:00,kube-system,kwok-controller-5cf8c7c44b-hbw5c,59.0,32505856
2026-09-16T15:09:38.291090+00:00,kube-system,local-path-provisioner-5d9d9885bc-gz6gf,1.0,15728640
2026-09-16T15:09:38.291090+00:00,kube-system,metrics-server-75dc6f8d87-8xng4,20.0,49283072
2026-09-16T15:09:38.291090+00:00,kube-system,svclb-traefik-0640832b-cmlmg,0.0,0
2026-09-16T15:09:38.291090+00:00,kube-system,traefik-9bcdbbd9-p72qj,4.0,50331648
2026-09-16T15:09:38.291090+00:00,pyroscope,pyroscope-0,8.0,75497472
2026-09-16T15:09:38.291090+00:00,pyroscope,pyroscope-alloy-0,37.0,127926272
2026-09-16T15:09:44.527630+00:00,grove-system,grove-operator-7b4ff56598-fnn26,35.0,128974848
2026-09-16T15:09:44.527630+00:00,kai-scheduler,admission-86666f457d-p5pmm,1.0,13631488
2026-09-16T15:09:44.527630+00:00,kai-scheduler,binder-869fc94c7-xjgwh,28.0,69206016
2026-09-16T15:09:44.527630+00:00,kai-scheduler,kai-operator-69b5d7bcf7-z7q9w,2.0,57671680
2026-09-16T15:09:44.527630+00:00,kai-scheduler,kai-scheduler-default-54f59b45b-wcmls,28.0,96468992
2026-09-16T15:09:44.527630+00:00,kai-scheduler,pod-grouper-65456f756-8brn7,1.0,9437184
2026-09-16T15:09:44.527630+00:00,kai-scheduler,podgroup-controller-68f9cc8dbf-vtczt,1.0,13631488
2026-09-16T15:09:44.527630+00:00,kai-scheduler,queue-controller-f86fcd76c-v769g,1.0,13631488
2026-09-16T15:09:44.527630+00:00,kube-system,coredns-8db54c48d-ghktl,4.0,26214400
2026-09-16T15:09:44.527630+00:00,kube-system,kwok-controller-5cf8c7c44b-hbw5c,59.0,32505856
2026-09-16T15:09:44.527630+00:00,kube-system,local-path-provisioner-5d9d9885bc-gz6gf,1.0,15728640
2026-09-16T15:09:44.527630+00:00,kube-system,metrics-server-75dc6f8d87-8xng4,20.0,49283072
2026-09-16T15:09:44.527630+00:00,kube-system,svclb-traefik-0640832b-cmlmg,0.0,0
2026-09-16T15:09:44.527630+00:00,kube-system,traefik-9bcdbbd9-p72qj,4.0,50331648
2026-09-16T15:09:44.527630+00:00,pyroscope,pyroscope-0,8.0,75497472
2026-09-16T15:09:44.527630+00:00,pyroscope,pyroscope-alloy-0,37.0,127926272
2026-09-16T15:09:50.762081+00:00,grove-system,grove-operator-7b4ff56598-fnn26,32.0,126877696
2026-09-16T15:09:50.762081+00:00,kai-scheduler,admission-86666f457d-p5pmm,1.0,13631488
2026-09-16T15:09:50.762081+00:00,kai-scheduler,binder-869fc94c7-xjgwh,10.0,67108864
2026-09-16T15:09:50.762081+00:00,kai-scheduler,kai-operator-69b5d7bcf7-z7q9w,3.0,58720256
2026-09-16T15:09:50.762081+00:00,kai-scheduler,kai-scheduler-default-54f59b45b-wcmls,15.0,90177536
2026-09-16T15:09:50.762081+00:00,kai-scheduler,pod-grouper-65456f756-8brn7,1.0,9437184
2026-09-16T15:09:50.762081+00:00,kai-scheduler,podgroup-controller-68f9cc8dbf-vtczt,1.0,13631488
2026-09-16T15:09:50.762081+00:00,kai-scheduler,queue-controller-f86fcd76c-v769g,1.0,13631488
2026-09-16T15:09:50.762081+00:00,kube-system,coredns-8db54c48d-ghktl,3.0,26214400
2026-09-16T15:09:50.762081+00:00,kube-system,kwok-controller-5cf8c7c44b-hbw5c,15.0,30408704
2026-09-16T15:09:50.762081+00:00,kube-system,local-path-provisioner-5d9d9885bc-gz6gf,1.0,15728640
2026-09-16T15:09:50.762081+00:00,kube-system,metrics-server-75dc6f8d87-8xng4,6.0,49283072
2026-09-16T15:09:50.762081+00:00,kube-system,svclb-traefik-0640832b-cmlmg,0.0,0
2026-09-16T15:09:50.762081+00:00,kube-system,traefik-9bcdbbd9-p72qj,5.0,51380224
2026-09-16T15:09:50.762081+00:00,pyroscope,pyroscope-0,4.0,81788928
2026-09-16T15:09:50.762081+00:00,pyroscope,pyroscope-alloy-0,10.0,128974848
2026-09-16T15:09:56.998698+00:00,grove-system,grove-operator-7b4ff56598-fnn26,32.0,126877696
2026-09-16T15:09:56.998698+00:00,kai-scheduler,admission-86666f457d-p5pmm,1.0,13631488
2026-09-16T15:09:56.998698+00:00,kai-scheduler,binder-869fc94c7-xjgwh,10.0,67108864
2026-09-16T15:09:56.998698+00:00,kai-scheduler,kai-operator-69b5d7bcf7-z7q9w,3.0,58720256
2026-09-16T15:09:56.998698+00:00,kai-scheduler,kai-scheduler-default-54f59b45b-wcmls,15.0,90177536
2026-09-16T15:09:56.998698+00:00,kai-scheduler,pod-grouper-65456f756-8brn7,1.0,9437184
2026-09-16T15:09:56.998698+00:00,kai-scheduler,podgroup-controller-68f9cc8dbf-vtczt,1.0,13631488
2026-09-16T15:09:56.998698+00:00,kai-scheduler,queue-controller-f86fcd76c-v769g,1.0,13631488
2026-09-16T15:09:56.998698+00:00,kube-system,coredns-8db54c48d-ghktl,3.0,26214400
2026-09-16T15:09:56.998698+00:00,kube-system,kwok-controller-5cf8c7c44b-hbw5c,15.0,30408704
2026-09-16T15:09:56.998698+00:00,kube-system,local-path-provisioner-5d9d9885bc-gz6gf,1.0,15728640
2026-09-16T15:09:56.998698+00:00,kube-system,metrics-server-75dc6f8d87-8xng4,6.0,49283072
2026-09-16T15:09:56.998698+00:00,kube-system,svclb-traefik-0640832b-cmlmg,0.0,0
2026-09-16T15:09:56.998698+00:00,kube-system,traefik-9bcdbbd9-p72qj,5.0,51380224
2026-09-16T15:09:56.998698+00:00,pyroscope,pyroscope-0,4.0,81788928
2026-09-16T15:09:56.998698+00:00,pyroscope,pyroscope-alloy-0,10.0,128974848
2026-09-16T15:10:03.235592+00:00,grove-system,grove-operator-7b4ff56598-fnn26,32.0,126877696
2026-09-16T15:10:03.235592+00:00,kai-scheduler,admission-86666f457d-p5pmm,1.0,13631488
2026-09-16T15:10:03.235592+00:00,kai-scheduler,binder-869fc94c7-xjgwh,1.0,67108864
2026-09-16T15:10:03.235592+00:00,kai-scheduler,kai-operator-69b5d7bcf7-z7q9w,3.0,57671680
2026-09-16T15:10:03.235592+00:00,kai-scheduler,kai-scheduler-default-54f59b45b-wcmls,9.0,90177536
2026-09-16T15:10:03.235592+00:00,kai-scheduler,pod-grouper-65456f756-8brn7,1.0,9437184
2026-09-16T15:10:03.235592+00:00,kai-scheduler,podgroup-controller-68f9cc8dbf-vtczt,1.0,13631488
2026-09-16T15:10:03.235592+00:00,kai-scheduler,queue-controller-f86fcd76c-v769g,1.0,13631488
2026-09-16T15:10:03.235592+00:00,kube-system,coredns-8db54c48d-ghktl,3.0,26214400
2026-09-16T15:10:03.235592+00:00,kube-system,kwok-controller-5cf8c7c44b-hbw5c,15.0,30408704
2026-09-16T15:10:03.235592+00:00,kube-system,local-path-provisioner-5d9d9885bc-gz6gf,1.0,15728640
2026-09-16T15:10:03.235592+00:00,kube-system,metrics-server-75dc6f8d87-8xng4,6.0,49283072
2026-09-16T15:10:03.235592+00:00,kube-system,svclb-traefik-0640832b-cmlmg,0.0,0
2026-09-16T15:10:03.235592+00:00,kube-system,traefik-9bcdbbd9-p72qj,3.0,52428800
2026-09-16T15:10:03.235592+00:00,pyroscope,pyroscope-0,5.0,90177536
2026-09-16T15:10:03.235592+00:00,pyroscope,pyroscope-alloy-0,4.0,130023424
2026-09-16T15:10:09.474956+00:00,grove-system,grove-operator-7b4ff56598-fnn26,32.0,126877696
2026-09-16T15:10:09.474956+00:00,kai-scheduler,admission-86666f457d-p5pmm,1.0,13631488
2026-09-16T15:10:09.474956+00:00,kai-scheduler,binder-869fc94c7-xjgwh,1.0,67108864
2026-09-16T15:10:09.474956+00:00,kai-scheduler,kai-operator-69b5d7bcf7-z7q9w,3.0,57671680
2026-09-16T15:10:09.474956+00:00,kai-scheduler,kai-scheduler-default-54f59b45b-wcmls,9.0,90177536
2026-09-16T15:10:09.474956+00:00,kai-scheduler,pod-grouper-65456f756-8brn7,1.0,9437184
2026-09-16T15:10:09.474956+00:00,kai-scheduler,podgroup-controller-68f9cc8dbf-vtczt,1.0,13631488
2026-09-16T15:10:09.474956+00:00,kai-scheduler,queue-controller-f86fcd76c-v769g,1.0,13631488
2026-09-16T15:10:09.474956+00:00,kube-system,coredns-8db54c48d-ghktl,3.0,26214400
2026-09-16T15:10:09.474956+00:00,kube-system,kwok-controller-5cf8c7c44b-hbw5c,15.0,30408704
2026-09-16T15:10:09.474956+00:00,kube-system,local-path-provisioner-5d9d9885bc-gz6gf,1.0,15728640
2026-09-16T15:10:09.474956+00:00,kube-system,metrics-server-75dc6f8d87-8xng4,6.0,49283072
2026-09-16T15:10:09.474956+00:00,kube-system,svclb-traefik-0640832b-cmlmg,0.0,0
2026-09-16T15:10:09.474956+00:00,kube-system,traefik-9bcdbbd9-p72qj,3.0,52428800
2026-09-16T15:10:09.474956+00:00,pyroscope,pyroscope-0,5.0,90177536
2026-09-16T15:10:09.474956+00:00,pyroscope,pyroscope-alloy-0,4.0,130023424
2026-09-16T15:10:15.711213+00:00,grove-system,grove-operator-7b4ff56598-fnn26,32.0,126877696
2026-09-16T15:10:15.711213+00:00,kai-scheduler,admission-86666f457d-p5pmm,1.0,13631488
2026-09-16T15:10:15.711213+00:00,kai-scheduler,binder-869fc94c7-xjgwh,1.0,67108864
2026-09-16T15:10:15.711213+00:00,kai-scheduler,kai-operator-69b5d7bcf7-z7q9w,3.0,57671680
2026-09-16T15:10:15.711213+00:00,kai-scheduler,kai-scheduler-default-54f59b45b-wcmls,9.0,90177536
2026-09-16T15:10:15.711213+00:00,kai-scheduler,pod-grouper-65456f756-8brn7,1.0,9437184
2026-09-16T15:10:15.711213+00:00,kai-scheduler,podgroup-controller-68f9cc8dbf-vtczt,1.0,13631488
2026-09-16T15:10:15.711213+00:00,kai-scheduler,queue-controller-f86fcd76c-v769g,1.0,13631488
2026-09-16T15:10:15.711213+00:00,kube-system,coredns-8db54c48d-ghktl,3.0,26214400
2026-09-16T15:10:15.711213+00:00,kube-system,kwok-controller-5cf8c7c44b-hbw5c,15.0,30408704
2026-09-16T15:10:15.711213+00:00,kube-system,local-path-provisioner-5d9d9885bc-gz6gf,1.0,15728640
2026-09-16T15:10:15.711213+00:00,kube-system,metrics-server-75dc6f8d87-8xng4,6.0,49283072
2026-09-16T15:10:15.711213+00:00,kube-system,svclb-traefik-0640832b-cmlmg,0.0,0
2026-09-16T15:10:15.711213+00:00,kube-system,traefik-9bcdbbd9-p72qj,3.0,52428800
2026-09-16T15:10:15.711213+00:00,pyroscope,pyroscope-0,5.0,90177536
2026-09-16T15:10:15.711213+00:00,pyroscope,pyroscope-alloy-0,4.0,130023424
2026-09-16T15:10:21.954428+00:00,grove-system,grove-operator-7b4ff56598-fnn26,31.0,128974848
2026-09-16T15:10:21.954428+00:00,kai-scheduler,admission-86666f457d-p5pmm,1.0,13631488
2026-09-16T15:10:21.954428+00:00,kai-scheduler,binder-869fc94c7-xjgwh,1.0,67108864
2026-09-16T15:10:21.954428+00:00,kai-scheduler,kai-operator-69b5d7bcf7-z7q9w,3.0,58720256
2026-09-16T15:10:21.954428+00:00,kai-scheduler,kai-scheduler-default-54f59b45b-wcmls,10.0,90177536
2026-09-16T15:10:21.954428+00:00,kai-scheduler,pod-grouper-65456f756-8brn7,1.0,9437184
2026-09-16T15:10:21.954428+00:00,kai-scheduler,podgroup-controller-68f9cc8dbf-vtczt,1.0,13631488
2026-09-16T15:10:21.954428+00:00,kai-scheduler,queue-controller-f86fcd76c-v769g,1.0,13631488
2026-09-16T15:10:21.954428+00:00,kube-system,coredns-8db54c48d-ghktl,3.0,27262976
2026-09-16T15:10:21.954428+00:00,kube-system,kwok-controller-5cf8c7c44b-hbw5c,10.0,34603008
2026-09-16T15:10:21.954428+00:00,kube-system,local-path-provisioner-5d9d9885bc-gz6gf,1.0,15728640
2026-09-16T15:10:21.954428+00:00,kube-system,metrics-server-75dc6f8d87-8xng4,9.0,49283072
2026-09-16T15:10:21.954428+00:00,kube-system,svclb-traefik-0640832b-cmlmg,0.0,0
2026-09-16T15:10:21.954428+00:00,kube-system,traefik-9bcdbbd9-p72qj,3.0,51380224
2026-09-16T15:10:21.954428+00:00,pyroscope,pyroscope-0,5.0,70254592
2026-09-16T15:10:21.954428+00:00,pyroscope,pyroscope-alloy-0,4.0,134217728
2026-09-16T15:10:28.195174+00:00,grove-system,grove-operator-7b4ff56598-fnn26,31.0,128974848
2026-09-16T15:10:28.195174+00:00,kai-scheduler,admission-86666f457d-p5pmm,1.0,13631488
2026-09-16T15:10:28.195174+00:00,kai-scheduler,binder-869fc94c7-xjgwh,1.0,67108864
2026-09-16T15:10:28.195174+00:00,kai-scheduler,kai-operator-69b5d7bcf7-z7q9w,3.0,58720256
2026-09-16T15:10:28.195174+00:00,kai-scheduler,kai-scheduler-default-54f59b45b-wcmls,10.0,90177536
2026-09-16T15:10:28.195174+00:00,kai-scheduler,pod-grouper-65456f756-8brn7,1.0,9437184
2026-09-16T15:10:28.195174+00:00,kai-scheduler,podgroup-controller-68f9cc8dbf-vtczt,1.0,13631488
2026-09-16T15:10:28.195174+00:00,kai-scheduler,queue-controller-f86fcd76c-v769g,1.0,13631488
2026-09-16T15:10:28.195174+00:00,kube-system,coredns-8db54c48d-ghktl,3.0,27262976
2026-09-16T15:10:28.195174+00:00,kube-system,kwok-controller-5cf8c7c44b-hbw5c,10.0,34603008
2026-09-16T15:10:28.195174+00:00,kube-system,local-path-provisioner-5d9d9885bc-gz6gf,1.0,15728640
2026-09-16T15:10:28.195174+00:00,kube-system,metrics-server-75dc6f8d87-8xng4,9.0,49283072
2026-09-16T15:10:28.195174+00:00,kube-system,svclb-traefik-0640832b-cmlmg,0.0,0
2026-09-16T15:10:28.195174+00:00,kube-system,traefik-9bcdbbd9-p72qj,3.0,51380224
2026-09-16T15:10:28.195174+00:00,pyroscope,pyroscope-0,5.0,70254592
2026-09-16T15:10:28.195174+00:00,pyroscope,pyroscope-alloy-0,4.0,134217728
2026-09-16T15:10:34.430991+00:00,grove-system,grove-operator-7b4ff56598-fnn26,22.0,127926272
2026-09-16T15:10:34.430991+00:00,kai-scheduler,admission-86666f457d-p5pmm,1.0,13631488
2026-09-16T15:10:34.430991+00:00,kai-scheduler,binder-869fc94c7-xjgwh,6.0,69206016
2026-09-16T15:10:34.430991+00:00,kai-scheduler,kai-operator-69b5d7bcf7-z7q9w,3.0,58720256
2026-09-16T15:10:34.430991+00:00,kai-scheduler,kai-scheduler-default-54f59b45b-wcmls,10.0,90177536
2026-09-16T15:10:34.430991+00:00,kai-scheduler,pod-grouper-65456f756-8brn7,1.0,9437184
2026-09-16T15:10:34.430991+00:00,kai-scheduler,podgroup-controller-68f9cc8dbf-vtczt,1.0,14680064
2026-09-16T15:10:34.430991+00:00,kai-scheduler,queue-controller-f86fcd76c-v769g,1.0,13631488
2026-09-16T15:10:34.430991+00:00,kube-system,coredns-8db54c48d-ghktl,3.0,25165824
2026-09-16T15:10:34.430991+00:00,kube-system,kwok-controller-5cf8c7c44b-hbw5c,10.0,34603008
2026-09-16T15:10:34.430991+00:00,kube-system,local-path-provisioner-5d9d9885bc-gz6gf,1.0,15728640
2026-09-16T15:10:34.430991+00:00,kube-system,metrics-server-75dc6f8d87-8xng4,7.0,50331648
2026-09-16T15:10:34.430991+00:00,kube-system,svclb-traefik-0640832b-cmlmg,0.0,0
2026-09-16T15:10:34.430991+00:00,kube-system,traefik-9bcdbbd9-p72qj,3.0,50331648
2026-09-16T15:10:34.430991+00:00,pyroscope,pyroscope-0,5.0,70254592
2026-09-16T15:10:34.430991+00:00,pyroscope,pyroscope-alloy-0,4.0,134217728
2026-09-16T15:10:40.669739+00:00,grove-system,grove-operator-7b4ff56598-fnn26,22.0,127926272
2026-09-16T15:10:40.669739+00:00,kai-scheduler,admission-86666f457d-p5pmm,1.0,13631488
2026-09-16T15:10:40.669739+00:00,kai-scheduler,binder-869fc94c7-xjgwh,6.0,69206016
2026-09-16T15:10:40.669739+00:00,kai-scheduler,kai-operator-69b5d7bcf7-z7q9w,3.0,58720256
2026-09-16T15:10:40.669739+00:00,kai-scheduler,kai-scheduler-default-54f59b45b-wcmls,10.0,90177536
2026-09-16T15:10:40.669739+00:00,kai-scheduler,pod-grouper-65456f756-8brn7,1.0,9437184
2026-09-16T15:10:40.669739+00:00,kai-scheduler,podgroup-controller-68f9cc8dbf-vtczt,1.0,14680064
2026-09-16T15:10:40.669739+00:00,kai-scheduler,queue-controller-f86fcd76c-v769g,1.0,13631488
2026-09-16T15:10:40.669739+00:00,kube-system,coredns-8db54c48d-ghktl,3.0,25165824
2026-09-16T15:10:40.669739+00:00,kube-system,kwok-controller-5cf8c7c44b-hbw5c,10.0,34603008
2026-09-16T15:10:40.669739+00:00,kube-system,local-path-provisioner-5d9d9885bc-gz6gf,1.0,15728640
2026-09-16T15:10:40.669739+00:00,kube-system,metrics-server-75dc6f8d87-8xng4,7.0,50331648
2026-09-16T15:10:40.669739+00:00,kube-system,svclb-traefik-0640832b-cmlmg,0.0,0
2026-09-16T15:10:40.669739+00:00,kube-system,traefik-9bcdbbd9-p72qj,3.0,50331648
2026-09-16T15:10:40.669739+00:00,pyroscope,pyroscope-0,5.0,70254592
2026-09-16T15:10:40.669739+00:00,pyroscope,pyroscope-alloy-0,4.0,134217728
2026-09-16T15:10:46.910358+00:00,grove-system,grove-operator-7b4ff56598-fnn26,22.0,127926272
2026-09-16T15:10:46.910358+00:00,kai-scheduler,admission-86666f457d-p5pmm,1.0,13631488
2026-09-16T15:10:46.910358+00:00,kai-scheduler,binder-869fc94c7-xjgwh,20.0,69206016
2026-09-16T15:10:46.910358+00:00,kai-scheduler,kai-operator-69b5d7bcf7-z7q9w,2.0,57671680
2026-09-16T15:10:46.910358+00:00,kai-scheduler,kai-scheduler-default-54f59b45b-wcmls,18.0,91226112
2026-09-16T15:10:46.910358+00:00,kai-scheduler,pod-grouper-65456f756-8brn7,1.0,9437184
2026-09-16T15:10:46.910358+00:00,kai-scheduler,podgroup-controller-68f9cc8dbf-vtczt,1.0,13631488
2026-09-16T15:10:46.910358+00:00,kai-scheduler,queue-controller-f86fcd76c-v769g,1.0,13631488
2026-09-16T15:10:46.910358+00:00,kube-system,coredns-8db54c48d-ghktl,4.0,25165824
2026-09-16T15:10:46.910358+00:00,kube-system,kwok-controller-5cf8c7c44b-hbw5c,36.0,32505856
2026-09-16T15:10:46.910358+00:00,kube-system,local-path-provisioner-5d9d9885bc-gz6gf,1.0,15728640
2026-09-16T15:10:46.910358+00:00,kube-system,metrics-server-75dc6f8d87-8xng4,18.0,50331648
2026-09-16T15:10:46.910358+00:00,kube-system,svclb-traefik-0640832b-cmlmg,0.0,0
2026-09-16T15:10:46.910358+00:00,kube-system,traefik-9bcdbbd9-p72qj,3.0,51380224
2026-09-16T15:10:46.910358+00:00,pyroscope,pyroscope-0,5.0,70254592
2026-09-16T15:10:46.910358+00:00,pyroscope,pyroscope-alloy-0,21.0,135266304
2026-09-16T15:10:53.149825+00:00,grove-system,grove-operator-7b4ff56598-fnn26,22.0,127926272
2026-09-16T15:10:53.149825+00:00,kai-scheduler,admission-86666f457d-p5pmm,1.0,13631488
2026-09-16T15:10:53.149825+00:00,kai-scheduler,binder-869fc94c7-xjgwh,20.0,69206016
2026-09-16T15:10:53.149825+00:00,kai-scheduler,kai-operator-69b5d7bcf7-z7q9w,2.0,57671680
2026-09-16T15:10:53.149825+00:00,kai-scheduler,kai-scheduler-default-54f59b45b-wcmls,18.0,91226112
2026-09-16T15:10:53.149825+00:00,kai-scheduler,pod-grouper-65456f756-8brn7,1.0,9437184
2026-09-16T15:10:53.149825+00:00,kai-scheduler,podgroup-controller-68f9cc8dbf-vtczt,1.0,13631488
2026-09-16T15:10:53.149825+00:00,kai-scheduler,queue-controller-f86fcd76c-v769g,1.0,13631488
2026-09-16T15:10:53.149825+00:00,kube-system,coredns-8db54c48d-ghktl,4.0,25165824
2026-09-16T15:10:53.149825+00:00,kube-system,kwok-controller-5cf8c7c44b-hbw5c,36.0,32505856
2026-09-16T15:10:53.149825+00:00,kube-system,local-path-provisioner-5d9d9885bc-gz6gf,1.0,15728640
2026-09-16T15:10:53.149825+00:00,kube-system,metrics-server-75dc6f8d87-8xng4,18.0,50331648
2026-09-16T15:10:53.149825+00:00,kube-system,svclb-traefik-0640832b-cmlmg,0.0,0
2026-09-16T15:10:53.149825+00:00,kube-system,traefik-9bcdbbd9-p72qj,3.0,51380224
2026-09-16T15:10:53.149825+00:00,pyroscope,pyroscope-0,5.0,70254592
2026-09-16T15:10:53.149825+00:00,pyroscope,pyroscope-alloy-0,21.0,135266304
2026-09-16T15:10:59.389683+00:00,grove-system,grove-operator-7b4ff56598-fnn26,22.0,127926272
2026-09-16T15:10:59.389683+00:00,kai-scheduler,admission-86666f457d-p5pmm,1.0,13631488
2026-09-16T15:10:59.389683+00:00,kai-scheduler,binder-869fc94c7-xjgwh,20.0,69206016
2026-09-16T15:10:59.389683+00:00,kai-scheduler,kai-operator-69b5d7bcf7-z7q9w,2.0,57671680
2026-09-16T15:10:59.389683+00:00,kai-scheduler,kai-scheduler-default-54f59b45b-wcmls,18.0,91226112
2026-09-16T15:10:59.389683+00:00,kai-scheduler,pod-grouper-65456f756-8brn7,1.0,9437184
2026-09-16T15:10:59.389683+00:00,kai-scheduler,podgroup-controller-68f9cc8dbf-vtczt,1.0,13631488
2026-09-16T15:10:59.389683+00:00,kai-scheduler,queue-controller-f86fcd76c-v769g,1.0,13631488
2026-09-16T15:10:59.389683+00:00,kube-system,coredns-8db54c48d-ghktl,4.0,25165824
2026-09-16T15:10:59.389683+00:00,kube-system,kwok-controller-5cf8c7c44b-hbw5c,36.0,32505856
2026-09-16T15:10:59.389683+00:00,kube-system,local-path-provisioner-5d9d9885bc-gz6gf,1.0,15728640
2026-09-16T15:10:59.389683+00:00,kube-system,metrics-server-75dc6f8d87-8xng4,18.0,50331648
2026-09-16T15:10:59.389683+00:00,kube-system,svclb-traefik-0640832b-cmlmg,0.0,0
2026-09-16T15:10:59.389683+00:00,kube-system,traefik-9bcdbbd9-p72qj,3.0,51380224
2026-09-16T15:10:59.389683+00:00,pyroscope,pyroscope-0,5.0,70254592
2026-09-16T15:10:59.389683+00:00,pyroscope,pyroscope-alloy-0,21.0,135266304
2026-09-16T15:11:05.634651+00:00,grove-system,grove-operator-7b4ff56598-fnn26,19.0,127926272
2026-09-16T15:11:05.634651+00:00,kai-scheduler,admission-86666f457d-p5pmm,1.0,14680064
2026-09-16T15:11:05.634651+00:00,kai-scheduler,binder-869fc94c7-xjgwh,22.0,69206016
2026-09-16T15:11:05.634651+00:00,kai-scheduler,kai-operator-69b5d7bcf7-z7q9w,2.0,57671680
2026-09-16T15:11:05.634651+00:00,kai-scheduler,kai-scheduler-default-54f59b45b-wcmls,19.0,84934656
2026-09-16T15:11:05.634651+00:00,kai-scheduler,pod-grouper-65456f756-8brn7,1.0,9437184
2026-09-16T15:11:05.634651+00:00,kai-scheduler,podgroup-controller-68f9cc8dbf-vtczt,1.0,13631488
2026-09-16T15:11:05.634651+00:00,kai-scheduler,queue-controller-f86fcd76c-v769g,1.0,13631488
2026-09-16T15:11:05.634651+00:00,kube-system,coredns-8db54c48d-ghktl,3.0,25165824
2026-09-16T15:11:05.634651+00:00,kube-system,kwok-controller-5cf8c7c44b-hbw5c,36.0,32505856
2026-09-16T15:11:05.634651+00:00,kube-system,local-path-provisioner-5d9d9885bc-gz6gf,1.0,15728640
2026-09-16T15:11:05.634651+00:00,kube-system,metrics-server-75dc6f8d87-8xng4,17.0,49283072
2026-09-16T15:11:05.634651+00:00,kube-system,svclb-traefik-0640832b-cmlmg,0.0,0
2026-09-16T15:11:05.634651+00:00,kube-system,traefik-9bcdbbd9-p72qj,3.0,51380224
2026-09-16T15:11:05.634651+00:00,pyroscope,pyroscope-0,5.0,68157440
2026-09-16T15:11:05.634651+00:00,pyroscope,pyroscope-alloy-0,24.0,120586240
2026-09-16T15:11:11.871383+00:00,grove-system,grove-operator-7b4ff56598-fnn26,19.0,127926272
2026-09-16T15:11:11.871383+00:00,kai-scheduler,admission-86666f457d-p5pmm,1.0,14680064
2026-09-16T15:11:11.871383+00:00,kai-scheduler,binder-869fc94c7-xjgwh,22.0,69206016
2026-09-16T15:11:11.871383+00:00,kai-scheduler,kai-operator-69b5d7bcf7-z7q9w,2.0,57671680
2026-09-16T15:11:11.871383+00:00,kai-scheduler,kai-scheduler-default-54f59b45b-wcmls,19.0,84934656
2026-09-16T15:11:11.871383+00:00,kai-scheduler,pod-grouper-65456f756-8brn7,1.0,9437184
2026-09-16T15:11:11.871383+00:00,kai-scheduler,podgroup-controller-68f9cc8dbf-vtczt,1.0,13631488
2026-09-16T15:11:11.871383+00:00,kai-scheduler,queue-controller-f86fcd76c-v769g,1.0,13631488
2026-09-16T15:11:11.871383+00:00,kube-system,coredns-8db54c48d-ghktl,3.0,25165824
2026-09-16T15:11:11.871383+00:00,kube-system,kwok-controller-5cf8c7c44b-hbw5c,36.0,32505856
2026-09-16T15:11:11.871383+00:00,kube-system,local-path-provisioner-5d9d9885bc-gz6gf,1.0,15728640
2026-09-16T15:11:11.871383+00:00,kube-system,metrics-server-75dc6f8d87-8xng4,17.0,49283072
2026-09-16T15:11:11.871383+00:00,kube-system,svclb-traefik-0640832b-cmlmg,0.0,0
2026-09-16T15:11:11.871383+00:00,kube-system,traefik-9bcdbbd9-p72qj,3.0,51380224
2026-09-16T15:11:11.871383+00:00,pyroscope,pyroscope-0,5.0,68157440
2026-09-16T15:11:11.871383+00:00,pyroscope,pyroscope-alloy-0,24.0,120586240
2026-09-16T15:11:18.108100+00:00,grove-system,grove-operator-7b4ff56598-fnn26,20.0,121634816
2026-09-16T15:11:18.108100+00:00,kai-scheduler,admission-86666f457d-p5pmm,1.0,13631488
2026-09-16T15:11:18.108100+00:00,kai-scheduler,binder-869fc94c7-xjgwh,24.0,68157440
2026-09-16T15:11:18.108100+00:00,kai-scheduler,kai-operator-69b5d7bcf7-z7q9w,4.0,60817408
2026-09-16T15:11:18.108100+00:00,kai-scheduler,kai-scheduler-default-54f59b45b-wcmls,19.0,85983232
2026-09-16T15:11:18.108100+00:00,kai-scheduler,pod-grouper-65456f756-8brn7,1.0,9437184
2026-09-16T15:11:18.108100+00:00,kai-scheduler,podgroup-controller-68f9cc8dbf-vtczt,1.0,13631488
2026-09-16T15:11:18.108100+00:00,kai-scheduler,queue-controller-f86fcd76c-v769g,1.0,13631488
2026-09-16T15:11:18.108100+00:00,kube-system,coredns-8db54c48d-ghktl,4.0,26214400
2026-09-16T15:11:18.108100+00:00,kube-system,kwok-controller-5cf8c7c44b-hbw5c,46.0,32505856
2026-09-16T15:11:18.108100+00:00,kube-system,local-path-provisioner-5d9d9885bc-gz6gf,1.0,15728640
2026-09-16T15:11:18.108100+00:00,kube-system,metrics-server-75dc6f8d87-8xng4,19.0,50331648
2026-09-16T15:11:18.108100+00:00,kube-system,svclb-traefik-0640832b-cmlmg,0.0,0
2026-09-16T15:11:18.108100+00:00,kube-system,traefik-9bcdbbd9-p72qj,3.0,51380224
2026-09-16T15:11:18.108100+00:00,pyroscope,pyroscope-0,5.0,69206016
2026-09-16T15:11:18.108100+00:00,pyroscope,pyroscope-alloy-0,25.0,120586240
2026-09-16T15:11:24.356869+00:00,grove-system,grove-operator-7b4ff56598-fnn26,20.0,121634816
2026-09-16T15:11:24.356869+00:00,kai-scheduler,admission-86666f457d-p5pmm,1.0,13631488
2026-09-16T15:11:24.356869+00:00,kai-scheduler,binder-869fc94c7-xjgwh,24.0,68157440
2026-09-16T15:11:24.356869+00:00,kai-scheduler,kai-operator-69b5d7bcf7-z7q9w,4.0,60817408
2026-09-16T15:11:24.356869+00:00,kai-scheduler,kai-scheduler-default-54f59b45b-wcmls,19.0,85983232
2026-09-16T15:11:24.356869+00:00,kai-scheduler,pod-grouper-65456f756-8brn7,1.0,9437184
2026-09-16T15:11:24.356869+00:00,kai-scheduler,podgroup-controller-68f9cc8dbf-vtczt,1.0,13631488
2026-09-16T15:11:24.356869+00:00,kai-scheduler,queue-controller-f86fcd76c-v769g,1.0,13631488
2026-09-16T15:11:24.356869+00:00,kube-system,coredns-8db54c48d-ghktl,4.0,26214400
2026-09-16T15:11:24.356869+00:00,kube-system,kwok-controller-5cf8c7c44b-hbw5c,46.0,32505856
2026-09-16T15:11:24.356869+00:00,kube-system,local-path-provisioner-5d9d9885bc-gz6gf,1.0,15728640
2026-09-16T15:11:24.356869+00:00,kube-system,metrics-server-75dc6f8d87-8xng4,19.0,50331648
2026-09-16T15:11:24.356869+00:00,kube-system,svclb-traefik-0640832b-cmlmg,0.0,0
2026-09-16T15:11:24.356869+00:00,kube-system,traefik-9bcdbbd9-p72qj,3.0,51380224
2026-09-16T15:11:24.356869+00:00,pyroscope,pyroscope-0,5.0,69206016
2026-09-16T15:11:24.356869+00:00,pyroscope,pyroscope-alloy-0,25.0,120586240
2026-09-16T15:11:30.628558+00:00,grove-system,grove-operator-7b4ff56598-fnn26,20.0,121634816
2026-09-16T15:11:30.628558+00:00,kai-scheduler,admission-86666f457d-p5pmm,1.0,13631488
2026-09-16T15:11:30.628558+00:00,kai-scheduler,binder-869fc94c7-xjgwh,24.0,68157440
2026-09-16T15:11:30.628558+00:00,kai-scheduler,kai-operator-69b5d7bcf7-z7q9w,4.0,60817408
2026-09-16T15:11:30.628558+00:00,kai-scheduler,kai-scheduler-default-54f59b45b-wcmls,19.0,85983232
2026-09-16T15:11:30.628558+00:00,kai-scheduler,pod-grouper-65456f756-8brn7,1.0,9437184
2026-09-16T15:11:30.628558+00:00,kai-scheduler,podgroup-controller-68f9cc8dbf-vtczt,1.0,13631488
2026-09-16T15:11:30.628558+00:00,kai-scheduler,queue-controller-f86fcd76c-v769g,1.0,13631488
2026-09-16T15:11:30.628558+00:00,kube-system,coredns-8db54c48d-ghktl,4.0,26214400
2026-09-16T15:11:30.628558+00:00,kube-system,kwok-controller-5cf8c7c44b-hbw5c,46.0,32505856
2026-09-16T15:11:30.628558+00:00,kube-system,local-path-provisioner-5d9d9885bc-gz6gf,1.0,15728640
2026-09-16T15:11:30.628558+00:00,kube-system,metrics-server-75dc6f8d87-8xng4,19.0,50331648
2026-09-16T15:11:30.628558+00:00,kube-system,svclb-traefik-0640832b-cmlmg,0.0,0
2026-09-16T15:11:30.628558+00:00,kube-system,traefik-9bcdbbd9-p72qj,3.0,51380224
2026-09-16T15:11:30.628558+00:00,pyroscope,pyroscope-0,5.0,69206016
2026-09-16T15:11:30.628558+00:00,pyroscope,pyroscope-alloy-0,25.0,120586240
2026-09-16T15:11:36.877433+00:00,grove-system,grove-operator-7b4ff56598-fnn26,20.0,121634816
2026-09-16T15:11:36.877433+00:00,kai-scheduler,admission-86666f457d-p5pmm,1.0,13631488
2026-09-16T15:11:36.877433+00:00,kai-scheduler,binder-869fc94c7-xjgwh,29.0,69206016
2026-09-16T15:11:36.877433+00:00,kai-scheduler,kai-operator-69b5d7bcf7-z7q9w,21.0,62914560
2026-09-16T15:11:36.877433+00:00,kai-scheduler,kai-scheduler-default-54f59b45b-wcmls,25.0,82837504
2026-09-16T15:11:36.877433+00:00,kai-scheduler,pod-grouper-65456f756-8brn7,1.0,9437184
2026-09-16T15:11:36.877433+00:00,kai-scheduler,podgroup-controller-68f9cc8dbf-vtczt,1.0,13631488
2026-09-16T15:11:36.877433+00:00,kai-scheduler,queue-controller-f86fcd76c-v769g,1.0,13631488
2026-09-16T15:11:36.877433+00:00,kube-system,coredns-8db54c48d-ghktl,13.0,26214400
2026-09-16T15:11:36.877433+00:00,kube-system,kwok-controller-5cf8c7c44b-hbw5c,42.0,31457280
2026-09-16T15:11:36.877433+00:00,kube-system,local-path-provisioner-5d9d9885bc-gz6gf,1.0,15728640
2026-09-16T15:11:36.877433+00:00,kube-system,metrics-server-75dc6f8d87-8xng4,20.0,52428800
2026-09-16T15:11:36.877433+00:00,kube-system,svclb-traefik-0640832b-cmlmg,0.0,0
2026-09-16T15:11:36.877433+00:00,kube-system,traefik-9bcdbbd9-p72qj,41.0,53477376
2026-09-16T15:11:36.877433+00:00,pyroscope,pyroscope-0,8.0,75497472
2026-09-16T15:11:36.877433+00:00,pyroscope,pyroscope-alloy-0,17.0,119537664
2026-09-16T15:11:43.134817+00:00,grove-system,grove-operator-7b4ff56598-fnn26,20.0,121634816
2026-09-16T15:11:43.134817+00:00,kai-scheduler,admission-86666f457d-p5pmm,1.0,13631488
2026-09-16T15:11:43.134817+00:00,kai-scheduler,binder-869fc94c7-xjgwh,29.0,69206016
2026-09-16T15:11:43.134817+00:00,kai-scheduler,kai-operator-69b5d7bcf7-z7q9w,21.0,62914560
2026-09-16T15:11:43.134817+00:00,kai-scheduler,kai-scheduler-default-54f59b45b-wcmls,25.0,82837504
2026-09-16T15:11:43.134817+00:00,kai-scheduler,pod-grouper-65456f756-8brn7,1.0,9437184
2026-09-16T15:11:43.134817+00:00,kai-scheduler,podgroup-controller-68f9cc8dbf-vtczt,1.0,13631488
2026-09-16T15:11:43.134817+00:00,kai-scheduler,queue-controller-f86fcd76c-v769g,1.0,13631488
2026-09-16T15:11:43.134817+00:00,kube-system,coredns-8db54c48d-ghktl,13.0,26214400
2026-09-16T15:11:43.134817+00:00,kube-system,kwok-controller-5cf8c7c44b-hbw5c,42.0,31457280
2026-09-16T15:11:43.134817+00:00,kube-system,local-path-provisioner-5d9d9885bc-gz6gf,1.0,15728640
2026-09-16T15:11:43.134817+00:00,kube-system,metrics-server-75dc6f8d87-8xng4,20.0,52428800
2026-09-16T15:11:43.134817+00:00,kube-system,svclb-traefik-0640832b-cmlmg,0.0,0
2026-09-16T15:11:43.134817+00:00,kube-system,traefik-9bcdbbd9-p72qj,41.0,53477376
2026-09-16T15:11:43.134817+00:00,pyroscope,pyroscope-0,8.0,75497472
2026-09-16T15:11:43.134817+00:00,pyroscope,pyroscope-alloy-0,17.0,119537664
2026-09-16T15:11:49.393030+00:00,grove-system,grove-operator-7b4ff56598-fnn26,476.0,150994944
2026-09-16T15:11:49.393030+00:00,kai-scheduler,admission-86666f457d-p5pmm,1.0,13631488
2026-09-16T15:11:49.393030+00:00,kai-scheduler,binder-869fc94c7-xjgwh,57.0,92274688
2026-09-16T15:11:49.393030+00:00,kai-scheduler,kai-operator-69b5d7bcf7-z7q9w,1.0,62914560
2026-09-16T15:11:49.393030+00:00,kai-scheduler,kai-scheduler-default-54f59b45b-wcmls,25.0,82837504
2026-09-16T15:11:49.393030+00:00,kai-scheduler,pod-grouper-65456f756-8brn7,1.0,9437184
2026-09-16T15:11:49.393030+00:00,kai-scheduler,podgroup-controller-68f9cc8dbf-vtczt,1.0,13631488
2026-09-16T15:11:49.393030+00:00,kai-scheduler,queue-controller-f86fcd76c-v769g,1.0,13631488
2026-09-16T15:11:49.393030+00:00,kube-system,coredns-8db54c48d-ghktl,13.0,26214400
2026-09-16T15:11:49.393030+00:00,kube-system,kwok-controller-5cf8c7c44b-hbw5c,43.0,32505856
2026-09-16T15:11:49.393030+00:00,kube-system,local-path-provisioner-5d9d9885bc-gz6gf,1.0,15728640
2026-09-16T15:11:49.393030+00:00,kube-system,metrics-server-75dc6f8d87-8xng4,12.0,49283072
2026-09-16T15:11:49.393030+00:00,kube-system,svclb-traefik-0640832b-cmlmg,0.0,0
2026-09-16T15:11:49.393030+00:00,kube-system,traefik-9bcdbbd9-p72qj,13.0,51380224
2026-09-16T15:11:49.393030+00:00,pyroscope,pyroscope-0,7.0,72351744
2026-09-16T15:11:49.393030+00:00,pyroscope,pyroscope-alloy-0,31.0,122683392
2026-09-16T15:11:55.651708+00:00,grove-system,grove-operator-7b4ff56598-fnn26,476.0,150994944
2026-09-16T15:11:55.651708+00:00,kai-scheduler,admission-86666f457d-p5pmm,1.0,13631488
2026-09-16T15:11:55.651708+00:00,kai-scheduler,binder-869fc94c7-xjgwh,57.0,92274688
2026-09-16T15:11:55.651708+00:00,kai-scheduler,kai-operator-69b5d7bcf7-z7q9w,1.0,62914560
2026-09-16T15:11:55.651708+00:00,kai-scheduler,kai-scheduler-default-54f59b45b-wcmls,25.0,82837504
2026-09-16T15:11:55.651708+00:00,kai-scheduler,pod-grouper-65456f756-8brn7,1.0,9437184
2026-09-16T15:11:55.651708+00:00,kai-scheduler,podgroup-controller-68f9cc8dbf-vtczt,1.0,13631488
2026-09-16T15:11:55.651708+00:00,kai-scheduler,queue-controller-f86fcd76c-v769g,1.0,13631488
2026-09-16T15:11:55.651708+00:00,kube-system,coredns-8db54c48d-ghktl,13.0,26214400
2026-09-16T15:11:55.651708+00:00,kube-system,kwok-controller-5cf8c7c44b-hbw5c,43.0,32505856
2026-09-16T15:11:55.651708+00:00,kube-system,local-path-provisioner-5d9d9885bc-gz6gf,1.0,15728640
2026-09-16T15:11:55.651708+00:00,kube-system,metrics-server-75dc6f8d87-8xng4,12.0,49283072
2026-09-16T15:11:55.651708+00:00,kube-system,svclb-traefik-0640832b-cmlmg,0.0,0
2026-09-16T15:11:55.651708+00:00,kube-system,traefik-9bcdbbd9-p72qj,13.0,51380224
2026-09-16T15:11:55.651708+00:00,pyroscope,pyroscope-0,7.0,72351744
2026-09-16T15:11:55.651708+00:00,pyroscope,pyroscope-alloy-0,31.0,122683392
2026-09-16T15:12:01.888785+00:00,grove-system,grove-operator-7b4ff56598-fnn26,816.0,170917888
2026-09-16T15:12:01.888785+00:00,kai-scheduler,admission-86666f457d-p5pmm,1.0,13631488
2026-09-16T15:12:01.888785+00:00,kai-scheduler,binder-869fc94c7-xjgwh,68.0,106954752
2026-09-16T15:12:01.888785+00:00,kai-scheduler,kai-operator-69b5d7bcf7-z7q9w,1.0,62914560
2026-09-16T15:12:01.888785+00:00,kai-scheduler,kai-scheduler-default-54f59b45b-wcmls,55.0,115343360
2026-09-16T15:12:01.888785+00:00,kai-scheduler,pod-grouper-65456f756-8brn7,1.0,9437184
2026-09-16T15:12:01.888785+00:00,kai-scheduler,podgroup-controller-68f9cc8dbf-vtczt,1.0,13631488
2026-09-16T15:12:01.888785+00:00,kai-scheduler,queue-controller-f86fcd76c-v769g,1.0,13631488
2026-09-16T15:12:01.888785+00:00,kube-system,coredns-8db54c48d-ghktl,9.0,26214400
2026-09-16T15:12:01.888785+00:00,kube-system,kwok-controller-5cf8c7c44b-hbw5c,156.0,33554432
2026-09-16T15:12:01.888785+00:00,kube-system,local-path-provisioner-5d9d9885bc-gz6gf,1.0,15728640
2026-09-16T15:12:01.888785+00:00,kube-system,metrics-server-75dc6f8d87-8xng4,21.0,50331648
2026-09-16T15:12:01.888785+00:00,kube-system,svclb-traefik-0640832b-cmlmg,0.0,0
2026-09-16T15:12:01.888785+00:00,kube-system,traefik-9bcdbbd9-p72qj,14.0,53477376
2026-09-16T15:12:01.888785+00:00,pyroscope,pyroscope-0,7.0,68157440
2026-09-16T15:12:01.888785+00:00,pyroscope,pyroscope-alloy-0,66.0,133169152
2026-09-16T15:12:08.125248+00:00,grove-system,grove-operator-7b4ff56598-fnn26,816.0,170917888
2026-09-16T15:12:08.125248+00:00,kai-scheduler,admission-86666f457d-p5pmm,1.0,13631488
2026-09-16T15:12:08.125248+00:00,kai-scheduler,binder-869fc94c7-xjgwh,68.0,106954752
2026-09-16T15:12:08.125248+00:00,kai-scheduler,kai-operator-69b5d7bcf7-z7q9w,1.0,62914560
2026-09-16T15:12:08.125248+00:00,kai-scheduler,kai-scheduler-default-54f59b45b-wcmls,55.0,115343360
2026-09-16T15:12:08.125248+00:00,kai-scheduler,pod-grouper-65456f756-8brn7,1.0,9437184
2026-09-16T15:12:08.125248+00:00,kai-scheduler,podgroup-controller-68f9cc8dbf-vtczt,1.0,13631488
2026-09-16T15:12:08.125248+00:00,kai-scheduler,queue-controller-f86fcd76c-v769g,1.0,13631488
2026-09-16T15:12:08.125248+00:00,kube-system,coredns-8db54c48d-ghktl,9.0,26214400
2026-09-16T15:12:08.125248+00:00,kube-system,kwok-controller-5cf8c7c44b-hbw5c,156.0,33554432
2026-09-16T15:12:08.125248+00:00,kube-system,local-path-provisioner-5d9d9885bc-gz6gf,1.0,15728640
2026-09-16T15:12:08.125248+00:00,kube-system,metrics-server-75dc6f8d87-8xng4,21.0,50331648
2026-09-16T15:12:08.125248+00:00,kube-system,svclb-traefik-0640832b-cmlmg,0.0,0
2026-09-16T15:12:08.125248+00:00,kube-system,traefik-9bcdbbd9-p72qj,14.0,53477376
2026-09-16T15:12:08.125248+00:00,pyroscope,pyroscope-0,7.0,68157440
2026-09-16T15:12:08.125248+00:00,pyroscope,pyroscope-alloy-0,66.0,133169152
2026-09-16T15:12:14.364598+00:00,grove-system,grove-operator-7b4ff56598-fnn26,816.0,170917888
2026-09-16T15:12:14.364598+00:00,kai-scheduler,admission-86666f457d-p5pmm,1.0,13631488
2026-09-16T15:12:14.364598+00:00,kai-scheduler,binder-869fc94c7-xjgwh,68.0,106954752
2026-09-16T15:12:14.364598+00:00,kai-scheduler,kai-operator-69b5d7bcf7-z7q9w,1.0,62914560
2026-09-16T15:12:14.364598+00:00,kai-scheduler,kai-scheduler-default-54f59b45b-wcmls,55.0,115343360
2026-09-16T15:12:14.364598+00:00,kai-scheduler,pod-grouper-65456f756-8brn7,1.0,9437184
2026-09-16T15:12:14.364598+00:00,kai-scheduler,podgroup-controller-68f9cc8dbf-vtczt,1.0,13631488
2026-09-16T15:12:14.364598+00:00,kai-scheduler,queue-controller-f86fcd76c-v769g,1.0,13631488
2026-09-16T15:12:14.364598+00:00,kube-system,coredns-8db54c48d-ghktl,9.0,26214400
2026-09-16T15:12:14.364598+00:00,kube-system,kwok-controller-5cf8c7c44b-hbw5c,156.0,33554432
2026-09-16T15:12:14.364598+00:00,kube-system,local-path-provisioner-5d9d9885bc-gz6gf,1.0,15728640
2026-09-16T15:12:14.364598+00:00,kube-system,metrics-server-75dc6f8d87-8xng4,21.0,50331648
2026-09-16T15:12:14.364598+00:00,kube-system,svclb-traefik-0640832b-cmlmg,0.0,0
2026-09-16T15:12:14.364598+00:00,kube-system,traefik-9bcdbbd9-p72qj,14.0,53477376
2026-09-16T15:12:14.364598+00:00,pyroscope,pyroscope-0,7.0,68157440
2026-09-16T15:12:14.364598+00:00,pyroscope,pyroscope-alloy-0,66.0,133169152
2026-09-16T15:12:20.599034+00:00,grove-system,grove-operator-7b4ff56598-fnn26,611.0,170917888
2026-09-16T15:12:20.599034+00:00,kai-scheduler,admission-86666f457d-p5pmm,1.0,13631488
2026-09-16T15:12:20.599034+00:00,kai-scheduler,binder-869fc94c7-xjgwh,68.0,106954752
2026-09-16T15:12:20.599034+00:00,kai-scheduler,kai-operator-69b5d7bcf7-z7q9w,3.0,65011712
2026-09-16T15:12:20.599034+00:00,kai-scheduler,kai-scheduler-default-54f59b45b-wcmls,19.0,138412032
2026-09-16T15:12:20.599034+00:00,kai-scheduler,pod-grouper-65456f756-8brn7,1.0,9437184
2026-09-16T15:12:20.599034+00:00,kai-scheduler,podgroup-controller-68f9cc8dbf-vtczt,1.0,13631488
2026-09-16T15:12:20.599034+00:00,kai-scheduler,queue-controller-f86fcd76c-v769g,1.0,13631488
2026-09-16T15:12:20.599034+00:00,kube-system,coredns-8db54c48d-ghktl,10.0,28311552
2026-09-16T15:12:20.599034+00:00,kube-system,kwok-controller-5cf8c7c44b-hbw5c,74.0,34603008
2026-09-16T15:12:20.599034+00:00,kube-system,local-path-provisioner-5d9d9885bc-gz6gf,1.0,15728640
2026-09-16T15:12:20.599034+00:00,kube-system,metrics-server-75dc6f8d87-8xng4,18.0,49283072
2026-09-16T15:12:20.599034+00:00,kube-system,svclb-traefik-0640832b-cmlmg,0.0,0
2026-09-16T15:12:20.599034+00:00,kube-system,traefik-9bcdbbd9-p72qj,14.0,57671680
2026-09-16T15:12:20.599034+00:00,pyroscope,pyroscope-0,10.0,78643200
2026-09-16T15:12:20.599034+00:00,pyroscope,pyroscope-alloy-0,50.0,135266304
2026-09-16T15:12:26.839537+00:00,grove-system,grove-operator-7b4ff56598-fnn26,611.0,170917888
2026-09-16T15:12:26.839537+00:00,kai-scheduler,admission-86666f457d-p5pmm,1.0,13631488
2026-09-16T15:12:26.839537+00:00,kai-scheduler,binder-869fc94c7-xjgwh,68.0,106954752
2026-09-16T15:12:26.839537+00:00,kai-scheduler,kai-operator-69b5d7bcf7-z7q9w,3.0,65011712
2026-09-16T15:12:26.839537+00:00,kai-scheduler,kai-scheduler-default-54f59b45b-wcmls,19.0,138412032
2026-09-16T15:12:26.839537+00:00,kai-scheduler,pod-grouper-65456f756-8brn7,1.0,9437184
2026-09-16T15:12:26.839537+00:00,kai-scheduler,podgroup-controller-68f9cc8dbf-vtczt,1.0,13631488
2026-09-16T15:12:26.839537+00:00,kai-scheduler,queue-controller-f86fcd76c-v769g,1.0,13631488
2026-09-16T15:12:26.839537+00:00,kube-system,coredns-8db54c48d-ghktl,10.0,28311552
2026-09-16T15:12:26.839537+00:00,kube-system,kwok-controller-5cf8c7c44b-hbw5c,74.0,34603008
2026-09-16T15:12:26.839537+00:00,kube-system,local-path-provisioner-5d9d9885bc-gz6gf,1.0,15728640
2026-09-16T15:12:26.839537+00:00,kube-system,metrics-server-75dc6f8d87-8xng4,18.0,49283072
2026-09-16T15:12:26.839537+00:00,kube-system,svclb-traefik-0640832b-cmlmg,0.0,0
2026-09-16T15:12:26.839537+00:00,kube-system,traefik-9bcdbbd9-p72qj,14.0,57671680
2026-09-16T15:12:26.839537+00:00,pyroscope,pyroscope-0,10.0,78643200
2026-09-16T15:12:26.839537+00:00,pyroscope,pyroscope-alloy-0,50.0,135266304
2026-09-16T15:12:33.075878+00:00,grove-system,grove-operator-7b4ff56598-fnn26,32.0,169869312
2026-09-16T15:12:33.075878+00:00,kai-scheduler,admission-86666f457d-p5pmm,1.0,13631488
2026-09-16T15:12:33.075878+00:00,kai-scheduler,binder-869fc94c7-xjgwh,1.0,104857600
2026-09-16T15:12:33.075878+00:00,kai-scheduler,kai-operator-69b5d7bcf7-z7q9w,3.0,65011712
2026-09-16T15:12:33.075878+00:00,kai-scheduler,kai-scheduler-default-54f59b45b-wcmls,19.0,138412032
2026-09-16T15:12:33.075878+00:00,kai-scheduler,pod-grouper-65456f756-8brn7,1.0,9437184
2026-09-16T15:12:33.075878+00:00,kai-scheduler,podgroup-controller-68f9cc8dbf-vtczt,1.0,13631488
2026-09-16T15:12:33.075878+00:00,kai-scheduler,queue-controller-f86fcd76c-v769g,1.0,13631488
2026-09-16T15:12:33.075878+00:00,kube-system,coredns-8db54c48d-ghktl,8.0,27262976
2026-09-16T15:12:33.075878+00:00,kube-system,kwok-controller-5cf8c7c44b-hbw5c,11.0,31457280
2026-09-16T15:12:33.075878+00:00,kube-system,local-path-provisioner-5d9d9885bc-gz6gf,1.0,15728640
2026-09-16T15:12:33.075878+00:00,kube-system,metrics-server-75dc6f8d87-8xng4,6.0,49283072
2026-09-16T15:12:33.075878+00:00,kube-system,svclb-traefik-0640832b-cmlmg,0.0,0
2026-09-16T15:12:33.075878+00:00,kube-system,traefik-9bcdbbd9-p72qj,15.0,58720256
2026-09-16T15:12:33.075878+00:00,pyroscope,pyroscope-0,5.0,78643200
2026-09-16T15:12:33.075878+00:00,pyroscope,pyroscope-alloy-0,7.0,140509184
2026-09-16T15:12:39.314963+00:00,grove-system,grove-operator-7b4ff56598-fnn26,32.0,169869312
2026-09-16T15:12:39.314963+00:00,kai-scheduler,admission-86666f457d-p5pmm,1.0,13631488
2026-09-16T15:12:39.314963+00:00,kai-scheduler,binder-869fc94c7-xjgwh,1.0,104857600
2026-09-16T15:12:39.314963+00:00,kai-scheduler,kai-operator-69b5d7bcf7-z7q9w,3.0,65011712
2026-09-16T15:12:39.314963+00:00,kai-scheduler,kai-scheduler-default-54f59b45b-wcmls,19.0,138412032
2026-09-16T15:12:39.314963+00:00,kai-scheduler,pod-grouper-65456f756-8brn7,1.0,9437184
2026-09-16T15:12:39.314963+00:00,kai-scheduler,podgroup-controller-68f9cc8dbf-vtczt,1.0,13631488
2026-09-16T15:12:39.314963+00:00,kai-scheduler,queue-controller-f86fcd76c-v769g,1.0,13631488
2026-09-16T15:12:39.314963+00:00,kube-system,coredns-8db54c48d-ghktl,8.0,27262976
2026-09-16T15:12:39.314963+00:00,kube-system,kwok-controller-5cf8c7c44b-hbw5c,11.0,31457280
2026-09-16T15:12:39.314963+00:00,kube-system,local-path-provisioner-5d9d9885bc-gz6gf,1.0,15728640
2026-09-16T15:12:39.314963+00:00,kube-system,metrics-server-75dc6f8d87-8xng4,6.0,49283072
2026-09-16T15:12:39.314963+00:00,kube-system,svclb-traefik-0640832b-cmlmg,0.0,0
2026-09-16T15:12:39.314963+00:00,kube-system,traefik-9bcdbbd9-p72qj,15.0,58720256
2026-09-16T15:12:39.314963+00:00,pyroscope,pyroscope-0,5.0,78643200
2026-09-16T15:12:39.314963+00:00,pyroscope,pyroscope-alloy-0,7.0,140509184
2026-09-16T15:12:45.578475+00:00,grove-system,grove-operator-7b4ff56598-fnn26,32.0,169869312
2026-09-16T15:12:45.578475+00:00,kai-scheduler,admission-86666f457d-p5pmm,1.0,13631488
2026-09-16T15:12:45.578475+00:00,kai-scheduler,binder-869fc94c7-xjgwh,1.0,104857600
2026-09-16T15:12:45.578475+00:00,kai-scheduler,kai-operator-69b5d7bcf7-z7q9w,3.0,65011712
2026-09-16T15:12:45.578475+00:00,kai-scheduler,kai-scheduler-default-54f59b45b-wcmls,19.0,138412032
2026-09-16T15:12:45.578475+00:00,kai-scheduler,pod-grouper-65456f756-8brn7,1.0,9437184
2026-09-16T15:12:45.578475+00:00,kai-scheduler,podgroup-controller-68f9cc8dbf-vtczt,1.0,13631488
2026-09-16T15:12:45.578475+00:00,kai-scheduler,queue-controller-f86fcd76c-v769g,1.0,13631488
2026-09-16T15:12:45.578475+00:00,kube-system,coredns-8db54c48d-ghktl,8.0,27262976
2026-09-16T15:12:45.578475+00:00,kube-system,kwok-controller-5cf8c7c44b-hbw5c,11.0,31457280
2026-09-16T15:12:45.578475+00:00,kube-system,local-path-provisioner-5d9d9885bc-gz6gf,1.0,15728640
2026-09-16T15:12:45.578475+00:00,kube-system,metrics-server-75dc6f8d87-8xng4,6.0,49283072
2026-09-16T15:12:45.578475+00:00,kube-system,svclb-traefik-0640832b-cmlmg,0.0,0
2026-09-16T15:12:45.578475+00:00,kube-system,traefik-9bcdbbd9-p72qj,15.0,58720256
2026-09-16T15:12:45.578475+00:00,pyroscope,pyroscope-0,5.0,78643200
2026-09-16T15:12:45.578475+00:00,pyroscope,pyroscope-alloy-0,7.0,140509184
2026-09-16T15:12:51.813176+00:00,grove-system,grove-operator-7b4ff56598-fnn26,30.0,171966464
2026-09-16T15:12:51.813176+00:00,kai-scheduler,admission-86666f457d-p5pmm,1.0,13631488
2026-09-16T15:12:51.813176+00:00,kai-scheduler,binder-869fc94c7-xjgwh,1.0,104857600
2026-09-16T15:12:51.813176+00:00,kai-scheduler,kai-operator-69b5d7bcf7-z7q9w,3.0,65011712
2026-09-16T15:12:51.813176+00:00,kai-scheduler,kai-scheduler-default-54f59b45b-wcmls,16.0,140509184
2026-09-16T15:12:51.813176+00:00,kai-scheduler,pod-grouper-65456f756-8brn7,1.0,9437184
2026-09-16T15:12:51.813176+00:00,kai-scheduler,podgroup-controller-68f9cc8dbf-vtczt,1.0,13631488
2026-09-16T15:12:51.813176+00:00,kai-scheduler,queue-controller-f86fcd76c-v769g,1.0,13631488
2026-09-16T15:12:51.813176+00:00,kube-system,coredns-8db54c48d-ghktl,3.0,26214400
2026-09-16T15:12:51.813176+00:00,kube-system,kwok-controller-5cf8c7c44b-hbw5c,11.0,30408704
2026-09-16T15:12:51.813176+00:00,kube-system,local-path-provisioner-5d9d9885bc-gz6gf,1.0,15728640
2026-09-16T15:12:51.813176+00:00,kube-system,metrics-server-75dc6f8d87-8xng4,8.0,51380224
2026-09-16T15:12:51.813176+00:00,kube-system,svclb-traefik-0640832b-cmlmg,0.0,0
2026-09-16T15:12:51.813176+00:00,kube-system,traefik-9bcdbbd9-p72qj,5.0,58720256
2026-09-16T15:12:51.813176+00:00,pyroscope,pyroscope-0,6.0,74448896
2026-09-16T15:12:51.813176+00:00,pyroscope,pyroscope-alloy-0,7.0,140509184
2026-09-16T15:12:58.053926+00:00,grove-system,grove-operator-7b4ff56598-fnn26,30.0,171966464
2026-09-16T15:12:58.053926+00:00,kai-scheduler,admission-86666f457d-p5pmm,1.0,13631488
2026-09-16T15:12:58.053926+00:00,kai-scheduler,binder-869fc94c7-xjgwh,1.0,104857600
2026-09-16T15:12:58.053926+00:00,kai-scheduler,kai-operator-69b5d7bcf7-z7q9w,3.0,65011712
2026-09-16T15:12:58.053926+00:00,kai-scheduler,kai-scheduler-default-54f59b45b-wcmls,16.0,140509184
2026-09-16T15:12:58.053926+00:00,kai-scheduler,pod-grouper-65456f756-8brn7,1.0,9437184
2026-09-16T15:12:58.053926+00:00,kai-scheduler,podgroup-controller-68f9cc8dbf-vtczt,1.0,13631488
2026-09-16T15:12:58.053926+00:00,kai-scheduler,queue-controller-f86fcd76c-v769g,1.0,13631488
2026-09-16T15:12:58.053926+00:00,kube-system,coredns-8db54c48d-ghktl,3.0,26214400
2026-09-16T15:12:58.053926+00:00,kube-system,kwok-controller-5cf8c7c44b-hbw5c,11.0,30408704
2026-09-16T15:12:58.053926+00:00,kube-system,local-path-provisioner-5d9d9885bc-gz6gf,1.0,15728640
2026-09-16T15:12:58.053926+00:00,kube-system,metrics-server-75dc6f8d87-8xng4,8.0,51380224
2026-09-16T15:12:58.053926+00:00,kube-system,svclb-traefik-0640832b-cmlmg,0.0,0
2026-09-16T15:12:58.053926+00:00,kube-system,traefik-9bcdbbd9-p72qj,5.0,58720256
2026-09-16T15:12:58.053926+00:00,pyroscope,pyroscope-0,6.0,74448896
2026-09-16T15:12:58.053926+00:00,pyroscope,pyroscope-alloy-0,7.0,140509184
2026-09-16T15:13:04.296470+00:00,grove-system,grove-operator-7b4ff56598-fnn26,30.0,171966464
2026-09-16T15:13:04.296470+00:00,kai-scheduler,admission-86666f457d-p5pmm,1.0,13631488
2026-09-16T15:13:04.296470+00:00,kai-scheduler,binder-869fc94c7-xjgwh,4.0,104857600
2026-09-16T15:13:04.296470+00:00,kai-scheduler,kai-operator-69b5d7bcf7-z7q9w,3.0,66060288
2026-09-16T15:13:04.296470+00:00,kai-scheduler,kai-scheduler-default-54f59b45b-wcmls,15.0,142606336
2026-09-16T15:13:04.296470+00:00,kai-scheduler,pod-grouper-65456f756-8brn7,1.0,9437184
2026-09-16T15:13:04.296470+00:00,kai-scheduler,podgroup-controller-68f9cc8dbf-vtczt,1.0,13631488
2026-09-16T15:13:04.296470+00:00,kai-scheduler,queue-controller-f86fcd76c-v769g,1.0,13631488
2026-09-16T15:13:04.296470+00:00,kube-system,coredns-8db54c48d-ghktl,4.0,26214400
2026-09-16T15:13:04.296470+00:00,kube-system,kwok-controller-5cf8c7c44b-hbw5c,11.0,30408704
2026-09-16T15:13:04.296470+00:00,kube-system,local-path-provisioner-5d9d9885bc-gz6gf,1.0,15728640
2026-09-16T15:13:04.296470+00:00,kube-system,metrics-server-75dc6f8d87-8xng4,9.0,51380224
2026-09-16T15:13:04.296470+00:00,kube-system,svclb-traefik-0640832b-cmlmg,0.0,0
2026-09-16T15:13:04.296470+00:00,kube-system,traefik-9bcdbbd9-p72qj,3.0,57671680
2026-09-16T15:13:04.296470+00:00,pyroscope,pyroscope-0,6.0,73400320
2026-09-16T15:13:04.296470+00:00,pyroscope,pyroscope-alloy-0,12.0,153092096
2026-09-16T15:13:10.534617+00:00,grove-system,grove-operator-7b4ff56598-fnn26,30.0,171966464
2026-09-16T15:13:10.534617+00:00,kai-scheduler,admission-86666f457d-p5pmm,1.0,13631488
2026-09-16T15:13:10.534617+00:00,kai-scheduler,binder-869fc94c7-xjgwh,4.0,104857600
2026-09-16T15:13:10.534617+00:00,kai-scheduler,kai-operator-69b5d7bcf7-z7q9w,3.0,66060288
2026-09-16T15:13:10.534617+00:00,kai-scheduler,kai-scheduler-default-54f59b45b-wcmls,15.0,142606336
2026-09-16T15:13:10.534617+00:00,kai-scheduler,pod-grouper-65456f756-8brn7,1.0,9437184
2026-09-16T15:13:10.534617+00:00,kai-scheduler,podgroup-controller-68f9cc8dbf-vtczt,1.0,13631488
2026-09-16T15:13:10.534617+00:00,kai-scheduler,queue-controller-f86fcd76c-v769g,1.0,13631488
2026-09-16T15:13:10.534617+00:00,kube-system,coredns-8db54c48d-ghktl,4.0,26214400
2026-09-16T15:13:10.534617+00:00,kube-system,kwok-controller-5cf8c7c44b-hbw5c,11.0,30408704
2026-09-16T15:13:10.534617+00:00,kube-system,local-path-provisioner-5d9d9885bc-gz6gf,1.0,15728640
2026-09-16T15:13:10.534617+00:00,kube-system,metrics-server-75dc6f8d87-8xng4,9.0,51380224
2026-09-16T15:13:10.534617+00:00,kube-system,svclb-traefik-0640832b-cmlmg,0.0,0
2026-09-16T15:13:10.534617+00:00,kube-system,traefik-9bcdbbd9-p72qj,3.0,57671680
2026-09-16T15:13:10.534617+00:00,pyroscope,pyroscope-0,6.0,73400320
2026-09-16T15:13:10.534617+00:00,pyroscope,pyroscope-alloy-0,12.0,153092096
2026-09-16T15:13:16.772187+00:00,grove-system,grove-operator-7b4ff56598-fnn26,30.0,168820736
2026-09-16T15:13:16.772187+00:00,kai-scheduler,admission-86666f457d-p5pmm,1.0,13631488
2026-09-16T15:13:16.772187+00:00,kai-scheduler,binder-869fc94c7-xjgwh,20.0,104857600
2026-09-16T15:13:16.772187+00:00,kai-scheduler,kai-operator-69b5d7bcf7-z7q9w,3.0,65011712
2026-09-16T15:13:16.772187+00:00,kai-scheduler,kai-scheduler-default-54f59b45b-wcmls,22.0,143654912
2026-09-16T15:13:16.772187+00:00,kai-scheduler,pod-grouper-65456f756-8brn7,1.0,9437184
2026-09-16T15:13:16.772187+00:00,kai-scheduler,podgroup-controller-68f9cc8dbf-vtczt,1.0,13631488
2026-09-16T15:13:16.772187+00:00,kai-scheduler,queue-controller-f86fcd76c-v769g,1.0,13631488
2026-09-16T15:13:16.772187+00:00,kube-system,coredns-8db54c48d-ghktl,3.0,27262976
2026-09-16T15:13:16.772187+00:00,kube-system,kwok-controller-5cf8c7c44b-hbw5c,51.0,36700160
2026-09-16T15:13:16.772187+00:00,kube-system,local-path-provisioner-5d9d9885bc-gz6gf,1.0,15728640
2026-09-16T15:13:16.772187+00:00,kube-system,metrics-server-75dc6f8d87-8xng4,19.0,57671680
2026-09-16T15:13:16.772187+00:00,kube-system,svclb-traefik-0640832b-cmlmg,0.0,0
2026-09-16T15:13:16.772187+00:00,kube-system,traefik-9bcdbbd9-p72qj,3.0,56623104
2026-09-16T15:13:16.772187+00:00,pyroscope,pyroscope-0,4.0,73400320
2026-09-16T15:13:16.772187+00:00,pyroscope,pyroscope-alloy-0,12.0,153092096
2026-09-16T15:13:23.008205+00:00,grove-system,grove-operator-7b4ff56598-fnn26,30.0,168820736
2026-09-16T15:13:23.008205+00:00,kai-scheduler,admission-86666f457d-p5pmm,1.0,13631488
2026-09-16T15:13:23.008205+00:00,kai-scheduler,binder-869fc94c7-xjgwh,20.0,104857600
2026-09-16T15:13:23.008205+00:00,kai-scheduler,kai-operator-69b5d7bcf7-z7q9w,3.0,65011712
2026-09-16T15:13:23.008205+00:00,kai-scheduler,kai-scheduler-default-54f59b45b-wcmls,22.0,143654912
2026-09-16T15:13:23.008205+00:00,kai-scheduler,pod-grouper-65456f756-8brn7,1.0,9437184
2026-09-16T15:13:23.008205+00:00,kai-scheduler,podgroup-controller-68f9cc8dbf-vtczt,1.0,13631488
2026-09-16T15:13:23.008205+00:00,kai-scheduler,queue-controller-f86fcd76c-v769g,1.0,13631488
2026-09-16T15:13:23.008205+00:00,kube-system,coredns-8db54c48d-ghktl,3.0,27262976
2026-09-16T15:13:23.008205+00:00,kube-system,kwok-controller-5cf8c7c44b-hbw5c,51.0,36700160
2026-09-16T15:13:23.008205+00:00,kube-system,local-path-provisioner-5d9d9885bc-gz6gf,1.0,15728640
2026-09-16T15:13:23.008205+00:00,kube-system,metrics-server-75dc6f8d87-8xng4,19.0,57671680
2026-09-16T15:13:23.008205+00:00,kube-system,svclb-traefik-0640832b-cmlmg,0.0,0
2026-09-16T15:13:23.008205+00:00,kube-system,traefik-9bcdbbd9-p72qj,3.0,56623104
2026-09-16T15:13:23.008205+00:00,pyroscope,pyroscope-0,4.0,73400320
2026-09-16T15:13:23.008205+00:00,pyroscope,pyroscope-alloy-0,12.0,153092096
2026-09-16T15:13:29.249432+00:00,grove-system,grove-operator-7b4ff56598-fnn26,30.0,168820736
2026-09-16T15:13:29.249432+00:00,kai-scheduler,admission-86666f457d-p5pmm,1.0,13631488
2026-09-16T15:13:29.249432+00:00,kai-scheduler,binder-869fc94c7-xjgwh,20.0,104857600
2026-09-16T15:13:29.249432+00:00,kai-scheduler,kai-operator-69b5d7bcf7-z7q9w,3.0,65011712
2026-09-16T15:13:29.249432+00:00,kai-scheduler,kai-scheduler-default-54f59b45b-wcmls,22.0,143654912
2026-09-16T15:13:29.249432+00:00,kai-scheduler,pod-grouper-65456f756-8brn7,1.0,9437184
2026-09-16T15:13:29.249432+00:00,kai-scheduler,podgroup-controller-68f9cc8dbf-vtczt,1.0,13631488
2026-09-16T15:13:29.249432+00:00,kai-scheduler,queue-controller-f86fcd76c-v769g,1.0,13631488
2026-09-16T15:13:29.249432+00:00,kube-system,coredns-8db54c48d-ghktl,3.0,27262976
2026-09-16T15:13:29.249432+00:00,kube-system,kwok-controller-5cf8c7c44b-hbw5c,51.0,36700160
2026-09-16T15:13:29.249432+00:00,kube-system,local-path-provisioner-5d9d9885bc-gz6gf,1.0,15728640
2026-09-16T15:13:29.249432+00:00,kube-system,metrics-server-75dc6f8d87-8xng4,19.0,57671680
2026-09-16T15:13:29.249432+00:00,kube-system,svclb-traefik-0640832b-cmlmg,0.0,0
2026-09-16T15:13:29.249432+00:00,kube-system,traefik-9bcdbbd9-p72qj,3.0,56623104
2026-09-16T15:13:29.249432+00:00,pyroscope,pyroscope-0,4.0,73400320
2026-09-16T15:13:29.249432+00:00,pyroscope,pyroscope-alloy-0,12.0,153092096
2026-09-16T15:13:35.492008+00:00,grove-system,grove-operator-7b4ff56598-fnn26,17.0,168820736
2026-09-16T15:13:35.492008+00:00,kai-scheduler,admission-86666f457d-p5pmm,1.0,14680064
2026-09-16T15:13:35.492008+00:00,kai-scheduler,binder-869fc94c7-xjgwh,21.0,102760448
2026-09-16T15:13:35.492008+00:00,kai-scheduler,kai-operator-69b5d7bcf7-z7q9w,1.0,65011712
2026-09-16T15:13:35.492008+00:00,kai-scheduler,kai-scheduler-default-54f59b45b-wcmls,25.0,145752064
2026-09-16T15:13:35.492008+00:00,kai-scheduler,pod-grouper-65456f756-8brn7,1.0,9437184
2026-09-16T15:13:35.492008+00:00,kai-scheduler,podgroup-controller-68f9cc8dbf-vtczt,1.0,13631488
2026-09-16T15:13:35.492008+00:00,kai-scheduler,queue-controller-f86fcd76c-v769g,1.0,13631488
2026-09-16T15:13:35.492008+00:00,kube-system,coredns-8db54c48d-ghktl,3.0,26214400
2026-09-16T15:13:35.492008+00:00,kube-system,kwok-controller-5cf8c7c44b-hbw5c,43.0,37748736
2026-09-16T15:13:35.492008+00:00,kube-system,local-path-provisioner-5d9d9885bc-gz6gf,1.0,15728640
2026-09-16T15:13:35.492008+00:00,kube-system,metrics-server-75dc6f8d87-8xng4,17.0,56623104
2026-09-16T15:13:35.492008+00:00,kube-system,svclb-traefik-0640832b-cmlmg,0.0,0
2026-09-16T15:13:35.492008+00:00,kube-system,traefik-9bcdbbd9-p72qj,3.0,57671680
2026-09-16T15:13:35.492008+00:00,pyroscope,pyroscope-0,5.0,75497472
2026-09-16T15:13:35.492008+00:00,pyroscope,pyroscope-alloy-0,31.0,152043520
2026-09-16T15:13:41.725507+00:00,grove-system,grove-operator-7b4ff56598-fnn26,17.0,168820736
2026-09-16T15:13:41.725507+00:00,kai-scheduler,admission-86666f457d-p5pmm,1.0,14680064
2026-09-16T15:13:41.725507+00:00,kai-scheduler,binder-869fc94c7-xjgwh,21.0,102760448
2026-09-16T15:13:41.725507+00:00,kai-scheduler,kai-operator-69b5d7bcf7-z7q9w,1.0,65011712
2026-09-16T15:13:41.725507+00:00,kai-scheduler,kai-scheduler-default-54f59b45b-wcmls,25.0,145752064
2026-09-16T15:13:41.725507+00:00,kai-scheduler,pod-grouper-65456f756-8brn7,1.0,9437184
2026-09-16T15:13:41.725507+00:00,kai-scheduler,podgroup-controller-68f9cc8dbf-vtczt,1.0,13631488
2026-09-16T15:13:41.725507+00:00,kai-scheduler,queue-controller-f86fcd76c-v769g,1.0,13631488
2026-09-16T15:13:41.725507+00:00,kube-system,coredns-8db54c48d-ghktl,3.0,26214400
2026-09-16T15:13:41.725507+00:00,kube-system,kwok-controller-5cf8c7c44b-hbw5c,43.0,37748736
2026-09-16T15:13:41.725507+00:00,kube-system,local-path-provisioner-5d9d9885bc-gz6gf,1.0,15728640
2026-09-16T15:13:41.725507+00:00,kube-system,metrics-server-75dc6f8d87-8xng4,17.0,56623104
2026-09-16T15:13:41.725507+00:00,kube-system,svclb-traefik-0640832b-cmlmg,0.0,0
2026-09-16T15:13:41.725507+00:00,kube-system,traefik-9bcdbbd9-p72qj,3.0,57671680
2026-09-16T15:13:41.725507+00:00,pyroscope,pyroscope-0,5.0,75497472
2026-09-16T15:13:41.725507+00:00,pyroscope,pyroscope-alloy-0,31.0,152043520
2026-09-16T15:13:47.963549+00:00,grove-system,grove-operator-7b4ff56598-fnn26,22.0,169869312
2026-09-16T15:13:47.963549+00:00,kai-scheduler,admission-86666f457d-p5pmm,1.0,13631488
2026-09-16T15:13:47.963549+00:00,kai-scheduler,binder-869fc94c7-xjgwh,27.0,95420416
2026-09-16T15:13:47.963549+00:00,kai-scheduler,kai-operator-69b5d7bcf7-z7q9w,1.0,65011712
2026-09-16T15:13:47.963549+00:00,kai-scheduler,kai-scheduler-default-54f59b45b-wcmls,27.0,112197632
2026-09-16T15:13:47.963549+00:00,kai-scheduler,pod-grouper-65456f756-8brn7,1.0,9437184
2026-09-16T15:13:47.963549+00:00,kai-scheduler,podgroup-controller-68f9cc8dbf-vtczt,1.0,13631488
2026-09-16T15:13:47.963549+00:00,kai-scheduler,queue-controller-f86fcd76c-v769g,1.0,13631488
2026-09-16T15:13:47.963549+00:00,kube-system,coredns-8db54c48d-ghktl,4.0,27262976
2026-09-16T15:13:47.963549+00:00,kube-system,kwok-controller-5cf8c7c44b-hbw5c,59.0,37748736
2026-09-16T15:13:47.963549+00:00,kube-system,local-path-provisioner-5d9d9885bc-gz6gf,1.0,15728640
2026-09-16T15:13:47.963549+00:00,kube-system,metrics-server-75dc6f8d87-8xng4,22.0,55574528
2026-09-16T15:13:47.963549+00:00,kube-system,svclb-traefik-0640832b-cmlmg,0.0,0
2026-09-16T15:13:47.963549+00:00,kube-system,traefik-9bcdbbd9-p72qj,4.0,58720256
2026-09-16T15:13:47.963549+00:00,pyroscope,pyroscope-0,8.0,83886080
2026-09-16T15:13:47.963549+00:00,pyroscope,pyroscope-alloy-0,33.0,149946368
2026-09-16T15:13:54.200040+00:00,grove-system,grove-operator-7b4ff56598-fnn26,22.0,169869312
2026-09-16T15:13:54.200040+00:00,kai-scheduler,admission-86666f457d-p5pmm,1.0,13631488
2026-09-16T15:13:54.200040+00:00,kai-scheduler,binder-869fc94c7-xjgwh,27.0,95420416
2026-09-16T15:13:54.200040+00:00,kai-scheduler,kai-operator-69b5d7bcf7-z7q9w,1.0,65011712
2026-09-16T15:13:54.200040+00:00,kai-scheduler,kai-scheduler-default-54f59b45b-wcmls,27.0,112197632
2026-09-16T15:13:54.200040+00:00,kai-scheduler,pod-grouper-65456f756-8brn7,1.0,9437184
2026-09-16T15:13:54.200040+00:00,kai-scheduler,podgroup-controller-68f9cc8dbf-vtczt,1.0,13631488
2026-09-16T15:13:54.200040+00:00,kai-scheduler,queue-controller-f86fcd76c-v769g,1.0,13631488
2026-09-16T15:13:54.200040+00:00,kube-system,coredns-8db54c48d-ghktl,4.0,27262976
2026-09-16T15:13:54.200040+00:00,kube-system,kwok-controller-5cf8c7c44b-hbw5c,59.0,37748736
2026-09-16T15:13:54.200040+00:00,kube-system,local-path-provisioner-5d9d9885bc-gz6gf,1.0,15728640
2026-09-16T15:13:54.200040+00:00,kube-system,metrics-server-75dc6f8d87-8xng4,22.0,55574528
2026-09-16T15:13:54.200040+00:00,kube-system,svclb-traefik-0640832b-cmlmg,0.0,0
2026-09-16T15:13:54.200040+00:00,kube-system,traefik-9bcdbbd9-p72qj,4.0,58720256
2026-09-16T15:13:54.200040+00:00,pyroscope,pyroscope-0,8.0,83886080
2026-09-16T15:13:54.200040+00:00,pyroscope,pyroscope-alloy-0,33.0,149946368
2026-09-16T15:14:00.437360+00:00,grove-system,grove-operator-7b4ff56598-fnn26,22.0,169869312
2026-09-16T15:14:00.437360+00:00,kai-scheduler,admission-86666f457d-p5pmm,1.0,13631488
2026-09-16T15:14:00.437360+00:00,kai-scheduler,binder-869fc94c7-xjgwh,27.0,95420416
2026-09-16T15:14:00.437360+00:00,kai-scheduler,kai-operator-69b5d7bcf7-z7q9w,1.0,65011712
2026-09-16T15:14:00.437360+00:00,kai-scheduler,kai-scheduler-default-54f59b45b-wcmls,27.0,112197632
2026-09-16T15:14:00.437360+00:00,kai-scheduler,pod-grouper-65456f756-8brn7,1.0,9437184
2026-09-16T15:14:00.437360+00:00,kai-scheduler,podgroup-controller-68f9cc8dbf-vtczt,1.0,13631488
2026-09-16T15:14:00.437360+00:00,kai-scheduler,queue-controller-f86fcd76c-v769g,1.0,13631488
2026-09-16T15:14:00.437360+00:00,kube-system,coredns-8db54c48d-ghktl,4.0,27262976
2026-09-16T15:14:00.437360+00:00,kube-system,kwok-controller-5cf8c7c44b-hbw5c,59.0,37748736
2026-09-16T15:14:00.437360+00:00,kube-system,local-path-provisioner-5d9d9885bc-gz6gf,1.0,15728640
2026-09-16T15:14:00.437360+00:00,kube-system,metrics-server-75dc6f8d87-8xng4,22.0,55574528
2026-09-16T15:14:00.437360+00:00,kube-system,svclb-traefik-0640832b-cmlmg,0.0,0
2026-09-16T15:14:00.437360+00:00,kube-system,traefik-9bcdbbd9-p72qj,4.0,58720256
2026-09-16T15:14:00.437360+00:00,pyroscope,pyroscope-0,8.0,83886080
2026-09-16T15:14:00.437360+00:00,pyroscope,pyroscope-alloy-0,33.0,149946368
2026-09-16T15:14:06.675127+00:00,grove-system,grove-operator-7b4ff56598-fnn26,38.0,157286400
2026-09-16T15:14:06.675127+00:00,kai-scheduler,admission-86666f457d-p5pmm,1.0,13631488
2026-09-16T15:14:06.675127+00:00,kai-scheduler,binder-869fc94c7-xjgwh,1.0,94371840
2026-09-16T15:14:06.675127+00:00,kai-scheduler,kai-operator-69b5d7bcf7-z7q9w,3.0,66060288
2026-09-16T15:14:06.675127+00:00,kai-scheduler,kai-scheduler-default-54f59b45b-wcmls,24.0,99614720
2026-09-16T15:14:06.675127+00:00,kai-scheduler,pod-grouper-65456f756-8brn7,1.0,9437184
2026-09-16T15:14:06.675127+00:00,kai-scheduler,podgroup-controller-68f9cc8dbf-vtczt,1.0,13631488
2026-09-16T15:14:06.675127+00:00,kai-scheduler,queue-controller-f86fcd76c-v769g,1.0,13631488
2026-09-16T15:14:06.675127+00:00,kube-system,coredns-8db54c48d-ghktl,4.0,26214400
2026-09-16T15:14:06.675127+00:00,kube-system,kwok-controller-5cf8c7c44b-hbw5c,11.0,34603008
2026-09-16T15:14:06.675127+00:00,kube-system,local-path-provisioner-5d9d9885bc-gz6gf,1.0,15728640
2026-09-16T15:14:06.675127+00:00,kube-system,metrics-server-75dc6f8d87-8xng4,8.0,56623104
2026-09-16T15:14:06.675127+00:00,kube-system,svclb-traefik-0640832b-cmlmg,0.0,0
2026-09-16T15:14:06.675127+00:00,kube-system,traefik-9bcdbbd9-p72qj,5.0,59768832
2026-09-16T15:14:06.675127+00:00,pyroscope,pyroscope-0,8.0,83886080
2026-09-16T15:14:06.675127+00:00,pyroscope,pyroscope-alloy-0,11.0,148897792
2026-09-16T15:14:12.924403+00:00,grove-system,grove-operator-7b4ff56598-fnn26,38.0,157286400
2026-09-16T15:14:12.924403+00:00,kai-scheduler,admission-86666f457d-p5pmm,1.0,13631488
2026-09-16T15:14:12.924403+00:00,kai-scheduler,binder-869fc94c7-xjgwh,1.0,94371840
2026-09-16T15:14:12.924403+00:00,kai-scheduler,kai-operator-69b5d7bcf7-z7q9w,3.0,66060288
2026-09-16T15:14:12.924403+00:00,kai-scheduler,kai-scheduler-default-54f59b45b-wcmls,24.0,99614720
2026-09-16T15:14:12.924403+00:00,kai-scheduler,pod-grouper-65456f756-8brn7,1.0,9437184
2026-09-16T15:14:12.924403+00:00,kai-scheduler,podgroup-controller-68f9cc8dbf-vtczt,1.0,13631488
2026-09-16T15:14:12.924403+00:00,kai-scheduler,queue-controller-f86fcd76c-v769g,1.0,13631488
2026-09-16T15:14:12.924403+00:00,kube-system,coredns-8db54c48d-ghktl,4.0,26214400
2026-09-16T15:14:12.924403+00:00,kube-system,kwok-controller-5cf8c7c44b-hbw5c,11.0,34603008
2026-09-16T15:14:12.924403+00:00,kube-system,local-path-provisioner-5d9d9885bc-gz6gf,1.0,15728640
2026-09-16T15:14:12.924403+00:00,kube-system,metrics-server-75dc6f8d87-8xng4,8.0,56623104
2026-09-16T15:14:12.924403+00:00,kube-system,svclb-traefik-0640832b-cmlmg,0.0,0
2026-09-16T15:14:12.924403+00:00,kube-system,traefik-9bcdbbd9-p72qj,5.0,59768832
2026-09-16T15:14:12.924403+00:00,pyroscope,pyroscope-0,8.0,83886080
2026-09-16T15:14:12.924403+00:00,pyroscope,pyroscope-alloy-0,11.0,148897792
2026-09-16T15:14:19.159730+00:00,grove-system,grove-operator-7b4ff56598-fnn26,32.0,160432128
2026-09-16T15:14:19.159730+00:00,kai-scheduler,admission-86666f457d-p5pmm,1.0,13631488
2026-09-16T15:14:19.159730+00:00,kai-scheduler,binder-869fc94c7-xjgwh,1.0,94371840
2026-09-16T15:14:19.159730+00:00,kai-scheduler,kai-operator-69b5d7bcf7-z7q9w,3.0,66060288
2026-09-16T15:14:19.159730+00:00,kai-scheduler,kai-scheduler-default-54f59b45b-wcmls,9.0,113246208
2026-09-16T15:14:19.159730+00:00,kai-scheduler,pod-grouper-65456f756-8brn7,1.0,9437184
2026-09-16T15:14:19.159730+00:00,kai-scheduler,podgroup-controller-68f9cc8dbf-vtczt,1.0,13631488
2026-09-16T15:14:19.159730+00:00,kai-scheduler,queue-controller-f86fcd76c-v769g,1.0,13631488
2026-09-16T15:14:19.159730+00:00,kube-system,coredns-8db54c48d-ghktl,4.0,26214400
2026-09-16T15:14:19.159730+00:00,kube-system,kwok-controller-5cf8c7c44b-hbw5c,11.0,34603008
2026-09-16T15:14:19.159730+00:00,kube-system,local-path-provisioner-5d9d9885bc-gz6gf,1.0,15728640
2026-09-16T15:14:19.159730+00:00,kube-system,metrics-server-75dc6f8d87-8xng4,8.0,56623104
2026-09-16T15:14:19.159730+00:00,kube-system,svclb-traefik-0640832b-cmlmg,0.0,0
2026-09-16T15:14:19.159730+00:00,kube-system,traefik-9bcdbbd9-p72qj,4.0,59768832
2026-09-16T15:14:19.159730+00:00,pyroscope,pyroscope-0,5.0,81788928
2026-09-16T15:14:19.159730+00:00,pyroscope,pyroscope-alloy-0,8.0,149946368
2026-09-16T15:14:25.403073+00:00,grove-system,grove-operator-7b4ff56598-fnn26,32.0,160432128
2026-09-16T15:14:25.403073+00:00,kai-scheduler,admission-86666f457d-p5pmm,1.0,13631488
2026-09-16T15:14:25.403073+00:00,kai-scheduler,binder-869fc94c7-xjgwh,1.0,94371840
2026-09-16T15:14:25.403073+00:00,kai-scheduler,kai-operator-69b5d7bcf7-z7q9w,3.0,66060288
2026-09-16T15:14:25.403073+00:00,kai-scheduler,kai-scheduler-default-54f59b45b-wcmls,9.0,113246208
2026-09-16T15:14:25.403073+00:00,kai-scheduler,pod-grouper-65456f756-8brn7,1.0,9437184
2026-09-16T15:14:25.403073+00:00,kai-scheduler,podgroup-controller-68f9cc8dbf-vtczt,1.0,13631488
2026-09-16T15:14:25.403073+00:00,kai-scheduler,queue-controller-f86fcd76c-v769g,1.0,13631488
2026-09-16T15:14:25.403073+00:00,kube-system,coredns-8db54c48d-ghktl,4.0,26214400
2026-09-16T15:14:25.403073+00:00,kube-system,kwok-controller-5cf8c7c44b-hbw5c,11.0,34603008
2026-09-16T15:14:25.403073+00:00,kube-system,local-path-provisioner-5d9d9885bc-gz6gf,1.0,15728640
2026-09-16T15:14:25.403073+00:00,kube-system,metrics-server-75dc6f8d87-8xng4,8.0,56623104
2026-09-16T15:14:25.403073+00:00,kube-system,svclb-traefik-0640832b-cmlmg,0.0,0
2026-09-16T15:14:25.403073+00:00,kube-system,traefik-9bcdbbd9-p72qj,4.0,59768832
2026-09-16T15:14:25.403073+00:00,pyroscope,pyroscope-0,5.0,81788928
2026-09-16T15:14:25.403073+00:00,pyroscope,pyroscope-alloy-0,8.0,149946368
2026-09-16T15:14:31.637485+00:00,grove-system,grove-operator-7b4ff56598-fnn26,32.0,158334976
2026-09-16T15:14:31.637485+00:00,kai-scheduler,admission-86666f457d-p5pmm,1.0,14680064
2026-09-16T15:14:31.637485+00:00,kai-scheduler,binder-869fc94c7-xjgwh,1.0,94371840
2026-09-16T15:14:31.637485+00:00,kai-scheduler,kai-operator-69b5d7bcf7-z7q9w,3.0,66060288
2026-09-16T15:14:31.637485+00:00,kai-scheduler,kai-scheduler-default-54f59b45b-wcmls,9.0,108003328
2026-09-16T15:14:31.637485+00:00,kai-scheduler,pod-grouper-65456f756-8brn7,1.0,9437184
2026-09-16T15:14:31.637485+00:00,kai-scheduler,podgroup-controller-68f9cc8dbf-vtczt,1.0,13631488
2026-09-16T15:14:31.637485+00:00,kai-scheduler,queue-controller-f86fcd76c-v769g,1.0,13631488
2026-09-16T15:14:31.637485+00:00,kube-system,coredns-8db54c48d-ghktl,3.0,26214400
2026-09-16T15:14:31.637485+00:00,kube-system,kwok-controller-5cf8c7c44b-hbw5c,10.0,34603008
2026-09-16T15:14:31.637485+00:00,kube-system,local-path-provisioner-5d9d9885bc-gz6gf,1.0,15728640
2026-09-16T15:14:31.637485+00:00,kube-system,metrics-server-75dc6f8d87-8xng4,7.0,56623104
2026-09-16T15:14:31.637485+00:00,kube-system,svclb-traefik-0640832b-cmlmg,0.0,0
2026-09-16T15:14:31.637485+00:00,kube-system,traefik-9bcdbbd9-p72qj,4.0,59768832
2026-09-16T15:14:31.637485+00:00,pyroscope,pyroscope-0,6.0,79691776
2026-09-16T15:14:31.637485+00:00,pyroscope,pyroscope-alloy-0,5.0,154140672
2026-09-16T15:14:37.878990+00:00,grove-system,grove-operator-7b4ff56598-fnn26,32.0,158334976
2026-09-16T15:14:37.878990+00:00,kai-scheduler,admission-86666f457d-p5pmm,1.0,14680064
2026-09-16T15:14:37.878990+00:00,kai-scheduler,binder-869fc94c7-xjgwh,1.0,94371840
2026-09-16T15:14:37.878990+00:00,kai-scheduler,kai-operator-69b5d7bcf7-z7q9w,3.0,66060288
2026-09-16T15:14:37.878990+00:00,kai-scheduler,kai-scheduler-default-54f59b45b-wcmls,9.0,108003328
2026-09-16T15:14:37.878990+00:00,kai-scheduler,pod-grouper-65456f756-8brn7,1.0,9437184
2026-09-16T15:14:37.878990+00:00,kai-scheduler,podgroup-controller-68f9cc8dbf-vtczt,1.0,13631488
2026-09-16T15:14:37.878990+00:00,kai-scheduler,queue-controller-f86fcd76c-v769g,1.0,13631488
2026-09-16T15:14:37.878990+00:00,kube-system,coredns-8db54c48d-ghktl,3.0,26214400
2026-09-16T15:14:37.878990+00:00,kube-system,kwok-controller-5cf8c7c44b-hbw5c,10.0,34603008
2026-09-16T15:14:37.878990+00:00,kube-system,local-path-provisioner-5d9d9885bc-gz6gf,1.0,15728640
2026-09-16T15:14:37.878990+00:00,kube-system,metrics-server-75dc6f8d87-8xng4,7.0,56623104
2026-09-16T15:14:37.878990+00:00,kube-system,svclb-traefik-0640832b-cmlmg,0.0,0
2026-09-16T15:14:37.878990+00:00,kube-system,traefik-9bcdbbd9-p72qj,4.0,59768832
2026-09-16T15:14:37.878990+00:00,pyroscope,pyroscope-0,6.0,79691776
2026-09-16T15:14:37.878990+00:00,pyroscope,pyroscope-alloy-0,5.0,154140672
2026-09-16T15:14:44.115833+00:00,grove-system,grove-operator-7b4ff56598-fnn26,32.0,158334976
2026-09-16T15:14:44.115833+00:00,kai-scheduler,admission-86666f457d-p5pmm,1.0,14680064
2026-09-16T15:14:44.115833+00:00,kai-scheduler,binder-869fc94c7-xjgwh,1.0,94371840
2026-09-16T15:14:44.115833+00:00,kai-scheduler,kai-operator-69b5d7bcf7-z7q9w,3.0,66060288
2026-09-16T15:14:44.115833+00:00,kai-scheduler,kai-scheduler-default-54f59b45b-wcmls,9.0,108003328
2026-09-16T15:14:44.115833+00:00,kai-scheduler,pod-grouper-65456f756-8brn7,1.0,9437184
2026-09-16T15:14:44.115833+00:00,kai-scheduler,podgroup-controller-68f9cc8dbf-vtczt,1.0,13631488
2026-09-16T15:14:44.115833+00:00,kai-scheduler,queue-controller-f86fcd76c-v769g,1.0,13631488
2026-09-16T15:14:44.115833+00:00,kube-system,coredns-8db54c48d-ghktl,3.0,26214400
2026-09-16T15:14:44.115833+00:00,kube-system,kwok-controller-5cf8c7c44b-hbw5c,10.0,34603008
2026-09-16T15:14:44.115833+00:00,kube-system,local-path-provisioner-5d9d9885bc-gz6gf,1.0,15728640
2026-09-16T15:14:44.115833+00:00,kube-system,metrics-server-75dc6f8d87-8xng4,7.0,56623104
2026-09-16T15:14:44.115833+00:00,kube-system,svclb-traefik-0640832b-cmlmg,0.0,0
2026-09-16T15:14:44.115833+00:00,kube-system,traefik-9bcdbbd9-p72qj,4.0,59768832
2026-09-16T15:14:44.115833+00:00,pyroscope,pyroscope-0,6.0,79691776
2026-09-16T15:14:44.115833+00:00,pyroscope,pyroscope-alloy-0,5.0,154140672
2026-09-16T15:14:50.356422+00:00,grove-system,grove-operator-7b4ff56598-fnn26,31.0,153092096
2026-09-16T15:14:50.356422+00:00,kai-scheduler,admission-86666f457d-p5pmm,1.0,13631488
2026-09-16T15:14:50.356422+00:00,kai-scheduler,binder-869fc94c7-xjgwh,3.0,95420416
2026-09-16T15:14:50.356422+00:00,kai-scheduler,kai-operator-69b5d7bcf7-z7q9w,3.0,66060288
2026-09-16T15:14:50.356422+00:00,kai-scheduler,kai-scheduler-default-54f59b45b-wcmls,9.0,110100480
2026-09-16T15:14:50.356422+00:00,kai-scheduler,pod-grouper-65456f756-8brn7,1.0,9437184
2026-09-16T15:14:50.356422+00:00,kai-scheduler,podgroup-controller-68f9cc8dbf-vtczt,1.0,13631488
2026-09-16T15:14:50.356422+00:00,kai-scheduler,queue-controller-f86fcd76c-v769g,1.0,13631488
2026-09-16T15:14:50.356422+00:00,kube-system,coredns-8db54c48d-ghktl,4.0,27262976
2026-09-16T15:14:50.356422+00:00,kube-system,kwok-controller-5cf8c7c44b-hbw5c,23.0,38797312
2026-09-16T15:14:50.356422+00:00,kube-system,local-path-provisioner-5d9d9885bc-gz6gf,1.0,15728640
2026-09-16T15:14:50.356422+00:00,kube-system,metrics-server-75dc6f8d87-8xng4,7.0,55574528
2026-09-16T15:14:50.356422+00:00,kube-system,svclb-traefik-0640832b-cmlmg,0.0,0
2026-09-16T15:14:50.356422+00:00,kube-system,traefik-9bcdbbd9-p72qj,3.0,57671680
2026-09-16T15:14:50.356422+00:00,pyroscope,pyroscope-0,4.0,79691776
2026-09-16T15:14:50.356422+00:00,pyroscope,pyroscope-alloy-0,5.0,158334976
2026-09-16T15:14:56.594565+00:00,grove-system,grove-operator-7b4ff56598-fnn26,31.0,153092096
2026-09-16T15:14:56.594565+00:00,kai-scheduler,admission-86666f457d-p5pmm,1.0,13631488
2026-09-16T15:14:56.594565+00:00,kai-scheduler,binder-869fc94c7-xjgwh,3.0,95420416
2026-09-16T15:14:56.594565+00:00,kai-scheduler,kai-operator-69b5d7bcf7-z7q9w,3.0,66060288
2026-09-16T15:14:56.594565+00:00,kai-scheduler,kai-scheduler-default-54f59b45b-wcmls,9.0,110100480
2026-09-16T15:14:56.594565+00:00,kai-scheduler,pod-grouper-65456f756-8brn7,1.0,9437184
2026-09-16T15:14:56.594565+00:00,kai-scheduler,podgroup-controller-68f9cc8dbf-vtczt,1.0,13631488
2026-09-16T15:14:56.594565+00:00,kai-scheduler,queue-controller-f86fcd76c-v769g,1.0,13631488
2026-09-16T15:14:56.594565+00:00,kube-system,coredns-8db54c48d-ghktl,4.0,27262976
2026-09-16T15:14:56.594565+00:00,kube-system,kwok-controller-5cf8c7c44b-hbw5c,23.0,38797312
2026-09-16T15:14:56.594565+00:00,kube-system,local-path-provisioner-5d9d9885bc-gz6gf,1.0,15728640
2026-09-16T15:14:56.594565+00:00,kube-system,metrics-server-75dc6f8d87-8xng4,7.0,55574528
2026-09-16T15:14:56.594565+00:00,kube-system,svclb-traefik-0640832b-cmlmg,0.0,0
2026-09-16T15:14:56.594565+00:00,kube-system,traefik-9bcdbbd9-p72qj,3.0,57671680
2026-09-16T15:14:56.594565+00:00,pyroscope,pyroscope-0,4.0,79691776
2026-09-16T15:14:56.594565+00:00,pyroscope,pyroscope-alloy-0,5.0,158334976
2026-09-16T15:15:02.834812+00:00,grove-system,grove-operator-7b4ff56598-fnn26,20.0,149946368
2026-09-16T15:15:02.834812+00:00,kai-scheduler,admission-86666f457d-p5pmm,1.0,13631488
2026-09-16T15:15:02.834812+00:00,kai-scheduler,binder-869fc94c7-xjgwh,19.0,94371840
2026-09-16T15:15:02.834812+00:00,kai-scheduler,kai-operator-69b5d7bcf7-z7q9w,2.0,65011712
2026-09-16T15:15:02.834812+00:00,kai-scheduler,kai-scheduler-default-54f59b45b-wcmls,21.0,108003328
2026-09-16T15:15:02.834812+00:00,kai-scheduler,pod-grouper-65456f756-8brn7,1.0,9437184
2026-09-16T15:15:02.834812+00:00,kai-scheduler,podgroup-controller-68f9cc8dbf-vtczt,1.0,13631488
2026-09-16T15:15:02.834812+00:00,kai-scheduler,queue-controller-f86fcd76c-v769g,1.0,13631488
2026-09-16T15:15:02.834812+00:00,kube-system,coredns-8db54c48d-ghktl,3.0,26214400
2026-09-16T15:15:02.834812+00:00,kube-system,kwok-controller-5cf8c7c44b-hbw5c,23.0,38797312
2026-09-16T15:15:02.834812+00:00,kube-system,local-path-provisioner-5d9d9885bc-gz6gf,1.0,15728640
2026-09-16T15:15:02.834812+00:00,kube-system,metrics-server-75dc6f8d87-8xng4,14.0,55574528
2026-09-16T15:15:02.834812+00:00,kube-system,svclb-traefik-0640832b-cmlmg,0.0,0
2026-09-16T15:15:02.834812+00:00,kube-system,traefik-9bcdbbd9-p72qj,3.0,58720256
2026-09-16T15:15:02.834812+00:00,pyroscope,pyroscope-0,5.0,78643200
2026-09-16T15:15:02.834812+00:00,pyroscope,pyroscope-alloy-0,28.0,159383552
2026-09-16T15:15:09.075303+00:00,grove-system,grove-operator-7b4ff56598-fnn26,20.0,149946368
2026-09-16T15:15:09.075303+00:00,kai-scheduler,admission-86666f457d-p5pmm,1.0,13631488
2026-09-16T15:15:09.075303+00:00,kai-scheduler,binder-869fc94c7-xjgwh,19.0,94371840
2026-09-16T15:15:09.075303+00:00,kai-scheduler,kai-operator-69b5d7bcf7-z7q9w,2.0,65011712
2026-09-16T15:15:09.075303+00:00,kai-scheduler,kai-scheduler-default-54f59b45b-wcmls,21.0,108003328
2026-09-16T15:15:09.075303+00:00,kai-scheduler,pod-grouper-65456f756-8brn7,1.0,9437184
2026-09-16T15:15:09.075303+00:00,kai-scheduler,podgroup-controller-68f9cc8dbf-vtczt,1.0,13631488
2026-09-16T15:15:09.075303+00:00,kai-scheduler,queue-controller-f86fcd76c-v769g,1.0,13631488
2026-09-16T15:15:09.075303+00:00,kube-system,coredns-8db54c48d-ghktl,3.0,26214400
2026-09-16T15:15:09.075303+00:00,kube-system,kwok-controller-5cf8c7c44b-hbw5c,23.0,38797312
2026-09-16T15:15:09.075303+00:00,kube-system,local-path-provisioner-5d9d9885bc-gz6gf,1.0,15728640
2026-09-16T15:15:09.075303+00:00,kube-system,metrics-server-75dc6f8d87-8xng4,14.0,55574528
2026-09-16T15:15:09.075303+00:00,kube-system,svclb-traefik-0640832b-cmlmg,0.0,0
2026-09-16T15:15:09.075303+00:00,kube-system,traefik-9bcdbbd9-p72qj,3.0,58720256
2026-09-16T15:15:09.075303+00:00,pyroscope,pyroscope-0,5.0,78643200
2026-09-16T15:15:09.075303+00:00,pyroscope,pyroscope-alloy-0,28.0,159383552
2026-09-16T15:15:15.315889+00:00,grove-system,grove-operator-7b4ff56598-fnn26,20.0,149946368
2026-09-16T15:15:15.315889+00:00,kai-scheduler,admission-86666f457d-p5pmm,1.0,13631488
2026-09-16T15:15:15.315889+00:00,kai-scheduler,binder-869fc94c7-xjgwh,19.0,94371840
2026-09-16T15:15:15.315889+00:00,kai-scheduler,kai-operator-69b5d7bcf7-z7q9w,2.0,65011712
2026-09-16T15:15:15.315889+00:00,kai-scheduler,kai-scheduler-default-54f59b45b-wcmls,21.0,108003328
2026-09-16T15:15:15.315889+00:00,kai-scheduler,pod-grouper-65456f756-8brn7,1.0,9437184
2026-09-16T15:15:15.315889+00:00,kai-scheduler,podgroup-controller-68f9cc8dbf-vtczt,1.0,13631488
2026-09-16T15:15:15.315889+00:00,kai-scheduler,queue-controller-f86fcd76c-v769g,1.0,13631488
2026-09-16T15:15:15.315889+00:00,kube-system,coredns-8db54c48d-ghktl,3.0,26214400
2026-09-16T15:15:15.315889+00:00,kube-system,kwok-controller-5cf8c7c44b-hbw5c,23.0,38797312
2026-09-16T15:15:15.315889+00:00,kube-system,local-path-provisioner-5d9d9885bc-gz6gf,1.0,15728640
2026-09-16T15:15:15.315889+00:00,kube-system,metrics-server-75dc6f8d87-8xng4,14.0,55574528
2026-09-16T15:15:15.315889+00:00,kube-system,svclb-traefik-0640832b-cmlmg,0.0,0
2026-09-16T15:15:15.315889+00:00,kube-system,traefik-9bcdbbd9-p72qj,3.0,58720256
2026-09-16T15:15:15.315889+00:00,pyroscope,pyroscope-0,5.0,78643200
2026-09-16T15:15:15.315889+00:00,pyroscope,pyroscope-alloy-0,28.0,159383552
2026-09-16T15:15:21.553530+00:00,grove-system,grove-operator-7b4ff56598-fnn26,20.0,144703488
2026-09-16T15:15:21.553530+00:00,kai-scheduler,admission-86666f457d-p5pmm,1.0,13631488
2026-09-16T15:15:21.553530+00:00,kai-scheduler,binder-869fc94c7-xjgwh,20.0,91226112
2026-09-16T15:15:21.553530+00:00,kai-scheduler,kai-operator-69b5d7bcf7-z7q9w,2.0,58720256
2026-09-16T15:15:21.553530+00:00,kai-scheduler,kai-scheduler-default-54f59b45b-wcmls,19.0,93323264
2026-09-16T15:15:21.553530+00:00,kai-scheduler,pod-grouper-65456f756-8brn7,1.0,9437184
2026-09-16T15:15:21.553530+00:00,kai-scheduler,podgroup-controller-68f9cc8dbf-vtczt,1.0,13631488
2026-09-16T15:15:21.553530+00:00,kai-scheduler,queue-controller-f86fcd76c-v769g,1.0,13631488
2026-09-16T15:15:21.553530+00:00,kube-system,coredns-8db54c48d-ghktl,3.0,26214400
2026-09-16T15:15:21.553530+00:00,kube-system,kwok-controller-5cf8c7c44b-hbw5c,41.0,38797312
2026-09-16T15:15:21.553530+00:00,kube-system,local-path-provisioner-5d9d9885bc-gz6gf,1.0,15728640
2026-09-16T15:15:21.553530+00:00,kube-system,metrics-server-75dc6f8d87-8xng4,19.0,55574528
2026-09-16T15:15:21.553530+00:00,kube-system,svclb-traefik-0640832b-cmlmg,0.0,0
2026-09-16T15:15:21.553530+00:00,kube-system,traefik-9bcdbbd9-p72qj,4.0,57671680
2026-09-16T15:15:21.553530+00:00,pyroscope,pyroscope-0,6.0,74448896
2026-09-16T15:15:21.553530+00:00,pyroscope,pyroscope-alloy-0,24.0,137363456
2026-09-16T15:15:27.798140+00:00,grove-system,grove-operator-7b4ff56598-fnn26,20.0,144703488
2026-09-16T15:15:27.798140+00:00,kai-scheduler,admission-86666f457d-p5pmm,1.0,13631488
2026-09-16T15:15:27.798140+00:00,kai-scheduler,binder-869fc94c7-xjgwh,20.0,91226112
2026-09-16T15:15:27.798140+00:00,kai-scheduler,kai-operator-69b5d7bcf7-z7q9w,2.0,58720256
2026-09-16T15:15:27.798140+00:00,kai-scheduler,kai-scheduler-default-54f59b45b-wcmls,19.0,93323264
2026-09-16T15:15:27.798140+00:00,kai-scheduler,pod-grouper-65456f756-8brn7,1.0,9437184
2026-09-16T15:15:27.798140+00:00,kai-scheduler,podgroup-controller-68f9cc8dbf-vtczt,1.0,13631488
2026-09-16T15:15:27.798140+00:00,kai-scheduler,queue-controller-f86fcd76c-v769g,1.0,13631488
2026-09-16T15:15:27.798140+00:00,kube-system,coredns-8db54c48d-ghktl,3.0,26214400
2026-09-16T15:15:27.798140+00:00,kube-system,kwok-controller-5cf8c7c44b-hbw5c,41.0,38797312
2026-09-16T15:15:27.798140+00:00,kube-system,local-path-provisioner-5d9d9885bc-gz6gf,1.0,15728640
2026-09-16T15:15:27.798140+00:00,kube-system,metrics-server-75dc6f8d87-8xng4,19.0,55574528
2026-09-16T15:15:27.798140+00:00,kube-system,svclb-traefik-0640832b-cmlmg,0.0,0
2026-09-16T15:15:27.798140+00:00,kube-system,traefik-9bcdbbd9-p72qj,4.0,57671680
2026-09-16T15:15:27.798140+00:00,pyroscope,pyroscope-0,6.0,74448896
2026-09-16T15:15:27.798140+00:00,pyroscope,pyroscope-alloy-0,24.0,137363456
2026-09-16T15:15:34.037887+00:00,grove-system,grove-operator-7b4ff56598-fnn26,22.0,138412032
2026-09-16T15:15:34.037887+00:00,kai-scheduler,admission-86666f457d-p5pmm,1.0,13631488
2026-09-16T15:15:34.037887+00:00,kai-scheduler,binder-869fc94c7-xjgwh,20.0,84934656
2026-09-16T15:15:34.037887+00:00,kai-scheduler,kai-operator-69b5d7bcf7-z7q9w,1.0,58720256
2026-09-16T15:15:34.037887+00:00,kai-scheduler,kai-scheduler-default-54f59b45b-wcmls,19.0,90177536
2026-09-16T15:15:34.037887+00:00,kai-scheduler,pod-grouper-65456f756-8brn7,1.0,9437184
2026-09-16T15:15:34.037887+00:00,kai-scheduler,podgroup-controller-68f9cc8dbf-vtczt,1.0,13631488
2026-09-16T15:15:34.037887+00:00,kai-scheduler,queue-controller-f86fcd76c-v769g,1.0,13631488
2026-09-16T15:15:34.037887+00:00,kube-system,coredns-8db54c48d-ghktl,3.0,26214400
2026-09-16T15:15:34.037887+00:00,kube-system,kwok-controller-5cf8c7c44b-hbw5c,39.0,38797312
2026-09-16T15:15:34.037887+00:00,kube-system,local-path-provisioner-5d9d9885bc-gz6gf,1.0,15728640
2026-09-16T15:15:34.037887+00:00,kube-system,metrics-server-75dc6f8d87-8xng4,18.0,56623104
2026-09-16T15:15:34.037887+00:00,kube-system,svclb-traefik-0640832b-cmlmg,0.0,0
2026-09-16T15:15:34.037887+00:00,kube-system,traefik-9bcdbbd9-p72qj,3.0,57671680
2026-09-16T15:15:34.037887+00:00,pyroscope,pyroscope-0,5.0,75497472
2026-09-16T15:15:34.037887+00:00,pyroscope,pyroscope-alloy-0,24.0,138412032
2026-09-16T15:15:40.292526+00:00,grove-system,grove-operator-7b4ff56598-fnn26,22.0,138412032
2026-09-16T15:15:40.292526+00:00,kai-scheduler,admission-86666f457d-p5pmm,1.0,13631488
2026-09-16T15:15:40.292526+00:00,kai-scheduler,binder-869fc94c7-xjgwh,20.0,84934656
2026-09-16T15:15:40.292526+00:00,kai-scheduler,kai-operator-69b5d7bcf7-z7q9w,1.0,58720256
2026-09-16T15:15:40.292526+00:00,kai-scheduler,kai-scheduler-default-54f59b45b-wcmls,19.0,90177536
2026-09-16T15:15:40.292526+00:00,kai-scheduler,pod-grouper-65456f756-8brn7,1.0,9437184
2026-09-16T15:15:40.292526+00:00,kai-scheduler,podgroup-controller-68f9cc8dbf-vtczt,1.0,13631488
2026-09-16T15:15:40.292526+00:00,kai-scheduler,queue-controller-f86fcd76c-v769g,1.0,13631488
2026-09-16T15:15:40.292526+00:00,kube-system,coredns-8db54c48d-ghktl,3.0,26214400
2026-09-16T15:15:40.292526+00:00,kube-system,kwok-controller-5cf8c7c44b-hbw5c,39.0,38797312
2026-09-16T15:15:40.292526+00:00,kube-system,local-path-provisioner-5d9d9885bc-gz6gf,1.0,15728640
2026-09-16T15:15:40.292526+00:00,kube-system,metrics-server-75dc6f8d87-8xng4,18.0,56623104
2026-09-16T15:15:40.292526+00:00,kube-system,svclb-traefik-0640832b-cmlmg,0.0,0
2026-09-16T15:15:40.292526+00:00,kube-system,traefik-9bcdbbd9-p72qj,3.0,57671680
2026-09-16T15:15:40.292526+00:00,pyroscope,pyroscope-0,5.0,75497472
2026-09-16T15:15:40.292526+00:00,pyroscope,pyroscope-alloy-0,24.0,138412032
2026-09-16T15:15:46.544497+00:00,grove-system,grove-operator-7b4ff56598-fnn26,141.0,128974848
2026-09-16T15:15:46.544497+00:00,kai-scheduler,admission-86666f457d-p5pmm,1.0,13631488
2026-09-16T15:15:46.544497+00:00,kai-scheduler,binder-869fc94c7-xjgwh,26.0,71303168
2026-09-16T15:15:46.544497+00:00,kai-scheduler,kai-operator-69b5d7bcf7-z7q9w,19.0,60817408
2026-09-16T15:15:46.544497+00:00,kai-scheduler,kai-scheduler-default-54f59b45b-wcmls,19.0,79691776
2026-09-16T15:15:46.544497+00:00,kai-scheduler,pod-grouper-65456f756-8brn7,1.0,9437184
2026-09-16T15:15:46.544497+00:00,kai-scheduler,podgroup-controller-68f9cc8dbf-vtczt,1.0,13631488
2026-09-16T15:15:46.544497+00:00,kai-scheduler,queue-controller-f86fcd76c-v769g,1.0,13631488
2026-09-16T15:15:46.544497+00:00,kube-system,coredns-8db54c48d-ghktl,13.0,27262976
2026-09-16T15:15:46.544497+00:00,kube-system,kwok-controller-5cf8c7c44b-hbw5c,41.0,38797312
2026-09-16T15:15:46.544497+00:00,kube-system,local-path-provisioner-5d9d9885bc-gz6gf,1.0,15728640
2026-09-16T15:15:46.544497+00:00,kube-system,metrics-server-75dc6f8d87-8xng4,16.0,53477376
2026-09-16T15:15:46.544497+00:00,kube-system,svclb-traefik-0640832b-cmlmg,0.0,0
2026-09-16T15:15:46.544497+00:00,kube-system,traefik-9bcdbbd9-p72qj,9.0,55574528
2026-09-16T15:15:46.544497+00:00,pyroscope,pyroscope-0,7.0,84934656
2026-09-16T15:15:46.544497+00:00,pyroscope,pyroscope-alloy-0,22.0,125829120
2026-09-16T15:15:52.830402+00:00,grove-system,grove-operator-7b4ff56598-fnn26,141.0,128974848
2026-09-16T15:15:52.830402+00:00,kai-scheduler,admission-86666f457d-p5pmm,1.0,13631488
2026-09-16T15:15:52.830402+00:00,kai-scheduler,binder-869fc94c7-xjgwh,26.0,71303168
2026-09-16T15:15:52.830402+00:00,kai-scheduler,kai-operator-69b5d7bcf7-z7q9w,19.0,60817408
2026-09-16T15:15:52.830402+00:00,kai-scheduler,kai-scheduler-default-54f59b45b-wcmls,19.0,79691776
2026-09-16T15:15:52.830402+00:00,kai-scheduler,pod-grouper-65456f756-8brn7,1.0,9437184
2026-09-16T15:15:52.830402+00:00,kai-scheduler,podgroup-controller-68f9cc8dbf-vtczt,1.0,13631488
2026-09-16T15:15:52.830402+00:00,kai-scheduler,queue-controller-f86fcd76c-v769g,1.0,13631488
2026-09-16T15:15:52.830402+00:00,kube-system,coredns-8db54c48d-ghktl,13.0,27262976
2026-09-16T15:15:52.830402+00:00,kube-system,kwok-controller-5cf8c7c44b-hbw5c,41.0,38797312
2026-09-16T15:15:52.830402+00:00,kube-system,local-path-provisioner-5d9d9885bc-gz6gf,1.0,15728640
2026-09-16T15:15:52.830402+00:00,kube-system,metrics-server-75dc6f8d87-8xng4,16.0,53477376
2026-09-16T15:15:52.830402+00:00,kube-system,svclb-traefik-0640832b-cmlmg,0.0,0
2026-09-16T15:15:52.830402+00:00,kube-system,traefik-9bcdbbd9-p72qj,9.0,55574528
2026-09-16T15:15:52.830402+00:00,pyroscope,pyroscope-0,7.0,84934656
2026-09-16T15:15:52.830402+00:00,pyroscope,pyroscope-alloy-0,22.0,125829120
2026-09-16T15:15:59.089834+00:00,grove-system,grove-operator-7b4ff56598-fnn26,141.0,128974848
2026-09-16T15:15:59.089834+00:00,kai-scheduler,admission-86666f457d-p5pmm,1.0,13631488
2026-09-16T15:15:59.089834+00:00,kai-scheduler,binder-869fc94c7-xjgwh,26.0,71303168
2026-09-16T15:15:59.089834+00:00,kai-scheduler,kai-operator-69b5d7bcf7-z7q9w,19.0,60817408
2026-09-16T15:15:59.089834+00:00,kai-scheduler,kai-scheduler-default-54f59b45b-wcmls,19.0,79691776
2026-09-16T15:15:59.089834+00:00,kai-scheduler,pod-grouper-65456f756-8brn7,1.0,9437184
2026-09-16T15:15:59.089834+00:00,kai-scheduler,podgroup-controller-68f9cc8dbf-vtczt,1.0,13631488
2026-09-16T15:15:59.089834+00:00,kai-scheduler,queue-controller-f86fcd76c-v769g,1.0,13631488
2026-09-16T15:15:59.089834+00:00,kube-system,coredns-8db54c48d-ghktl,13.0,27262976
2026-09-16T15:15:59.089834+00:00,kube-system,kwok-controller-5cf8c7c44b-hbw5c,41.0,38797312
2026-09-16T15:15:59.089834+00:00,kube-system,local-path-provisioner-5d9d9885bc-gz6gf,1.0,15728640
2026-09-16T15:15:59.089834+00:00,kube-system,metrics-server-75dc6f8d87-8xng4,16.0,53477376
2026-09-16T15:15:59.089834+00:00,kube-system,svclb-traefik-0640832b-cmlmg,0.0,0
2026-09-16T15:15:59.089834+00:00,kube-system,traefik-9bcdbbd9-p72qj,9.0,55574528
2026-09-16T15:15:59.089834+00:00,pyroscope,pyroscope-0,7.0,84934656
2026-09-16T15:15:59.089834+00:00,pyroscope,pyroscope-alloy-0,22.0,125829120
2026-09-16T15:16:05.348477+00:00,grove-system,grove-operator-7b4ff56598-fnn26,563.0,155189248
2026-09-16T15:16:05.348477+00:00,kai-scheduler,admission-86666f457d-p5pmm,1.0,13631488
2026-09-16T15:16:05.348477+00:00,kai-scheduler,binder-869fc94c7-xjgwh,36.0,80740352
2026-09-16T15:16:05.348477+00:00,kai-scheduler,kai-operator-69b5d7bcf7-z7q9w,1.0,60817408
2026-09-16T15:16:05.348477+00:00,kai-scheduler,kai-scheduler-default-54f59b45b-wcmls,33.0,87031808
2026-09-16T15:16:05.348477+00:00,kai-scheduler,pod-grouper-65456f756-8brn7,1.0,9437184
2026-09-16T15:16:05.348477+00:00,kai-scheduler,podgroup-controller-68f9cc8dbf-vtczt,1.0,13631488
2026-09-16T15:16:05.348477+00:00,kai-scheduler,queue-controller-f86fcd76c-v769g,1.0,13631488
2026-09-16T15:16:05.348477+00:00,kube-system,coredns-8db54c48d-ghktl,9.0,26214400
2026-09-16T15:16:05.348477+00:00,kube-system,kwok-controller-5cf8c7c44b-hbw5c,50.0,37748736
2026-09-16T15:16:05.348477+00:00,kube-system,local-path-provisioner-5d9d9885bc-gz6gf,1.0,15728640
2026-09-16T15:16:05.348477+00:00,kube-system,metrics-server-75dc6f8d87-8xng4,10.0,52428800
2026-09-16T15:16:05.348477+00:00,kube-system,svclb-traefik-0640832b-cmlmg,0.0,0
2026-09-16T15:16:05.348477+00:00,kube-system,traefik-9bcdbbd9-p72qj,26.0,52428800
2026-09-16T15:16:05.348477+00:00,pyroscope,pyroscope-0,7.0,84934656
2026-09-16T15:16:05.348477+00:00,pyroscope,pyroscope-alloy-0,37.0,127926272
2026-09-16T15:16:11.593589+00:00,grove-system,grove-operator-7b4ff56598-fnn26,563.0,155189248
2026-09-16T15:16:11.593589+00:00,kai-scheduler,admission-86666f457d-p5pmm,1.0,13631488
2026-09-16T15:16:11.593589+00:00,kai-scheduler,binder-869fc94c7-xjgwh,36.0,80740352
2026-09-16T15:16:11.593589+00:00,kai-scheduler,kai-operator-69b5d7bcf7-z7q9w,1.0,60817408
2026-09-16T15:16:11.593589+00:00,kai-scheduler,kai-scheduler-default-54f59b45b-wcmls,33.0,87031808
2026-09-16T15:16:11.593589+00:00,kai-scheduler,pod-grouper-65456f756-8brn7,1.0,9437184
2026-09-16T15:16:11.593589+00:00,kai-scheduler,podgroup-controller-68f9cc8dbf-vtczt,1.0,13631488
2026-09-16T15:16:11.593589+00:00,kai-scheduler,queue-controller-f86fcd76c-v769g,1.0,13631488
2026-09-16T15:16:11.593589+00:00,kube-system,coredns-8db54c48d-ghktl,9.0,26214400
2026-09-16T15:16:11.593589+00:00,kube-system,kwok-controller-5cf8c7c44b-hbw5c,50.0,37748736
2026-09-16T15:16:11.593589+00:00,kube-system,local-path-provisioner-5d9d9885bc-gz6gf,1.0,15728640
2026-09-16T15:16:11.593589+00:00,kube-system,metrics-server-75dc6f8d87-8xng4,10.0,52428800
2026-09-16T15:16:11.593589+00:00,kube-system,svclb-traefik-0640832b-cmlmg,0.0,0
2026-09-16T15:16:11.593589+00:00,kube-system,traefik-9bcdbbd9-p72qj,26.0,52428800
2026-09-16T15:16:11.593589+00:00,pyroscope,pyroscope-0,7.0,84934656
2026-09-16T15:16:11.593589+00:00,pyroscope,pyroscope-alloy-0,37.0,127926272
2026-09-16T15:16:17.832349+00:00,grove-system,grove-operator-7b4ff56598-fnn26,799.0,177209344
2026-09-16T15:16:17.832349+00:00,kai-scheduler,admission-86666f457d-p5pmm,1.0,13631488
2026-09-16T15:16:17.832349+00:00,kai-scheduler,binder-869fc94c7-xjgwh,67.0,111149056
2026-09-16T15:16:17.832349+00:00,kai-scheduler,kai-operator-69b5d7bcf7-z7q9w,1.0,60817408
2026-09-16T15:16:17.832349+00:00,kai-scheduler,kai-scheduler-default-54f59b45b-wcmls,73.0,119537664
2026-09-16T15:16:17.832349+00:00,kai-scheduler,pod-grouper-65456f756-8brn7,1.0,9437184
2026-09-16T15:16:17.832349+00:00,kai-scheduler,podgroup-controller-68f9cc8dbf-vtczt,1.0,13631488
2026-09-16T15:16:17.832349+00:00,kai-scheduler,queue-controller-f86fcd76c-v769g,1.0,13631488
2026-09-16T15:16:17.832349+00:00,kube-system,coredns-8db54c48d-ghktl,10.0,26214400
2026-09-16T15:16:17.832349+00:00,kube-system,kwok-controller-5cf8c7c44b-hbw5c,181.0,39845888
2026-09-16T15:16:17.832349+00:00,kube-system,local-path-provisioner-5d9d9885bc-gz6gf,1.0,15728640
2026-09-16T15:16:17.832349+00:00,kube-system,metrics-server-75dc6f8d87-8xng4,26.0,54525952
2026-09-16T15:16:17.832349+00:00,kube-system,svclb-traefik-0640832b-cmlmg,0.0,0
2026-09-16T15:16:17.832349+00:00,kube-system,traefik-9bcdbbd9-p72qj,20.0,59768832
2026-09-16T15:16:17.832349+00:00,pyroscope,pyroscope-0,7.0,80740352
2026-09-16T15:16:17.832349+00:00,pyroscope,pyroscope-alloy-0,83.0,140509184
2026-09-16T15:16:24.069603+00:00,grove-system,grove-operator-7b4ff56598-fnn26,799.0,177209344
2026-09-16T15:16:24.069603+00:00,kai-scheduler,admission-86666f457d-p5pmm,1.0,13631488
2026-09-16T15:16:24.069603+00:00,kai-scheduler,binder-869fc94c7-xjgwh,67.0,111149056
2026-09-16T15:16:24.069603+00:00,kai-scheduler,kai-operator-69b5d7bcf7-z7q9w,1.0,60817408
2026-09-16T15:16:24.069603+00:00,kai-scheduler,kai-scheduler-default-54f59b45b-wcmls,73.0,119537664
2026-09-16T15:16:24.069603+00:00,kai-scheduler,pod-grouper-65456f756-8brn7,1.0,9437184
2026-09-16T15:16:24.069603+00:00,kai-scheduler,podgroup-controller-68f9cc8dbf-vtczt,1.0,13631488
2026-09-16T15:16:24.069603+00:00,kai-scheduler,queue-controller-f86fcd76c-v769g,1.0,13631488
2026-09-16T15:16:24.069603+00:00,kube-system,coredns-8db54c48d-ghktl,10.0,26214400
2026-09-16T15:16:24.069603+00:00,kube-system,kwok-controller-5cf8c7c44b-hbw5c,181.0,39845888
2026-09-16T15:16:24.069603+00:00,kube-system,local-path-provisioner-5d9d9885bc-gz6gf,1.0,15728640
2026-09-16T15:16:24.069603+00:00,kube-system,metrics-server-75dc6f8d87-8xng4,26.0,54525952
2026-09-16T15:16:24.069603+00:00,kube-system,svclb-traefik-0640832b-cmlmg,0.0,0
2026-09-16T15:16:24.069603+00:00,kube-system,traefik-9bcdbbd9-p72qj,20.0,59768832
2026-09-16T15:16:24.069603+00:00,pyroscope,pyroscope-0,7.0,80740352
2026-09-16T15:16:24.069603+00:00,pyroscope,pyroscope-alloy-0,83.0,140509184
2026-09-16T15:16:30.307946+00:00,grove-system,grove-operator-7b4ff56598-fnn26,799.0,177209344
2026-09-16T15:16:30.307946+00:00,kai-scheduler,admission-86666f457d-p5pmm,1.0,13631488
2026-09-16T15:16:30.307946+00:00,kai-scheduler,binder-869fc94c7-xjgwh,67.0,111149056
2026-09-16T15:16:30.307946+00:00,kai-scheduler,kai-operator-69b5d7bcf7-z7q9w,1.0,60817408
2026-09-16T15:16:30.307946+00:00,kai-scheduler,kai-scheduler-default-54f59b45b-wcmls,73.0,119537664
2026-09-16T15:16:30.307946+00:00,kai-scheduler,pod-grouper-65456f756-8brn7,1.0,9437184
2026-09-16T15:16:30.307946+00:00,kai-scheduler,podgroup-controller-68f9cc8dbf-vtczt,1.0,13631488
2026-09-16T15:16:30.307946+00:00,kai-scheduler,queue-controller-f86fcd76c-v769g,1.0,13631488
2026-09-16T15:16:30.307946+00:00,kube-system,coredns-8db54c48d-ghktl,10.0,26214400
2026-09-16T15:16:30.307946+00:00,kube-system,kwok-controller-5cf8c7c44b-hbw5c,181.0,39845888
2026-09-16T15:16:30.307946+00:00,kube-system,local-path-provisioner-5d9d9885bc-gz6gf,1.0,15728640
2026-09-16T15:16:30.307946+00:00,kube-system,metrics-server-75dc6f8d87-8xng4,26.0,54525952
2026-09-16T15:16:30.307946+00:00,kube-system,svclb-traefik-0640832b-cmlmg,0.0,0
2026-09-16T15:16:30.307946+00:00,kube-system,traefik-9bcdbbd9-p72qj,20.0,59768832
2026-09-16T15:16:30.307946+00:00,pyroscope,pyroscope-0,7.0,80740352
2026-09-16T15:16:30.307946+00:00,pyroscope,pyroscope-alloy-0,83.0,140509184
2026-09-16T15:16:36.542902+00:00,grove-system,grove-operator-7b4ff56598-fnn26,695.0,181403648
2026-09-16T15:16:36.542902+00:00,kai-scheduler,admission-86666f457d-p5pmm,1.0,13631488
2026-09-16T15:16:36.542902+00:00,kai-scheduler,binder-869fc94c7-xjgwh,28.0,109051904
2026-09-16T15:16:36.542902+00:00,kai-scheduler,kai-operator-69b5d7bcf7-z7q9w,1.0,60817408
2026-09-16T15:16:36.542902+00:00,kai-scheduler,kai-scheduler-default-54f59b45b-wcmls,22.0,139460608
2026-09-16T15:16:36.542902+00:00,kai-scheduler,pod-grouper-65456f756-8brn7,1.0,9437184
2026-09-16T15:16:36.542902+00:00,kai-scheduler,podgroup-controller-68f9cc8dbf-vtczt,1.0,13631488
2026-09-16T15:16:36.542902+00:00,kai-scheduler,queue-controller-f86fcd76c-v769g,1.0,13631488
2026-09-16T15:16:36.542902+00:00,kube-system,coredns-8db54c48d-ghktl,10.0,26214400
2026-09-16T15:16:36.542902+00:00,kube-system,kwok-controller-5cf8c7c44b-hbw5c,31.0,36700160
2026-09-16T15:16:36.542902+00:00,kube-system,local-path-provisioner-5d9d9885bc-gz6gf,1.0,15728640
2026-09-16T15:16:36.542902+00:00,kube-system,metrics-server-75dc6f8d87-8xng4,26.0,54525952
2026-09-16T15:16:36.542902+00:00,kube-system,svclb-traefik-0640832b-cmlmg,0.0,0
2026-09-16T15:16:36.542902+00:00,kube-system,traefik-9bcdbbd9-p72qj,12.0,60817408
2026-09-16T15:16:36.542902+00:00,pyroscope,pyroscope-0,7.0,80740352
2026-09-16T15:16:36.542902+00:00,pyroscope,pyroscope-alloy-0,83.0,140509184
2026-09-16T15:16:42.777920+00:00,grove-system,grove-operator-7b4ff56598-fnn26,695.0,181403648
2026-09-16T15:16:42.777920+00:00,kai-scheduler,admission-86666f457d-p5pmm,1.0,13631488
2026-09-16T15:16:42.777920+00:00,kai-scheduler,binder-869fc94c7-xjgwh,28.0,109051904
2026-09-16T15:16:42.777920+00:00,kai-scheduler,kai-operator-69b5d7bcf7-z7q9w,1.0,60817408
2026-09-16T15:16:42.777920+00:00,kai-scheduler,kai-scheduler-default-54f59b45b-wcmls,22.0,139460608
2026-09-16T15:16:42.777920+00:00,kai-scheduler,pod-grouper-65456f756-8brn7,1.0,9437184
2026-09-16T15:16:42.777920+00:00,kai-scheduler,podgroup-controller-68f9cc8dbf-vtczt,1.0,13631488
2026-09-16T15:16:42.777920+00:00,kai-scheduler,queue-controller-f86fcd76c-v769g,1.0,13631488
2026-09-16T15:16:42.777920+00:00,kube-system,coredns-8db54c48d-ghktl,10.0,26214400
2026-09-16T15:16:42.777920+00:00,kube-system,kwok-controller-5cf8c7c44b-hbw5c,31.0,36700160
2026-09-16T15:16:42.777920+00:00,kube-system,local-path-provisioner-5d9d9885bc-gz6gf,1.0,15728640
2026-09-16T15:16:42.777920+00:00,kube-system,metrics-server-75dc6f8d87-8xng4,26.0,54525952
2026-09-16T15:16:42.777920+00:00,kube-system,svclb-traefik-0640832b-cmlmg,0.0,0
2026-09-16T15:16:42.777920+00:00,kube-system,traefik-9bcdbbd9-p72qj,12.0,60817408
2026-09-16T15:16:42.777920+00:00,pyroscope,pyroscope-0,7.0,80740352
2026-09-16T15:16:42.777920+00:00,pyroscope,pyroscope-alloy-0,83.0,140509184
2026-09-16T15:16:49.016126+00:00,grove-system,grove-operator-7b4ff56598-fnn26,95.0,173015040
2026-09-16T15:16:49.016126+00:00,kai-scheduler,admission-86666f457d-p5pmm,1.0,13631488
2026-09-16T15:16:49.016126+00:00,kai-scheduler,binder-869fc94c7-xjgwh,1.0,109051904
2026-09-16T15:16:49.016126+00:00,kai-scheduler,kai-operator-69b5d7bcf7-z7q9w,1.0,60817408
2026-09-16T15:16:49.016126+00:00,kai-scheduler,kai-scheduler-default-54f59b45b-wcmls,17.0,140509184
2026-09-16T15:16:49.016126+00:00,kai-scheduler,pod-grouper-65456f756-8brn7,1.0,9437184
2026-09-16T15:16:49.016126+00:00,kai-scheduler,podgroup-controller-68f9cc8dbf-vtczt,1.0,13631488
2026-09-16T15:16:49.016126+00:00,kai-scheduler,queue-controller-f86fcd76c-v769g,1.0,13631488
2026-09-16T15:16:49.016126+00:00,kube-system,coredns-8db54c48d-ghktl,8.0,29360128
2026-09-16T15:16:49.016126+00:00,kube-system,kwok-controller-5cf8c7c44b-hbw5c,7.0,35651584
2026-09-16T15:16:49.016126+00:00,kube-system,local-path-provisioner-5d9d9885bc-gz6gf,1.0,15728640
2026-09-16T15:16:49.016126+00:00,kube-system,metrics-server-75dc6f8d87-8xng4,7.0,53477376
2026-09-16T15:16:49.016126+00:00,kube-system,svclb-traefik-0640832b-cmlmg,0.0,0
2026-09-16T15:16:49.016126+00:00,kube-system,traefik-9bcdbbd9-p72qj,7.0,58720256
2026-09-16T15:16:49.016126+00:00,pyroscope,pyroscope-0,10.0,83886080
2026-09-16T15:16:49.016126+00:00,pyroscope,pyroscope-alloy-0,13.0,147849216
2026-09-16T15:16:55.251201+00:00,grove-system,grove-operator-7b4ff56598-fnn26,95.0,173015040
2026-09-16T15:16:55.251201+00:00,kai-scheduler,admission-86666f457d-p5pmm,1.0,13631488
2026-09-16T15:16:55.251201+00:00,kai-scheduler,binder-869fc94c7-xjgwh,1.0,109051904
2026-09-16T15:16:55.251201+00:00,kai-scheduler,kai-operator-69b5d7bcf7-z7q9w,1.0,60817408
2026-09-16T15:16:55.251201+00:00,kai-scheduler,kai-scheduler-default-54f59b45b-wcmls,17.0,140509184
2026-09-16T15:16:55.251201+00:00,kai-scheduler,pod-grouper-65456f756-8brn7,1.0,9437184
2026-09-16T15:16:55.251201+00:00,kai-scheduler,podgroup-controller-68f9cc8dbf-vtczt,1.0,13631488
2026-09-16T15:16:55.251201+00:00,kai-scheduler,queue-controller-f86fcd76c-v769g,1.0,13631488
2026-09-16T15:16:55.251201+00:00,kube-system,coredns-8db54c48d-ghktl,8.0,29360128
2026-09-16T15:16:55.251201+00:00,kube-system,kwok-controller-5cf8c7c44b-hbw5c,7.0,35651584
2026-09-16T15:16:55.251201+00:00,kube-system,local-path-provisioner-5d9d9885bc-gz6gf,1.0,15728640
2026-09-16T15:16:55.251201+00:00,kube-system,metrics-server-75dc6f8d87-8xng4,7.0,53477376
2026-09-16T15:16:55.251201+00:00,kube-system,svclb-traefik-0640832b-cmlmg,0.0,0
2026-09-16T15:16:55.251201+00:00,kube-system,traefik-9bcdbbd9-p72qj,7.0,58720256
2026-09-16T15:16:55.251201+00:00,pyroscope,pyroscope-0,10.0,83886080
2026-09-16T15:16:55.251201+00:00,pyroscope,pyroscope-alloy-0,13.0,147849216
2026-09-16T15:17:01.490164+00:00,grove-system,grove-operator-7b4ff56598-fnn26,95.0,173015040
2026-09-16T15:17:01.490164+00:00,kai-scheduler,admission-86666f457d-p5pmm,1.0,13631488
2026-09-16T15:17:01.490164+00:00,kai-scheduler,binder-869fc94c7-xjgwh,1.0,109051904
2026-09-16T15:17:01.490164+00:00,kai-scheduler,kai-operator-69b5d7bcf7-z7q9w,1.0,60817408
2026-09-16T15:17:01.490164+00:00,kai-scheduler,kai-scheduler-default-54f59b45b-wcmls,17.0,140509184
2026-09-16T15:17:01.490164+00:00,kai-scheduler,pod-grouper-65456f756-8brn7,1.0,9437184
2026-09-16T15:17:01.490164+00:00,kai-scheduler,podgroup-controller-68f9cc8dbf-vtczt,1.0,13631488
2026-09-16T15:17:01.490164+00:00,kai-scheduler,queue-controller-f86fcd76c-v769g,1.0,13631488
2026-09-16T15:17:01.490164+00:00,kube-system,coredns-8db54c48d-ghktl,6.0,28311552
2026-09-16T15:17:01.490164+00:00,kube-system,kwok-controller-5cf8c7c44b-hbw5c,9.0,37748736
2026-09-16T15:17:01.490164+00:00,kube-system,local-path-provisioner-5d9d9885bc-gz6gf,1.0,15728640
2026-09-16T15:17:01.490164+00:00,kube-system,metrics-server-75dc6f8d87-8xng4,6.0,55574528
2026-09-16T15:17:01.490164+00:00,kube-system,svclb-traefik-0640832b-cmlmg,0.0,0
2026-09-16T15:17:01.490164+00:00,kube-system,traefik-9bcdbbd9-p72qj,3.0,61865984
2026-09-16T15:17:01.490164+00:00,pyroscope,pyroscope-0,7.0,97517568
2026-09-16T15:17:01.490164+00:00,pyroscope,pyroscope-alloy-0,10.0,155189248
2026-09-16T15:17:07.735584+00:00,grove-system,grove-operator-7b4ff56598-fnn26,26.0,177209344
2026-09-16T15:17:07.735584+00:00,kai-scheduler,admission-86666f457d-p5pmm,1.0,13631488
2026-09-16T15:17:07.735584+00:00,kai-scheduler,binder-869fc94c7-xjgwh,1.0,109051904
2026-09-16T15:17:07.735584+00:00,kai-scheduler,kai-operator-69b5d7bcf7-z7q9w,2.0,62914560
2026-09-16T15:17:07.735584+00:00,kai-scheduler,kai-scheduler-default-54f59b45b-wcmls,14.0,138412032
2026-09-16T15:17:07.735584+00:00,kai-scheduler,pod-grouper-65456f756-8brn7,1.0,9437184
2026-09-16T15:17:07.735584+00:00,kai-scheduler,podgroup-controller-68f9cc8dbf-vtczt,1.0,13631488
2026-09-16T15:17:07.735584+00:00,kai-scheduler,queue-controller-f86fcd76c-v769g,1.0,13631488
2026-09-16T15:17:07.735584+00:00,kube-system,coredns-8db54c48d-ghktl,6.0,28311552
2026-09-16T15:17:07.735584+00:00,kube-system,kwok-controller-5cf8c7c44b-hbw5c,9.0,37748736
2026-09-16T15:17:07.735584+00:00,kube-system,local-path-provisioner-5d9d9885bc-gz6gf,1.0,15728640
2026-09-16T15:17:07.735584+00:00,kube-system,metrics-server-75dc6f8d87-8xng4,6.0,55574528
2026-09-16T15:17:07.735584+00:00,kube-system,svclb-traefik-0640832b-cmlmg,0.0,0
2026-09-16T15:17:07.735584+00:00,kube-system,traefik-9bcdbbd9-p72qj,3.0,61865984
2026-09-16T15:17:07.735584+00:00,pyroscope,pyroscope-0,7.0,97517568
2026-09-16T15:17:07.735584+00:00,pyroscope,pyroscope-alloy-0,10.0,155189248
2026-09-16T15:17:13.976866+00:00,grove-system,grove-operator-7b4ff56598-fnn26,26.0,177209344
2026-09-16T15:17:13.976866+00:00,kai-scheduler,admission-86666f457d-p5pmm,1.0,13631488
2026-09-16T15:17:13.976866+00:00,kai-scheduler,binder-869fc94c7-xjgwh,1.0,109051904
2026-09-16T15:17:13.976866+00:00,kai-scheduler,kai-operator-69b5d7bcf7-z7q9w,2.0,62914560
2026-09-16T15:17:13.976866+00:00,kai-scheduler,kai-scheduler-default-54f59b45b-wcmls,14.0,138412032
2026-09-16T15:17:13.976866+00:00,kai-scheduler,pod-grouper-65456f756-8brn7,1.0,9437184
2026-09-16T15:17:13.976866+00:00,kai-scheduler,podgroup-controller-68f9cc8dbf-vtczt,1.0,13631488
2026-09-16T15:17:13.976866+00:00,kai-scheduler,queue-controller-f86fcd76c-v769g,1.0,13631488
2026-09-16T15:17:13.976866+00:00,kube-system,coredns-8db54c48d-ghktl,6.0,28311552
2026-09-16T15:17:13.976866+00:00,kube-system,kwok-controller-5cf8c7c44b-hbw5c,9.0,37748736
2026-09-16T15:17:13.976866+00:00,kube-system,local-path-provisioner-5d9d9885bc-gz6gf,1.0,15728640
2026-09-16T15:17:13.976866+00:00,kube-system,metrics-server-75dc6f8d87-8xng4,6.0,55574528
2026-09-16T15:17:13.976866+00:00,kube-system,svclb-traefik-0640832b-cmlmg,0.0,0
2026-09-16T15:17:13.976866+00:00,kube-system,traefik-9bcdbbd9-p72qj,3.0,61865984
2026-09-16T15:17:13.976866+00:00,pyroscope,pyroscope-0,7.0,97517568
2026-09-16T15:17:13.976866+00:00,pyroscope,pyroscope-alloy-0,10.0,155189248
2026-09-16T15:17:20.213024+00:00,grove-system,grove-operator-7b4ff56598-fnn26,35.0,175112192
2026-09-16T15:17:20.213024+00:00,kai-scheduler,admission-86666f457d-p5pmm,1.0,14680064
2026-09-16T15:17:20.213024+00:00,kai-scheduler,binder-869fc94c7-xjgwh,1.0,109051904
2026-09-16T15:17:20.213024+00:00,kai-scheduler,kai-operator-69b5d7bcf7-z7q9w,5.0,62914560
2026-09-16T15:17:20.213024+00:00,kai-scheduler,kai-scheduler-default-54f59b45b-wcmls,14.0,130023424
2026-09-16T15:17:20.213024+00:00,kai-scheduler,pod-grouper-65456f756-8brn7,1.0,9437184
2026-09-16T15:17:20.213024+00:00,kai-scheduler,podgroup-controller-68f9cc8dbf-vtczt,1.0,13631488
2026-09-16T15:17:20.213024+00:00,kai-scheduler,queue-controller-f86fcd76c-v769g,1.0,13631488
2026-09-16T15:17:20.213024+00:00,kube-system,coredns-8db54c48d-ghktl,3.0,27262976
2026-09-16T15:17:20.213024+00:00,kube-system,kwok-controller-5cf8c7c44b-hbw5c,13.0,36700160
2026-09-16T15:17:20.213024+00:00,kube-system,local-path-provisioner-5d9d9885bc-gz6gf,1.0,15728640
2026-09-16T15:17:20.213024+00:00,kube-system,metrics-server-75dc6f8d87-8xng4,6.0,55574528
2026-09-16T15:17:20.213024+00:00,kube-system,svclb-traefik-0640832b-cmlmg,0.0,0
2026-09-16T15:17:20.213024+00:00,kube-system,traefik-9bcdbbd9-p72qj,3.0,61865984
2026-09-16T15:17:20.213024+00:00,pyroscope,pyroscope-0,5.0,88080384
2026-09-16T15:17:20.213024+00:00,pyroscope,pyroscope-alloy-0,4.0,155189248
2026-09-16T15:17:26.447808+00:00,grove-system,grove-operator-7b4ff56598-fnn26,35.0,175112192
2026-09-16T15:17:26.447808+00:00,kai-scheduler,admission-86666f457d-p5pmm,1.0,14680064
2026-09-16T15:17:26.447808+00:00,kai-scheduler,binder-869fc94c7-xjgwh,1.0,109051904
2026-09-16T15:17:26.447808+00:00,kai-scheduler,kai-operator-69b5d7bcf7-z7q9w,5.0,62914560
2026-09-16T15:17:26.447808+00:00,kai-scheduler,kai-scheduler-default-54f59b45b-wcmls,14.0,130023424
2026-09-16T15:17:26.447808+00:00,kai-scheduler,pod-grouper-65456f756-8brn7,1.0,9437184
2026-09-16T15:17:26.447808+00:00,kai-scheduler,podgroup-controller-68f9cc8dbf-vtczt,1.0,13631488
2026-09-16T15:17:26.447808+00:00,kai-scheduler,queue-controller-f86fcd76c-v769g,1.0,13631488
2026-09-16T15:17:26.447808+00:00,kube-system,coredns-8db54c48d-ghktl,3.0,27262976
2026-09-16T15:17:26.447808+00:00,kube-system,kwok-controller-5cf8c7c44b-hbw5c,13.0,36700160
2026-09-16T15:17:26.447808+00:00,kube-system,local-path-provisioner-5d9d9885bc-gz6gf,1.0,15728640
2026-09-16T15:17:26.447808+00:00,kube-system,metrics-server-75dc6f8d87-8xng4,6.0,55574528
2026-09-16T15:17:26.447808+00:00,kube-system,svclb-traefik-0640832b-cmlmg,0.0,0
2026-09-16T15:17:26.447808+00:00,kube-system,traefik-9bcdbbd9-p72qj,3.0,61865984
2026-09-16T15:17:26.447808+00:00,pyroscope,pyroscope-0,5.0,88080384
2026-09-16T15:17:26.447808+00:00,pyroscope,pyroscope-alloy-0,4.0,155189248
2026-09-16T15:17:32.681877+00:00,grove-system,grove-operator-7b4ff56598-fnn26,31.0,174063616
2026-09-16T15:17:32.681877+00:00,kai-scheduler,admission-86666f457d-p5pmm,1.0,13631488
2026-09-16T15:17:32.681877+00:00,kai-scheduler,binder-869fc94c7-xjgwh,1.0,109051904
2026-09-16T15:17:32.681877+00:00,kai-scheduler,kai-operator-69b5d7bcf7-z7q9w,3.0,62914560
2026-09-16T15:17:32.681877+00:00,kai-scheduler,kai-scheduler-default-54f59b45b-wcmls,16.0,144703488
2026-09-16T15:17:32.681877+00:00,kai-scheduler,pod-grouper-65456f756-8brn7,1.0,9437184
2026-09-16T15:17:32.681877+00:00,kai-scheduler,podgroup-controller-68f9cc8dbf-vtczt,1.0,13631488
2026-09-16T15:17:32.681877+00:00,kai-scheduler,queue-controller-f86fcd76c-v769g,1.0,13631488
2026-09-16T15:17:32.681877+00:00,kube-system,coredns-8db54c48d-ghktl,3.0,27262976
2026-09-16T15:17:32.681877+00:00,kube-system,kwok-controller-5cf8c7c44b-hbw5c,7.0,36700160
2026-09-16T15:17:32.681877+00:00,kube-system,local-path-provisioner-5d9d9885bc-gz6gf,1.0,15728640
2026-09-16T15:17:32.681877+00:00,kube-system,metrics-server-75dc6f8d87-8xng4,7.0,58720256
2026-09-16T15:17:32.681877+00:00,kube-system,svclb-traefik-0640832b-cmlmg,0.0,0
2026-09-16T15:17:32.681877+00:00,kube-system,traefik-9bcdbbd9-p72qj,3.0,60817408
2026-09-16T15:17:32.681877+00:00,pyroscope,pyroscope-0,6.0,82837504
2026-09-16T15:17:32.681877+00:00,pyroscope,pyroscope-alloy-0,5.0,157286400
2026-09-16T15:17:38.918254+00:00,grove-system,grove-operator-7b4ff56598-fnn26,31.0,174063616
2026-09-16T15:17:38.918254+00:00,kai-scheduler,admission-86666f457d-p5pmm,1.0,13631488
2026-09-16T15:17:38.918254+00:00,kai-scheduler,binder-869fc94c7-xjgwh,1.0,109051904
2026-09-16T15:17:38.918254+00:00,kai-scheduler,kai-operator-69b5d7bcf7-z7q9w,3.0,62914560
2026-09-16T15:17:38.918254+00:00,kai-scheduler,kai-scheduler-default-54f59b45b-wcmls,16.0,144703488
2026-09-16T15:17:38.918254+00:00,kai-scheduler,pod-grouper-65456f756-8brn7,1.0,9437184
2026-09-16T15:17:38.918254+00:00,kai-scheduler,podgroup-controller-68f9cc8dbf-vtczt,1.0,13631488
2026-09-16T15:17:38.918254+00:00,kai-scheduler,queue-controller-f86fcd76c-v769g,1.0,13631488
2026-09-16T15:17:38.918254+00:00,kube-system,coredns-8db54c48d-ghktl,3.0,27262976
2026-09-16T15:17:38.918254+00:00,kube-system,kwok-controller-5cf8c7c44b-hbw5c,7.0,36700160
2026-09-16T15:17:38.918254+00:00,kube-system,local-path-provisioner-5d9d9885bc-gz6gf,1.0,15728640
2026-09-16T15:17:38.918254+00:00,kube-system,metrics-server-75dc6f8d87-8xng4,7.0,58720256
2026-09-16T15:17:38.918254+00:00,kube-system,svclb-traefik-0640832b-cmlmg,0.0,0
2026-09-16T15:17:38.918254+00:00,kube-system,traefik-9bcdbbd9-p72qj,3.0,60817408
2026-09-16T15:17:38.918254+00:00,pyroscope,pyroscope-0,6.0,82837504
2026-09-16T15:17:38.918254+00:00,pyroscope,pyroscope-alloy-0,5.0,157286400
2026-09-16T15:17:45.152022+00:00,grove-system,grove-operator-7b4ff56598-fnn26,31.0,174063616
2026-09-16T15:17:45.152022+00:00,kai-scheduler,admission-86666f457d-p5pmm,1.0,13631488
2026-09-16T15:17:45.152022+00:00,kai-scheduler,binder-869fc94c7-xjgwh,1.0,109051904
2026-09-16T15:17:45.152022+00:00,kai-scheduler,kai-operator-69b5d7bcf7-z7q9w,3.0,62914560
2026-09-16T15:17:45.152022+00:00,kai-scheduler,kai-scheduler-default-54f59b45b-wcmls,16.0,144703488
2026-09-16T15:17:45.152022+00:00,kai-scheduler,pod-grouper-65456f756-8brn7,1.0,9437184
2026-09-16T15:17:45.152022+00:00,kai-scheduler,podgroup-controller-68f9cc8dbf-vtczt,1.0,13631488
2026-09-16T15:17:45.152022+00:00,kai-scheduler,queue-controller-f86fcd76c-v769g,1.0,13631488
2026-09-16T15:17:45.152022+00:00,kube-system,coredns-8db54c48d-ghktl,3.0,27262976
2026-09-16T15:17:45.152022+00:00,kube-system,kwok-controller-5cf8c7c44b-hbw5c,7.0,36700160
2026-09-16T15:17:45.152022+00:00,kube-system,local-path-provisioner-5d9d9885bc-gz6gf,1.0,15728640
2026-09-16T15:17:45.152022+00:00,kube-system,metrics-server-75dc6f8d87-8xng4,7.0,58720256
2026-09-16T15:17:45.152022+00:00,kube-system,svclb-traefik-0640832b-cmlmg,0.0,0
2026-09-16T15:17:45.152022+00:00,kube-system,traefik-9bcdbbd9-p72qj,3.0,60817408
2026-09-16T15:17:45.152022+00:00,pyroscope,pyroscope-0,6.0,82837504
2026-09-16T15:17:45.152022+00:00,pyroscope,pyroscope-alloy-0,5.0,157286400
2026-09-16T15:17:51.387798+00:00,grove-system,grove-operator-7b4ff56598-fnn26,33.0,170917888
2026-09-16T15:17:51.387798+00:00,kai-scheduler,admission-86666f457d-p5pmm,1.0,13631488
2026-09-16T15:17:51.387798+00:00,kai-scheduler,binder-869fc94c7-xjgwh,1.0,109051904
2026-09-16T15:17:51.387798+00:00,kai-scheduler,kai-operator-69b5d7bcf7-z7q9w,3.0,62914560
2026-09-16T15:17:51.387798+00:00,kai-scheduler,kai-scheduler-default-54f59b45b-wcmls,14.0,144703488
2026-09-16T15:17:51.387798+00:00,kai-scheduler,pod-grouper-65456f756-8brn7,1.0,9437184
2026-09-16T15:17:51.387798+00:00,kai-scheduler,podgroup-controller-68f9cc8dbf-vtczt,1.0,13631488
2026-09-16T15:17:51.387798+00:00,kai-scheduler,queue-controller-f86fcd76c-v769g,1.0,13631488
2026-09-16T15:17:51.387798+00:00,kube-system,coredns-8db54c48d-ghktl,3.0,26214400
2026-09-16T15:17:51.387798+00:00,kube-system,kwok-controller-5cf8c7c44b-hbw5c,11.0,39845888
2026-09-16T15:17:51.387798+00:00,kube-system,local-path-provisioner-5d9d9885bc-gz6gf,1.0,15728640
2026-09-16T15:17:51.387798+00:00,kube-system,metrics-server-75dc6f8d87-8xng4,7.0,58720256
2026-09-16T15:17:51.387798+00:00,kube-system,svclb-traefik-0640832b-cmlmg,0.0,0
2026-09-16T15:17:51.387798+00:00,kube-system,traefik-9bcdbbd9-p72qj,3.0,60817408
2026-09-16T15:17:51.387798+00:00,pyroscope,pyroscope-0,5.0,82837504
2026-09-16T15:17:51.387798+00:00,pyroscope,pyroscope-alloy-0,5.0,157286400
2026-09-16T15:17:57.624191+00:00,grove-system,grove-operator-7b4ff56598-fnn26,33.0,170917888
2026-09-16T15:17:57.624191+00:00,kai-scheduler,admission-86666f457d-p5pmm,1.0,13631488
2026-09-16T15:17:57.624191+00:00,kai-scheduler,binder-869fc94c7-xjgwh,1.0,109051904
2026-09-16T15:17:57.624191+00:00,kai-scheduler,kai-operator-69b5d7bcf7-z7q9w,3.0,62914560
2026-09-16T15:17:57.624191+00:00,kai-scheduler,kai-scheduler-default-54f59b45b-wcmls,14.0,144703488
2026-09-16T15:17:57.624191+00:00,kai-scheduler,pod-grouper-65456f756-8brn7,1.0,9437184
2026-09-16T15:17:57.624191+00:00,kai-scheduler,podgroup-controller-68f9cc8dbf-vtczt,1.0,13631488
2026-09-16T15:17:57.624191+00:00,kai-scheduler,queue-controller-f86fcd76c-v769g,1.0,13631488
2026-09-16T15:17:57.624191+00:00,kube-system,coredns-8db54c48d-ghktl,3.0,26214400
2026-09-16T15:17:57.624191+00:00,kube-system,kwok-controller-5cf8c7c44b-hbw5c,11.0,39845888
2026-09-16T15:17:57.624191+00:00,kube-system,local-path-provisioner-5d9d9885bc-gz6gf,1.0,15728640
2026-09-16T15:17:57.624191+00:00,kube-system,metrics-server-75dc6f8d87-8xng4,7.0,58720256
2026-09-16T15:17:57.624191+00:00,kube-system,svclb-traefik-0640832b-cmlmg,0.0,0
2026-09-16T15:17:57.624191+00:00,kube-system,traefik-9bcdbbd9-p72qj,3.0,60817408
2026-09-16T15:17:57.624191+00:00,pyroscope,pyroscope-0,5.0,82837504
2026-09-16T15:17:57.624191+00:00,pyroscope,pyroscope-alloy-0,5.0,157286400
2026-09-16T15:18:03.864541+00:00,grove-system,grove-operator-7b4ff56598-fnn26,27.0,171966464
2026-09-16T15:18:03.864541+00:00,kai-scheduler,admission-86666f457d-p5pmm,1.0,13631488
2026-09-16T15:18:03.864541+00:00,kai-scheduler,binder-869fc94c7-xjgwh,1.0,109051904
2026-09-16T15:18:03.864541+00:00,kai-scheduler,kai-operator-69b5d7bcf7-z7q9w,3.0,62914560
2026-09-16T15:18:03.864541+00:00,kai-scheduler,kai-scheduler-default-54f59b45b-wcmls,17.0,131072000
2026-09-16T15:18:03.864541+00:00,kai-scheduler,pod-grouper-65456f756-8brn7,1.0,9437184
2026-09-16T15:18:03.864541+00:00,kai-scheduler,podgroup-controller-68f9cc8dbf-vtczt,1.0,13631488
2026-09-16T15:18:03.864541+00:00,kai-scheduler,queue-controller-f86fcd76c-v769g,1.0,13631488
2026-09-16T15:18:03.864541+00:00,kube-system,coredns-8db54c48d-ghktl,3.0,27262976
2026-09-16T15:18:03.864541+00:00,kube-system,kwok-controller-5cf8c7c44b-hbw5c,11.0,39845888
2026-09-16T15:18:03.864541+00:00,kube-system,local-path-provisioner-5d9d9885bc-gz6gf,1.0,15728640
2026-09-16T15:18:03.864541+00:00,kube-system,metrics-server-75dc6f8d87-8xng4,7.0,57671680
2026-09-16T15:18:03.864541+00:00,kube-system,svclb-traefik-0640832b-cmlmg,0.0,0
2026-09-16T15:18:03.864541+00:00,kube-system,traefik-9bcdbbd9-p72qj,3.0,61865984
2026-09-16T15:18:03.864541+00:00,pyroscope,pyroscope-0,5.0,81788928
2026-09-16T15:18:03.864541+00:00,pyroscope,pyroscope-alloy-0,11.0,161480704
2026-09-16T15:18:10.097740+00:00,grove-system,grove-operator-7b4ff56598-fnn26,27.0,171966464
2026-09-16T15:18:10.097740+00:00,kai-scheduler,admission-86666f457d-p5pmm,1.0,13631488
2026-09-16T15:18:10.097740+00:00,kai-scheduler,binder-869fc94c7-xjgwh,1.0,109051904
2026-09-16T15:18:10.097740+00:00,kai-scheduler,kai-operator-69b5d7bcf7-z7q9w,3.0,62914560
2026-09-16T15:18:10.097740+00:00,kai-scheduler,kai-scheduler-default-54f59b45b-wcmls,17.0,131072000
2026-09-16T15:18:10.097740+00:00,kai-scheduler,pod-grouper-65456f756-8brn7,1.0,9437184
2026-09-16T15:18:10.097740+00:00,kai-scheduler,podgroup-controller-68f9cc8dbf-vtczt,1.0,13631488
2026-09-16T15:18:10.097740+00:00,kai-scheduler,queue-controller-f86fcd76c-v769g,1.0,13631488
2026-09-16T15:18:10.097740+00:00,kube-system,coredns-8db54c48d-ghktl,3.0,27262976
2026-09-16T15:18:10.097740+00:00,kube-system,kwok-controller-5cf8c7c44b-hbw5c,11.0,39845888
2026-09-16T15:18:10.097740+00:00,kube-system,local-path-provisioner-5d9d9885bc-gz6gf,1.0,15728640
2026-09-16T15:18:10.097740+00:00,kube-system,metrics-server-75dc6f8d87-8xng4,7.0,57671680
2026-09-16T15:18:10.097740+00:00,kube-system,svclb-traefik-0640832b-cmlmg,0.0,0
2026-09-16T15:18:10.097740+00:00,kube-system,traefik-9bcdbbd9-p72qj,3.0,61865984
2026-09-16T15:18:10.097740+00:00,pyroscope,pyroscope-0,5.0,81788928
2026-09-16T15:18:10.097740+00:00,pyroscope,pyroscope-alloy-0,11.0,161480704
2026-09-16T15:18:16.337441+00:00,grove-system,grove-operator-7b4ff56598-fnn26,27.0,171966464
2026-09-16T15:18:16.337441+00:00,kai-scheduler,admission-86666f457d-p5pmm,1.0,13631488
2026-09-16T15:18:16.337441+00:00,kai-scheduler,binder-869fc94c7-xjgwh,1.0,109051904
2026-09-16T15:18:16.337441+00:00,kai-scheduler,kai-operator-69b5d7bcf7-z7q9w,3.0,62914560
2026-09-16T15:18:16.337441+00:00,kai-scheduler,kai-scheduler-default-54f59b45b-wcmls,17.0,131072000
2026-09-16T15:18:16.337441+00:00,kai-scheduler,pod-grouper-65456f756-8brn7,1.0,9437184
2026-09-16T15:18:16.337441+00:00,kai-scheduler,podgroup-controller-68f9cc8dbf-vtczt,1.0,13631488
2026-09-16T15:18:16.337441+00:00,kai-scheduler,queue-controller-f86fcd76c-v769g,1.0,13631488
2026-09-16T15:18:16.337441+00:00,kube-system,coredns-8db54c48d-ghktl,3.0,27262976
2026-09-16T15:18:16.337441+00:00,kube-system,kwok-controller-5cf8c7c44b-hbw5c,11.0,39845888
2026-09-16T15:18:16.337441+00:00,kube-system,local-path-provisioner-5d9d9885bc-gz6gf,1.0,15728640
2026-09-16T15:18:16.337441+00:00,kube-system,metrics-server-75dc6f8d87-8xng4,7.0,57671680
2026-09-16T15:18:16.337441+00:00,kube-system,svclb-traefik-0640832b-cmlmg,0.0,0
2026-09-16T15:18:16.337441+00:00,kube-system,traefik-9bcdbbd9-p72qj,3.0,61865984
2026-09-16T15:18:16.337441+00:00,pyroscope,pyroscope-0,5.0,81788928
2026-09-16T15:18:16.337441+00:00,pyroscope,pyroscope-alloy-0,11.0,161480704
2026-09-16T15:18:22.574822+00:00,grove-system,grove-operator-7b4ff56598-fnn26,27.0,171966464
2026-09-16T15:18:22.574822+00:00,kai-scheduler,admission-86666f457d-p5pmm,1.0,13631488
2026-09-16T15:18:22.574822+00:00,kai-scheduler,binder-869fc94c7-xjgwh,2.0,105906176
2026-09-16T15:18:22.574822+00:00,kai-scheduler,kai-operator-69b5d7bcf7-z7q9w,3.0,61865984
2026-09-16T15:18:22.574822+00:00,kai-scheduler,kai-scheduler-default-54f59b45b-wcmls,16.0,143654912
2026-09-16T15:18:22.574822+00:00,kai-scheduler,pod-grouper-65456f756-8brn7,1.0,9437184
2026-09-16T15:18:22.574822+00:00,kai-scheduler,podgroup-controller-68f9cc8dbf-vtczt,1.0,13631488
2026-09-16T15:18:22.574822+00:00,kai-scheduler,queue-controller-f86fcd76c-v769g,1.0,13631488
2026-09-16T15:18:22.574822+00:00,kube-system,coredns-8db54c48d-ghktl,3.0,27262976
2026-09-16T15:18:22.574822+00:00,kube-system,kwok-controller-5cf8c7c44b-hbw5c,12.0,36700160
2026-09-16T15:18:22.574822+00:00,kube-system,local-path-provisioner-5d9d9885bc-gz6gf,1.0,15728640
2026-09-16T15:18:22.574822+00:00,kube-system,metrics-server-75dc6f8d87-8xng4,7.0,57671680
2026-09-16T15:18:22.574822+00:00,kube-system,svclb-traefik-0640832b-cmlmg,0.0,0
2026-09-16T15:18:22.574822+00:00,kube-system,traefik-9bcdbbd9-p72qj,6.0,63963136
2026-09-16T15:18:22.574822+00:00,pyroscope,pyroscope-0,5.0,81788928
2026-09-16T15:18:22.574822+00:00,pyroscope,pyroscope-alloy-0,13.0,162529280
2026-09-16T15:18:28.812400+00:00,grove-system,grove-operator-7b4ff56598-fnn26,27.0,171966464
2026-09-16T15:18:28.812400+00:00,kai-scheduler,admission-86666f457d-p5pmm,1.0,13631488
2026-09-16T15:18:28.812400+00:00,kai-scheduler,binder-869fc94c7-xjgwh,2.0,105906176
2026-09-16T15:18:28.812400+00:00,kai-scheduler,kai-operator-69b5d7bcf7-z7q9w,3.0,61865984
2026-09-16T15:18:28.812400+00:00,kai-scheduler,kai-scheduler-default-54f59b45b-wcmls,16.0,143654912
2026-09-16T15:18:28.812400+00:00,kai-scheduler,pod-grouper-65456f756-8brn7,1.0,9437184
2026-09-16T15:18:28.812400+00:00,kai-scheduler,podgroup-controller-68f9cc8dbf-vtczt,1.0,13631488
2026-09-16T15:18:28.812400+00:00,kai-scheduler,queue-controller-f86fcd76c-v769g,1.0,13631488
2026-09-16T15:18:28.812400+00:00,kube-system,coredns-8db54c48d-ghktl,3.0,27262976
2026-09-16T15:18:28.812400+00:00,kube-system,kwok-controller-5cf8c7c44b-hbw5c,12.0,36700160
2026-09-16T15:18:28.812400+00:00,kube-system,local-path-provisioner-5d9d9885bc-gz6gf,1.0,15728640
2026-09-16T15:18:28.812400+00:00,kube-system,metrics-server-75dc6f8d87-8xng4,7.0,57671680
2026-09-16T15:18:28.812400+00:00,kube-system,svclb-traefik-0640832b-cmlmg,0.0,0
2026-09-16T15:18:28.812400+00:00,kube-system,traefik-9bcdbbd9-p72qj,6.0,63963136
2026-09-16T15:18:28.812400+00:00,pyroscope,pyroscope-0,5.0,81788928
2026-09-16T15:18:28.812400+00:00,pyroscope,pyroscope-alloy-0,13.0,162529280
2026-09-16T15:18:35.049144+00:00,grove-system,grove-operator-7b4ff56598-fnn26,28.0,169869312
2026-09-16T15:18:35.049144+00:00,kai-scheduler,admission-86666f457d-p5pmm,1.0,13631488
2026-09-16T15:18:35.049144+00:00,kai-scheduler,binder-869fc94c7-xjgwh,1.0,106954752
2026-09-16T15:18:35.049144+00:00,kai-scheduler,kai-operator-69b5d7bcf7-z7q9w,3.0,62914560
2026-09-16T15:18:35.049144+00:00,kai-scheduler,kai-scheduler-default-54f59b45b-wcmls,16.0,143654912
2026-09-16T15:18:35.049144+00:00,kai-scheduler,pod-grouper-65456f756-8brn7,1.0,9437184
2026-09-16T15:18:35.049144+00:00,kai-scheduler,podgroup-controller-68f9cc8dbf-vtczt,1.0,13631488
2026-09-16T15:18:35.049144+00:00,kai-scheduler,queue-controller-f86fcd76c-v769g,1.0,13631488
2026-09-16T15:18:35.049144+00:00,kube-system,coredns-8db54c48d-ghktl,3.0,27262976
2026-09-16T15:18:35.049144+00:00,kube-system,kwok-controller-5cf8c7c44b-hbw5c,11.0,36700160
2026-09-16T15:18:35.049144+00:00,kube-system,local-path-provisioner-5d9d9885bc-gz6gf,1.0,15728640
2026-09-16T15:18:35.049144+00:00,kube-system,metrics-server-75dc6f8d87-8xng4,6.0,58720256
2026-09-16T15:18:35.049144+00:00,kube-system,svclb-traefik-0640832b-cmlmg,0.0,0
2026-09-16T15:18:35.049144+00:00,kube-system,traefik-9bcdbbd9-p72qj,3.0,65011712
2026-09-16T15:18:35.049144+00:00,pyroscope,pyroscope-0,5.0,81788928
2026-09-16T15:18:35.049144+00:00,pyroscope,pyroscope-alloy-0,15.0,162529280
2026-09-16T15:18:41.283985+00:00,grove-system,grove-operator-7b4ff56598-fnn26,28.0,169869312
2026-09-16T15:18:41.283985+00:00,kai-scheduler,admission-86666f457d-p5pmm,1.0,13631488
2026-09-16T15:18:41.283985+00:00,kai-scheduler,binder-869fc94c7-xjgwh,1.0,106954752
2026-09-16T15:18:41.283985+00:00,kai-scheduler,kai-operator-69b5d7bcf7-z7q9w,3.0,62914560
2026-09-16T15:18:41.283985+00:00,kai-scheduler,kai-scheduler-default-54f59b45b-wcmls,16.0,143654912
2026-09-16T15:18:41.283985+00:00,kai-scheduler,pod-grouper-65456f756-8brn7,1.0,9437184
2026-09-16T15:18:41.283985+00:00,kai-scheduler,podgroup-controller-68f9cc8dbf-vtczt,1.0,13631488
2026-09-16T15:18:41.283985+00:00,kai-scheduler,queue-controller-f86fcd76c-v769g,1.0,13631488
2026-09-16T15:18:41.283985+00:00,kube-system,coredns-8db54c48d-ghktl,3.0,27262976
2026-09-16T15:18:41.283985+00:00,kube-system,kwok-controller-5cf8c7c44b-hbw5c,11.0,36700160
2026-09-16T15:18:41.283985+00:00,kube-system,local-path-provisioner-5d9d9885bc-gz6gf,1.0,15728640
2026-09-16T15:18:41.283985+00:00,kube-system,metrics-server-75dc6f8d87-8xng4,6.0,58720256
2026-09-16T15:18:41.283985+00:00,kube-system,svclb-traefik-0640832b-cmlmg,0.0,0
2026-09-16T15:18:41.283985+00:00,kube-system,traefik-9bcdbbd9-p72qj,3.0,65011712
2026-09-16T15:18:41.283985+00:00,pyroscope,pyroscope-0,5.0,81788928
2026-09-16T15:18:41.283985+00:00,pyroscope,pyroscope-alloy-0,15.0,162529280
2026-09-16T15:18:47.527573+00:00,grove-system,grove-operator-7b4ff56598-fnn26,29.0,167772160
2026-09-16T15:18:47.527573+00:00,kai-scheduler,admission-86666f457d-p5pmm,1.0,13631488
2026-09-16T15:18:47.527573+00:00,kai-scheduler,binder-869fc94c7-xjgwh,1.0,106954752
2026-09-16T15:18:47.527573+00:00,kai-scheduler,kai-operator-69b5d7bcf7-z7q9w,3.0,62914560
2026-09-16T15:18:47.527573+00:00,kai-scheduler,kai-scheduler-default-54f59b45b-wcmls,14.0,144703488
2026-09-16T15:18:47.527573+00:00,kai-scheduler,pod-grouper-65456f756-8brn7,1.0,9437184
2026-09-16T15:18:47.527573+00:00,kai-scheduler,podgroup-controller-68f9cc8dbf-vtczt,1.0,13631488
2026-09-16T15:18:47.527573+00:00,kai-scheduler,queue-controller-f86fcd76c-v769g,1.0,13631488
2026-09-16T15:18:47.527573+00:00,kube-system,coredns-8db54c48d-ghktl,4.0,26214400
2026-09-16T15:18:47.527573+00:00,kube-system,kwok-controller-5cf8c7c44b-hbw5c,8.0,36700160
2026-09-16T15:18:47.527573+00:00,kube-system,local-path-provisioner-5d9d9885bc-gz6gf,1.0,15728640
2026-09-16T15:18:47.527573+00:00,kube-system,metrics-server-75dc6f8d87-8xng4,6.0,57671680
2026-09-16T15:18:47.527573+00:00,kube-system,svclb-traefik-0640832b-cmlmg,0.0,0
2026-09-16T15:18:47.527573+00:00,kube-system,traefik-9bcdbbd9-p72qj,3.0,63963136
2026-09-16T15:18:47.527573+00:00,pyroscope,pyroscope-0,5.0,81788928
2026-09-16T15:18:47.527573+00:00,pyroscope,pyroscope-alloy-0,5.0,162529280
2026-09-16T15:18:53.771843+00:00,grove-system,grove-operator-7b4ff56598-fnn26,29.0,167772160
2026-09-16T15:18:53.771843+00:00,kai-scheduler,admission-86666f457d-p5pmm,1.0,13631488
2026-09-16T15:18:53.771843+00:00,kai-scheduler,binder-869fc94c7-xjgwh,1.0,106954752
2026-09-16T15:18:53.771843+00:00,kai-scheduler,kai-operator-69b5d7bcf7-z7q9w,3.0,62914560
2026-09-16T15:18:53.771843+00:00,kai-scheduler,kai-scheduler-default-54f59b45b-wcmls,14.0,144703488
2026-09-16T15:18:53.771843+00:00,kai-scheduler,pod-grouper-65456f756-8brn7,1.0,9437184
2026-09-16T15:18:53.771843+00:00,kai-scheduler,podgroup-controller-68f9cc8dbf-vtczt,1.0,13631488
2026-09-16T15:18:53.771843+00:00,kai-scheduler,queue-controller-f86fcd76c-v769g,1.0,13631488
2026-09-16T15:18:53.771843+00:00,kube-system,coredns-8db54c48d-ghktl,4.0,26214400
2026-09-16T15:18:53.771843+00:00,kube-system,kwok-controller-5cf8c7c44b-hbw5c,8.0,36700160
2026-09-16T15:18:53.771843+00:00,kube-system,local-path-provisioner-5d9d9885bc-gz6gf,1.0,15728640
2026-09-16T15:18:53.771843+00:00,kube-system,metrics-server-75dc6f8d87-8xng4,6.0,57671680
2026-09-16T15:18:53.771843+00:00,kube-system,svclb-traefik-0640832b-cmlmg,0.0,0
2026-09-16T15:18:53.771843+00:00,kube-system,traefik-9bcdbbd9-p72qj,3.0,63963136
2026-09-16T15:18:53.771843+00:00,pyroscope,pyroscope-0,5.0,81788928
2026-09-16T15:18:53.771843+00:00,pyroscope,pyroscope-alloy-0,5.0,162529280
2026-09-16T15:19:00.010200+00:00,grove-system,grove-operator-7b4ff56598-fnn26,29.0,167772160
2026-09-16T15:19:00.010200+00:00,kai-scheduler,admission-86666f457d-p5pmm,1.0,13631488
2026-09-16T15:19:00.010200+00:00,kai-scheduler,binder-869fc94c7-xjgwh,1.0,106954752
2026-09-16T15:19:00.010200+00:00,kai-scheduler,kai-operator-69b5d7bcf7-z7q9w,3.0,62914560
2026-09-16T15:19:00.010200+00:00,kai-scheduler,kai-scheduler-default-54f59b45b-wcmls,14.0,144703488
2026-09-16T15:19:00.010200+00:00,kai-scheduler,pod-grouper-65456f756-8brn7,1.0,9437184
2026-09-16T15:19:00.010200+00:00,kai-scheduler,podgroup-controller-68f9cc8dbf-vtczt,1.0,13631488
2026-09-16T15:19:00.010200+00:00,kai-scheduler,queue-controller-f86fcd76c-v769g,1.0,13631488
2026-09-16T15:19:00.010200+00:00,kube-system,coredns-8db54c48d-ghktl,4.0,26214400
2026-09-16T15:19:00.010200+00:00,kube-system,kwok-controller-5cf8c7c44b-hbw5c,8.0,36700160
2026-09-16T15:19:00.010200+00:00,kube-system,local-path-provisioner-5d9d9885bc-gz6gf,1.0,15728640
2026-09-16T15:19:00.010200+00:00,kube-system,metrics-server-75dc6f8d87-8xng4,6.0,57671680
2026-09-16T15:19:00.010200+00:00,kube-system,svclb-traefik-0640832b-cmlmg,0.0,0
2026-09-16T15:19:00.010200+00:00,kube-system,traefik-9bcdbbd9-p72qj,3.0,63963136
2026-09-16T15:19:00.010200+00:00,pyroscope,pyroscope-0,5.0,81788928
2026-09-16T15:19:00.010200+00:00,pyroscope,pyroscope-alloy-0,5.0,162529280
2026-09-16T15:19:06.247353+00:00,grove-system,grove-operator-7b4ff56598-fnn26,22.0,164626432
2026-09-16T15:19:06.247353+00:00,kai-scheduler,admission-86666f457d-p5pmm,1.0,13631488
2026-09-16T15:19:06.247353+00:00,kai-scheduler,binder-869fc94c7-xjgwh,11.0,108003328
2026-09-16T15:19:06.247353+00:00,kai-scheduler,kai-operator-69b5d7bcf7-z7q9w,3.0,61865984
2026-09-16T15:19:06.247353+00:00,kai-scheduler,kai-scheduler-default-54f59b45b-wcmls,21.0,141557760
2026-09-16T15:19:06.247353+00:00,kai-scheduler,pod-grouper-65456f756-8brn7,1.0,9437184
2026-09-16T15:19:06.247353+00:00,kai-scheduler,podgroup-controller-68f9cc8dbf-vtczt,1.0,13631488
2026-09-16T15:19:06.247353+00:00,kai-scheduler,queue-controller-f86fcd76c-v769g,1.0,13631488
2026-09-16T15:19:06.247353+00:00,kube-system,coredns-8db54c48d-ghktl,3.0,27262976
2026-09-16T15:19:06.247353+00:00,kube-system,kwok-controller-5cf8c7c44b-hbw5c,27.0,38797312
2026-09-16T15:19:06.247353+00:00,kube-system,local-path-provisioner-5d9d9885bc-gz6gf,1.0,15728640
2026-09-16T15:19:06.247353+00:00,kube-system,metrics-server-75dc6f8d87-8xng4,12.0,61865984
2026-09-16T15:19:06.247353+00:00,kube-system,svclb-traefik-0640832b-cmlmg,0.0,0
2026-09-16T15:19:06.247353+00:00,kube-system,traefik-9bcdbbd9-p72qj,3.0,65011712
2026-09-16T15:19:06.247353+00:00,pyroscope,pyroscope-0,5.0,81788928
2026-09-16T15:19:06.247353+00:00,pyroscope,pyroscope-alloy-0,19.0,165675008
2026-09-16T15:19:12.489845+00:00,grove-system,grove-operator-7b4ff56598-fnn26,22.0,164626432
2026-09-16T15:19:12.489845+00:00,kai-scheduler,admission-86666f457d-p5pmm,1.0,13631488
2026-09-16T15:19:12.489845+00:00,kai-scheduler,binder-869fc94c7-xjgwh,11.0,108003328
2026-09-16T15:19:12.489845+00:00,kai-scheduler,kai-operator-69b5d7bcf7-z7q9w,3.0,61865984
2026-09-16T15:19:12.489845+00:00,kai-scheduler,kai-scheduler-default-54f59b45b-wcmls,21.0,141557760
2026-09-16T15:19:12.489845+00:00,kai-scheduler,pod-grouper-65456f756-8brn7,1.0,9437184
2026-09-16T15:19:12.489845+00:00,kai-scheduler,podgroup-controller-68f9cc8dbf-vtczt,1.0,13631488
2026-09-16T15:19:12.489845+00:00,kai-scheduler,queue-controller-f86fcd76c-v769g,1.0,13631488
2026-09-16T15:19:12.489845+00:00,kube-system,coredns-8db54c48d-ghktl,3.0,27262976
2026-09-16T15:19:12.489845+00:00,kube-system,kwok-controller-5cf8c7c44b-hbw5c,27.0,38797312
2026-09-16T15:19:12.489845+00:00,kube-system,local-path-provisioner-5d9d9885bc-gz6gf,1.0,15728640
2026-09-16T15:19:12.489845+00:00,kube-system,metrics-server-75dc6f8d87-8xng4,12.0,61865984
2026-09-16T15:19:12.489845+00:00,kube-system,svclb-traefik-0640832b-cmlmg,0.0,0
2026-09-16T15:19:12.489845+00:00,kube-system,traefik-9bcdbbd9-p72qj,3.0,65011712
2026-09-16T15:19:12.489845+00:00,pyroscope,pyroscope-0,5.0,81788928
2026-09-16T15:19:12.489845+00:00,pyroscope,pyroscope-alloy-0,19.0,165675008
2026-09-16T15:19:18.727339+00:00,grove-system,grove-operator-7b4ff56598-fnn26,20.0,160432128
2026-09-16T15:19:18.727339+00:00,kai-scheduler,admission-86666f457d-p5pmm,1.0,13631488
2026-09-16T15:19:18.727339+00:00,kai-scheduler,binder-869fc94c7-xjgwh,19.0,106954752
2026-09-16T15:19:18.727339+00:00,kai-scheduler,kai-operator-69b5d7bcf7-z7q9w,3.0,58720256
2026-09-16T15:19:18.727339+00:00,kai-scheduler,kai-scheduler-default-54f59b45b-wcmls,26.0,130023424
2026-09-16T15:19:18.727339+00:00,kai-scheduler,pod-grouper-65456f756-8brn7,1.0,9437184
2026-09-16T15:19:18.727339+00:00,kai-scheduler,podgroup-controller-68f9cc8dbf-vtczt,1.0,13631488
2026-09-16T15:19:18.727339+00:00,kai-scheduler,queue-controller-f86fcd76c-v769g,1.0,13631488
2026-09-16T15:19:18.727339+00:00,kube-system,coredns-8db54c48d-ghktl,3.0,27262976
2026-09-16T15:19:18.727339+00:00,kube-system,kwok-controller-5cf8c7c44b-hbw5c,45.0,37748736
2026-09-16T15:19:18.727339+00:00,kube-system,local-path-provisioner-5d9d9885bc-gz6gf,1.0,15728640
2026-09-16T15:19:18.727339+00:00,kube-system,metrics-server-75dc6f8d87-8xng4,17.0,60817408
2026-09-16T15:19:18.727339+00:00,kube-system,svclb-traefik-0640832b-cmlmg,0.0,0
2026-09-16T15:19:18.727339+00:00,kube-system,traefik-9bcdbbd9-p72qj,3.0,65011712
2026-09-16T15:19:18.727339+00:00,pyroscope,pyroscope-0,6.0,83886080
2026-09-16T15:19:18.727339+00:00,pyroscope,pyroscope-alloy-0,28.0,152043520
2026-09-16T15:19:24.963032+00:00,grove-system,grove-operator-7b4ff56598-fnn26,20.0,160432128
2026-09-16T15:19:24.963032+00:00,kai-scheduler,admission-86666f457d-p5pmm,1.0,13631488
2026-09-16T15:19:24.963032+00:00,kai-scheduler,binder-869fc94c7-xjgwh,19.0,106954752
2026-09-16T15:19:24.963032+00:00,kai-scheduler,kai-operator-69b5d7bcf7-z7q9w,3.0,58720256
2026-09-16T15:19:24.963032+00:00,kai-scheduler,kai-scheduler-default-54f59b45b-wcmls,26.0,130023424
2026-09-16T15:19:24.963032+00:00,kai-scheduler,pod-grouper-65456f756-8brn7,1.0,9437184
2026-09-16T15:19:24.963032+00:00,kai-scheduler,podgroup-controller-68f9cc8dbf-vtczt,1.0,13631488
2026-09-16T15:19:24.963032+00:00,kai-scheduler,queue-controller-f86fcd76c-v769g,1.0,13631488
2026-09-16T15:19:24.963032+00:00,kube-system,coredns-8db54c48d-ghktl,3.0,27262976
2026-09-16T15:19:24.963032+00:00,kube-system,kwok-controller-5cf8c7c44b-hbw5c,45.0,37748736
2026-09-16T15:19:24.963032+00:00,kube-system,local-path-provisioner-5d9d9885bc-gz6gf,1.0,15728640
2026-09-16T15:19:24.963032+00:00,kube-system,metrics-server-75dc6f8d87-8xng4,17.0,60817408
2026-09-16T15:19:24.963032+00:00,kube-system,svclb-traefik-0640832b-cmlmg,0.0,0
2026-09-16T15:19:24.963032+00:00,kube-system,traefik-9bcdbbd9-p72qj,3.0,65011712
2026-09-16T15:19:24.963032+00:00,pyroscope,pyroscope-0,6.0,83886080
2026-09-16T15:19:24.963032+00:00,pyroscope,pyroscope-alloy-0,28.0,152043520
2026-09-16T15:19:31.204178+00:00,grove-system,grove-operator-7b4ff56598-fnn26,20.0,160432128
2026-09-16T15:19:31.204178+00:00,kai-scheduler,admission-86666f457d-p5pmm,1.0,13631488
2026-09-16T15:19:31.204178+00:00,kai-scheduler,binder-869fc94c7-xjgwh,19.0,106954752
2026-09-16T15:19:31.204178+00:00,kai-scheduler,kai-operator-69b5d7bcf7-z7q9w,3.0,58720256
2026-09-16T15:19:31.204178+00:00,kai-scheduler,kai-scheduler-default-54f59b45b-wcmls,26.0,130023424
2026-09-16T15:19:31.204178+00:00,kai-scheduler,pod-grouper-65456f756-8brn7,1.0,9437184
2026-09-16T15:19:31.204178+00:00,kai-scheduler,podgroup-controller-68f9cc8dbf-vtczt,1.0,13631488
2026-09-16T15:19:31.204178+00:00,kai-scheduler,queue-controller-f86fcd76c-v769g,1.0,13631488
2026-09-16T15:19:31.204178+00:00,kube-system,coredns-8db54c48d-ghktl,3.0,27262976
2026-09-16T15:19:31.204178+00:00,kube-system,kwok-controller-5cf8c7c44b-hbw5c,45.0,37748736
2026-09-16T15:19:31.204178+00:00,kube-system,local-path-provisioner-5d9d9885bc-gz6gf,1.0,15728640
2026-09-16T15:19:31.204178+00:00,kube-system,metrics-server-75dc6f8d87-8xng4,17.0,60817408
2026-09-16T15:19:31.204178+00:00,kube-system,svclb-traefik-0640832b-cmlmg,0.0,0
2026-09-16T15:19:31.204178+00:00,kube-system,traefik-9bcdbbd9-p72qj,3.0,65011712
2026-09-16T15:19:31.204178+00:00,pyroscope,pyroscope-0,6.0,83886080
2026-09-16T15:19:31.204178+00:00,pyroscope,pyroscope-alloy-0,28.0,152043520
2026-09-16T15:19:37.443796+00:00,grove-system,grove-operator-7b4ff56598-fnn26,20.0,160432128
2026-09-16T15:19:37.443796+00:00,kai-scheduler,admission-86666f457d-p5pmm,1.0,13631488
2026-09-16T15:19:37.443796+00:00,kai-scheduler,binder-869fc94c7-xjgwh,20.0,104857600
2026-09-16T15:19:37.443796+00:00,kai-scheduler,kai-operator-69b5d7bcf7-z7q9w,1.0,59768832
2026-09-16T15:19:37.443796+00:00,kai-scheduler,kai-scheduler-default-54f59b45b-wcmls,22.0,130023424
2026-09-16T15:19:37.443796+00:00,kai-scheduler,pod-grouper-65456f756-8brn7,1.0,9437184
2026-09-16T15:19:37.443796+00:00,kai-scheduler,podgroup-controller-68f9cc8dbf-vtczt,1.0,13631488
2026-09-16T15:19:37.443796+00:00,kai-scheduler,queue-controller-f86fcd76c-v769g,1.0,13631488
2026-09-16T15:19:37.443796+00:00,kube-system,coredns-8db54c48d-ghktl,3.0,26214400
2026-09-16T15:19:37.443796+00:00,kube-system,kwok-controller-5cf8c7c44b-hbw5c,40.0,38797312
2026-09-16T15:19:37.443796+00:00,kube-system,local-path-provisioner-5d9d9885bc-gz6gf,1.0,15728640
2026-09-16T15:19:37.443796+00:00,kube-system,metrics-server-75dc6f8d87-8xng4,16.0,60817408
2026-09-16T15:19:37.443796+00:00,kube-system,svclb-traefik-0640832b-cmlmg,0.0,0
2026-09-16T15:19:37.443796+00:00,kube-system,traefik-9bcdbbd9-p72qj,3.0,63963136
2026-09-16T15:19:37.443796+00:00,pyroscope,pyroscope-0,5.0,83886080
2026-09-16T15:19:37.443796+00:00,pyroscope,pyroscope-alloy-0,31.0,141557760
2026-09-16T15:19:43.680120+00:00,grove-system,grove-operator-7b4ff56598-fnn26,20.0,160432128
2026-09-16T15:19:43.680120+00:00,kai-scheduler,admission-86666f457d-p5pmm,1.0,13631488
2026-09-16T15:19:43.680120+00:00,kai-scheduler,binder-869fc94c7-xjgwh,20.0,104857600
2026-09-16T15:19:43.680120+00:00,kai-scheduler,kai-operator-69b5d7bcf7-z7q9w,1.0,59768832
2026-09-16T15:19:43.680120+00:00,kai-scheduler,kai-scheduler-default-54f59b45b-wcmls,22.0,130023424
2026-09-16T15:19:43.680120+00:00,kai-scheduler,pod-grouper-65456f756-8brn7,1.0,9437184
2026-09-16T15:19:43.680120+00:00,kai-scheduler,podgroup-controller-68f9cc8dbf-vtczt,1.0,13631488
2026-09-16T15:19:43.680120+00:00,kai-scheduler,queue-controller-f86fcd76c-v769g,1.0,13631488
2026-09-16T15:19:43.680120+00:00,kube-system,coredns-8db54c48d-ghktl,3.0,26214400
2026-09-16T15:19:43.680120+00:00,kube-system,kwok-controller-5cf8c7c44b-hbw5c,40.0,38797312
2026-09-16T15:19:43.680120+00:00,kube-system,local-path-provisioner-5d9d9885bc-gz6gf,1.0,15728640
2026-09-16T15:19:43.680120+00:00,kube-system,metrics-server-75dc6f8d87-8xng4,16.0,60817408
2026-09-16T15:19:43.680120+00:00,kube-system,svclb-traefik-0640832b-cmlmg,0.0,0
2026-09-16T15:19:43.680120+00:00,kube-system,traefik-9bcdbbd9-p72qj,3.0,63963136
2026-09-16T15:19:43.680120+00:00,pyroscope,pyroscope-0,5.0,83886080
2026-09-16T15:19:43.680120+00:00,pyroscope,pyroscope-alloy-0,31.0,141557760
2026-09-16T15:19:49.927342+00:00,grove-system,grove-operator-7b4ff56598-fnn26,20.0,160432128
2026-09-16T15:19:49.927342+00:00,kai-scheduler,admission-86666f457d-p5pmm,1.0,13631488
2026-09-16T15:19:49.927342+00:00,kai-scheduler,binder-869fc94c7-xjgwh,20.0,104857600
2026-09-16T15:19:49.927342+00:00,kai-scheduler,kai-operator-69b5d7bcf7-z7q9w,1.0,58720256
2026-09-16T15:19:49.927342+00:00,kai-scheduler,kai-scheduler-default-54f59b45b-wcmls,24.0,130023424
2026-09-16T15:19:49.927342+00:00,kai-scheduler,pod-grouper-65456f756-8brn7,1.0,9437184
2026-09-16T15:19:49.927342+00:00,kai-scheduler,podgroup-controller-68f9cc8dbf-vtczt,1.0,13631488
2026-09-16T15:19:49.927342+00:00,kai-scheduler,queue-controller-f86fcd76c-v769g,1.0,13631488
2026-09-16T15:19:49.927342+00:00,kube-system,coredns-8db54c48d-ghktl,3.0,26214400
2026-09-16T15:19:49.927342+00:00,kube-system,kwok-controller-5cf8c7c44b-hbw5c,41.0,39845888
2026-09-16T15:19:49.927342+00:00,kube-system,local-path-provisioner-5d9d9885bc-gz6gf,1.0,15728640
2026-09-16T15:19:49.927342+00:00,kube-system,metrics-server-75dc6f8d87-8xng4,20.0,62914560
2026-09-16T15:19:49.927342+00:00,kube-system,svclb-traefik-0640832b-cmlmg,0.0,0
2026-09-16T15:19:49.927342+00:00,kube-system,traefik-9bcdbbd9-p72qj,3.0,63963136
2026-09-16T15:19:49.927342+00:00,pyroscope,pyroscope-0,5.0,83886080
2026-09-16T15:19:49.927342+00:00,pyroscope,pyroscope-alloy-0,31.0,141557760
2026-09-16T15:19:56.165436+00:00,grove-system,grove-operator-7b4ff56598-fnn26,20.0,160432128
2026-09-16T15:19:56.165436+00:00,kai-scheduler,admission-86666f457d-p5pmm,1.0,13631488
2026-09-16T15:19:56.165436+00:00,kai-scheduler,binder-869fc94c7-xjgwh,20.0,104857600
2026-09-16T15:19:56.165436+00:00,kai-scheduler,kai-operator-69b5d7bcf7-z7q9w,1.0,58720256
2026-09-16T15:19:56.165436+00:00,kai-scheduler,kai-scheduler-default-54f59b45b-wcmls,24.0,130023424
2026-09-16T15:19:56.165436+00:00,kai-scheduler,pod-grouper-65456f756-8brn7,1.0,9437184
2026-09-16T15:19:56.165436+00:00,kai-scheduler,podgroup-controller-68f9cc8dbf-vtczt,1.0,13631488
2026-09-16T15:19:56.165436+00:00,kai-scheduler,queue-controller-f86fcd76c-v769g,1.0,13631488
2026-09-16T15:19:56.165436+00:00,kube-system,coredns-8db54c48d-ghktl,3.0,26214400
2026-09-16T15:19:56.165436+00:00,kube-system,kwok-controller-5cf8c7c44b-hbw5c,41.0,39845888
2026-09-16T15:19:56.165436+00:00,kube-system,local-path-provisioner-5d9d9885bc-gz6gf,1.0,15728640
2026-09-16T15:19:56.165436+00:00,kube-system,metrics-server-75dc6f8d87-8xng4,20.0,62914560
2026-09-16T15:19:56.165436+00:00,kube-system,svclb-traefik-0640832b-cmlmg,0.0,0
2026-09-16T15:19:56.165436+00:00,kube-system,traefik-9bcdbbd9-p72qj,3.0,63963136
2026-09-16T15:19:56.165436+00:00,pyroscope,pyroscope-0,5.0,83886080
2026-09-16T15:19:56.165436+00:00,pyroscope,pyroscope-alloy-0,31.0,141557760
2026-09-16T15:20:02.402634+00:00,grove-system,grove-operator-7b4ff56598-fnn26,20.0,160432128
2026-09-16T15:20:02.402634+00:00,kai-scheduler,admission-86666f457d-p5pmm,1.0,13631488
2026-09-16T15:20:02.402634+00:00,kai-scheduler,binder-869fc94c7-xjgwh,20.0,100663296
2026-09-16T15:20:02.402634+00:00,kai-scheduler,kai-operator-69b5d7bcf7-z7q9w,1.0,58720256
2026-09-16T15:20:02.402634+00:00,kai-scheduler,kai-scheduler-default-54f59b45b-wcmls,21.0,108003328
2026-09-16T15:20:02.402634+00:00,kai-scheduler,pod-grouper-65456f756-8brn7,1.0,9437184
2026-09-16T15:20:02.402634+00:00,kai-scheduler,podgroup-controller-68f9cc8dbf-vtczt,1.0,13631488
2026-09-16T15:20:02.402634+00:00,kai-scheduler,queue-controller-f86fcd76c-v769g,1.0,13631488
2026-09-16T15:20:02.402634+00:00,kube-system,coredns-8db54c48d-ghktl,3.0,26214400
2026-09-16T15:20:02.402634+00:00,kube-system,kwok-controller-5cf8c7c44b-hbw5c,41.0,39845888
2026-09-16T15:20:02.402634+00:00,kube-system,local-path-provisioner-5d9d9885bc-gz6gf,1.0,15728640
2026-09-16T15:20:02.402634+00:00,kube-system,metrics-server-75dc6f8d87-8xng4,17.0,61865984
2026-09-16T15:20:02.402634+00:00,kube-system,svclb-traefik-0640832b-cmlmg,0.0,0
2026-09-16T15:20:02.402634+00:00,kube-system,traefik-9bcdbbd9-p72qj,3.0,63963136
2026-09-16T15:20:02.402634+00:00,pyroscope,pyroscope-0,5.0,83886080
2026-09-16T15:20:02.402634+00:00,pyroscope,pyroscope-alloy-0,27.0,145752064
2026-09-16T15:20:08.643593+00:00,grove-system,grove-operator-7b4ff56598-fnn26,20.0,160432128
2026-09-16T15:20:08.643593+00:00,kai-scheduler,admission-86666f457d-p5pmm,1.0,13631488
2026-09-16T15:20:08.643593+00:00,kai-scheduler,binder-869fc94c7-xjgwh,20.0,100663296
2026-09-16T15:20:08.643593+00:00,kai-scheduler,kai-operator-69b5d7bcf7-z7q9w,1.0,58720256
2026-09-16T15:20:08.643593+00:00,kai-scheduler,kai-scheduler-default-54f59b45b-wcmls,21.0,108003328
2026-09-16T15:20:08.643593+00:00,kai-scheduler,pod-grouper-65456f756-8brn7,1.0,9437184
2026-09-16T15:20:08.643593+00:00,kai-scheduler,podgroup-controller-68f9cc8dbf-vtczt,1.0,13631488
2026-09-16T15:20:08.643593+00:00,kai-scheduler,queue-controller-f86fcd76c-v769g,1.0,13631488
2026-09-16T15:20:08.643593+00:00,kube-system,coredns-8db54c48d-ghktl,3.0,26214400
2026-09-16T15:20:08.643593+00:00,kube-system,kwok-controller-5cf8c7c44b-hbw5c,41.0,39845888
2026-09-16T15:20:08.643593+00:00,kube-system,local-path-provisioner-5d9d9885bc-gz6gf,1.0,15728640
2026-09-16T15:20:08.643593+00:00,kube-system,metrics-server-75dc6f8d87-8xng4,17.0,61865984
2026-09-16T15:20:08.643593+00:00,kube-system,svclb-traefik-0640832b-cmlmg,0.0,0
2026-09-16T15:20:08.643593+00:00,kube-system,traefik-9bcdbbd9-p72qj,3.0,63963136
2026-09-16T15:20:08.643593+00:00,pyroscope,pyroscope-0,5.0,83886080
2026-09-16T15:20:08.643593+00:00,pyroscope,pyroscope-alloy-0,27.0,145752064
2026-09-16T15:20:14.885568+00:00,grove-system,grove-operator-7b4ff56598-fnn26,20.0,160432128
2026-09-16T15:20:14.885568+00:00,kai-scheduler,admission-86666f457d-p5pmm,1.0,13631488
2026-09-16T15:20:14.885568+00:00,kai-scheduler,binder-869fc94c7-xjgwh,20.0,100663296
2026-09-16T15:20:14.885568+00:00,kai-scheduler,kai-operator-69b5d7bcf7-z7q9w,1.0,58720256
2026-09-16T15:20:14.885568+00:00,kai-scheduler,kai-scheduler-default-54f59b45b-wcmls,21.0,108003328
2026-09-16T15:20:14.885568+00:00,kai-scheduler,pod-grouper-65456f756-8brn7,1.0,9437184
2026-09-16T15:20:14.885568+00:00,kai-scheduler,podgroup-controller-68f9cc8dbf-vtczt,1.0,13631488
2026-09-16T15:20:14.885568+00:00,kai-scheduler,queue-controller-f86fcd76c-v769g,1.0,13631488
2026-09-16T15:20:14.885568+00:00,kube-system,coredns-8db54c48d-ghktl,3.0,26214400
2026-09-16T15:20:14.885568+00:00,kube-system,kwok-controller-5cf8c7c44b-hbw5c,41.0,39845888
2026-09-16T15:20:14.885568+00:00,kube-system,local-path-provisioner-5d9d9885bc-gz6gf,1.0,15728640
2026-09-16T15:20:14.885568+00:00,kube-system,metrics-server-75dc6f8d87-8xng4,17.0,61865984
2026-09-16T15:20:14.885568+00:00,kube-system,svclb-traefik-0640832b-cmlmg,0.0,0
2026-09-16T15:20:14.885568+00:00,kube-system,traefik-9bcdbbd9-p72qj,3.0,63963136
2026-09-16T15:20:14.885568+00:00,pyroscope,pyroscope-0,5.0,83886080
2026-09-16T15:20:14.885568+00:00,pyroscope,pyroscope-alloy-0,27.0,145752064
2026-09-16T15:20:21.122019+00:00,grove-system,grove-operator-7b4ff56598-fnn26,20.0,149946368
2026-09-16T15:20:21.122019+00:00,kai-scheduler,admission-86666f457d-p5pmm,1.0,13631488
2026-09-16T15:20:21.122019+00:00,kai-scheduler,binder-869fc94c7-xjgwh,20.0,98566144
2026-09-16T15:20:21.122019+00:00,kai-scheduler,kai-operator-69b5d7bcf7-z7q9w,1.0,58720256
2026-09-16T15:20:21.122019+00:00,kai-scheduler,kai-scheduler-default-54f59b45b-wcmls,21.0,108003328
2026-09-16T15:20:21.122019+00:00,kai-scheduler,pod-grouper-65456f756-8brn7,1.0,9437184
2026-09-16T15:20:21.122019+00:00,kai-scheduler,podgroup-controller-68f9cc8dbf-vtczt,1.0,13631488
2026-09-16T15:20:21.122019+00:00,kai-scheduler,queue-controller-f86fcd76c-v769g,1.0,13631488
2026-09-16T15:20:21.122019+00:00,kube-system,coredns-8db54c48d-ghktl,3.0,27262976
2026-09-16T15:20:21.122019+00:00,kube-system,kwok-controller-5cf8c7c44b-hbw5c,43.0,40894464
2026-09-16T15:20:21.122019+00:00,kube-system,local-path-provisioner-5d9d9885bc-gz6gf,1.0,15728640
2026-09-16T15:20:21.122019+00:00,kube-system,metrics-server-75dc6f8d87-8xng4,16.0,61865984
2026-09-16T15:20:21.122019+00:00,kube-system,svclb-traefik-0640832b-cmlmg,0.0,0
2026-09-16T15:20:21.122019+00:00,kube-system,traefik-9bcdbbd9-p72qj,4.0,59768832
2026-09-16T15:20:21.122019+00:00,pyroscope,pyroscope-0,5.0,83886080
2026-09-16T15:20:21.122019+00:00,pyroscope,pyroscope-alloy-0,25.0,143654912
2026-09-16T15:20:27.362137+00:00,grove-system,grove-operator-7b4ff56598-fnn26,20.0,149946368
2026-09-16T15:20:27.362137+00:00,kai-scheduler,admission-86666f457d-p5pmm,1.0,13631488
2026-09-16T15:20:27.362137+00:00,kai-scheduler,binder-869fc94c7-xjgwh,20.0,98566144
2026-09-16T15:20:27.362137+00:00,kai-scheduler,kai-operator-69b5d7bcf7-z7q9w,1.0,58720256
2026-09-16T15:20:27.362137+00:00,kai-scheduler,kai-scheduler-default-54f59b45b-wcmls,21.0,108003328
2026-09-16T15:20:27.362137+00:00,kai-scheduler,pod-grouper-65456f756-8brn7,1.0,9437184
2026-09-16T15:20:27.362137+00:00,kai-scheduler,podgroup-controller-68f9cc8dbf-vtczt,1.0,13631488
2026-09-16T15:20:27.362137+00:00,kai-scheduler,queue-controller-f86fcd76c-v769g,1.0,13631488
2026-09-16T15:20:27.362137+00:00,kube-system,coredns-8db54c48d-ghktl,3.0,27262976
2026-09-16T15:20:27.362137+00:00,kube-system,kwok-controller-5cf8c7c44b-hbw5c,43.0,40894464
2026-09-16T15:20:27.362137+00:00,kube-system,local-path-provisioner-5d9d9885bc-gz6gf,1.0,15728640
2026-09-16T15:20:27.362137+00:00,kube-system,metrics-server-75dc6f8d87-8xng4,16.0,61865984
2026-09-16T15:20:27.362137+00:00,kube-system,svclb-traefik-0640832b-cmlmg,0.0,0
2026-09-16T15:20:27.362137+00:00,kube-system,traefik-9bcdbbd9-p72qj,4.0,59768832
2026-09-16T15:20:27.362137+00:00,pyroscope,pyroscope-0,5.0,83886080
2026-09-16T15:20:27.362137+00:00,pyroscope,pyroscope-alloy-0,25.0,143654912
2026-09-16T15:20:33.604210+00:00,grove-system,grove-operator-7b4ff56598-fnn26,23.0,150994944
2026-09-16T15:20:33.604210+00:00,kai-scheduler,admission-86666f457d-p5pmm,1.0,13631488
2026-09-16T15:20:33.604210+00:00,kai-scheduler,binder-869fc94c7-xjgwh,20.0,90177536
2026-09-16T15:20:33.604210+00:00,kai-scheduler,kai-operator-69b5d7bcf7-z7q9w,1.0,58720256
2026-09-16T15:20:33.604210+00:00,kai-scheduler,kai-scheduler-default-54f59b45b-wcmls,18.0,99614720
2026-09-16T15:20:33.604210+00:00,kai-scheduler,pod-grouper-65456f756-8brn7,1.0,9437184
2026-09-16T15:20:33.604210+00:00,kai-scheduler,podgroup-controller-68f9cc8dbf-vtczt,1.0,13631488
2026-09-16T15:20:33.604210+00:00,kai-scheduler,queue-controller-f86fcd76c-v769g,1.0,13631488
2026-09-16T15:20:33.604210+00:00,kube-system,coredns-8db54c48d-ghktl,4.0,26214400
2026-09-16T15:20:33.604210+00:00,kube-system,kwok-controller-5cf8c7c44b-hbw5c,45.0,39845888
2026-09-16T15:20:33.604210+00:00,kube-system,local-path-provisioner-5d9d9885bc-gz6gf,1.0,15728640
2026-09-16T15:20:33.604210+00:00,kube-system,metrics-server-75dc6f8d87-8xng4,17.0,59768832
2026-09-16T15:20:33.604210+00:00,kube-system,svclb-traefik-0640832b-cmlmg,0.0,0
2026-09-16T15:20:33.604210+00:00,kube-system,traefik-9bcdbbd9-p72qj,3.0,59768832
2026-09-16T15:20:33.604210+00:00,pyroscope,pyroscope-0,5.0,83886080
2026-09-16T15:20:33.604210+00:00,pyroscope,pyroscope-alloy-0,24.0,143654912
2026-09-16T15:20:39.840673+00:00,grove-system,grove-operator-7b4ff56598-fnn26,23.0,150994944
2026-09-16T15:20:39.840673+00:00,kai-scheduler,admission-86666f457d-p5pmm,1.0,13631488
2026-09-16T15:20:39.840673+00:00,kai-scheduler,binder-869fc94c7-xjgwh,20.0,90177536
2026-09-16T15:20:39.840673+00:00,kai-scheduler,kai-operator-69b5d7bcf7-z7q9w,1.0,58720256
2026-09-16T15:20:39.840673+00:00,kai-scheduler,kai-scheduler-default-54f59b45b-wcmls,18.0,99614720
2026-09-16T15:20:39.840673+00:00,kai-scheduler,pod-grouper-65456f756-8brn7,1.0,9437184
2026-09-16T15:20:39.840673+00:00,kai-scheduler,podgroup-controller-68f9cc8dbf-vtczt,1.0,13631488
2026-09-16T15:20:39.840673+00:00,kai-scheduler,queue-controller-f86fcd76c-v769g,1.0,13631488
2026-09-16T15:20:39.840673+00:00,kube-system,coredns-8db54c48d-ghktl,4.0,26214400
2026-09-16T15:20:39.840673+00:00,kube-system,kwok-controller-5cf8c7c44b-hbw5c,45.0,39845888
2026-09-16T15:20:39.840673+00:00,kube-system,local-path-provisioner-5d9d9885bc-gz6gf,1.0,15728640
2026-09-16T15:20:39.840673+00:00,kube-system,metrics-server-75dc6f8d87-8xng4,17.0,59768832
2026-09-16T15:20:39.840673+00:00,kube-system,svclb-traefik-0640832b-cmlmg,0.0,0
2026-09-16T15:20:39.840673+00:00,kube-system,traefik-9bcdbbd9-p72qj,3.0,59768832
2026-09-16T15:20:39.840673+00:00,pyroscope,pyroscope-0,5.0,83886080
2026-09-16T15:20:39.840673+00:00,pyroscope,pyroscope-alloy-0,24.0,143654912
2026-09-16T15:20:46.079729+00:00,grove-system,grove-operator-7b4ff56598-fnn26,23.0,150994944
2026-09-16T15:20:46.079729+00:00,kai-scheduler,admission-86666f457d-p5pmm,1.0,13631488
2026-09-16T15:20:46.079729+00:00,kai-scheduler,binder-869fc94c7-xjgwh,20.0,90177536
2026-09-16T15:20:46.079729+00:00,kai-scheduler,kai-operator-69b5d7bcf7-z7q9w,1.0,58720256
2026-09-16T15:20:46.079729+00:00,kai-scheduler,kai-scheduler-default-54f59b45b-wcmls,18.0,99614720
2026-09-16T15:20:46.079729+00:00,kai-scheduler,pod-grouper-65456f756-8brn7,1.0,9437184
2026-09-16T15:20:46.079729+00:00,kai-scheduler,podgroup-controller-68f9cc8dbf-vtczt,1.0,13631488
2026-09-16T15:20:46.079729+00:00,kai-scheduler,queue-controller-f86fcd76c-v769g,1.0,13631488
2026-09-16T15:20:46.079729+00:00,kube-system,coredns-8db54c48d-ghktl,4.0,26214400
2026-09-16T15:20:46.079729+00:00,kube-system,kwok-controller-5cf8c7c44b-hbw5c,45.0,39845888
2026-09-16T15:20:46.079729+00:00,kube-system,local-path-provisioner-5d9d9885bc-gz6gf,1.0,15728640
2026-09-16T15:20:46.079729+00:00,kube-system,metrics-server-75dc6f8d87-8xng4,17.0,59768832
2026-09-16T15:20:46.079729+00:00,kube-system,svclb-traefik-0640832b-cmlmg,0.0,0
2026-09-16T15:20:46.079729+00:00,kube-system,traefik-9bcdbbd9-p72qj,3.0,59768832
2026-09-16T15:20:46.079729+00:00,pyroscope,pyroscope-0,5.0,83886080
2026-09-16T15:20:46.079729+00:00,pyroscope,pyroscope-alloy-0,24.0,143654912
2026-09-16T15:20:52.317075+00:00,grove-system,grove-operator-7b4ff56598-fnn26,16.0,150994944
2026-09-16T15:20:52.317075+00:00,kai-scheduler,admission-86666f457d-p5pmm,1.0,13631488
2026-09-16T15:20:52.317075+00:00,kai-scheduler,binder-869fc94c7-xjgwh,20.0,81788928
2026-09-16T15:20:52.317075+00:00,kai-scheduler,kai-operator-69b5d7bcf7-z7q9w,5.0,61865984
2026-09-16T15:20:52.317075+00:00,kai-scheduler,kai-scheduler-default-54f59b45b-wcmls,17.0,89128960
2026-09-16T15:20:52.317075+00:00,kai-scheduler,pod-grouper-65456f756-8brn7,1.0,9437184
2026-09-16T15:20:52.317075+00:00,kai-scheduler,podgroup-controller-68f9cc8dbf-vtczt,1.0,13631488
2026-09-16T15:20:52.317075+00:00,kai-scheduler,queue-controller-f86fcd76c-v769g,1.0,13631488
2026-09-16T15:20:52.317075+00:00,kube-system,coredns-8db54c48d-ghktl,3.0,26214400
2026-09-16T15:20:52.317075+00:00,kube-system,kwok-controller-5cf8c7c44b-hbw5c,39.0,39845888
2026-09-16T15:20:52.317075+00:00,kube-system,local-path-provisioner-5d9d9885bc-gz6gf,1.0,15728640
2026-09-16T15:20:52.317075+00:00,kube-system,metrics-server-75dc6f8d87-8xng4,19.0,58720256
2026-09-16T15:20:52.317075+00:00,kube-system,svclb-traefik-0640832b-cmlmg,0.0,0
2026-09-16T15:20:52.317075+00:00,kube-system,traefik-9bcdbbd9-p72qj,9.0,62914560
2026-09-16T15:20:52.317075+00:00,pyroscope,pyroscope-0,7.0,91226112
2026-09-16T15:20:52.317075+00:00,pyroscope,pyroscope-alloy-0,19.0,135266304
2026-09-16T15:20:58.562058+00:00,grove-system,grove-operator-7b4ff56598-fnn26,16.0,150994944
2026-09-16T15:20:58.562058+00:00,kai-scheduler,admission-86666f457d-p5pmm,1.0,13631488
2026-09-16T15:20:58.562058+00:00,kai-scheduler,binder-869fc94c7-xjgwh,20.0,81788928
2026-09-16T15:20:58.562058+00:00,kai-scheduler,kai-operator-69b5d7bcf7-z7q9w,5.0,61865984
2026-09-16T15:20:58.562058+00:00,kai-scheduler,kai-scheduler-default-54f59b45b-wcmls,17.0,89128960
2026-09-16T15:20:58.562058+00:00,kai-scheduler,pod-grouper-65456f756-8brn7,1.0,9437184
2026-09-16T15:20:58.562058+00:00,kai-scheduler,podgroup-controller-68f9cc8dbf-vtczt,1.0,13631488
2026-09-16T15:20:58.562058+00:00,kai-scheduler,queue-controller-f86fcd76c-v769g,1.0,13631488
2026-09-16T15:20:58.562058+00:00,kube-system,coredns-8db54c48d-ghktl,3.0,26214400
2026-09-16T15:20:58.562058+00:00,kube-system,kwok-controller-5cf8c7c44b-hbw5c,39.0,39845888
2026-09-16T15:20:58.562058+00:00,kube-system,local-path-provisioner-5d9d9885bc-gz6gf,1.0,15728640
2026-09-16T15:20:58.562058+00:00,kube-system,metrics-server-75dc6f8d87-8xng4,19.0,58720256
2026-09-16T15:20:58.562058+00:00,kube-system,svclb-traefik-0640832b-cmlmg,0.0,0
2026-09-16T15:20:58.562058+00:00,kube-system,traefik-9bcdbbd9-p72qj,9.0,62914560
2026-09-16T15:20:58.562058+00:00,pyroscope,pyroscope-0,7.0,91226112
2026-09-16T15:20:58.562058+00:00,pyroscope,pyroscope-alloy-0,19.0,135266304
2026-09-16T15:21:04.817283+00:00,grove-system,grove-operator-7b4ff56598-fnn26,137.0,144703488
2026-09-16T15:21:04.817283+00:00,kai-scheduler,admission-86666f457d-p5pmm,1.0,13631488
2026-09-16T15:21:04.817283+00:00,kai-scheduler,binder-869fc94c7-xjgwh,20.0,72351744
2026-09-16T15:21:04.817283+00:00,kai-scheduler,kai-operator-69b5d7bcf7-z7q9w,25.0,71303168
2026-09-16T15:21:04.817283+00:00,kai-scheduler,kai-scheduler-default-54f59b45b-wcmls,20.0,89128960
2026-09-16T15:21:04.817283+00:00,kai-scheduler,pod-grouper-65456f756-8brn7,1.0,9437184
2026-09-16T15:21:04.817283+00:00,kai-scheduler,podgroup-controller-68f9cc8dbf-vtczt,1.0,13631488
2026-09-16T15:21:04.817283+00:00,kai-scheduler,queue-controller-f86fcd76c-v769g,1.0,13631488
2026-09-16T15:21:04.817283+00:00,kube-system,coredns-8db54c48d-ghktl,7.0,28311552
2026-09-16T15:21:04.817283+00:00,kube-system,kwok-controller-5cf8c7c44b-hbw5c,36.0,37748736
2026-09-16T15:21:04.817283+00:00,kube-system,local-path-provisioner-5d9d9885bc-gz6gf,1.0,15728640
2026-09-16T15:21:04.817283+00:00,kube-system,metrics-server-75dc6f8d87-8xng4,18.0,59768832
2026-09-16T15:21:04.817283+00:00,kube-system,svclb-traefik-0640832b-cmlmg,0.0,0
2026-09-16T15:21:04.817283+00:00,kube-system,traefik-9bcdbbd9-p72qj,35.0,55574528
2026-09-16T15:21:04.817283+00:00,pyroscope,pyroscope-0,17.0,82837504
2026-09-16T15:21:04.817283+00:00,pyroscope,pyroscope-alloy-0,12.0,135266304
2026-09-16T15:21:11.063915+00:00,grove-system,grove-operator-7b4ff56598-fnn26,137.0,144703488
2026-09-16T15:21:11.063915+00:00,kai-scheduler,admission-86666f457d-p5pmm,1.0,13631488
2026-09-16T15:21:11.063915+00:00,kai-scheduler,binder-869fc94c7-xjgwh,20.0,72351744
2026-09-16T15:21:11.063915+00:00,kai-scheduler,kai-operator-69b5d7bcf7-z7q9w,25.0,71303168
2026-09-16T15:21:11.063915+00:00,kai-scheduler,kai-scheduler-default-54f59b45b-wcmls,20.0,89128960
2026-09-16T15:21:11.063915+00:00,kai-scheduler,pod-grouper-65456f756-8brn7,1.0,9437184
2026-09-16T15:21:11.063915+00:00,kai-scheduler,podgroup-controller-68f9cc8dbf-vtczt,1.0,13631488
2026-09-16T15:21:11.063915+00:00,kai-scheduler,queue-controller-f86fcd76c-v769g,1.0,13631488
2026-09-16T15:21:11.063915+00:00,kube-system,coredns-8db54c48d-ghktl,7.0,28311552
2026-09-16T15:21:11.063915+00:00,kube-system,kwok-controller-5cf8c7c44b-hbw5c,36.0,37748736
2026-09-16T15:21:11.063915+00:00,kube-system,local-path-provisioner-5d9d9885bc-gz6gf,1.0,15728640
2026-09-16T15:21:11.063915+00:00,kube-system,metrics-server-75dc6f8d87-8xng4,18.0,59768832
2026-09-16T15:21:11.063915+00:00,kube-system,svclb-traefik-0640832b-cmlmg,0.0,0
2026-09-16T15:21:11.063915+00:00,kube-system,traefik-9bcdbbd9-p72qj,35.0,55574528
2026-09-16T15:21:11.063915+00:00,pyroscope,pyroscope-0,17.0,82837504
2026-09-16T15:21:11.063915+00:00,pyroscope,pyroscope-alloy-0,12.0,135266304
2026-09-16T15:21:17.308348+00:00,grove-system,grove-operator-7b4ff56598-fnn26,768.0,156237824
2026-09-16T15:21:17.308348+00:00,kai-scheduler,admission-86666f457d-p5pmm,1.0,13631488
2026-09-16T15:21:17.308348+00:00,kai-scheduler,binder-869fc94c7-xjgwh,46.0,92274688
2026-09-16T15:21:17.308348+00:00,kai-scheduler,kai-operator-69b5d7bcf7-z7q9w,8.0,68157440
2026-09-16T15:21:17.308348+00:00,kai-scheduler,kai-scheduler-default-54f59b45b-wcmls,37.0,98566144
2026-09-16T15:21:17.308348+00:00,kai-scheduler,pod-grouper-65456f756-8brn7,1.0,9437184
2026-09-16T15:21:17.308348+00:00,kai-scheduler,podgroup-controller-68f9cc8dbf-vtczt,1.0,13631488
2026-09-16T15:21:17.308348+00:00,kai-scheduler,queue-controller-f86fcd76c-v769g,1.0,13631488
2026-09-16T15:21:17.308348+00:00,kube-system,coredns-8db54c48d-ghktl,9.0,26214400
2026-09-16T15:21:17.308348+00:00,kube-system,kwok-controller-5cf8c7c44b-hbw5c,34.0,35651584
2026-09-16T15:21:17.308348+00:00,kube-system,local-path-provisioner-5d9d9885bc-gz6gf,1.0,15728640
2026-09-16T15:21:17.308348+00:00,kube-system,metrics-server-75dc6f8d87-8xng4,15.0,58720256
2026-09-16T15:21:17.308348+00:00,kube-system,svclb-traefik-0640832b-cmlmg,0.0,0
2026-09-16T15:21:17.308348+00:00,kube-system,traefik-9bcdbbd9-p72qj,13.0,55574528
2026-09-16T15:21:17.308348+00:00,pyroscope,pyroscope-0,8.0,85983232
2026-09-16T15:21:17.308348+00:00,pyroscope,pyroscope-alloy-0,59.0,131072000
2026-09-16T15:21:23.584403+00:00,grove-system,grove-operator-7b4ff56598-fnn26,768.0,156237824
2026-09-16T15:21:23.584403+00:00,kai-scheduler,admission-86666f457d-p5pmm,1.0,13631488
2026-09-16T15:21:23.584403+00:00,kai-scheduler,binder-869fc94c7-xjgwh,46.0,92274688
2026-09-16T15:21:23.584403+00:00,kai-scheduler,kai-operator-69b5d7bcf7-z7q9w,8.0,68157440
2026-09-16T15:21:23.584403+00:00,kai-scheduler,kai-scheduler-default-54f59b45b-wcmls,37.0,98566144
2026-09-16T15:21:23.584403+00:00,kai-scheduler,pod-grouper-65456f756-8brn7,1.0,9437184
2026-09-16T15:21:23.584403+00:00,kai-scheduler,podgroup-controller-68f9cc8dbf-vtczt,1.0,13631488
2026-09-16T15:21:23.584403+00:00,kai-scheduler,queue-controller-f86fcd76c-v769g,1.0,13631488
2026-09-16T15:21:23.584403+00:00,kube-system,coredns-8db54c48d-ghktl,9.0,26214400
2026-09-16T15:21:23.584403+00:00,kube-system,kwok-controller-5cf8c7c44b-hbw5c,34.0,35651584
2026-09-16T15:21:23.584403+00:00,kube-system,local-path-provisioner-5d9d9885bc-gz6gf,1.0,15728640
2026-09-16T15:21:23.584403+00:00,kube-system,metrics-server-75dc6f8d87-8xng4,15.0,58720256
2026-09-16T15:21:23.584403+00:00,kube-system,svclb-traefik-0640832b-cmlmg,0.0,0
2026-09-16T15:21:23.584403+00:00,kube-system,traefik-9bcdbbd9-p72qj,13.0,55574528
2026-09-16T15:21:23.584403+00:00,pyroscope,pyroscope-0,8.0,85983232
2026-09-16T15:21:23.584403+00:00,pyroscope,pyroscope-alloy-0,59.0,131072000
2026-09-16T15:21:29.834539+00:00,grove-system,grove-operator-7b4ff56598-fnn26,768.0,156237824
2026-09-16T15:21:29.834539+00:00,kai-scheduler,admission-86666f457d-p5pmm,1.0,13631488
2026-09-16T15:21:29.834539+00:00,kai-scheduler,binder-869fc94c7-xjgwh,46.0,92274688
2026-09-16T15:21:29.834539+00:00,kai-scheduler,kai-operator-69b5d7bcf7-z7q9w,8.0,68157440
2026-09-16T15:21:29.834539+00:00,kai-scheduler,kai-scheduler-default-54f59b45b-wcmls,37.0,98566144
2026-09-16T15:21:29.834539+00:00,kai-scheduler,pod-grouper-65456f756-8brn7,1.0,9437184
2026-09-16T15:21:29.834539+00:00,kai-scheduler,podgroup-controller-68f9cc8dbf-vtczt,1.0,13631488
2026-09-16T15:21:29.834539+00:00,kai-scheduler,queue-controller-f86fcd76c-v769g,1.0,13631488
2026-09-16T15:21:29.834539+00:00,kube-system,coredns-8db54c48d-ghktl,9.0,26214400
2026-09-16T15:21:29.834539+00:00,kube-system,kwok-controller-5cf8c7c44b-hbw5c,34.0,35651584
2026-09-16T15:21:29.834539+00:00,kube-system,local-path-provisioner-5d9d9885bc-gz6gf,1.0,15728640
2026-09-16T15:21:29.834539+00:00,kube-system,metrics-server-75dc6f8d87-8xng4,15.0,58720256
2026-09-16T15:21:29.834539+00:00,kube-system,svclb-traefik-0640832b-cmlmg,0.0,0
2026-09-16T15:21:29.834539+00:00,kube-system,traefik-9bcdbbd9-p72qj,13.0,55574528
2026-09-16T15:21:29.834539+00:00,pyroscope,pyroscope-0,8.0,85983232
2026-09-16T15:21:29.834539+00:00,pyroscope,pyroscope-alloy-0,59.0,131072000
2026-09-16T15:21:36.080327+00:00,grove-system,grove-operator-7b4ff56598-fnn26,585.0,161480704
2026-09-16T15:21:36.080327+00:00,kai-scheduler,admission-86666f457d-p5pmm,1.0,13631488
2026-09-16T15:21:36.080327+00:00,kai-scheduler,binder-869fc94c7-xjgwh,46.0,92274688
2026-09-16T15:21:36.080327+00:00,kai-scheduler,kai-operator-69b5d7bcf7-z7q9w,4.0,71303168
2026-09-16T15:21:36.080327+00:00,kai-scheduler,kai-scheduler-default-54f59b45b-wcmls,37.0,98566144
2026-09-16T15:21:36.080327+00:00,kai-scheduler,pod-grouper-65456f756-8brn7,1.0,9437184
2026-09-16T15:21:36.080327+00:00,kai-scheduler,podgroup-controller-68f9cc8dbf-vtczt,1.0,13631488
2026-09-16T15:21:36.080327+00:00,kai-scheduler,queue-controller-f86fcd76c-v769g,1.0,13631488
2026-09-16T15:21:36.080327+00:00,kube-system,coredns-8db54c48d-ghktl,15.0,28311552
2026-09-16T15:21:36.080327+00:00,kube-system,kwok-controller-5cf8c7c44b-hbw5c,141.0,37748736
2026-09-16T15:21:36.080327+00:00,kube-system,local-path-provisioner-5d9d9885bc-gz6gf,1.0,15728640
2026-09-16T15:21:36.080327+00:00,kube-system,metrics-server-75dc6f8d87-8xng4,16.0,57671680
2026-09-16T15:21:36.080327+00:00,kube-system,svclb-traefik-0640832b-cmlmg,0.0,0
2026-09-16T15:21:36.080327+00:00,kube-system,traefik-9bcdbbd9-p72qj,23.0,58720256
2026-09-16T15:21:36.080327+00:00,pyroscope,pyroscope-0,8.0,96468992
2026-09-16T15:21:36.080327+00:00,pyroscope,pyroscope-alloy-0,30.0,140509184
2026-09-16T15:21:42.319648+00:00,grove-system,grove-operator-7b4ff56598-fnn26,585.0,161480704
2026-09-16T15:21:42.319648+00:00,kai-scheduler,admission-86666f457d-p5pmm,1.0,13631488
2026-09-16T15:21:42.319648+00:00,kai-scheduler,binder-869fc94c7-xjgwh,46.0,92274688
2026-09-16T15:21:42.319648+00:00,kai-scheduler,kai-operator-69b5d7bcf7-z7q9w,4.0,71303168
2026-09-16T15:21:42.319648+00:00,kai-scheduler,kai-scheduler-default-54f59b45b-wcmls,37.0,98566144
2026-09-16T15:21:42.319648+00:00,kai-scheduler,pod-grouper-65456f756-8brn7,1.0,9437184
2026-09-16T15:21:42.319648+00:00,kai-scheduler,podgroup-controller-68f9cc8dbf-vtczt,1.0,13631488
2026-09-16T15:21:42.319648+00:00,kai-scheduler,queue-controller-f86fcd76c-v769g,1.0,13631488
2026-09-16T15:21:42.319648+00:00,kube-system,coredns-8db54c48d-ghktl,15.0,28311552
2026-09-16T15:21:42.319648+00:00,kube-system,kwok-controller-5cf8c7c44b-hbw5c,141.0,37748736
2026-09-16T15:21:42.319648+00:00,kube-system,local-path-provisioner-5d9d9885bc-gz6gf,1.0,15728640
2026-09-16T15:21:42.319648+00:00,kube-system,metrics-server-75dc6f8d87-8xng4,16.0,57671680
2026-09-16T15:21:42.319648+00:00,kube-system,svclb-traefik-0640832b-cmlmg,0.0,0
2026-09-16T15:21:42.319648+00:00,kube-system,traefik-9bcdbbd9-p72qj,23.0,58720256
2026-09-16T15:21:42.319648+00:00,pyroscope,pyroscope-0,8.0,96468992
2026-09-16T15:21:42.319648+00:00,pyroscope,pyroscope-alloy-0,30.0,140509184
2026-09-16T15:21:48.554934+00:00,grove-system,grove-operator-7b4ff56598-fnn26,812.0,173015040
2026-09-16T15:21:48.554934+00:00,kai-scheduler,admission-86666f457d-p5pmm,1.0,13631488
2026-09-16T15:21:48.554934+00:00,kai-scheduler,binder-869fc94c7-xjgwh,39.0,110100480
2026-09-16T15:21:48.554934+00:00,kai-scheduler,kai-operator-69b5d7bcf7-z7q9w,7.0,68157440
2026-09-16T15:21:48.554934+00:00,kai-scheduler,kai-scheduler-default-54f59b45b-wcmls,41.0,113246208
2026-09-16T15:21:48.554934+00:00,kai-scheduler,pod-grouper-65456f756-8brn7,1.0,9437184
2026-09-16T15:21:48.554934+00:00,kai-scheduler,podgroup-controller-68f9cc8dbf-vtczt,1.0,13631488
2026-09-16T15:21:48.554934+00:00,kai-scheduler,queue-controller-f86fcd76c-v769g,1.0,13631488
2026-09-16T15:21:48.554934+00:00,kube-system,coredns-8db54c48d-ghktl,9.0,26214400
2026-09-16T15:21:48.554934+00:00,kube-system,kwok-controller-5cf8c7c44b-hbw5c,94.0,38797312
2026-09-16T15:21:48.554934+00:00,kube-system,local-path-provisioner-5d9d9885bc-gz6gf,1.0,15728640
2026-09-16T15:21:48.554934+00:00,kube-system,metrics-server-75dc6f8d87-8xng4,16.0,59768832
2026-09-16T15:21:48.554934+00:00,kube-system,svclb-traefik-0640832b-cmlmg,0.0,0
2026-09-16T15:21:48.554934+00:00,kube-system,traefik-9bcdbbd9-p72qj,19.0,58720256
2026-09-16T15:21:48.554934+00:00,pyroscope,pyroscope-0,11.0,104857600
2026-09-16T15:21:48.554934+00:00,pyroscope,pyroscope-alloy-0,30.0,140509184
2026-09-16T15:21:54.814998+00:00,grove-system,grove-operator-7b4ff56598-fnn26,812.0,173015040
2026-09-16T15:21:54.814998+00:00,kai-scheduler,admission-86666f457d-p5pmm,1.0,13631488
2026-09-16T15:21:54.814998+00:00,kai-scheduler,binder-869fc94c7-xjgwh,39.0,110100480
2026-09-16T15:21:54.814998+00:00,kai-scheduler,kai-operator-69b5d7bcf7-z7q9w,7.0,68157440
2026-09-16T15:21:54.814998+00:00,kai-scheduler,kai-scheduler-default-54f59b45b-wcmls,41.0,113246208
2026-09-16T15:21:54.814998+00:00,kai-scheduler,pod-grouper-65456f756-8brn7,1.0,9437184
2026-09-16T15:21:54.814998+00:00,kai-scheduler,podgroup-controller-68f9cc8dbf-vtczt,1.0,13631488
2026-09-16T15:21:54.814998+00:00,kai-scheduler,queue-controller-f86fcd76c-v769g,1.0,13631488
2026-09-16T15:21:54.814998+00:00,kube-system,coredns-8db54c48d-ghktl,9.0,26214400
2026-09-16T15:21:54.814998+00:00,kube-system,kwok-controller-5cf8c7c44b-hbw5c,94.0,38797312
2026-09-16T15:21:54.814998+00:00,kube-system,local-path-provisioner-5d9d9885bc-gz6gf,1.0,15728640
2026-09-16T15:21:54.814998+00:00,kube-system,metrics-server-75dc6f8d87-8xng4,16.0,59768832
2026-09-16T15:21:54.814998+00:00,kube-system,svclb-traefik-0640832b-cmlmg,0.0,0
2026-09-16T15:21:54.814998+00:00,kube-system,traefik-9bcdbbd9-p72qj,19.0,58720256
2026-09-16T15:21:54.814998+00:00,pyroscope,pyroscope-0,11.0,104857600
2026-09-16T15:21:54.814998+00:00,pyroscope,pyroscope-alloy-0,30.0,140509184
2026-09-16T15:22:01.052286+00:00,grove-system,grove-operator-7b4ff56598-fnn26,812.0,173015040
2026-09-16T15:22:01.052286+00:00,kai-scheduler,admission-86666f457d-p5pmm,1.0,13631488
2026-09-16T15:22:01.052286+00:00,kai-scheduler,binder-869fc94c7-xjgwh,39.0,110100480
2026-09-16T15:22:01.052286+00:00,kai-scheduler,kai-operator-69b5d7bcf7-z7q9w,7.0,68157440
2026-09-16T15:22:01.052286+00:00,kai-scheduler,kai-scheduler-default-54f59b45b-wcmls,41.0,113246208
2026-09-16T15:22:01.052286+00:00,kai-scheduler,pod-grouper-65456f756-8brn7,1.0,9437184
2026-09-16T15:22:01.052286+00:00,kai-scheduler,podgroup-controller-68f9cc8dbf-vtczt,1.0,13631488
2026-09-16T15:22:01.052286+00:00,kai-scheduler,queue-controller-f86fcd76c-v769g,1.0,13631488
2026-09-16T15:22:01.052286+00:00,kube-system,coredns-8db54c48d-ghktl,9.0,26214400
2026-09-16T15:22:01.052286+00:00,kube-system,kwok-controller-5cf8c7c44b-hbw5c,94.0,38797312
2026-09-16T15:22:01.052286+00:00,kube-system,local-path-provisioner-5d9d9885bc-gz6gf,1.0,15728640
2026-09-16T15:22:01.052286+00:00,kube-system,metrics-server-75dc6f8d87-8xng4,16.0,59768832
2026-09-16T15:22:01.052286+00:00,kube-system,svclb-traefik-0640832b-cmlmg,0.0,0
2026-09-16T15:22:01.052286+00:00,kube-system,traefik-9bcdbbd9-p72qj,19.0,58720256
2026-09-16T15:22:01.052286+00:00,pyroscope,pyroscope-0,11.0,104857600
2026-09-16T15:22:01.052286+00:00,pyroscope,pyroscope-alloy-0,30.0,140509184
2026-09-16T15:22:07.294033+00:00,grove-system,grove-operator-7b4ff56598-fnn26,470.0,174063616
2026-09-16T15:22:07.294033+00:00,kai-scheduler,admission-86666f457d-p5pmm,1.0,13631488
2026-09-16T15:22:07.294033+00:00,kai-scheduler,binder-869fc94c7-xjgwh,3.0,108003328
2026-09-16T15:22:07.294033+00:00,kai-scheduler,kai-operator-69b5d7bcf7-z7q9w,2.0,68157440
2026-09-16T15:22:07.294033+00:00,kai-scheduler,kai-scheduler-default-54f59b45b-wcmls,17.0,136314880
2026-09-16T15:22:07.294033+00:00,kai-scheduler,pod-grouper-65456f756-8brn7,1.0,9437184
2026-09-16T15:22:07.294033+00:00,kai-scheduler,podgroup-controller-68f9cc8dbf-vtczt,1.0,13631488
2026-09-16T15:22:07.294033+00:00,kai-scheduler,queue-controller-f86fcd76c-v769g,1.0,13631488
2026-09-16T15:22:07.294033+00:00,kube-system,coredns-8db54c48d-ghktl,9.0,27262976
2026-09-16T15:22:07.294033+00:00,kube-system,kwok-controller-5cf8c7c44b-hbw5c,32.0,38797312
2026-09-16T15:22:07.294033+00:00,kube-system,local-path-provisioner-5d9d9885bc-gz6gf,1.0,15728640
2026-09-16T15:22:07.294033+00:00,kube-system,metrics-server-75dc6f8d87-8xng4,9.0,58720256
2026-09-16T15:22:07.294033+00:00,kube-system,svclb-traefik-0640832b-cmlmg,0.0,0
2026-09-16T15:22:07.294033+00:00,kube-system,traefik-9bcdbbd9-p72qj,12.0,63963136
2026-09-16T15:22:07.294033+00:00,pyroscope,pyroscope-0,7.0,92274688
2026-09-16T15:22:07.294033+00:00,pyroscope,pyroscope-alloy-0,51.0,143654912
2026-09-16T15:22:13.532859+00:00,grove-system,grove-operator-7b4ff56598-fnn26,470.0,174063616
2026-09-16T15:22:13.532859+00:00,kai-scheduler,admission-86666f457d-p5pmm,1.0,13631488
2026-09-16T15:22:13.532859+00:00,kai-scheduler,binder-869fc94c7-xjgwh,3.0,108003328
2026-09-16T15:22:13.532859+00:00,kai-scheduler,kai-operator-69b5d7bcf7-z7q9w,2.0,68157440
2026-09-16T15:22:13.532859+00:00,kai-scheduler,kai-scheduler-default-54f59b45b-wcmls,17.0,136314880
2026-09-16T15:22:13.532859+00:00,kai-scheduler,pod-grouper-65456f756-8brn7,1.0,9437184
2026-09-16T15:22:13.532859+00:00,kai-scheduler,podgroup-controller-68f9cc8dbf-vtczt,1.0,13631488
2026-09-16T15:22:13.532859+00:00,kai-scheduler,queue-controller-f86fcd76c-v769g,1.0,13631488
2026-09-16T15:22:13.532859+00:00,kube-system,coredns-8db54c48d-ghktl,9.0,27262976
2026-09-16T15:22:13.532859+00:00,kube-system,kwok-controller-5cf8c7c44b-hbw5c,32.0,38797312
2026-09-16T15:22:13.532859+00:00,kube-system,local-path-provisioner-5d9d9885bc-gz6gf,1.0,15728640
2026-09-16T15:22:13.532859+00:00,kube-system,metrics-server-75dc6f8d87-8xng4,9.0,58720256
2026-09-16T15:22:13.532859+00:00,kube-system,svclb-traefik-0640832b-cmlmg,0.0,0
2026-09-16T15:22:13.532859+00:00,kube-system,traefik-9bcdbbd9-p72qj,12.0,63963136
2026-09-16T15:22:13.532859+00:00,pyroscope,pyroscope-0,7.0,92274688
2026-09-16T15:22:13.532859+00:00,pyroscope,pyroscope-alloy-0,51.0,143654912
2026-09-16T15:22:19.770463+00:00,grove-system,grove-operator-7b4ff56598-fnn26,34.0,177209344
2026-09-16T15:22:19.770463+00:00,kai-scheduler,admission-86666f457d-p5pmm,1.0,13631488
2026-09-16T15:22:19.770463+00:00,kai-scheduler,binder-869fc94c7-xjgwh,1.0,108003328
2026-09-16T15:22:19.770463+00:00,kai-scheduler,kai-operator-69b5d7bcf7-z7q9w,3.0,68157440
2026-09-16T15:22:19.770463+00:00,kai-scheduler,kai-scheduler-default-54f59b45b-wcmls,16.0,140509184
2026-09-16T15:22:19.770463+00:00,kai-scheduler,pod-grouper-65456f756-8brn7,1.0,9437184
2026-09-16T15:22:19.770463+00:00,kai-scheduler,podgroup-controller-68f9cc8dbf-vtczt,1.0,13631488
2026-09-16T15:22:19.770463+00:00,kai-scheduler,queue-controller-f86fcd76c-v769g,1.0,13631488
2026-09-16T15:22:19.770463+00:00,kube-system,coredns-8db54c48d-ghktl,9.0,28311552
2026-09-16T15:22:19.770463+00:00,kube-system,kwok-controller-5cf8c7c44b-hbw5c,12.0,36700160
2026-09-16T15:22:19.770463+00:00,kube-system,local-path-provisioner-5d9d9885bc-gz6gf,1.0,15728640
2026-09-16T15:22:19.770463+00:00,kube-system,metrics-server-75dc6f8d87-8xng4,8.0,58720256
2026-09-16T15:22:19.770463+00:00,kube-system,svclb-traefik-0640832b-cmlmg,0.0,0
2026-09-16T15:22:19.770463+00:00,kube-system,traefik-9bcdbbd9-p72qj,14.0,63963136
2026-09-16T15:22:19.770463+00:00,pyroscope,pyroscope-0,7.0,92274688
2026-09-16T15:22:19.770463+00:00,pyroscope,pyroscope-alloy-0,9.0,150994944
2026-09-16T15:22:26.005401+00:00,grove-system,grove-operator-7b4ff56598-fnn26,34.0,177209344
2026-09-16T15:22:26.005401+00:00,kai-scheduler,admission-86666f457d-p5pmm,1.0,13631488
2026-09-16T15:22:26.005401+00:00,kai-scheduler,binder-869fc94c7-xjgwh,1.0,108003328
2026-09-16T15:22:26.005401+00:00,kai-scheduler,kai-operator-69b5d7bcf7-z7q9w,3.0,68157440
2026-09-16T15:22:26.005401+00:00,kai-scheduler,kai-scheduler-default-54f59b45b-wcmls,16.0,140509184
2026-09-16T15:22:26.005401+00:00,kai-scheduler,pod-grouper-65456f756-8brn7,1.0,9437184
2026-09-16T15:22:26.005401+00:00,kai-scheduler,podgroup-controller-68f9cc8dbf-vtczt,1.0,13631488
2026-09-16T15:22:26.005401+00:00,kai-scheduler,queue-controller-f86fcd76c-v769g,1.0,13631488
2026-09-16T15:22:26.005401+00:00,kube-system,coredns-8db54c48d-ghktl,9.0,28311552
2026-09-16T15:22:26.005401+00:00,kube-system,kwok-controller-5cf8c7c44b-hbw5c,12.0,36700160
2026-09-16T15:22:26.005401+00:00,kube-system,local-path-provisioner-5d9d9885bc-gz6gf,1.0,15728640
2026-09-16T15:22:26.005401+00:00,kube-system,metrics-server-75dc6f8d87-8xng4,8.0,58720256
2026-09-16T15:22:26.005401+00:00,kube-system,svclb-traefik-0640832b-cmlmg,0.0,0
2026-09-16T15:22:26.005401+00:00,kube-system,traefik-9bcdbbd9-p72qj,14.0,63963136
2026-09-16T15:22:26.005401+00:00,pyroscope,pyroscope-0,7.0,92274688
2026-09-16T15:22:26.005401+00:00,pyroscope,pyroscope-alloy-0,9.0,150994944
2026-09-16T15:22:32.243831+00:00,grove-system,grove-operator-7b4ff56598-fnn26,31.0,174063616
2026-09-16T15:22:32.243831+00:00,kai-scheduler,admission-86666f457d-p5pmm,1.0,13631488
2026-09-16T15:22:32.243831+00:00,kai-scheduler,binder-869fc94c7-xjgwh,1.0,108003328
2026-09-16T15:22:32.243831+00:00,kai-scheduler,kai-operator-69b5d7bcf7-z7q9w,3.0,69206016
2026-09-16T15:22:32.243831+00:00,kai-scheduler,kai-scheduler-default-54f59b45b-wcmls,17.0,134217728
2026-09-16T15:22:32.243831+00:00,kai-scheduler,pod-grouper-65456f756-8brn7,1.0,9437184
2026-09-16T15:22:32.243831+00:00,kai-scheduler,podgroup-controller-68f9cc8dbf-vtczt,1.0,13631488
2026-09-16T15:22:32.243831+00:00,kai-scheduler,queue-controller-f86fcd76c-v769g,1.0,13631488
2026-09-16T15:22:32.243831+00:00,kube-system,coredns-8db54c48d-ghktl,3.0,26214400
2026-09-16T15:22:32.243831+00:00,kube-system,kwok-controller-5cf8c7c44b-hbw5c,12.0,36700160
2026-09-16T15:22:32.243831+00:00,kube-system,local-path-provisioner-5d9d9885bc-gz6gf,1.0,15728640
2026-09-16T15:22:32.243831+00:00,kube-system,metrics-server-75dc6f8d87-8xng4,6.0,59768832
2026-09-16T15:22:32.243831+00:00,kube-system,svclb-traefik-0640832b-cmlmg,0.0,0
2026-09-16T15:22:32.243831+00:00,kube-system,traefik-9bcdbbd9-p72qj,4.0,63963136
2026-09-16T15:22:32.243831+00:00,pyroscope,pyroscope-0,5.0,95420416
2026-09-16T15:22:32.243831+00:00,pyroscope,pyroscope-alloy-0,4.0,150994944
2026-09-16T15:22:38.481585+00:00,grove-system,grove-operator-7b4ff56598-fnn26,31.0,174063616
2026-09-16T15:22:38.481585+00:00,kai-scheduler,admission-86666f457d-p5pmm,1.0,13631488
2026-09-16T15:22:38.481585+00:00,kai-scheduler,binder-869fc94c7-xjgwh,1.0,108003328
2026-09-16T15:22:38.481585+00:00,kai-scheduler,kai-operator-69b5d7bcf7-z7q9w,3.0,69206016
2026-09-16T15:22:38.481585+00:00,kai-scheduler,kai-scheduler-default-54f59b45b-wcmls,17.0,134217728
2026-09-16T15:22:38.481585+00:00,kai-scheduler,pod-grouper-65456f756-8brn7,1.0,9437184
2026-09-16T15:22:38.481585+00:00,kai-scheduler,podgroup-controller-68f9cc8dbf-vtczt,1.0,13631488
2026-09-16T15:22:38.481585+00:00,kai-scheduler,queue-controller-f86fcd76c-v769g,1.0,13631488
2026-09-16T15:22:38.481585+00:00,kube-system,coredns-8db54c48d-ghktl,3.0,26214400
2026-09-16T15:22:38.481585+00:00,kube-system,kwok-controller-5cf8c7c44b-hbw5c,12.0,36700160
2026-09-16T15:22:38.481585+00:00,kube-system,local-path-provisioner-5d9d9885bc-gz6gf,1.0,15728640
2026-09-16T15:22:38.481585+00:00,kube-system,metrics-server-75dc6f8d87-8xng4,6.0,59768832
2026-09-16T15:22:38.481585+00:00,kube-system,svclb-traefik-0640832b-cmlmg,0.0,0
2026-09-16T15:22:38.481585+00:00,kube-system,traefik-9bcdbbd9-p72qj,4.0,63963136
2026-09-16T15:22:38.481585+00:00,pyroscope,pyroscope-0,5.0,95420416
2026-09-16T15:22:38.481585+00:00,pyroscope,pyroscope-alloy-0,4.0,150994944
2026-09-16T15:22:44.717166+00:00,grove-system,grove-operator-7b4ff56598-fnn26,31.0,174063616
2026-09-16T15:22:44.717166+00:00,kai-scheduler,admission-86666f457d-p5pmm,1.0,13631488
2026-09-16T15:22:44.717166+00:00,kai-scheduler,binder-869fc94c7-xjgwh,1.0,108003328
2026-09-16T15:22:44.717166+00:00,kai-scheduler,kai-operator-69b5d7bcf7-z7q9w,3.0,69206016
2026-09-16T15:22:44.717166+00:00,kai-scheduler,kai-scheduler-default-54f59b45b-wcmls,17.0,134217728
2026-09-16T15:22:44.717166+00:00,kai-scheduler,pod-grouper-65456f756-8brn7,1.0,9437184
2026-09-16T15:22:44.717166+00:00,kai-scheduler,podgroup-controller-68f9cc8dbf-vtczt,1.0,13631488
2026-09-16T15:22:44.717166+00:00,kai-scheduler,queue-controller-f86fcd76c-v769g,1.0,13631488
2026-09-16T15:22:44.717166+00:00,kube-system,coredns-8db54c48d-ghktl,3.0,26214400
2026-09-16T15:22:44.717166+00:00,kube-system,kwok-controller-5cf8c7c44b-hbw5c,12.0,36700160
2026-09-16T15:22:44.717166+00:00,kube-system,local-path-provisioner-5d9d9885bc-gz6gf,1.0,15728640
2026-09-16T15:22:44.717166+00:00,kube-system,metrics-server-75dc6f8d87-8xng4,6.0,59768832
2026-09-16T15:22:44.717166+00:00,kube-system,svclb-traefik-0640832b-cmlmg,0.0,0
2026-09-16T15:22:44.717166+00:00,kube-system,traefik-9bcdbbd9-p72qj,4.0,63963136
2026-09-16T15:22:44.717166+00:00,pyroscope,pyroscope-0,5.0,95420416
2026-09-16T15:22:44.717166+00:00,pyroscope,pyroscope-alloy-0,4.0,150994944
2026-09-16T15:22:50.956698+00:00,grove-system,grove-operator-7b4ff56598-fnn26,32.0,169869312
2026-09-16T15:22:50.956698+00:00,kai-scheduler,admission-86666f457d-p5pmm,1.0,13631488
2026-09-16T15:22:50.956698+00:00,kai-scheduler,binder-869fc94c7-xjgwh,1.0,108003328
2026-09-16T15:22:50.956698+00:00,kai-scheduler,kai-operator-69b5d7bcf7-z7q9w,3.0,69206016
2026-09-16T15:22:50.956698+00:00,kai-scheduler,kai-scheduler-default-54f59b45b-wcmls,16.0,141557760
2026-09-16T15:22:50.956698+00:00,kai-scheduler,pod-grouper-65456f756-8brn7,1.0,9437184
2026-09-16T15:22:50.956698+00:00,kai-scheduler,podgroup-controller-68f9cc8dbf-vtczt,1.0,13631488
2026-09-16T15:22:50.956698+00:00,kai-scheduler,queue-controller-f86fcd76c-v769g,1.0,13631488
2026-09-16T15:22:50.956698+00:00,kube-system,coredns-8db54c48d-ghktl,3.0,27262976
2026-09-16T15:22:50.956698+00:00,kube-system,kwok-controller-5cf8c7c44b-hbw5c,11.0,36700160
2026-09-16T15:22:50.956698+00:00,kube-system,local-path-provisioner-5d9d9885bc-gz6gf,1.0,15728640
2026-09-16T15:22:50.956698+00:00,kube-system,metrics-server-75dc6f8d87-8xng4,6.0,58720256
2026-09-16T15:22:50.956698+00:00,kube-system,svclb-traefik-0640832b-cmlmg,0.0,0
2026-09-16T15:22:50.956698+00:00,kube-system,traefik-9bcdbbd9-p72qj,3.0,62914560
2026-09-16T15:22:50.956698+00:00,pyroscope,pyroscope-0,5.0,90177536
2026-09-16T15:22:50.956698+00:00,pyroscope,pyroscope-alloy-0,6.0,158334976
2026-09-16T15:22:57.198769+00:00,grove-system,grove-operator-7b4ff56598-fnn26,32.0,169869312
2026-09-16T15:22:57.198769+00:00,kai-scheduler,admission-86666f457d-p5pmm,1.0,13631488
2026-09-16T15:22:57.198769+00:00,kai-scheduler,binder-869fc94c7-xjgwh,1.0,108003328
2026-09-16T15:22:57.198769+00:00,kai-scheduler,kai-operator-69b5d7bcf7-z7q9w,3.0,69206016
2026-09-16T15:22:57.198769+00:00,kai-scheduler,kai-scheduler-default-54f59b45b-wcmls,16.0,141557760
2026-09-16T15:22:57.198769+00:00,kai-scheduler,pod-grouper-65456f756-8brn7,1.0,9437184
2026-09-16T15:22:57.198769+00:00,kai-scheduler,podgroup-controller-68f9cc8dbf-vtczt,1.0,13631488
2026-09-16T15:22:57.198769+00:00,kai-scheduler,queue-controller-f86fcd76c-v769g,1.0,13631488
2026-09-16T15:22:57.198769+00:00,kube-system,coredns-8db54c48d-ghktl,3.0,27262976
2026-09-16T15:22:57.198769+00:00,kube-system,kwok-controller-5cf8c7c44b-hbw5c,11.0,36700160
2026-09-16T15:22:57.198769+00:00,kube-system,local-path-provisioner-5d9d9885bc-gz6gf,1.0,15728640
2026-09-16T15:22:57.198769+00:00,kube-system,metrics-server-75dc6f8d87-8xng4,6.0,58720256
2026-09-16T15:22:57.198769+00:00,kube-system,svclb-traefik-0640832b-cmlmg,0.0,0
2026-09-16T15:22:57.198769+00:00,kube-system,traefik-9bcdbbd9-p72qj,3.0,62914560
2026-09-16T15:22:57.198769+00:00,pyroscope,pyroscope-0,5.0,90177536
2026-09-16T15:22:57.198769+00:00,pyroscope,pyroscope-alloy-0,6.0,158334976
2026-09-16T15:23:03.440425+00:00,grove-system,grove-operator-7b4ff56598-fnn26,28.0,170917888
2026-09-16T15:23:03.440425+00:00,kai-scheduler,admission-86666f457d-p5pmm,1.0,13631488
2026-09-16T15:23:03.440425+00:00,kai-scheduler,binder-869fc94c7-xjgwh,1.0,108003328
2026-09-16T15:23:03.440425+00:00,kai-scheduler,kai-operator-69b5d7bcf7-z7q9w,3.0,69206016
2026-09-16T15:23:03.440425+00:00,kai-scheduler,kai-scheduler-default-54f59b45b-wcmls,15.0,125829120
2026-09-16T15:23:03.440425+00:00,kai-scheduler,pod-grouper-65456f756-8brn7,1.0,9437184
2026-09-16T15:23:03.440425+00:00,kai-scheduler,podgroup-controller-68f9cc8dbf-vtczt,1.0,13631488
2026-09-16T15:23:03.440425+00:00,kai-scheduler,queue-controller-f86fcd76c-v769g,1.0,13631488
2026-09-16T15:23:03.440425+00:00,kube-system,coredns-8db54c48d-ghktl,3.0,27262976
2026-09-16T15:23:03.440425+00:00,kube-system,kwok-controller-5cf8c7c44b-hbw5c,11.0,37748736
2026-09-16T15:23:03.440425+00:00,kube-system,local-path-provisioner-5d9d9885bc-gz6gf,1.0,15728640
2026-09-16T15:23:03.440425+00:00,kube-system,metrics-server-75dc6f8d87-8xng4,8.0,59768832
2026-09-16T15:23:03.440425+00:00,kube-system,svclb-traefik-0640832b-cmlmg,0.0,0
2026-09-16T15:23:03.440425+00:00,kube-system,traefik-9bcdbbd9-p72qj,3.0,62914560
2026-09-16T15:23:03.440425+00:00,pyroscope,pyroscope-0,5.0,92274688
2026-09-16T15:23:03.440425+00:00,pyroscope,pyroscope-alloy-0,6.0,158334976
2026-09-16T15:23:09.680936+00:00,grove-system,grove-operator-7b4ff56598-fnn26,28.0,170917888
2026-09-16T15:23:09.680936+00:00,kai-scheduler,admission-86666f457d-p5pmm,1.0,13631488
2026-09-16T15:23:09.680936+00:00,kai-scheduler,binder-869fc94c7-xjgwh,1.0,108003328
2026-09-16T15:23:09.680936+00:00,kai-scheduler,kai-operator-69b5d7bcf7-z7q9w,3.0,69206016
2026-09-16T15:23:09.680936+00:00,kai-scheduler,kai-scheduler-default-54f59b45b-wcmls,15.0,125829120
2026-09-16T15:23:09.680936+00:00,kai-scheduler,pod-grouper-65456f756-8brn7,1.0,9437184
2026-09-16T15:23:09.680936+00:00,kai-scheduler,podgroup-controller-68f9cc8dbf-vtczt,1.0,13631488
2026-09-16T15:23:09.680936+00:00,kai-scheduler,queue-controller-f86fcd76c-v769g,1.0,13631488
2026-09-16T15:23:09.680936+00:00,kube-system,coredns-8db54c48d-ghktl,3.0,27262976
2026-09-16T15:23:09.680936+00:00,kube-system,kwok-controller-5cf8c7c44b-hbw5c,11.0,37748736
2026-09-16T15:23:09.680936+00:00,kube-system,local-path-provisioner-5d9d9885bc-gz6gf,1.0,15728640
2026-09-16T15:23:09.680936+00:00,kube-system,metrics-server-75dc6f8d87-8xng4,8.0,59768832
2026-09-16T15:23:09.680936+00:00,kube-system,svclb-traefik-0640832b-cmlmg,0.0,0
2026-09-16T15:23:09.680936+00:00,kube-system,traefik-9bcdbbd9-p72qj,3.0,62914560
2026-09-16T15:23:09.680936+00:00,pyroscope,pyroscope-0,5.0,92274688
2026-09-16T15:23:09.680936+00:00,pyroscope,pyroscope-alloy-0,6.0,158334976
2026-09-16T15:23:15.915270+00:00,grove-system,grove-operator-7b4ff56598-fnn26,28.0,170917888
2026-09-16T15:23:15.915270+00:00,kai-scheduler,admission-86666f457d-p5pmm,1.0,13631488
2026-09-16T15:23:15.915270+00:00,kai-scheduler,binder-869fc94c7-xjgwh,1.0,108003328
2026-09-16T15:23:15.915270+00:00,kai-scheduler,kai-operator-69b5d7bcf7-z7q9w,3.0,69206016
2026-09-16T15:23:15.915270+00:00,kai-scheduler,kai-scheduler-default-54f59b45b-wcmls,15.0,125829120
2026-09-16T15:23:15.915270+00:00,kai-scheduler,pod-grouper-65456f756-8brn7,1.0,9437184
2026-09-16T15:23:15.915270+00:00,kai-scheduler,podgroup-controller-68f9cc8dbf-vtczt,1.0,13631488
2026-09-16T15:23:15.915270+00:00,kai-scheduler,queue-controller-f86fcd76c-v769g,1.0,13631488
2026-09-16T15:23:15.915270+00:00,kube-system,coredns-8db54c48d-ghktl,3.0,27262976
2026-09-16T15:23:15.915270+00:00,kube-system,kwok-controller-5cf8c7c44b-hbw5c,11.0,37748736
2026-09-16T15:23:15.915270+00:00,kube-system,local-path-provisioner-5d9d9885bc-gz6gf,1.0,15728640
2026-09-16T15:23:15.915270+00:00,kube-system,metrics-server-75dc6f8d87-8xng4,8.0,59768832
2026-09-16T15:23:15.915270+00:00,kube-system,svclb-traefik-0640832b-cmlmg,0.0,0
2026-09-16T15:23:15.915270+00:00,kube-system,traefik-9bcdbbd9-p72qj,3.0,62914560
2026-09-16T15:23:15.915270+00:00,pyroscope,pyroscope-0,5.0,92274688
2026-09-16T15:23:15.915270+00:00,pyroscope,pyroscope-alloy-0,6.0,158334976
2026-09-16T15:23:22.152810+00:00,grove-system,grove-operator-7b4ff56598-fnn26,29.0,171966464
2026-09-16T15:23:22.152810+00:00,kai-scheduler,admission-86666f457d-p5pmm,1.0,13631488
2026-09-16T15:23:22.152810+00:00,kai-scheduler,binder-869fc94c7-xjgwh,2.0,108003328
2026-09-16T15:23:22.152810+00:00,kai-scheduler,kai-operator-69b5d7bcf7-z7q9w,5.0,63963136
2026-09-16T15:23:22.152810+00:00,kai-scheduler,kai-scheduler-default-54f59b45b-wcmls,16.0,142606336
2026-09-16T15:23:22.152810+00:00,kai-scheduler,pod-grouper-65456f756-8brn7,1.0,9437184
2026-09-16T15:23:22.152810+00:00,kai-scheduler,podgroup-controller-68f9cc8dbf-vtczt,1.0,13631488
2026-09-16T15:23:22.152810+00:00,kai-scheduler,queue-controller-f86fcd76c-v769g,1.0,13631488
2026-09-16T15:23:22.152810+00:00,kube-system,coredns-8db54c48d-ghktl,3.0,26214400
2026-09-16T15:23:22.152810+00:00,kube-system,kwok-controller-5cf8c7c44b-hbw5c,11.0,36700160
2026-09-16T15:23:22.152810+00:00,kube-system,local-path-provisioner-5d9d9885bc-gz6gf,1.0,15728640
2026-09-16T15:23:22.152810+00:00,kube-system,metrics-server-75dc6f8d87-8xng4,7.0,60817408
2026-09-16T15:23:22.152810+00:00,kube-system,svclb-traefik-0640832b-cmlmg,0.0,0
2026-09-16T15:23:22.152810+00:00,kube-system,traefik-9bcdbbd9-p72qj,3.0,61865984
2026-09-16T15:23:22.152810+00:00,pyroscope,pyroscope-0,5.0,92274688
2026-09-16T15:23:22.152810+00:00,pyroscope,pyroscope-alloy-0,16.0,159383552
2026-09-16T15:23:28.392366+00:00,grove-system,grove-operator-7b4ff56598-fnn26,29.0,171966464
2026-09-16T15:23:28.392366+00:00,kai-scheduler,admission-86666f457d-p5pmm,1.0,13631488
2026-09-16T15:23:28.392366+00:00,kai-scheduler,binder-869fc94c7-xjgwh,2.0,108003328
2026-09-16T15:23:28.392366+00:00,kai-scheduler,kai-operator-69b5d7bcf7-z7q9w,5.0,63963136
2026-09-16T15:23:28.392366+00:00,kai-scheduler,kai-scheduler-default-54f59b45b-wcmls,16.0,142606336
2026-09-16T15:23:28.392366+00:00,kai-scheduler,pod-grouper-65456f756-8brn7,1.0,9437184
2026-09-16T15:23:28.392366+00:00,kai-scheduler,podgroup-controller-68f9cc8dbf-vtczt,1.0,13631488
2026-09-16T15:23:28.392366+00:00,kai-scheduler,queue-controller-f86fcd76c-v769g,1.0,13631488
2026-09-16T15:23:28.392366+00:00,kube-system,coredns-8db54c48d-ghktl,3.0,26214400
2026-09-16T15:23:28.392366+00:00,kube-system,kwok-controller-5cf8c7c44b-hbw5c,11.0,36700160
2026-09-16T15:23:28.392366+00:00,kube-system,local-path-provisioner-5d9d9885bc-gz6gf,1.0,15728640
2026-09-16T15:23:28.392366+00:00,kube-system,metrics-server-75dc6f8d87-8xng4,7.0,60817408
2026-09-16T15:23:28.392366+00:00,kube-system,svclb-traefik-0640832b-cmlmg,0.0,0
2026-09-16T15:23:28.392366+00:00,kube-system,traefik-9bcdbbd9-p72qj,3.0,61865984
2026-09-16T15:23:28.392366+00:00,pyroscope,pyroscope-0,5.0,92274688
2026-09-16T15:23:28.392366+00:00,pyroscope,pyroscope-alloy-0,16.0,159383552
2026-09-16T15:23:34.635279+00:00,grove-system,grove-operator-7b4ff56598-fnn26,31.0,173015040
2026-09-16T15:23:34.635279+00:00,kai-scheduler,admission-86666f457d-p5pmm,1.0,14680064
2026-09-16T15:23:34.635279+00:00,kai-scheduler,binder-869fc94c7-xjgwh,1.0,108003328
2026-09-16T15:23:34.635279+00:00,kai-scheduler,kai-operator-69b5d7bcf7-z7q9w,3.0,63963136
2026-09-16T15:23:34.635279+00:00,kai-scheduler,kai-scheduler-default-54f59b45b-wcmls,18.0,141557760
2026-09-16T15:23:34.635279+00:00,kai-scheduler,pod-grouper-65456f756-8brn7,1.0,9437184
2026-09-16T15:23:34.635279+00:00,kai-scheduler,podgroup-controller-68f9cc8dbf-vtczt,1.0,13631488
2026-09-16T15:23:34.635279+00:00,kai-scheduler,queue-controller-f86fcd76c-v769g,1.0,13631488
2026-09-16T15:23:34.635279+00:00,kube-system,coredns-8db54c48d-ghktl,3.0,27262976
2026-09-16T15:23:34.635279+00:00,kube-system,kwok-controller-5cf8c7c44b-hbw5c,12.0,38797312
2026-09-16T15:23:34.635279+00:00,kube-system,local-path-provisioner-5d9d9885bc-gz6gf,1.0,15728640
2026-09-16T15:23:34.635279+00:00,kube-system,metrics-server-75dc6f8d87-8xng4,7.0,60817408
2026-09-16T15:23:34.635279+00:00,kube-system,svclb-traefik-0640832b-cmlmg,0.0,0
2026-09-16T15:23:34.635279+00:00,kube-system,traefik-9bcdbbd9-p72qj,3.0,62914560
2026-09-16T15:23:34.635279+00:00,pyroscope,pyroscope-0,5.0,90177536
2026-09-16T15:23:34.635279+00:00,pyroscope,pyroscope-alloy-0,15.0,159383552
2026-09-16T15:23:40.871630+00:00,grove-system,grove-operator-7b4ff56598-fnn26,31.0,173015040
2026-09-16T15:23:40.871630+00:00,kai-scheduler,admission-86666f457d-p5pmm,1.0,14680064
2026-09-16T15:23:40.871630+00:00,kai-scheduler,binder-869fc94c7-xjgwh,1.0,108003328
2026-09-16T15:23:40.871630+00:00,kai-scheduler,kai-operator-69b5d7bcf7-z7q9w,3.0,63963136
2026-09-16T15:23:40.871630+00:00,kai-scheduler,kai-scheduler-default-54f59b45b-wcmls,18.0,141557760
2026-09-16T15:23:40.871630+00:00,kai-scheduler,pod-grouper-65456f756-8brn7,1.0,9437184
2026-09-16T15:23:40.871630+00:00,kai-scheduler,podgroup-controller-68f9cc8dbf-vtczt,1.0,13631488
2026-09-16T15:23:40.871630+00:00,kai-scheduler,queue-controller-f86fcd76c-v769g,1.0,13631488
2026-09-16T15:23:40.871630+00:00,kube-system,coredns-8db54c48d-ghktl,3.0,27262976
2026-09-16T15:23:40.871630+00:00,kube-system,kwok-controller-5cf8c7c44b-hbw5c,12.0,38797312
2026-09-16T15:23:40.871630+00:00,kube-system,local-path-provisioner-5d9d9885bc-gz6gf,1.0,15728640
2026-09-16T15:23:40.871630+00:00,kube-system,metrics-server-75dc6f8d87-8xng4,7.0,60817408
2026-09-16T15:23:40.871630+00:00,kube-system,svclb-traefik-0640832b-cmlmg,0.0,0
2026-09-16T15:23:40.871630+00:00,kube-system,traefik-9bcdbbd9-p72qj,3.0,62914560
2026-09-16T15:23:40.871630+00:00,pyroscope,pyroscope-0,5.0,90177536
2026-09-16T15:23:40.871630+00:00,pyroscope,pyroscope-alloy-0,15.0,159383552
2026-09-16T15:23:47.114064+00:00,grove-system,grove-operator-7b4ff56598-fnn26,29.0,160432128
2026-09-16T15:23:47.114064+00:00,kai-scheduler,admission-86666f457d-p5pmm,1.0,14680064
2026-09-16T15:23:47.114064+00:00,kai-scheduler,binder-869fc94c7-xjgwh,2.0,108003328
2026-09-16T15:23:47.114064+00:00,kai-scheduler,kai-operator-69b5d7bcf7-z7q9w,3.0,62914560
2026-09-16T15:23:47.114064+00:00,kai-scheduler,kai-scheduler-default-54f59b45b-wcmls,15.0,142606336
2026-09-16T15:23:47.114064+00:00,kai-scheduler,pod-grouper-65456f756-8brn7,1.0,9437184
2026-09-16T15:23:47.114064+00:00,kai-scheduler,podgroup-controller-68f9cc8dbf-vtczt,1.0,13631488
2026-09-16T15:23:47.114064+00:00,kai-scheduler,queue-controller-f86fcd76c-v769g,1.0,13631488
2026-09-16T15:23:47.114064+00:00,kube-system,coredns-8db54c48d-ghktl,3.0,27262976
2026-09-16T15:23:47.114064+00:00,kube-system,kwok-controller-5cf8c7c44b-hbw5c,9.0,40894464
2026-09-16T15:23:47.114064+00:00,kube-system,local-path-provisioner-5d9d9885bc-gz6gf,1.0,15728640
2026-09-16T15:23:47.114064+00:00,kube-system,metrics-server-75dc6f8d87-8xng4,9.0,61865984
2026-09-16T15:23:47.114064+00:00,kube-system,svclb-traefik-0640832b-cmlmg,0.0,0
2026-09-16T15:23:47.114064+00:00,kube-system,traefik-9bcdbbd9-p72qj,3.0,63963136
2026-09-16T15:23:47.114064+00:00,pyroscope,pyroscope-0,6.0,89128960
2026-09-16T15:23:47.114064+00:00,pyroscope,pyroscope-alloy-0,8.0,159383552
2026-09-16T15:23:53.352384+00:00,grove-system,grove-operator-7b4ff56598-fnn26,29.0,160432128
2026-09-16T15:23:53.352384+00:00,kai-scheduler,admission-86666f457d-p5pmm,1.0,14680064
2026-09-16T15:23:53.352384+00:00,kai-scheduler,binder-869fc94c7-xjgwh,2.0,108003328
2026-09-16T15:23:53.352384+00:00,kai-scheduler,kai-operator-69b5d7bcf7-z7q9w,3.0,62914560
2026-09-16T15:23:53.352384+00:00,kai-scheduler,kai-scheduler-default-54f59b45b-wcmls,15.0,142606336
2026-09-16T15:23:53.352384+00:00,kai-scheduler,pod-grouper-65456f756-8brn7,1.0,9437184
2026-09-16T15:23:53.352384+00:00,kai-scheduler,podgroup-controller-68f9cc8dbf-vtczt,1.0,13631488
2026-09-16T15:23:53.352384+00:00,kai-scheduler,queue-controller-f86fcd76c-v769g,1.0,13631488
2026-09-16T15:23:53.352384+00:00,kube-system,coredns-8db54c48d-ghktl,3.0,27262976
2026-09-16T15:23:53.352384+00:00,kube-system,kwok-controller-5cf8c7c44b-hbw5c,9.0,40894464
2026-09-16T15:23:53.352384+00:00,kube-system,local-path-provisioner-5d9d9885bc-gz6gf,1.0,15728640
2026-09-16T15:23:53.352384+00:00,kube-system,metrics-server-75dc6f8d87-8xng4,9.0,61865984
2026-09-16T15:23:53.352384+00:00,kube-system,svclb-traefik-0640832b-cmlmg,0.0,0
2026-09-16T15:23:53.352384+00:00,kube-system,traefik-9bcdbbd9-p72qj,3.0,63963136
2026-09-16T15:23:53.352384+00:00,pyroscope,pyroscope-0,6.0,89128960
2026-09-16T15:23:53.352384+00:00,pyroscope,pyroscope-alloy-0,8.0,159383552
2026-09-16T15:23:59.592341+00:00,grove-system,grove-operator-7b4ff56598-fnn26,29.0,160432128
2026-09-16T15:23:59.592341+00:00,kai-scheduler,admission-86666f457d-p5pmm,1.0,14680064
2026-09-16T15:23:59.592341+00:00,kai-scheduler,binder-869fc94c7-xjgwh,2.0,108003328
2026-09-16T15:23:59.592341+00:00,kai-scheduler,kai-operator-69b5d7bcf7-z7q9w,3.0,62914560
2026-09-16T15:23:59.592341+00:00,kai-scheduler,kai-scheduler-default-54f59b45b-wcmls,15.0,142606336
2026-09-16T15:23:59.592341+00:00,kai-scheduler,pod-grouper-65456f756-8brn7,1.0,9437184
2026-09-16T15:23:59.592341+00:00,kai-scheduler,podgroup-controller-68f9cc8dbf-vtczt,1.0,13631488
2026-09-16T15:23:59.592341+00:00,kai-scheduler,queue-controller-f86fcd76c-v769g,1.0,13631488
2026-09-16T15:23:59.592341+00:00,kube-system,coredns-8db54c48d-ghktl,3.0,27262976
2026-09-16T15:23:59.592341+00:00,kube-system,kwok-controller-5cf8c7c44b-hbw5c,9.0,40894464
2026-09-16T15:23:59.592341+00:00,kube-system,local-path-provisioner-5d9d9885bc-gz6gf,1.0,15728640
2026-09-16T15:23:59.592341+00:00,kube-system,metrics-server-75dc6f8d87-8xng4,9.0,61865984
2026-09-16T15:23:59.592341+00:00,kube-system,svclb-traefik-0640832b-cmlmg,0.0,0
2026-09-16T15:23:59.592341+00:00,kube-system,traefik-9bcdbbd9-p72qj,3.0,63963136
2026-09-16T15:23:59.592341+00:00,pyroscope,pyroscope-0,6.0,89128960
2026-09-16T15:23:59.592341+00:00,pyroscope,pyroscope-alloy-0,8.0,159383552
2026-09-16T15:24:05.831832+00:00,grove-system,grove-operator-7b4ff56598-fnn26,21.0,163577856
2026-09-16T15:24:05.831832+00:00,kai-scheduler,admission-86666f457d-p5pmm,1.0,13631488
2026-09-16T15:24:05.831832+00:00,kai-scheduler,binder-869fc94c7-xjgwh,12.0,106954752
2026-09-16T15:24:05.831832+00:00,kai-scheduler,kai-operator-69b5d7bcf7-z7q9w,3.0,62914560
2026-09-16T15:24:05.831832+00:00,kai-scheduler,kai-scheduler-default-54f59b45b-wcmls,26.0,143654912
2026-09-16T15:24:05.831832+00:00,kai-scheduler,pod-grouper-65456f756-8brn7,1.0,9437184
2026-09-16T15:24:05.831832+00:00,kai-scheduler,podgroup-controller-68f9cc8dbf-vtczt,1.0,13631488
2026-09-16T15:24:05.831832+00:00,kai-scheduler,queue-controller-f86fcd76c-v769g,1.0,13631488
2026-09-16T15:24:05.831832+00:00,kube-system,coredns-8db54c48d-ghktl,3.0,26214400
2026-09-16T15:24:05.831832+00:00,kube-system,kwok-controller-5cf8c7c44b-hbw5c,36.0,38797312
2026-09-16T15:24:05.831832+00:00,kube-system,local-path-provisioner-5d9d9885bc-gz6gf,1.0,15728640
2026-09-16T15:24:05.831832+00:00,kube-system,metrics-server-75dc6f8d87-8xng4,11.0,62914560
2026-09-16T15:24:05.831832+00:00,kube-system,svclb-traefik-0640832b-cmlmg,0.0,0
2026-09-16T15:24:05.831832+00:00,kube-system,traefik-9bcdbbd9-p72qj,3.0,63963136
2026-09-16T15:24:05.831832+00:00,pyroscope,pyroscope-0,6.0,89128960
2026-09-16T15:24:05.831832+00:00,pyroscope,pyroscope-alloy-0,19.0,160432128
2026-09-16T15:24:12.071181+00:00,grove-system,grove-operator-7b4ff56598-fnn26,21.0,163577856
2026-09-16T15:24:12.071181+00:00,kai-scheduler,admission-86666f457d-p5pmm,1.0,13631488
2026-09-16T15:24:12.071181+00:00,kai-scheduler,binder-869fc94c7-xjgwh,12.0,106954752
2026-09-16T15:24:12.071181+00:00,kai-scheduler,kai-operator-69b5d7bcf7-z7q9w,3.0,62914560
2026-09-16T15:24:12.071181+00:00,kai-scheduler,kai-scheduler-default-54f59b45b-wcmls,26.0,143654912
2026-09-16T15:24:12.071181+00:00,kai-scheduler,pod-grouper-65456f756-8brn7,1.0,9437184
2026-09-16T15:24:12.071181+00:00,kai-scheduler,podgroup-controller-68f9cc8dbf-vtczt,1.0,13631488
2026-09-16T15:24:12.071181+00:00,kai-scheduler,queue-controller-f86fcd76c-v769g,1.0,13631488
2026-09-16T15:24:12.071181+00:00,kube-system,coredns-8db54c48d-ghktl,3.0,26214400
2026-09-16T15:24:12.071181+00:00,kube-system,kwok-controller-5cf8c7c44b-hbw5c,36.0,38797312
2026-09-16T15:24:12.071181+00:00,kube-system,local-path-provisioner-5d9d9885bc-gz6gf,1.0,15728640
2026-09-16T15:24:12.071181+00:00,kube-system,metrics-server-75dc6f8d87-8xng4,11.0,62914560
2026-09-16T15:24:12.071181+00:00,kube-system,svclb-traefik-0640832b-cmlmg,0.0,0
2026-09-16T15:24:12.071181+00:00,kube-system,traefik-9bcdbbd9-p72qj,3.0,63963136
2026-09-16T15:24:12.071181+00:00,pyroscope,pyroscope-0,6.0,89128960
2026-09-16T15:24:12.071181+00:00,pyroscope,pyroscope-alloy-0,19.0,160432128
2026-09-16T15:24:18.309545+00:00,grove-system,grove-operator-7b4ff56598-fnn26,21.0,159383552
2026-09-16T15:24:18.309545+00:00,kai-scheduler,admission-86666f457d-p5pmm,1.0,13631488
2026-09-16T15:24:18.309545+00:00,kai-scheduler,binder-869fc94c7-xjgwh,22.0,106954752
2026-09-16T15:24:18.309545+00:00,kai-scheduler,kai-operator-69b5d7bcf7-z7q9w,1.0,62914560
2026-09-16T15:24:18.309545+00:00,kai-scheduler,kai-scheduler-default-54f59b45b-wcmls,26.0,143654912
2026-09-16T15:24:18.309545+00:00,kai-scheduler,pod-grouper-65456f756-8brn7,1.0,9437184
2026-09-16T15:24:18.309545+00:00,kai-scheduler,podgroup-controller-68f9cc8dbf-vtczt,1.0,13631488
2026-09-16T15:24:18.309545+00:00,kai-scheduler,queue-controller-f86fcd76c-v769g,1.0,13631488
2026-09-16T15:24:18.309545+00:00,kube-system,coredns-8db54c48d-ghktl,4.0,27262976
2026-09-16T15:24:18.309545+00:00,kube-system,kwok-controller-5cf8c7c44b-hbw5c,43.0,38797312
2026-09-16T15:24:18.309545+00:00,kube-system,local-path-provisioner-5d9d9885bc-gz6gf,1.0,15728640
2026-09-16T15:24:18.309545+00:00,kube-system,metrics-server-75dc6f8d87-8xng4,18.0,66060288
2026-09-16T15:24:18.309545+00:00,kube-system,svclb-traefik-0640832b-cmlmg,0.0,0
2026-09-16T15:24:18.309545+00:00,kube-system,traefik-9bcdbbd9-p72qj,5.0,63963136
2026-09-16T15:24:18.309545+00:00,pyroscope,pyroscope-0,5.0,90177536
2026-09-16T15:24:18.309545+00:00,pyroscope,pyroscope-alloy-0,32.0,158334976
2026-09-16T15:24:24.556973+00:00,grove-system,grove-operator-7b4ff56598-fnn26,21.0,159383552
2026-09-16T15:24:24.556973+00:00,kai-scheduler,admission-86666f457d-p5pmm,1.0,13631488
2026-09-16T15:24:24.556973+00:00,kai-scheduler,binder-869fc94c7-xjgwh,22.0,106954752
2026-09-16T15:24:24.556973+00:00,kai-scheduler,kai-operator-69b5d7bcf7-z7q9w,1.0,62914560
2026-09-16T15:24:24.556973+00:00,kai-scheduler,kai-scheduler-default-54f59b45b-wcmls,26.0,143654912
2026-09-16T15:24:24.556973+00:00,kai-scheduler,pod-grouper-65456f756-8brn7,1.0,9437184
2026-09-16T15:24:24.556973+00:00,kai-scheduler,podgroup-controller-68f9cc8dbf-vtczt,1.0,13631488
2026-09-16T15:24:24.556973+00:00,kai-scheduler,queue-controller-f86fcd76c-v769g,1.0,13631488
2026-09-16T15:24:24.556973+00:00,kube-system,coredns-8db54c48d-ghktl,4.0,27262976
2026-09-16T15:24:24.556973+00:00,kube-system,kwok-controller-5cf8c7c44b-hbw5c,43.0,38797312
2026-09-16T15:24:24.556973+00:00,kube-system,local-path-provisioner-5d9d9885bc-gz6gf,1.0,15728640
2026-09-16T15:24:24.556973+00:00,kube-system,metrics-server-75dc6f8d87-8xng4,18.0,66060288
2026-09-16T15:24:24.556973+00:00,kube-system,svclb-traefik-0640832b-cmlmg,0.0,0
2026-09-16T15:24:24.556973+00:00,kube-system,traefik-9bcdbbd9-p72qj,5.0,63963136
2026-09-16T15:24:24.556973+00:00,pyroscope,pyroscope-0,5.0,90177536
2026-09-16T15:24:24.556973+00:00,pyroscope,pyroscope-alloy-0,32.0,158334976
2026-09-16T15:24:30.798581+00:00,grove-system,grove-operator-7b4ff56598-fnn26,21.0,159383552
2026-09-16T15:24:30.798581+00:00,kai-scheduler,admission-86666f457d-p5pmm,1.0,13631488
2026-09-16T15:24:30.798581+00:00,kai-scheduler,binder-869fc94c7-xjgwh,22.0,106954752
2026-09-16T15:24:30.798581+00:00,kai-scheduler,kai-operator-69b5d7bcf7-z7q9w,1.0,62914560
2026-09-16T15:24:30.798581+00:00,kai-scheduler,kai-scheduler-default-54f59b45b-wcmls,26.0,143654912
2026-09-16T15:24:30.798581+00:00,kai-scheduler,pod-grouper-65456f756-8brn7,1.0,9437184
2026-09-16T15:24:30.798581+00:00,kai-scheduler,podgroup-controller-68f9cc8dbf-vtczt,1.0,13631488
2026-09-16T15:24:30.798581+00:00,kai-scheduler,queue-controller-f86fcd76c-v769g,1.0,13631488
2026-09-16T15:24:30.798581+00:00,kube-system,coredns-8db54c48d-ghktl,4.0,27262976
2026-09-16T15:24:30.798581+00:00,kube-system,kwok-controller-5cf8c7c44b-hbw5c,43.0,38797312
2026-09-16T15:24:30.798581+00:00,kube-system,local-path-provisioner-5d9d9885bc-gz6gf,1.0,15728640
2026-09-16T15:24:30.798581+00:00,kube-system,metrics-server-75dc6f8d87-8xng4,18.0,66060288
2026-09-16T15:24:30.798581+00:00,kube-system,svclb-traefik-0640832b-cmlmg,0.0,0
2026-09-16T15:24:30.798581+00:00,kube-system,traefik-9bcdbbd9-p72qj,5.0,63963136
2026-09-16T15:24:30.798581+00:00,pyroscope,pyroscope-0,5.0,90177536
2026-09-16T15:24:30.798581+00:00,pyroscope,pyroscope-alloy-0,32.0,158334976
2026-09-16T15:24:37.037254+00:00,grove-system,grove-operator-7b4ff56598-fnn26,21.0,159383552
2026-09-16T15:24:37.037254+00:00,kai-scheduler,admission-86666f457d-p5pmm,1.0,13631488
2026-09-16T15:24:37.037254+00:00,kai-scheduler,binder-869fc94c7-xjgwh,22.0,105906176
2026-09-16T15:24:37.037254+00:00,kai-scheduler,kai-operator-69b5d7bcf7-z7q9w,1.0,62914560
2026-09-16T15:24:37.037254+00:00,kai-scheduler,kai-scheduler-default-54f59b45b-wcmls,26.0,133169152
2026-09-16T15:24:37.037254+00:00,kai-scheduler,pod-grouper-65456f756-8brn7,1.0,9437184
2026-09-16T15:24:37.037254+00:00,kai-scheduler,podgroup-controller-68f9cc8dbf-vtczt,1.0,13631488
2026-09-16T15:24:37.037254+00:00,kai-scheduler,queue-controller-f86fcd76c-v769g,1.0,13631488
2026-09-16T15:24:37.037254+00:00,kube-system,coredns-8db54c48d-ghktl,3.0,26214400
2026-09-16T15:24:37.037254+00:00,kube-system,kwok-controller-5cf8c7c44b-hbw5c,48.0,39845888
2026-09-16T15:24:37.037254+00:00,kube-system,local-path-provisioner-5d9d9885bc-gz6gf,1.0,15728640
2026-09-16T15:24:37.037254+00:00,kube-system,metrics-server-75dc6f8d87-8xng4,17.0,66060288
2026-09-16T15:24:37.037254+00:00,kube-system,svclb-traefik-0640832b-cmlmg,0.0,0
2026-09-16T15:24:37.037254+00:00,kube-system,traefik-9bcdbbd9-p72qj,3.0,63963136
2026-09-16T15:24:37.037254+00:00,pyroscope,pyroscope-0,5.0,91226112
2026-09-16T15:24:37.037254+00:00,pyroscope,pyroscope-alloy-0,30.0,156237824
2026-09-16T15:24:43.292291+00:00,grove-system,grove-operator-7b4ff56598-fnn26,21.0,159383552
2026-09-16T15:24:43.292291+00:00,kai-scheduler,admission-86666f457d-p5pmm,1.0,13631488
2026-09-16T15:24:43.292291+00:00,kai-scheduler,binder-869fc94c7-xjgwh,22.0,105906176
2026-09-16T15:24:43.292291+00:00,kai-scheduler,kai-operator-69b5d7bcf7-z7q9w,1.0,62914560
2026-09-16T15:24:43.292291+00:00,kai-scheduler,kai-scheduler-default-54f59b45b-wcmls,26.0,133169152
2026-09-16T15:24:43.292291+00:00,kai-scheduler,pod-grouper-65456f756-8brn7,1.0,9437184
2026-09-16T15:24:43.292291+00:00,kai-scheduler,podgroup-controller-68f9cc8dbf-vtczt,1.0,13631488
2026-09-16T15:24:43.292291+00:00,kai-scheduler,queue-controller-f86fcd76c-v769g,1.0,13631488
2026-09-16T15:24:43.292291+00:00,kube-system,coredns-8db54c48d-ghktl,3.0,26214400
2026-09-16T15:24:43.292291+00:00,kube-system,kwok-controller-5cf8c7c44b-hbw5c,48.0,39845888
2026-09-16T15:24:43.292291+00:00,kube-system,local-path-provisioner-5d9d9885bc-gz6gf,1.0,15728640
2026-09-16T15:24:43.292291+00:00,kube-system,metrics-server-75dc6f8d87-8xng4,17.0,66060288
2026-09-16T15:24:43.292291+00:00,kube-system,svclb-traefik-0640832b-cmlmg,0.0,0
2026-09-16T15:24:43.292291+00:00,kube-system,traefik-9bcdbbd9-p72qj,3.0,63963136
2026-09-16T15:24:43.292291+00:00,pyroscope,pyroscope-0,5.0,91226112
2026-09-16T15:24:43.292291+00:00,pyroscope,pyroscope-alloy-0,30.0,156237824
2026-09-16T15:24:49.526970+00:00,grove-system,grove-operator-7b4ff56598-fnn26,20.0,157286400
2026-09-16T15:24:49.526970+00:00,kai-scheduler,admission-86666f457d-p5pmm,1.0,13631488
2026-09-16T15:24:49.526970+00:00,kai-scheduler,binder-869fc94c7-xjgwh,22.0,105906176
2026-09-16T15:24:49.526970+00:00,kai-scheduler,kai-operator-69b5d7bcf7-z7q9w,1.0,62914560
2026-09-16T15:24:49.526970+00:00,kai-scheduler,kai-scheduler-default-54f59b45b-wcmls,24.0,122683392
2026-09-16T15:24:49.526970+00:00,kai-scheduler,pod-grouper-65456f756-8brn7,1.0,9437184
2026-09-16T15:24:49.526970+00:00,kai-scheduler,podgroup-controller-68f9cc8dbf-vtczt,1.0,13631488
2026-09-16T15:24:49.526970+00:00,kai-scheduler,queue-controller-f86fcd76c-v769g,1.0,13631488
2026-09-16T15:24:49.526970+00:00,kube-system,coredns-8db54c48d-ghktl,3.0,27262976
2026-09-16T15:24:49.526970+00:00,kube-system,kwok-controller-5cf8c7c44b-hbw5c,38.0,37748736
2026-09-16T15:24:49.526970+00:00,kube-system,local-path-provisioner-5d9d9885bc-gz6gf,1.0,15728640
2026-09-16T15:24:49.526970+00:00,kube-system,metrics-server-75dc6f8d87-8xng4,19.0,65011712
2026-09-16T15:24:49.526970+00:00,kube-system,svclb-traefik-0640832b-cmlmg,0.0,0
2026-09-16T15:24:49.526970+00:00,kube-system,traefik-9bcdbbd9-p72qj,3.0,63963136
2026-09-16T15:24:49.526970+00:00,pyroscope,pyroscope-0,5.0,89128960
2026-09-16T15:24:49.526970+00:00,pyroscope,pyroscope-alloy-0,32.0,154140672
2026-09-16T15:24:55.764282+00:00,grove-system,grove-operator-7b4ff56598-fnn26,20.0,157286400
2026-09-16T15:24:55.764282+00:00,kai-scheduler,admission-86666f457d-p5pmm,1.0,13631488
2026-09-16T15:24:55.764282+00:00,kai-scheduler,binder-869fc94c7-xjgwh,22.0,105906176
2026-09-16T15:24:55.764282+00:00,kai-scheduler,kai-operator-69b5d7bcf7-z7q9w,1.0,62914560
2026-09-16T15:24:55.764282+00:00,kai-scheduler,kai-scheduler-default-54f59b45b-wcmls,24.0,122683392
2026-09-16T15:24:55.764282+00:00,kai-scheduler,pod-grouper-65456f756-8brn7,1.0,9437184
2026-09-16T15:24:55.764282+00:00,kai-scheduler,podgroup-controller-68f9cc8dbf-vtczt,1.0,13631488
2026-09-16T15:24:55.764282+00:00,kai-scheduler,queue-controller-f86fcd76c-v769g,1.0,13631488
2026-09-16T15:24:55.764282+00:00,kube-system,coredns-8db54c48d-ghktl,3.0,27262976
2026-09-16T15:24:55.764282+00:00,kube-system,kwok-controller-5cf8c7c44b-hbw5c,38.0,37748736
2026-09-16T15:24:55.764282+00:00,kube-system,local-path-provisioner-5d9d9885bc-gz6gf,1.0,15728640
2026-09-16T15:24:55.764282+00:00,kube-system,metrics-server-75dc6f8d87-8xng4,19.0,65011712
2026-09-16T15:24:55.764282+00:00,kube-system,svclb-traefik-0640832b-cmlmg,0.0,0
2026-09-16T15:24:55.764282+00:00,kube-system,traefik-9bcdbbd9-p72qj,3.0,63963136
2026-09-16T15:24:55.764282+00:00,pyroscope,pyroscope-0,5.0,89128960
2026-09-16T15:24:55.764282+00:00,pyroscope,pyroscope-alloy-0,32.0,154140672
2026-09-16T15:25:02.004463+00:00,grove-system,grove-operator-7b4ff56598-fnn26,24.0,154140672
2026-09-16T15:25:02.004463+00:00,kai-scheduler,admission-86666f457d-p5pmm,1.0,13631488
2026-09-16T15:25:02.004463+00:00,kai-scheduler,binder-869fc94c7-xjgwh,21.0,99614720
2026-09-16T15:25:02.004463+00:00,kai-scheduler,kai-operator-69b5d7bcf7-z7q9w,1.0,62914560
2026-09-16T15:25:02.004463+00:00,kai-scheduler,kai-scheduler-default-54f59b45b-wcmls,22.0,113246208
2026-09-16T15:25:02.004463+00:00,kai-scheduler,pod-grouper-65456f756-8brn7,1.0,9437184
2026-09-16T15:25:02.004463+00:00,kai-scheduler,podgroup-controller-68f9cc8dbf-vtczt,1.0,13631488
2026-09-16T15:25:02.004463+00:00,kai-scheduler,queue-controller-f86fcd76c-v769g,1.0,13631488
2026-09-16T15:25:02.004463+00:00,kube-system,coredns-8db54c48d-ghktl,4.0,27262976
2026-09-16T15:25:02.004463+00:00,kube-system,kwok-controller-5cf8c7c44b-hbw5c,43.0,37748736
2026-09-16T15:25:02.004463+00:00,kube-system,local-path-provisioner-5d9d9885bc-gz6gf,1.0,15728640
2026-09-16T15:25:02.004463+00:00,kube-system,metrics-server-75dc6f8d87-8xng4,16.0,65011712
2026-09-16T15:25:02.004463+00:00,kube-system,svclb-traefik-0640832b-cmlmg,0.0,0
2026-09-16T15:25:02.004463+00:00,kube-system,traefik-9bcdbbd9-p72qj,3.0,63963136
2026-09-16T15:25:02.004463+00:00,pyroscope,pyroscope-0,6.0,89128960
2026-09-16T15:25:02.004463+00:00,pyroscope,pyroscope-alloy-0,25.0,146800640
2026-09-16T15:25:08.250225+00:00,grove-system,grove-operator-7b4ff56598-fnn26,24.0,154140672
2026-09-16T15:25:08.250225+00:00,kai-scheduler,admission-86666f457d-p5pmm,1.0,13631488
2026-09-16T15:25:08.250225+00:00,kai-scheduler,binder-869fc94c7-xjgwh,21.0,99614720
2026-09-16T15:25:08.250225+00:00,kai-scheduler,kai-operator-69b5d7bcf7-z7q9w,1.0,62914560
2026-09-16T15:25:08.250225+00:00,kai-scheduler,kai-scheduler-default-54f59b45b-wcmls,22.0,113246208
2026-09-16T15:25:08.250225+00:00,kai-scheduler,pod-grouper-65456f756-8brn7,1.0,9437184
2026-09-16T15:25:08.250225+00:00,kai-scheduler,podgroup-controller-68f9cc8dbf-vtczt,1.0,13631488
2026-09-16T15:25:08.250225+00:00,kai-scheduler,queue-controller-f86fcd76c-v769g,1.0,13631488
2026-09-16T15:25:08.250225+00:00,kube-system,coredns-8db54c48d-ghktl,4.0,27262976
2026-09-16T15:25:08.250225+00:00,kube-system,kwok-controller-5cf8c7c44b-hbw5c,43.0,37748736
2026-09-16T15:25:08.250225+00:00,kube-system,local-path-provisioner-5d9d9885bc-gz6gf,1.0,15728640
2026-09-16T15:25:08.250225+00:00,kube-system,metrics-server-75dc6f8d87-8xng4,16.0,65011712
2026-09-16T15:25:08.250225+00:00,kube-system,svclb-traefik-0640832b-cmlmg,0.0,0
2026-09-16T15:25:08.250225+00:00,kube-system,traefik-9bcdbbd9-p72qj,3.0,63963136
2026-09-16T15:25:08.250225+00:00,pyroscope,pyroscope-0,6.0,89128960
2026-09-16T15:25:08.250225+00:00,pyroscope,pyroscope-alloy-0,25.0,146800640
2026-09-16T15:25:14.492285+00:00,grove-system,grove-operator-7b4ff56598-fnn26,24.0,154140672
2026-09-16T15:25:14.492285+00:00,kai-scheduler,admission-86666f457d-p5pmm,1.0,13631488
2026-09-16T15:25:14.492285+00:00,kai-scheduler,binder-869fc94c7-xjgwh,21.0,99614720
2026-09-16T15:25:14.492285+00:00,kai-scheduler,kai-operator-69b5d7bcf7-z7q9w,1.0,62914560
2026-09-16T15:25:14.492285+00:00,kai-scheduler,kai-scheduler-default-54f59b45b-wcmls,22.0,113246208
2026-09-16T15:25:14.492285+00:00,kai-scheduler,pod-grouper-65456f756-8brn7,1.0,9437184
2026-09-16T15:25:14.492285+00:00,kai-scheduler,podgroup-controller-68f9cc8dbf-vtczt,1.0,13631488
2026-09-16T15:25:14.492285+00:00,kai-scheduler,queue-controller-f86fcd76c-v769g,1.0,13631488
2026-09-16T15:25:14.492285+00:00,kube-system,coredns-8db54c48d-ghktl,4.0,27262976
2026-09-16T15:25:14.492285+00:00,kube-system,kwok-controller-5cf8c7c44b-hbw5c,43.0,37748736
2026-09-16T15:25:14.492285+00:00,kube-system,local-path-provisioner-5d9d9885bc-gz6gf,1.0,15728640
2026-09-16T15:25:14.492285+00:00,kube-system,metrics-server-75dc6f8d87-8xng4,16.0,65011712
2026-09-16T15:25:14.492285+00:00,kube-system,svclb-traefik-0640832b-cmlmg,0.0,0
2026-09-16T15:25:14.492285+00:00,kube-system,traefik-9bcdbbd9-p72qj,3.0,63963136
2026-09-16T15:25:14.492285+00:00,pyroscope,pyroscope-0,6.0,89128960
2026-09-16T15:25:14.492285+00:00,pyroscope,pyroscope-alloy-0,25.0,146800640
2026-09-16T15:25:20.734004+00:00,grove-system,grove-operator-7b4ff56598-fnn26,21.0,150994944
2026-09-16T15:25:20.734004+00:00,kai-scheduler,admission-86666f457d-p5pmm,1.0,13631488
2026-09-16T15:25:20.734004+00:00,kai-scheduler,binder-869fc94c7-xjgwh,22.0,91226112
2026-09-16T15:25:20.734004+00:00,kai-scheduler,kai-operator-69b5d7bcf7-z7q9w,2.0,58720256
2026-09-16T15:25:20.734004+00:00,kai-scheduler,kai-scheduler-default-54f59b45b-wcmls,20.0,111149056
2026-09-16T15:25:20.734004+00:00,kai-scheduler,pod-grouper-65456f756-8brn7,1.0,9437184
2026-09-16T15:25:20.734004+00:00,kai-scheduler,podgroup-controller-68f9cc8dbf-vtczt,1.0,13631488
2026-09-16T15:25:20.734004+00:00,kai-scheduler,queue-controller-f86fcd76c-v769g,1.0,13631488
2026-09-16T15:25:20.734004+00:00,kube-system,coredns-8db54c48d-ghktl,4.0,27262976
2026-09-16T15:25:20.734004+00:00,kube-system,kwok-controller-5cf8c7c44b-hbw5c,43.0,37748736
2026-09-16T15:25:20.734004+00:00,kube-system,local-path-provisioner-5d9d9885bc-gz6gf,1.0,15728640
2026-09-16T15:25:20.734004+00:00,kube-system,metrics-server-75dc6f8d87-8xng4,18.0,63963136
2026-09-16T15:25:20.734004+00:00,kube-system,svclb-traefik-0640832b-cmlmg,0.0,0
2026-09-16T15:25:20.734004+00:00,kube-system,traefik-9bcdbbd9-p72qj,3.0,63963136
2026-09-16T15:25:20.734004+00:00,pyroscope,pyroscope-0,5.0,90177536
2026-09-16T15:25:20.734004+00:00,pyroscope,pyroscope-alloy-0,27.0,143654912
2026-09-16T15:25:26.969847+00:00,grove-system,grove-operator-7b4ff56598-fnn26,21.0,150994944
2026-09-16T15:25:26.969847+00:00,kai-scheduler,admission-86666f457d-p5pmm,1.0,13631488
2026-09-16T15:25:26.969847+00:00,kai-scheduler,binder-869fc94c7-xjgwh,22.0,91226112
2026-09-16T15:25:26.969847+00:00,kai-scheduler,kai-operator-69b5d7bcf7-z7q9w,2.0,58720256
2026-09-16T15:25:26.969847+00:00,kai-scheduler,kai-scheduler-default-54f59b45b-wcmls,20.0,111149056
2026-09-16T15:25:26.969847+00:00,kai-scheduler,pod-grouper-65456f756-8brn7,1.0,9437184
2026-09-16T15:25:26.969847+00:00,kai-scheduler,podgroup-controller-68f9cc8dbf-vtczt,1.0,13631488
2026-09-16T15:25:26.969847+00:00,kai-scheduler,queue-controller-f86fcd76c-v769g,1.0,13631488
2026-09-16T15:25:26.969847+00:00,kube-system,coredns-8db54c48d-ghktl,4.0,27262976
2026-09-16T15:25:26.969847+00:00,kube-system,kwok-controller-5cf8c7c44b-hbw5c,43.0,37748736
2026-09-16T15:25:26.969847+00:00,kube-system,local-path-provisioner-5d9d9885bc-gz6gf,1.0,15728640
2026-09-16T15:25:26.969847+00:00,kube-system,metrics-server-75dc6f8d87-8xng4,18.0,63963136
2026-09-16T15:25:26.969847+00:00,kube-system,svclb-traefik-0640832b-cmlmg,0.0,0
2026-09-16T15:25:26.969847+00:00,kube-system,traefik-9bcdbbd9-p72qj,3.0,63963136
2026-09-16T15:25:26.969847+00:00,pyroscope,pyroscope-0,5.0,90177536
2026-09-16T15:25:26.969847+00:00,pyroscope,pyroscope-alloy-0,27.0,143654912
2026-09-16T15:25:33.208584+00:00,grove-system,grove-operator-7b4ff56598-fnn26,23.0,148897792
2026-09-16T15:25:33.208584+00:00,kai-scheduler,admission-86666f457d-p5pmm,1.0,13631488
2026-09-16T15:25:33.208584+00:00,kai-scheduler,binder-869fc94c7-xjgwh,23.0,82837504
2026-09-16T15:25:33.208584+00:00,kai-scheduler,kai-operator-69b5d7bcf7-z7q9w,1.0,58720256
2026-09-16T15:25:33.208584+00:00,kai-scheduler,kai-scheduler-default-54f59b45b-wcmls,19.0,99614720
2026-09-16T15:25:33.208584+00:00,kai-scheduler,pod-grouper-65456f756-8brn7,1.0,9437184
2026-09-16T15:25:33.208584+00:00,kai-scheduler,podgroup-controller-68f9cc8dbf-vtczt,1.0,13631488
2026-09-16T15:25:33.208584+00:00,kai-scheduler,queue-controller-f86fcd76c-v769g,1.0,13631488
2026-09-16T15:25:33.208584+00:00,kube-system,coredns-8db54c48d-ghktl,3.0,27262976
2026-09-16T15:25:33.208584+00:00,kube-system,kwok-controller-5cf8c7c44b-hbw5c,48.0,38797312
2026-09-16T15:25:33.208584+00:00,kube-system,local-path-provisioner-5d9d9885bc-gz6gf,1.0,15728640
2026-09-16T15:25:33.208584+00:00,kube-system,metrics-server-75dc6f8d87-8xng4,18.0,63963136
2026-09-16T15:25:33.208584+00:00,kube-system,svclb-traefik-0640832b-cmlmg,0.0,0
2026-09-16T15:25:33.208584+00:00,kube-system,traefik-9bcdbbd9-p72qj,3.0,66060288
2026-09-16T15:25:33.208584+00:00,pyroscope,pyroscope-0,5.0,90177536
2026-09-16T15:25:33.208584+00:00,pyroscope,pyroscope-alloy-0,23.0,143654912
2026-09-16T15:25:39.446770+00:00,grove-system,grove-operator-7b4ff56598-fnn26,23.0,148897792
2026-09-16T15:25:39.446770+00:00,kai-scheduler,admission-86666f457d-p5pmm,1.0,13631488
2026-09-16T15:25:39.446770+00:00,kai-scheduler,binder-869fc94c7-xjgwh,23.0,82837504
2026-09-16T15:25:39.446770+00:00,kai-scheduler,kai-operator-69b5d7bcf7-z7q9w,1.0,58720256
2026-09-16T15:25:39.446770+00:00,kai-scheduler,kai-scheduler-default-54f59b45b-wcmls,19.0,99614720
2026-09-16T15:25:39.446770+00:00,kai-scheduler,pod-grouper-65456f756-8brn7,1.0,9437184
2026-09-16T15:25:39.446770+00:00,kai-scheduler,podgroup-controller-68f9cc8dbf-vtczt,1.0,13631488
2026-09-16T15:25:39.446770+00:00,kai-scheduler,queue-controller-f86fcd76c-v769g,1.0,13631488
2026-09-16T15:25:39.446770+00:00,kube-system,coredns-8db54c48d-ghktl,3.0,27262976
2026-09-16T15:25:39.446770+00:00,kube-system,kwok-controller-5cf8c7c44b-hbw5c,48.0,38797312
2026-09-16T15:25:39.446770+00:00,kube-system,local-path-provisioner-5d9d9885bc-gz6gf,1.0,15728640
2026-09-16T15:25:39.446770+00:00,kube-system,metrics-server-75dc6f8d87-8xng4,18.0,63963136
2026-09-16T15:25:39.446770+00:00,kube-system,svclb-traefik-0640832b-cmlmg,0.0,0
2026-09-16T15:25:39.446770+00:00,kube-system,traefik-9bcdbbd9-p72qj,3.0,66060288
2026-09-16T15:25:39.446770+00:00,pyroscope,pyroscope-0,5.0,90177536
2026-09-16T15:25:39.446770+00:00,pyroscope,pyroscope-alloy-0,23.0,143654912
2026-09-16T15:25:45.694259+00:00,grove-system,grove-operator-7b4ff56598-fnn26,23.0,148897792
2026-09-16T15:25:45.694259+00:00,kai-scheduler,admission-86666f457d-p5pmm,1.0,13631488
2026-09-16T15:25:45.694259+00:00,kai-scheduler,binder-869fc94c7-xjgwh,23.0,82837504
2026-09-16T15:25:45.694259+00:00,kai-scheduler,kai-operator-69b5d7bcf7-z7q9w,1.0,58720256
2026-09-16T15:25:45.694259+00:00,kai-scheduler,kai-scheduler-default-54f59b45b-wcmls,19.0,99614720
2026-09-16T15:25:45.694259+00:00,kai-scheduler,pod-grouper-65456f756-8brn7,1.0,9437184
2026-09-16T15:25:45.694259+00:00,kai-scheduler,podgroup-controller-68f9cc8dbf-vtczt,1.0,13631488
2026-09-16T15:25:45.694259+00:00,kai-scheduler,queue-controller-f86fcd76c-v769g,1.0,13631488
2026-09-16T15:25:45.694259+00:00,kube-system,coredns-8db54c48d-ghktl,3.0,27262976
2026-09-16T15:25:45.694259+00:00,kube-system,kwok-controller-5cf8c7c44b-hbw5c,48.0,38797312
2026-09-16T15:25:45.694259+00:00,kube-system,local-path-provisioner-5d9d9885bc-gz6gf,1.0,15728640
2026-09-16T15:25:45.694259+00:00,kube-system,metrics-server-75dc6f8d87-8xng4,18.0,63963136
2026-09-16T15:25:45.694259+00:00,kube-system,svclb-traefik-0640832b-cmlmg,0.0,0
2026-09-16T15:25:45.694259+00:00,kube-system,traefik-9bcdbbd9-p72qj,3.0,66060288
2026-09-16T15:25:45.694259+00:00,pyroscope,pyroscope-0,5.0,90177536
2026-09-16T15:25:45.694259+00:00,pyroscope,pyroscope-alloy-0,23.0,143654912
2026-09-16T15:25:51.949186+00:00,grove-system,grove-operator-7b4ff56598-fnn26,20.0,144703488
2026-09-16T15:25:51.949186+00:00,kai-scheduler,admission-86666f457d-p5pmm,1.0,13631488
2026-09-16T15:25:51.949186+00:00,kai-scheduler,binder-869fc94c7-xjgwh,23.0,82837504
2026-09-16T15:25:51.949186+00:00,kai-scheduler,kai-operator-69b5d7bcf7-z7q9w,15.0,65011712
2026-09-16T15:25:51.949186+00:00,kai-scheduler,kai-scheduler-default-54f59b45b-wcmls,20.0,92274688
2026-09-16T15:25:51.949186+00:00,kai-scheduler,pod-grouper-65456f756-8brn7,1.0,9437184
2026-09-16T15:25:51.949186+00:00,kai-scheduler,podgroup-controller-68f9cc8dbf-vtczt,1.0,13631488
2026-09-16T15:25:51.949186+00:00,kai-scheduler,queue-controller-f86fcd76c-v769g,1.0,13631488
2026-09-16T15:25:51.949186+00:00,kube-system,coredns-8db54c48d-ghktl,4.0,26214400
2026-09-16T15:25:51.949186+00:00,kube-system,kwok-controller-5cf8c7c44b-hbw5c,42.0,40894464
2026-09-16T15:25:51.949186+00:00,kube-system,local-path-provisioner-5d9d9885bc-gz6gf,1.0,15728640
2026-09-16T15:25:51.949186+00:00,kube-system,metrics-server-75dc6f8d87-8xng4,20.0,62914560
2026-09-16T15:25:51.949186+00:00,kube-system,svclb-traefik-0640832b-cmlmg,0.0,0
2026-09-16T15:25:51.949186+00:00,kube-system,traefik-9bcdbbd9-p72qj,25.0,58720256
2026-09-16T15:25:51.949186+00:00,pyroscope,pyroscope-0,5.0,90177536
2026-09-16T15:25:51.949186+00:00,pyroscope,pyroscope-alloy-0,23.0,143654912
2026-09-16T15:25:58.196185+00:00,grove-system,grove-operator-7b4ff56598-fnn26,20.0,144703488
2026-09-16T15:25:58.196185+00:00,kai-scheduler,admission-86666f457d-p5pmm,1.0,13631488
2026-09-16T15:25:58.196185+00:00,kai-scheduler,binder-869fc94c7-xjgwh,23.0,82837504
2026-09-16T15:25:58.196185+00:00,kai-scheduler,kai-operator-69b5d7bcf7-z7q9w,15.0,65011712
2026-09-16T15:25:58.196185+00:00,kai-scheduler,kai-scheduler-default-54f59b45b-wcmls,20.0,92274688
2026-09-16T15:25:58.196185+00:00,kai-scheduler,pod-grouper-65456f756-8brn7,1.0,9437184
2026-09-16T15:25:58.196185+00:00,kai-scheduler,podgroup-controller-68f9cc8dbf-vtczt,1.0,13631488
2026-09-16T15:25:58.196185+00:00,kai-scheduler,queue-controller-f86fcd76c-v769g,1.0,13631488
2026-09-16T15:25:58.196185+00:00,kube-system,coredns-8db54c48d-ghktl,4.0,26214400
2026-09-16T15:25:58.196185+00:00,kube-system,kwok-controller-5cf8c7c44b-hbw5c,42.0,40894464
2026-09-16T15:25:58.196185+00:00,kube-system,local-path-provisioner-5d9d9885bc-gz6gf,1.0,15728640
2026-09-16T15:25:58.196185+00:00,kube-system,metrics-server-75dc6f8d87-8xng4,20.0,62914560
2026-09-16T15:25:58.196185+00:00,kube-system,svclb-traefik-0640832b-cmlmg,0.0,0
2026-09-16T15:25:58.196185+00:00,kube-system,traefik-9bcdbbd9-p72qj,25.0,58720256
2026-09-16T15:25:58.196185+00:00,pyroscope,pyroscope-0,5.0,90177536
2026-09-16T15:25:58.196185+00:00,pyroscope,pyroscope-alloy-0,23.0,143654912
2026-09-16T15:26:04.440376+00:00,grove-system,grove-operator-7b4ff56598-fnn26,177.0,142606336
2026-09-16T15:26:04.440376+00:00,kai-scheduler,admission-86666f457d-p5pmm,1.0,13631488
2026-09-16T15:26:04.440376+00:00,kai-scheduler,binder-869fc94c7-xjgwh,25.0,73400320
2026-09-16T15:26:04.440376+00:00,kai-scheduler,kai-operator-69b5d7bcf7-z7q9w,7.0,62914560
2026-09-16T15:26:04.440376+00:00,kai-scheduler,kai-scheduler-default-54f59b45b-wcmls,39.0,97517568
2026-09-16T15:26:04.440376+00:00,kai-scheduler,pod-grouper-65456f756-8brn7,1.0,9437184
2026-09-16T15:26:04.440376+00:00,kai-scheduler,podgroup-controller-68f9cc8dbf-vtczt,1.0,13631488
2026-09-16T15:26:04.440376+00:00,kai-scheduler,queue-controller-f86fcd76c-v769g,1.0,13631488
2026-09-16T15:26:04.440376+00:00,kube-system,coredns-8db54c48d-ghktl,10.0,26214400
2026-09-16T15:26:04.440376+00:00,kube-system,kwok-controller-5cf8c7c44b-hbw5c,34.0,36700160
2026-09-16T15:26:04.440376+00:00,kube-system,local-path-provisioner-5d9d9885bc-gz6gf,1.0,15728640
2026-09-16T15:26:04.440376+00:00,kube-system,metrics-server-75dc6f8d87-8xng4,15.0,60817408
2026-09-16T15:26:04.440376+00:00,kube-system,svclb-traefik-0640832b-cmlmg,0.0,0
2026-09-16T15:26:04.440376+00:00,kube-system,traefik-9bcdbbd9-p72qj,13.0,56623104
2026-09-16T15:26:04.440376+00:00,pyroscope,pyroscope-0,9.0,106954752
2026-09-16T15:26:04.440376+00:00,pyroscope,pyroscope-alloy-0,17.0,138412032
2026-09-16T15:26:10.694165+00:00,grove-system,grove-operator-7b4ff56598-fnn26,177.0,142606336
2026-09-16T15:26:10.694165+00:00,kai-scheduler,admission-86666f457d-p5pmm,1.0,13631488
2026-09-16T15:26:10.694165+00:00,kai-scheduler,binder-869fc94c7-xjgwh,25.0,73400320
2026-09-16T15:26:10.694165+00:00,kai-scheduler,kai-operator-69b5d7bcf7-z7q9w,7.0,62914560
2026-09-16T15:26:10.694165+00:00,kai-scheduler,kai-scheduler-default-54f59b45b-wcmls,39.0,97517568
2026-09-16T15:26:10.694165+00:00,kai-scheduler,pod-grouper-65456f756-8brn7,1.0,9437184
2026-09-16T15:26:10.694165+00:00,kai-scheduler,podgroup-controller-68f9cc8dbf-vtczt,1.0,13631488
2026-09-16T15:26:10.694165+00:00,kai-scheduler,queue-controller-f86fcd76c-v769g,1.0,13631488
2026-09-16T15:26:10.694165+00:00,kube-system,coredns-8db54c48d-ghktl,10.0,26214400
2026-09-16T15:26:10.694165+00:00,kube-system,kwok-controller-5cf8c7c44b-hbw5c,34.0,36700160
2026-09-16T15:26:10.694165+00:00,kube-system,local-path-provisioner-5d9d9885bc-gz6gf,1.0,15728640
2026-09-16T15:26:10.694165+00:00,kube-system,metrics-server-75dc6f8d87-8xng4,15.0,60817408
2026-09-16T15:26:10.694165+00:00,kube-system,svclb-traefik-0640832b-cmlmg,0.0,0
2026-09-16T15:26:10.694165+00:00,kube-system,traefik-9bcdbbd9-p72qj,13.0,56623104
2026-09-16T15:26:10.694165+00:00,pyroscope,pyroscope-0,9.0,106954752
2026-09-16T15:26:10.694165+00:00,pyroscope,pyroscope-alloy-0,17.0,138412032
2026-09-16T15:26:16.946889+00:00,grove-system,grove-operator-7b4ff56598-fnn26,653.0,160432128
2026-09-16T15:26:16.946889+00:00,kai-scheduler,admission-86666f457d-p5pmm,1.0,13631488
2026-09-16T15:26:16.946889+00:00,kai-scheduler,binder-869fc94c7-xjgwh,62.0,90177536
2026-09-16T15:26:16.946889+00:00,kai-scheduler,kai-operator-69b5d7bcf7-z7q9w,3.0,67108864
2026-09-16T15:26:16.946889+00:00,kai-scheduler,kai-scheduler-default-54f59b45b-wcmls,24.0,115343360
2026-09-16T15:26:16.946889+00:00,kai-scheduler,pod-grouper-65456f756-8brn7,1.0,9437184
2026-09-16T15:26:16.946889+00:00,kai-scheduler,podgroup-controller-68f9cc8dbf-vtczt,1.0,13631488
2026-09-16T15:26:16.946889+00:00,kai-scheduler,queue-controller-f86fcd76c-v769g,1.0,13631488
2026-09-16T15:26:16.946889+00:00,kube-system,coredns-8db54c48d-ghktl,11.0,28311552
2026-09-16T15:26:16.946889+00:00,kube-system,kwok-controller-5cf8c7c44b-hbw5c,93.0,36700160
2026-09-16T15:26:16.946889+00:00,kube-system,local-path-provisioner-5d9d9885bc-gz6gf,1.0,15728640
2026-09-16T15:26:16.946889+00:00,kube-system,metrics-server-75dc6f8d87-8xng4,20.0,61865984
2026-09-16T15:26:16.946889+00:00,kube-system,svclb-traefik-0640832b-cmlmg,0.0,0
2026-09-16T15:26:16.946889+00:00,kube-system,traefik-9bcdbbd9-p72qj,26.0,59768832
2026-09-16T15:26:16.946889+00:00,pyroscope,pyroscope-0,8.0,106954752
2026-09-16T15:26:16.946889+00:00,pyroscope,pyroscope-alloy-0,55.0,132120576
2026-09-16T15:26:23.203374+00:00,grove-system,grove-operator-7b4ff56598-fnn26,653.0,160432128
2026-09-16T15:26:23.203374+00:00,kai-scheduler,admission-86666f457d-p5pmm,1.0,13631488
2026-09-16T15:26:23.203374+00:00,kai-scheduler,binder-869fc94c7-xjgwh,62.0,90177536
2026-09-16T15:26:23.203374+00:00,kai-scheduler,kai-operator-69b5d7bcf7-z7q9w,3.0,67108864
2026-09-16T15:26:23.203374+00:00,kai-scheduler,kai-scheduler-default-54f59b45b-wcmls,24.0,115343360
2026-09-16T15:26:23.203374+00:00,kai-scheduler,pod-grouper-65456f756-8brn7,1.0,9437184
2026-09-16T15:26:23.203374+00:00,kai-scheduler,podgroup-controller-68f9cc8dbf-vtczt,1.0,13631488
2026-09-16T15:26:23.203374+00:00,kai-scheduler,queue-controller-f86fcd76c-v769g,1.0,13631488
2026-09-16T15:26:23.203374+00:00,kube-system,coredns-8db54c48d-ghktl,11.0,28311552
2026-09-16T15:26:23.203374+00:00,kube-system,kwok-controller-5cf8c7c44b-hbw5c,93.0,36700160
2026-09-16T15:26:23.203374+00:00,kube-system,local-path-provisioner-5d9d9885bc-gz6gf,1.0,15728640
2026-09-16T15:26:23.203374+00:00,kube-system,metrics-server-75dc6f8d87-8xng4,20.0,61865984
2026-09-16T15:26:23.203374+00:00,kube-system,svclb-traefik-0640832b-cmlmg,0.0,0
2026-09-16T15:26:23.203374+00:00,kube-system,traefik-9bcdbbd9-p72qj,26.0,59768832
2026-09-16T15:26:23.203374+00:00,pyroscope,pyroscope-0,8.0,106954752
2026-09-16T15:26:23.203374+00:00,pyroscope,pyroscope-alloy-0,55.0,132120576
2026-09-16T15:26:29.441350+00:00,grove-system,grove-operator-7b4ff56598-fnn26,653.0,160432128
2026-09-16T15:26:29.441350+00:00,kai-scheduler,admission-86666f457d-p5pmm,1.0,13631488
2026-09-16T15:26:29.441350+00:00,kai-scheduler,binder-869fc94c7-xjgwh,62.0,90177536
2026-09-16T15:26:29.441350+00:00,kai-scheduler,kai-operator-69b5d7bcf7-z7q9w,3.0,67108864
2026-09-16T15:26:29.441350+00:00,kai-scheduler,kai-scheduler-default-54f59b45b-wcmls,24.0,115343360
2026-09-16T15:26:29.441350+00:00,kai-scheduler,pod-grouper-65456f756-8brn7,1.0,9437184
2026-09-16T15:26:29.441350+00:00,kai-scheduler,podgroup-controller-68f9cc8dbf-vtczt,1.0,13631488
2026-09-16T15:26:29.441350+00:00,kai-scheduler,queue-controller-f86fcd76c-v769g,1.0,13631488
2026-09-16T15:26:29.441350+00:00,kube-system,coredns-8db54c48d-ghktl,11.0,28311552
2026-09-16T15:26:29.441350+00:00,kube-system,kwok-controller-5cf8c7c44b-hbw5c,93.0,36700160
2026-09-16T15:26:29.441350+00:00,kube-system,local-path-provisioner-5d9d9885bc-gz6gf,1.0,15728640
2026-09-16T15:26:29.441350+00:00,kube-system,metrics-server-75dc6f8d87-8xng4,20.0,61865984
2026-09-16T15:26:29.441350+00:00,kube-system,svclb-traefik-0640832b-cmlmg,0.0,0
2026-09-16T15:26:29.441350+00:00,kube-system,traefik-9bcdbbd9-p72qj,26.0,59768832
2026-09-16T15:26:29.441350+00:00,pyroscope,pyroscope-0,8.0,106954752
2026-09-16T15:26:29.441350+00:00,pyroscope,pyroscope-alloy-0,55.0,132120576
2026-09-16T15:26:36.005881+00:00,grove-system,grove-operator-7b4ff56598-fnn26,830.0,175112192
2026-09-16T15:26:36.005881+00:00,kai-scheduler,admission-86666f457d-p5pmm,1.0,13631488
2026-09-16T15:26:36.005881+00:00,kai-scheduler,binder-869fc94c7-xjgwh,39.0,109051904
2026-09-16T15:26:36.005881+00:00,kai-scheduler,kai-operator-69b5d7bcf7-z7q9w,6.0,63963136
2026-09-16T15:26:36.005881+00:00,kai-scheduler,kai-scheduler-default-54f59b45b-wcmls,53.0,114294784
2026-09-16T15:26:36.005881+00:00,kai-scheduler,pod-grouper-65456f756-8brn7,1.0,9437184
2026-09-16T15:26:36.005881+00:00,kai-scheduler,podgroup-controller-68f9cc8dbf-vtczt,1.0,13631488
2026-09-16T15:26:36.005881+00:00,kai-scheduler,queue-controller-f86fcd76c-v769g,1.0,13631488
2026-09-16T15:26:36.005881+00:00,kube-system,coredns-8db54c48d-ghktl,12.0,26214400
2026-09-16T15:26:36.005881+00:00,kube-system,kwok-controller-5cf8c7c44b-hbw5c,118.0,38797312
2026-09-16T15:26:36.005881+00:00,kube-system,local-path-provisioner-5d9d9885bc-gz6gf,1.0,15728640
2026-09-16T15:26:36.005881+00:00,kube-system,metrics-server-75dc6f8d87-8xng4,10.0,60817408
2026-09-16T15:26:36.005881+00:00,kube-system,svclb-traefik-0640832b-cmlmg,0.0,0
2026-09-16T15:26:36.005881+00:00,kube-system,traefik-9bcdbbd9-p72qj,12.0,58720256
2026-09-16T15:26:36.005881+00:00,pyroscope,pyroscope-0,7.0,98566144
2026-09-16T15:26:36.005881+00:00,pyroscope,pyroscope-alloy-0,34.0,138412032
2026-09-16T15:26:42.244082+00:00,grove-system,grove-operator-7b4ff56598-fnn26,830.0,175112192
2026-09-16T15:26:42.244082+00:00,kai-scheduler,admission-86666f457d-p5pmm,1.0,13631488
2026-09-16T15:26:42.244082+00:00,kai-scheduler,binder-869fc94c7-xjgwh,39.0,109051904
2026-09-16T15:26:42.244082+00:00,kai-scheduler,kai-operator-69b5d7bcf7-z7q9w,6.0,63963136
2026-09-16T15:26:42.244082+00:00,kai-scheduler,kai-scheduler-default-54f59b45b-wcmls,53.0,114294784
2026-09-16T15:26:42.244082+00:00,kai-scheduler,pod-grouper-65456f756-8brn7,1.0,9437184
2026-09-16T15:26:42.244082+00:00,kai-scheduler,podgroup-controller-68f9cc8dbf-vtczt,1.0,13631488
2026-09-16T15:26:42.244082+00:00,kai-scheduler,queue-controller-f86fcd76c-v769g,1.0,13631488
2026-09-16T15:26:42.244082+00:00,kube-system,coredns-8db54c48d-ghktl,12.0,26214400
2026-09-16T15:26:42.244082+00:00,kube-system,kwok-controller-5cf8c7c44b-hbw5c,118.0,38797312
2026-09-16T15:26:42.244082+00:00,kube-system,local-path-provisioner-5d9d9885bc-gz6gf,1.0,15728640
2026-09-16T15:26:42.244082+00:00,kube-system,metrics-server-75dc6f8d87-8xng4,10.0,60817408
2026-09-16T15:26:42.244082+00:00,kube-system,svclb-traefik-0640832b-cmlmg,0.0,0
2026-09-16T15:26:42.244082+00:00,kube-system,traefik-9bcdbbd9-p72qj,12.0,58720256
2026-09-16T15:26:42.244082+00:00,pyroscope,pyroscope-0,7.0,98566144
2026-09-16T15:26:42.244082+00:00,pyroscope,pyroscope-alloy-0,34.0,138412032
2026-09-16T15:26:48.478921+00:00,grove-system,grove-operator-7b4ff56598-fnn26,556.0,170917888
2026-09-16T15:26:48.478921+00:00,kai-scheduler,admission-86666f457d-p5pmm,1.0,13631488
2026-09-16T15:26:48.478921+00:00,kai-scheduler,binder-869fc94c7-xjgwh,12.0,105906176
2026-09-16T15:26:48.478921+00:00,kai-scheduler,kai-operator-69b5d7bcf7-z7q9w,3.0,65011712
2026-09-16T15:26:48.478921+00:00,kai-scheduler,kai-scheduler-default-54f59b45b-wcmls,18.0,140509184
2026-09-16T15:26:48.478921+00:00,kai-scheduler,pod-grouper-65456f756-8brn7,1.0,9437184
2026-09-16T15:26:48.478921+00:00,kai-scheduler,podgroup-controller-68f9cc8dbf-vtczt,1.0,13631488
2026-09-16T15:26:48.478921+00:00,kai-scheduler,queue-controller-f86fcd76c-v769g,1.0,13631488
2026-09-16T15:26:48.478921+00:00,kube-system,coredns-8db54c48d-ghktl,9.0,28311552
2026-09-16T15:26:48.478921+00:00,kube-system,kwok-controller-5cf8c7c44b-hbw5c,23.0,38797312
2026-09-16T15:26:48.478921+00:00,kube-system,local-path-provisioner-5d9d9885bc-gz6gf,1.0,15728640
2026-09-16T15:26:48.478921+00:00,kube-system,metrics-server-75dc6f8d87-8xng4,20.0,60817408
2026-09-16T15:26:48.478921+00:00,kube-system,svclb-traefik-0640832b-cmlmg,0.0,0
2026-09-16T15:26:48.478921+00:00,kube-system,traefik-9bcdbbd9-p72qj,13.0,62914560
2026-09-16T15:26:48.478921+00:00,pyroscope,pyroscope-0,11.0,118489088
2026-09-16T15:26:48.478921+00:00,pyroscope,pyroscope-alloy-0,55.0,145752064
2026-09-16T15:26:54.717822+00:00,grove-system,grove-operator-7b4ff56598-fnn26,556.0,170917888
2026-09-16T15:26:54.717822+00:00,kai-scheduler,admission-86666f457d-p5pmm,1.0,13631488
2026-09-16T15:26:54.717822+00:00,kai-scheduler,binder-869fc94c7-xjgwh,12.0,105906176
2026-09-16T15:26:54.717822+00:00,kai-scheduler,kai-operator-69b5d7bcf7-z7q9w,3.0,65011712
2026-09-16T15:26:54.717822+00:00,kai-scheduler,kai-scheduler-default-54f59b45b-wcmls,18.0,140509184
2026-09-16T15:26:54.717822+00:00,kai-scheduler,pod-grouper-65456f756-8brn7,1.0,9437184
2026-09-16T15:26:54.717822+00:00,kai-scheduler,podgroup-controller-68f9cc8dbf-vtczt,1.0,13631488
2026-09-16T15:26:54.717822+00:00,kai-scheduler,queue-controller-f86fcd76c-v769g,1.0,13631488
2026-09-16T15:26:54.717822+00:00,kube-system,coredns-8db54c48d-ghktl,9.0,28311552
2026-09-16T15:26:54.717822+00:00,kube-system,kwok-controller-5cf8c7c44b-hbw5c,23.0,38797312
2026-09-16T15:26:54.717822+00:00,kube-system,local-path-provisioner-5d9d9885bc-gz6gf,1.0,15728640
2026-09-16T15:26:54.717822+00:00,kube-system,metrics-server-75dc6f8d87-8xng4,20.0,60817408
2026-09-16T15:26:54.717822+00:00,kube-system,svclb-traefik-0640832b-cmlmg,0.0,0
2026-09-16T15:26:54.717822+00:00,kube-system,traefik-9bcdbbd9-p72qj,13.0,62914560
2026-09-16T15:26:54.717822+00:00,pyroscope,pyroscope-0,11.0,118489088
2026-09-16T15:26:54.717822+00:00,pyroscope,pyroscope-alloy-0,55.0,145752064
2026-09-16T15:27:00.950475+00:00,grove-system,grove-operator-7b4ff56598-fnn26,556.0,170917888
2026-09-16T15:27:00.950475+00:00,kai-scheduler,admission-86666f457d-p5pmm,1.0,13631488
2026-09-16T15:27:00.950475+00:00,kai-scheduler,binder-869fc94c7-xjgwh,12.0,105906176
2026-09-16T15:27:00.950475+00:00,kai-scheduler,kai-operator-69b5d7bcf7-z7q9w,3.0,65011712
2026-09-16T15:27:00.950475+00:00,kai-scheduler,kai-scheduler-default-54f59b45b-wcmls,18.0,140509184
2026-09-16T15:27:00.950475+00:00,kai-scheduler,pod-grouper-65456f756-8brn7,1.0,9437184
2026-09-16T15:27:00.950475+00:00,kai-scheduler,podgroup-controller-68f9cc8dbf-vtczt,1.0,13631488
2026-09-16T15:27:00.950475+00:00,kai-scheduler,queue-controller-f86fcd76c-v769g,1.0,13631488
2026-09-16T15:27:00.950475+00:00,kube-system,coredns-8db54c48d-ghktl,9.0,28311552
2026-09-16T15:27:00.950475+00:00,kube-system,kwok-controller-5cf8c7c44b-hbw5c,23.0,38797312
2026-09-16T15:27:00.950475+00:00,kube-system,local-path-provisioner-5d9d9885bc-gz6gf,1.0,15728640
2026-09-16T15:27:00.950475+00:00,kube-system,metrics-server-75dc6f8d87-8xng4,20.0,60817408
2026-09-16T15:27:00.950475+00:00,kube-system,svclb-traefik-0640832b-cmlmg,0.0,0
2026-09-16T15:27:00.950475+00:00,kube-system,traefik-9bcdbbd9-p72qj,13.0,62914560
2026-09-16T15:27:00.950475+00:00,pyroscope,pyroscope-0,11.0,118489088
2026-09-16T15:27:00.950475+00:00,pyroscope,pyroscope-alloy-0,55.0,145752064
2026-09-16T15:27:07.186203+00:00,grove-system,grove-operator-7b4ff56598-fnn26,33.0,175112192
2026-09-16T15:27:07.186203+00:00,kai-scheduler,admission-86666f457d-p5pmm,1.0,13631488
2026-09-16T15:27:07.186203+00:00,kai-scheduler,binder-869fc94c7-xjgwh,1.0,105906176
2026-09-16T15:27:07.186203+00:00,kai-scheduler,kai-operator-69b5d7bcf7-z7q9w,3.0,66060288
2026-09-16T15:27:07.186203+00:00,kai-scheduler,kai-scheduler-default-54f59b45b-wcmls,18.0,140509184
2026-09-16T15:27:07.186203+00:00,kai-scheduler,pod-grouper-65456f756-8brn7,1.0,9437184
2026-09-16T15:27:07.186203+00:00,kai-scheduler,podgroup-controller-68f9cc8dbf-vtczt,1.0,13631488
2026-09-16T15:27:07.186203+00:00,kai-scheduler,queue-controller-f86fcd76c-v769g,1.0,13631488
2026-09-16T15:27:07.186203+00:00,kube-system,coredns-8db54c48d-ghktl,9.0,27262976
2026-09-16T15:27:07.186203+00:00,kube-system,kwok-controller-5cf8c7c44b-hbw5c,13.0,39845888
2026-09-16T15:27:07.186203+00:00,kube-system,local-path-provisioner-5d9d9885bc-gz6gf,1.0,15728640
2026-09-16T15:27:07.186203+00:00,kube-system,metrics-server-75dc6f8d87-8xng4,6.0,60817408
2026-09-16T15:27:07.186203+00:00,kube-system,svclb-traefik-0640832b-cmlmg,0.0,0
2026-09-16T15:27:07.186203+00:00,kube-system,traefik-9bcdbbd9-p72qj,14.0,61865984
2026-09-16T15:27:07.186203+00:00,pyroscope,pyroscope-0,6.0,105906176
2026-09-16T15:27:07.186203+00:00,pyroscope,pyroscope-alloy-0,9.0,155189248
2026-09-16T15:27:13.424461+00:00,grove-system,grove-operator-7b4ff56598-fnn26,33.0,175112192
2026-09-16T15:27:13.424461+00:00,kai-scheduler,admission-86666f457d-p5pmm,1.0,13631488
2026-09-16T15:27:13.424461+00:00,kai-scheduler,binder-869fc94c7-xjgwh,1.0,105906176
2026-09-16T15:27:13.424461+00:00,kai-scheduler,kai-operator-69b5d7bcf7-z7q9w,3.0,66060288
2026-09-16T15:27:13.424461+00:00,kai-scheduler,kai-scheduler-default-54f59b45b-wcmls,18.0,140509184
2026-09-16T15:27:13.424461+00:00,kai-scheduler,pod-grouper-65456f756-8brn7,1.0,9437184
2026-09-16T15:27:13.424461+00:00,kai-scheduler,podgroup-controller-68f9cc8dbf-vtczt,1.0,13631488
2026-09-16T15:27:13.424461+00:00,kai-scheduler,queue-controller-f86fcd76c-v769g,1.0,13631488
2026-09-16T15:27:13.424461+00:00,kube-system,coredns-8db54c48d-ghktl,9.0,27262976
2026-09-16T15:27:13.424461+00:00,kube-system,kwok-controller-5cf8c7c44b-hbw5c,13.0,39845888
2026-09-16T15:27:13.424461+00:00,kube-system,local-path-provisioner-5d9d9885bc-gz6gf,1.0,15728640
2026-09-16T15:27:13.424461+00:00,kube-system,metrics-server-75dc6f8d87-8xng4,6.0,60817408
2026-09-16T15:27:13.424461+00:00,kube-system,svclb-traefik-0640832b-cmlmg,0.0,0
2026-09-16T15:27:13.424461+00:00,kube-system,traefik-9bcdbbd9-p72qj,14.0,61865984
2026-09-16T15:27:13.424461+00:00,pyroscope,pyroscope-0,6.0,105906176
2026-09-16T15:27:13.424461+00:00,pyroscope,pyroscope-alloy-0,9.0,155189248
2026-09-16T15:27:19.665431+00:00,grove-system,grove-operator-7b4ff56598-fnn26,31.0,173015040
2026-09-16T15:27:19.665431+00:00,kai-scheduler,admission-86666f457d-p5pmm,1.0,14680064
2026-09-16T15:27:19.665431+00:00,kai-scheduler,binder-869fc94c7-xjgwh,1.0,105906176
2026-09-16T15:27:19.665431+00:00,kai-scheduler,kai-operator-69b5d7bcf7-z7q9w,4.0,66060288
2026-09-16T15:27:19.665431+00:00,kai-scheduler,kai-scheduler-default-54f59b45b-wcmls,15.0,141557760
2026-09-16T15:27:19.665431+00:00,kai-scheduler,pod-grouper-65456f756-8brn7,1.0,9437184
2026-09-16T15:27:19.665431+00:00,kai-scheduler,podgroup-controller-68f9cc8dbf-vtczt,1.0,13631488
2026-09-16T15:27:19.665431+00:00,kai-scheduler,queue-controller-f86fcd76c-v769g,1.0,13631488
2026-09-16T15:27:19.665431+00:00,kube-system,coredns-8db54c48d-ghktl,4.0,26214400
2026-09-16T15:27:19.665431+00:00,kube-system,kwok-controller-5cf8c7c44b-hbw5c,9.0,36700160
2026-09-16T15:27:19.665431+00:00,kube-system,local-path-provisioner-5d9d9885bc-gz6gf,1.0,15728640
2026-09-16T15:27:19.665431+00:00,kube-system,metrics-server-75dc6f8d87-8xng4,8.0,61865984
2026-09-16T15:27:19.665431+00:00,kube-system,svclb-traefik-0640832b-cmlmg,0.0,0
2026-09-16T15:27:19.665431+00:00,kube-system,traefik-9bcdbbd9-p72qj,4.0,62914560
2026-09-16T15:27:19.665431+00:00,pyroscope,pyroscope-0,5.0,105906176
2026-09-16T15:27:19.665431+00:00,pyroscope,pyroscope-alloy-0,5.0,155189248
2026-09-16T15:27:25.899723+00:00,grove-system,grove-operator-7b4ff56598-fnn26,31.0,173015040
2026-09-16T15:27:25.899723+00:00,kai-scheduler,admission-86666f457d-p5pmm,1.0,14680064
2026-09-16T15:27:25.899723+00:00,kai-scheduler,binder-869fc94c7-xjgwh,1.0,105906176
2026-09-16T15:27:25.899723+00:00,kai-scheduler,kai-operator-69b5d7bcf7-z7q9w,4.0,66060288
2026-09-16T15:27:25.899723+00:00,kai-scheduler,kai-scheduler-default-54f59b45b-wcmls,15.0,141557760
2026-09-16T15:27:25.899723+00:00,kai-scheduler,pod-grouper-65456f756-8brn7,1.0,9437184
2026-09-16T15:27:25.899723+00:00,kai-scheduler,podgroup-controller-68f9cc8dbf-vtczt,1.0,13631488
2026-09-16T15:27:25.899723+00:00,kai-scheduler,queue-controller-f86fcd76c-v769g,1.0,13631488
2026-09-16T15:27:25.899723+00:00,kube-system,coredns-8db54c48d-ghktl,4.0,26214400
2026-09-16T15:27:25.899723+00:00,kube-system,kwok-controller-5cf8c7c44b-hbw5c,9.0,36700160
2026-09-16T15:27:25.899723+00:00,kube-system,local-path-provisioner-5d9d9885bc-gz6gf,1.0,15728640
2026-09-16T15:27:25.899723+00:00,kube-system,metrics-server-75dc6f8d87-8xng4,8.0,61865984
2026-09-16T15:27:25.899723+00:00,kube-system,svclb-traefik-0640832b-cmlmg,0.0,0
2026-09-16T15:27:25.899723+00:00,kube-system,traefik-9bcdbbd9-p72qj,4.0,62914560
2026-09-16T15:27:25.899723+00:00,pyroscope,pyroscope-0,5.0,105906176
2026-09-16T15:27:25.899723+00:00,pyroscope,pyroscope-alloy-0,5.0,155189248
2026-09-16T15:27:32.135723+00:00,grove-system,grove-operator-7b4ff56598-fnn26,35.0,173015040
2026-09-16T15:27:32.135723+00:00,kai-scheduler,admission-86666f457d-p5pmm,1.0,13631488
2026-09-16T15:27:32.135723+00:00,kai-scheduler,binder-869fc94c7-xjgwh,1.0,105906176
2026-09-16T15:27:32.135723+00:00,kai-scheduler,kai-operator-69b5d7bcf7-z7q9w,3.0,67108864
2026-09-16T15:27:32.135723+00:00,kai-scheduler,kai-scheduler-default-54f59b45b-wcmls,17.0,142606336
2026-09-16T15:27:32.135723+00:00,kai-scheduler,pod-grouper-65456f756-8brn7,1.0,9437184
2026-09-16T15:27:32.135723+00:00,kai-scheduler,podgroup-controller-68f9cc8dbf-vtczt,1.0,13631488
2026-09-16T15:27:32.135723+00:00,kai-scheduler,queue-controller-f86fcd76c-v769g,1.0,13631488
2026-09-16T15:27:32.135723+00:00,kube-system,coredns-8db54c48d-ghktl,3.0,26214400
2026-09-16T15:27:32.135723+00:00,kube-system,kwok-controller-5cf8c7c44b-hbw5c,50.0,44040192
2026-09-16T15:27:32.135723+00:00,kube-system,local-path-provisioner-5d9d9885bc-gz6gf,1.0,15728640
2026-09-16T15:27:32.135723+00:00,kube-system,metrics-server-75dc6f8d87-8xng4,7.0,61865984
2026-09-16T15:27:32.135723+00:00,kube-system,svclb-traefik-0640832b-cmlmg,0.0,0
2026-09-16T15:27:32.135723+00:00,kube-system,traefik-9bcdbbd9-p72qj,3.0,61865984
2026-09-16T15:27:32.135723+00:00,pyroscope,pyroscope-0,5.0,95420416
2026-09-16T15:27:32.135723+00:00,pyroscope,pyroscope-alloy-0,5.0,155189248
2026-09-16T15:27:38.376068+00:00,grove-system,grove-operator-7b4ff56598-fnn26,35.0,173015040
2026-09-16T15:27:38.376068+00:00,kai-scheduler,admission-86666f457d-p5pmm,1.0,13631488
2026-09-16T15:27:38.376068+00:00,kai-scheduler,binder-869fc94c7-xjgwh,1.0,105906176
2026-09-16T15:27:38.376068+00:00,kai-scheduler,kai-operator-69b5d7bcf7-z7q9w,3.0,67108864
2026-09-16T15:27:38.376068+00:00,kai-scheduler,kai-scheduler-default-54f59b45b-wcmls,17.0,142606336
2026-09-16T15:27:38.376068+00:00,kai-scheduler,pod-grouper-65456f756-8brn7,1.0,9437184
2026-09-16T15:27:38.376068+00:00,kai-scheduler,podgroup-controller-68f9cc8dbf-vtczt,1.0,13631488
2026-09-16T15:27:38.376068+00:00,kai-scheduler,queue-controller-f86fcd76c-v769g,1.0,13631488
2026-09-16T15:27:38.376068+00:00,kube-system,coredns-8db54c48d-ghktl,3.0,26214400
2026-09-16T15:27:38.376068+00:00,kube-system,kwok-controller-5cf8c7c44b-hbw5c,50.0,44040192
2026-09-16T15:27:38.376068+00:00,kube-system,local-path-provisioner-5d9d9885bc-gz6gf,1.0,15728640
2026-09-16T15:27:38.376068+00:00,kube-system,metrics-server-75dc6f8d87-8xng4,7.0,61865984
2026-09-16T15:27:38.376068+00:00,kube-system,svclb-traefik-0640832b-cmlmg,0.0,0
2026-09-16T15:27:38.376068+00:00,kube-system,traefik-9bcdbbd9-p72qj,3.0,61865984
2026-09-16T15:27:38.376068+00:00,pyroscope,pyroscope-0,5.0,95420416
2026-09-16T15:27:38.376068+00:00,pyroscope,pyroscope-alloy-0,5.0,155189248
2026-09-16T15:27:44.611721+00:00,grove-system,grove-operator-7b4ff56598-fnn26,35.0,173015040
2026-09-16T15:27:44.611721+00:00,kai-scheduler,admission-86666f457d-p5pmm,1.0,13631488
2026-09-16T15:27:44.611721+00:00,kai-scheduler,binder-869fc94c7-xjgwh,1.0,105906176
2026-09-16T15:27:44.611721+00:00,kai-scheduler,kai-operator-69b5d7bcf7-z7q9w,3.0,67108864
2026-09-16T15:27:44.611721+00:00,kai-scheduler,kai-scheduler-default-54f59b45b-wcmls,17.0,142606336
2026-09-16T15:27:44.611721+00:00,kai-scheduler,pod-grouper-65456f756-8brn7,1.0,9437184
2026-09-16T15:27:44.611721+00:00,kai-scheduler,podgroup-controller-68f9cc8dbf-vtczt,1.0,13631488
2026-09-16T15:27:44.611721+00:00,kai-scheduler,queue-controller-f86fcd76c-v769g,1.0,13631488
2026-09-16T15:27:44.611721+00:00,kube-system,coredns-8db54c48d-ghktl,3.0,26214400
2026-09-16T15:27:44.611721+00:00,kube-system,kwok-controller-5cf8c7c44b-hbw5c,50.0,44040192
2026-09-16T15:27:44.611721+00:00,kube-system,local-path-provisioner-5d9d9885bc-gz6gf,1.0,15728640
2026-09-16T15:27:44.611721+00:00,kube-system,metrics-server-75dc6f8d87-8xng4,7.0,61865984
2026-09-16T15:27:44.611721+00:00,kube-system,svclb-traefik-0640832b-cmlmg,0.0,0
2026-09-16T15:27:44.611721+00:00,kube-system,traefik-9bcdbbd9-p72qj,3.0,61865984
2026-09-16T15:27:44.611721+00:00,pyroscope,pyroscope-0,5.0,95420416
2026-09-16T15:27:44.611721+00:00,pyroscope,pyroscope-alloy-0,5.0,155189248
2026-09-16T15:27:50.844786+00:00,grove-system,grove-operator-7b4ff56598-fnn26,27.0,166723584
2026-09-16T15:27:50.844786+00:00,kai-scheduler,admission-86666f457d-p5pmm,1.0,13631488
2026-09-16T15:27:50.844786+00:00,kai-scheduler,binder-869fc94c7-xjgwh,1.0,105906176
2026-09-16T15:27:50.844786+00:00,kai-scheduler,kai-operator-69b5d7bcf7-z7q9w,3.0,66060288
2026-09-16T15:27:50.844786+00:00,kai-scheduler,kai-scheduler-default-54f59b45b-wcmls,15.0,137363456
2026-09-16T15:27:50.844786+00:00,kai-scheduler,pod-grouper-65456f756-8brn7,1.0,9437184
2026-09-16T15:27:50.844786+00:00,kai-scheduler,podgroup-controller-68f9cc8dbf-vtczt,1.0,13631488
2026-09-16T15:27:50.844786+00:00,kai-scheduler,queue-controller-f86fcd76c-v769g,1.0,13631488
2026-09-16T15:27:50.844786+00:00,kube-system,coredns-8db54c48d-ghktl,3.0,26214400
2026-09-16T15:27:50.844786+00:00,kube-system,kwok-controller-5cf8c7c44b-hbw5c,9.0,42991616
2026-09-16T15:27:50.844786+00:00,kube-system,local-path-provisioner-5d9d9885bc-gz6gf,1.0,15728640
2026-09-16T15:27:50.844786+00:00,kube-system,metrics-server-75dc6f8d87-8xng4,6.0,61865984
2026-09-16T15:27:50.844786+00:00,kube-system,svclb-traefik-0640832b-cmlmg,0.0,0
2026-09-16T15:27:50.844786+00:00,kube-system,traefik-9bcdbbd9-p72qj,3.0,62914560
2026-09-16T15:27:50.844786+00:00,pyroscope,pyroscope-0,5.0,97517568
2026-09-16T15:27:50.844786+00:00,pyroscope,pyroscope-alloy-0,14.0,159383552
2026-09-16T15:27:57.081146+00:00,grove-system,grove-operator-7b4ff56598-fnn26,27.0,166723584
2026-09-16T15:27:57.081146+00:00,kai-scheduler,admission-86666f457d-p5pmm,1.0,13631488
2026-09-16T15:27:57.081146+00:00,kai-scheduler,binder-869fc94c7-xjgwh,1.0,105906176
2026-09-16T15:27:57.081146+00:00,kai-scheduler,kai-operator-69b5d7bcf7-z7q9w,3.0,66060288
2026-09-16T15:27:57.081146+00:00,kai-scheduler,kai-scheduler-default-54f59b45b-wcmls,15.0,137363456
2026-09-16T15:27:57.081146+00:00,kai-scheduler,pod-grouper-65456f756-8brn7,1.0,9437184
2026-09-16T15:27:57.081146+00:00,kai-scheduler,podgroup-controller-68f9cc8dbf-vtczt,1.0,13631488
2026-09-16T15:27:57.081146+00:00,kai-scheduler,queue-controller-f86fcd76c-v769g,1.0,13631488
2026-09-16T15:27:57.081146+00:00,kube-system,coredns-8db54c48d-ghktl,3.0,26214400
2026-09-16T15:27:57.081146+00:00,kube-system,kwok-controller-5cf8c7c44b-hbw5c,9.0,42991616
2026-09-16T15:27:57.081146+00:00,kube-system,local-path-provisioner-5d9d9885bc-gz6gf,1.0,15728640
2026-09-16T15:27:57.081146+00:00,kube-system,metrics-server-75dc6f8d87-8xng4,6.0,61865984
2026-09-16T15:27:57.081146+00:00,kube-system,svclb-traefik-0640832b-cmlmg,0.0,0
2026-09-16T15:27:57.081146+00:00,kube-system,traefik-9bcdbbd9-p72qj,3.0,62914560
2026-09-16T15:27:57.081146+00:00,pyroscope,pyroscope-0,5.0,97517568
2026-09-16T15:27:57.081146+00:00,pyroscope,pyroscope-alloy-0,14.0,159383552
2026-09-16T15:28:03.320545+00:00,grove-system,grove-operator-7b4ff56598-fnn26,28.0,170917888
2026-09-16T15:28:03.320545+00:00,kai-scheduler,admission-86666f457d-p5pmm,1.0,13631488
2026-09-16T15:28:03.320545+00:00,kai-scheduler,binder-869fc94c7-xjgwh,2.0,105906176
2026-09-16T15:28:03.320545+00:00,kai-scheduler,kai-operator-69b5d7bcf7-z7q9w,3.0,67108864
2026-09-16T15:28:03.320545+00:00,kai-scheduler,kai-scheduler-default-54f59b45b-wcmls,16.0,141557760
2026-09-16T15:28:03.320545+00:00,kai-scheduler,pod-grouper-65456f756-8brn7,1.0,9437184
2026-09-16T15:28:03.320545+00:00,kai-scheduler,podgroup-controller-68f9cc8dbf-vtczt,1.0,13631488
2026-09-16T15:28:03.320545+00:00,kai-scheduler,queue-controller-f86fcd76c-v769g,1.0,13631488
2026-09-16T15:28:03.320545+00:00,kube-system,coredns-8db54c48d-ghktl,3.0,26214400
2026-09-16T15:28:03.320545+00:00,kube-system,kwok-controller-5cf8c7c44b-hbw5c,15.0,41943040
2026-09-16T15:28:03.320545+00:00,kube-system,local-path-provisioner-5d9d9885bc-gz6gf,1.0,15728640
2026-09-16T15:28:03.320545+00:00,kube-system,metrics-server-75dc6f8d87-8xng4,6.0,61865984
2026-09-16T15:28:03.320545+00:00,kube-system,svclb-traefik-0640832b-cmlmg,0.0,0
2026-09-16T15:28:03.320545+00:00,kube-system,traefik-9bcdbbd9-p72qj,3.0,61865984
2026-09-16T15:28:03.320545+00:00,pyroscope,pyroscope-0,6.0,95420416
2026-09-16T15:28:03.320545+00:00,pyroscope,pyroscope-alloy-0,10.0,159383552
2026-09-16T15:28:09.555154+00:00,grove-system,grove-operator-7b4ff56598-fnn26,28.0,170917888
2026-09-16T15:28:09.555154+00:00,kai-scheduler,admission-86666f457d-p5pmm,1.0,13631488
2026-09-16T15:28:09.555154+00:00,kai-scheduler,binder-869fc94c7-xjgwh,2.0,105906176
2026-09-16T15:28:09.555154+00:00,kai-scheduler,kai-operator-69b5d7bcf7-z7q9w,3.0,67108864
2026-09-16T15:28:09.555154+00:00,kai-scheduler,kai-scheduler-default-54f59b45b-wcmls,16.0,141557760
2026-09-16T15:28:09.555154+00:00,kai-scheduler,pod-grouper-65456f756-8brn7,1.0,9437184
2026-09-16T15:28:09.555154+00:00,kai-scheduler,podgroup-controller-68f9cc8dbf-vtczt,1.0,13631488
2026-09-16T15:28:09.555154+00:00,kai-scheduler,queue-controller-f86fcd76c-v769g,1.0,13631488
2026-09-16T15:28:09.555154+00:00,kube-system,coredns-8db54c48d-ghktl,3.0,26214400
2026-09-16T15:28:09.555154+00:00,kube-system,kwok-controller-5cf8c7c44b-hbw5c,15.0,41943040
2026-09-16T15:28:09.555154+00:00,kube-system,local-path-provisioner-5d9d9885bc-gz6gf,1.0,15728640
2026-09-16T15:28:09.555154+00:00,kube-system,metrics-server-75dc6f8d87-8xng4,6.0,61865984
2026-09-16T15:28:09.555154+00:00,kube-system,svclb-traefik-0640832b-cmlmg,0.0,0
2026-09-16T15:28:09.555154+00:00,kube-system,traefik-9bcdbbd9-p72qj,3.0,61865984
2026-09-16T15:28:09.555154+00:00,pyroscope,pyroscope-0,6.0,95420416
2026-09-16T15:28:09.555154+00:00,pyroscope,pyroscope-alloy-0,10.0,159383552
2026-09-16T15:28:15.792243+00:00,grove-system,grove-operator-7b4ff56598-fnn26,28.0,170917888
2026-09-16T15:28:15.792243+00:00,kai-scheduler,admission-86666f457d-p5pmm,1.0,13631488
2026-09-16T15:28:15.792243+00:00,kai-scheduler,binder-869fc94c7-xjgwh,2.0,105906176
2026-09-16T15:28:15.792243+00:00,kai-scheduler,kai-operator-69b5d7bcf7-z7q9w,3.0,67108864
2026-09-16T15:28:15.792243+00:00,kai-scheduler,kai-scheduler-default-54f59b45b-wcmls,16.0,141557760
2026-09-16T15:28:15.792243+00:00,kai-scheduler,pod-grouper-65456f756-8brn7,1.0,9437184
2026-09-16T15:28:15.792243+00:00,kai-scheduler,podgroup-controller-68f9cc8dbf-vtczt,1.0,13631488
2026-09-16T15:28:15.792243+00:00,kai-scheduler,queue-controller-f86fcd76c-v769g,1.0,13631488
2026-09-16T15:28:15.792243+00:00,kube-system,coredns-8db54c48d-ghktl,3.0,26214400
2026-09-16T15:28:15.792243+00:00,kube-system,kwok-controller-5cf8c7c44b-hbw5c,15.0,41943040
2026-09-16T15:28:15.792243+00:00,kube-system,local-path-provisioner-5d9d9885bc-gz6gf,1.0,15728640
2026-09-16T15:28:15.792243+00:00,kube-system,metrics-server-75dc6f8d87-8xng4,6.0,61865984
2026-09-16T15:28:15.792243+00:00,kube-system,svclb-traefik-0640832b-cmlmg,0.0,0
2026-09-16T15:28:15.792243+00:00,kube-system,traefik-9bcdbbd9-p72qj,3.0,61865984
2026-09-16T15:28:15.792243+00:00,pyroscope,pyroscope-0,6.0,95420416
2026-09-16T15:28:15.792243+00:00,pyroscope,pyroscope-alloy-0,10.0,159383552
2026-09-16T15:28:22.034549+00:00,grove-system,grove-operator-7b4ff56598-fnn26,28.0,171966464
2026-09-16T15:28:22.034549+00:00,kai-scheduler,admission-86666f457d-p5pmm,1.0,13631488
2026-09-16T15:28:22.034549+00:00,kai-scheduler,binder-869fc94c7-xjgwh,1.0,105906176
2026-09-16T15:28:22.034549+00:00,kai-scheduler,kai-operator-69b5d7bcf7-z7q9w,3.0,66060288
2026-09-16T15:28:22.034549+00:00,kai-scheduler,kai-scheduler-default-54f59b45b-wcmls,16.0,142606336
2026-09-16T15:28:22.034549+00:00,kai-scheduler,pod-grouper-65456f756-8brn7,1.0,9437184
2026-09-16T15:28:22.034549+00:00,kai-scheduler,podgroup-controller-68f9cc8dbf-vtczt,1.0,13631488
2026-09-16T15:28:22.034549+00:00,kai-scheduler,queue-controller-f86fcd76c-v769g,1.0,13631488
2026-09-16T15:28:22.034549+00:00,kube-system,coredns-8db54c48d-ghktl,4.0,26214400
2026-09-16T15:28:22.034549+00:00,kube-system,kwok-controller-5cf8c7c44b-hbw5c,10.0,40894464
2026-09-16T15:28:22.034549+00:00,kube-system,local-path-provisioner-5d9d9885bc-gz6gf,1.0,15728640
2026-09-16T15:28:22.034549+00:00,kube-system,metrics-server-75dc6f8d87-8xng4,7.0,62914560
2026-09-16T15:28:22.034549+00:00,kube-system,svclb-traefik-0640832b-cmlmg,0.0,0
2026-09-16T15:28:22.034549+00:00,kube-system,traefik-9bcdbbd9-p72qj,3.0,63963136
2026-09-16T15:28:22.034549+00:00,pyroscope,pyroscope-0,5.0,95420416
2026-09-16T15:28:22.034549+00:00,pyroscope,pyroscope-alloy-0,16.0,161480704
2026-09-16T15:28:28.272064+00:00,grove-system,grove-operator-7b4ff56598-fnn26,28.0,171966464
2026-09-16T15:28:28.272064+00:00,kai-scheduler,admission-86666f457d-p5pmm,1.0,13631488
2026-09-16T15:28:28.272064+00:00,kai-scheduler,binder-869fc94c7-xjgwh,1.0,105906176
2026-09-16T15:28:28.272064+00:00,kai-scheduler,kai-operator-69b5d7bcf7-z7q9w,3.0,66060288
2026-09-16T15:28:28.272064+00:00,kai-scheduler,kai-scheduler-default-54f59b45b-wcmls,16.0,142606336
2026-09-16T15:28:28.272064+00:00,kai-scheduler,pod-grouper-65456f756-8brn7,1.0,9437184
2026-09-16T15:28:28.272064+00:00,kai-scheduler,podgroup-controller-68f9cc8dbf-vtczt,1.0,13631488
2026-09-16T15:28:28.272064+00:00,kai-scheduler,queue-controller-f86fcd76c-v769g,1.0,13631488
2026-09-16T15:28:28.272064+00:00,kube-system,coredns-8db54c48d-ghktl,4.0,26214400
2026-09-16T15:28:28.272064+00:00,kube-system,kwok-controller-5cf8c7c44b-hbw5c,10.0,40894464
2026-09-16T15:28:28.272064+00:00,kube-system,local-path-provisioner-5d9d9885bc-gz6gf,1.0,15728640
2026-09-16T15:28:28.272064+00:00,kube-system,metrics-server-75dc6f8d87-8xng4,7.0,62914560
2026-09-16T15:28:28.272064+00:00,kube-system,svclb-traefik-0640832b-cmlmg,0.0,0
2026-09-16T15:28:28.272064+00:00,kube-system,traefik-9bcdbbd9-p72qj,3.0,63963136
2026-09-16T15:28:28.272064+00:00,pyroscope,pyroscope-0,5.0,95420416
2026-09-16T15:28:28.272064+00:00,pyroscope,pyroscope-alloy-0,16.0,161480704
2026-09-16T15:28:34.515724+00:00,grove-system,grove-operator-7b4ff56598-fnn26,22.0,171966464
2026-09-16T15:28:34.515724+00:00,kai-scheduler,admission-86666f457d-p5pmm,1.0,13631488
2026-09-16T15:28:34.515724+00:00,kai-scheduler,binder-869fc94c7-xjgwh,3.0,103809024
2026-09-16T15:28:34.515724+00:00,kai-scheduler,kai-operator-69b5d7bcf7-z7q9w,3.0,66060288
2026-09-16T15:28:34.515724+00:00,kai-scheduler,kai-scheduler-default-54f59b45b-wcmls,16.0,141557760
2026-09-16T15:28:34.515724+00:00,kai-scheduler,pod-grouper-65456f756-8brn7,1.0,9437184
2026-09-16T15:28:34.515724+00:00,kai-scheduler,podgroup-controller-68f9cc8dbf-vtczt,1.0,13631488
2026-09-16T15:28:34.515724+00:00,kai-scheduler,queue-controller-f86fcd76c-v769g,1.0,13631488
2026-09-16T15:28:34.515724+00:00,kube-system,coredns-8db54c48d-ghktl,4.0,26214400
2026-09-16T15:28:34.515724+00:00,kube-system,kwok-controller-5cf8c7c44b-hbw5c,12.0,42991616
2026-09-16T15:28:34.515724+00:00,kube-system,local-path-provisioner-5d9d9885bc-gz6gf,1.0,15728640
2026-09-16T15:28:34.515724+00:00,kube-system,metrics-server-75dc6f8d87-8xng4,7.0,63963136
2026-09-16T15:28:34.515724+00:00,kube-system,svclb-traefik-0640832b-cmlmg,0.0,0
2026-09-16T15:28:34.515724+00:00,kube-system,traefik-9bcdbbd9-p72qj,3.0,63963136
2026-09-16T15:28:34.515724+00:00,pyroscope,pyroscope-0,5.0,95420416
2026-09-16T15:28:34.515724+00:00,pyroscope,pyroscope-alloy-0,9.0,161480704
2026-09-16T15:28:40.755602+00:00,grove-system,grove-operator-7b4ff56598-fnn26,22.0,171966464
2026-09-16T15:28:40.755602+00:00,kai-scheduler,admission-86666f457d-p5pmm,1.0,13631488
2026-09-16T15:28:40.755602+00:00,kai-scheduler,binder-869fc94c7-xjgwh,3.0,103809024
2026-09-16T15:28:40.755602+00:00,kai-scheduler,kai-operator-69b5d7bcf7-z7q9w,3.0,66060288
2026-09-16T15:28:40.755602+00:00,kai-scheduler,kai-scheduler-default-54f59b45b-wcmls,16.0,141557760
2026-09-16T15:28:40.755602+00:00,kai-scheduler,pod-grouper-65456f756-8brn7,1.0,9437184
2026-09-16T15:28:40.755602+00:00,kai-scheduler,podgroup-controller-68f9cc8dbf-vtczt,1.0,13631488
2026-09-16T15:28:40.755602+00:00,kai-scheduler,queue-controller-f86fcd76c-v769g,1.0,13631488
2026-09-16T15:28:40.755602+00:00,kube-system,coredns-8db54c48d-ghktl,4.0,26214400
2026-09-16T15:28:40.755602+00:00,kube-system,kwok-controller-5cf8c7c44b-hbw5c,12.0,42991616
2026-09-16T15:28:40.755602+00:00,kube-system,local-path-provisioner-5d9d9885bc-gz6gf,1.0,15728640
2026-09-16T15:28:40.755602+00:00,kube-system,metrics-server-75dc6f8d87-8xng4,7.0,63963136
2026-09-16T15:28:40.755602+00:00,kube-system,svclb-traefik-0640832b-cmlmg,0.0,0
2026-09-16T15:28:40.755602+00:00,kube-system,traefik-9bcdbbd9-p72qj,3.0,63963136
2026-09-16T15:28:40.755602+00:00,pyroscope,pyroscope-0,5.0,95420416
2026-09-16T15:28:40.755602+00:00,pyroscope,pyroscope-alloy-0,9.0,161480704
2026-09-16T15:28:46.992597+00:00,grove-system,grove-operator-7b4ff56598-fnn26,28.0,168820736
2026-09-16T15:28:46.992597+00:00,kai-scheduler,admission-86666f457d-p5pmm,1.0,13631488
2026-09-16T15:28:46.992597+00:00,kai-scheduler,binder-869fc94c7-xjgwh,3.0,103809024
2026-09-16T15:28:46.992597+00:00,kai-scheduler,kai-operator-69b5d7bcf7-z7q9w,2.0,66060288
2026-09-16T15:28:46.992597+00:00,kai-scheduler,kai-scheduler-default-54f59b45b-wcmls,20.0,142606336
2026-09-16T15:28:46.992597+00:00,kai-scheduler,pod-grouper-65456f756-8brn7,1.0,9437184
2026-09-16T15:28:46.992597+00:00,kai-scheduler,podgroup-controller-68f9cc8dbf-vtczt,1.0,13631488
2026-09-16T15:28:46.992597+00:00,kai-scheduler,queue-controller-f86fcd76c-v769g,1.0,13631488
2026-09-16T15:28:46.992597+00:00,kube-system,coredns-8db54c48d-ghktl,3.0,26214400
2026-09-16T15:28:46.992597+00:00,kube-system,kwok-controller-5cf8c7c44b-hbw5c,35.0,42991616
2026-09-16T15:28:46.992597+00:00,kube-system,local-path-provisioner-5d9d9885bc-gz6gf,1.0,15728640
2026-09-16T15:28:46.992597+00:00,kube-system,metrics-server-75dc6f8d87-8xng4,12.0,66060288
2026-09-16T15:28:46.992597+00:00,kube-system,svclb-traefik-0640832b-cmlmg,0.0,0
2026-09-16T15:28:46.992597+00:00,kube-system,traefik-9bcdbbd9-p72qj,4.0,66060288
2026-09-16T15:28:46.992597+00:00,pyroscope,pyroscope-0,5.0,96468992
2026-09-16T15:28:46.992597+00:00,pyroscope,pyroscope-alloy-0,20.0,161480704
2026-09-16T15:28:53.236547+00:00,grove-system,grove-operator-7b4ff56598-fnn26,28.0,168820736
2026-09-16T15:28:53.236547+00:00,kai-scheduler,admission-86666f457d-p5pmm,1.0,13631488
2026-09-16T15:28:53.236547+00:00,kai-scheduler,binder-869fc94c7-xjgwh,3.0,103809024
2026-09-16T15:28:53.236547+00:00,kai-scheduler,kai-operator-69b5d7bcf7-z7q9w,2.0,66060288
2026-09-16T15:28:53.236547+00:00,kai-scheduler,kai-scheduler-default-54f59b45b-wcmls,20.0,142606336
2026-09-16T15:28:53.236547+00:00,kai-scheduler,pod-grouper-65456f756-8brn7,1.0,9437184
2026-09-16T15:28:53.236547+00:00,kai-scheduler,podgroup-controller-68f9cc8dbf-vtczt,1.0,13631488
2026-09-16T15:28:53.236547+00:00,kai-scheduler,queue-controller-f86fcd76c-v769g,1.0,13631488
2026-09-16T15:28:53.236547+00:00,kube-system,coredns-8db54c48d-ghktl,3.0,26214400
2026-09-16T15:28:53.236547+00:00,kube-system,kwok-controller-5cf8c7c44b-hbw5c,35.0,42991616
2026-09-16T15:28:53.236547+00:00,kube-system,local-path-provisioner-5d9d9885bc-gz6gf,1.0,15728640
2026-09-16T15:28:53.236547+00:00,kube-system,metrics-server-75dc6f8d87-8xng4,12.0,66060288
2026-09-16T15:28:53.236547+00:00,kube-system,svclb-traefik-0640832b-cmlmg,0.0,0
2026-09-16T15:28:53.236547+00:00,kube-system,traefik-9bcdbbd9-p72qj,4.0,66060288
2026-09-16T15:28:53.236547+00:00,pyroscope,pyroscope-0,5.0,96468992
2026-09-16T15:28:53.236547+00:00,pyroscope,pyroscope-alloy-0,20.0,161480704
2026-09-16T15:28:59.475883+00:00,grove-system,grove-operator-7b4ff56598-fnn26,28.0,168820736
2026-09-16T15:28:59.475883+00:00,kai-scheduler,admission-86666f457d-p5pmm,1.0,13631488
2026-09-16T15:28:59.475883+00:00,kai-scheduler,binder-869fc94c7-xjgwh,3.0,103809024
2026-09-16T15:28:59.475883+00:00,kai-scheduler,kai-operator-69b5d7bcf7-z7q9w,2.0,66060288
2026-09-16T15:28:59.475883+00:00,kai-scheduler,kai-scheduler-default-54f59b45b-wcmls,20.0,142606336
2026-09-16T15:28:59.475883+00:00,kai-scheduler,pod-grouper-65456f756-8brn7,1.0,9437184
2026-09-16T15:28:59.475883+00:00,kai-scheduler,podgroup-controller-68f9cc8dbf-vtczt,1.0,13631488
2026-09-16T15:28:59.475883+00:00,kai-scheduler,queue-controller-f86fcd76c-v769g,1.0,13631488
2026-09-16T15:28:59.475883+00:00,kube-system,coredns-8db54c48d-ghktl,3.0,26214400
2026-09-16T15:28:59.475883+00:00,kube-system,kwok-controller-5cf8c7c44b-hbw5c,35.0,42991616
2026-09-16T15:28:59.475883+00:00,kube-system,local-path-provisioner-5d9d9885bc-gz6gf,1.0,15728640
2026-09-16T15:28:59.475883+00:00,kube-system,metrics-server-75dc6f8d87-8xng4,12.0,66060288
2026-09-16T15:28:59.475883+00:00,kube-system,svclb-traefik-0640832b-cmlmg,0.0,0
2026-09-16T15:28:59.475883+00:00,kube-system,traefik-9bcdbbd9-p72qj,4.0,66060288
2026-09-16T15:28:59.475883+00:00,pyroscope,pyroscope-0,5.0,96468992
2026-09-16T15:28:59.475883+00:00,pyroscope,pyroscope-alloy-0,20.0,161480704
2026-09-16T15:29:05.712051+00:00,grove-system,grove-operator-7b4ff56598-fnn26,21.0,162529280
2026-09-16T15:29:05.712051+00:00,kai-scheduler,admission-86666f457d-p5pmm,1.0,13631488
2026-09-16T15:29:05.712051+00:00,kai-scheduler,binder-869fc94c7-xjgwh,17.0,104857600
2026-09-16T15:29:05.712051+00:00,kai-scheduler,kai-operator-69b5d7bcf7-z7q9w,3.0,59768832
2026-09-16T15:29:05.712051+00:00,kai-scheduler,kai-scheduler-default-54f59b45b-wcmls,26.0,136314880
2026-09-16T15:29:05.712051+00:00,kai-scheduler,pod-grouper-65456f756-8brn7,1.0,9437184
2026-09-16T15:29:05.712051+00:00,kai-scheduler,podgroup-controller-68f9cc8dbf-vtczt,1.0,13631488
2026-09-16T15:29:05.712051+00:00,kai-scheduler,queue-controller-f86fcd76c-v769g,1.0,13631488
2026-09-16T15:29:05.712051+00:00,kube-system,coredns-8db54c48d-ghktl,3.0,26214400
2026-09-16T15:29:05.712051+00:00,kube-system,kwok-controller-5cf8c7c44b-hbw5c,40.0,42991616
2026-09-16T15:29:05.712051+00:00,kube-system,local-path-provisioner-5d9d9885bc-gz6gf,1.0,15728640
2026-09-16T15:29:05.712051+00:00,kube-system,metrics-server-75dc6f8d87-8xng4,16.0,66060288
2026-09-16T15:29:05.712051+00:00,kube-system,svclb-traefik-0640832b-cmlmg,0.0,0
2026-09-16T15:29:05.712051+00:00,kube-system,traefik-9bcdbbd9-p72qj,3.0,66060288
2026-09-16T15:29:05.712051+00:00,pyroscope,pyroscope-0,5.0,98566144
2026-09-16T15:29:05.712051+00:00,pyroscope,pyroscope-alloy-0,31.0,155189248
2026-09-16T15:29:11.956671+00:00,grove-system,grove-operator-7b4ff56598-fnn26,21.0,162529280
2026-09-16T15:29:11.956671+00:00,kai-scheduler,admission-86666f457d-p5pmm,1.0,13631488
2026-09-16T15:29:11.956671+00:00,kai-scheduler,binder-869fc94c7-xjgwh,17.0,104857600
2026-09-16T15:29:11.956671+00:00,kai-scheduler,kai-operator-69b5d7bcf7-z7q9w,3.0,59768832
2026-09-16T15:29:11.956671+00:00,kai-scheduler,kai-scheduler-default-54f59b45b-wcmls,26.0,136314880
2026-09-16T15:29:11.956671+00:00,kai-scheduler,pod-grouper-65456f756-8brn7,1.0,9437184
2026-09-16T15:29:11.956671+00:00,kai-scheduler,podgroup-controller-68f9cc8dbf-vtczt,1.0,13631488
2026-09-16T15:29:11.956671+00:00,kai-scheduler,queue-controller-f86fcd76c-v769g,1.0,13631488
2026-09-16T15:29:11.956671+00:00,kube-system,coredns-8db54c48d-ghktl,3.0,26214400
2026-09-16T15:29:11.956671+00:00,kube-system,kwok-controller-5cf8c7c44b-hbw5c,40.0,42991616
2026-09-16T15:29:11.956671+00:00,kube-system,local-path-provisioner-5d9d9885bc-gz6gf,1.0,15728640
2026-09-16T15:29:11.956671+00:00,kube-system,metrics-server-75dc6f8d87-8xng4,16.0,66060288
2026-09-16T15:29:11.956671+00:00,kube-system,svclb-traefik-0640832b-cmlmg,0.0,0
2026-09-16T15:29:11.956671+00:00,kube-system,traefik-9bcdbbd9-p72qj,3.0,66060288
2026-09-16T15:29:11.956671+00:00,pyroscope,pyroscope-0,5.0,98566144
2026-09-16T15:29:11.956671+00:00,pyroscope,pyroscope-alloy-0,31.0,155189248
2026-09-16T15:29:18.197158+00:00,grove-system,grove-operator-7b4ff56598-fnn26,15.0,162529280
2026-09-16T15:29:18.197158+00:00,kai-scheduler,admission-86666f457d-p5pmm,1.0,13631488
2026-09-16T15:29:18.197158+00:00,kai-scheduler,binder-869fc94c7-xjgwh,19.0,105906176
2026-09-16T15:29:18.197158+00:00,kai-scheduler,kai-operator-69b5d7bcf7-z7q9w,1.0,59768832
2026-09-16T15:29:18.197158+00:00,kai-scheduler,kai-scheduler-default-54f59b45b-wcmls,24.0,124780544
2026-09-16T15:29:18.197158+00:00,kai-scheduler,pod-grouper-65456f756-8brn7,1.0,9437184
2026-09-16T15:29:18.197158+00:00,kai-scheduler,podgroup-controller-68f9cc8dbf-vtczt,1.0,13631488
2026-09-16T15:29:18.197158+00:00,kai-scheduler,queue-controller-f86fcd76c-v769g,1.0,13631488
2026-09-16T15:29:18.197158+00:00,kube-system,coredns-8db54c48d-ghktl,3.0,26214400
2026-09-16T15:29:18.197158+00:00,kube-system,kwok-controller-5cf8c7c44b-hbw5c,42.0,42991616
2026-09-16T15:29:18.197158+00:00,kube-system,local-path-provisioner-5d9d9885bc-gz6gf,1.0,15728640
2026-09-16T15:29:18.197158+00:00,kube-system,metrics-server-75dc6f8d87-8xng4,19.0,68157440
2026-09-16T15:29:18.197158+00:00,kube-system,svclb-traefik-0640832b-cmlmg,0.0,0
2026-09-16T15:29:18.197158+00:00,kube-system,traefik-9bcdbbd9-p72qj,3.0,67108864
2026-09-16T15:29:18.197158+00:00,pyroscope,pyroscope-0,5.0,98566144
2026-09-16T15:29:18.197158+00:00,pyroscope,pyroscope-alloy-0,27.0,150994944
2026-09-16T15:29:24.432101+00:00,grove-system,grove-operator-7b4ff56598-fnn26,15.0,162529280
2026-09-16T15:29:24.432101+00:00,kai-scheduler,admission-86666f457d-p5pmm,1.0,13631488
2026-09-16T15:29:24.432101+00:00,kai-scheduler,binder-869fc94c7-xjgwh,19.0,105906176
2026-09-16T15:29:24.432101+00:00,kai-scheduler,kai-operator-69b5d7bcf7-z7q9w,1.0,59768832
2026-09-16T15:29:24.432101+00:00,kai-scheduler,kai-scheduler-default-54f59b45b-wcmls,24.0,124780544
2026-09-16T15:29:24.432101+00:00,kai-scheduler,pod-grouper-65456f756-8brn7,1.0,9437184
2026-09-16T15:29:24.432101+00:00,kai-scheduler,podgroup-controller-68f9cc8dbf-vtczt,1.0,13631488
2026-09-16T15:29:24.432101+00:00,kai-scheduler,queue-controller-f86fcd76c-v769g,1.0,13631488
2026-09-16T15:29:24.432101+00:00,kube-system,coredns-8db54c48d-ghktl,3.0,26214400
2026-09-16T15:29:24.432101+00:00,kube-system,kwok-controller-5cf8c7c44b-hbw5c,42.0,42991616
2026-09-16T15:29:24.432101+00:00,kube-system,local-path-provisioner-5d9d9885bc-gz6gf,1.0,15728640
2026-09-16T15:29:24.432101+00:00,kube-system,metrics-server-75dc6f8d87-8xng4,19.0,68157440
2026-09-16T15:29:24.432101+00:00,kube-system,svclb-traefik-0640832b-cmlmg,0.0,0
2026-09-16T15:29:24.432101+00:00,kube-system,traefik-9bcdbbd9-p72qj,3.0,67108864
2026-09-16T15:29:24.432101+00:00,pyroscope,pyroscope-0,5.0,98566144
2026-09-16T15:29:24.432101+00:00,pyroscope,pyroscope-alloy-0,27.0,150994944
2026-09-16T15:29:30.672159+00:00,grove-system,grove-operator-7b4ff56598-fnn26,15.0,162529280
2026-09-16T15:29:30.672159+00:00,kai-scheduler,admission-86666f457d-p5pmm,1.0,13631488
2026-09-16T15:29:30.672159+00:00,kai-scheduler,binder-869fc94c7-xjgwh,19.0,105906176
2026-09-16T15:29:30.672159+00:00,kai-scheduler,kai-operator-69b5d7bcf7-z7q9w,1.0,59768832
2026-09-16T15:29:30.672159+00:00,kai-scheduler,kai-scheduler-default-54f59b45b-wcmls,24.0,124780544
2026-09-16T15:29:30.672159+00:00,kai-scheduler,pod-grouper-65456f756-8brn7,1.0,9437184
2026-09-16T15:29:30.672159+00:00,kai-scheduler,podgroup-controller-68f9cc8dbf-vtczt,1.0,13631488
2026-09-16T15:29:30.672159+00:00,kai-scheduler,queue-controller-f86fcd76c-v769g,1.0,13631488
2026-09-16T15:29:30.672159+00:00,kube-system,coredns-8db54c48d-ghktl,3.0,26214400
2026-09-16T15:29:30.672159+00:00,kube-system,kwok-controller-5cf8c7c44b-hbw5c,42.0,42991616
2026-09-16T15:29:30.672159+00:00,kube-system,local-path-provisioner-5d9d9885bc-gz6gf,1.0,15728640
2026-09-16T15:29:30.672159+00:00,kube-system,metrics-server-75dc6f8d87-8xng4,19.0,68157440
2026-09-16T15:29:30.672159+00:00,kube-system,svclb-traefik-0640832b-cmlmg,0.0,0
2026-09-16T15:29:30.672159+00:00,kube-system,traefik-9bcdbbd9-p72qj,3.0,67108864
2026-09-16T15:29:30.672159+00:00,pyroscope,pyroscope-0,5.0,98566144
2026-09-16T15:29:30.672159+00:00,pyroscope,pyroscope-alloy-0,27.0,150994944
2026-09-16T15:29:36.912036+00:00,grove-system,grove-operator-7b4ff56598-fnn26,20.0,156237824
2026-09-16T15:29:36.912036+00:00,kai-scheduler,admission-86666f457d-p5pmm,1.0,13631488
2026-09-16T15:29:36.912036+00:00,kai-scheduler,binder-869fc94c7-xjgwh,18.0,100663296
2026-09-16T15:29:36.912036+00:00,kai-scheduler,kai-operator-69b5d7bcf7-z7q9w,1.0,59768832
2026-09-16T15:29:36.912036+00:00,kai-scheduler,kai-scheduler-default-54f59b45b-wcmls,21.0,120586240
2026-09-16T15:29:36.912036+00:00,kai-scheduler,pod-grouper-65456f756-8brn7,1.0,9437184
2026-09-16T15:29:36.912036+00:00,kai-scheduler,podgroup-controller-68f9cc8dbf-vtczt,1.0,13631488
2026-09-16T15:29:36.912036+00:00,kai-scheduler,queue-controller-f86fcd76c-v769g,1.0,13631488
2026-09-16T15:29:36.912036+00:00,kube-system,coredns-8db54c48d-ghktl,3.0,29360128
2026-09-16T15:29:36.912036+00:00,kube-system,kwok-controller-5cf8c7c44b-hbw5c,42.0,42991616
2026-09-16T15:29:36.912036+00:00,kube-system,local-path-provisioner-5d9d9885bc-gz6gf,1.0,15728640
2026-09-16T15:29:36.912036+00:00,kube-system,metrics-server-75dc6f8d87-8xng4,15.0,67108864
2026-09-16T15:29:36.912036+00:00,kube-system,svclb-traefik-0640832b-cmlmg,0.0,0
2026-09-16T15:29:36.912036+00:00,kube-system,traefik-9bcdbbd9-p72qj,3.0,67108864
2026-09-16T15:29:36.912036+00:00,pyroscope,pyroscope-0,5.0,98566144
2026-09-16T15:29:36.912036+00:00,pyroscope,pyroscope-alloy-0,27.0,148897792
2026-09-16T15:29:43.146608+00:00,grove-system,grove-operator-7b4ff56598-fnn26,20.0,156237824
2026-09-16T15:29:43.146608+00:00,kai-scheduler,admission-86666f457d-p5pmm,1.0,13631488
2026-09-16T15:29:43.146608+00:00,kai-scheduler,binder-869fc94c7-xjgwh,18.0,100663296
2026-09-16T15:29:43.146608+00:00,kai-scheduler,kai-operator-69b5d7bcf7-z7q9w,1.0,59768832
2026-09-16T15:29:43.146608+00:00,kai-scheduler,kai-scheduler-default-54f59b45b-wcmls,21.0,120586240
2026-09-16T15:29:43.146608+00:00,kai-scheduler,pod-grouper-65456f756-8brn7,1.0,9437184
2026-09-16T15:29:43.146608+00:00,kai-scheduler,podgroup-controller-68f9cc8dbf-vtczt,1.0,13631488
2026-09-16T15:29:43.146608+00:00,kai-scheduler,queue-controller-f86fcd76c-v769g,1.0,13631488
2026-09-16T15:29:43.146608+00:00,kube-system,coredns-8db54c48d-ghktl,3.0,29360128
2026-09-16T15:29:43.146608+00:00,kube-system,kwok-controller-5cf8c7c44b-hbw5c,42.0,42991616
2026-09-16T15:29:43.146608+00:00,kube-system,local-path-provisioner-5d9d9885bc-gz6gf,1.0,15728640
2026-09-16T15:29:43.146608+00:00,kube-system,metrics-server-75dc6f8d87-8xng4,15.0,67108864
2026-09-16T15:29:43.146608+00:00,kube-system,svclb-traefik-0640832b-cmlmg,0.0,0
2026-09-16T15:29:43.146608+00:00,kube-system,traefik-9bcdbbd9-p72qj,3.0,67108864
2026-09-16T15:29:43.146608+00:00,pyroscope,pyroscope-0,5.0,98566144
2026-09-16T15:29:43.146608+00:00,pyroscope,pyroscope-alloy-0,27.0,148897792
2026-09-16T15:29:49.386356+00:00,grove-system,grove-operator-7b4ff56598-fnn26,21.0,155189248
2026-09-16T15:29:49.386356+00:00,kai-scheduler,admission-86666f457d-p5pmm,1.0,13631488
2026-09-16T15:29:49.386356+00:00,kai-scheduler,binder-869fc94c7-xjgwh,20.0,97517568
2026-09-16T15:29:49.386356+00:00,kai-scheduler,kai-operator-69b5d7bcf7-z7q9w,1.0,59768832
2026-09-16T15:29:49.386356+00:00,kai-scheduler,kai-scheduler-default-54f59b45b-wcmls,20.0,113246208
2026-09-16T15:29:49.386356+00:00,kai-scheduler,pod-grouper-65456f756-8brn7,1.0,9437184
2026-09-16T15:29:49.386356+00:00,kai-scheduler,podgroup-controller-68f9cc8dbf-vtczt,1.0,13631488
2026-09-16T15:29:49.386356+00:00,kai-scheduler,queue-controller-f86fcd76c-v769g,1.0,13631488
2026-09-16T15:29:49.386356+00:00,kube-system,coredns-8db54c48d-ghktl,4.0,29360128
2026-09-16T15:29:49.386356+00:00,kube-system,kwok-controller-5cf8c7c44b-hbw5c,40.0,40894464
2026-09-16T15:29:49.386356+00:00,kube-system,local-path-provisioner-5d9d9885bc-gz6gf,1.0,15728640
2026-09-16T15:29:49.386356+00:00,kube-system,metrics-server-75dc6f8d87-8xng4,16.0,65011712
2026-09-16T15:29:49.386356+00:00,kube-system,svclb-traefik-0640832b-cmlmg,0.0,0
2026-09-16T15:29:49.386356+00:00,kube-system,traefik-9bcdbbd9-p72qj,3.0,66060288
2026-09-16T15:29:49.386356+00:00,pyroscope,pyroscope-0,5.0,97517568
2026-09-16T15:29:49.386356+00:00,pyroscope,pyroscope-alloy-0,27.0,147849216
2026-09-16T15:29:55.623914+00:00,grove-system,grove-operator-7b4ff56598-fnn26,21.0,155189248
2026-09-16T15:29:55.623914+00:00,kai-scheduler,admission-86666f457d-p5pmm,1.0,13631488
2026-09-16T15:29:55.623914+00:00,kai-scheduler,binder-869fc94c7-xjgwh,20.0,97517568
2026-09-16T15:29:55.623914+00:00,kai-scheduler,kai-operator-69b5d7bcf7-z7q9w,1.0,59768832
2026-09-16T15:29:55.623914+00:00,kai-scheduler,kai-scheduler-default-54f59b45b-wcmls,20.0,113246208
2026-09-16T15:29:55.623914+00:00,kai-scheduler,pod-grouper-65456f756-8brn7,1.0,9437184
2026-09-16T15:29:55.623914+00:00,kai-scheduler,podgroup-controller-68f9cc8dbf-vtczt,1.0,13631488
2026-09-16T15:29:55.623914+00:00,kai-scheduler,queue-controller-f86fcd76c-v769g,1.0,13631488
2026-09-16T15:29:55.623914+00:00,kube-system,coredns-8db54c48d-ghktl,4.0,29360128
2026-09-16T15:29:55.623914+00:00,kube-system,kwok-controller-5cf8c7c44b-hbw5c,40.0,40894464
2026-09-16T15:29:55.623914+00:00,kube-system,local-path-provisioner-5d9d9885bc-gz6gf,1.0,15728640
2026-09-16T15:29:55.623914+00:00,kube-system,metrics-server-75dc6f8d87-8xng4,16.0,65011712
2026-09-16T15:29:55.623914+00:00,kube-system,svclb-traefik-0640832b-cmlmg,0.0,0
2026-09-16T15:29:55.623914+00:00,kube-system,traefik-9bcdbbd9-p72qj,3.0,66060288
2026-09-16T15:29:55.623914+00:00,pyroscope,pyroscope-0,5.0,97517568
2026-09-16T15:29:55.623914+00:00,pyroscope,pyroscope-alloy-0,27.0,147849216
2026-09-16T15:30:01.860105+00:00,grove-system,grove-operator-7b4ff56598-fnn26,20.0,153092096
2026-09-16T15:30:01.860105+00:00,kai-scheduler,admission-86666f457d-p5pmm,1.0,13631488
2026-09-16T15:30:01.860105+00:00,kai-scheduler,binder-869fc94c7-xjgwh,19.0,97517568
2026-09-16T15:30:01.860105+00:00,kai-scheduler,kai-operator-69b5d7bcf7-z7q9w,1.0,59768832
2026-09-16T15:30:01.860105+00:00,kai-scheduler,kai-scheduler-default-54f59b45b-wcmls,18.0,113246208
2026-09-16T15:30:01.860105+00:00,kai-scheduler,pod-grouper-65456f756-8brn7,1.0,9437184
2026-09-16T15:30:01.860105+00:00,kai-scheduler,podgroup-controller-68f9cc8dbf-vtczt,1.0,13631488
2026-09-16T15:30:01.860105+00:00,kai-scheduler,queue-controller-f86fcd76c-v769g,1.0,13631488
2026-09-16T15:30:01.860105+00:00,kube-system,coredns-8db54c48d-ghktl,3.0,29360128
2026-09-16T15:30:01.860105+00:00,kube-system,kwok-controller-5cf8c7c44b-hbw5c,43.0,46137344
2026-09-16T15:30:01.860105+00:00,kube-system,local-path-provisioner-5d9d9885bc-gz6gf,1.0,15728640
2026-09-16T15:30:01.860105+00:00,kube-system,metrics-server-75dc6f8d87-8xng4,15.0,65011712
2026-09-16T15:30:01.860105+00:00,kube-system,svclb-traefik-0640832b-cmlmg,0.0,0
2026-09-16T15:30:01.860105+00:00,kube-system,traefik-9bcdbbd9-p72qj,3.0,67108864
2026-09-16T15:30:01.860105+00:00,pyroscope,pyroscope-0,5.0,97517568
2026-09-16T15:30:01.860105+00:00,pyroscope,pyroscope-alloy-0,23.0,143654912
2026-09-16T15:30:08.099760+00:00,grove-system,grove-operator-7b4ff56598-fnn26,20.0,153092096
2026-09-16T15:30:08.099760+00:00,kai-scheduler,admission-86666f457d-p5pmm,1.0,13631488
2026-09-16T15:30:08.099760+00:00,kai-scheduler,binder-869fc94c7-xjgwh,19.0,97517568
2026-09-16T15:30:08.099760+00:00,kai-scheduler,kai-operator-69b5d7bcf7-z7q9w,1.0,59768832
2026-09-16T15:30:08.099760+00:00,kai-scheduler,kai-scheduler-default-54f59b45b-wcmls,18.0,113246208
2026-09-16T15:30:08.099760+00:00,kai-scheduler,pod-grouper-65456f756-8brn7,1.0,9437184
2026-09-16T15:30:08.099760+00:00,kai-scheduler,podgroup-controller-68f9cc8dbf-vtczt,1.0,13631488
2026-09-16T15:30:08.099760+00:00,kai-scheduler,queue-controller-f86fcd76c-v769g,1.0,13631488
2026-09-16T15:30:08.099760+00:00,kube-system,coredns-8db54c48d-ghktl,3.0,29360128
2026-09-16T15:30:08.099760+00:00,kube-system,kwok-controller-5cf8c7c44b-hbw5c,43.0,46137344
2026-09-16T15:30:08.099760+00:00,kube-system,local-path-provisioner-5d9d9885bc-gz6gf,1.0,15728640
2026-09-16T15:30:08.099760+00:00,kube-system,metrics-server-75dc6f8d87-8xng4,15.0,65011712
2026-09-16T15:30:08.099760+00:00,kube-system,svclb-traefik-0640832b-cmlmg,0.0,0
2026-09-16T15:30:08.099760+00:00,kube-system,traefik-9bcdbbd9-p72qj,3.0,67108864
2026-09-16T15:30:08.099760+00:00,pyroscope,pyroscope-0,5.0,97517568
2026-09-16T15:30:08.099760+00:00,pyroscope,pyroscope-alloy-0,23.0,143654912
