timestamp,namespace,pod,cpu_millicores,mem_bytes
2026-09-16T19:41:28.391716+00:00,grove-system,grove-operator-5bd8db875b-bhlrz,3.0,33554432
2026-09-16T19:41:28.391716+00:00,kai-scheduler,admission-86666f457d-bwph8,1.0,15728640
2026-09-16T19:41:28.391716+00:00,kai-scheduler,binder-869fc94c7-qhm2z,8.0,47185920
2026-09-16T19:41:28.391716+00:00,kai-scheduler,kai-operator-69b5d7bcf7-bvhpv,13.0,80740352
2026-09-16T19:41:28.391716+00:00,kai-scheduler,kai-scheduler-default-6fb4498964-d92jm,15.0,96468992
2026-09-16T19:41:28.391716+00:00,kai-scheduler,pod-grouper-65456f756-ck9lt,1.0,11534336
2026-09-16T19:41:28.391716+00:00,kai-scheduler,podgroup-controller-68f9cc8dbf-phtdb,1.0,13631488
2026-09-16T19:41:28.391716+00:00,kai-scheduler,queue-controller-f86fcd76c-mr7t8,1.0,11534336
2026-09-16T19:41:28.391716+00:00,kube-system,coredns-8db54c48d-fx77w,2.0,18874368
2026-09-16T19:41:28.391716+00:00,kube-system,kwok-controller-5cf8c7c44b-rpchk,78.0,47185920
2026-09-16T19:41:28.391716+00:00,kube-system,local-path-provisioner-5d9d9885bc-p78bz,1.0,13631488
2026-09-16T19:41:28.391716+00:00,kube-system,metrics-server-786d997795-fdkwl,38.0,136314880
2026-09-16T19:41:28.391716+00:00,kube-system,svclb-traefik-cdc99fe8-dd4hl,0.0,0
2026-09-16T19:41:28.391716+00:00,kube-system,traefik-9bcdbbd9-6hsgh,14.0,70254592
2026-09-16T19:41:28.391716+00:00,pyroscope,pyroscope-0,5.0,39845888
2026-09-16T19:41:28.391716+00:00,pyroscope,pyroscope-alloy-0,3.0,83886080
2026-09-16T19:41:59.649277+00:00,grove-system,grove-operator-5bd8db875b-bhlrz,3.0,33554432
2026-09-16T19:41:59.649277+00:00,kai-scheduler,admission-86666f457d-bwph8,1.0,15728640
2026-09-16T19:41:59.649277+00:00,kai-scheduler,binder-869fc94c7-qhm2z,10.0,46137344
2026-09-16T19:41:59.649277+00:00,kai-scheduler,kai-operator-69b5d7bcf7-bvhpv,29.0,79691776
2026-09-16T19:41:59.649277+00:00,kai-scheduler,kai-scheduler-default-6fb4498964-d92jm,32.0,104857600
2026-09-16T19:41:59.649277+00:00,kai-scheduler,pod-grouper-65456f756-ck9lt,1.0,11534336
2026-09-16T19:41:59.649277+00:00,kai-scheduler,podgroup-controller-68f9cc8dbf-phtdb,1.0,13631488
2026-09-16T19:41:59.649277+00:00,kai-scheduler,queue-controller-f86fcd76c-mr7t8,1.0,11534336
2026-09-16T19:41:59.649277+00:00,kube-system,coredns-8db54c48d-fx77w,3.0,24117248
2026-09-16T19:41:59.649277+00:00,kube-system,kwok-controller-5cf8c7c44b-rpchk,113.0,47185920
2026-09-16T19:41:59.649277+00:00,kube-system,local-path-provisioner-5d9d9885bc-p78bz,1.0,13631488
2026-09-16T19:41:59.649277+00:00,kube-system,metrics-server-75dc6f8d87-777bz,88.0,77594624
2026-09-16T19:41:59.649277+00:00,kube-system,metrics-server-786d997795-fdkwl,55.0,145752064
2026-09-16T19:41:59.649277+00:00,kube-system,svclb-traefik-cdc99fe8-dd4hl,0.0,0
2026-09-16T19:41:59.649277+00:00,kube-system,traefik-9bcdbbd9-6hsgh,25.0,71303168
2026-09-16T19:41:59.649277+00:00,pyroscope,pyroscope-0,5.0,42991616
2026-09-16T19:41:59.649277+00:00,pyroscope,pyroscope-alloy-0,4.0,90177536
2026-09-16T19:42:30.906956+00:00,grove-system,grove-operator-5bd8db875b-bhlrz,2.0,34603008
2026-09-16T19:42:30.906956+00:00,kai-scheduler,admission-86666f457d-bwph8,1.0,15728640
2026-09-16T19:42:30.906956+00:00,kai-scheduler,binder-869fc94c7-qhm2z,32.0,48234496
2026-09-16T19:42:30.906956+00:00,kai-scheduler,kai-operator-69b5d7bcf7-bvhpv,26.0,87031808
2026-09-16T19:42:30.906956+00:00,kai-scheduler,kai-scheduler-default-6fb4498964-d92jm,40.0,104857600
2026-09-16T19:42:30.906956+00:00,kai-scheduler,pod-grouper-65456f756-ck9lt,1.0,11534336
2026-09-16T19:42:30.906956+00:00,kai-scheduler,podgroup-controller-68f9cc8dbf-phtdb,1.0,13631488
2026-09-16T19:42:30.906956+00:00,kai-scheduler,queue-controller-f86fcd76c-mr7t8,1.0,11534336
2026-09-16T19:42:30.906956+00:00,kube-system,coredns-8db54c48d-fx77w,2.0,23068672
2026-09-16T19:42:30.906956+00:00,kube-system,kwok-controller-5cf8c7c44b-rpchk,110.0,49283072
2026-09-16T19:42:30.906956+00:00,kube-system,local-path-provisioner-5d9d9885bc-p78bz,1.0,13631488
2026-09-16T19:42:30.906956+00:00,kube-system,metrics-server-75dc6f8d87-777bz,50.0,114294784
2026-09-16T19:42:30.906956+00:00,kube-system,svclb-traefik-cdc99fe8-dd4hl,0.0,0
2026-09-16T19:42:30.906956+00:00,kube-system,traefik-9bcdbbd9-6hsgh,49.0,79691776
2026-09-16T19:42:30.906956+00:00,pyroscope,pyroscope-0,5.0,42991616
2026-09-16T19:42:30.906956+00:00,pyroscope,pyroscope-alloy-0,7.0,90177536
2026-09-16T19:43:02.149611+00:00,grove-system,grove-operator-5bd8db875b-bhlrz,3.0,49283072
2026-09-16T19:43:02.149611+00:00,kai-scheduler,admission-86666f457d-bwph8,1.0,15728640
2026-09-16T19:43:02.149611+00:00,kai-scheduler,binder-869fc94c7-qhm2z,32.0,49283072
2026-09-16T19:43:02.149611+00:00,kai-scheduler,kai-operator-69b5d7bcf7-bvhpv,36.0,85983232
2026-09-16T19:43:02.149611+00:00,kai-scheduler,kai-scheduler-default-6fb4498964-d92jm,39.0,104857600
2026-09-16T19:43:02.149611+00:00,kai-scheduler,pod-grouper-65456f756-ck9lt,1.0,11534336
2026-09-16T19:43:02.149611+00:00,kai-scheduler,podgroup-controller-68f9cc8dbf-phtdb,1.0,13631488
2026-09-16T19:43:02.149611+00:00,kai-scheduler,queue-controller-f86fcd76c-mr7t8,1.0,11534336
2026-09-16T19:43:02.149611+00:00,kube-system,coredns-8db54c48d-fx77w,2.0,23068672
2026-09-16T19:43:02.149611+00:00,kube-system,kwok-controller-5cf8c7c44b-rpchk,110.0,50331648
2026-09-16T19:43:02.149611+00:00,kube-system,local-path-provisioner-5d9d9885bc-p78bz,1.0,13631488
2026-09-16T19:43:02.149611+00:00,kube-system,metrics-server-75dc6f8d87-777bz,63.0,124780544
2026-09-16T19:43:02.149611+00:00,kube-system,svclb-traefik-cdc99fe8-dd4hl,0.0,0
2026-09-16T19:43:02.149611+00:00,kube-system,traefik-9bcdbbd9-6hsgh,49.0,82837504
2026-09-16T19:43:02.149611+00:00,pyroscope,pyroscope-0,11.0,53477376
2026-09-16T19:43:02.149611+00:00,pyroscope,pyroscope-alloy-0,6.0,96468992
2026-09-16T19:43:33.412662+00:00,grove-system,grove-operator-5bd8db875b-bhlrz,3.0,53477376
2026-09-16T19:43:33.412662+00:00,kai-scheduler,admission-86666f457d-bwph8,1.0,15728640
2026-09-16T19:43:33.412662+00:00,kai-scheduler,binder-869fc94c7-qhm2z,32.0,49283072
2026-09-16T19:43:33.412662+00:00,kai-scheduler,kai-operator-69b5d7bcf7-bvhpv,33.0,89128960
2026-09-16T19:43:33.412662+00:00,kai-scheduler,kai-scheduler-default-6fb4498964-d92jm,38.0,100663296
2026-09-16T19:43:33.412662+00:00,kai-scheduler,pod-grouper-65456f756-ck9lt,1.0,11534336
2026-09-16T19:43:33.412662+00:00,kai-scheduler,podgroup-controller-68f9cc8dbf-phtdb,1.0,13631488
2026-09-16T19:43:33.412662+00:00,kai-scheduler,queue-controller-f86fcd76c-mr7t8,1.0,11534336
2026-09-16T19:43:33.412662+00:00,kube-system,coredns-8db54c48d-fx77w,2.0,23068672
2026-09-16T19:43:33.412662+00:00,kube-system,kwok-controller-5cf8c7c44b-rpchk,102.0,49283072
2026-09-16T19:43:33.412662+00:00,kube-system,local-path-provisioner-5d9d9885bc-p78bz,1.0,13631488
2026-09-16T19:43:33.412662+00:00,kube-system,metrics-server-75dc6f8d87-777bz,55.0,139460608
2026-09-16T19:43:33.412662+00:00,kube-system,svclb-traefik-cdc99fe8-dd4hl,0.0,0
2026-09-16T19:43:33.412662+00:00,kube-system,traefik-9bcdbbd9-6hsgh,49.0,82837504
2026-09-16T19:43:33.412662+00:00,pyroscope,pyroscope-0,5.0,52428800
2026-09-16T19:43:33.412662+00:00,pyroscope,pyroscope-alloy-0,4.0,96468992
2026-09-16T19:44:04.693062+00:00,grove-system,grove-operator-5bd8db875b-bhlrz,664.0,137363456
2026-09-16T19:44:04.693062+00:00,kai-scheduler,admission-86666f457d-bwph8,1.0,15728640
2026-09-16T19:44:04.693062+00:00,kai-scheduler,binder-869fc94c7-qhm2z,46.0,70254592
2026-09-16T19:44:04.693062+00:00,kai-scheduler,kai-operator-69b5d7bcf7-bvhpv,12.0,84934656
2026-09-16T19:44:04.693062+00:00,kai-scheduler,kai-scheduler-default-6fb4498964-d92jm,50.0,105906176
2026-09-16T19:44:04.693062+00:00,kai-scheduler,pod-grouper-65456f756-ck9lt,1.0,11534336
2026-09-16T19:44:04.693062+00:00,kai-scheduler,podgroup-controller-68f9cc8dbf-phtdb,1.0,13631488
2026-09-16T19:44:04.693062+00:00,kai-scheduler,queue-controller-f86fcd76c-mr7t8,1.0,11534336
2026-09-16T19:44:04.693062+00:00,kube-system,coredns-8db54c48d-fx77w,3.0,23068672
2026-09-16T19:44:04.693062+00:00,kube-system,kwok-controller-5cf8c7c44b-rpchk,115.0,48234496
2026-09-16T19:44:04.693062+00:00,kube-system,local-path-provisioner-5d9d9885bc-p78bz,1.0,13631488
2026-09-16T19:44:04.693062+00:00,kube-system,metrics-server-75dc6f8d87-777bz,37.0,139460608
2026-09-16T19:44:04.693062+00:00,kube-system,svclb-traefik-cdc99fe8-dd4hl,0.0,0
2026-09-16T19:44:04.693062+00:00,kube-system,traefik-9bcdbbd9-6hsgh,39.0,81788928
2026-09-16T19:44:04.693062+00:00,pyroscope,pyroscope-0,6.0,54525952
2026-09-16T19:44:04.693062+00:00,pyroscope,pyroscope-alloy-0,20.0,100663296
2026-09-16T19:44:35.951711+00:00,grove-system,grove-operator-5bd8db875b-bhlrz,759.0,256901120
2026-09-16T19:44:35.951711+00:00,kai-scheduler,admission-86666f457d-bwph8,1.0,15728640
2026-09-16T19:44:35.951711+00:00,kai-scheduler,binder-869fc94c7-qhm2z,87.0,163577856
2026-09-16T19:44:35.951711+00:00,kai-scheduler,kai-operator-69b5d7bcf7-bvhpv,9.0,84934656
2026-09-16T19:44:35.951711+00:00,kai-scheduler,kai-scheduler-default-6fb4498964-d92jm,87.0,242221056
2026-09-16T19:44:35.951711+00:00,kai-scheduler,pod-grouper-65456f756-ck9lt,1.0,11534336
2026-09-16T19:44:35.951711+00:00,kai-scheduler,podgroup-controller-68f9cc8dbf-phtdb,1.0,13631488
2026-09-16T19:44:35.951711+00:00,kai-scheduler,queue-controller-f86fcd76c-mr7t8,1.0,11534336
2026-09-16T19:44:35.951711+00:00,kube-system,coredns-8db54c48d-fx77w,4.0,23068672
2026-09-16T19:44:35.951711+00:00,kube-system,kwok-controller-5cf8c7c44b-rpchk,94.0,48234496
2026-09-16T19:44:35.951711+00:00,kube-system,local-path-provisioner-5d9d9885bc-p78bz,1.0,13631488
2026-09-16T19:44:35.951711+00:00,kube-system,metrics-server-75dc6f8d87-777bz,47.0,140509184
2026-09-16T19:44:35.951711+00:00,kube-system,svclb-traefik-cdc99fe8-dd4hl,0.0,0
2026-09-16T19:44:35.951711+00:00,kube-system,traefik-9bcdbbd9-6hsgh,18.0,81788928
2026-09-16T19:44:35.951711+00:00,pyroscope,pyroscope-0,8.0,65011712
2026-09-16T19:44:35.951711+00:00,pyroscope,pyroscope-alloy-0,63.0,127926272
2026-09-16T19:45:07.203246+00:00,grove-system,grove-operator-5bd8db875b-bhlrz,1107.0,316669952
2026-09-16T19:45:07.203246+00:00,kai-scheduler,admission-86666f457d-bwph8,1.0,15728640
2026-09-16T19:45:07.203246+00:00,kai-scheduler,kai-operator-69b5d7bcf7-bvhpv,3.0,85983232
2026-09-16T19:45:07.203246+00:00,kai-scheduler,kai-scheduler-default-6fb4498964-d92jm,116.0,331350016
2026-09-16T19:45:07.203246+00:00,kai-scheduler,pod-grouper-65456f756-ck9lt,1.0,11534336
2026-09-16T19:45:07.203246+00:00,kai-scheduler,podgroup-controller-68f9cc8dbf-phtdb,1.0,13631488
2026-09-16T19:45:07.203246+00:00,kai-scheduler,queue-controller-f86fcd76c-mr7t8,1.0,11534336
2026-09-16T19:45:07.203246+00:00,kube-system,coredns-8db54c48d-fx77w,11.0,26214400
2026-09-16T19:45:07.203246+00:00,kube-system,kwok-controller-5cf8c7c44b-rpchk,176.0,54525952
2026-09-16T19:45:07.203246+00:00,kube-system,local-path-provisioner-5d9d9885bc-p78bz,1.0,13631488
2026-09-16T19:45:07.203246+00:00,kube-system,metrics-server-75dc6f8d87-777bz,58.0,140509184
2026-09-16T19:45:07.203246+00:00,kube-system,svclb-traefik-cdc99fe8-dd4hl,0.0,0
2026-09-16T19:45:07.203246+00:00,kube-system,traefik-9bcdbbd9-6hsgh,16.0,83886080
2026-09-16T19:45:07.203246+00:00,pyroscope,pyroscope-0,8.0,65011712
2026-09-16T19:45:07.203246+00:00,pyroscope,pyroscope-alloy-0,99.0,191889408
2026-09-16T19:45:38.486787+00:00,grove-system,grove-operator-5bd8db875b-bhlrz,1704.0,385875968
2026-09-16T19:45:38.486787+00:00,kai-scheduler,admission-86666f457d-bwph8,1.0,15728640
2026-09-16T19:45:38.486787+00:00,kai-scheduler,kai-operator-69b5d7bcf7-bvhpv,5.0,83886080
2026-09-16T19:45:38.486787+00:00,kai-scheduler,kai-scheduler-default-6fb4498964-d92jm,121.0,493879296
2026-09-16T19:45:38.486787+00:00,kai-scheduler,pod-grouper-65456f756-ck9lt,1.0,11534336
2026-09-16T19:45:38.486787+00:00,kai-scheduler,podgroup-controller-68f9cc8dbf-phtdb,1.0,13631488
2026-09-16T19:45:38.486787+00:00,kai-scheduler,queue-controller-f86fcd76c-mr7t8,1.0,11534336
2026-09-16T19:45:38.486787+00:00,kube-system,coredns-8db54c48d-fx77w,12.0,26214400
2026-09-16T19:45:38.486787+00:00,kube-system,kwok-controller-5cf8c7c44b-rpchk,167.0,55574528
2026-09-16T19:45:38.486787+00:00,kube-system,local-path-provisioner-5d9d9885bc-p78bz,1.0,13631488
2026-09-16T19:45:38.486787+00:00,kube-system,metrics-server-75dc6f8d87-777bz,35.0,147849216
2026-09-16T19:45:38.486787+00:00,kube-system,svclb-traefik-cdc99fe8-dd4hl,0.0,0
2026-09-16T19:45:38.486787+00:00,kube-system,traefik-9bcdbbd9-6hsgh,11.0,85983232
2026-09-16T19:45:38.486787+00:00,pyroscope,pyroscope-0,9.0,72351744
2026-09-16T19:45:38.486787+00:00,pyroscope,pyroscope-alloy-0,90.0,256901120
2026-09-16T19:46:09.827924+00:00,grove-system,grove-operator-5bd8db875b-bhlrz,1942.0,401604608
2026-09-16T19:46:09.827924+00:00,kai-scheduler,admission-86666f457d-bwph8,1.0,15728640
2026-09-16T19:46:09.827924+00:00,kai-scheduler,kai-operator-69b5d7bcf7-bvhpv,1.0,84934656
2026-09-16T19:46:09.827924+00:00,kai-scheduler,kai-scheduler-default-6fb4498964-d92jm,166.0,505413632
2026-09-16T19:46:09.827924+00:00,kai-scheduler,pod-grouper-65456f756-ck9lt,1.0,11534336
2026-09-16T19:46:09.827924+00:00,kai-scheduler,podgroup-controller-68f9cc8dbf-phtdb,1.0,13631488
2026-09-16T19:46:09.827924+00:00,kai-scheduler,queue-controller-f86fcd76c-mr7t8,1.0,11534336
2026-09-16T19:46:09.827924+00:00,kube-system,coredns-8db54c48d-fx77w,13.0,28311552
2026-09-16T19:46:09.827924+00:00,kube-system,kwok-controller-5cf8c7c44b-rpchk,285.0,55574528
2026-09-16T19:46:09.827924+00:00,kube-system,local-path-provisioner-5d9d9885bc-p78bz,1.0,13631488
2026-09-16T19:46:09.827924+00:00,kube-system,metrics-server-75dc6f8d87-777bz,62.0,148897792
2026-09-16T19:46:09.827924+00:00,kube-system,svclb-traefik-cdc99fe8-dd4hl,0.0,0
2026-09-16T19:46:09.827924+00:00,kube-system,traefik-9bcdbbd9-6hsgh,20.0,91226112
2026-09-16T19:46:09.827924+00:00,pyroscope,pyroscope-0,9.0,74448896
2026-09-16T19:46:09.827924+00:00,pyroscope,pyroscope-alloy-0,148.0,325058560
2026-09-16T19:46:41.091561+00:00,grove-system,grove-operator-5bd8db875b-bhlrz,1355.0,424673280
2026-09-16T19:46:41.091561+00:00,kai-scheduler,admission-86666f457d-bwph8,1.0,16777216
2026-09-16T19:46:41.091561+00:00,kai-scheduler,kai-operator-69b5d7bcf7-bvhpv,3.0,83886080
2026-09-16T19:46:41.091561+00:00,kai-scheduler,pod-grouper-65456f756-ck9lt,1.0,11534336
2026-09-16T19:46:41.091561+00:00,kai-scheduler,podgroup-controller-68f9cc8dbf-phtdb,1.0,13631488
2026-09-16T19:46:41.091561+00:00,kai-scheduler,queue-controller-f86fcd76c-mr7t8,1.0,11534336
2026-09-16T19:46:41.091561+00:00,kube-system,coredns-8db54c48d-fx77w,14.0,28311552
2026-09-16T19:46:41.091561+00:00,kube-system,kwok-controller-5cf8c7c44b-rpchk,309.0,55574528
2026-09-16T19:46:41.091561+00:00,kube-system,local-path-provisioner-5d9d9885bc-p78bz,1.0,13631488
2026-09-16T19:46:41.091561+00:00,kube-system,metrics-server-75dc6f8d87-777bz,68.0,152043520
2026-09-16T19:46:41.091561+00:00,kube-system,svclb-traefik-cdc99fe8-dd4hl,0.0,0
2026-09-16T19:46:41.091561+00:00,kube-system,traefik-9bcdbbd9-6hsgh,20.0,93323264
2026-09-16T19:46:41.091561+00:00,pyroscope,pyroscope-0,8.0,74448896
2026-09-16T19:46:41.091561+00:00,pyroscope,pyroscope-alloy-0,156.0,361758720
2026-09-16T19:47:12.380372+00:00,grove-system,grove-operator-5bd8db875b-bhlrz,843.0,425721856
2026-09-16T19:47:12.380372+00:00,kai-scheduler,admission-86666f457d-bwph8,1.0,15728640
2026-09-16T19:47:12.380372+00:00,kai-scheduler,kai-operator-69b5d7bcf7-bvhpv,3.0,83886080
2026-09-16T19:47:12.380372+00:00,kai-scheduler,pod-grouper-65456f756-ck9lt,1.0,11534336
2026-09-16T19:47:12.380372+00:00,kai-scheduler,podgroup-controller-68f9cc8dbf-phtdb,1.0,13631488
2026-09-16T19:47:12.380372+00:00,kai-scheduler,queue-controller-f86fcd76c-mr7t8,1.0,11534336
2026-09-16T19:47:12.380372+00:00,kube-system,coredns-8db54c48d-fx77w,16.0,34603008
2026-09-16T19:47:12.380372+00:00,kube-system,kwok-controller-5cf8c7c44b-rpchk,349.0,59768832
2026-09-16T19:47:12.380372+00:00,kube-system,local-path-provisioner-5d9d9885bc-p78bz,1.0,13631488
2026-09-16T19:47:12.380372+00:00,kube-system,metrics-server-75dc6f8d87-777bz,83.0,174063616
2026-09-16T19:47:12.380372+00:00,kube-system,svclb-traefik-cdc99fe8-dd4hl,0.0,0
2026-09-16T19:47:12.380372+00:00,kube-system,traefik-9bcdbbd9-6hsgh,27.0,99614720
2026-09-16T19:47:12.380372+00:00,pyroscope,pyroscope-0,8.0,75497472
2026-09-16T19:47:12.380372+00:00,pyroscope,pyroscope-alloy-0,175.0,376438784
2026-09-16T19:47:43.712950+00:00,grove-system,grove-operator-5bd8db875b-bhlrz,2344.0,430964736
2026-09-16T19:47:43.712950+00:00,kai-scheduler,admission-86666f457d-bwph8,1.0,15728640
2026-09-16T19:47:43.712950+00:00,kai-scheduler,kai-operator-69b5d7bcf7-bvhpv,4.0,83886080
2026-09-16T19:47:43.712950+00:00,kai-scheduler,pod-grouper-65456f756-ck9lt,1.0,11534336
2026-09-16T19:47:43.712950+00:00,kai-scheduler,podgroup-controller-68f9cc8dbf-phtdb,1.0,13631488
2026-09-16T19:47:43.712950+00:00,kai-scheduler,queue-controller-f86fcd76c-mr7t8,1.0,11534336
2026-09-16T19:47:43.712950+00:00,kube-system,coredns-8db54c48d-fx77w,15.0,33554432
2026-09-16T19:47:43.712950+00:00,kube-system,kwok-controller-5cf8c7c44b-rpchk,760.0,72351744
2026-09-16T19:47:43.712950+00:00,kube-system,local-path-provisioner-5d9d9885bc-p78bz,1.0,13631488
2026-09-16T19:47:43.712950+00:00,kube-system,metrics-server-75dc6f8d87-777bz,60.0,176160768
2026-09-16T19:47:43.712950+00:00,kube-system,svclb-traefik-cdc99fe8-dd4hl,0.0,0
2026-09-16T19:47:43.712950+00:00,kube-system,traefik-9bcdbbd9-6hsgh,21.0,99614720
2026-09-16T19:47:43.712950+00:00,pyroscope,pyroscope-0,8.0,77594624
2026-09-16T19:47:43.712950+00:00,pyroscope,pyroscope-alloy-0,175.0,427819008
2026-09-16T19:48:14.974955+00:00,grove-system,grove-operator-5bd8db875b-bhlrz,2834.0,435159040
2026-09-16T19:48:14.974955+00:00,kai-scheduler,admission-86666f457d-bwph8,1.0,15728640
2026-09-16T19:48:14.974955+00:00,kai-scheduler,kai-operator-69b5d7bcf7-bvhpv,2.0,83886080
2026-09-16T19:48:14.974955+00:00,kai-scheduler,pod-grouper-65456f756-ck9lt,1.0,11534336
2026-09-16T19:48:14.974955+00:00,kai-scheduler,podgroup-controller-68f9cc8dbf-phtdb,1.0,13631488
2026-09-16T19:48:14.974955+00:00,kai-scheduler,queue-controller-f86fcd76c-mr7t8,1.0,11534336
2026-09-16T19:48:14.974955+00:00,kube-system,coredns-8db54c48d-fx77w,15.0,37748736
2026-09-16T19:48:14.974955+00:00,kube-system,kwok-controller-5cf8c7c44b-rpchk,356.0,75497472
2026-09-16T19:48:14.974955+00:00,kube-system,local-path-provisioner-5d9d9885bc-p78bz,1.0,13631488
2026-09-16T19:48:14.974955+00:00,kube-system,metrics-server-75dc6f8d87-777bz,54.0,198180864
2026-09-16T19:48:14.974955+00:00,kube-system,svclb-traefik-cdc99fe8-dd4hl,0.0,0
2026-09-16T19:48:14.974955+00:00,kube-system,traefik-9bcdbbd9-6hsgh,23.0,106954752
2026-09-16T19:48:14.974955+00:00,pyroscope,pyroscope-0,8.0,79691776
2026-09-16T19:48:14.974955+00:00,pyroscope,pyroscope-alloy-0,183.0,454033408
2026-09-16T19:48:46.220833+00:00,grove-system,grove-operator-5bd8db875b-bhlrz,595.0,437256192
2026-09-16T19:48:46.220833+00:00,kai-scheduler,admission-86666f457d-bwph8,1.0,15728640
2026-09-16T19:48:46.220833+00:00,kai-scheduler,kai-operator-69b5d7bcf7-bvhpv,2.0,84934656
2026-09-16T19:48:46.220833+00:00,kai-scheduler,pod-grouper-65456f756-ck9lt,1.0,11534336
2026-09-16T19:48:46.220833+00:00,kai-scheduler,podgroup-controller-68f9cc8dbf-phtdb,1.0,13631488
2026-09-16T19:48:46.220833+00:00,kai-scheduler,queue-controller-f86fcd76c-mr7t8,1.0,11534336
2026-09-16T19:48:46.220833+00:00,kube-system,coredns-8db54c48d-fx77w,10.0,36700160
2026-09-16T19:48:46.220833+00:00,kube-system,kwok-controller-5cf8c7c44b-rpchk,85.0,75497472
2026-09-16T19:48:46.220833+00:00,kube-system,local-path-provisioner-5d9d9885bc-p78bz,1.0,13631488
2026-09-16T19:48:46.220833+00:00,kube-system,metrics-server-75dc6f8d87-777bz,27.0,217055232
2026-09-16T19:48:46.220833+00:00,kube-system,svclb-traefik-cdc99fe8-dd4hl,0.0,0
2026-09-16T19:48:46.220833+00:00,kube-system,traefik-9bcdbbd9-6hsgh,2.0,104857600
2026-09-16T19:48:46.220833+00:00,pyroscope,pyroscope-0,23.0,103809024
2026-09-16T19:48:46.220833+00:00,pyroscope,pyroscope-alloy-0,49.0,505413632
2026-09-16T19:49:17.470014+00:00,grove-system,grove-operator-5bd8db875b-bhlrz,28.0,438304768
2026-09-16T19:49:17.470014+00:00,kai-scheduler,admission-86666f457d-bwph8,1.0,15728640
2026-09-16T19:49:17.470014+00:00,kai-scheduler,kai-operator-69b5d7bcf7-bvhpv,3.0,84934656
2026-09-16T19:49:17.470014+00:00,kai-scheduler,pod-grouper-65456f756-ck9lt,1.0,11534336
2026-09-16T19:49:17.470014+00:00,kai-scheduler,podgroup-controller-68f9cc8dbf-phtdb,1.0,13631488
2026-09-16T19:49:17.470014+00:00,kai-scheduler,queue-controller-f86fcd76c-mr7t8,1.0,11534336
2026-09-16T19:49:17.470014+00:00,kube-system,coredns-8db54c48d-fx77w,3.0,36700160
2026-09-16T19:49:17.470014+00:00,kube-system,kwok-controller-5cf8c7c44b-rpchk,70.0,76546048
2026-09-16T19:49:17.470014+00:00,kube-system,local-path-provisioner-5d9d9885bc-p78bz,1.0,13631488
2026-09-16T19:49:17.470014+00:00,kube-system,metrics-server-75dc6f8d87-777bz,28.0,217055232
2026-09-16T19:49:17.470014+00:00,kube-system,svclb-traefik-cdc99fe8-dd4hl,0.0,0
2026-09-16T19:49:17.470014+00:00,kube-system,traefik-9bcdbbd9-6hsgh,2.0,104857600
2026-09-16T19:49:17.470014+00:00,pyroscope,pyroscope-0,5.0,91226112
2026-09-16T19:49:17.470014+00:00,pyroscope,pyroscope-alloy-0,77.0,506462208
2026-09-16T19:49:48.724412+00:00,grove-system,grove-operator-5bd8db875b-bhlrz,94.0,442499072
2026-09-16T19:49:48.724412+00:00,kai-scheduler,admission-86666f457d-bwph8,1.0,15728640
2026-09-16T19:49:48.724412+00:00,kai-scheduler,kai-operator-69b5d7bcf7-bvhpv,1.0,83886080
2026-09-16T19:49:48.724412+00:00,kai-scheduler,pod-grouper-65456f756-ck9lt,1.0,11534336
2026-09-16T19:49:48.724412+00:00,kai-scheduler,podgroup-controller-68f9cc8dbf-phtdb,1.0,13631488
2026-09-16T19:49:48.724412+00:00,kai-scheduler,queue-controller-f86fcd76c-mr7t8,1.0,11534336
2026-09-16T19:49:48.724412+00:00,kube-system,coredns-8db54c48d-fx77w,3.0,36700160
2026-09-16T19:49:48.724412+00:00,kube-system,kwok-controller-5cf8c7c44b-rpchk,111.0,78643200
2026-09-16T19:49:48.724412+00:00,kube-system,local-path-provisioner-5d9d9885bc-p78bz,1.0,13631488
2026-09-16T19:49:48.724412+00:00,kube-system,metrics-server-75dc6f8d87-777bz,40.0,220200960
2026-09-16T19:49:48.724412+00:00,kube-system,svclb-traefik-cdc99fe8-dd4hl,0.0,0
2026-09-16T19:49:48.724412+00:00,kube-system,traefik-9bcdbbd9-6hsgh,6.0,108003328
2026-09-16T19:49:48.724412+00:00,pyroscope,pyroscope-0,5.0,92274688
2026-09-16T19:49:48.724412+00:00,pyroscope,pyroscope-alloy-0,56.0,506462208
2026-09-16T19:50:19.969695+00:00,grove-system,grove-operator-5bd8db875b-bhlrz,74.0,442499072
2026-09-16T19:50:19.969695+00:00,kai-scheduler,admission-86666f457d-bwph8,1.0,15728640
2026-09-16T19:50:19.969695+00:00,kai-scheduler,kai-operator-69b5d7bcf7-bvhpv,3.0,84934656
2026-09-16T19:50:19.969695+00:00,kai-scheduler,pod-grouper-65456f756-ck9lt,1.0,11534336
2026-09-16T19:50:19.969695+00:00,kai-scheduler,podgroup-controller-68f9cc8dbf-phtdb,1.0,13631488
2026-09-16T19:50:19.969695+00:00,kai-scheduler,queue-controller-f86fcd76c-mr7t8,1.0,11534336
2026-09-16T19:50:19.969695+00:00,kube-system,coredns-8db54c48d-fx77w,3.0,37748736
2026-09-16T19:50:19.969695+00:00,kube-system,kwok-controller-5cf8c7c44b-rpchk,96.0,76546048
2026-09-16T19:50:19.969695+00:00,kube-system,local-path-provisioner-5d9d9885bc-p78bz,1.0,13631488
2026-09-16T19:50:19.969695+00:00,kube-system,metrics-server-75dc6f8d87-777bz,31.0,239075328
2026-09-16T19:50:19.969695+00:00,kube-system,svclb-traefik-cdc99fe8-dd4hl,0.0,0
2026-09-16T19:50:19.969695+00:00,kube-system,traefik-9bcdbbd9-6hsgh,2.0,106954752
2026-09-16T19:50:19.969695+00:00,pyroscope,pyroscope-0,5.0,94371840
2026-09-16T19:50:19.969695+00:00,pyroscope,pyroscope-alloy-0,36.0,508559360
2026-09-16T19:50:51.222391+00:00,grove-system,grove-operator-5bd8db875b-bhlrz,28.0,441450496
2026-09-16T19:50:51.222391+00:00,kai-scheduler,admission-86666f457d-bwph8,1.0,15728640
2026-09-16T19:50:51.222391+00:00,kai-scheduler,kai-operator-69b5d7bcf7-bvhpv,1.0,83886080
2026-09-16T19:50:51.222391+00:00,kai-scheduler,pod-grouper-65456f756-ck9lt,1.0,11534336
2026-09-16T19:50:51.222391+00:00,kai-scheduler,podgroup-controller-68f9cc8dbf-phtdb,1.0,13631488
2026-09-16T19:50:51.222391+00:00,kai-scheduler,queue-controller-f86fcd76c-mr7t8,1.0,11534336
2026-09-16T19:50:51.222391+00:00,kube-system,coredns-8db54c48d-fx77w,2.0,36700160
2026-09-16T19:50:51.222391+00:00,kube-system,kwok-controller-5cf8c7c44b-rpchk,145.0,77594624
2026-09-16T19:50:51.222391+00:00,kube-system,local-path-provisioner-5d9d9885bc-p78bz,1.0,13631488
2026-09-16T19:50:51.222391+00:00,kube-system,metrics-server-75dc6f8d87-777bz,47.0,238026752
2026-09-16T19:50:51.222391+00:00,kube-system,svclb-traefik-cdc99fe8-dd4hl,0.0,0
2026-09-16T19:50:51.222391+00:00,kube-system,traefik-9bcdbbd9-6hsgh,1.0,106954752
2026-09-16T19:50:51.222391+00:00,pyroscope,pyroscope-0,6.0,96468992
2026-09-16T19:50:51.222391+00:00,pyroscope,pyroscope-alloy-0,186.0,516947968
2026-09-16T19:51:22.464206+00:00,grove-system,grove-operator-5bd8db875b-bhlrz,34.0,444596224
2026-09-16T19:51:22.464206+00:00,kai-scheduler,admission-86666f457d-bwph8,1.0,15728640
2026-09-16T19:51:22.464206+00:00,kai-scheduler,kai-operator-69b5d7bcf7-bvhpv,1.0,83886080
2026-09-16T19:51:22.464206+00:00,kai-scheduler,pod-grouper-65456f756-ck9lt,1.0,11534336
2026-09-16T19:51:22.464206+00:00,kai-scheduler,podgroup-controller-68f9cc8dbf-phtdb,1.0,13631488
2026-09-16T19:51:22.464206+00:00,kai-scheduler,queue-controller-f86fcd76c-mr7t8,1.0,11534336
2026-09-16T19:51:22.464206+00:00,kube-system,coredns-8db54c48d-fx77w,2.0,39845888
2026-09-16T19:51:22.464206+00:00,kube-system,kwok-controller-5cf8c7c44b-rpchk,124.0,76546048
2026-09-16T19:51:22.464206+00:00,kube-system,local-path-provisioner-5d9d9885bc-p78bz,1.0,13631488
2026-09-16T19:51:22.464206+00:00,kube-system,metrics-server-75dc6f8d87-777bz,62.0,248512512
2026-09-16T19:51:22.464206+00:00,kube-system,svclb-traefik-cdc99fe8-dd4hl,0.0,0
2026-09-16T19:51:22.464206+00:00,kube-system,traefik-9bcdbbd9-6hsgh,1.0,106954752
2026-09-16T19:51:22.464206+00:00,pyroscope,pyroscope-0,6.0,96468992
2026-09-16T19:51:22.464206+00:00,pyroscope,pyroscope-alloy-0,184.0,514850816
2026-09-16T19:51:53.706869+00:00,grove-system,grove-operator-5bd8db875b-bhlrz,31.0,443547648
2026-09-16T19:51:53.706869+00:00,kai-scheduler,admission-86666f457d-bwph8,1.0,15728640
2026-09-16T19:51:53.706869+00:00,kai-scheduler,kai-operator-69b5d7bcf7-bvhpv,1.0,83886080
2026-09-16T19:51:53.706869+00:00,kai-scheduler,pod-grouper-65456f756-ck9lt,1.0,11534336
2026-09-16T19:51:53.706869+00:00,kai-scheduler,podgroup-controller-68f9cc8dbf-phtdb,1.0,13631488
2026-09-16T19:51:53.706869+00:00,kai-scheduler,queue-controller-f86fcd76c-mr7t8,1.0,11534336
2026-09-16T19:51:53.706869+00:00,kube-system,coredns-8db54c48d-fx77w,2.0,38797312
2026-09-16T19:51:53.706869+00:00,kube-system,kwok-controller-5cf8c7c44b-rpchk,127.0,75497472
2026-09-16T19:51:53.706869+00:00,kube-system,local-path-provisioner-5d9d9885bc-p78bz,1.0,13631488
2026-09-16T19:51:53.706869+00:00,kube-system,metrics-server-75dc6f8d87-777bz,43.0,248512512
2026-09-16T19:51:53.706869+00:00,kube-system,svclb-traefik-cdc99fe8-dd4hl,0.0,0
2026-09-16T19:51:53.706869+00:00,kube-system,traefik-9bcdbbd9-6hsgh,1.0,106954752
2026-09-16T19:51:53.706869+00:00,pyroscope,pyroscope-0,5.0,96468992
2026-09-16T19:51:53.706869+00:00,pyroscope,pyroscope-alloy-0,162.0,514850816
2026-09-16T19:52:24.945580+00:00,grove-system,grove-operator-5bd8db875b-bhlrz,32.0,440401920
2026-09-16T19:52:24.945580+00:00,kai-scheduler,admission-86666f457d-bwph8,1.0,15728640
2026-09-16T19:52:24.945580+00:00,kai-scheduler,kai-operator-69b5d7bcf7-bvhpv,7.0,83886080
2026-09-16T19:52:24.945580+00:00,kai-scheduler,pod-grouper-65456f756-ck9lt,1.0,11534336
2026-09-16T19:52:24.945580+00:00,kai-scheduler,podgroup-controller-68f9cc8dbf-phtdb,1.0,13631488
2026-09-16T19:52:24.945580+00:00,kai-scheduler,queue-controller-f86fcd76c-mr7t8,1.0,11534336
2026-09-16T19:52:24.945580+00:00,kube-system,coredns-8db54c48d-fx77w,2.0,38797312
2026-09-16T19:52:24.945580+00:00,kube-system,kwok-controller-5cf8c7c44b-rpchk,161.0,77594624
2026-09-16T19:52:24.945580+00:00,kube-system,local-path-provisioner-5d9d9885bc-p78bz,1.0,13631488
2026-09-16T19:52:24.945580+00:00,kube-system,metrics-server-75dc6f8d87-777bz,48.0,249561088
2026-09-16T19:52:24.945580+00:00,kube-system,svclb-traefik-cdc99fe8-dd4hl,0.0,0
2026-09-16T19:52:24.945580+00:00,kube-system,traefik-9bcdbbd9-6hsgh,1.0,101711872
2026-09-16T19:52:24.945580+00:00,pyroscope,pyroscope-0,5.0,98566144
2026-09-16T19:52:24.945580+00:00,pyroscope,pyroscope-alloy-0,160.0,519045120
2026-09-16T19:52:56.187519+00:00,grove-system,grove-operator-5bd8db875b-bhlrz,48.0,438304768
2026-09-16T19:52:56.187519+00:00,kai-scheduler,admission-86666f457d-bwph8,1.0,15728640
2026-09-16T19:52:56.187519+00:00,kai-scheduler,kai-operator-69b5d7bcf7-bvhpv,3.0,84934656
2026-09-16T19:52:56.187519+00:00,kai-scheduler,kai-scheduler-default-6fb4498964-d92jm,223.0,464519168
2026-09-16T19:52:56.187519+00:00,kai-scheduler,pod-grouper-65456f756-ck9lt,1.0,11534336
2026-09-16T19:52:56.187519+00:00,kai-scheduler,podgroup-controller-68f9cc8dbf-phtdb,1.0,13631488
2026-09-16T19:52:56.187519+00:00,kai-scheduler,queue-controller-f86fcd76c-mr7t8,1.0,11534336
2026-09-16T19:52:56.187519+00:00,kube-system,coredns-8db54c48d-fx77w,2.0,38797312
2026-09-16T19:52:56.187519+00:00,kube-system,kwok-controller-5cf8c7c44b-rpchk,134.0,81788928
2026-09-16T19:52:56.187519+00:00,kube-system,local-path-provisioner-5d9d9885bc-p78bz,1.0,13631488
2026-09-16T19:52:56.187519+00:00,kube-system,metrics-server-75dc6f8d87-777bz,41.0,249561088
2026-09-16T19:52:56.187519+00:00,kube-system,svclb-traefik-cdc99fe8-dd4hl,0.0,0
2026-09-16T19:52:56.187519+00:00,kube-system,traefik-9bcdbbd9-6hsgh,1.0,101711872
2026-09-16T19:52:56.187519+00:00,pyroscope,pyroscope-0,6.0,98566144
2026-09-16T19:52:56.187519+00:00,pyroscope,pyroscope-alloy-0,141.0,520093696
2026-09-16T19:53:27.436999+00:00,grove-system,grove-operator-5bd8db875b-bhlrz,44.0,440401920
2026-09-16T19:53:27.436999+00:00,kai-scheduler,admission-86666f457d-bwph8,1.0,15728640
2026-09-16T19:53:27.436999+00:00,kai-scheduler,kai-operator-69b5d7bcf7-bvhpv,1.0,84934656
2026-09-16T19:53:27.436999+00:00,kai-scheduler,pod-grouper-65456f756-ck9lt,1.0,11534336
2026-09-16T19:53:27.436999+00:00,kai-scheduler,podgroup-controller-68f9cc8dbf-phtdb,1.0,13631488
2026-09-16T19:53:27.436999+00:00,kai-scheduler,queue-controller-f86fcd76c-mr7t8,1.0,11534336
2026-09-16T19:53:27.436999+00:00,kube-system,coredns-8db54c48d-fx77w,3.0,39845888
2026-09-16T19:53:27.436999+00:00,kube-system,kwok-controller-5cf8c7c44b-rpchk,141.0,80740352
2026-09-16T19:53:27.436999+00:00,kube-system,local-path-provisioner-5d9d9885bc-p78bz,1.0,13631488
2026-09-16T19:53:27.436999+00:00,kube-system,metrics-server-75dc6f8d87-777bz,52.0,252706816
2026-09-16T19:53:27.436999+00:00,kube-system,svclb-traefik-cdc99fe8-dd4hl,0.0,0
2026-09-16T19:53:27.436999+00:00,kube-system,traefik-9bcdbbd9-6hsgh,1.0,101711872
2026-09-16T19:53:27.436999+00:00,pyroscope,pyroscope-0,5.0,98566144
2026-09-16T19:53:27.436999+00:00,pyroscope,pyroscope-alloy-0,154.0,523239424
2026-09-16T19:53:58.682245+00:00,grove-system,grove-operator-5bd8db875b-bhlrz,24.0,440401920
2026-09-16T19:53:58.682245+00:00,kai-scheduler,admission-86666f457d-bwph8,1.0,15728640
2026-09-16T19:53:58.682245+00:00,kai-scheduler,kai-operator-69b5d7bcf7-bvhpv,1.0,84934656
2026-09-16T19:53:58.682245+00:00,kai-scheduler,pod-grouper-65456f756-ck9lt,1.0,11534336
2026-09-16T19:53:58.682245+00:00,kai-scheduler,podgroup-controller-68f9cc8dbf-phtdb,1.0,13631488
2026-09-16T19:53:58.682245+00:00,kai-scheduler,queue-controller-f86fcd76c-mr7t8,1.0,11534336
2026-09-16T19:53:58.682245+00:00,kube-system,coredns-8db54c48d-fx77w,2.0,39845888
2026-09-16T19:53:58.682245+00:00,kube-system,kwok-controller-5cf8c7c44b-rpchk,136.0,81788928
2026-09-16T19:53:58.682245+00:00,kube-system,local-path-provisioner-5d9d9885bc-p78bz,1.0,13631488
2026-09-16T19:53:58.682245+00:00,kube-system,metrics-server-75dc6f8d87-777bz,48.0,249561088
2026-09-16T19:53:58.682245+00:00,kube-system,svclb-traefik-cdc99fe8-dd4hl,0.0,0
2026-09-16T19:53:58.682245+00:00,kube-system,traefik-9bcdbbd9-6hsgh,1.0,101711872
2026-09-16T19:53:58.682245+00:00,pyroscope,pyroscope-0,6.0,96468992
2026-09-16T19:53:58.682245+00:00,pyroscope,pyroscope-alloy-0,145.0,521142272
2026-09-16T19:54:29.929344+00:00,grove-system,grove-operator-5bd8db875b-bhlrz,36.0,429916160
2026-09-16T19:54:29.929344+00:00,kai-scheduler,admission-86666f457d-bwph8,1.0,15728640
2026-09-16T19:54:29.929344+00:00,kai-scheduler,kai-operator-69b5d7bcf7-bvhpv,1.0,84934656
2026-09-16T19:54:29.929344+00:00,kai-scheduler,pod-grouper-65456f756-ck9lt,1.0,11534336
2026-09-16T19:54:29.929344+00:00,kai-scheduler,podgroup-controller-68f9cc8dbf-phtdb,1.0,13631488
2026-09-16T19:54:29.929344+00:00,kai-scheduler,queue-controller-f86fcd76c-mr7t8,1.0,11534336
2026-09-16T19:54:29.929344+00:00,kube-system,coredns-8db54c48d-fx77w,2.0,38797312
2026-09-16T19:54:29.929344+00:00,kube-system,kwok-controller-5cf8c7c44b-rpchk,140.0,81788928
2026-09-16T19:54:29.929344+00:00,kube-system,local-path-provisioner-5d9d9885bc-p78bz,1.0,13631488
2026-09-16T19:54:29.929344+00:00,kube-system,metrics-server-75dc6f8d87-777bz,56.0,250609664
2026-09-16T19:54:29.929344+00:00,kube-system,svclb-traefik-cdc99fe8-dd4hl,0.0,0
2026-09-16T19:54:29.929344+00:00,kube-system,traefik-9bcdbbd9-6hsgh,1.0,98566144
2026-09-16T19:54:29.929344+00:00,pyroscope,pyroscope-0,5.0,99614720
2026-09-16T19:54:29.929344+00:00,pyroscope,pyroscope-alloy-0,113.0,521142272
2026-09-16T19:55:01.220093+00:00,grove-system,grove-operator-5bd8db875b-bhlrz,43.0,435159040
2026-09-16T19:55:01.220093+00:00,kai-scheduler,admission-86666f457d-bwph8,1.0,15728640
2026-09-16T19:55:01.220093+00:00,kai-scheduler,kai-operator-69b5d7bcf7-bvhpv,1.0,84934656
2026-09-16T19:55:01.220093+00:00,kai-scheduler,pod-grouper-65456f756-ck9lt,1.0,11534336
2026-09-16T19:55:01.220093+00:00,kai-scheduler,podgroup-controller-68f9cc8dbf-phtdb,1.0,13631488
2026-09-16T19:55:01.220093+00:00,kai-scheduler,queue-controller-f86fcd76c-mr7t8,1.0,11534336
2026-09-16T19:55:01.220093+00:00,kube-system,coredns-8db54c48d-fx77w,3.0,39845888
2026-09-16T19:55:01.220093+00:00,kube-system,kwok-controller-5cf8c7c44b-rpchk,156.0,80740352
2026-09-16T19:55:01.220093+00:00,kube-system,local-path-provisioner-5d9d9885bc-p78bz,1.0,13631488
2026-09-16T19:55:01.220093+00:00,kube-system,metrics-server-75dc6f8d87-777bz,61.0,249561088
2026-09-16T19:55:01.220093+00:00,kube-system,svclb-traefik-cdc99fe8-dd4hl,0.0,0
2026-09-16T19:55:01.220093+00:00,kube-system,traefik-9bcdbbd9-6hsgh,1.0,98566144
2026-09-16T19:55:01.220093+00:00,pyroscope,pyroscope-0,5.0,100663296
2026-09-16T19:55:01.220093+00:00,pyroscope,pyroscope-alloy-0,120.0,510656512
2026-09-16T19:55:32.462267+00:00,grove-system,grove-operator-5bd8db875b-bhlrz,45.0,433061888
2026-09-16T19:55:32.462267+00:00,kai-scheduler,admission-86666f457d-bwph8,1.0,15728640
2026-09-16T19:55:32.462267+00:00,kai-scheduler,kai-operator-69b5d7bcf7-bvhpv,1.0,84934656
2026-09-16T19:55:32.462267+00:00,kai-scheduler,pod-grouper-65456f756-ck9lt,1.0,11534336
2026-09-16T19:55:32.462267+00:00,kai-scheduler,podgroup-controller-68f9cc8dbf-phtdb,1.0,13631488
2026-09-16T19:55:32.462267+00:00,kai-scheduler,queue-controller-f86fcd76c-mr7t8,1.0,11534336
2026-09-16T19:55:32.462267+00:00,kube-system,coredns-8db54c48d-fx77w,2.0,38797312
2026-09-16T19:55:32.462267+00:00,kube-system,kwok-controller-5cf8c7c44b-rpchk,118.0,83886080
2026-09-16T19:55:32.462267+00:00,kube-system,local-path-provisioner-5d9d9885bc-p78bz,1.0,13631488
2026-09-16T19:55:32.462267+00:00,kube-system,metrics-server-75dc6f8d87-777bz,51.0,249561088
2026-09-16T19:55:32.462267+00:00,kube-system,svclb-traefik-cdc99fe8-dd4hl,0.0,0
2026-09-16T19:55:32.462267+00:00,kube-system,traefik-9bcdbbd9-6hsgh,1.0,98566144
2026-09-16T19:55:32.462267+00:00,pyroscope,pyroscope-0,5.0,101711872
2026-09-16T19:55:32.462267+00:00,pyroscope,pyroscope-alloy-0,108.0,519045120
2026-09-16T19:56:03.718117+00:00,grove-system,grove-operator-5bd8db875b-bhlrz,54.0,436207616
2026-09-16T19:56:03.718117+00:00,kai-scheduler,admission-86666f457d-bwph8,1.0,15728640
2026-09-16T19:56:03.718117+00:00,kai-scheduler,kai-operator-69b5d7bcf7-bvhpv,3.0,77594624
2026-09-16T19:56:03.718117+00:00,kai-scheduler,pod-grouper-65456f756-ck9lt,1.0,11534336
2026-09-16T19:56:03.718117+00:00,kai-scheduler,podgroup-controller-68f9cc8dbf-phtdb,1.0,13631488
2026-09-16T19:56:03.718117+00:00,kai-scheduler,queue-controller-f86fcd76c-mr7t8,1.0,11534336
2026-09-16T19:56:03.718117+00:00,kube-system,coredns-8db54c48d-fx77w,2.0,39845888
2026-09-16T19:56:03.718117+00:00,kube-system,kwok-controller-5cf8c7c44b-rpchk,139.0,81788928
2026-09-16T19:56:03.718117+00:00,kube-system,local-path-provisioner-5d9d9885bc-p78bz,1.0,13631488
2026-09-16T19:56:03.718117+00:00,kube-system,metrics-server-75dc6f8d87-777bz,33.0,248512512
2026-09-16T19:56:03.718117+00:00,kube-system,svclb-traefik-cdc99fe8-dd4hl,0.0,0
2026-09-16T19:56:03.718117+00:00,kube-system,traefik-9bcdbbd9-6hsgh,3.0,98566144
2026-09-16T19:56:03.718117+00:00,pyroscope,pyroscope-0,11.0,104857600
2026-09-16T19:56:03.718117+00:00,pyroscope,pyroscope-alloy-0,104.0,513802240
2026-09-16T19:56:34.959770+00:00,grove-system,grove-operator-5bd8db875b-bhlrz,27.0,436207616
2026-09-16T19:56:34.959770+00:00,kai-scheduler,admission-86666f457d-bwph8,1.0,16777216
2026-09-16T19:56:34.959770+00:00,kai-scheduler,kai-operator-69b5d7bcf7-bvhpv,2.0,78643200
2026-09-16T19:56:34.959770+00:00,kai-scheduler,pod-grouper-65456f756-ck9lt,1.0,11534336
2026-09-16T19:56:34.959770+00:00,kai-scheduler,podgroup-controller-68f9cc8dbf-phtdb,1.0,13631488
2026-09-16T19:56:34.959770+00:00,kai-scheduler,queue-controller-f86fcd76c-mr7t8,1.0,11534336
2026-09-16T19:56:34.959770+00:00,kube-system,coredns-8db54c48d-fx77w,2.0,39845888
2026-09-16T19:56:34.959770+00:00,kube-system,kwok-controller-5cf8c7c44b-rpchk,91.0,84934656
2026-09-16T19:56:34.959770+00:00,kube-system,local-path-provisioner-5d9d9885bc-p78bz,1.0,13631488
2026-09-16T19:56:34.959770+00:00,kube-system,metrics-server-75dc6f8d87-777bz,31.0,247463936
2026-09-16T19:56:34.959770+00:00,kube-system,svclb-traefik-cdc99fe8-dd4hl,0.0,0
2026-09-16T19:56:34.959770+00:00,kube-system,traefik-9bcdbbd9-6hsgh,2.0,98566144
2026-09-16T19:56:34.959770+00:00,pyroscope,pyroscope-0,6.0,94371840
2026-09-16T19:56:34.959770+00:00,pyroscope,pyroscope-alloy-0,5.0,523239424
2026-09-16T19:57:06.213847+00:00,grove-system,grove-operator-5bd8db875b-bhlrz,73.0,439353344
2026-09-16T19:57:06.213847+00:00,kai-scheduler,admission-86666f457d-bwph8,1.0,15728640
2026-09-16T19:57:06.213847+00:00,kai-scheduler,kai-operator-69b5d7bcf7-bvhpv,2.0,77594624
2026-09-16T19:57:06.213847+00:00,kai-scheduler,pod-grouper-65456f756-ck9lt,1.0,11534336
2026-09-16T19:57:06.213847+00:00,kai-scheduler,podgroup-controller-68f9cc8dbf-phtdb,1.0,13631488
2026-09-16T19:57:06.213847+00:00,kai-scheduler,queue-controller-f86fcd76c-mr7t8,1.0,11534336
2026-09-16T19:57:06.213847+00:00,kube-system,coredns-8db54c48d-fx77w,3.0,39845888
2026-09-16T19:57:06.213847+00:00,kube-system,kwok-controller-5cf8c7c44b-rpchk,87.0,78643200
2026-09-16T19:57:06.213847+00:00,kube-system,local-path-provisioner-5d9d9885bc-p78bz,1.0,13631488
2026-09-16T19:57:06.213847+00:00,kube-system,metrics-server-75dc6f8d87-777bz,39.0,248512512
2026-09-16T19:57:06.213847+00:00,kube-system,svclb-traefik-cdc99fe8-dd4hl,0.0,0
2026-09-16T19:57:06.213847+00:00,kube-system,traefik-9bcdbbd9-6hsgh,2.0,99614720
2026-09-16T19:57:06.213847+00:00,pyroscope,pyroscope-0,6.0,93323264
2026-09-16T19:57:06.213847+00:00,pyroscope,pyroscope-alloy-0,19.0,536870912
2026-09-16T19:57:37.471236+00:00,grove-system,grove-operator-5bd8db875b-bhlrz,57.0,430964736
2026-09-16T19:57:37.471236+00:00,kai-scheduler,admission-86666f457d-bwph8,1.0,16777216
2026-09-16T19:57:37.471236+00:00,kai-scheduler,binder-869fc94c7-qhm2z,100.0,187695104
2026-09-16T19:57:37.471236+00:00,kai-scheduler,kai-operator-69b5d7bcf7-bvhpv,1.0,77594624
2026-09-16T19:57:37.471236+00:00,kai-scheduler,pod-grouper-65456f756-ck9lt,1.0,11534336
2026-09-16T19:57:37.471236+00:00,kai-scheduler,podgroup-controller-68f9cc8dbf-phtdb,1.0,13631488
2026-09-16T19:57:37.471236+00:00,kai-scheduler,queue-controller-f86fcd76c-mr7t8,1.0,11534336
2026-09-16T19:57:37.471236+00:00,kube-system,coredns-8db54c48d-fx77w,2.0,40894464
2026-09-16T19:57:37.471236+00:00,kube-system,kwok-controller-5cf8c7c44b-rpchk,86.0,78643200
2026-09-16T19:57:37.471236+00:00,kube-system,local-path-provisioner-5d9d9885bc-p78bz,1.0,13631488
2026-09-16T19:57:37.471236+00:00,kube-system,metrics-server-75dc6f8d87-777bz,38.0,248512512
2026-09-16T19:57:37.471236+00:00,kube-system,svclb-traefik-cdc99fe8-dd4hl,0.0,0
2026-09-16T19:57:37.471236+00:00,kube-system,traefik-9bcdbbd9-6hsgh,1.0,101711872
2026-09-16T19:57:37.471236+00:00,pyroscope,pyroscope-0,4.0,93323264
2026-09-16T19:57:37.471236+00:00,pyroscope,pyroscope-alloy-0,35.0,543162368
2026-09-16T19:58:08.722213+00:00,grove-system,grove-operator-5bd8db875b-bhlrz,50.0,429916160
2026-09-16T19:58:08.722213+00:00,kai-scheduler,admission-86666f457d-bwph8,1.0,15728640
2026-09-16T19:58:08.722213+00:00,kai-scheduler,kai-operator-69b5d7bcf7-bvhpv,4.0,87031808
2026-09-16T19:58:08.722213+00:00,kai-scheduler,pod-grouper-65456f756-ck9lt,1.0,11534336
2026-09-16T19:58:08.722213+00:00,kai-scheduler,podgroup-controller-68f9cc8dbf-phtdb,1.0,13631488
2026-09-16T19:58:08.722213+00:00,kai-scheduler,queue-controller-f86fcd76c-mr7t8,1.0,11534336
2026-09-16T19:58:08.722213+00:00,kube-system,coredns-8db54c48d-fx77w,2.0,39845888
2026-09-16T19:58:08.722213+00:00,kube-system,kwok-controller-5cf8c7c44b-rpchk,114.0,82837504
2026-09-16T19:58:08.722213+00:00,kube-system,local-path-provisioner-5d9d9885bc-p78bz,1.0,13631488
2026-09-16T19:58:08.722213+00:00,kube-system,metrics-server-75dc6f8d87-777bz,41.0,249561088
2026-09-16T19:58:08.722213+00:00,kube-system,svclb-traefik-cdc99fe8-dd4hl,0.0,0
2026-09-16T19:58:08.722213+00:00,kube-system,traefik-9bcdbbd9-6hsgh,2.0,99614720
2026-09-16T19:58:08.722213+00:00,pyroscope,pyroscope-0,5.0,97517568
2026-09-16T19:58:08.722213+00:00,pyroscope,pyroscope-alloy-0,86.0,502267904
2026-09-16T19:58:39.964308+00:00,grove-system,grove-operator-5bd8db875b-bhlrz,32.0,430964736
2026-09-16T19:58:39.964308+00:00,kai-scheduler,admission-86666f457d-bwph8,1.0,15728640
2026-09-16T19:58:39.964308+00:00,kai-scheduler,kai-operator-69b5d7bcf7-bvhpv,1.0,87031808
2026-09-16T19:58:39.964308+00:00,kai-scheduler,kai-scheduler-default-6fb4498964-d92jm,85.0,326107136
2026-09-16T19:58:39.964308+00:00,kai-scheduler,pod-grouper-65456f756-ck9lt,1.0,11534336
2026-09-16T19:58:39.964308+00:00,kai-scheduler,podgroup-controller-68f9cc8dbf-phtdb,1.0,13631488
2026-09-16T19:58:39.964308+00:00,kai-scheduler,queue-controller-f86fcd76c-mr7t8,1.0,11534336
2026-09-16T19:58:39.964308+00:00,kube-system,coredns-8db54c48d-fx77w,2.0,40894464
2026-09-16T19:58:39.964308+00:00,kube-system,kwok-controller-5cf8c7c44b-rpchk,137.0,82837504
2026-09-16T19:58:39.964308+00:00,kube-system,local-path-provisioner-5d9d9885bc-p78bz,1.0,13631488
2026-09-16T19:58:39.964308+00:00,kube-system,metrics-server-75dc6f8d87-777bz,58.0,249561088
2026-09-16T19:58:39.964308+00:00,kube-system,svclb-traefik-cdc99fe8-dd4hl,0.0,0
2026-09-16T19:58:39.964308+00:00,kube-system,traefik-9bcdbbd9-6hsgh,1.0,99614720
2026-09-16T19:58:39.964308+00:00,pyroscope,pyroscope-0,6.0,98566144
2026-09-16T19:58:39.964308+00:00,pyroscope,pyroscope-alloy-0,93.0,479199232
2026-09-16T19:59:11.223049+00:00,grove-system,grove-operator-5bd8db875b-bhlrz,32.0,435159040
2026-09-16T19:59:11.223049+00:00,kai-scheduler,admission-86666f457d-bwph8,1.0,15728640
2026-09-16T19:59:11.223049+00:00,kai-scheduler,kai-operator-69b5d7bcf7-bvhpv,1.0,87031808
2026-09-16T19:59:11.223049+00:00,kai-scheduler,kai-scheduler-default-6fb4498964-d92jm,82.0,332398592
2026-09-16T19:59:11.223049+00:00,kai-scheduler,pod-grouper-65456f756-ck9lt,1.0,11534336
2026-09-16T19:59:11.223049+00:00,kai-scheduler,podgroup-controller-68f9cc8dbf-phtdb,1.0,13631488
2026-09-16T19:59:11.223049+00:00,kai-scheduler,queue-controller-f86fcd76c-mr7t8,1.0,11534336
2026-09-16T19:59:11.223049+00:00,kube-system,coredns-8db54c48d-fx77w,2.0,40894464
2026-09-16T19:59:11.223049+00:00,kube-system,kwok-controller-5cf8c7c44b-rpchk,115.0,80740352
2026-09-16T19:59:11.223049+00:00,kube-system,local-path-provisioner-5d9d9885bc-p78bz,1.0,13631488
2026-09-16T19:59:11.223049+00:00,kube-system,metrics-server-75dc6f8d87-777bz,53.0,248512512
2026-09-16T19:59:11.223049+00:00,kube-system,svclb-traefik-cdc99fe8-dd4hl,0.0,0
2026-09-16T19:59:11.223049+00:00,kube-system,traefik-9bcdbbd9-6hsgh,1.0,99614720
2026-09-16T19:59:11.223049+00:00,pyroscope,pyroscope-0,5.0,101711872
2026-09-16T19:59:11.223049+00:00,pyroscope,pyroscope-alloy-0,98.0,478150656
2026-09-16T19:59:42.467884+00:00,grove-system,grove-operator-5bd8db875b-bhlrz,33.0,430964736
2026-09-16T19:59:42.467884+00:00,kai-scheduler,admission-86666f457d-bwph8,1.0,15728640
2026-09-16T19:59:42.467884+00:00,kai-scheduler,kai-operator-69b5d7bcf7-bvhpv,1.0,87031808
2026-09-16T19:59:42.467884+00:00,kai-scheduler,kai-scheduler-default-6fb4498964-d92jm,76.0,332398592
2026-09-16T19:59:42.467884+00:00,kai-scheduler,pod-grouper-65456f756-ck9lt,1.0,11534336
2026-09-16T19:59:42.467884+00:00,kai-scheduler,podgroup-controller-68f9cc8dbf-phtdb,1.0,13631488
2026-09-16T19:59:42.467884+00:00,kai-scheduler,queue-controller-f86fcd76c-mr7t8,1.0,11534336
2026-09-16T19:59:42.467884+00:00,kube-system,coredns-8db54c48d-fx77w,2.0,40894464
2026-09-16T19:59:42.467884+00:00,kube-system,kwok-controller-5cf8c7c44b-rpchk,140.0,80740352
2026-09-16T19:59:42.467884+00:00,kube-system,local-path-provisioner-5d9d9885bc-p78bz,1.0,13631488
2026-09-16T19:59:42.467884+00:00,kube-system,metrics-server-75dc6f8d87-777bz,53.0,248512512
2026-09-16T19:59:42.467884+00:00,kube-system,svclb-traefik-cdc99fe8-dd4hl,0.0,0
2026-09-16T19:59:42.467884+00:00,kube-system,traefik-9bcdbbd9-6hsgh,1.0,100663296
2026-09-16T19:59:42.467884+00:00,pyroscope,pyroscope-0,6.0,98566144
2026-09-16T19:59:42.467884+00:00,pyroscope,pyroscope-alloy-0,105.0,484442112
2026-09-16T20:00:13.712137+00:00,grove-system,grove-operator-5bd8db875b-bhlrz,34.0,434110464
2026-09-16T20:00:13.712137+00:00,kai-scheduler,admission-86666f457d-bwph8,1.0,15728640
2026-09-16T20:00:13.712137+00:00,kai-scheduler,kai-operator-69b5d7bcf7-bvhpv,1.0,87031808
2026-09-16T20:00:13.712137+00:00,kai-scheduler,kai-scheduler-default-6fb4498964-d92jm,73.0,256901120
2026-09-16T20:00:13.712137+00:00,kai-scheduler,pod-grouper-65456f756-ck9lt,1.0,11534336
2026-09-16T20:00:13.712137+00:00,kai-scheduler,podgroup-controller-68f9cc8dbf-phtdb,1.0,13631488
2026-09-16T20:00:13.712137+00:00,kai-scheduler,queue-controller-f86fcd76c-mr7t8,1.0,11534336
2026-09-16T20:00:13.712137+00:00,kube-system,coredns-8db54c48d-fx77w,2.0,40894464
2026-09-16T20:00:13.712137+00:00,kube-system,kwok-controller-5cf8c7c44b-rpchk,137.0,79691776
2026-09-16T20:00:13.712137+00:00,kube-system,local-path-provisioner-5d9d9885bc-p78bz,1.0,13631488
2026-09-16T20:00:13.712137+00:00,kube-system,metrics-server-75dc6f8d87-777bz,49.0,250609664
2026-09-16T20:00:13.712137+00:00,kube-system,svclb-traefik-cdc99fe8-dd4hl,0.0,0
2026-09-16T20:00:13.712137+00:00,kube-system,traefik-9bcdbbd9-6hsgh,2.0,99614720
2026-09-16T20:00:13.712137+00:00,pyroscope,pyroscope-0,7.0,98566144
2026-09-16T20:00:13.712137+00:00,pyroscope,pyroscope-alloy-0,75.0,476053504
2026-09-16T20:00:44.958416+00:00,grove-system,grove-operator-5bd8db875b-bhlrz,34.0,430964736
2026-09-16T20:00:44.958416+00:00,kai-scheduler,admission-86666f457d-bwph8,1.0,15728640
2026-09-16T20:00:44.958416+00:00,kai-scheduler,kai-operator-69b5d7bcf7-bvhpv,1.0,80740352
2026-09-16T20:00:44.958416+00:00,kai-scheduler,kai-scheduler-default-6fb4498964-d92jm,58.0,277872640
2026-09-16T20:00:44.958416+00:00,kai-scheduler,pod-grouper-65456f756-ck9lt,1.0,11534336
2026-09-16T20:00:44.958416+00:00,kai-scheduler,podgroup-controller-68f9cc8dbf-phtdb,1.0,13631488
2026-09-16T20:00:44.958416+00:00,kai-scheduler,queue-controller-f86fcd76c-mr7t8,1.0,11534336
2026-09-16T20:00:44.958416+00:00,kube-system,coredns-8db54c48d-fx77w,2.0,38797312
2026-09-16T20:00:44.958416+00:00,kube-system,kwok-controller-5cf8c7c44b-rpchk,123.0,81788928
2026-09-16T20:00:44.958416+00:00,kube-system,local-path-provisioner-5d9d9885bc-p78bz,1.0,13631488
2026-09-16T20:00:44.958416+00:00,kube-system,metrics-server-75dc6f8d87-777bz,49.0,249561088
2026-09-16T20:00:44.958416+00:00,kube-system,svclb-traefik-cdc99fe8-dd4hl,0.0,0
2026-09-16T20:00:44.958416+00:00,kube-system,traefik-9bcdbbd9-6hsgh,1.0,95420416
2026-09-16T20:00:44.958416+00:00,pyroscope,pyroscope-0,6.0,100663296
2026-09-16T20:00:44.958416+00:00,pyroscope,pyroscope-alloy-0,73.0,472907776
2026-09-16T20:01:16.200579+00:00,grove-system,grove-operator-5bd8db875b-bhlrz,33.0,426770432
2026-09-16T20:01:16.200579+00:00,kai-scheduler,admission-86666f457d-bwph8,1.0,15728640
2026-09-16T20:01:16.200579+00:00,kai-scheduler,kai-operator-69b5d7bcf7-bvhpv,1.0,80740352
2026-09-16T20:01:16.200579+00:00,kai-scheduler,kai-scheduler-default-6fb4498964-d92jm,57.0,251658240
2026-09-16T20:01:16.200579+00:00,kai-scheduler,pod-grouper-65456f756-ck9lt,1.0,11534336
2026-09-16T20:01:16.200579+00:00,kai-scheduler,podgroup-controller-68f9cc8dbf-phtdb,1.0,13631488
2026-09-16T20:01:16.200579+00:00,kai-scheduler,queue-controller-f86fcd76c-mr7t8,1.0,11534336
2026-09-16T20:01:16.200579+00:00,kube-system,coredns-8db54c48d-fx77w,2.0,39845888
2026-09-16T20:01:16.200579+00:00,kube-system,kwok-controller-5cf8c7c44b-rpchk,119.0,81788928
2026-09-16T20:01:16.200579+00:00,kube-system,local-path-provisioner-5d9d9885bc-p78bz,1.0,13631488
2026-09-16T20:01:16.200579+00:00,kube-system,metrics-server-75dc6f8d87-777bz,50.0,248512512
2026-09-16T20:01:16.200579+00:00,kube-system,svclb-traefik-cdc99fe8-dd4hl,0.0,0
2026-09-16T20:01:16.200579+00:00,kube-system,traefik-9bcdbbd9-6hsgh,1.0,95420416
2026-09-16T20:01:16.200579+00:00,pyroscope,pyroscope-0,5.0,98566144
2026-09-16T20:01:16.200579+00:00,pyroscope,pyroscope-alloy-0,69.0,468713472
2026-09-16T20:01:47.447547+00:00,grove-system,grove-operator-5bd8db875b-bhlrz,27.0,432013312
2026-09-16T20:01:47.447547+00:00,kai-scheduler,admission-86666f457d-bwph8,1.0,15728640
2026-09-16T20:01:47.447547+00:00,kai-scheduler,kai-operator-69b5d7bcf7-bvhpv,1.0,80740352
2026-09-16T20:01:47.447547+00:00,kai-scheduler,kai-scheduler-default-6fb4498964-d92jm,52.0,229638144
2026-09-16T20:01:47.447547+00:00,kai-scheduler,pod-grouper-65456f756-ck9lt,1.0,11534336
2026-09-16T20:01:47.447547+00:00,kai-scheduler,podgroup-controller-68f9cc8dbf-phtdb,1.0,13631488
2026-09-16T20:01:47.447547+00:00,kai-scheduler,queue-controller-f86fcd76c-mr7t8,1.0,11534336
2026-09-16T20:01:47.447547+00:00,kube-system,coredns-8db54c48d-fx77w,2.0,38797312
2026-09-16T20:01:47.447547+00:00,kube-system,kwok-controller-5cf8c7c44b-rpchk,126.0,81788928
2026-09-16T20:01:47.447547+00:00,kube-system,local-path-provisioner-5d9d9885bc-p78bz,1.0,13631488
2026-09-16T20:01:47.447547+00:00,kube-system,metrics-server-75dc6f8d87-777bz,50.0,250609664
2026-09-16T20:01:47.447547+00:00,kube-system,svclb-traefik-cdc99fe8-dd4hl,0.0,0
2026-09-16T20:01:47.447547+00:00,kube-system,traefik-9bcdbbd9-6hsgh,2.0,95420416
2026-09-16T20:01:47.447547+00:00,pyroscope,pyroscope-0,5.0,99614720
2026-09-16T20:01:47.447547+00:00,pyroscope,pyroscope-alloy-0,61.0,452984832
2026-09-16T20:02:18.694635+00:00,grove-system,grove-operator-5bd8db875b-bhlrz,31.0,424673280
2026-09-16T20:02:18.694635+00:00,kai-scheduler,admission-86666f457d-bwph8,1.0,15728640
2026-09-16T20:02:18.694635+00:00,kai-scheduler,kai-operator-69b5d7bcf7-bvhpv,1.0,76546048
2026-09-16T20:02:18.694635+00:00,kai-scheduler,kai-scheduler-default-6fb4498964-d92jm,49.0,221249536
2026-09-16T20:02:18.694635+00:00,kai-scheduler,pod-grouper-65456f756-ck9lt,1.0,11534336
2026-09-16T20:02:18.694635+00:00,kai-scheduler,podgroup-controller-68f9cc8dbf-phtdb,1.0,13631488
2026-09-16T20:02:18.694635+00:00,kai-scheduler,queue-controller-f86fcd76c-mr7t8,1.0,11534336
2026-09-16T20:02:18.694635+00:00,kube-system,coredns-8db54c48d-fx77w,3.0,38797312
2026-09-16T20:02:18.694635+00:00,kube-system,kwok-controller-5cf8c7c44b-rpchk,125.0,80740352
2026-09-16T20:02:18.694635+00:00,kube-system,local-path-provisioner-5d9d9885bc-p78bz,1.0,13631488
2026-09-16T20:02:18.694635+00:00,kube-system,metrics-server-75dc6f8d87-777bz,60.0,250609664
2026-09-16T20:02:18.694635+00:00,kube-system,svclb-traefik-cdc99fe8-dd4hl,0.0,0
2026-09-16T20:02:18.694635+00:00,kube-system,traefik-9bcdbbd9-6hsgh,1.0,95420416
2026-09-16T20:02:18.694635+00:00,pyroscope,pyroscope-0,5.0,103809024
2026-09-16T20:02:18.694635+00:00,pyroscope,pyroscope-alloy-0,50.0,457179136
2026-09-16T20:02:49.937761+00:00,grove-system,grove-operator-5bd8db875b-bhlrz,37.0,422576128
2026-09-16T20:02:49.937761+00:00,kai-scheduler,admission-86666f457d-bwph8,1.0,15728640
2026-09-16T20:02:49.937761+00:00,kai-scheduler,kai-operator-69b5d7bcf7-bvhpv,3.0,76546048
2026-09-16T20:02:49.937761+00:00,kai-scheduler,kai-scheduler-default-6fb4498964-d92jm,39.0,212860928
2026-09-16T20:02:49.937761+00:00,kai-scheduler,pod-grouper-65456f756-ck9lt,1.0,11534336
2026-09-16T20:02:49.937761+00:00,kai-scheduler,podgroup-controller-68f9cc8dbf-phtdb,1.0,13631488
2026-09-16T20:02:49.937761+00:00,kai-scheduler,queue-controller-f86fcd76c-mr7t8,1.0,11534336
2026-09-16T20:02:49.937761+00:00,kube-system,coredns-8db54c48d-fx77w,2.0,38797312
2026-09-16T20:02:49.937761+00:00,kube-system,kwok-controller-5cf8c7c44b-rpchk,112.0,79691776
2026-09-16T20:02:49.937761+00:00,kube-system,local-path-provisioner-5d9d9885bc-p78bz,1.0,13631488
2026-09-16T20:02:49.937761+00:00,kube-system,metrics-server-75dc6f8d87-777bz,47.0,247463936
2026-09-16T20:02:49.937761+00:00,kube-system,svclb-traefik-cdc99fe8-dd4hl,0.0,0
2026-09-16T20:02:49.937761+00:00,kube-system,traefik-9bcdbbd9-6hsgh,1.0,95420416
2026-09-16T20:02:49.937761+00:00,pyroscope,pyroscope-0,6.0,103809024
2026-09-16T20:02:49.937761+00:00,pyroscope,pyroscope-alloy-0,43.0,458227712
2026-09-16T20:03:21.187598+00:00,grove-system,grove-operator-5bd8db875b-bhlrz,31.0,414187520
2026-09-16T20:03:21.187598+00:00,kai-scheduler,admission-86666f457d-bwph8,1.0,15728640
2026-09-16T20:03:21.187598+00:00,kai-scheduler,binder-869fc94c7-qhm2z,33.0,66060288
2026-09-16T20:03:21.187598+00:00,kai-scheduler,kai-operator-69b5d7bcf7-bvhpv,1.0,76546048
2026-09-16T20:03:21.187598+00:00,kai-scheduler,kai-scheduler-default-6fb4498964-d92jm,37.0,212860928
2026-09-16T20:03:21.187598+00:00,kai-scheduler,pod-grouper-65456f756-ck9lt,1.0,11534336
2026-09-16T20:03:21.187598+00:00,kai-scheduler,podgroup-controller-68f9cc8dbf-phtdb,1.0,13631488
2026-09-16T20:03:21.187598+00:00,kai-scheduler,queue-controller-f86fcd76c-mr7t8,1.0,11534336
2026-09-16T20:03:21.187598+00:00,kube-system,coredns-8db54c48d-fx77w,2.0,38797312
2026-09-16T20:03:21.187598+00:00,kube-system,kwok-controller-5cf8c7c44b-rpchk,121.0,79691776
2026-09-16T20:03:21.187598+00:00,kube-system,local-path-provisioner-5d9d9885bc-p78bz,1.0,13631488
2026-09-16T20:03:21.187598+00:00,kube-system,metrics-server-75dc6f8d87-777bz,54.0,250609664
2026-09-16T20:03:21.187598+00:00,kube-system,svclb-traefik-cdc99fe8-dd4hl,0.0,0
2026-09-16T20:03:21.187598+00:00,kube-system,traefik-9bcdbbd9-6hsgh,1.0,95420416
2026-09-16T20:03:21.187598+00:00,pyroscope,pyroscope-0,5.0,103809024
2026-09-16T20:03:21.187598+00:00,pyroscope,pyroscope-alloy-0,33.0,452984832
2026-09-16T20:03:52.436501+00:00,grove-system,grove-operator-5bd8db875b-bhlrz,8.0,409993216
2026-09-16T20:03:52.436501+00:00,kai-scheduler,admission-86666f457d-bwph8,1.0,15728640
2026-09-16T20:03:52.436501+00:00,kai-scheduler,binder-869fc94c7-qhm2z,34.0,72351744
2026-09-16T20:03:52.436501+00:00,kai-scheduler,kai-operator-69b5d7bcf7-bvhpv,36.0,102760448
2026-09-16T20:03:52.436501+00:00,kai-scheduler,kai-scheduler-default-6fb4498964-d92jm,40.0,210763776
2026-09-16T20:03:52.436501+00:00,kai-scheduler,pod-grouper-65456f756-ck9lt,1.0,11534336
2026-09-16T20:03:52.436501+00:00,kai-scheduler,podgroup-controller-68f9cc8dbf-phtdb,1.0,13631488
2026-09-16T20:03:52.436501+00:00,kai-scheduler,queue-controller-f86fcd76c-mr7t8,1.0,11534336
2026-09-16T20:03:52.436501+00:00,kube-system,coredns-8db54c48d-fx77w,2.0,38797312
2026-09-16T20:03:52.436501+00:00,kube-system,kwok-controller-5cf8c7c44b-rpchk,102.0,78643200
2026-09-16T20:03:52.436501+00:00,kube-system,local-path-provisioner-5d9d9885bc-p78bz,1.0,13631488
2026-09-16T20:03:52.436501+00:00,kube-system,metrics-server-75dc6f8d87-777bz,48.0,250609664
2026-09-16T20:03:52.436501+00:00,kube-system,svclb-traefik-cdc99fe8-dd4hl,0.0,0
2026-09-16T20:03:52.436501+00:00,kube-system,traefik-9bcdbbd9-6hsgh,51.0,113246208
2026-09-16T20:03:52.436501+00:00,pyroscope,pyroscope-0,5.0,114294784
2026-09-16T20:03:52.436501+00:00,pyroscope,pyroscope-alloy-0,8.0,443547648
2026-09-16T20:04:23.681268+00:00,grove-system,grove-operator-5bd8db875b-bhlrz,59.0,422576128
2026-09-16T20:04:23.681268+00:00,kai-scheduler,admission-86666f457d-bwph8,1.0,15728640
2026-09-16T20:04:23.681268+00:00,kai-scheduler,binder-869fc94c7-qhm2z,33.0,71303168
2026-09-16T20:04:23.681268+00:00,kai-scheduler,kai-operator-69b5d7bcf7-bvhpv,38.0,100663296
2026-09-16T20:04:23.681268+00:00,kai-scheduler,kai-scheduler-default-6fb4498964-d92jm,39.0,209715200
2026-09-16T20:04:23.681268+00:00,kai-scheduler,pod-grouper-65456f756-ck9lt,1.0,11534336
2026-09-16T20:04:23.681268+00:00,kai-scheduler,podgroup-controller-68f9cc8dbf-phtdb,1.0,13631488
2026-09-16T20:04:23.681268+00:00,kai-scheduler,queue-controller-f86fcd76c-mr7t8,1.0,11534336
2026-09-16T20:04:23.681268+00:00,kube-system,coredns-8db54c48d-fx77w,2.0,39845888
2026-09-16T20:04:23.681268+00:00,kube-system,kwok-controller-5cf8c7c44b-rpchk,98.0,79691776
2026-09-16T20:04:23.681268+00:00,kube-system,local-path-provisioner-5d9d9885bc-p78bz,1.0,13631488
2026-09-16T20:04:23.681268+00:00,kube-system,metrics-server-75dc6f8d87-777bz,60.0,250609664
2026-09-16T20:04:23.681268+00:00,kube-system,svclb-traefik-cdc99fe8-dd4hl,0.0,0
2026-09-16T20:04:23.681268+00:00,kube-system,traefik-9bcdbbd9-6hsgh,48.0,113246208
2026-09-16T20:04:23.681268+00:00,pyroscope,pyroscope-0,7.0,103809024
2026-09-16T20:04:23.681268+00:00,pyroscope,pyroscope-alloy-0,5.0,446693376
2026-09-16T20:04:54.958402+00:00,grove-system,grove-operator-5bd8db875b-bhlrz,691.0,488636416
2026-09-16T20:04:54.958402+00:00,kai-scheduler,admission-86666f457d-bwph8,1.0,15728640
2026-09-16T20:04:54.958402+00:00,kai-scheduler,binder-869fc94c7-qhm2z,88.0,141557760
2026-09-16T20:04:54.958402+00:00,kai-scheduler,kai-operator-69b5d7bcf7-bvhpv,16.0,99614720
2026-09-16T20:04:54.958402+00:00,kai-scheduler,kai-scheduler-default-6fb4498964-d92jm,82.0,241172480
2026-09-16T20:04:54.958402+00:00,kai-scheduler,pod-grouper-65456f756-ck9lt,1.0,11534336
2026-09-16T20:04:54.958402+00:00,kai-scheduler,podgroup-controller-68f9cc8dbf-phtdb,1.0,13631488
2026-09-16T20:04:54.958402+00:00,kai-scheduler,queue-controller-f86fcd76c-mr7t8,1.0,11534336
2026-09-16T20:04:54.958402+00:00,kube-system,coredns-8db54c48d-fx77w,3.0,39845888
2026-09-16T20:04:54.958402+00:00,kube-system,kwok-controller-5cf8c7c44b-rpchk,85.0,77594624
2026-09-16T20:04:54.958402+00:00,kube-system,local-path-provisioner-5d9d9885bc-p78bz,1.0,13631488
2026-09-16T20:04:54.958402+00:00,kube-system,metrics-server-75dc6f8d87-777bz,55.0,248512512
2026-09-16T20:04:54.958402+00:00,kube-system,svclb-traefik-cdc99fe8-dd4hl,0.0,0
2026-09-16T20:04:54.958402+00:00,kube-system,traefik-9bcdbbd9-6hsgh,18.0,112197632
2026-09-16T20:04:54.958402+00:00,pyroscope,pyroscope-0,8.0,98566144
2026-09-16T20:04:54.958402+00:00,pyroscope,pyroscope-alloy-0,58.0,441450496
2026-09-16T20:05:26.213279+00:00,grove-system,grove-operator-5bd8db875b-bhlrz,835.0,571473920
2026-09-16T20:05:26.213279+00:00,kai-scheduler,admission-86666f457d-bwph8,1.0,15728640
2026-09-16T20:05:26.213279+00:00,kai-scheduler,binder-869fc94c7-qhm2z,84.0,205520896
2026-09-16T20:05:26.213279+00:00,kai-scheduler,kai-operator-69b5d7bcf7-bvhpv,1.0,98566144
2026-09-16T20:05:26.213279+00:00,kai-scheduler,kai-scheduler-default-6fb4498964-d92jm,88.0,395313152
2026-09-16T20:05:26.213279+00:00,kai-scheduler,pod-grouper-65456f756-ck9lt,1.0,11534336
2026-09-16T20:05:26.213279+00:00,kai-scheduler,podgroup-controller-68f9cc8dbf-phtdb,1.0,13631488
2026-09-16T20:05:26.213279+00:00,kai-scheduler,queue-controller-f86fcd76c-mr7t8,1.0,11534336
2026-09-16T20:05:26.213279+00:00,kube-system,coredns-8db54c48d-fx77w,4.0,39845888
2026-09-16T20:05:26.213279+00:00,kube-system,kwok-controller-5cf8c7c44b-rpchk,116.0,80740352
2026-09-16T20:05:26.213279+00:00,kube-system,local-path-provisioner-5d9d9885bc-p78bz,1.0,13631488
2026-09-16T20:05:26.213279+00:00,kube-system,metrics-server-75dc6f8d87-777bz,43.0,247463936
2026-09-16T20:05:26.213279+00:00,kube-system,svclb-traefik-cdc99fe8-dd4hl,0.0,0
2026-09-16T20:05:26.213279+00:00,kube-system,traefik-9bcdbbd9-6hsgh,6.0,112197632
2026-09-16T20:05:26.213279+00:00,pyroscope,pyroscope-0,6.0,102760448
2026-09-16T20:05:26.213279+00:00,pyroscope,pyroscope-alloy-0,71.0,487587840
2026-09-16T20:05:57.582505+00:00,grove-system,grove-operator-5bd8db875b-bhlrz,1328.0,585105408
2026-09-16T20:05:57.582505+00:00,kai-scheduler,admission-86666f457d-bwph8,1.0,15728640
2026-09-16T20:05:57.582505+00:00,kai-scheduler,kai-operator-69b5d7bcf7-bvhpv,3.0,98566144
2026-09-16T20:05:57.582505+00:00,kai-scheduler,kai-scheduler-default-6fb4498964-d92jm,126.0,402653184
2026-09-16T20:05:57.582505+00:00,kai-scheduler,pod-grouper-65456f756-ck9lt,1.0,11534336
2026-09-16T20:05:57.582505+00:00,kai-scheduler,podgroup-controller-68f9cc8dbf-phtdb,1.0,13631488
2026-09-16T20:05:57.582505+00:00,kai-scheduler,queue-controller-f86fcd76c-mr7t8,1.0,11534336
2026-09-16T20:05:57.582505+00:00,kube-system,coredns-8db54c48d-fx77w,8.0,41943040
2026-09-16T20:05:57.582505+00:00,kube-system,kwok-controller-5cf8c7c44b-rpchk,139.0,79691776
2026-09-16T20:05:57.582505+00:00,kube-system,local-path-provisioner-5d9d9885bc-p78bz,1.0,13631488
2026-09-16T20:05:57.582505+00:00,kube-system,metrics-server-75dc6f8d87-777bz,56.0,248512512
2026-09-16T20:05:57.582505+00:00,kube-system,svclb-traefik-cdc99fe8-dd4hl,0.0,0
2026-09-16T20:05:57.582505+00:00,kube-system,traefik-9bcdbbd9-6hsgh,14.0,118489088
2026-09-16T20:05:57.582505+00:00,pyroscope,pyroscope-0,8.0,106954752
2026-09-16T20:05:57.582505+00:00,pyroscope,pyroscope-alloy-0,100.0,553648128
2026-09-16T20:06:28.875514+00:00,grove-system,grove-operator-5bd8db875b-bhlrz,2041.0,638582784
2026-09-16T20:06:28.875514+00:00,kai-scheduler,admission-86666f457d-bwph8,1.0,15728640
2026-09-16T20:06:28.875514+00:00,kai-scheduler,kai-operator-69b5d7bcf7-bvhpv,1.0,98566144
2026-09-16T20:06:28.875514+00:00,kai-scheduler,kai-scheduler-default-6fb4498964-d92jm,129.0,454033408
2026-09-16T20:06:28.875514+00:00,kai-scheduler,pod-grouper-65456f756-ck9lt,1.0,11534336
2026-09-16T20:06:28.875514+00:00,kai-scheduler,podgroup-controller-68f9cc8dbf-phtdb,1.0,13631488
2026-09-16T20:06:28.875514+00:00,kai-scheduler,queue-controller-f86fcd76c-mr7t8,1.0,11534336
2026-09-16T20:06:28.875514+00:00,kube-system,coredns-8db54c48d-fx77w,11.0,44040192
2026-09-16T20:06:28.875514+00:00,kube-system,kwok-controller-5cf8c7c44b-rpchk,146.0,76546048
2026-09-16T20:06:28.875514+00:00,kube-system,local-path-provisioner-5d9d9885bc-p78bz,1.0,13631488
2026-09-16T20:06:28.875514+00:00,kube-system,metrics-server-75dc6f8d87-777bz,53.0,248512512
2026-09-16T20:06:28.875514+00:00,kube-system,svclb-traefik-cdc99fe8-dd4hl,0.0,0
2026-09-16T20:06:28.875514+00:00,kube-system,traefik-9bcdbbd9-6hsgh,12.0,118489088
2026-09-16T20:06:28.875514+00:00,pyroscope,pyroscope-0,8.0,111149056
2026-09-16T20:06:28.875514+00:00,pyroscope,pyroscope-alloy-0,92.0,611319808
2026-09-16T20:07:00.150713+00:00,grove-system,grove-operator-5bd8db875b-bhlrz,1830.0,662700032
2026-09-16T20:07:00.150713+00:00,kai-scheduler,admission-86666f457d-bwph8,1.0,15728640
2026-09-16T20:07:00.150713+00:00,kai-scheduler,kai-operator-69b5d7bcf7-bvhpv,3.0,88080384
2026-09-16T20:07:00.150713+00:00,kai-scheduler,pod-grouper-65456f756-ck9lt,1.0,11534336
2026-09-16T20:07:00.150713+00:00,kai-scheduler,podgroup-controller-68f9cc8dbf-phtdb,1.0,13631488
2026-09-16T20:07:00.150713+00:00,kai-scheduler,queue-controller-f86fcd76c-mr7t8,1.0,11534336
2026-09-16T20:07:00.150713+00:00,kube-system,coredns-8db54c48d-fx77w,14.0,45088768
2026-09-16T20:07:00.150713+00:00,kube-system,kwok-controller-5cf8c7c44b-rpchk,314.0,80740352
2026-09-16T20:07:00.150713+00:00,kube-system,local-path-provisioner-5d9d9885bc-p78bz,1.0,13631488
2026-09-16T20:07:00.150713+00:00,kube-system,metrics-server-75dc6f8d87-777bz,67.0,261095424
2026-09-16T20:07:00.150713+00:00,kube-system,svclb-traefik-cdc99fe8-dd4hl,0.0,0
2026-09-16T20:07:00.150713+00:00,kube-system,traefik-9bcdbbd9-6hsgh,18.0,118489088
2026-09-16T20:07:00.150713+00:00,pyroscope,pyroscope-0,9.0,111149056
2026-09-16T20:07:00.150713+00:00,pyroscope,pyroscope-alloy-0,150.0,672137216
2026-09-16T20:07:31.450863+00:00,grove-system,grove-operator-5bd8db875b-bhlrz,1164.0,668991488
2026-09-16T20:07:31.450863+00:00,kai-scheduler,admission-86666f457d-bwph8,1.0,15728640
2026-09-16T20:07:31.450863+00:00,kai-scheduler,kai-operator-69b5d7bcf7-bvhpv,1.0,88080384
2026-09-16T20:07:31.450863+00:00,kai-scheduler,pod-grouper-65456f756-ck9lt,1.0,11534336
2026-09-16T20:07:31.450863+00:00,kai-scheduler,podgroup-controller-68f9cc8dbf-phtdb,1.0,13631488
2026-09-16T20:07:31.450863+00:00,kai-scheduler,queue-controller-f86fcd76c-mr7t8,1.0,11534336
2026-09-16T20:07:31.450863+00:00,kube-system,coredns-8db54c48d-fx77w,15.0,46137344
2026-09-16T20:07:31.450863+00:00,kube-system,kwok-controller-5cf8c7c44b-rpchk,327.0,80740352
2026-09-16T20:07:31.450863+00:00,kube-system,local-path-provisioner-5d9d9885bc-p78bz,1.0,13631488
2026-09-16T20:07:31.450863+00:00,kube-system,metrics-server-75dc6f8d87-777bz,70.0,266338304
2026-09-16T20:07:31.450863+00:00,kube-system,svclb-traefik-cdc99fe8-dd4hl,0.0,0
2026-09-16T20:07:31.450863+00:00,kube-system,traefik-9bcdbbd9-6hsgh,22.0,124780544
2026-09-16T20:07:31.450863+00:00,pyroscope,pyroscope-0,7.0,111149056
2026-09-16T20:07:31.450863+00:00,pyroscope,pyroscope-alloy-0,218.0,703594496
2026-09-16T20:08:02.722766+00:00,grove-system,grove-operator-5bd8db875b-bhlrz,2567.0,678428672
2026-09-16T20:08:02.722766+00:00,kai-scheduler,admission-86666f457d-bwph8,1.0,15728640
2026-09-16T20:08:02.722766+00:00,kai-scheduler,kai-operator-69b5d7bcf7-bvhpv,1.0,88080384
2026-09-16T20:08:02.722766+00:00,kai-scheduler,pod-grouper-65456f756-ck9lt,1.0,11534336
2026-09-16T20:08:02.722766+00:00,kai-scheduler,podgroup-controller-68f9cc8dbf-phtdb,1.0,13631488
2026-09-16T20:08:02.722766+00:00,kai-scheduler,queue-controller-f86fcd76c-mr7t8,1.0,11534336
2026-09-16T20:08:02.722766+00:00,kube-system,coredns-8db54c48d-fx77w,15.0,48234496
2026-09-16T20:08:02.722766+00:00,kube-system,kwok-controller-5cf8c7c44b-rpchk,307.0,81788928
2026-09-16T20:08:02.722766+00:00,kube-system,local-path-provisioner-5d9d9885bc-p78bz,1.0,13631488
2026-09-16T20:08:02.722766+00:00,kube-system,metrics-server-75dc6f8d87-777bz,71.0,278921216
2026-09-16T20:08:02.722766+00:00,kube-system,svclb-traefik-cdc99fe8-dd4hl,0.0,0
2026-09-16T20:08:02.722766+00:00,kube-system,traefik-9bcdbbd9-6hsgh,20.0,127926272
2026-09-16T20:08:02.722766+00:00,pyroscope,pyroscope-0,20.0,283115520
2026-09-16T20:08:02.722766+00:00,pyroscope,pyroscope-alloy-0,171.0,734003200
2026-09-16T20:08:34.007049+00:00,grove-system,grove-operator-5bd8db875b-bhlrz,2937.0,678428672
2026-09-16T20:08:34.007049+00:00,kai-scheduler,admission-86666f457d-bwph8,1.0,15728640
2026-09-16T20:08:34.007049+00:00,kai-scheduler,kai-operator-69b5d7bcf7-bvhpv,1.0,88080384
2026-09-16T20:08:34.007049+00:00,kai-scheduler,pod-grouper-65456f756-ck9lt,1.0,11534336
2026-09-16T20:08:34.007049+00:00,kai-scheduler,podgroup-controller-68f9cc8dbf-phtdb,1.0,13631488
2026-09-16T20:08:34.007049+00:00,kai-scheduler,queue-controller-f86fcd76c-mr7t8,1.0,11534336
2026-09-16T20:08:34.007049+00:00,kube-system,coredns-8db54c48d-fx77w,15.0,51380224
2026-09-16T20:08:34.007049+00:00,kube-system,kwok-controller-5cf8c7c44b-rpchk,314.0,82837504
2026-09-16T20:08:34.007049+00:00,kube-system,local-path-provisioner-5d9d9885bc-p78bz,1.0,13631488
2026-09-16T20:08:34.007049+00:00,kube-system,metrics-server-75dc6f8d87-777bz,62.0,292552704
2026-09-16T20:08:34.007049+00:00,kube-system,svclb-traefik-cdc99fe8-dd4hl,0.0,0
2026-09-16T20:08:34.007049+00:00,kube-system,traefik-9bcdbbd9-6hsgh,23.0,131072000
2026-09-16T20:08:34.007049+00:00,pyroscope,pyroscope-0,8.0,298844160
2026-09-16T20:08:34.007049+00:00,pyroscope,pyroscope-alloy-0,181.0,753926144
2026-09-16T20:09:05.292561+00:00,grove-system,grove-operator-5bd8db875b-bhlrz,2943.0,679477248
2026-09-16T20:09:05.292561+00:00,kai-scheduler,admission-86666f457d-bwph8,1.0,15728640
2026-09-16T20:09:05.292561+00:00,kai-scheduler,kai-operator-69b5d7bcf7-bvhpv,3.0,77594624
2026-09-16T20:09:05.292561+00:00,kai-scheduler,pod-grouper-65456f756-ck9lt,1.0,11534336
2026-09-16T20:09:05.292561+00:00,kai-scheduler,podgroup-controller-68f9cc8dbf-phtdb,1.0,13631488
2026-09-16T20:09:05.292561+00:00,kai-scheduler,queue-controller-f86fcd76c-mr7t8,1.0,11534336
2026-09-16T20:09:05.292561+00:00,kube-system,coredns-8db54c48d-fx77w,16.0,51380224
2026-09-16T20:09:05.292561+00:00,kube-system,kwok-controller-5cf8c7c44b-rpchk,352.0,85983232
2026-09-16T20:09:05.292561+00:00,kube-system,local-path-provisioner-5d9d9885bc-p78bz,1.0,13631488
2026-09-16T20:09:05.292561+00:00,kube-system,metrics-server-75dc6f8d87-777bz,64.0,295698432
2026-09-16T20:09:05.292561+00:00,kube-system,svclb-traefik-cdc99fe8-dd4hl,0.0,0
2026-09-16T20:09:05.292561+00:00,kube-system,traefik-9bcdbbd9-6hsgh,22.0,133169152
2026-09-16T20:09:05.292561+00:00,pyroscope,pyroscope-0,10.0,115343360
2026-09-16T20:09:05.292561+00:00,pyroscope,pyroscope-alloy-0,190.0,794820608
2026-09-16T20:09:36.534031+00:00,grove-system,grove-operator-5bd8db875b-bhlrz,52.0,680525824
2026-09-16T20:09:36.534031+00:00,kai-scheduler,admission-86666f457d-bwph8,1.0,15728640
2026-09-16T20:09:36.534031+00:00,kai-scheduler,kai-operator-69b5d7bcf7-bvhpv,5.0,83886080
2026-09-16T20:09:36.534031+00:00,kai-scheduler,pod-grouper-65456f756-ck9lt,1.0,11534336
2026-09-16T20:09:36.534031+00:00,kai-scheduler,podgroup-controller-68f9cc8dbf-phtdb,1.0,13631488
2026-09-16T20:09:36.534031+00:00,kai-scheduler,queue-controller-f86fcd76c-mr7t8,1.0,11534336
2026-09-16T20:09:36.534031+00:00,kube-system,coredns-8db54c48d-fx77w,2.0,51380224
2026-09-16T20:09:36.534031+00:00,kube-system,kwok-controller-5cf8c7c44b-rpchk,521.0,96468992
2026-09-16T20:09:36.534031+00:00,kube-system,local-path-provisioner-5d9d9885bc-p78bz,1.0,13631488
2026-09-16T20:09:36.534031+00:00,kube-system,metrics-server-75dc6f8d87-777bz,28.0,308281344
2026-09-16T20:09:36.534031+00:00,kube-system,svclb-traefik-cdc99fe8-dd4hl,0.0,0
2026-09-16T20:09:36.534031+00:00,kube-system,traefik-9bcdbbd9-6hsgh,2.0,134217728
2026-09-16T20:09:36.534031+00:00,pyroscope,pyroscope-0,7.0,131072000
2026-09-16T20:09:36.534031+00:00,pyroscope,pyroscope-alloy-0,201.0,812646400
2026-09-16T20:10:07.781025+00:00,grove-system,grove-operator-5bd8db875b-bhlrz,28.0,679477248
2026-09-16T20:10:07.781025+00:00,kai-scheduler,admission-86666f457d-bwph8,1.0,16777216
2026-09-16T20:10:07.781025+00:00,kai-scheduler,kai-operator-69b5d7bcf7-bvhpv,2.0,91226112
2026-09-16T20:10:07.781025+00:00,kai-scheduler,pod-grouper-65456f756-ck9lt,1.0,11534336
2026-09-16T20:10:07.781025+00:00,kai-scheduler,podgroup-controller-68f9cc8dbf-phtdb,1.0,13631488
2026-09-16T20:10:07.781025+00:00,kai-scheduler,queue-controller-f86fcd76c-mr7t8,1.0,11534336
2026-09-16T20:10:07.781025+00:00,kube-system,coredns-8db54c48d-fx77w,2.0,52428800
2026-09-16T20:10:07.781025+00:00,kube-system,kwok-controller-5cf8c7c44b-rpchk,85.0,84934656
2026-09-16T20:10:07.781025+00:00,kube-system,local-path-provisioner-5d9d9885bc-p78bz,1.0,13631488
2026-09-16T20:10:07.781025+00:00,kube-system,metrics-server-75dc6f8d87-777bz,33.0,317718528
2026-09-16T20:10:07.781025+00:00,kube-system,svclb-traefik-cdc99fe8-dd4hl,0.0,0
2026-09-16T20:10:07.781025+00:00,kube-system,traefik-9bcdbbd9-6hsgh,2.0,133169152
2026-09-16T20:10:07.781025+00:00,pyroscope,pyroscope-0,6.0,115343360
2026-09-16T20:10:07.781025+00:00,pyroscope,pyroscope-alloy-0,54.0,814743552
2026-09-16T20:10:39.028180+00:00,grove-system,grove-operator-5bd8db875b-bhlrz,100.0,682622976
2026-09-16T20:10:39.028180+00:00,kai-scheduler,admission-86666f457d-bwph8,1.0,15728640
2026-09-16T20:10:39.028180+00:00,kai-scheduler,kai-operator-69b5d7bcf7-bvhpv,3.0,91226112
2026-09-16T20:10:39.028180+00:00,kai-scheduler,pod-grouper-65456f756-ck9lt,1.0,11534336
2026-09-16T20:10:39.028180+00:00,kai-scheduler,podgroup-controller-68f9cc8dbf-phtdb,1.0,13631488
2026-09-16T20:10:39.028180+00:00,kai-scheduler,queue-controller-f86fcd76c-mr7t8,1.0,11534336
2026-09-16T20:10:39.028180+00:00,kube-system,coredns-8db54c48d-fx77w,3.0,52428800
2026-09-16T20:10:39.028180+00:00,kube-system,kwok-controller-5cf8c7c44b-rpchk,90.0,85983232
2026-09-16T20:10:39.028180+00:00,kube-system,local-path-provisioner-5d9d9885bc-p78bz,1.0,13631488
2026-09-16T20:10:39.028180+00:00,kube-system,metrics-server-75dc6f8d87-777bz,29.0,316669952
2026-09-16T20:10:39.028180+00:00,kube-system,svclb-traefik-cdc99fe8-dd4hl,0.0,0
2026-09-16T20:10:39.028180+00:00,kube-system,traefik-9bcdbbd9-6hsgh,2.0,133169152
2026-09-16T20:10:39.028180+00:00,pyroscope,pyroscope-0,5.0,112197632
2026-09-16T20:10:39.028180+00:00,pyroscope,pyroscope-alloy-0,162.0,832569344
2026-09-16T20:11:10.284312+00:00,grove-system,grove-operator-5bd8db875b-bhlrz,59.0,682622976
2026-09-16T20:11:10.284312+00:00,kai-scheduler,admission-86666f457d-bwph8,1.0,15728640
2026-09-16T20:11:10.284312+00:00,kai-scheduler,kai-operator-69b5d7bcf7-bvhpv,3.0,94371840
2026-09-16T20:11:10.284312+00:00,kai-scheduler,pod-grouper-65456f756-ck9lt,1.0,11534336
2026-09-16T20:11:10.284312+00:00,kai-scheduler,podgroup-controller-68f9cc8dbf-phtdb,1.0,13631488
2026-09-16T20:11:10.284312+00:00,kai-scheduler,queue-controller-f86fcd76c-mr7t8,1.0,11534336
2026-09-16T20:11:10.284312+00:00,kube-system,coredns-8db54c48d-fx77w,2.0,51380224
2026-09-16T20:11:10.284312+00:00,kube-system,kwok-controller-5cf8c7c44b-rpchk,110.0,88080384
2026-09-16T20:11:10.284312+00:00,kube-system,local-path-provisioner-5d9d9885bc-p78bz,1.0,13631488
2026-09-16T20:11:10.284312+00:00,kube-system,metrics-server-75dc6f8d87-777bz,36.0,318767104
2026-09-16T20:11:10.284312+00:00,kube-system,svclb-traefik-cdc99fe8-dd4hl,0.0,0
2026-09-16T20:11:10.284312+00:00,kube-system,traefik-9bcdbbd9-6hsgh,2.0,133169152
2026-09-16T20:11:10.284312+00:00,pyroscope,pyroscope-0,7.0,112197632
2026-09-16T20:11:10.284312+00:00,pyroscope,pyroscope-alloy-0,66.0,831520768
2026-09-16T20:11:41.592847+00:00,grove-system,grove-operator-5bd8db875b-bhlrz,47.0,684720128
2026-09-16T20:11:41.592847+00:00,kai-scheduler,admission-86666f457d-bwph8,1.0,15728640
2026-09-16T20:11:41.592847+00:00,kai-scheduler,kai-operator-69b5d7bcf7-bvhpv,4.0,94371840
2026-09-16T20:11:41.592847+00:00,kai-scheduler,pod-grouper-65456f756-ck9lt,1.0,11534336
2026-09-16T20:11:41.592847+00:00,kai-scheduler,podgroup-controller-68f9cc8dbf-phtdb,1.0,13631488
2026-09-16T20:11:41.592847+00:00,kai-scheduler,queue-controller-f86fcd76c-mr7t8,1.0,11534336
2026-09-16T20:11:41.592847+00:00,kube-system,coredns-8db54c48d-fx77w,2.0,52428800
2026-09-16T20:11:41.592847+00:00,kube-system,kwok-controller-5cf8c7c44b-rpchk,143.0,87031808
2026-09-16T20:11:41.592847+00:00,kube-system,local-path-provisioner-5d9d9885bc-p78bz,1.0,13631488
2026-09-16T20:11:41.592847+00:00,kube-system,metrics-server-75dc6f8d87-777bz,46.0,339738624
2026-09-16T20:11:41.592847+00:00,kube-system,svclb-traefik-cdc99fe8-dd4hl,0.0,0
2026-09-16T20:11:41.592847+00:00,kube-system,traefik-9bcdbbd9-6hsgh,1.0,113246208
2026-09-16T20:11:41.592847+00:00,pyroscope,pyroscope-0,6.0,115343360
2026-09-16T20:11:41.592847+00:00,pyroscope,pyroscope-alloy-0,188.0,835715072
2026-09-16T20:12:12.836237+00:00,grove-system,grove-operator-5bd8db875b-bhlrz,28.0,682622976
2026-09-16T20:12:12.836237+00:00,kai-scheduler,admission-86666f457d-bwph8,1.0,15728640
2026-09-16T20:12:12.836237+00:00,kai-scheduler,kai-operator-69b5d7bcf7-bvhpv,1.0,95420416
2026-09-16T20:12:12.836237+00:00,kai-scheduler,pod-grouper-65456f756-ck9lt,1.0,11534336
2026-09-16T20:12:12.836237+00:00,kai-scheduler,podgroup-controller-68f9cc8dbf-phtdb,1.0,13631488
2026-09-16T20:12:12.836237+00:00,kai-scheduler,queue-controller-f86fcd76c-mr7t8,1.0,11534336
2026-09-16T20:12:12.836237+00:00,kube-system,coredns-8db54c48d-fx77w,2.0,51380224
2026-09-16T20:12:12.836237+00:00,kube-system,kwok-controller-5cf8c7c44b-rpchk,136.0,87031808
2026-09-16T20:12:12.836237+00:00,kube-system,local-path-provisioner-5d9d9885bc-p78bz,1.0,13631488
2026-09-16T20:12:12.836237+00:00,kube-system,metrics-server-75dc6f8d87-777bz,41.0,352321536
2026-09-16T20:12:12.836237+00:00,kube-system,svclb-traefik-cdc99fe8-dd4hl,0.0,0
2026-09-16T20:12:12.836237+00:00,kube-system,traefik-9bcdbbd9-6hsgh,1.0,113246208
2026-09-16T20:12:12.836237+00:00,pyroscope,pyroscope-0,6.0,115343360
2026-09-16T20:12:12.836237+00:00,pyroscope,pyroscope-alloy-0,176.0,832569344
2026-09-16T20:12:44.086242+00:00,grove-system,grove-operator-5bd8db875b-bhlrz,36.0,685768704
2026-09-16T20:12:44.086242+00:00,kai-scheduler,admission-86666f457d-bwph8,1.0,15728640
2026-09-16T20:12:44.086242+00:00,kai-scheduler,kai-operator-69b5d7bcf7-bvhpv,1.0,94371840
2026-09-16T20:12:44.086242+00:00,kai-scheduler,pod-grouper-65456f756-ck9lt,1.0,11534336
2026-09-16T20:12:44.086242+00:00,kai-scheduler,podgroup-controller-68f9cc8dbf-phtdb,1.0,13631488
2026-09-16T20:12:44.086242+00:00,kai-scheduler,queue-controller-f86fcd76c-mr7t8,1.0,11534336
2026-09-16T20:12:44.086242+00:00,kube-system,coredns-8db54c48d-fx77w,2.0,48234496
2026-09-16T20:12:44.086242+00:00,kube-system,kwok-controller-5cf8c7c44b-rpchk,141.0,85983232
2026-09-16T20:12:44.086242+00:00,kube-system,local-path-provisioner-5d9d9885bc-p78bz,1.0,13631488
2026-09-16T20:12:44.086242+00:00,kube-system,metrics-server-75dc6f8d87-777bz,58.0,351272960
2026-09-16T20:12:44.086242+00:00,kube-system,svclb-traefik-cdc99fe8-dd4hl,0.0,0
2026-09-16T20:12:44.086242+00:00,kube-system,traefik-9bcdbbd9-6hsgh,1.0,113246208
2026-09-16T20:12:44.086242+00:00,pyroscope,pyroscope-0,5.0,115343360
2026-09-16T20:12:44.086242+00:00,pyroscope,pyroscope-alloy-0,190.0,802160640
2026-09-16T20:13:15.333507+00:00,grove-system,grove-operator-5bd8db875b-bhlrz,48.0,671088640
2026-09-16T20:13:15.333507+00:00,kai-scheduler,admission-86666f457d-bwph8,1.0,16777216
2026-09-16T20:13:15.333507+00:00,kai-scheduler,kai-operator-69b5d7bcf7-bvhpv,3.0,95420416
2026-09-16T20:13:15.333507+00:00,kai-scheduler,kai-scheduler-default-6fb4498964-d92jm,195.0,482344960
2026-09-16T20:13:15.333507+00:00,kai-scheduler,pod-grouper-65456f756-ck9lt,1.0,11534336
2026-09-16T20:13:15.333507+00:00,kai-scheduler,podgroup-controller-68f9cc8dbf-phtdb,1.0,13631488
2026-09-16T20:13:15.333507+00:00,kai-scheduler,queue-controller-f86fcd76c-mr7t8,1.0,11534336
2026-09-16T20:13:15.333507+00:00,kube-system,coredns-8db54c48d-fx77w,2.0,48234496
2026-09-16T20:13:15.333507+00:00,kube-system,kwok-controller-5cf8c7c44b-rpchk,144.0,85983232
2026-09-16T20:13:15.333507+00:00,kube-system,local-path-provisioner-5d9d9885bc-p78bz,1.0,13631488
2026-09-16T20:13:15.333507+00:00,kube-system,metrics-server-75dc6f8d87-777bz,49.0,350224384
2026-09-16T20:13:15.333507+00:00,kube-system,svclb-traefik-cdc99fe8-dd4hl,0.0,0
2026-09-16T20:13:15.333507+00:00,kube-system,traefik-9bcdbbd9-6hsgh,3.0,105906176
2026-09-16T20:13:15.333507+00:00,pyroscope,pyroscope-0,4.0,113246208
2026-09-16T20:13:15.333507+00:00,pyroscope,pyroscope-alloy-0,163.0,796917760
2026-09-16T20:13:46.584508+00:00,grove-system,grove-operator-5bd8db875b-bhlrz,51.0,667942912
2026-09-16T20:13:46.584508+00:00,kai-scheduler,admission-86666f457d-bwph8,1.0,16777216
2026-09-16T20:13:46.584508+00:00,kai-scheduler,kai-operator-69b5d7bcf7-bvhpv,3.0,85983232
2026-09-16T20:13:46.584508+00:00,kai-scheduler,kai-scheduler-default-6fb4498964-d92jm,128.0,501219328
2026-09-16T20:13:46.584508+00:00,kai-scheduler,pod-grouper-65456f756-ck9lt,1.0,11534336
2026-09-16T20:13:46.584508+00:00,kai-scheduler,podgroup-controller-68f9cc8dbf-phtdb,1.0,13631488
2026-09-16T20:13:46.584508+00:00,kai-scheduler,queue-controller-f86fcd76c-mr7t8,1.0,11534336
2026-09-16T20:13:46.584508+00:00,kube-system,coredns-8db54c48d-fx77w,2.0,49283072
2026-09-16T20:13:46.584508+00:00,kube-system,kwok-controller-5cf8c7c44b-rpchk,152.0,88080384
2026-09-16T20:13:46.584508+00:00,kube-system,local-path-provisioner-5d9d9885bc-p78bz,1.0,13631488
2026-09-16T20:13:46.584508+00:00,kube-system,metrics-server-75dc6f8d87-777bz,50.0,342884352
2026-09-16T20:13:46.584508+00:00,kube-system,svclb-traefik-cdc99fe8-dd4hl,0.0,0
2026-09-16T20:13:46.584508+00:00,kube-system,traefik-9bcdbbd9-6hsgh,1.0,105906176
2026-09-16T20:13:46.584508+00:00,pyroscope,pyroscope-0,6.0,113246208
2026-09-16T20:13:46.584508+00:00,pyroscope,pyroscope-alloy-0,158.0,771751936
2026-09-16T20:14:17.844687+00:00,grove-system,grove-operator-5bd8db875b-bhlrz,29.0,673185792
2026-09-16T20:14:17.844687+00:00,kai-scheduler,admission-86666f457d-bwph8,1.0,15728640
2026-09-16T20:14:17.844687+00:00,kai-scheduler,kai-operator-69b5d7bcf7-bvhpv,1.0,85983232
2026-09-16T20:14:17.844687+00:00,kai-scheduler,kai-scheduler-default-6fb4498964-d92jm,119.0,489684992
2026-09-16T20:14:17.844687+00:00,kai-scheduler,pod-grouper-65456f756-ck9lt,1.0,11534336
2026-09-16T20:14:17.844687+00:00,kai-scheduler,podgroup-controller-68f9cc8dbf-phtdb,1.0,13631488
2026-09-16T20:14:17.844687+00:00,kai-scheduler,queue-controller-f86fcd76c-mr7t8,1.0,11534336
2026-09-16T20:14:17.844687+00:00,kube-system,coredns-8db54c48d-fx77w,3.0,42991616
2026-09-16T20:14:17.844687+00:00,kube-system,kwok-controller-5cf8c7c44b-rpchk,130.0,84934656
2026-09-16T20:14:17.844687+00:00,kube-system,local-path-provisioner-5d9d9885bc-p78bz,1.0,13631488
2026-09-16T20:14:17.844687+00:00,kube-system,metrics-server-75dc6f8d87-777bz,62.0,342884352
2026-09-16T20:14:17.844687+00:00,kube-system,svclb-traefik-cdc99fe8-dd4hl,0.0,0
2026-09-16T20:14:17.844687+00:00,kube-system,traefik-9bcdbbd9-6hsgh,1.0,105906176
2026-09-16T20:14:17.844687+00:00,pyroscope,pyroscope-0,5.0,114294784
2026-09-16T20:14:17.844687+00:00,pyroscope,pyroscope-alloy-0,154.0,749731840
2026-09-16T20:14:49.095697+00:00,grove-system,grove-operator-5bd8db875b-bhlrz,27.0,667942912
2026-09-16T20:14:49.095697+00:00,kai-scheduler,admission-86666f457d-bwph8,1.0,15728640
2026-09-16T20:14:49.095697+00:00,kai-scheduler,kai-operator-69b5d7bcf7-bvhpv,1.0,85983232
2026-09-16T20:14:49.095697+00:00,kai-scheduler,kai-scheduler-default-6fb4498964-d92jm,118.0,406847488
2026-09-16T20:14:49.095697+00:00,kai-scheduler,pod-grouper-65456f756-ck9lt,1.0,11534336
2026-09-16T20:14:49.095697+00:00,kai-scheduler,podgroup-controller-68f9cc8dbf-phtdb,1.0,13631488
2026-09-16T20:14:49.095697+00:00,kai-scheduler,queue-controller-f86fcd76c-mr7t8,1.0,11534336
2026-09-16T20:14:49.095697+00:00,kube-system,coredns-8db54c48d-fx77w,2.0,45088768
2026-09-16T20:14:49.095697+00:00,kube-system,kwok-controller-5cf8c7c44b-rpchk,182.0,85983232
2026-09-16T20:14:49.095697+00:00,kube-system,local-path-provisioner-5d9d9885bc-p78bz,1.0,13631488
2026-09-16T20:14:49.095697+00:00,kube-system,metrics-server-75dc6f8d87-777bz,51.0,342884352
2026-09-16T20:14:49.095697+00:00,kube-system,svclb-traefik-cdc99fe8-dd4hl,0.0,0
2026-09-16T20:14:49.095697+00:00,kube-system,traefik-9bcdbbd9-6hsgh,1.0,105906176
2026-09-16T20:14:49.095697+00:00,pyroscope,pyroscope-0,4.0,115343360
2026-09-16T20:14:49.095697+00:00,pyroscope,pyroscope-alloy-0,113.0,751828992
2026-09-16T20:15:20.342216+00:00,grove-system,grove-operator-5bd8db875b-bhlrz,36.0,664797184
2026-09-16T20:15:20.342216+00:00,kai-scheduler,admission-86666f457d-bwph8,1.0,15728640
2026-09-16T20:15:20.342216+00:00,kai-scheduler,kai-operator-69b5d7bcf7-bvhpv,1.0,85983232
2026-09-16T20:15:20.342216+00:00,kai-scheduler,kai-scheduler-default-6fb4498964-d92jm,108.0,430964736
2026-09-16T20:15:20.342216+00:00,kai-scheduler,pod-grouper-65456f756-ck9lt,1.0,11534336
2026-09-16T20:15:20.342216+00:00,kai-scheduler,podgroup-controller-68f9cc8dbf-phtdb,1.0,13631488
2026-09-16T20:15:20.342216+00:00,kai-scheduler,queue-controller-f86fcd76c-mr7t8,1.0,11534336
2026-09-16T20:15:20.342216+00:00,kube-system,coredns-8db54c48d-fx77w,2.0,44040192
2026-09-16T20:15:20.342216+00:00,kube-system,kwok-controller-5cf8c7c44b-rpchk,150.0,83886080
2026-09-16T20:15:20.342216+00:00,kube-system,local-path-provisioner-5d9d9885bc-p78bz,1.0,13631488
2026-09-16T20:15:20.342216+00:00,kube-system,metrics-server-75dc6f8d87-777bz,60.0,333447168
2026-09-16T20:15:20.342216+00:00,kube-system,svclb-traefik-cdc99fe8-dd4hl,0.0,0
2026-09-16T20:15:20.342216+00:00,kube-system,traefik-9bcdbbd9-6hsgh,3.0,105906176
2026-09-16T20:15:20.342216+00:00,pyroscope,pyroscope-0,6.0,116391936
2026-09-16T20:15:20.342216+00:00,pyroscope,pyroscope-alloy-0,154.0,721420288
2026-09-16T20:15:51.594234+00:00,grove-system,grove-operator-5bd8db875b-bhlrz,50.0,661651456
2026-09-16T20:15:51.594234+00:00,kai-scheduler,admission-86666f457d-bwph8,1.0,15728640
2026-09-16T20:15:51.594234+00:00,kai-scheduler,kai-operator-69b5d7bcf7-bvhpv,3.0,78643200
2026-09-16T20:15:51.594234+00:00,kai-scheduler,kai-scheduler-default-6fb4498964-d92jm,109.0,438304768
2026-09-16T20:15:51.594234+00:00,kai-scheduler,pod-grouper-65456f756-ck9lt,1.0,11534336
2026-09-16T20:15:51.594234+00:00,kai-scheduler,podgroup-controller-68f9cc8dbf-phtdb,1.0,13631488
2026-09-16T20:15:51.594234+00:00,kai-scheduler,queue-controller-f86fcd76c-mr7t8,1.0,11534336
2026-09-16T20:15:51.594234+00:00,kube-system,coredns-8db54c48d-fx77w,2.0,42991616
2026-09-16T20:15:51.594234+00:00,kube-system,kwok-controller-5cf8c7c44b-rpchk,144.0,84934656
2026-09-16T20:15:51.594234+00:00,kube-system,local-path-provisioner-5d9d9885bc-p78bz,1.0,13631488
2026-09-16T20:15:51.594234+00:00,kube-system,metrics-server-75dc6f8d87-777bz,48.0,331350016
2026-09-16T20:15:51.594234+00:00,kube-system,svclb-traefik-cdc99fe8-dd4hl,0.0,0
2026-09-16T20:15:51.594234+00:00,kube-system,traefik-9bcdbbd9-6hsgh,1.0,105906176
2026-09-16T20:15:51.594234+00:00,pyroscope,pyroscope-0,7.0,116391936
2026-09-16T20:15:51.594234+00:00,pyroscope,pyroscope-alloy-0,122.0,729808896
2026-09-16T20:16:22.837246+00:00,grove-system,grove-operator-5bd8db875b-bhlrz,35.0,662700032
2026-09-16T20:16:22.837246+00:00,kai-scheduler,admission-86666f457d-bwph8,1.0,15728640
2026-09-16T20:16:22.837246+00:00,kai-scheduler,kai-operator-69b5d7bcf7-bvhpv,4.0,83886080
2026-09-16T20:16:22.837246+00:00,kai-scheduler,kai-scheduler-default-6fb4498964-d92jm,103.0,405798912
2026-09-16T20:16:22.837246+00:00,kai-scheduler,pod-grouper-65456f756-ck9lt,1.0,11534336
2026-09-16T20:16:22.837246+00:00,kai-scheduler,podgroup-controller-68f9cc8dbf-phtdb,1.0,13631488
2026-09-16T20:16:22.837246+00:00,kai-scheduler,queue-controller-f86fcd76c-mr7t8,1.0,11534336
2026-09-16T20:16:22.837246+00:00,kube-system,coredns-8db54c48d-fx77w,2.0,44040192
2026-09-16T20:16:22.837246+00:00,kube-system,kwok-controller-5cf8c7c44b-rpchk,125.0,85983232
2026-09-16T20:16:22.837246+00:00,kube-system,local-path-provisioner-5d9d9885bc-p78bz,1.0,13631488
2026-09-16T20:16:22.837246+00:00,kube-system,metrics-server-75dc6f8d87-777bz,53.0,320864256
2026-09-16T20:16:22.837246+00:00,kube-system,svclb-traefik-cdc99fe8-dd4hl,0.0,0
2026-09-16T20:16:22.837246+00:00,kube-system,traefik-9bcdbbd9-6hsgh,1.0,105906176
2026-09-16T20:16:22.837246+00:00,pyroscope,pyroscope-0,6.0,115343360
2026-09-16T20:16:22.837246+00:00,pyroscope,pyroscope-alloy-0,105.0,689963008
2026-09-16T20:16:54.079727+00:00,grove-system,grove-operator-5bd8db875b-bhlrz,64.0,639631360
2026-09-16T20:16:54.079727+00:00,kai-scheduler,admission-86666f457d-bwph8,1.0,15728640
2026-09-16T20:16:54.079727+00:00,kai-scheduler,kai-operator-69b5d7bcf7-bvhpv,2.0,84934656
2026-09-16T20:16:54.079727+00:00,kai-scheduler,kai-scheduler-default-6fb4498964-d92jm,78.0,375390208
2026-09-16T20:16:54.079727+00:00,kai-scheduler,pod-grouper-65456f756-ck9lt,1.0,11534336
2026-09-16T20:16:54.079727+00:00,kai-scheduler,podgroup-controller-68f9cc8dbf-phtdb,1.0,13631488
2026-09-16T20:16:54.079727+00:00,kai-scheduler,queue-controller-f86fcd76c-mr7t8,1.0,11534336
2026-09-16T20:16:54.079727+00:00,kube-system,coredns-8db54c48d-fx77w,2.0,45088768
2026-09-16T20:16:54.079727+00:00,kube-system,kwok-controller-5cf8c7c44b-rpchk,87.0,84934656
2026-09-16T20:16:54.079727+00:00,kube-system,local-path-provisioner-5d9d9885bc-p78bz,1.0,13631488
2026-09-16T20:16:54.079727+00:00,kube-system,metrics-server-75dc6f8d87-777bz,28.0,318767104
2026-09-16T20:16:54.079727+00:00,kube-system,svclb-traefik-cdc99fe8-dd4hl,0.0,0
2026-09-16T20:16:54.079727+00:00,kube-system,traefik-9bcdbbd9-6hsgh,1.0,106954752
2026-09-16T20:16:54.079727+00:00,pyroscope,pyroscope-0,12.0,121634816
2026-09-16T20:16:54.079727+00:00,pyroscope,pyroscope-alloy-0,6.0,678428672
2026-09-16T20:17:25.322602+00:00,grove-system,grove-operator-5bd8db875b-bhlrz,37.0,644874240
2026-09-16T20:17:25.322602+00:00,kai-scheduler,admission-86666f457d-bwph8,1.0,15728640
2026-09-16T20:17:25.322602+00:00,kai-scheduler,kai-operator-69b5d7bcf7-bvhpv,2.0,84934656
2026-09-16T20:17:25.322602+00:00,kai-scheduler,kai-scheduler-default-6fb4498964-d92jm,72.0,405798912
2026-09-16T20:17:25.322602+00:00,kai-scheduler,pod-grouper-65456f756-ck9lt,1.0,11534336
2026-09-16T20:17:25.322602+00:00,kai-scheduler,podgroup-controller-68f9cc8dbf-phtdb,1.0,13631488
2026-09-16T20:17:25.322602+00:00,kai-scheduler,queue-controller-f86fcd76c-mr7t8,1.0,11534336
2026-09-16T20:17:25.322602+00:00,kube-system,coredns-8db54c48d-fx77w,2.0,44040192
2026-09-16T20:17:25.322602+00:00,kube-system,kwok-controller-5cf8c7c44b-rpchk,78.0,83886080
2026-09-16T20:17:25.322602+00:00,kube-system,local-path-provisioner-5d9d9885bc-p78bz,1.0,13631488
2026-09-16T20:17:25.322602+00:00,kube-system,metrics-server-75dc6f8d87-777bz,32.0,310378496
2026-09-16T20:17:25.322602+00:00,kube-system,svclb-traefik-cdc99fe8-dd4hl,0.0,0
2026-09-16T20:17:25.322602+00:00,kube-system,traefik-9bcdbbd9-6hsgh,3.0,106954752
2026-09-16T20:17:25.322602+00:00,pyroscope,pyroscope-0,5.0,115343360
2026-09-16T20:17:25.322602+00:00,pyroscope,pyroscope-alloy-0,6.0,696254464
2026-09-16T20:17:56.568294+00:00,grove-system,grove-operator-5bd8db875b-bhlrz,76.0,630194176
2026-09-16T20:17:56.568294+00:00,kai-scheduler,admission-86666f457d-bwph8,1.0,15728640
2026-09-16T20:17:56.568294+00:00,kai-scheduler,kai-operator-69b5d7bcf7-bvhpv,2.0,84934656
2026-09-16T20:17:56.568294+00:00,kai-scheduler,kai-scheduler-default-6fb4498964-d92jm,88.0,401604608
2026-09-16T20:17:56.568294+00:00,kai-scheduler,pod-grouper-65456f756-ck9lt,1.0,11534336
2026-09-16T20:17:56.568294+00:00,kai-scheduler,podgroup-controller-68f9cc8dbf-phtdb,1.0,13631488
2026-09-16T20:17:56.568294+00:00,kai-scheduler,queue-controller-f86fcd76c-mr7t8,1.0,11534336
2026-09-16T20:17:56.568294+00:00,kube-system,coredns-8db54c48d-fx77w,3.0,44040192
2026-09-16T20:17:56.568294+00:00,kube-system,kwok-controller-5cf8c7c44b-rpchk,97.0,87031808
2026-09-16T20:17:56.568294+00:00,kube-system,local-path-provisioner-5d9d9885bc-p78bz,1.0,13631488
2026-09-16T20:17:56.568294+00:00,kube-system,metrics-server-75dc6f8d87-777bz,42.0,311427072
2026-09-16T20:17:56.568294+00:00,kube-system,svclb-traefik-cdc99fe8-dd4hl,0.0,0
2026-09-16T20:17:56.568294+00:00,kube-system,traefik-9bcdbbd9-6hsgh,2.0,106954752
2026-09-16T20:17:56.568294+00:00,pyroscope,pyroscope-0,6.0,113246208
2026-09-16T20:17:56.568294+00:00,pyroscope,pyroscope-alloy-0,102.0,693108736
2026-09-16T20:18:27.814031+00:00,grove-system,grove-operator-5bd8db875b-bhlrz,64.0,627048448
2026-09-16T20:18:27.814031+00:00,kai-scheduler,admission-86666f457d-bwph8,1.0,15728640
2026-09-16T20:18:27.814031+00:00,kai-scheduler,kai-operator-69b5d7bcf7-bvhpv,1.0,84934656
2026-09-16T20:18:27.814031+00:00,kai-scheduler,kai-scheduler-default-6fb4498964-d92jm,77.0,395313152
2026-09-16T20:18:27.814031+00:00,kai-scheduler,pod-grouper-65456f756-ck9lt,1.0,11534336
2026-09-16T20:18:27.814031+00:00,kai-scheduler,podgroup-controller-68f9cc8dbf-phtdb,1.0,13631488
2026-09-16T20:18:27.814031+00:00,kai-scheduler,queue-controller-f86fcd76c-mr7t8,1.0,11534336
2026-09-16T20:18:27.814031+00:00,kube-system,coredns-8db54c48d-fx77w,3.0,45088768
2026-09-16T20:18:27.814031+00:00,kube-system,kwok-controller-5cf8c7c44b-rpchk,73.0,87031808
2026-09-16T20:18:27.814031+00:00,kube-system,local-path-provisioner-5d9d9885bc-p78bz,1.0,13631488
2026-09-16T20:18:27.814031+00:00,kube-system,metrics-server-75dc6f8d87-777bz,25.0,310378496
2026-09-16T20:18:27.814031+00:00,kube-system,svclb-traefik-cdc99fe8-dd4hl,0.0,0
2026-09-16T20:18:27.814031+00:00,kube-system,traefik-9bcdbbd9-6hsgh,2.0,108003328
2026-09-16T20:18:27.814031+00:00,pyroscope,pyroscope-0,6.0,116391936
2026-09-16T20:18:27.814031+00:00,pyroscope,pyroscope-alloy-0,6.0,695205888
2026-09-16T20:18:59.068774+00:00,grove-system,grove-operator-5bd8db875b-bhlrz,27.0,625999872
2026-09-16T20:18:59.068774+00:00,kai-scheduler,admission-86666f457d-bwph8,1.0,15728640
2026-09-16T20:18:59.068774+00:00,kai-scheduler,kai-operator-69b5d7bcf7-bvhpv,1.0,84934656
2026-09-16T20:18:59.068774+00:00,kai-scheduler,kai-scheduler-default-6fb4498964-d92jm,91.0,395313152
2026-09-16T20:18:59.068774+00:00,kai-scheduler,pod-grouper-65456f756-ck9lt,1.0,11534336
2026-09-16T20:18:59.068774+00:00,kai-scheduler,podgroup-controller-68f9cc8dbf-phtdb,1.0,13631488
2026-09-16T20:18:59.068774+00:00,kai-scheduler,queue-controller-f86fcd76c-mr7t8,1.0,11534336
2026-09-16T20:18:59.068774+00:00,kube-system,coredns-8db54c48d-fx77w,2.0,45088768
2026-09-16T20:18:59.068774+00:00,kube-system,kwok-controller-5cf8c7c44b-rpchk,1245.0,92274688
2026-09-16T20:18:59.068774+00:00,kube-system,local-path-provisioner-5d9d9885bc-p78bz,1.0,13631488
2026-09-16T20:18:59.068774+00:00,kube-system,metrics-server-75dc6f8d87-777bz,42.0,310378496
2026-09-16T20:18:59.068774+00:00,kube-system,svclb-traefik-cdc99fe8-dd4hl,0.0,0
2026-09-16T20:18:59.068774+00:00,kube-system,traefik-9bcdbbd9-6hsgh,1.0,109051904
2026-09-16T20:18:59.068774+00:00,pyroscope,pyroscope-0,7.0,117440512
2026-09-16T20:18:59.068774+00:00,pyroscope,pyroscope-alloy-0,87.0,662700032
2026-09-16T20:19:30.328032+00:00,grove-system,grove-operator-5bd8db875b-bhlrz,36.0,598736896
2026-09-16T20:19:30.328032+00:00,kai-scheduler,admission-86666f457d-bwph8,1.0,16777216
2026-09-16T20:19:30.328032+00:00,kai-scheduler,kai-operator-69b5d7bcf7-bvhpv,1.0,85983232
2026-09-16T20:19:30.328032+00:00,kai-scheduler,kai-scheduler-default-6fb4498964-d92jm,79.0,356515840
2026-09-16T20:19:30.328032+00:00,kai-scheduler,pod-grouper-65456f756-ck9lt,1.0,11534336
2026-09-16T20:19:30.328032+00:00,kai-scheduler,podgroup-controller-68f9cc8dbf-phtdb,1.0,13631488
2026-09-16T20:19:30.328032+00:00,kai-scheduler,queue-controller-f86fcd76c-mr7t8,1.0,11534336
2026-09-16T20:19:30.328032+00:00,kube-system,coredns-8db54c48d-fx77w,2.0,45088768
2026-09-16T20:19:30.328032+00:00,kube-system,kwok-controller-5cf8c7c44b-rpchk,127.0,85983232
2026-09-16T20:19:30.328032+00:00,kube-system,local-path-provisioner-5d9d9885bc-p78bz,1.0,13631488
2026-09-16T20:19:30.328032+00:00,kube-system,metrics-server-75dc6f8d87-777bz,54.0,304087040
2026-09-16T20:19:30.328032+00:00,kube-system,svclb-traefik-cdc99fe8-dd4hl,0.0,0
2026-09-16T20:19:30.328032+00:00,kube-system,traefik-9bcdbbd9-6hsgh,3.0,103809024
2026-09-16T20:19:30.328032+00:00,pyroscope,pyroscope-0,7.0,116391936
2026-09-16T20:19:30.328032+00:00,pyroscope,pyroscope-alloy-0,88.0,636485632
2026-09-16T20:20:01.578344+00:00,grove-system,grove-operator-5bd8db875b-bhlrz,25.0,594542592
2026-09-16T20:20:01.578344+00:00,kai-scheduler,admission-86666f457d-bwph8,1.0,16777216
2026-09-16T20:20:01.578344+00:00,kai-scheduler,kai-operator-69b5d7bcf7-bvhpv,1.0,78643200
2026-09-16T20:20:01.578344+00:00,kai-scheduler,kai-scheduler-default-6fb4498964-d92jm,83.0,367001600
2026-09-16T20:20:01.578344+00:00,kai-scheduler,pod-grouper-65456f756-ck9lt,1.0,11534336
2026-09-16T20:20:01.578344+00:00,kai-scheduler,podgroup-controller-68f9cc8dbf-phtdb,1.0,13631488
2026-09-16T20:20:01.578344+00:00,kai-scheduler,queue-controller-f86fcd76c-mr7t8,1.0,11534336
2026-09-16T20:20:01.578344+00:00,kube-system,coredns-8db54c48d-fx77w,2.0,45088768
2026-09-16T20:20:01.578344+00:00,kube-system,kwok-controller-5cf8c7c44b-rpchk,134.0,84934656
2026-09-16T20:20:01.578344+00:00,kube-system,local-path-provisioner-5d9d9885bc-p78bz,1.0,13631488
2026-09-16T20:20:01.578344+00:00,kube-system,metrics-server-75dc6f8d87-777bz,54.0,293601280
2026-09-16T20:20:01.578344+00:00,kube-system,svclb-traefik-cdc99fe8-dd4hl,0.0,0
2026-09-16T20:20:01.578344+00:00,kube-system,traefik-9bcdbbd9-6hsgh,1.0,103809024
2026-09-16T20:20:01.578344+00:00,pyroscope,pyroscope-0,6.0,116391936
2026-09-16T20:20:01.578344+00:00,pyroscope,pyroscope-alloy-0,95.0,643825664
2026-09-16T20:20:32.878690+00:00,grove-system,grove-operator-5bd8db875b-bhlrz,37.0,592445440
2026-09-16T20:20:32.878690+00:00,kai-scheduler,admission-86666f457d-bwph8,1.0,16777216
2026-09-16T20:20:32.878690+00:00,kai-scheduler,kai-operator-69b5d7bcf7-bvhpv,1.0,78643200
2026-09-16T20:20:32.878690+00:00,kai-scheduler,kai-scheduler-default-6fb4498964-d92jm,72.0,339738624
2026-09-16T20:20:32.878690+00:00,kai-scheduler,pod-grouper-65456f756-ck9lt,1.0,11534336
2026-09-16T20:20:32.878690+00:00,kai-scheduler,podgroup-controller-68f9cc8dbf-phtdb,1.0,13631488
2026-09-16T20:20:32.878690+00:00,kai-scheduler,queue-controller-f86fcd76c-mr7t8,1.0,11534336
2026-09-16T20:20:32.878690+00:00,kube-system,coredns-8db54c48d-fx77w,2.0,41943040
2026-09-16T20:20:32.878690+00:00,kube-system,kwok-controller-5cf8c7c44b-rpchk,139.0,84934656
2026-09-16T20:20:32.878690+00:00,kube-system,local-path-provisioner-5d9d9885bc-p78bz,1.0,13631488
2026-09-16T20:20:32.878690+00:00,kube-system,metrics-server-75dc6f8d87-777bz,54.0,294649856
2026-09-16T20:20:32.878690+00:00,kube-system,svclb-traefik-cdc99fe8-dd4hl,0.0,0
2026-09-16T20:20:32.878690+00:00,kube-system,traefik-9bcdbbd9-6hsgh,1.0,104857600
2026-09-16T20:20:32.878690+00:00,pyroscope,pyroscope-0,6.0,116391936
2026-09-16T20:20:32.878690+00:00,pyroscope,pyroscope-alloy-0,81.0,618659840
2026-09-16T20:21:04.136675+00:00,grove-system,grove-operator-5bd8db875b-bhlrz,27.0,575668224
2026-09-16T20:21:04.136675+00:00,kai-scheduler,admission-86666f457d-bwph8,1.0,16777216
2026-09-16T20:21:04.136675+00:00,kai-scheduler,kai-operator-69b5d7bcf7-bvhpv,1.0,78643200
2026-09-16T20:21:04.136675+00:00,kai-scheduler,kai-scheduler-default-6fb4498964-d92jm,66.0,316669952
2026-09-16T20:21:04.136675+00:00,kai-scheduler,pod-grouper-65456f756-ck9lt,1.0,11534336
2026-09-16T20:21:04.136675+00:00,kai-scheduler,podgroup-controller-68f9cc8dbf-phtdb,1.0,13631488
2026-09-16T20:21:04.136675+00:00,kai-scheduler,queue-controller-f86fcd76c-mr7t8,1.0,11534336
2026-09-16T20:21:04.136675+00:00,kube-system,coredns-8db54c48d-fx77w,2.0,42991616
2026-09-16T20:21:04.136675+00:00,kube-system,kwok-controller-5cf8c7c44b-rpchk,144.0,85983232
2026-09-16T20:21:04.136675+00:00,kube-system,local-path-provisioner-5d9d9885bc-p78bz,1.0,13631488
2026-09-16T20:21:04.136675+00:00,kube-system,metrics-server-75dc6f8d87-777bz,35.0,287309824
2026-09-16T20:21:04.136675+00:00,kube-system,svclb-traefik-cdc99fe8-dd4hl,0.0,0
2026-09-16T20:21:04.136675+00:00,kube-system,traefik-9bcdbbd9-6hsgh,1.0,103809024
2026-09-16T20:21:04.136675+00:00,pyroscope,pyroscope-0,5.0,116391936
2026-09-16T20:21:04.136675+00:00,pyroscope,pyroscope-alloy-0,82.0,594542592
2026-09-16T20:21:35.383198+00:00,grove-system,grove-operator-5bd8db875b-bhlrz,33.0,566231040
2026-09-16T20:21:35.383198+00:00,kai-scheduler,admission-86666f457d-bwph8,1.0,16777216
2026-09-16T20:21:35.383198+00:00,kai-scheduler,binder-869fc94c7-qhm2z,74.0,133169152
2026-09-16T20:21:35.383198+00:00,kai-scheduler,kai-operator-69b5d7bcf7-bvhpv,3.0,79691776
2026-09-16T20:21:35.383198+00:00,kai-scheduler,kai-scheduler-default-6fb4498964-d92jm,62.0,339738624
2026-09-16T20:21:35.383198+00:00,kai-scheduler,pod-grouper-65456f756-ck9lt,1.0,11534336
2026-09-16T20:21:35.383198+00:00,kai-scheduler,podgroup-controller-68f9cc8dbf-phtdb,1.0,13631488
2026-09-16T20:21:35.383198+00:00,kai-scheduler,queue-controller-f86fcd76c-mr7t8,1.0,11534336
2026-09-16T20:21:35.383198+00:00,kube-system,coredns-8db54c48d-fx77w,2.0,41943040
2026-09-16T20:21:35.383198+00:00,kube-system,kwok-controller-5cf8c7c44b-rpchk,128.0,83886080
2026-09-16T20:21:35.383198+00:00,kube-system,local-path-provisioner-5d9d9885bc-p78bz,1.0,13631488
2026-09-16T20:21:35.383198+00:00,kube-system,metrics-server-75dc6f8d87-777bz,49.0,287309824
2026-09-16T20:21:35.383198+00:00,kube-system,svclb-traefik-cdc99fe8-dd4hl,0.0,0
2026-09-16T20:21:35.383198+00:00,kube-system,traefik-9bcdbbd9-6hsgh,1.0,98566144
2026-09-16T20:21:35.383198+00:00,pyroscope,pyroscope-0,6.0,116391936
2026-09-16T20:21:35.383198+00:00,pyroscope,pyroscope-alloy-0,71.0,594542592
2026-09-16T20:22:06.630211+00:00,grove-system,grove-operator-5bd8db875b-bhlrz,28.0,569376768
2026-09-16T20:22:06.630211+00:00,kai-scheduler,admission-86666f457d-bwph8,1.0,16777216
2026-09-16T20:22:06.630211+00:00,kai-scheduler,binder-869fc94c7-qhm2z,31.0,142606336
2026-09-16T20:22:06.630211+00:00,kai-scheduler,kai-operator-69b5d7bcf7-bvhpv,1.0,78643200
2026-09-16T20:22:06.630211+00:00,kai-scheduler,kai-scheduler-default-6fb4498964-d92jm,61.0,298844160
2026-09-16T20:22:06.630211+00:00,kai-scheduler,pod-grouper-65456f756-ck9lt,1.0,11534336
2026-09-16T20:22:06.630211+00:00,kai-scheduler,podgroup-controller-68f9cc8dbf-phtdb,1.0,13631488
2026-09-16T20:22:06.630211+00:00,kai-scheduler,queue-controller-f86fcd76c-mr7t8,1.0,11534336
2026-09-16T20:22:06.630211+00:00,kube-system,coredns-8db54c48d-fx77w,3.0,40894464
2026-09-16T20:22:06.630211+00:00,kube-system,kwok-controller-5cf8c7c44b-rpchk,152.0,81788928
2026-09-16T20:22:06.630211+00:00,kube-system,local-path-provisioner-5d9d9885bc-p78bz,1.0,13631488
2026-09-16T20:22:06.630211+00:00,kube-system,metrics-server-75dc6f8d87-777bz,56.0,286261248
2026-09-16T20:22:06.630211+00:00,kube-system,svclb-traefik-cdc99fe8-dd4hl,0.0,0
2026-09-16T20:22:06.630211+00:00,kube-system,traefik-9bcdbbd9-6hsgh,1.0,98566144
2026-09-16T20:22:06.630211+00:00,pyroscope,pyroscope-0,5.0,117440512
2026-09-16T20:22:06.630211+00:00,pyroscope,pyroscope-alloy-0,60.0,559939584
2026-09-16T20:22:37.879298+00:00,grove-system,grove-operator-5bd8db875b-bhlrz,36.0,541065216
2026-09-16T20:22:37.879298+00:00,kai-scheduler,admission-86666f457d-bwph8,1.0,16777216
2026-09-16T20:22:37.879298+00:00,kai-scheduler,binder-869fc94c7-qhm2z,35.0,139460608
2026-09-16T20:22:37.879298+00:00,kai-scheduler,kai-operator-69b5d7bcf7-bvhpv,1.0,78643200
2026-09-16T20:22:37.879298+00:00,kai-scheduler,kai-scheduler-default-6fb4498964-d92jm,51.0,297795584
2026-09-16T20:22:37.879298+00:00,kai-scheduler,pod-grouper-65456f756-ck9lt,1.0,11534336
2026-09-16T20:22:37.879298+00:00,kai-scheduler,podgroup-controller-68f9cc8dbf-phtdb,1.0,13631488
2026-09-16T20:22:37.879298+00:00,kai-scheduler,queue-controller-f86fcd76c-mr7t8,1.0,11534336
2026-09-16T20:22:37.879298+00:00,kube-system,coredns-8db54c48d-fx77w,2.0,39845888
2026-09-16T20:22:37.879298+00:00,kube-system,kwok-controller-5cf8c7c44b-rpchk,134.0,82837504
2026-09-16T20:22:37.879298+00:00,kube-system,local-path-provisioner-5d9d9885bc-p78bz,1.0,13631488
2026-09-16T20:22:37.879298+00:00,kube-system,metrics-server-75dc6f8d87-777bz,56.0,279969792
2026-09-16T20:22:37.879298+00:00,kube-system,svclb-traefik-cdc99fe8-dd4hl,0.0,0
2026-09-16T20:22:37.879298+00:00,kube-system,traefik-9bcdbbd9-6hsgh,1.0,98566144
2026-09-16T20:22:37.879298+00:00,pyroscope,pyroscope-0,6.0,117440512
2026-09-16T20:22:37.879298+00:00,pyroscope,pyroscope-alloy-0,73.0,552599552
2026-09-16T20:23:09.125160+00:00,grove-system,grove-operator-5bd8db875b-bhlrz,29.0,519045120
2026-09-16T20:23:09.125160+00:00,kai-scheduler,admission-86666f457d-bwph8,1.0,16777216
2026-09-16T20:23:09.125160+00:00,kai-scheduler,binder-869fc94c7-qhm2z,34.0,139460608
2026-09-16T20:23:09.125160+00:00,kai-scheduler,kai-operator-69b5d7bcf7-bvhpv,1.0,78643200
2026-09-16T20:23:09.125160+00:00,kai-scheduler,kai-scheduler-default-6fb4498964-d92jm,49.0,292552704
2026-09-16T20:23:09.125160+00:00,kai-scheduler,pod-grouper-65456f756-ck9lt,1.0,11534336
2026-09-16T20:23:09.125160+00:00,kai-scheduler,podgroup-controller-68f9cc8dbf-phtdb,1.0,13631488
2026-09-16T20:23:09.125160+00:00,kai-scheduler,queue-controller-f86fcd76c-mr7t8,1.0,11534336
2026-09-16T20:23:09.125160+00:00,kube-system,coredns-8db54c48d-fx77w,2.0,39845888
2026-09-16T20:23:09.125160+00:00,kube-system,kwok-controller-5cf8c7c44b-rpchk,125.0,81788928
2026-09-16T20:23:09.125160+00:00,kube-system,local-path-provisioner-5d9d9885bc-p78bz,1.0,13631488
2026-09-16T20:23:09.125160+00:00,kube-system,metrics-server-75dc6f8d87-777bz,50.0,276824064
2026-09-16T20:23:09.125160+00:00,kube-system,svclb-traefik-cdc99fe8-dd4hl,0.0,0
2026-09-16T20:23:09.125160+00:00,kube-system,traefik-9bcdbbd9-6hsgh,1.0,98566144
2026-09-16T20:23:09.125160+00:00,pyroscope,pyroscope-0,5.0,118489088
2026-09-16T20:23:09.125160+00:00,pyroscope,pyroscope-alloy-0,52.0,502267904
2026-09-16T20:23:40.374771+00:00,grove-system,grove-operator-5bd8db875b-bhlrz,33.0,492830720
2026-09-16T20:23:40.374771+00:00,kai-scheduler,admission-86666f457d-bwph8,1.0,16777216
2026-09-16T20:23:40.374771+00:00,kai-scheduler,binder-869fc94c7-qhm2z,34.0,139460608
2026-09-16T20:23:40.374771+00:00,kai-scheduler,kai-operator-69b5d7bcf7-bvhpv,1.0,78643200
2026-09-16T20:23:40.374771+00:00,kai-scheduler,kai-scheduler-default-6fb4498964-d92jm,38.0,293601280
2026-09-16T20:23:40.374771+00:00,kai-scheduler,pod-grouper-65456f756-ck9lt,1.0,11534336
2026-09-16T20:23:40.374771+00:00,kai-scheduler,podgroup-controller-68f9cc8dbf-phtdb,1.0,13631488
2026-09-16T20:23:40.374771+00:00,kai-scheduler,queue-controller-f86fcd76c-mr7t8,1.0,11534336
2026-09-16T20:23:40.374771+00:00,kube-system,coredns-8db54c48d-fx77w,2.0,40894464
2026-09-16T20:23:40.374771+00:00,kube-system,kwok-controller-5cf8c7c44b-rpchk,129.0,82837504
2026-09-16T20:23:40.374771+00:00,kube-system,local-path-provisioner-5d9d9885bc-p78bz,1.0,13631488
2026-09-16T20:23:40.374771+00:00,kube-system,metrics-server-75dc6f8d87-777bz,52.0,267386880
2026-09-16T20:23:40.374771+00:00,kube-system,svclb-traefik-cdc99fe8-dd4hl,0.0,0
2026-09-16T20:23:40.374771+00:00,kube-system,traefik-9bcdbbd9-6hsgh,2.0,98566144
2026-09-16T20:23:40.374771+00:00,pyroscope,pyroscope-0,6.0,118489088
2026-09-16T20:23:40.374771+00:00,pyroscope,pyroscope-alloy-0,41.0,461373440
2026-09-16T20:24:11.621140+00:00,grove-system,grove-operator-5bd8db875b-bhlrz,24.0,444596224
2026-09-16T20:24:11.621140+00:00,kai-scheduler,admission-86666f457d-bwph8,1.0,16777216
2026-09-16T20:24:11.621140+00:00,kai-scheduler,binder-869fc94c7-qhm2z,24.0,143654912
2026-09-16T20:24:11.621140+00:00,kai-scheduler,kai-operator-69b5d7bcf7-bvhpv,4.0,83886080
2026-09-16T20:24:11.621140+00:00,kai-scheduler,kai-scheduler-default-6fb4498964-d92jm,33.0,287309824
2026-09-16T20:24:11.621140+00:00,kai-scheduler,pod-grouper-65456f756-ck9lt,1.0,11534336
2026-09-16T20:24:11.621140+00:00,kai-scheduler,podgroup-controller-68f9cc8dbf-phtdb,1.0,13631488
2026-09-16T20:24:11.621140+00:00,kai-scheduler,queue-controller-f86fcd76c-mr7t8,1.0,11534336
2026-09-16T20:24:11.621140+00:00,kube-system,coredns-8db54c48d-fx77w,2.0,40894464
2026-09-16T20:24:11.621140+00:00,kube-system,kwok-controller-5cf8c7c44b-rpchk,135.0,83886080
2026-09-16T20:24:11.621140+00:00,kube-system,local-path-provisioner-5d9d9885bc-p78bz,1.0,13631488
2026-09-16T20:24:11.621140+00:00,kube-system,metrics-server-75dc6f8d87-777bz,53.0,255852544
2026-09-16T20:24:11.621140+00:00,kube-system,svclb-traefik-cdc99fe8-dd4hl,0.0,0
2026-09-16T20:24:11.621140+00:00,kube-system,traefik-9bcdbbd9-6hsgh,1.0,98566144
2026-09-16T20:24:11.621140+00:00,pyroscope,pyroscope-0,7.0,128974848
2026-09-16T20:24:11.621140+00:00,pyroscope,pyroscope-alloy-0,24.0,416284672
2026-09-16T20:24:42.867322+00:00,grove-system,grove-operator-5bd8db875b-bhlrz,8.0,445644800
2026-09-16T20:24:42.867322+00:00,kai-scheduler,admission-86666f457d-bwph8,1.0,16777216
2026-09-16T20:24:42.867322+00:00,kai-scheduler,binder-869fc94c7-qhm2z,34.0,144703488
2026-09-16T20:24:42.867322+00:00,kai-scheduler,kai-operator-69b5d7bcf7-bvhpv,36.0,99614720
2026-09-16T20:24:42.867322+00:00,kai-scheduler,kai-scheduler-default-6fb4498964-d92jm,39.0,289406976
2026-09-16T20:24:42.867322+00:00,kai-scheduler,pod-grouper-65456f756-ck9lt,1.0,11534336
2026-09-16T20:24:42.867322+00:00,kai-scheduler,podgroup-controller-68f9cc8dbf-phtdb,1.0,13631488
2026-09-16T20:24:42.867322+00:00,kai-scheduler,queue-controller-f86fcd76c-mr7t8,1.0,11534336
2026-09-16T20:24:42.867322+00:00,kube-system,coredns-8db54c48d-fx77w,2.0,40894464
2026-09-16T20:24:42.867322+00:00,kube-system,kwok-controller-5cf8c7c44b-rpchk,108.0,82837504
2026-09-16T20:24:42.867322+00:00,kube-system,local-path-provisioner-5d9d9885bc-p78bz,1.0,13631488
2026-09-16T20:24:42.867322+00:00,kube-system,metrics-server-75dc6f8d87-777bz,45.0,255852544
2026-09-16T20:24:42.867322+00:00,kube-system,svclb-traefik-cdc99fe8-dd4hl,0.0,0
2026-09-16T20:24:42.867322+00:00,kube-system,traefik-9bcdbbd9-6hsgh,50.0,117440512
2026-09-16T20:24:42.867322+00:00,pyroscope,pyroscope-0,5.0,126877696
2026-09-16T20:24:42.867322+00:00,pyroscope,pyroscope-alloy-0,10.0,407896064
2026-09-16T20:25:14.114416+00:00,grove-system,grove-operator-5bd8db875b-bhlrz,10.0,438304768
2026-09-16T20:25:14.114416+00:00,kai-scheduler,admission-86666f457d-bwph8,1.0,16777216
2026-09-16T20:25:14.114416+00:00,kai-scheduler,binder-869fc94c7-qhm2z,34.0,143654912
2026-09-16T20:25:14.114416+00:00,kai-scheduler,kai-operator-69b5d7bcf7-bvhpv,37.0,99614720
2026-09-16T20:25:14.114416+00:00,kai-scheduler,kai-scheduler-default-6fb4498964-d92jm,41.0,287309824
2026-09-16T20:25:14.114416+00:00,kai-scheduler,pod-grouper-65456f756-ck9lt,1.0,11534336
2026-09-16T20:25:14.114416+00:00,kai-scheduler,podgroup-controller-68f9cc8dbf-phtdb,1.0,13631488
2026-09-16T20:25:14.114416+00:00,kai-scheduler,queue-controller-f86fcd76c-mr7t8,1.0,11534336
2026-09-16T20:25:14.114416+00:00,kube-system,coredns-8db54c48d-fx77w,4.0,40894464
2026-09-16T20:25:14.114416+00:00,kube-system,kwok-controller-5cf8c7c44b-rpchk,99.0,82837504
2026-09-16T20:25:14.114416+00:00,kube-system,local-path-provisioner-5d9d9885bc-p78bz,1.0,13631488
2026-09-16T20:25:14.114416+00:00,kube-system,metrics-server-75dc6f8d87-777bz,40.0,255852544
2026-09-16T20:25:14.114416+00:00,kube-system,svclb-traefik-cdc99fe8-dd4hl,0.0,0
2026-09-16T20:25:14.114416+00:00,kube-system,traefik-9bcdbbd9-6hsgh,47.0,116391936
2026-09-16T20:25:14.114416+00:00,pyroscope,pyroscope-0,6.0,119537664
2026-09-16T20:25:14.114416+00:00,pyroscope,pyroscope-alloy-0,7.0,411041792
2026-09-16T20:25:45.377269+00:00,grove-system,grove-operator-5bd8db875b-bhlrz,798.0,544210944
2026-09-16T20:25:45.377269+00:00,kai-scheduler,admission-86666f457d-bwph8,1.0,16777216
2026-09-16T20:25:45.377269+00:00,kai-scheduler,binder-869fc94c7-qhm2z,87.0,133169152
2026-09-16T20:25:45.377269+00:00,kai-scheduler,kai-operator-69b5d7bcf7-bvhpv,12.0,98566144
2026-09-16T20:25:45.377269+00:00,kai-scheduler,kai-scheduler-default-6fb4498964-d92jm,93.0,381681664
2026-09-16T20:25:45.377269+00:00,kai-scheduler,pod-grouper-65456f756-ck9lt,1.0,11534336
2026-09-16T20:25:45.377269+00:00,kai-scheduler,podgroup-controller-68f9cc8dbf-phtdb,1.0,13631488
2026-09-16T20:25:45.377269+00:00,kai-scheduler,queue-controller-f86fcd76c-mr7t8,1.0,11534336
2026-09-16T20:25:45.377269+00:00,kube-system,coredns-8db54c48d-fx77w,4.0,40894464
2026-09-16T20:25:45.377269+00:00,kube-system,kwok-controller-5cf8c7c44b-rpchk,133.0,81788928
2026-09-16T20:25:45.377269+00:00,kube-system,local-path-provisioner-5d9d9885bc-p78bz,1.0,13631488
2026-09-16T20:25:45.377269+00:00,kube-system,metrics-server-75dc6f8d87-777bz,49.0,254803968
2026-09-16T20:25:45.377269+00:00,kube-system,svclb-traefik-cdc99fe8-dd4hl,0.0,0
2026-09-16T20:25:45.377269+00:00,kube-system,traefik-9bcdbbd9-6hsgh,17.0,118489088
2026-09-16T20:25:45.377269+00:00,pyroscope,pyroscope-0,8.0,119537664
2026-09-16T20:25:45.377269+00:00,pyroscope,pyroscope-alloy-0,66.0,430964736
2026-09-16T20:26:16.651963+00:00,grove-system,grove-operator-5bd8db875b-bhlrz,1422.0,602931200
2026-09-16T20:26:16.651963+00:00,kai-scheduler,admission-86666f457d-bwph8,1.0,16777216
2026-09-16T20:26:16.651963+00:00,kai-scheduler,kai-operator-69b5d7bcf7-bvhpv,10.0,100663296
2026-09-16T20:26:16.651963+00:00,kai-scheduler,kai-scheduler-default-6fb4498964-d92jm,103.0,487587840
2026-09-16T20:26:16.651963+00:00,kai-scheduler,pod-grouper-65456f756-ck9lt,1.0,11534336
2026-09-16T20:26:16.651963+00:00,kai-scheduler,podgroup-controller-68f9cc8dbf-phtdb,1.0,13631488
2026-09-16T20:26:16.651963+00:00,kai-scheduler,queue-controller-f86fcd76c-mr7t8,1.0,11534336
2026-09-16T20:26:16.651963+00:00,kube-system,coredns-8db54c48d-fx77w,10.0,42991616
2026-09-16T20:26:16.651963+00:00,kube-system,kwok-controller-5cf8c7c44b-rpchk,197.0,82837504
2026-09-16T20:26:16.651963+00:00,kube-system,local-path-provisioner-5d9d9885bc-p78bz,1.0,13631488
2026-09-16T20:26:16.651963+00:00,kube-system,metrics-server-75dc6f8d87-777bz,55.0,254803968
2026-09-16T20:26:16.651963+00:00,kube-system,svclb-traefik-cdc99fe8-dd4hl,0.0,0
2026-09-16T20:26:16.651963+00:00,kube-system,traefik-9bcdbbd9-6hsgh,20.0,120586240
2026-09-16T20:26:16.651963+00:00,pyroscope,pyroscope-0,8.0,123731968
2026-09-16T20:26:16.651963+00:00,pyroscope,pyroscope-alloy-0,84.0,482344960
2026-09-16T20:26:47.922746+00:00,grove-system,grove-operator-5bd8db875b-bhlrz,1795.0,641728512
2026-09-16T20:26:47.922746+00:00,kai-scheduler,admission-86666f457d-bwph8,1.0,16777216
2026-09-16T20:26:47.922746+00:00,kai-scheduler,kai-operator-69b5d7bcf7-bvhpv,1.0,100663296
2026-09-16T20:26:47.922746+00:00,kai-scheduler,kai-scheduler-default-6fb4498964-d92jm,120.0,417333248
2026-09-16T20:26:47.922746+00:00,kai-scheduler,pod-grouper-65456f756-ck9lt,1.0,11534336
2026-09-16T20:26:47.922746+00:00,kai-scheduler,podgroup-controller-68f9cc8dbf-phtdb,1.0,13631488
2026-09-16T20:26:47.922746+00:00,kai-scheduler,queue-controller-f86fcd76c-mr7t8,1.0,11534336
2026-09-16T20:26:47.922746+00:00,kube-system,coredns-8db54c48d-fx77w,7.0,44040192
2026-09-16T20:26:47.922746+00:00,kube-system,kwok-controller-5cf8c7c44b-rpchk,163.0,82837504
2026-09-16T20:26:47.922746+00:00,kube-system,local-path-provisioner-5d9d9885bc-p78bz,1.0,13631488
2026-09-16T20:26:47.922746+00:00,kube-system,metrics-server-75dc6f8d87-777bz,41.0,255852544
2026-09-16T20:26:47.922746+00:00,kube-system,svclb-traefik-cdc99fe8-dd4hl,0.0,0
2026-09-16T20:26:47.922746+00:00,kube-system,traefik-9bcdbbd9-6hsgh,15.0,121634816
2026-09-16T20:26:47.922746+00:00,pyroscope,pyroscope-0,8.0,125829120
2026-09-16T20:26:47.922746+00:00,pyroscope,pyroscope-alloy-0,85.0,560988160
2026-09-16T20:27:19.203222+00:00,grove-system,grove-operator-5bd8db875b-bhlrz,2142.0,681574400
2026-09-16T20:27:19.203222+00:00,kai-scheduler,admission-86666f457d-bwph8,1.0,16777216
2026-09-16T20:27:19.203222+00:00,kai-scheduler,kai-operator-69b5d7bcf7-bvhpv,1.0,100663296
2026-09-16T20:27:19.203222+00:00,kai-scheduler,pod-grouper-65456f756-ck9lt,1.0,11534336
2026-09-16T20:27:19.203222+00:00,kai-scheduler,podgroup-controller-68f9cc8dbf-phtdb,1.0,13631488
2026-09-16T20:27:19.203222+00:00,kai-scheduler,queue-controller-f86fcd76c-mr7t8,1.0,11534336
2026-09-16T20:27:19.203222+00:00,kube-system,coredns-8db54c48d-fx77w,13.0,45088768
2026-09-16T20:27:19.203222+00:00,kube-system,kwok-controller-5cf8c7c44b-rpchk,303.0,82837504
2026-09-16T20:27:19.203222+00:00,kube-system,local-path-provisioner-5d9d9885bc-p78bz,1.0,13631488
2026-09-16T20:27:19.203222+00:00,kube-system,metrics-server-75dc6f8d87-777bz,75.0,262144000
2026-09-16T20:27:19.203222+00:00,kube-system,svclb-traefik-cdc99fe8-dd4hl,0.0,0
2026-09-16T20:27:19.203222+00:00,kube-system,traefik-9bcdbbd9-6hsgh,17.0,121634816
2026-09-16T20:27:19.203222+00:00,pyroscope,pyroscope-0,8.0,123731968
2026-09-16T20:27:19.203222+00:00,pyroscope,pyroscope-alloy-0,112.0,581959680
2026-09-16T20:27:50.484769+00:00,grove-system,grove-operator-5bd8db875b-bhlrz,2076.0,678428672
2026-09-16T20:27:50.484769+00:00,kai-scheduler,admission-86666f457d-bwph8,1.0,16777216
2026-09-16T20:27:50.484769+00:00,kai-scheduler,kai-operator-69b5d7bcf7-bvhpv,4.0,100663296
2026-09-16T20:27:50.484769+00:00,kai-scheduler,pod-grouper-65456f756-ck9lt,1.0,11534336
2026-09-16T20:27:50.484769+00:00,kai-scheduler,podgroup-controller-68f9cc8dbf-phtdb,1.0,13631488
2026-09-16T20:27:50.484769+00:00,kai-scheduler,queue-controller-f86fcd76c-mr7t8,1.0,11534336
2026-09-16T20:27:50.484769+00:00,kube-system,coredns-8db54c48d-fx77w,14.0,46137344
2026-09-16T20:27:50.484769+00:00,kube-system,kwok-controller-5cf8c7c44b-rpchk,327.0,83886080
2026-09-16T20:27:50.484769+00:00,kube-system,local-path-provisioner-5d9d9885bc-p78bz,1.0,13631488
2026-09-16T20:27:50.484769+00:00,kube-system,metrics-server-75dc6f8d87-777bz,59.0,263192576
2026-09-16T20:27:50.484769+00:00,kube-system,svclb-traefik-cdc99fe8-dd4hl,0.0,0
2026-09-16T20:27:50.484769+00:00,kube-system,traefik-9bcdbbd9-6hsgh,18.0,122683392
2026-09-16T20:27:50.484769+00:00,pyroscope,pyroscope-0,9.0,126877696
2026-09-16T20:27:50.484769+00:00,pyroscope,pyroscope-alloy-0,152.0,629145600
2026-09-16T20:28:21.784293+00:00,grove-system,grove-operator-5bd8db875b-bhlrz,1129.0,684720128
2026-09-16T20:28:21.784293+00:00,kai-scheduler,admission-86666f457d-bwph8,1.0,16777216
2026-09-16T20:28:21.784293+00:00,kai-scheduler,kai-operator-69b5d7bcf7-bvhpv,3.0,97517568
2026-09-16T20:28:21.784293+00:00,kai-scheduler,pod-grouper-65456f756-ck9lt,1.0,11534336
2026-09-16T20:28:21.784293+00:00,kai-scheduler,podgroup-controller-68f9cc8dbf-phtdb,1.0,13631488
2026-09-16T20:28:21.784293+00:00,kai-scheduler,queue-controller-f86fcd76c-mr7t8,1.0,11534336
2026-09-16T20:28:21.784293+00:00,kube-system,coredns-8db54c48d-fx77w,13.0,47185920
2026-09-16T20:28:21.784293+00:00,kube-system,kwok-controller-5cf8c7c44b-rpchk,332.0,83886080
2026-09-16T20:28:21.784293+00:00,kube-system,local-path-provisioner-5d9d9885bc-p78bz,1.0,13631488
2026-09-16T20:28:21.784293+00:00,kube-system,metrics-server-75dc6f8d87-777bz,73.0,274726912
2026-09-16T20:28:21.784293+00:00,kube-system,svclb-traefik-cdc99fe8-dd4hl,0.0,0
2026-09-16T20:28:21.784293+00:00,kube-system,traefik-9bcdbbd9-6hsgh,20.0,124780544
2026-09-16T20:28:21.784293+00:00,pyroscope,pyroscope-0,8.0,127926272
2026-09-16T20:28:21.784293+00:00,pyroscope,pyroscope-alloy-0,180.0,653262848
2026-09-16T20:28:53.065835+00:00,grove-system,grove-operator-5bd8db875b-bhlrz,2818.0,688914432
2026-09-16T20:28:53.065835+00:00,kai-scheduler,admission-86666f457d-bwph8,1.0,16777216
2026-09-16T20:28:53.065835+00:00,kai-scheduler,kai-operator-69b5d7bcf7-bvhpv,4.0,97517568
2026-09-16T20:28:53.065835+00:00,kai-scheduler,pod-grouper-65456f756-ck9lt,1.0,11534336
2026-09-16T20:28:53.065835+00:00,kai-scheduler,podgroup-controller-68f9cc8dbf-phtdb,1.0,13631488
2026-09-16T20:28:53.065835+00:00,kai-scheduler,queue-controller-f86fcd76c-mr7t8,1.0,11534336
2026-09-16T20:28:53.065835+00:00,kube-system,coredns-8db54c48d-fx77w,16.0,48234496
2026-09-16T20:28:53.065835+00:00,kube-system,kwok-controller-5cf8c7c44b-rpchk,590.0,85983232
2026-09-16T20:28:53.065835+00:00,kube-system,local-path-provisioner-5d9d9885bc-p78bz,1.0,13631488
2026-09-16T20:28:53.065835+00:00,kube-system,metrics-server-75dc6f8d87-777bz,65.0,286261248
2026-09-16T20:28:53.065835+00:00,kube-system,svclb-traefik-cdc99fe8-dd4hl,0.0,0
2026-09-16T20:28:53.065835+00:00,kube-system,traefik-9bcdbbd9-6hsgh,21.0,130023424
2026-09-16T20:28:53.065835+00:00,pyroscope,pyroscope-0,7.0,126877696
2026-09-16T20:28:53.065835+00:00,pyroscope,pyroscope-alloy-0,172.0,702545920
2026-09-16T20:29:24.344319+00:00,grove-system,grove-operator-5bd8db875b-bhlrz,2968.0,695205888
2026-09-16T20:29:24.344319+00:00,kai-scheduler,admission-86666f457d-bwph8,1.0,16777216
2026-09-16T20:29:24.344319+00:00,kai-scheduler,kai-operator-69b5d7bcf7-bvhpv,1.0,98566144
2026-09-16T20:29:24.344319+00:00,kai-scheduler,pod-grouper-65456f756-ck9lt,1.0,11534336
2026-09-16T20:29:24.344319+00:00,kai-scheduler,podgroup-controller-68f9cc8dbf-phtdb,1.0,13631488
2026-09-16T20:29:24.344319+00:00,kai-scheduler,queue-controller-f86fcd76c-mr7t8,1.0,11534336
2026-09-16T20:29:24.344319+00:00,kube-system,coredns-8db54c48d-fx77w,16.0,51380224
2026-09-16T20:29:24.344319+00:00,kube-system,kwok-controller-5cf8c7c44b-rpchk,334.0,88080384
2026-09-16T20:29:24.344319+00:00,kube-system,local-path-provisioner-5d9d9885bc-p78bz,1.0,13631488
2026-09-16T20:29:24.344319+00:00,kube-system,metrics-server-75dc6f8d87-777bz,67.0,295698432
2026-09-16T20:29:24.344319+00:00,kube-system,svclb-traefik-cdc99fe8-dd4hl,0.0,0
2026-09-16T20:29:24.344319+00:00,kube-system,traefik-9bcdbbd9-6hsgh,22.0,134217728
2026-09-16T20:29:24.344319+00:00,pyroscope,pyroscope-0,9.0,134217728
2026-09-16T20:29:24.344319+00:00,pyroscope,pyroscope-alloy-0,196.0,743440384
2026-09-16T20:29:55.607113+00:00,grove-system,grove-operator-5bd8db875b-bhlrz,3026.0,700448768
2026-09-16T20:29:55.607113+00:00,kai-scheduler,admission-86666f457d-bwph8,1.0,16777216
2026-09-16T20:29:55.607113+00:00,kai-scheduler,kai-operator-69b5d7bcf7-bvhpv,3.0,98566144
2026-09-16T20:29:55.607113+00:00,kai-scheduler,pod-grouper-65456f756-ck9lt,1.0,11534336
2026-09-16T20:29:55.607113+00:00,kai-scheduler,podgroup-controller-68f9cc8dbf-phtdb,1.0,13631488
2026-09-16T20:29:55.607113+00:00,kai-scheduler,queue-controller-f86fcd76c-mr7t8,1.0,11534336
2026-09-16T20:29:55.607113+00:00,kube-system,coredns-8db54c48d-fx77w,16.0,51380224
2026-09-16T20:29:55.607113+00:00,kube-system,kwok-controller-5cf8c7c44b-rpchk,330.0,87031808
2026-09-16T20:29:55.607113+00:00,kube-system,local-path-provisioner-5d9d9885bc-p78bz,1.0,13631488
2026-09-16T20:29:55.607113+00:00,kube-system,metrics-server-75dc6f8d87-777bz,86.0,311427072
2026-09-16T20:29:55.607113+00:00,kube-system,svclb-traefik-cdc99fe8-dd4hl,0.0,0
2026-09-16T20:29:55.607113+00:00,kube-system,traefik-9bcdbbd9-6hsgh,21.0,136314880
2026-09-16T20:29:55.607113+00:00,pyroscope,pyroscope-0,10.0,130023424
2026-09-16T20:29:55.607113+00:00,pyroscope,pyroscope-alloy-0,236.0,746586112
2026-09-16T20:30:26.853332+00:00,grove-system,grove-operator-5bd8db875b-bhlrz,15.0,697303040
2026-09-16T20:30:26.853332+00:00,kai-scheduler,admission-86666f457d-bwph8,1.0,16777216
2026-09-16T20:30:26.853332+00:00,kai-scheduler,kai-operator-69b5d7bcf7-bvhpv,1.0,98566144
2026-09-16T20:30:26.853332+00:00,kai-scheduler,pod-grouper-65456f756-ck9lt,1.0,11534336
2026-09-16T20:30:26.853332+00:00,kai-scheduler,podgroup-controller-68f9cc8dbf-phtdb,1.0,13631488
2026-09-16T20:30:26.853332+00:00,kai-scheduler,queue-controller-f86fcd76c-mr7t8,1.0,11534336
2026-09-16T20:30:26.853332+00:00,kube-system,coredns-8db54c48d-fx77w,2.0,53477376
2026-09-16T20:30:26.853332+00:00,kube-system,kwok-controller-5cf8c7c44b-rpchk,178.0,88080384
2026-09-16T20:30:26.853332+00:00,kube-system,local-path-provisioner-5d9d9885bc-p78bz,1.0,13631488
2026-09-16T20:30:26.853332+00:00,kube-system,metrics-server-75dc6f8d87-777bz,25.0,316669952
2026-09-16T20:30:26.853332+00:00,kube-system,svclb-traefik-cdc99fe8-dd4hl,0.0,0
2026-09-16T20:30:26.853332+00:00,kube-system,traefik-9bcdbbd9-6hsgh,8.0,137363456
2026-09-16T20:30:26.853332+00:00,pyroscope,pyroscope-0,15.0,135266304
2026-09-16T20:30:26.853332+00:00,pyroscope,pyroscope-alloy-0,26.0,787480576
2026-09-16T20:30:58.097625+00:00,grove-system,grove-operator-5bd8db875b-bhlrz,73.0,701497344
2026-09-16T20:30:58.097625+00:00,kai-scheduler,admission-86666f457d-bwph8,1.0,16777216
2026-09-16T20:30:58.097625+00:00,kai-scheduler,kai-operator-69b5d7bcf7-bvhpv,2.0,98566144
2026-09-16T20:30:58.097625+00:00,kai-scheduler,pod-grouper-65456f756-ck9lt,1.0,11534336
2026-09-16T20:30:58.097625+00:00,kai-scheduler,podgroup-controller-68f9cc8dbf-phtdb,1.0,13631488
2026-09-16T20:30:58.097625+00:00,kai-scheduler,queue-controller-f86fcd76c-mr7t8,1.0,11534336
2026-09-16T20:30:58.097625+00:00,kube-system,coredns-8db54c48d-fx77w,2.0,53477376
2026-09-16T20:30:58.097625+00:00,kube-system,kwok-controller-5cf8c7c44b-rpchk,70.0,88080384
2026-09-16T20:30:58.097625+00:00,kube-system,local-path-provisioner-5d9d9885bc-p78bz,1.0,13631488
2026-09-16T20:30:58.097625+00:00,kube-system,metrics-server-75dc6f8d87-777bz,27.0,315621376
2026-09-16T20:30:58.097625+00:00,kube-system,svclb-traefik-cdc99fe8-dd4hl,0.0,0
2026-09-16T20:30:58.097625+00:00,kube-system,traefik-9bcdbbd9-6hsgh,2.0,137363456
2026-09-16T20:30:58.097625+00:00,pyroscope,pyroscope-0,6.0,144703488
2026-09-16T20:30:58.097625+00:00,pyroscope,pyroscope-alloy-0,5.0,787480576
2026-09-16T20:31:29.343883+00:00,grove-system,grove-operator-5bd8db875b-bhlrz,71.0,715128832
2026-09-16T20:31:29.343883+00:00,kai-scheduler,admission-86666f457d-bwph8,1.0,16777216
2026-09-16T20:31:29.343883+00:00,kai-scheduler,binder-869fc94c7-qhm2z,100.0,188743680
2026-09-16T20:31:29.343883+00:00,kai-scheduler,kai-operator-69b5d7bcf7-bvhpv,5.0,90177536
2026-09-16T20:31:29.343883+00:00,kai-scheduler,pod-grouper-65456f756-ck9lt,1.0,11534336
2026-09-16T20:31:29.343883+00:00,kai-scheduler,podgroup-controller-68f9cc8dbf-phtdb,1.0,13631488
2026-09-16T20:31:29.343883+00:00,kai-scheduler,queue-controller-f86fcd76c-mr7t8,1.0,11534336
2026-09-16T20:31:29.343883+00:00,kube-system,coredns-8db54c48d-fx77w,2.0,52428800
2026-09-16T20:31:29.343883+00:00,kube-system,kwok-controller-5cf8c7c44b-rpchk,89.0,87031808
2026-09-16T20:31:29.343883+00:00,kube-system,local-path-provisioner-5d9d9885bc-p78bz,1.0,13631488
2026-09-16T20:31:29.343883+00:00,kube-system,metrics-server-75dc6f8d87-777bz,32.0,333447168
2026-09-16T20:31:29.343883+00:00,kube-system,svclb-traefik-cdc99fe8-dd4hl,0.0,0
2026-09-16T20:31:29.343883+00:00,kube-system,traefik-9bcdbbd9-6hsgh,2.0,137363456
2026-09-16T20:31:29.343883+00:00,pyroscope,pyroscope-0,5.0,137363456
2026-09-16T20:31:29.343883+00:00,pyroscope,pyroscope-alloy-0,52.0,788529152
2026-09-16T20:32:00.593252+00:00,grove-system,grove-operator-5bd8db875b-bhlrz,75.0,717225984
2026-09-16T20:32:00.593252+00:00,kai-scheduler,admission-86666f457d-bwph8,1.0,16777216
2026-09-16T20:32:00.593252+00:00,kai-scheduler,kai-operator-69b5d7bcf7-bvhpv,2.0,94371840
2026-09-16T20:32:00.593252+00:00,kai-scheduler,pod-grouper-65456f756-ck9lt,1.0,11534336
2026-09-16T20:32:00.593252+00:00,kai-scheduler,podgroup-controller-68f9cc8dbf-phtdb,1.0,13631488
2026-09-16T20:32:00.593252+00:00,kai-scheduler,queue-controller-f86fcd76c-mr7t8,1.0,11534336
2026-09-16T20:32:00.593252+00:00,kube-system,coredns-8db54c48d-fx77w,2.0,53477376
2026-09-16T20:32:00.593252+00:00,kube-system,kwok-controller-5cf8c7c44b-rpchk,85.0,88080384
2026-09-16T20:32:00.593252+00:00,kube-system,local-path-provisioner-5d9d9885bc-p78bz,1.0,13631488
2026-09-16T20:32:00.593252+00:00,kube-system,metrics-server-75dc6f8d87-777bz,23.0,348127232
2026-09-16T20:32:00.593252+00:00,kube-system,svclb-traefik-cdc99fe8-dd4hl,0.0,0
2026-09-16T20:32:00.593252+00:00,kube-system,traefik-9bcdbbd9-6hsgh,4.0,118489088
2026-09-16T20:32:00.593252+00:00,pyroscope,pyroscope-0,6.0,128974848
2026-09-16T20:32:00.593252+00:00,pyroscope,pyroscope-alloy-0,6.0,800063488
2026-09-16T20:32:31.854472+00:00,grove-system,grove-operator-5bd8db875b-bhlrz,102.0,718274560
2026-09-16T20:32:31.854472+00:00,kai-scheduler,admission-86666f457d-bwph8,1.0,16777216
2026-09-16T20:32:31.854472+00:00,kai-scheduler,kai-operator-69b5d7bcf7-bvhpv,1.0,93323264
2026-09-16T20:32:31.854472+00:00,kai-scheduler,pod-grouper-65456f756-ck9lt,1.0,11534336
2026-09-16T20:32:31.854472+00:00,kai-scheduler,podgroup-controller-68f9cc8dbf-phtdb,1.0,13631488
2026-09-16T20:32:31.854472+00:00,kai-scheduler,queue-controller-f86fcd76c-mr7t8,1.0,11534336
2026-09-16T20:32:31.854472+00:00,kube-system,coredns-8db54c48d-fx77w,2.0,51380224
2026-09-16T20:32:31.854472+00:00,kube-system,kwok-controller-5cf8c7c44b-rpchk,98.0,90177536
2026-09-16T20:32:31.854472+00:00,kube-system,local-path-provisioner-5d9d9885bc-p78bz,1.0,14680064
2026-09-16T20:32:31.854472+00:00,kube-system,metrics-server-75dc6f8d87-777bz,32.0,348127232
2026-09-16T20:32:31.854472+00:00,kube-system,svclb-traefik-cdc99fe8-dd4hl,0.0,0
2026-09-16T20:32:31.854472+00:00,kube-system,traefik-9bcdbbd9-6hsgh,2.0,118489088
2026-09-16T20:32:31.854472+00:00,pyroscope,pyroscope-0,6.0,127926272
2026-09-16T20:32:31.854472+00:00,pyroscope,pyroscope-alloy-0,9.0,801112064
2026-09-16T20:33:03.101255+00:00,grove-system,grove-operator-5bd8db875b-bhlrz,102.0,721420288
2026-09-16T20:33:03.101255+00:00,kai-scheduler,admission-86666f457d-bwph8,1.0,16777216
2026-09-16T20:33:03.101255+00:00,kai-scheduler,kai-operator-69b5d7bcf7-bvhpv,1.0,93323264
2026-09-16T20:33:03.101255+00:00,kai-scheduler,pod-grouper-65456f756-ck9lt,1.0,11534336
2026-09-16T20:33:03.101255+00:00,kai-scheduler,podgroup-controller-68f9cc8dbf-phtdb,1.0,13631488
2026-09-16T20:33:03.101255+00:00,kai-scheduler,queue-controller-f86fcd76c-mr7t8,1.0,11534336
2026-09-16T20:33:03.101255+00:00,kube-system,coredns-8db54c48d-fx77w,3.0,51380224
2026-09-16T20:33:03.101255+00:00,kube-system,kwok-controller-5cf8c7c44b-rpchk,77.0,88080384
2026-09-16T20:33:03.101255+00:00,kube-system,local-path-provisioner-5d9d9885bc-p78bz,1.0,13631488
2026-09-16T20:33:03.101255+00:00,kube-system,metrics-server-75dc6f8d87-777bz,24.0,344981504
2026-09-16T20:33:03.101255+00:00,kube-system,svclb-traefik-cdc99fe8-dd4hl,0.0,0
2026-09-16T20:33:03.101255+00:00,kube-system,traefik-9bcdbbd9-6hsgh,2.0,118489088
2026-09-16T20:33:03.101255+00:00,pyroscope,pyroscope-0,6.0,132120576
2026-09-16T20:33:03.101255+00:00,pyroscope,pyroscope-alloy-0,31.0,801112064
2026-09-16T20:33:34.348100+00:00,grove-system,grove-operator-5bd8db875b-bhlrz,77.0,720371712
2026-09-16T20:33:34.348100+00:00,kai-scheduler,admission-86666f457d-bwph8,1.0,16777216
2026-09-16T20:33:34.348100+00:00,kai-scheduler,kai-operator-69b5d7bcf7-bvhpv,1.0,87031808
2026-09-16T20:33:34.348100+00:00,kai-scheduler,pod-grouper-65456f756-ck9lt,1.0,11534336
2026-09-16T20:33:34.348100+00:00,kai-scheduler,podgroup-controller-68f9cc8dbf-phtdb,1.0,13631488
2026-09-16T20:33:34.348100+00:00,kai-scheduler,queue-controller-f86fcd76c-mr7t8,1.0,11534336
2026-09-16T20:33:34.348100+00:00,kube-system,coredns-8db54c48d-fx77w,3.0,52428800
2026-09-16T20:33:34.348100+00:00,kube-system,kwok-controller-5cf8c7c44b-rpchk,71.0,89128960
2026-09-16T20:33:34.348100+00:00,kube-system,local-path-provisioner-5d9d9885bc-p78bz,1.0,13631488
2026-09-16T20:33:34.348100+00:00,kube-system,metrics-server-75dc6f8d87-777bz,35.0,346030080
2026-09-16T20:33:34.348100+00:00,kube-system,svclb-traefik-cdc99fe8-dd4hl,0.0,0
2026-09-16T20:33:34.348100+00:00,kube-system,traefik-9bcdbbd9-6hsgh,2.0,118489088
2026-09-16T20:33:34.348100+00:00,pyroscope,pyroscope-0,5.0,134217728
2026-09-16T20:33:34.348100+00:00,pyroscope,pyroscope-alloy-0,6.0,801112064
2026-09-16T20:34:05.590411+00:00,grove-system,grove-operator-5bd8db875b-bhlrz,73.0,717225984
2026-09-16T20:34:05.590411+00:00,kai-scheduler,admission-86666f457d-bwph8,1.0,16777216
2026-09-16T20:34:05.590411+00:00,kai-scheduler,kai-operator-69b5d7bcf7-bvhpv,1.0,87031808
2026-09-16T20:34:05.590411+00:00,kai-scheduler,pod-grouper-65456f756-ck9lt,1.0,11534336
2026-09-16T20:34:05.590411+00:00,kai-scheduler,podgroup-controller-68f9cc8dbf-phtdb,1.0,13631488
2026-09-16T20:34:05.590411+00:00,kai-scheduler,queue-controller-f86fcd76c-mr7t8,1.0,11534336
2026-09-16T20:34:05.590411+00:00,kube-system,coredns-8db54c48d-fx77w,2.0,52428800
2026-09-16T20:34:05.590411+00:00,kube-system,kwok-controller-5cf8c7c44b-rpchk,83.0,87031808
2026-09-16T20:34:05.590411+00:00,kube-system,local-path-provisioner-5d9d9885bc-p78bz,1.0,13631488
2026-09-16T20:34:05.590411+00:00,kube-system,metrics-server-75dc6f8d87-777bz,29.0,347078656
2026-09-16T20:34:05.590411+00:00,kube-system,svclb-traefik-cdc99fe8-dd4hl,0.0,0
2026-09-16T20:34:05.590411+00:00,kube-system,traefik-9bcdbbd9-6hsgh,2.0,121634816
2026-09-16T20:34:05.590411+00:00,pyroscope,pyroscope-0,6.0,134217728
2026-09-16T20:34:05.590411+00:00,pyroscope,pyroscope-alloy-0,6.0,801112064
2026-09-16T20:34:36.834774+00:00,grove-system,grove-operator-5bd8db875b-bhlrz,42.0,711983104
2026-09-16T20:34:36.834774+00:00,kai-scheduler,admission-86666f457d-bwph8,1.0,16777216
2026-09-16T20:34:36.834774+00:00,kai-scheduler,kai-operator-69b5d7bcf7-bvhpv,3.0,87031808
2026-09-16T20:34:36.834774+00:00,kai-scheduler,pod-grouper-65456f756-ck9lt,1.0,11534336
2026-09-16T20:34:36.834774+00:00,kai-scheduler,podgroup-controller-68f9cc8dbf-phtdb,1.0,13631488
2026-09-16T20:34:36.834774+00:00,kai-scheduler,queue-controller-f86fcd76c-mr7t8,1.0,11534336
2026-09-16T20:34:36.834774+00:00,kube-system,coredns-8db54c48d-fx77w,3.0,46137344
2026-09-16T20:34:36.834774+00:00,kube-system,kwok-controller-5cf8c7c44b-rpchk,122.0,87031808
2026-09-16T20:34:36.834774+00:00,kube-system,local-path-provisioner-5d9d9885bc-p78bz,1.0,13631488
2026-09-16T20:34:36.834774+00:00,kube-system,metrics-server-75dc6f8d87-777bz,42.0,348127232
2026-09-16T20:34:36.834774+00:00,kube-system,svclb-traefik-cdc99fe8-dd4hl,0.0,0
2026-09-16T20:34:36.834774+00:00,kube-system,traefik-9bcdbbd9-6hsgh,1.0,119537664
2026-09-16T20:34:36.834774+00:00,pyroscope,pyroscope-0,5.0,131072000
2026-09-16T20:34:36.834774+00:00,pyroscope,pyroscope-alloy-0,200.0,808452096
2026-09-16T20:35:08.085161+00:00,grove-system,grove-operator-5bd8db875b-bhlrz,27.0,713031680
2026-09-16T20:35:08.085161+00:00,kai-scheduler,admission-86666f457d-bwph8,1.0,16777216
2026-09-16T20:35:08.085161+00:00,kai-scheduler,kai-operator-69b5d7bcf7-bvhpv,1.0,87031808
2026-09-16T20:35:08.085161+00:00,kai-scheduler,pod-grouper-65456f756-ck9lt,1.0,11534336
2026-09-16T20:35:08.085161+00:00,kai-scheduler,podgroup-controller-68f9cc8dbf-phtdb,1.0,13631488
2026-09-16T20:35:08.085161+00:00,kai-scheduler,queue-controller-f86fcd76c-mr7t8,1.0,11534336
2026-09-16T20:35:08.085161+00:00,kube-system,coredns-8db54c48d-fx77w,2.0,46137344
2026-09-16T20:35:08.085161+00:00,kube-system,kwok-controller-5cf8c7c44b-rpchk,130.0,87031808
2026-09-16T20:35:08.085161+00:00,kube-system,local-path-provisioner-5d9d9885bc-p78bz,1.0,13631488
2026-09-16T20:35:08.085161+00:00,kube-system,metrics-server-75dc6f8d87-777bz,58.0,351272960
2026-09-16T20:35:08.085161+00:00,kube-system,svclb-traefik-cdc99fe8-dd4hl,0.0,0
2026-09-16T20:35:08.085161+00:00,kube-system,traefik-9bcdbbd9-6hsgh,1.0,120586240
2026-09-16T20:35:08.085161+00:00,pyroscope,pyroscope-0,5.0,132120576
2026-09-16T20:35:08.085161+00:00,pyroscope,pyroscope-alloy-0,143.0,790626304
2026-09-16T20:35:39.338129+00:00,grove-system,grove-operator-5bd8db875b-bhlrz,29.0,700448768
2026-09-16T20:35:39.338129+00:00,kai-scheduler,admission-86666f457d-bwph8,1.0,16777216
2026-09-16T20:35:39.338129+00:00,kai-scheduler,kai-operator-69b5d7bcf7-bvhpv,1.0,87031808
2026-09-16T20:35:39.338129+00:00,kai-scheduler,pod-grouper-65456f756-ck9lt,1.0,11534336
2026-09-16T20:35:39.338129+00:00,kai-scheduler,podgroup-controller-68f9cc8dbf-phtdb,1.0,13631488
2026-09-16T20:35:39.338129+00:00,kai-scheduler,queue-controller-f86fcd76c-mr7t8,1.0,11534336
2026-09-16T20:35:39.338129+00:00,kube-system,coredns-8db54c48d-fx77w,2.0,45088768
2026-09-16T20:35:39.338129+00:00,kube-system,kwok-controller-5cf8c7c44b-rpchk,136.0,87031808
2026-09-16T20:35:39.338129+00:00,kube-system,local-path-provisioner-5d9d9885bc-p78bz,1.0,13631488
2026-09-16T20:35:39.338129+00:00,kube-system,metrics-server-75dc6f8d87-777bz,52.0,349175808
2026-09-16T20:35:39.338129+00:00,kube-system,svclb-traefik-cdc99fe8-dd4hl,0.0,0
2026-09-16T20:35:39.338129+00:00,kube-system,traefik-9bcdbbd9-6hsgh,1.0,119537664
2026-09-16T20:35:39.338129+00:00,pyroscope,pyroscope-0,7.0,133169152
2026-09-16T20:35:39.338129+00:00,pyroscope,pyroscope-alloy-0,198.0,764411904
2026-09-16T20:36:10.586785+00:00,grove-system,grove-operator-5bd8db875b-bhlrz,28.0,700448768
2026-09-16T20:36:10.586785+00:00,kai-scheduler,admission-86666f457d-bwph8,1.0,16777216
2026-09-16T20:36:10.586785+00:00,kai-scheduler,kai-operator-69b5d7bcf7-bvhpv,1.0,87031808
2026-09-16T20:36:10.586785+00:00,kai-scheduler,pod-grouper-65456f756-ck9lt,1.0,11534336
2026-09-16T20:36:10.586785+00:00,kai-scheduler,podgroup-controller-68f9cc8dbf-phtdb,1.0,13631488
2026-09-16T20:36:10.586785+00:00,kai-scheduler,queue-controller-f86fcd76c-mr7t8,1.0,11534336
2026-09-16T20:36:10.586785+00:00,kube-system,coredns-8db54c48d-fx77w,2.0,45088768
2026-09-16T20:36:10.586785+00:00,kube-system,kwok-controller-5cf8c7c44b-rpchk,151.0,88080384
2026-09-16T20:36:10.586785+00:00,kube-system,local-path-provisioner-5d9d9885bc-p78bz,1.0,13631488
2026-09-16T20:36:10.586785+00:00,kube-system,metrics-server-75dc6f8d87-777bz,51.0,350224384
2026-09-16T20:36:10.586785+00:00,kube-system,svclb-traefik-cdc99fe8-dd4hl,0.0,0
2026-09-16T20:36:10.586785+00:00,kube-system,traefik-9bcdbbd9-6hsgh,3.0,101711872
2026-09-16T20:36:10.586785+00:00,pyroscope,pyroscope-0,5.0,133169152
2026-09-16T20:36:10.586785+00:00,pyroscope,pyroscope-alloy-0,180.0,767557632
2026-09-16T20:36:41.833674+00:00,grove-system,grove-operator-5bd8db875b-bhlrz,27.0,697303040
2026-09-16T20:36:41.833674+00:00,kai-scheduler,admission-86666f457d-bwph8,1.0,16777216
2026-09-16T20:36:41.833674+00:00,kai-scheduler,kai-operator-69b5d7bcf7-bvhpv,1.0,87031808
2026-09-16T20:36:41.833674+00:00,kai-scheduler,pod-grouper-65456f756-ck9lt,1.0,11534336
2026-09-16T20:36:41.833674+00:00,kai-scheduler,podgroup-controller-68f9cc8dbf-phtdb,1.0,13631488
2026-09-16T20:36:41.833674+00:00,kai-scheduler,queue-controller-f86fcd76c-mr7t8,1.0,11534336
2026-09-16T20:36:41.833674+00:00,kube-system,coredns-8db54c48d-fx77w,3.0,39845888
2026-09-16T20:36:41.833674+00:00,kube-system,kwok-controller-5cf8c7c44b-rpchk,131.0,88080384
2026-09-16T20:36:41.833674+00:00,kube-system,local-path-provisioner-5d9d9885bc-p78bz,1.0,13631488
2026-09-16T20:36:41.833674+00:00,kube-system,metrics-server-75dc6f8d87-777bz,47.0,350224384
2026-09-16T20:36:41.833674+00:00,kube-system,svclb-traefik-cdc99fe8-dd4hl,0.0,0
2026-09-16T20:36:41.833674+00:00,kube-system,traefik-9bcdbbd9-6hsgh,1.0,101711872
2026-09-16T20:36:41.833674+00:00,pyroscope,pyroscope-0,6.0,134217728
2026-09-16T20:36:41.833674+00:00,pyroscope,pyroscope-alloy-0,146.0,764411904
2026-09-16T20:37:13.084713+00:00,grove-system,grove-operator-5bd8db875b-bhlrz,28.0,696254464
2026-09-16T20:37:13.084713+00:00,kai-scheduler,admission-86666f457d-bwph8,1.0,16777216
2026-09-16T20:37:13.084713+00:00,kai-scheduler,kai-operator-69b5d7bcf7-bvhpv,3.0,87031808
2026-09-16T20:37:13.084713+00:00,kai-scheduler,pod-grouper-65456f756-ck9lt,1.0,11534336
2026-09-16T20:37:13.084713+00:00,kai-scheduler,podgroup-controller-68f9cc8dbf-phtdb,1.0,13631488
2026-09-16T20:37:13.084713+00:00,kai-scheduler,queue-controller-f86fcd76c-mr7t8,1.0,11534336
2026-09-16T20:37:13.084713+00:00,kube-system,coredns-8db54c48d-fx77w,2.0,41943040
2026-09-16T20:37:13.084713+00:00,kube-system,kwok-controller-5cf8c7c44b-rpchk,149.0,88080384
2026-09-16T20:37:13.084713+00:00,kube-system,local-path-provisioner-5d9d9885bc-p78bz,1.0,13631488
2026-09-16T20:37:13.084713+00:00,kube-system,metrics-server-75dc6f8d87-777bz,54.0,351272960
2026-09-16T20:37:13.084713+00:00,kube-system,svclb-traefik-cdc99fe8-dd4hl,0.0,0
2026-09-16T20:37:13.084713+00:00,kube-system,traefik-9bcdbbd9-6hsgh,1.0,101711872
2026-09-16T20:37:13.084713+00:00,pyroscope,pyroscope-0,5.0,134217728
2026-09-16T20:37:13.084713+00:00,pyroscope,pyroscope-alloy-0,168.0,737148928
2026-09-16T20:37:44.338421+00:00,grove-system,grove-operator-5bd8db875b-bhlrz,27.0,686817280
2026-09-16T20:37:44.338421+00:00,kai-scheduler,admission-86666f457d-bwph8,1.0,16777216
2026-09-16T20:37:44.338421+00:00,kai-scheduler,kai-operator-69b5d7bcf7-bvhpv,1.0,87031808
2026-09-16T20:37:44.338421+00:00,kai-scheduler,pod-grouper-65456f756-ck9lt,1.0,11534336
2026-09-16T20:37:44.338421+00:00,kai-scheduler,podgroup-controller-68f9cc8dbf-phtdb,1.0,13631488
2026-09-16T20:37:44.338421+00:00,kai-scheduler,queue-controller-f86fcd76c-mr7t8,1.0,11534336
2026-09-16T20:37:44.338421+00:00,kube-system,coredns-8db54c48d-fx77w,2.0,40894464
2026-09-16T20:37:44.338421+00:00,kube-system,kwok-controller-5cf8c7c44b-rpchk,134.0,80740352
2026-09-16T20:37:44.338421+00:00,kube-system,local-path-provisioner-5d9d9885bc-p78bz,1.0,13631488
2026-09-16T20:37:44.338421+00:00,kube-system,metrics-server-75dc6f8d87-777bz,40.0,344981504
2026-09-16T20:37:44.338421+00:00,kube-system,svclb-traefik-cdc99fe8-dd4hl,0.0,0
2026-09-16T20:37:44.338421+00:00,kube-system,traefik-9bcdbbd9-6hsgh,1.0,101711872
2026-09-16T20:37:44.338421+00:00,pyroscope,pyroscope-0,5.0,134217728
2026-09-16T20:37:44.338421+00:00,pyroscope,pyroscope-alloy-0,164.0,747634688
2026-09-16T20:38:15.595510+00:00,grove-system,grove-operator-5bd8db875b-bhlrz,28.0,675282944
2026-09-16T20:38:15.595510+00:00,kai-scheduler,admission-86666f457d-bwph8,1.0,16777216
2026-09-16T20:38:15.595510+00:00,kai-scheduler,kai-operator-69b5d7bcf7-bvhpv,1.0,87031808
2026-09-16T20:38:15.595510+00:00,kai-scheduler,pod-grouper-65456f756-ck9lt,1.0,11534336
2026-09-16T20:38:15.595510+00:00,kai-scheduler,podgroup-controller-68f9cc8dbf-phtdb,1.0,13631488
2026-09-16T20:38:15.595510+00:00,kai-scheduler,queue-controller-f86fcd76c-mr7t8,1.0,11534336
2026-09-16T20:38:15.595510+00:00,kube-system,coredns-8db54c48d-fx77w,2.0,41943040
2026-09-16T20:38:15.595510+00:00,kube-system,kwok-controller-5cf8c7c44b-rpchk,139.0,80740352
2026-09-16T20:38:15.595510+00:00,kube-system,local-path-provisioner-5d9d9885bc-p78bz,1.0,13631488
2026-09-16T20:38:15.595510+00:00,kube-system,metrics-server-75dc6f8d87-777bz,45.0,336592896
2026-09-16T20:38:15.595510+00:00,kube-system,svclb-traefik-cdc99fe8-dd4hl,0.0,0
2026-09-16T20:38:15.595510+00:00,kube-system,traefik-9bcdbbd9-6hsgh,1.0,98566144
2026-09-16T20:38:15.595510+00:00,pyroscope,pyroscope-0,6.0,134217728
2026-09-16T20:38:15.595510+00:00,pyroscope,pyroscope-alloy-0,163.0,720371712
2026-09-16T20:38:46.839723+00:00,grove-system,grove-operator-5bd8db875b-bhlrz,28.0,665845760
2026-09-16T20:38:46.839723+00:00,kai-scheduler,admission-86666f457d-bwph8,1.0,16777216
2026-09-16T20:38:46.839723+00:00,kai-scheduler,kai-operator-69b5d7bcf7-bvhpv,1.0,87031808
2026-09-16T20:38:46.839723+00:00,kai-scheduler,pod-grouper-65456f756-ck9lt,1.0,11534336
2026-09-16T20:38:46.839723+00:00,kai-scheduler,podgroup-controller-68f9cc8dbf-phtdb,1.0,13631488
2026-09-16T20:38:46.839723+00:00,kai-scheduler,queue-controller-f86fcd76c-mr7t8,1.0,11534336
2026-09-16T20:38:46.839723+00:00,kube-system,coredns-8db54c48d-fx77w,2.0,41943040
2026-09-16T20:38:46.839723+00:00,kube-system,kwok-controller-5cf8c7c44b-rpchk,145.0,80740352
2026-09-16T20:38:46.839723+00:00,kube-system,local-path-provisioner-5d9d9885bc-p78bz,1.0,15728640
2026-09-16T20:38:46.839723+00:00,kube-system,metrics-server-75dc6f8d87-777bz,48.0,336592896
2026-09-16T20:38:46.839723+00:00,kube-system,svclb-traefik-cdc99fe8-dd4hl,0.0,0
2026-09-16T20:38:46.839723+00:00,kube-system,traefik-9bcdbbd9-6hsgh,1.0,98566144
2026-09-16T20:38:46.839723+00:00,pyroscope,pyroscope-0,6.0,125829120
2026-09-16T20:38:46.839723+00:00,pyroscope,pyroscope-alloy-0,113.0,700448768
2026-09-16T20:39:18.097223+00:00,grove-system,grove-operator-5bd8db875b-bhlrz,38.0,662700032
2026-09-16T20:39:18.097223+00:00,kai-scheduler,admission-86666f457d-bwph8,1.0,16777216
2026-09-16T20:39:18.097223+00:00,kai-scheduler,kai-operator-69b5d7bcf7-bvhpv,1.0,87031808
2026-09-16T20:39:18.097223+00:00,kai-scheduler,pod-grouper-65456f756-ck9lt,1.0,11534336
2026-09-16T20:39:18.097223+00:00,kai-scheduler,podgroup-controller-68f9cc8dbf-phtdb,1.0,13631488
2026-09-16T20:39:18.097223+00:00,kai-scheduler,queue-controller-f86fcd76c-mr7t8,1.0,11534336
2026-09-16T20:39:18.097223+00:00,kube-system,coredns-8db54c48d-fx77w,2.0,41943040
2026-09-16T20:39:18.097223+00:00,kube-system,kwok-controller-5cf8c7c44b-rpchk,129.0,80740352
2026-09-16T20:39:18.097223+00:00,kube-system,local-path-provisioner-5d9d9885bc-p78bz,1.0,15728640
2026-09-16T20:39:18.097223+00:00,kube-system,metrics-server-75dc6f8d87-777bz,49.0,325058560
2026-09-16T20:39:18.097223+00:00,kube-system,svclb-traefik-cdc99fe8-dd4hl,0.0,0
2026-09-16T20:39:18.097223+00:00,kube-system,traefik-9bcdbbd9-6hsgh,1.0,98566144
2026-09-16T20:39:18.097223+00:00,pyroscope,pyroscope-0,5.0,117440512
2026-09-16T20:39:18.097223+00:00,pyroscope,pyroscope-alloy-0,142.0,675282944
2026-09-16T20:39:49.347161+00:00,grove-system,grove-operator-5bd8db875b-bhlrz,27.0,664797184
2026-09-16T20:39:49.347161+00:00,kai-scheduler,admission-86666f457d-bwph8,1.0,16777216
2026-09-16T20:39:49.347161+00:00,kai-scheduler,kai-operator-69b5d7bcf7-bvhpv,1.0,79691776
2026-09-16T20:39:49.347161+00:00,kai-scheduler,kai-scheduler-default-6fb4498964-d92jm,101.0,374341632
2026-09-16T20:39:49.347161+00:00,kai-scheduler,pod-grouper-65456f756-ck9lt,1.0,11534336
2026-09-16T20:39:49.347161+00:00,kai-scheduler,podgroup-controller-68f9cc8dbf-phtdb,1.0,13631488
2026-09-16T20:39:49.347161+00:00,kai-scheduler,queue-controller-f86fcd76c-mr7t8,1.0,11534336
2026-09-16T20:39:49.347161+00:00,kube-system,coredns-8db54c48d-fx77w,2.0,41943040
2026-09-16T20:39:49.347161+00:00,kube-system,kwok-controller-5cf8c7c44b-rpchk,152.0,81788928
2026-09-16T20:39:49.347161+00:00,kube-system,local-path-provisioner-5d9d9885bc-p78bz,1.0,15728640
2026-09-16T20:39:49.347161+00:00,kube-system,metrics-server-75dc6f8d87-777bz,47.0,321912832
2026-09-16T20:39:49.347161+00:00,kube-system,svclb-traefik-cdc99fe8-dd4hl,0.0,0
2026-09-16T20:39:49.347161+00:00,kube-system,traefik-9bcdbbd9-6hsgh,1.0,98566144
2026-09-16T20:39:49.347161+00:00,pyroscope,pyroscope-0,5.0,115343360
2026-09-16T20:39:49.347161+00:00,pyroscope,pyroscope-alloy-0,104.0,675282944
2026-09-16T20:40:20.596897+00:00,grove-system,grove-operator-5bd8db875b-bhlrz,28.0,645922816
2026-09-16T20:40:20.596897+00:00,kai-scheduler,admission-86666f457d-bwph8,1.0,16777216
2026-09-16T20:40:20.596897+00:00,kai-scheduler,kai-operator-69b5d7bcf7-bvhpv,1.0,79691776
2026-09-16T20:40:20.596897+00:00,kai-scheduler,kai-scheduler-default-6fb4498964-d92jm,89.0,379584512
2026-09-16T20:40:20.596897+00:00,kai-scheduler,pod-grouper-65456f756-ck9lt,1.0,11534336
2026-09-16T20:40:20.596897+00:00,kai-scheduler,podgroup-controller-68f9cc8dbf-phtdb,1.0,13631488
2026-09-16T20:40:20.596897+00:00,kai-scheduler,queue-controller-f86fcd76c-mr7t8,1.0,11534336
2026-09-16T20:40:20.596897+00:00,kube-system,coredns-8db54c48d-fx77w,2.0,40894464
2026-09-16T20:40:20.596897+00:00,kube-system,kwok-controller-5cf8c7c44b-rpchk,136.0,80740352
2026-09-16T20:40:20.596897+00:00,kube-system,local-path-provisioner-5d9d9885bc-p78bz,1.0,15728640
2026-09-16T20:40:20.596897+00:00,kube-system,metrics-server-75dc6f8d87-777bz,49.0,322961408
2026-09-16T20:40:20.596897+00:00,kube-system,svclb-traefik-cdc99fe8-dd4hl,0.0,0
2026-09-16T20:40:20.596897+00:00,kube-system,traefik-9bcdbbd9-6hsgh,3.0,98566144
2026-09-16T20:40:20.596897+00:00,pyroscope,pyroscope-0,7.0,116391936
2026-09-16T20:40:20.596897+00:00,pyroscope,pyroscope-alloy-0,129.0,651165696
2026-09-16T20:40:51.847241+00:00,grove-system,grove-operator-5bd8db875b-bhlrz,28.0,648019968
2026-09-16T20:40:51.847241+00:00,kai-scheduler,admission-86666f457d-bwph8,1.0,16777216
2026-09-16T20:40:51.847241+00:00,kai-scheduler,kai-operator-69b5d7bcf7-bvhpv,1.0,79691776
2026-09-16T20:40:51.847241+00:00,kai-scheduler,kai-scheduler-default-6fb4498964-d92jm,89.0,377487360
2026-09-16T20:40:51.847241+00:00,kai-scheduler,pod-grouper-65456f756-ck9lt,1.0,11534336
2026-09-16T20:40:51.847241+00:00,kai-scheduler,podgroup-controller-68f9cc8dbf-phtdb,1.0,13631488
2026-09-16T20:40:51.847241+00:00,kai-scheduler,queue-controller-f86fcd76c-mr7t8,1.0,11534336
2026-09-16T20:40:51.847241+00:00,kube-system,coredns-8db54c48d-fx77w,3.0,41943040
2026-09-16T20:40:51.847241+00:00,kube-system,kwok-controller-5cf8c7c44b-rpchk,162.0,81788928
2026-09-16T20:40:51.847241+00:00,kube-system,local-path-provisioner-5d9d9885bc-p78bz,1.0,15728640
2026-09-16T20:40:51.847241+00:00,kube-system,metrics-server-75dc6f8d87-777bz,54.0,310378496
2026-09-16T20:40:51.847241+00:00,kube-system,svclb-traefik-cdc99fe8-dd4hl,0.0,0
2026-09-16T20:40:51.847241+00:00,kube-system,traefik-9bcdbbd9-6hsgh,1.0,98566144
2026-09-16T20:40:51.847241+00:00,pyroscope,pyroscope-0,5.0,116391936
2026-09-16T20:40:51.847241+00:00,pyroscope,pyroscope-alloy-0,97.0,617611264
2026-09-16T20:41:23.096496+00:00,grove-system,grove-operator-5bd8db875b-bhlrz,29.0,634388480
2026-09-16T20:41:23.096496+00:00,kai-scheduler,admission-86666f457d-bwph8,1.0,16777216
2026-09-16T20:41:23.096496+00:00,kai-scheduler,kai-operator-69b5d7bcf7-bvhpv,1.0,79691776
2026-09-16T20:41:23.096496+00:00,kai-scheduler,kai-scheduler-default-6fb4498964-d92jm,83.0,310378496
2026-09-16T20:41:23.096496+00:00,kai-scheduler,pod-grouper-65456f756-ck9lt,1.0,11534336
2026-09-16T20:41:23.096496+00:00,kai-scheduler,podgroup-controller-68f9cc8dbf-phtdb,1.0,13631488
2026-09-16T20:41:23.096496+00:00,kai-scheduler,queue-controller-f86fcd76c-mr7t8,1.0,11534336
2026-09-16T20:41:23.096496+00:00,kube-system,coredns-8db54c48d-fx77w,2.0,41943040
2026-09-16T20:41:23.096496+00:00,kube-system,kwok-controller-5cf8c7c44b-rpchk,136.0,80740352
2026-09-16T20:41:23.096496+00:00,kube-system,local-path-provisioner-5d9d9885bc-p78bz,1.0,15728640
2026-09-16T20:41:23.096496+00:00,kube-system,metrics-server-75dc6f8d87-777bz,57.0,311427072
2026-09-16T20:41:23.096496+00:00,kube-system,svclb-traefik-cdc99fe8-dd4hl,0.0,0
2026-09-16T20:41:23.096496+00:00,kube-system,traefik-9bcdbbd9-6hsgh,1.0,98566144
2026-09-16T20:41:23.096496+00:00,pyroscope,pyroscope-0,6.0,115343360
2026-09-16T20:41:23.096496+00:00,pyroscope,pyroscope-alloy-0,97.0,620756992
2026-09-16T20:41:54.344835+00:00,grove-system,grove-operator-5bd8db875b-bhlrz,40.0,630194176
2026-09-16T20:41:54.344835+00:00,kai-scheduler,admission-86666f457d-bwph8,1.0,16777216
2026-09-16T20:41:54.344835+00:00,kai-scheduler,kai-operator-69b5d7bcf7-bvhpv,1.0,79691776
2026-09-16T20:41:54.344835+00:00,kai-scheduler,kai-scheduler-default-6fb4498964-d92jm,75.0,337641472
2026-09-16T20:41:54.344835+00:00,kai-scheduler,pod-grouper-65456f756-ck9lt,1.0,11534336
2026-09-16T20:41:54.344835+00:00,kai-scheduler,podgroup-controller-68f9cc8dbf-phtdb,1.0,13631488
2026-09-16T20:41:54.344835+00:00,kai-scheduler,queue-controller-f86fcd76c-mr7t8,1.0,11534336
2026-09-16T20:41:54.344835+00:00,kube-system,coredns-8db54c48d-fx77w,2.0,41943040
2026-09-16T20:41:54.344835+00:00,kube-system,kwok-controller-5cf8c7c44b-rpchk,138.0,79691776
2026-09-16T20:41:54.344835+00:00,kube-system,local-path-provisioner-5d9d9885bc-p78bz,1.0,15728640
2026-09-16T20:41:54.344835+00:00,kube-system,metrics-server-75dc6f8d87-777bz,47.0,310378496
2026-09-16T20:41:54.344835+00:00,kube-system,svclb-traefik-cdc99fe8-dd4hl,0.0,0
2026-09-16T20:41:54.344835+00:00,kube-system,traefik-9bcdbbd9-6hsgh,1.0,98566144
2026-09-16T20:41:54.344835+00:00,pyroscope,pyroscope-0,5.0,115343360
2026-09-16T20:41:54.344835+00:00,pyroscope,pyroscope-alloy-0,92.0,589299712
2026-09-16T20:42:25.594271+00:00,grove-system,grove-operator-5bd8db875b-bhlrz,30.0,629145600
2026-09-16T20:42:25.594271+00:00,kai-scheduler,admission-86666f457d-bwph8,1.0,16777216
2026-09-16T20:42:25.594271+00:00,kai-scheduler,binder-869fc94c7-qhm2z,88.0,168820736
2026-09-16T20:42:25.594271+00:00,kai-scheduler,kai-operator-69b5d7bcf7-bvhpv,3.0,80740352
2026-09-16T20:42:25.594271+00:00,kai-scheduler,kai-scheduler-default-6fb4498964-d92jm,76.0,306184192
2026-09-16T20:42:25.594271+00:00,kai-scheduler,pod-grouper-65456f756-ck9lt,1.0,11534336
2026-09-16T20:42:25.594271+00:00,kai-scheduler,podgroup-controller-68f9cc8dbf-phtdb,1.0,13631488
2026-09-16T20:42:25.594271+00:00,kai-scheduler,queue-controller-f86fcd76c-mr7t8,1.0,11534336
2026-09-16T20:42:25.594271+00:00,kube-system,coredns-8db54c48d-fx77w,2.0,40894464
2026-09-16T20:42:25.594271+00:00,kube-system,kwok-controller-5cf8c7c44b-rpchk,135.0,80740352
2026-09-16T20:42:25.594271+00:00,kube-system,local-path-provisioner-5d9d9885bc-p78bz,1.0,15728640
2026-09-16T20:42:25.594271+00:00,kube-system,metrics-server-75dc6f8d87-777bz,49.0,305135616
2026-09-16T20:42:25.594271+00:00,kube-system,svclb-traefik-cdc99fe8-dd4hl,0.0,0
2026-09-16T20:42:25.594271+00:00,kube-system,traefik-9bcdbbd9-6hsgh,1.0,97517568
2026-09-16T20:42:25.594271+00:00,pyroscope,pyroscope-0,5.0,116391936
2026-09-16T20:42:25.594271+00:00,pyroscope,pyroscope-alloy-0,69.0,579862528
2026-09-16T20:42:56.836876+00:00,grove-system,grove-operator-5bd8db875b-bhlrz,35.0,603979776
2026-09-16T20:42:56.836876+00:00,kai-scheduler,admission-86666f457d-bwph8,1.0,16777216
2026-09-16T20:42:56.836876+00:00,kai-scheduler,binder-869fc94c7-qhm2z,36.0,176160768
2026-09-16T20:42:56.836876+00:00,kai-scheduler,kai-operator-69b5d7bcf7-bvhpv,1.0,80740352
2026-09-16T20:42:56.836876+00:00,kai-scheduler,kai-scheduler-default-6fb4498964-d92jm,65.0,269484032
2026-09-16T20:42:56.836876+00:00,kai-scheduler,pod-grouper-65456f756-ck9lt,1.0,11534336
2026-09-16T20:42:56.836876+00:00,kai-scheduler,podgroup-controller-68f9cc8dbf-phtdb,1.0,13631488
2026-09-16T20:42:56.836876+00:00,kai-scheduler,queue-controller-f86fcd76c-mr7t8,1.0,11534336
2026-09-16T20:42:56.836876+00:00,kube-system,coredns-8db54c48d-fx77w,2.0,41943040
2026-09-16T20:42:56.836876+00:00,kube-system,kwok-controller-5cf8c7c44b-rpchk,140.0,80740352
2026-09-16T20:42:56.836876+00:00,kube-system,local-path-provisioner-5d9d9885bc-p78bz,1.0,15728640
2026-09-16T20:42:56.836876+00:00,kube-system,metrics-server-75dc6f8d87-777bz,55.0,305135616
2026-09-16T20:42:56.836876+00:00,kube-system,svclb-traefik-cdc99fe8-dd4hl,0.0,0
2026-09-16T20:42:56.836876+00:00,kube-system,traefik-9bcdbbd9-6hsgh,1.0,97517568
2026-09-16T20:42:56.836876+00:00,pyroscope,pyroscope-0,7.0,116391936
2026-09-16T20:42:56.836876+00:00,pyroscope,pyroscope-alloy-0,82.0,513802240
2026-09-16T20:43:28.082113+00:00,grove-system,grove-operator-5bd8db875b-bhlrz,25.0,592445440
2026-09-16T20:43:28.082113+00:00,kai-scheduler,admission-86666f457d-bwph8,1.0,16777216
2026-09-16T20:43:28.082113+00:00,kai-scheduler,binder-869fc94c7-qhm2z,36.0,177209344
2026-09-16T20:43:28.082113+00:00,kai-scheduler,kai-operator-69b5d7bcf7-bvhpv,3.0,80740352
2026-09-16T20:43:28.082113+00:00,kai-scheduler,kai-scheduler-default-6fb4498964-d92jm,63.0,250609664
2026-09-16T20:43:28.082113+00:00,kai-scheduler,pod-grouper-65456f756-ck9lt,1.0,11534336
2026-09-16T20:43:28.082113+00:00,kai-scheduler,podgroup-controller-68f9cc8dbf-phtdb,1.0,13631488
2026-09-16T20:43:28.082113+00:00,kai-scheduler,queue-controller-f86fcd76c-mr7t8,1.0,11534336
2026-09-16T20:43:28.082113+00:00,kube-system,coredns-8db54c48d-fx77w,2.0,40894464
2026-09-16T20:43:28.082113+00:00,kube-system,kwok-controller-5cf8c7c44b-rpchk,134.0,81788928
2026-09-16T20:43:28.082113+00:00,kube-system,local-path-provisioner-5d9d9885bc-p78bz,1.0,15728640
2026-09-16T20:43:28.082113+00:00,kube-system,metrics-server-75dc6f8d87-777bz,49.0,299892736
2026-09-16T20:43:28.082113+00:00,kube-system,svclb-traefik-cdc99fe8-dd4hl,0.0,0
2026-09-16T20:43:28.082113+00:00,kube-system,traefik-9bcdbbd9-6hsgh,1.0,97517568
2026-09-16T20:43:28.082113+00:00,pyroscope,pyroscope-0,6.0,116391936
2026-09-16T20:43:28.082113+00:00,pyroscope,pyroscope-alloy-0,69.0,467664896
2026-09-16T20:43:59.338464+00:00,grove-system,grove-operator-5bd8db875b-bhlrz,37.0,575668224
2026-09-16T20:43:59.338464+00:00,kai-scheduler,admission-86666f457d-bwph8,1.0,16777216
2026-09-16T20:43:59.338464+00:00,kai-scheduler,binder-869fc94c7-qhm2z,34.0,176160768
2026-09-16T20:43:59.338464+00:00,kai-scheduler,kai-operator-69b5d7bcf7-bvhpv,1.0,80740352
2026-09-16T20:43:59.338464+00:00,kai-scheduler,kai-scheduler-default-6fb4498964-d92jm,55.0,268435456
2026-09-16T20:43:59.338464+00:00,kai-scheduler,pod-grouper-65456f756-ck9lt,1.0,11534336
2026-09-16T20:43:59.338464+00:00,kai-scheduler,podgroup-controller-68f9cc8dbf-phtdb,1.0,13631488
2026-09-16T20:43:59.338464+00:00,kai-scheduler,queue-controller-f86fcd76c-mr7t8,1.0,11534336
2026-09-16T20:43:59.338464+00:00,kube-system,coredns-8db54c48d-fx77w,2.0,41943040
2026-09-16T20:43:59.338464+00:00,kube-system,kwok-controller-5cf8c7c44b-rpchk,137.0,81788928
2026-09-16T20:43:59.338464+00:00,kube-system,local-path-provisioner-5d9d9885bc-p78bz,1.0,15728640
2026-09-16T20:43:59.338464+00:00,kube-system,metrics-server-75dc6f8d87-777bz,46.0,289406976
2026-09-16T20:43:59.338464+00:00,kube-system,svclb-traefik-cdc99fe8-dd4hl,0.0,0
2026-09-16T20:43:59.338464+00:00,kube-system,traefik-9bcdbbd9-6hsgh,1.0,97517568
2026-09-16T20:43:59.338464+00:00,pyroscope,pyroscope-0,5.0,116391936
2026-09-16T20:43:59.338464+00:00,pyroscope,pyroscope-alloy-0,55.0,449839104
2026-09-16T20:44:30.582160+00:00,grove-system,grove-operator-5bd8db875b-bhlrz,33.0,556793856
2026-09-16T20:44:30.582160+00:00,kai-scheduler,admission-86666f457d-bwph8,1.0,16777216
2026-09-16T20:44:30.582160+00:00,kai-scheduler,binder-869fc94c7-qhm2z,34.0,176160768
2026-09-16T20:44:30.582160+00:00,kai-scheduler,kai-operator-69b5d7bcf7-bvhpv,1.0,80740352
2026-09-16T20:44:30.582160+00:00,kai-scheduler,kai-scheduler-default-6fb4498964-d92jm,51.0,235929600
2026-09-16T20:44:30.582160+00:00,kai-scheduler,pod-grouper-65456f756-ck9lt,1.0,11534336
2026-09-16T20:44:30.582160+00:00,kai-scheduler,podgroup-controller-68f9cc8dbf-phtdb,1.0,13631488
2026-09-16T20:44:30.582160+00:00,kai-scheduler,queue-controller-f86fcd76c-mr7t8,1.0,11534336
2026-09-16T20:44:30.582160+00:00,kube-system,coredns-8db54c48d-fx77w,2.0,40894464
2026-09-16T20:44:30.582160+00:00,kube-system,kwok-controller-5cf8c7c44b-rpchk,130.0,80740352
2026-09-16T20:44:30.582160+00:00,kube-system,local-path-provisioner-5d9d9885bc-p78bz,1.0,15728640
2026-09-16T20:44:30.582160+00:00,kube-system,metrics-server-75dc6f8d87-777bz,47.0,290455552
2026-09-16T20:44:30.582160+00:00,kube-system,svclb-traefik-cdc99fe8-dd4hl,0.0,0
2026-09-16T20:44:30.582160+00:00,kube-system,traefik-9bcdbbd9-6hsgh,1.0,97517568
2026-09-16T20:44:30.582160+00:00,pyroscope,pyroscope-0,5.0,117440512
2026-09-16T20:44:30.582160+00:00,pyroscope,pyroscope-alloy-0,51.0,428867584
2026-09-16T20:45:01.828582+00:00,grove-system,grove-operator-5bd8db875b-bhlrz,38.0,505413632
2026-09-16T20:45:01.828582+00:00,kai-scheduler,admission-86666f457d-bwph8,1.0,16777216
2026-09-16T20:45:01.828582+00:00,kai-scheduler,binder-869fc94c7-qhm2z,32.0,177209344
2026-09-16T20:45:01.828582+00:00,kai-scheduler,kai-operator-69b5d7bcf7-bvhpv,1.0,80740352
2026-09-16T20:45:01.828582+00:00,kai-scheduler,kai-scheduler-default-6fb4498964-d92jm,43.0,231735296
2026-09-16T20:45:01.828582+00:00,kai-scheduler,pod-grouper-65456f756-ck9lt,1.0,11534336
2026-09-16T20:45:01.828582+00:00,kai-scheduler,podgroup-controller-68f9cc8dbf-phtdb,1.0,13631488
2026-09-16T20:45:01.828582+00:00,kai-scheduler,queue-controller-f86fcd76c-mr7t8,1.0,11534336
2026-09-16T20:45:01.828582+00:00,kube-system,coredns-8db54c48d-fx77w,2.0,40894464
2026-09-16T20:45:01.828582+00:00,kube-system,kwok-controller-5cf8c7c44b-rpchk,132.0,79691776
2026-09-16T20:45:01.828582+00:00,kube-system,local-path-provisioner-5d9d9885bc-p78bz,1.0,15728640
2026-09-16T20:45:01.828582+00:00,kube-system,metrics-server-75dc6f8d87-777bz,46.0,281018368
2026-09-16T20:45:01.828582+00:00,kube-system,svclb-traefik-cdc99fe8-dd4hl,0.0,0
2026-09-16T20:45:01.828582+00:00,kube-system,traefik-9bcdbbd9-6hsgh,1.0,98566144
2026-09-16T20:45:01.828582+00:00,pyroscope,pyroscope-0,4.0,116391936
2026-09-16T20:45:01.828582+00:00,pyroscope,pyroscope-alloy-0,46.0,434110464
2026-09-16T20:45:33.072916+00:00,grove-system,grove-operator-5bd8db875b-bhlrz,30.0,456130560
2026-09-16T20:45:33.072916+00:00,kai-scheduler,admission-86666f457d-bwph8,1.0,16777216
2026-09-16T20:45:33.072916+00:00,kai-scheduler,binder-869fc94c7-qhm2z,35.0,177209344
2026-09-16T20:45:33.072916+00:00,kai-scheduler,kai-operator-69b5d7bcf7-bvhpv,2.0,78643200
2026-09-16T20:45:33.072916+00:00,kai-scheduler,kai-scheduler-default-6fb4498964-d92jm,37.0,229638144
2026-09-16T20:45:33.072916+00:00,kai-scheduler,pod-grouper-65456f756-ck9lt,1.0,11534336
2026-09-16T20:45:33.072916+00:00,kai-scheduler,podgroup-controller-68f9cc8dbf-phtdb,1.0,13631488
2026-09-16T20:45:33.072916+00:00,kai-scheduler,queue-controller-f86fcd76c-mr7t8,1.0,11534336
2026-09-16T20:45:33.072916+00:00,kube-system,coredns-8db54c48d-fx77w,2.0,40894464
2026-09-16T20:45:33.072916+00:00,kube-system,kwok-controller-5cf8c7c44b-rpchk,130.0,81788928
2026-09-16T20:45:33.072916+00:00,kube-system,local-path-provisioner-5d9d9885bc-p78bz,1.0,15728640
2026-09-16T20:45:33.072916+00:00,kube-system,metrics-server-75dc6f8d87-777bz,55.0,263192576
2026-09-16T20:45:33.072916+00:00,kube-system,svclb-traefik-cdc99fe8-dd4hl,0.0,0
2026-09-16T20:45:33.072916+00:00,kube-system,traefik-9bcdbbd9-6hsgh,7.0,108003328
2026-09-16T20:45:33.072916+00:00,pyroscope,pyroscope-0,5.0,116391936
2026-09-16T20:45:33.072916+00:00,pyroscope,pyroscope-alloy-0,41.0,450887680
2026-09-16T20:46:04.328066+00:00,grove-system,grove-operator-5bd8db875b-bhlrz,8.0,458227712
2026-09-16T20:46:04.328066+00:00,kai-scheduler,admission-86666f457d-bwph8,1.0,16777216
2026-09-16T20:46:04.328066+00:00,kai-scheduler,binder-869fc94c7-qhm2z,34.0,176160768
2026-09-16T20:46:04.328066+00:00,kai-scheduler,kai-operator-69b5d7bcf7-bvhpv,36.0,100663296
2026-09-16T20:46:04.328066+00:00,kai-scheduler,kai-scheduler-default-6fb4498964-d92jm,40.0,230686720
2026-09-16T20:46:04.328066+00:00,kai-scheduler,pod-grouper-65456f756-ck9lt,1.0,11534336
2026-09-16T20:46:04.328066+00:00,kai-scheduler,podgroup-controller-68f9cc8dbf-phtdb,1.0,13631488
2026-09-16T20:46:04.328066+00:00,kai-scheduler,queue-controller-f86fcd76c-mr7t8,1.0,11534336
2026-09-16T20:46:04.328066+00:00,kube-system,coredns-8db54c48d-fx77w,2.0,40894464
2026-09-16T20:46:04.328066+00:00,kube-system,kwok-controller-5cf8c7c44b-rpchk,92.0,80740352
2026-09-16T20:46:04.328066+00:00,kube-system,local-path-provisioner-5d9d9885bc-p78bz,1.0,15728640
2026-09-16T20:46:04.328066+00:00,kube-system,metrics-server-75dc6f8d87-777bz,55.0,263192576
2026-09-16T20:46:04.328066+00:00,kube-system,svclb-traefik-cdc99fe8-dd4hl,0.0,0
2026-09-16T20:46:04.328066+00:00,kube-system,traefik-9bcdbbd9-6hsgh,50.0,116391936
2026-09-16T20:46:04.328066+00:00,pyroscope,pyroscope-0,5.0,126877696
2026-09-16T20:46:04.328066+00:00,pyroscope,pyroscope-alloy-0,10.0,477102080
2026-09-16T20:46:35.617646+00:00,grove-system,grove-operator-5bd8db875b-bhlrz,6.0,452984832
2026-09-16T20:46:35.617646+00:00,kai-scheduler,admission-86666f457d-bwph8,1.0,16777216
2026-09-16T20:46:35.617646+00:00,kai-scheduler,binder-869fc94c7-qhm2z,34.0,177209344
2026-09-16T20:46:35.617646+00:00,kai-scheduler,kai-operator-69b5d7bcf7-bvhpv,38.0,100663296
2026-09-16T20:46:35.617646+00:00,kai-scheduler,kai-scheduler-default-6fb4498964-d92jm,39.0,230686720
2026-09-16T20:46:35.617646+00:00,kai-scheduler,pod-grouper-65456f756-ck9lt,1.0,11534336
2026-09-16T20:46:35.617646+00:00,kai-scheduler,podgroup-controller-68f9cc8dbf-phtdb,1.0,13631488
2026-09-16T20:46:35.617646+00:00,kai-scheduler,queue-controller-f86fcd76c-mr7t8,1.0,11534336
2026-09-16T20:46:35.617646+00:00,kube-system,coredns-8db54c48d-fx77w,2.0,40894464
2026-09-16T20:46:35.617646+00:00,kube-system,kwok-controller-5cf8c7c44b-rpchk,111.0,80740352
2026-09-16T20:46:35.617646+00:00,kube-system,local-path-provisioner-5d9d9885bc-p78bz,1.0,15728640
2026-09-16T20:46:35.617646+00:00,kube-system,metrics-server-75dc6f8d87-777bz,60.0,263192576
2026-09-16T20:46:35.617646+00:00,kube-system,svclb-traefik-cdc99fe8-dd4hl,0.0,0
2026-09-16T20:46:35.617646+00:00,kube-system,traefik-9bcdbbd9-6hsgh,51.0,116391936
2026-09-16T20:46:35.617646+00:00,pyroscope,pyroscope-0,6.0,121634816
2026-09-16T20:46:35.617646+00:00,pyroscope,pyroscope-alloy-0,9.0,485490688
2026-09-16T20:47:06.907299+00:00,grove-system,grove-operator-5bd8db875b-bhlrz,39.0,444596224
2026-09-16T20:47:06.907299+00:00,kai-scheduler,admission-86666f457d-bwph8,1.0,16777216
2026-09-16T20:47:06.907299+00:00,kai-scheduler,binder-869fc94c7-qhm2z,35.0,177209344
2026-09-16T20:47:06.907299+00:00,kai-scheduler,kai-operator-69b5d7bcf7-bvhpv,28.0,100663296
2026-09-16T20:47:06.907299+00:00,kai-scheduler,kai-scheduler-default-6fb4498964-d92jm,43.0,230686720
2026-09-16T20:47:06.907299+00:00,kai-scheduler,pod-grouper-65456f756-ck9lt,1.0,11534336
2026-09-16T20:47:06.907299+00:00,kai-scheduler,podgroup-controller-68f9cc8dbf-phtdb,1.0,13631488
2026-09-16T20:47:06.907299+00:00,kai-scheduler,queue-controller-f86fcd76c-mr7t8,1.0,11534336
2026-09-16T20:47:06.907299+00:00,kube-system,coredns-8db54c48d-fx77w,3.0,40894464
2026-09-16T20:47:06.907299+00:00,kube-system,kwok-controller-5cf8c7c44b-rpchk,109.0,79691776
2026-09-16T20:47:06.907299+00:00,kube-system,local-path-provisioner-5d9d9885bc-p78bz,1.0,15728640
2026-09-16T20:47:06.907299+00:00,kube-system,metrics-server-75dc6f8d87-777bz,50.0,256901120
2026-09-16T20:47:06.907299+00:00,kube-system,svclb-traefik-cdc99fe8-dd4hl,0.0,0
2026-09-16T20:47:06.907299+00:00,kube-system,traefik-9bcdbbd9-6hsgh,44.0,116391936
2026-09-16T20:47:06.907299+00:00,pyroscope,pyroscope-0,14.0,154140672
2026-09-16T20:47:06.907299+00:00,pyroscope,pyroscope-alloy-0,7.0,483393536
2026-09-16T20:47:38.153279+00:00,grove-system,grove-operator-5bd8db875b-bhlrz,5.0,442499072
2026-09-16T20:47:38.153279+00:00,kai-scheduler,admission-86666f457d-bwph8,1.0,16777216
2026-09-16T20:47:38.153279+00:00,kai-scheduler,binder-869fc94c7-qhm2z,34.0,176160768
2026-09-16T20:47:38.153279+00:00,kai-scheduler,kai-operator-69b5d7bcf7-bvhpv,36.0,99614720
2026-09-16T20:47:38.153279+00:00,kai-scheduler,kai-scheduler-default-6fb4498964-d92jm,38.0,228589568
2026-09-16T20:47:38.153279+00:00,kai-scheduler,pod-grouper-65456f756-ck9lt,1.0,11534336
2026-09-16T20:47:38.153279+00:00,kai-scheduler,podgroup-controller-68f9cc8dbf-phtdb,1.0,13631488
2026-09-16T20:47:38.153279+00:00,kai-scheduler,queue-controller-f86fcd76c-mr7t8,1.0,11534336
2026-09-16T20:47:38.153279+00:00,kube-system,coredns-8db54c48d-fx77w,2.0,41943040
2026-09-16T20:47:38.153279+00:00,kube-system,kwok-controller-5cf8c7c44b-rpchk,114.0,79691776
2026-09-16T20:47:38.153279+00:00,kube-system,local-path-provisioner-5d9d9885bc-p78bz,1.0,15728640
2026-09-16T20:47:38.153279+00:00,kube-system,metrics-server-75dc6f8d87-777bz,53.0,256901120
2026-09-16T20:47:38.153279+00:00,kube-system,svclb-traefik-cdc99fe8-dd4hl,0.0,0
2026-09-16T20:47:38.153279+00:00,kube-system,traefik-9bcdbbd9-6hsgh,50.0,98566144
2026-09-16T20:47:38.153279+00:00,pyroscope,pyroscope-0,6.0,132120576
2026-09-16T20:47:38.153279+00:00,pyroscope,pyroscope-alloy-0,8.0,484442112
2026-09-16T20:48:09.400959+00:00,grove-system,grove-operator-5bd8db875b-bhlrz,57.0,443547648
2026-09-16T20:48:09.400959+00:00,kai-scheduler,admission-86666f457d-bwph8,1.0,16777216
2026-09-16T20:48:09.400959+00:00,kai-scheduler,binder-869fc94c7-qhm2z,33.0,176160768
2026-09-16T20:48:09.400959+00:00,kai-scheduler,kai-operator-69b5d7bcf7-bvhpv,32.0,98566144
2026-09-16T20:48:09.400959+00:00,kai-scheduler,kai-scheduler-default-6fb4498964-d92jm,41.0,230686720
2026-09-16T20:48:09.400959+00:00,kai-scheduler,pod-grouper-65456f756-ck9lt,1.0,11534336
2026-09-16T20:48:09.400959+00:00,kai-scheduler,podgroup-controller-68f9cc8dbf-phtdb,1.0,13631488
2026-09-16T20:48:09.400959+00:00,kai-scheduler,queue-controller-f86fcd76c-mr7t8,1.0,11534336
2026-09-16T20:48:09.400959+00:00,kube-system,coredns-8db54c48d-fx77w,2.0,40894464
2026-09-16T20:48:09.400959+00:00,kube-system,kwok-controller-5cf8c7c44b-rpchk,107.0,81788928
2026-09-16T20:48:09.400959+00:00,kube-system,local-path-provisioner-5d9d9885bc-p78bz,1.0,15728640
2026-09-16T20:48:09.400959+00:00,kube-system,metrics-server-75dc6f8d87-777bz,44.0,256901120
2026-09-16T20:48:09.400959+00:00,kube-system,svclb-traefik-cdc99fe8-dd4hl,0.0,0
2026-09-16T20:48:09.400959+00:00,kube-system,traefik-9bcdbbd9-6hsgh,48.0,101711872
2026-09-16T20:48:09.400959+00:00,pyroscope,pyroscope-0,7.0,133169152
2026-09-16T20:48:09.400959+00:00,pyroscope,pyroscope-alloy-0,9.0,486539264
2026-09-16T20:48:40.661838+00:00,grove-system,grove-operator-5bd8db875b-bhlrz,644.0,490733568
2026-09-16T20:48:40.661838+00:00,kai-scheduler,admission-86666f457d-bwph8,1.0,16777216
2026-09-16T20:48:40.661838+00:00,kai-scheduler,binder-869fc94c7-qhm2z,85.0,101711872
2026-09-16T20:48:40.661838+00:00,kai-scheduler,kai-operator-69b5d7bcf7-bvhpv,5.0,98566144
2026-09-16T20:48:40.661838+00:00,kai-scheduler,kai-scheduler-default-6fb4498964-d92jm,79.0,284164096
2026-09-16T20:48:40.661838+00:00,kai-scheduler,pod-grouper-65456f756-ck9lt,1.0,11534336
2026-09-16T20:48:40.661838+00:00,kai-scheduler,podgroup-controller-68f9cc8dbf-phtdb,1.0,13631488
2026-09-16T20:48:40.661838+00:00,kai-scheduler,queue-controller-f86fcd76c-mr7t8,1.0,11534336
2026-09-16T20:48:40.661838+00:00,kube-system,coredns-8db54c48d-fx77w,5.0,40894464
2026-09-16T20:48:40.661838+00:00,kube-system,kwok-controller-5cf8c7c44b-rpchk,98.0,79691776
2026-09-16T20:48:40.661838+00:00,kube-system,local-path-provisioner-5d9d9885bc-p78bz,1.0,15728640
2026-09-16T20:48:40.661838+00:00,kube-system,metrics-server-75dc6f8d87-777bz,38.0,255852544
2026-09-16T20:48:40.661838+00:00,kube-system,svclb-traefik-cdc99fe8-dd4hl,0.0,0
2026-09-16T20:48:40.661838+00:00,kube-system,traefik-9bcdbbd9-6hsgh,4.0,98566144
2026-09-16T20:48:40.661838+00:00,pyroscope,pyroscope-0,7.0,126877696
2026-09-16T20:48:40.661838+00:00,pyroscope,pyroscope-alloy-0,65.0,505413632
2026-09-16T20:49:11.938855+00:00,grove-system,grove-operator-5bd8db875b-bhlrz,1031.0,546308096
2026-09-16T20:49:11.938855+00:00,kai-scheduler,admission-86666f457d-bwph8,1.0,16777216
2026-09-16T20:49:11.938855+00:00,kai-scheduler,kai-operator-69b5d7bcf7-bvhpv,1.0,88080384
2026-09-16T20:49:11.938855+00:00,kai-scheduler,kai-scheduler-default-6fb4498964-d92jm,109.0,387973120
2026-09-16T20:49:11.938855+00:00,kai-scheduler,pod-grouper-65456f756-ck9lt,1.0,11534336
2026-09-16T20:49:11.938855+00:00,kai-scheduler,podgroup-controller-68f9cc8dbf-phtdb,1.0,13631488
2026-09-16T20:49:11.938855+00:00,kai-scheduler,queue-controller-f86fcd76c-mr7t8,1.0,11534336
2026-09-16T20:49:11.938855+00:00,kube-system,coredns-8db54c48d-fx77w,11.0,42991616
2026-09-16T20:49:11.938855+00:00,kube-system,kwok-controller-5cf8c7c44b-rpchk,156.0,81788928
2026-09-16T20:49:11.938855+00:00,kube-system,local-path-provisioner-5d9d9885bc-p78bz,1.0,15728640
2026-09-16T20:49:11.938855+00:00,kube-system,metrics-server-75dc6f8d87-777bz,40.0,254803968
2026-09-16T20:49:11.938855+00:00,kube-system,svclb-traefik-cdc99fe8-dd4hl,0.0,0
2026-09-16T20:49:11.938855+00:00,kube-system,traefik-9bcdbbd9-6hsgh,9.0,98566144
2026-09-16T20:49:11.938855+00:00,pyroscope,pyroscope-0,8.0,127926272
2026-09-16T20:49:11.938855+00:00,pyroscope,pyroscope-alloy-0,81.0,524288000
2026-09-16T20:49:43.215298+00:00,grove-system,grove-operator-5bd8db875b-bhlrz,1076.0,554696704
2026-09-16T20:49:43.215298+00:00,kai-scheduler,admission-86666f457d-bwph8,1.0,16777216
2026-09-16T20:49:43.215298+00:00,kai-scheduler,kai-operator-69b5d7bcf7-bvhpv,1.0,85983232
2026-09-16T20:49:43.215298+00:00,kai-scheduler,kai-scheduler-default-6fb4498964-d92jm,147.0,421527552
2026-09-16T20:49:43.215298+00:00,kai-scheduler,pod-grouper-65456f756-ck9lt,1.0,11534336
2026-09-16T20:49:43.215298+00:00,kai-scheduler,podgroup-controller-68f9cc8dbf-phtdb,1.0,13631488
2026-09-16T20:49:43.215298+00:00,kai-scheduler,queue-controller-f86fcd76c-mr7t8,1.0,11534336
2026-09-16T20:49:43.215298+00:00,kube-system,coredns-8db54c48d-fx77w,12.0,41943040
2026-09-16T20:49:43.215298+00:00,kube-system,kwok-controller-5cf8c7c44b-rpchk,310.0,81788928
2026-09-16T20:49:43.215298+00:00,kube-system,local-path-provisioner-5d9d9885bc-p78bz,1.0,15728640
2026-09-16T20:49:43.215298+00:00,kube-system,metrics-server-75dc6f8d87-777bz,60.0,254803968
2026-09-16T20:49:43.215298+00:00,kube-system,svclb-traefik-cdc99fe8-dd4hl,0.0,0
2026-09-16T20:49:43.215298+00:00,kube-system,traefik-9bcdbbd9-6hsgh,18.0,99614720
2026-09-16T20:49:43.215298+00:00,pyroscope,pyroscope-0,8.0,128974848
2026-09-16T20:49:43.215298+00:00,pyroscope,pyroscope-alloy-0,135.0,559939584
2026-09-16T20:50:14.478803+00:00,grove-system,grove-operator-5bd8db875b-bhlrz,2411.0,560988160
2026-09-16T20:50:14.478803+00:00,kai-scheduler,admission-86666f457d-bwph8,1.0,16777216
2026-09-16T20:50:14.478803+00:00,kai-scheduler,kai-operator-69b5d7bcf7-bvhpv,1.0,85983232
2026-09-16T20:50:14.478803+00:00,kai-scheduler,kai-scheduler-default-6fb4498964-d92jm,123.0,492830720
2026-09-16T20:50:14.478803+00:00,kai-scheduler,pod-grouper-65456f756-ck9lt,1.0,11534336
2026-09-16T20:50:14.478803+00:00,kai-scheduler,podgroup-controller-68f9cc8dbf-phtdb,1.0,13631488
2026-09-16T20:50:14.478803+00:00,kai-scheduler,queue-controller-f86fcd76c-mr7t8,1.0,11534336
2026-09-16T20:50:14.478803+00:00,kube-system,coredns-8db54c48d-fx77w,15.0,41943040
2026-09-16T20:50:14.478803+00:00,kube-system,kwok-controller-5cf8c7c44b-rpchk,323.0,80740352
2026-09-16T20:50:14.478803+00:00,kube-system,local-path-provisioner-5d9d9885bc-p78bz,1.0,15728640
2026-09-16T20:50:14.478803+00:00,kube-system,metrics-server-75dc6f8d87-777bz,87.0,258998272
2026-09-16T20:50:14.478803+00:00,kube-system,svclb-traefik-cdc99fe8-dd4hl,0.0,0
2026-09-16T20:50:14.478803+00:00,kube-system,traefik-9bcdbbd9-6hsgh,23.0,100663296
2026-09-16T20:50:14.478803+00:00,pyroscope,pyroscope-0,10.0,131072000
2026-09-16T20:50:14.478803+00:00,pyroscope,pyroscope-alloy-0,117.0,566231040
2026-09-16T20:50:45.733107+00:00,grove-system,grove-operator-5bd8db875b-bhlrz,907.0,599785472
2026-09-16T20:50:45.733107+00:00,kai-scheduler,admission-86666f457d-bwph8,1.0,16777216
2026-09-16T20:50:45.733107+00:00,kai-scheduler,kai-operator-69b5d7bcf7-bvhpv,1.0,85983232
2026-09-16T20:50:45.733107+00:00,kai-scheduler,kai-scheduler-default-6fb4498964-d92jm,125.0,535822336
2026-09-16T20:50:45.733107+00:00,kai-scheduler,pod-grouper-65456f756-ck9lt,1.0,11534336
2026-09-16T20:50:45.733107+00:00,kai-scheduler,podgroup-controller-68f9cc8dbf-phtdb,1.0,13631488
2026-09-16T20:50:45.733107+00:00,kai-scheduler,queue-controller-f86fcd76c-mr7t8,1.0,11534336
2026-09-16T20:50:45.733107+00:00,kube-system,coredns-8db54c48d-fx77w,5.0,40894464
2026-09-16T20:50:45.733107+00:00,kube-system,kwok-controller-5cf8c7c44b-rpchk,102.0,82837504
2026-09-16T20:50:45.733107+00:00,kube-system,local-path-provisioner-5d9d9885bc-p78bz,1.0,15728640
2026-09-16T20:50:45.733107+00:00,kube-system,metrics-server-75dc6f8d87-777bz,39.0,274726912
2026-09-16T20:50:45.733107+00:00,kube-system,svclb-traefik-cdc99fe8-dd4hl,0.0,0
2026-09-16T20:50:45.733107+00:00,kube-system,traefik-9bcdbbd9-6hsgh,5.0,99614720
2026-09-16T20:50:45.733107+00:00,pyroscope,pyroscope-0,8.0,149946368
2026-09-16T20:50:45.733107+00:00,pyroscope,pyroscope-alloy-0,126.0,580911104
2026-09-16T20:51:16.995690+00:00,grove-system,grove-operator-5bd8db875b-bhlrz,1390.0,668991488
2026-09-16T20:51:16.995690+00:00,kai-scheduler,admission-86666f457d-bwph8,1.0,16777216
2026-09-16T20:51:16.995690+00:00,kai-scheduler,kai-operator-69b5d7bcf7-bvhpv,1.0,79691776
2026-09-16T20:51:16.995690+00:00,kai-scheduler,kai-scheduler-default-6fb4498964-d92jm,167.0,521142272
2026-09-16T20:51:16.995690+00:00,kai-scheduler,pod-grouper-65456f756-ck9lt,1.0,11534336
2026-09-16T20:51:16.995690+00:00,kai-scheduler,podgroup-controller-68f9cc8dbf-phtdb,1.0,13631488
2026-09-16T20:51:16.995690+00:00,kai-scheduler,queue-controller-f86fcd76c-mr7t8,1.0,11534336
2026-09-16T20:51:16.995690+00:00,kube-system,coredns-8db54c48d-fx77w,7.0,41943040
2026-09-16T20:51:16.995690+00:00,kube-system,kwok-controller-5cf8c7c44b-rpchk,136.0,82837504
2026-09-16T20:51:16.995690+00:00,kube-system,local-path-provisioner-5d9d9885bc-p78bz,1.0,15728640
2026-09-16T20:51:16.995690+00:00,kube-system,metrics-server-75dc6f8d87-777bz,21.0,276824064
2026-09-16T20:51:16.995690+00:00,kube-system,svclb-traefik-cdc99fe8-dd4hl,0.0,0
2026-09-16T20:51:16.995690+00:00,kube-system,traefik-9bcdbbd9-6hsgh,11.0,99614720
2026-09-16T20:51:16.995690+00:00,pyroscope,pyroscope-0,7.0,144703488
2026-09-16T20:51:16.995690+00:00,pyroscope,pyroscope-alloy-0,169.0,591396864
2026-09-16T20:51:48.280300+00:00,grove-system,grove-operator-5bd8db875b-bhlrz,1593.0,702545920
2026-09-16T20:51:48.280300+00:00,kai-scheduler,admission-86666f457d-bwph8,1.0,16777216
2026-09-16T20:51:48.280300+00:00,kai-scheduler,kai-operator-69b5d7bcf7-bvhpv,9.0,80740352
2026-09-16T20:51:48.280300+00:00,kai-scheduler,pod-grouper-65456f756-ck9lt,1.0,11534336
2026-09-16T20:51:48.280300+00:00,kai-scheduler,podgroup-controller-68f9cc8dbf-phtdb,1.0,13631488
2026-09-16T20:51:48.280300+00:00,kai-scheduler,queue-controller-f86fcd76c-mr7t8,1.0,11534336
2026-09-16T20:51:48.280300+00:00,kube-system,coredns-8db54c48d-fx77w,11.0,41943040
2026-09-16T20:51:48.280300+00:00,kube-system,kwok-controller-5cf8c7c44b-rpchk,314.0,82837504
2026-09-16T20:51:48.280300+00:00,kube-system,local-path-provisioner-5d9d9885bc-p78bz,1.0,15728640
2026-09-16T20:51:48.280300+00:00,kube-system,metrics-server-75dc6f8d87-777bz,74.0,294649856
2026-09-16T20:51:48.280300+00:00,kube-system,svclb-traefik-cdc99fe8-dd4hl,0.0,0
2026-09-16T20:51:48.280300+00:00,kube-system,traefik-9bcdbbd9-6hsgh,19.0,99614720
2026-09-16T20:51:48.280300+00:00,pyroscope,pyroscope-0,9.0,140509184
2026-09-16T20:51:48.280300+00:00,pyroscope,pyroscope-alloy-0,196.0,605028352
2026-09-16T20:52:19.570251+00:00,grove-system,grove-operator-5bd8db875b-bhlrz,1080.0,717225984
2026-09-16T20:52:19.570251+00:00,kai-scheduler,admission-86666f457d-bwph8,1.0,16777216
2026-09-16T20:52:19.570251+00:00,kai-scheduler,binder-869fc94c7-qhm2z,100.0,157286400
2026-09-16T20:52:19.570251+00:00,kai-scheduler,kai-operator-69b5d7bcf7-bvhpv,6.0,80740352
2026-09-16T20:52:19.570251+00:00,kai-scheduler,pod-grouper-65456f756-ck9lt,1.0,11534336
2026-09-16T20:52:19.570251+00:00,kai-scheduler,podgroup-controller-68f9cc8dbf-phtdb,1.0,13631488
2026-09-16T20:52:19.570251+00:00,kai-scheduler,queue-controller-f86fcd76c-mr7t8,1.0,11534336
2026-09-16T20:52:19.570251+00:00,kube-system,coredns-8db54c48d-fx77w,13.0,41943040
2026-09-16T20:52:19.570251+00:00,kube-system,kwok-controller-5cf8c7c44b-rpchk,332.0,82837504
2026-09-16T20:52:19.570251+00:00,kube-system,local-path-provisioner-5d9d9885bc-p78bz,1.0,15728640
2026-09-16T20:52:19.570251+00:00,kube-system,metrics-server-75dc6f8d87-777bz,64.0,300941312
2026-09-16T20:52:19.570251+00:00,kube-system,svclb-traefik-cdc99fe8-dd4hl,0.0,0
2026-09-16T20:52:19.570251+00:00,kube-system,traefik-9bcdbbd9-6hsgh,22.0,100663296
2026-09-16T20:52:19.570251+00:00,pyroscope,pyroscope-0,9.0,137363456
2026-09-16T20:52:19.570251+00:00,pyroscope,pyroscope-alloy-0,257.0,606076928
2026-09-16T20:52:50.848844+00:00,grove-system,grove-operator-5bd8db875b-bhlrz,2667.0,678428672
2026-09-16T20:52:50.848844+00:00,kai-scheduler,admission-86666f457d-bwph8,1.0,16777216
2026-09-16T20:52:50.848844+00:00,kai-scheduler,binder-869fc94c7-qhm2z,100.0,179306496
2026-09-16T20:52:50.848844+00:00,kai-scheduler,kai-operator-69b5d7bcf7-bvhpv,7.0,82837504
2026-09-16T20:52:50.848844+00:00,kai-scheduler,pod-grouper-65456f756-ck9lt,1.0,11534336
2026-09-16T20:52:50.848844+00:00,kai-scheduler,podgroup-controller-68f9cc8dbf-phtdb,1.0,13631488
2026-09-16T20:52:50.848844+00:00,kai-scheduler,queue-controller-f86fcd76c-mr7t8,1.0,11534336
2026-09-16T20:52:50.848844+00:00,kube-system,coredns-8db54c48d-fx77w,15.0,41943040
2026-09-16T20:52:50.848844+00:00,kube-system,kwok-controller-5cf8c7c44b-rpchk,328.0,83886080
2026-09-16T20:52:50.848844+00:00,kube-system,local-path-provisioner-5d9d9885bc-p78bz,1.0,15728640
2026-09-16T20:52:50.848844+00:00,kube-system,metrics-server-75dc6f8d87-777bz,70.0,310378496
2026-09-16T20:52:50.848844+00:00,kube-system,svclb-traefik-cdc99fe8-dd4hl,0.0,0
2026-09-16T20:52:50.848844+00:00,kube-system,traefik-9bcdbbd9-6hsgh,25.0,101711872
2026-09-16T20:52:50.848844+00:00,pyroscope,pyroscope-0,8.0,147849216
2026-09-16T20:52:50.848844+00:00,pyroscope,pyroscope-alloy-0,227.0,610271232
2026-09-16T20:53:22.092339+00:00,grove-system,grove-operator-5bd8db875b-bhlrz,56.0,619708416
2026-09-16T20:53:22.092339+00:00,kai-scheduler,admission-86666f457d-bwph8,1.0,16777216
2026-09-16T20:53:22.092339+00:00,kai-scheduler,kai-operator-69b5d7bcf7-bvhpv,2.0,82837504
2026-09-16T20:53:22.092339+00:00,kai-scheduler,pod-grouper-65456f756-ck9lt,1.0,11534336
2026-09-16T20:53:22.092339+00:00,kai-scheduler,podgroup-controller-68f9cc8dbf-phtdb,1.0,13631488
2026-09-16T20:53:22.092339+00:00,kai-scheduler,queue-controller-f86fcd76c-mr7t8,1.0,11534336
2026-09-16T20:53:22.092339+00:00,kube-system,coredns-8db54c48d-fx77w,2.0,41943040
2026-09-16T20:53:22.092339+00:00,kube-system,kwok-controller-5cf8c7c44b-rpchk,108.0,85983232
2026-09-16T20:53:22.092339+00:00,kube-system,local-path-provisioner-5d9d9885bc-p78bz,1.0,15728640
2026-09-16T20:53:22.092339+00:00,kube-system,metrics-server-75dc6f8d87-777bz,27.0,324009984
2026-09-16T20:53:22.092339+00:00,kube-system,svclb-traefik-cdc99fe8-dd4hl,0.0,0
2026-09-16T20:53:22.092339+00:00,kube-system,traefik-9bcdbbd9-6hsgh,2.0,101711872
2026-09-16T20:53:22.092339+00:00,pyroscope,pyroscope-0,6.0,167772160
2026-09-16T20:53:22.092339+00:00,pyroscope,pyroscope-alloy-0,33.0,611319808
2026-09-16T20:53:53.336673+00:00,grove-system,grove-operator-5bd8db875b-bhlrz,33.0,587202560
2026-09-16T20:53:53.336673+00:00,kai-scheduler,admission-86666f457d-bwph8,1.0,16777216
2026-09-16T20:53:53.336673+00:00,kai-scheduler,kai-operator-69b5d7bcf7-bvhpv,7.0,83886080
2026-09-16T20:53:53.336673+00:00,kai-scheduler,pod-grouper-65456f756-ck9lt,1.0,11534336
2026-09-16T20:53:53.336673+00:00,kai-scheduler,podgroup-controller-68f9cc8dbf-phtdb,1.0,13631488
2026-09-16T20:53:53.336673+00:00,kai-scheduler,queue-controller-f86fcd76c-mr7t8,1.0,11534336
2026-09-16T20:53:53.336673+00:00,kube-system,coredns-8db54c48d-fx77w,4.0,41943040
2026-09-16T20:53:53.336673+00:00,kube-system,kwok-controller-5cf8c7c44b-rpchk,85.0,85983232
2026-09-16T20:53:53.336673+00:00,kube-system,local-path-provisioner-5d9d9885bc-p78bz,1.0,15728640
2026-09-16T20:53:53.336673+00:00,kube-system,metrics-server-75dc6f8d87-777bz,28.0,330301440
2026-09-16T20:53:53.336673+00:00,kube-system,svclb-traefik-cdc99fe8-dd4hl,0.0,0
2026-09-16T20:53:53.336673+00:00,kube-system,traefik-9bcdbbd9-6hsgh,2.0,101711872
2026-09-16T20:53:53.336673+00:00,pyroscope,pyroscope-0,7.0,160432128
2026-09-16T20:53:53.336673+00:00,pyroscope,pyroscope-alloy-0,128.0,630194176
2026-09-16T20:54:24.582898+00:00,grove-system,grove-operator-5bd8db875b-bhlrz,25.0,560988160
2026-09-16T20:54:24.582898+00:00,kai-scheduler,admission-86666f457d-bwph8,1.0,16777216
2026-09-16T20:54:24.582898+00:00,kai-scheduler,kai-operator-69b5d7bcf7-bvhpv,2.0,83886080
2026-09-16T20:54:24.582898+00:00,kai-scheduler,pod-grouper-65456f756-ck9lt,1.0,11534336
2026-09-16T20:54:24.582898+00:00,kai-scheduler,podgroup-controller-68f9cc8dbf-phtdb,1.0,13631488
2026-09-16T20:54:24.582898+00:00,kai-scheduler,queue-controller-f86fcd76c-mr7t8,1.0,11534336
2026-09-16T20:54:24.582898+00:00,kube-system,coredns-8db54c48d-fx77w,2.0,41943040
2026-09-16T20:54:24.582898+00:00,kube-system,kwok-controller-5cf8c7c44b-rpchk,96.0,85983232
2026-09-16T20:54:24.582898+00:00,kube-system,local-path-provisioner-5d9d9885bc-p78bz,1.0,15728640
2026-09-16T20:54:24.582898+00:00,kube-system,metrics-server-75dc6f8d87-777bz,28.0,330301440
2026-09-16T20:54:24.582898+00:00,kube-system,svclb-traefik-cdc99fe8-dd4hl,0.0,0
2026-09-16T20:54:24.582898+00:00,kube-system,traefik-9bcdbbd9-6hsgh,2.0,101711872
2026-09-16T20:54:24.582898+00:00,pyroscope,pyroscope-0,7.0,152043520
2026-09-16T20:54:24.582898+00:00,pyroscope,pyroscope-alloy-0,7.0,646971392
2026-09-16T20:54:55.832064+00:00,grove-system,grove-operator-5bd8db875b-bhlrz,59.0,521142272
2026-09-16T20:54:55.832064+00:00,kai-scheduler,admission-86666f457d-bwph8,1.0,16777216
2026-09-16T20:54:55.832064+00:00,kai-scheduler,kai-operator-69b5d7bcf7-bvhpv,5.0,83886080
2026-09-16T20:54:55.832064+00:00,kai-scheduler,pod-grouper-65456f756-ck9lt,1.0,11534336
2026-09-16T20:54:55.832064+00:00,kai-scheduler,podgroup-controller-68f9cc8dbf-phtdb,1.0,13631488
2026-09-16T20:54:55.832064+00:00,kai-scheduler,queue-controller-f86fcd76c-mr7t8,1.0,11534336
2026-09-16T20:54:55.832064+00:00,kube-system,coredns-8db54c48d-fx77w,2.0,41943040
2026-09-16T20:54:55.832064+00:00,kube-system,kwok-controller-5cf8c7c44b-rpchk,116.0,90177536
2026-09-16T20:54:55.832064+00:00,kube-system,local-path-provisioner-5d9d9885bc-p78bz,1.0,15728640
2026-09-16T20:54:55.832064+00:00,kube-system,metrics-server-75dc6f8d87-777bz,37.0,335544320
2026-09-16T20:54:55.832064+00:00,kube-system,svclb-traefik-cdc99fe8-dd4hl,0.0,0
2026-09-16T20:54:55.832064+00:00,kube-system,traefik-9bcdbbd9-6hsgh,2.0,100663296
2026-09-16T20:54:55.832064+00:00,pyroscope,pyroscope-0,7.0,144703488
2026-09-16T20:54:55.832064+00:00,pyroscope,pyroscope-alloy-0,72.0,670040064
2026-09-16T20:55:27.085894+00:00,grove-system,grove-operator-5bd8db875b-bhlrz,87.0,491782144
2026-09-16T20:55:27.085894+00:00,kai-scheduler,admission-86666f457d-bwph8,1.0,16777216
2026-09-16T20:55:27.085894+00:00,kai-scheduler,kai-operator-69b5d7bcf7-bvhpv,4.0,82837504
2026-09-16T20:55:27.085894+00:00,kai-scheduler,pod-grouper-65456f756-ck9lt,1.0,11534336
2026-09-16T20:55:27.085894+00:00,kai-scheduler,podgroup-controller-68f9cc8dbf-phtdb,1.0,13631488
2026-09-16T20:55:27.085894+00:00,kai-scheduler,queue-controller-f86fcd76c-mr7t8,1.0,11534336
2026-09-16T20:55:27.085894+00:00,kube-system,coredns-8db54c48d-fx77w,3.0,41943040
2026-09-16T20:55:27.085894+00:00,kube-system,kwok-controller-5cf8c7c44b-rpchk,93.0,90177536
2026-09-16T20:55:27.085894+00:00,kube-system,local-path-provisioner-5d9d9885bc-p78bz,1.0,15728640
2026-09-16T20:55:27.085894+00:00,kube-system,metrics-server-75dc6f8d87-777bz,39.0,351272960
2026-09-16T20:55:27.085894+00:00,kube-system,svclb-traefik-cdc99fe8-dd4hl,0.0,0
2026-09-16T20:55:27.085894+00:00,kube-system,traefik-9bcdbbd9-6hsgh,3.0,101711872
2026-09-16T20:55:27.085894+00:00,pyroscope,pyroscope-0,6.0,143654912
2026-09-16T20:55:27.085894+00:00,pyroscope,pyroscope-alloy-0,111.0,673185792
2026-09-16T20:55:58.335038+00:00,grove-system,grove-operator-5bd8db875b-bhlrz,104.0,448790528
2026-09-16T20:55:58.335038+00:00,kai-scheduler,admission-86666f457d-bwph8,1.0,16777216
2026-09-16T20:55:58.335038+00:00,kai-scheduler,kai-operator-69b5d7bcf7-bvhpv,1.0,83886080
2026-09-16T20:55:58.335038+00:00,kai-scheduler,pod-grouper-65456f756-ck9lt,1.0,11534336
2026-09-16T20:55:58.335038+00:00,kai-scheduler,podgroup-controller-68f9cc8dbf-phtdb,1.0,13631488
2026-09-16T20:55:58.335038+00:00,kai-scheduler,queue-controller-f86fcd76c-mr7t8,1.0,11534336
2026-09-16T20:55:58.335038+00:00,kube-system,coredns-8db54c48d-fx77w,3.0,41943040
2026-09-16T20:55:58.335038+00:00,kube-system,kwok-controller-5cf8c7c44b-rpchk,78.0,90177536
2026-09-16T20:55:58.335038+00:00,kube-system,local-path-provisioner-5d9d9885bc-p78bz,1.0,15728640
2026-09-16T20:55:58.335038+00:00,kube-system,metrics-server-75dc6f8d87-777bz,34.0,348127232
2026-09-16T20:55:58.335038+00:00,kube-system,svclb-traefik-cdc99fe8-dd4hl,0.0,0
2026-09-16T20:55:58.335038+00:00,kube-system,traefik-9bcdbbd9-6hsgh,2.0,101711872
2026-09-16T20:55:58.335038+00:00,pyroscope,pyroscope-0,7.0,145752064
2026-09-16T20:55:58.335038+00:00,pyroscope,pyroscope-alloy-0,22.0,668991488
2026-09-16T20:56:29.629707+00:00,grove-system,grove-operator-5bd8db875b-bhlrz,77.0,448790528
2026-09-16T20:56:29.629707+00:00,kai-scheduler,admission-86666f457d-bwph8,1.0,16777216
2026-09-16T20:56:29.629707+00:00,kai-scheduler,kai-operator-69b5d7bcf7-bvhpv,2.0,83886080
2026-09-16T20:56:29.629707+00:00,kai-scheduler,pod-grouper-65456f756-ck9lt,1.0,11534336
2026-09-16T20:56:29.629707+00:00,kai-scheduler,podgroup-controller-68f9cc8dbf-phtdb,1.0,13631488
2026-09-16T20:56:29.629707+00:00,kai-scheduler,queue-controller-f86fcd76c-mr7t8,1.0,11534336
2026-09-16T20:56:29.629707+00:00,kube-system,coredns-8db54c48d-fx77w,3.0,42991616
2026-09-16T20:56:29.629707+00:00,kube-system,kwok-controller-5cf8c7c44b-rpchk,93.0,90177536
2026-09-16T20:56:29.629707+00:00,kube-system,local-path-provisioner-5d9d9885bc-p78bz,1.0,15728640
2026-09-16T20:56:29.629707+00:00,kube-system,metrics-server-75dc6f8d87-777bz,37.0,347078656
2026-09-16T20:56:29.629707+00:00,kube-system,svclb-traefik-cdc99fe8-dd4hl,0.0,0
2026-09-16T20:56:29.629707+00:00,kube-system,traefik-9bcdbbd9-6hsgh,2.0,101711872
2026-09-16T20:56:29.629707+00:00,pyroscope,pyroscope-0,6.0,149946368
2026-09-16T20:56:29.629707+00:00,pyroscope,pyroscope-alloy-0,114.0,668991488
2026-09-16T20:57:00.878820+00:00,grove-system,grove-operator-5bd8db875b-bhlrz,42.0,446693376
2026-09-16T20:57:00.878820+00:00,kai-scheduler,admission-86666f457d-bwph8,1.0,16777216
2026-09-16T20:57:00.878820+00:00,kai-scheduler,kai-operator-69b5d7bcf7-bvhpv,1.0,83886080
2026-09-16T20:57:00.878820+00:00,kai-scheduler,pod-grouper-65456f756-ck9lt,1.0,11534336
2026-09-16T20:57:00.878820+00:00,kai-scheduler,podgroup-controller-68f9cc8dbf-phtdb,1.0,13631488
2026-09-16T20:57:00.878820+00:00,kai-scheduler,queue-controller-f86fcd76c-mr7t8,1.0,11534336
2026-09-16T20:57:00.878820+00:00,kube-system,coredns-8db54c48d-fx77w,2.0,41943040
2026-09-16T20:57:00.878820+00:00,kube-system,kwok-controller-5cf8c7c44b-rpchk,118.0,92274688
2026-09-16T20:57:00.878820+00:00,kube-system,local-path-provisioner-5d9d9885bc-p78bz,1.0,15728640
2026-09-16T20:57:00.878820+00:00,kube-system,metrics-server-75dc6f8d87-777bz,45.0,349175808
2026-09-16T20:57:00.878820+00:00,kube-system,svclb-traefik-cdc99fe8-dd4hl,0.0,0
2026-09-16T20:57:00.878820+00:00,kube-system,traefik-9bcdbbd9-6hsgh,3.0,99614720
2026-09-16T20:57:00.878820+00:00,pyroscope,pyroscope-0,6.0,150994944
2026-09-16T20:57:00.878820+00:00,pyroscope,pyroscope-alloy-0,152.0,678428672
2026-09-16T20:57:32.126569+00:00,grove-system,grove-operator-5bd8db875b-bhlrz,28.0,448790528
2026-09-16T20:57:32.126569+00:00,kai-scheduler,admission-86666f457d-bwph8,1.0,16777216
2026-09-16T20:57:32.126569+00:00,kai-scheduler,kai-operator-69b5d7bcf7-bvhpv,1.0,83886080
2026-09-16T20:57:32.126569+00:00,kai-scheduler,pod-grouper-65456f756-ck9lt,1.0,11534336
2026-09-16T20:57:32.126569+00:00,kai-scheduler,podgroup-controller-68f9cc8dbf-phtdb,1.0,13631488
2026-09-16T20:57:32.126569+00:00,kai-scheduler,queue-controller-f86fcd76c-mr7t8,1.0,11534336
2026-09-16T20:57:32.126569+00:00,kube-system,coredns-8db54c48d-fx77w,2.0,41943040
2026-09-16T20:57:32.126569+00:00,kube-system,kwok-controller-5cf8c7c44b-rpchk,140.0,91226112
2026-09-16T20:57:32.126569+00:00,kube-system,local-path-provisioner-5d9d9885bc-p78bz,1.0,15728640
2026-09-16T20:57:32.126569+00:00,kube-system,metrics-server-75dc6f8d87-777bz,50.0,350224384
2026-09-16T20:57:32.126569+00:00,kube-system,svclb-traefik-cdc99fe8-dd4hl,0.0,0
2026-09-16T20:57:32.126569+00:00,kube-system,traefik-9bcdbbd9-6hsgh,1.0,98566144
2026-09-16T20:57:32.126569+00:00,pyroscope,pyroscope-0,6.0,152043520
2026-09-16T20:57:32.126569+00:00,pyroscope,pyroscope-alloy-0,195.0,667942912
2026-09-16T20:58:03.379172+00:00,grove-system,grove-operator-5bd8db875b-bhlrz,27.0,449839104
2026-09-16T20:58:03.379172+00:00,kai-scheduler,admission-86666f457d-bwph8,1.0,16777216
2026-09-16T20:58:03.379172+00:00,kai-scheduler,kai-operator-69b5d7bcf7-bvhpv,1.0,83886080
2026-09-16T20:58:03.379172+00:00,kai-scheduler,pod-grouper-65456f756-ck9lt,1.0,11534336
2026-09-16T20:58:03.379172+00:00,kai-scheduler,podgroup-controller-68f9cc8dbf-phtdb,1.0,13631488
2026-09-16T20:58:03.379172+00:00,kai-scheduler,queue-controller-f86fcd76c-mr7t8,1.0,11534336
2026-09-16T20:58:03.379172+00:00,kube-system,coredns-8db54c48d-fx77w,2.0,40894464
2026-09-16T20:58:03.379172+00:00,kube-system,kwok-controller-5cf8c7c44b-rpchk,142.0,91226112
2026-09-16T20:58:03.379172+00:00,kube-system,local-path-provisioner-5d9d9885bc-p78bz,1.0,15728640
2026-09-16T20:58:03.379172+00:00,kube-system,metrics-server-75dc6f8d87-777bz,50.0,352321536
2026-09-16T20:58:03.379172+00:00,kube-system,svclb-traefik-cdc99fe8-dd4hl,0.0,0
2026-09-16T20:58:03.379172+00:00,kube-system,traefik-9bcdbbd9-6hsgh,1.0,98566144
2026-09-16T20:58:03.379172+00:00,pyroscope,pyroscope-0,6.0,152043520
2026-09-16T20:58:03.379172+00:00,pyroscope,pyroscope-alloy-0,163.0,650117120
2026-09-16T20:58:34.626977+00:00,grove-system,grove-operator-5bd8db875b-bhlrz,27.0,448790528
2026-09-16T20:58:34.626977+00:00,kai-scheduler,admission-86666f457d-bwph8,1.0,16777216
2026-09-16T20:58:34.626977+00:00,kai-scheduler,kai-operator-69b5d7bcf7-bvhpv,1.0,83886080
2026-09-16T20:58:34.626977+00:00,kai-scheduler,pod-grouper-65456f756-ck9lt,1.0,11534336
2026-09-16T20:58:34.626977+00:00,kai-scheduler,podgroup-controller-68f9cc8dbf-phtdb,1.0,13631488
2026-09-16T20:58:34.626977+00:00,kai-scheduler,queue-controller-f86fcd76c-mr7t8,1.0,11534336
2026-09-16T20:58:34.626977+00:00,kube-system,coredns-8db54c48d-fx77w,2.0,41943040
2026-09-16T20:58:34.626977+00:00,kube-system,kwok-controller-5cf8c7c44b-rpchk,152.0,90177536
2026-09-16T20:58:34.626977+00:00,kube-system,local-path-provisioner-5d9d9885bc-p78bz,1.0,15728640
2026-09-16T20:58:34.626977+00:00,kube-system,metrics-server-75dc6f8d87-777bz,66.0,351272960
2026-09-16T20:58:34.626977+00:00,kube-system,svclb-traefik-cdc99fe8-dd4hl,0.0,0
2026-09-16T20:58:34.626977+00:00,kube-system,traefik-9bcdbbd9-6hsgh,1.0,99614720
2026-09-16T20:58:34.626977+00:00,pyroscope,pyroscope-0,6.0,152043520
2026-09-16T20:58:34.626977+00:00,pyroscope,pyroscope-alloy-0,172.0,650117120
2026-09-16T20:59:05.870162+00:00,grove-system,grove-operator-5bd8db875b-bhlrz,26.0,450887680
2026-09-16T20:59:05.870162+00:00,kai-scheduler,admission-86666f457d-bwph8,1.0,16777216
2026-09-16T20:59:05.870162+00:00,kai-scheduler,kai-operator-69b5d7bcf7-bvhpv,1.0,83886080
2026-09-16T20:59:05.870162+00:00,kai-scheduler,pod-grouper-65456f756-ck9lt,1.0,11534336
2026-09-16T20:59:05.870162+00:00,kai-scheduler,podgroup-controller-68f9cc8dbf-phtdb,1.0,13631488
2026-09-16T20:59:05.870162+00:00,kai-scheduler,queue-controller-f86fcd76c-mr7t8,1.0,11534336
2026-09-16T20:59:05.870162+00:00,kube-system,coredns-8db54c48d-fx77w,2.0,41943040
2026-09-16T20:59:05.870162+00:00,kube-system,kwok-controller-5cf8c7c44b-rpchk,144.0,90177536
2026-09-16T20:59:05.870162+00:00,kube-system,local-path-provisioner-5d9d9885bc-p78bz,1.0,15728640
2026-09-16T20:59:05.870162+00:00,kube-system,metrics-server-75dc6f8d87-777bz,53.0,348127232
2026-09-16T20:59:05.870162+00:00,kube-system,svclb-traefik-cdc99fe8-dd4hl,0.0,0
2026-09-16T20:59:05.870162+00:00,kube-system,traefik-9bcdbbd9-6hsgh,2.0,98566144
2026-09-16T20:59:05.870162+00:00,pyroscope,pyroscope-0,6.0,152043520
2026-09-16T20:59:05.870162+00:00,pyroscope,pyroscope-alloy-0,168.0,638582784
2026-09-16T20:59:37.115399+00:00,grove-system,grove-operator-5bd8db875b-bhlrz,35.0,447741952
2026-09-16T20:59:37.115399+00:00,kai-scheduler,admission-86666f457d-bwph8,1.0,16777216
2026-09-16T20:59:37.115399+00:00,kai-scheduler,kai-operator-69b5d7bcf7-bvhpv,4.0,83886080
2026-09-16T20:59:37.115399+00:00,kai-scheduler,pod-grouper-65456f756-ck9lt,1.0,11534336
2026-09-16T20:59:37.115399+00:00,kai-scheduler,podgroup-controller-68f9cc8dbf-phtdb,1.0,13631488
2026-09-16T20:59:37.115399+00:00,kai-scheduler,queue-controller-f86fcd76c-mr7t8,1.0,11534336
2026-09-16T20:59:37.115399+00:00,kube-system,coredns-8db54c48d-fx77w,2.0,40894464
2026-09-16T20:59:37.115399+00:00,kube-system,kwok-controller-5cf8c7c44b-rpchk,138.0,90177536
2026-09-16T20:59:37.115399+00:00,kube-system,local-path-provisioner-5d9d9885bc-p78bz,1.0,15728640
2026-09-16T20:59:37.115399+00:00,kube-system,metrics-server-75dc6f8d87-777bz,53.0,329252864
2026-09-16T20:59:37.115399+00:00,kube-system,svclb-traefik-cdc99fe8-dd4hl,0.0,0
2026-09-16T20:59:37.115399+00:00,kube-system,traefik-9bcdbbd9-6hsgh,1.0,98566144
2026-09-16T20:59:37.115399+00:00,pyroscope,pyroscope-0,6.0,152043520
2026-09-16T20:59:37.115399+00:00,pyroscope,pyroscope-alloy-0,162.0,635437056
2026-09-16T21:00:08.372546+00:00,grove-system,grove-operator-5bd8db875b-bhlrz,28.0,454033408
2026-09-16T21:00:08.372546+00:00,kai-scheduler,admission-86666f457d-bwph8,1.0,16777216
2026-09-16T21:00:08.372546+00:00,kai-scheduler,kai-operator-69b5d7bcf7-bvhpv,1.0,83886080
2026-09-16T21:00:08.372546+00:00,kai-scheduler,pod-grouper-65456f756-ck9lt,1.0,11534336
2026-09-16T21:00:08.372546+00:00,kai-scheduler,podgroup-controller-68f9cc8dbf-phtdb,1.0,13631488
2026-09-16T21:00:08.372546+00:00,kai-scheduler,queue-controller-f86fcd76c-mr7t8,1.0,11534336
2026-09-16T21:00:08.372546+00:00,kube-system,coredns-8db54c48d-fx77w,2.0,40894464
2026-09-16T21:00:08.372546+00:00,kube-system,kwok-controller-5cf8c7c44b-rpchk,139.0,89128960
2026-09-16T21:00:08.372546+00:00,kube-system,local-path-provisioner-5d9d9885bc-p78bz,1.0,15728640
2026-09-16T21:00:08.372546+00:00,kube-system,metrics-server-75dc6f8d87-777bz,52.0,277872640
2026-09-16T21:00:08.372546+00:00,kube-system,svclb-traefik-cdc99fe8-dd4hl,0.0,0
2026-09-16T21:00:08.372546+00:00,kube-system,traefik-9bcdbbd9-6hsgh,1.0,98566144
2026-09-16T21:00:08.372546+00:00,pyroscope,pyroscope-0,7.0,145752064
2026-09-16T21:00:08.372546+00:00,pyroscope,pyroscope-alloy-0,181.0,630194176
2026-09-16T21:00:39.625618+00:00,grove-system,grove-operator-5bd8db875b-bhlrz,28.0,456130560
2026-09-16T21:00:39.625618+00:00,kai-scheduler,admission-86666f457d-bwph8,1.0,16777216
2026-09-16T21:00:39.625618+00:00,kai-scheduler,kai-operator-69b5d7bcf7-bvhpv,2.0,82837504
2026-09-16T21:00:39.625618+00:00,kai-scheduler,pod-grouper-65456f756-ck9lt,1.0,11534336
2026-09-16T21:00:39.625618+00:00,kai-scheduler,podgroup-controller-68f9cc8dbf-phtdb,1.0,13631488
2026-09-16T21:00:39.625618+00:00,kai-scheduler,queue-controller-f86fcd76c-mr7t8,1.0,11534336
2026-09-16T21:00:39.625618+00:00,kube-system,coredns-8db54c48d-fx77w,2.0,42991616
2026-09-16T21:00:39.625618+00:00,kube-system,kwok-controller-5cf8c7c44b-rpchk,142.0,90177536
2026-09-16T21:00:39.625618+00:00,kube-system,local-path-provisioner-5d9d9885bc-p78bz,1.0,15728640
2026-09-16T21:00:39.625618+00:00,kube-system,metrics-server-75dc6f8d87-777bz,48.0,262144000
2026-09-16T21:00:39.625618+00:00,kube-system,svclb-traefik-cdc99fe8-dd4hl,0.0,0
2026-09-16T21:00:39.625618+00:00,kube-system,traefik-9bcdbbd9-6hsgh,1.0,98566144
2026-09-16T21:00:39.625618+00:00,pyroscope,pyroscope-0,6.0,146800640
2026-09-16T21:00:39.625618+00:00,pyroscope,pyroscope-alloy-0,145.0,632291328
2026-09-16T21:01:10.875698+00:00,grove-system,grove-operator-5bd8db875b-bhlrz,38.0,449839104
2026-09-16T21:01:10.875698+00:00,kai-scheduler,admission-86666f457d-bwph8,1.0,16777216
2026-09-16T21:01:10.875698+00:00,kai-scheduler,kai-operator-69b5d7bcf7-bvhpv,1.0,82837504
2026-09-16T21:01:10.875698+00:00,kai-scheduler,pod-grouper-65456f756-ck9lt,1.0,11534336
2026-09-16T21:01:10.875698+00:00,kai-scheduler,podgroup-controller-68f9cc8dbf-phtdb,1.0,13631488
2026-09-16T21:01:10.875698+00:00,kai-scheduler,queue-controller-f86fcd76c-mr7t8,1.0,11534336
2026-09-16T21:01:10.875698+00:00,kube-system,coredns-8db54c48d-fx77w,2.0,41943040
2026-09-16T21:01:10.875698+00:00,kube-system,kwok-controller-5cf8c7c44b-rpchk,146.0,89128960
2026-09-16T21:01:10.875698+00:00,kube-system,local-path-provisioner-5d9d9885bc-p78bz,1.0,15728640
2026-09-16T21:01:10.875698+00:00,kube-system,metrics-server-75dc6f8d87-777bz,59.0,266338304
2026-09-16T21:01:10.875698+00:00,kube-system,svclb-traefik-cdc99fe8-dd4hl,0.0,0
2026-09-16T21:01:10.875698+00:00,kube-system,traefik-9bcdbbd9-6hsgh,3.0,98566144
2026-09-16T21:01:10.875698+00:00,pyroscope,pyroscope-0,6.0,146800640
2026-09-16T21:01:10.875698+00:00,pyroscope,pyroscope-alloy-0,120.0,622854144
2026-09-16T21:01:42.127535+00:00,grove-system,grove-operator-5bd8db875b-bhlrz,27.0,452984832
2026-09-16T21:01:42.127535+00:00,kai-scheduler,admission-86666f457d-bwph8,1.0,16777216
2026-09-16T21:01:42.127535+00:00,kai-scheduler,kai-operator-69b5d7bcf7-bvhpv,1.0,82837504
2026-09-16T21:01:42.127535+00:00,kai-scheduler,pod-grouper-65456f756-ck9lt,1.0,11534336
2026-09-16T21:01:42.127535+00:00,kai-scheduler,podgroup-controller-68f9cc8dbf-phtdb,1.0,13631488
2026-09-16T21:01:42.127535+00:00,kai-scheduler,queue-controller-f86fcd76c-mr7t8,1.0,11534336
2026-09-16T21:01:42.127535+00:00,kube-system,coredns-8db54c48d-fx77w,2.0,41943040
2026-09-16T21:01:42.127535+00:00,kube-system,kwok-controller-5cf8c7c44b-rpchk,387.0,99614720
2026-09-16T21:01:42.127535+00:00,kube-system,local-path-provisioner-5d9d9885bc-p78bz,1.0,15728640
2026-09-16T21:01:42.127535+00:00,kube-system,metrics-server-75dc6f8d87-777bz,49.0,267386880
2026-09-16T21:01:42.127535+00:00,kube-system,svclb-traefik-cdc99fe8-dd4hl,0.0,0
2026-09-16T21:01:42.127535+00:00,kube-system,traefik-9bcdbbd9-6hsgh,1.0,98566144
2026-09-16T21:01:42.127535+00:00,pyroscope,pyroscope-0,6.0,147849216
2026-09-16T21:01:42.127535+00:00,pyroscope,pyroscope-alloy-0,116.0,609222656
2026-09-16T21:02:13.373536+00:00,grove-system,grove-operator-5bd8db875b-bhlrz,27.0,459276288
2026-09-16T21:02:13.373536+00:00,kai-scheduler,admission-86666f457d-bwph8,1.0,16777216
2026-09-16T21:02:13.373536+00:00,kai-scheduler,kai-operator-69b5d7bcf7-bvhpv,1.0,82837504
2026-09-16T21:02:13.373536+00:00,kai-scheduler,pod-grouper-65456f756-ck9lt,1.0,11534336
2026-09-16T21:02:13.373536+00:00,kai-scheduler,podgroup-controller-68f9cc8dbf-phtdb,1.0,13631488
2026-09-16T21:02:13.373536+00:00,kai-scheduler,queue-controller-f86fcd76c-mr7t8,1.0,11534336
2026-09-16T21:02:13.373536+00:00,kube-system,coredns-8db54c48d-fx77w,2.0,41943040
2026-09-16T21:02:13.373536+00:00,kube-system,kwok-controller-5cf8c7c44b-rpchk,137.0,89128960
2026-09-16T21:02:13.373536+00:00,kube-system,local-path-provisioner-5d9d9885bc-p78bz,1.0,15728640
2026-09-16T21:02:13.373536+00:00,kube-system,metrics-server-75dc6f8d87-777bz,55.0,267386880
2026-09-16T21:02:13.373536+00:00,kube-system,svclb-traefik-cdc99fe8-dd4hl,0.0,0
2026-09-16T21:02:13.373536+00:00,kube-system,traefik-9bcdbbd9-6hsgh,1.0,98566144
2026-09-16T21:02:13.373536+00:00,pyroscope,pyroscope-0,7.0,147849216
2026-09-16T21:02:13.373536+00:00,pyroscope,pyroscope-alloy-0,119.0,616562688
2026-09-16T21:02:44.619180+00:00,grove-system,grove-operator-5bd8db875b-bhlrz,24.0,450887680
2026-09-16T21:02:44.619180+00:00,kai-scheduler,admission-86666f457d-bwph8,1.0,16777216
2026-09-16T21:02:44.619180+00:00,kai-scheduler,kai-operator-69b5d7bcf7-bvhpv,2.0,79691776
2026-09-16T21:02:44.619180+00:00,kai-scheduler,pod-grouper-65456f756-ck9lt,1.0,11534336
2026-09-16T21:02:44.619180+00:00,kai-scheduler,podgroup-controller-68f9cc8dbf-phtdb,1.0,13631488
2026-09-16T21:02:44.619180+00:00,kai-scheduler,queue-controller-f86fcd76c-mr7t8,1.0,11534336
2026-09-16T21:02:44.619180+00:00,kube-system,coredns-8db54c48d-fx77w,2.0,41943040
2026-09-16T21:02:44.619180+00:00,kube-system,kwok-controller-5cf8c7c44b-rpchk,140.0,90177536
2026-09-16T21:02:44.619180+00:00,kube-system,local-path-provisioner-5d9d9885bc-p78bz,1.0,15728640
2026-09-16T21:02:44.619180+00:00,kube-system,metrics-server-75dc6f8d87-777bz,55.0,269484032
2026-09-16T21:02:44.619180+00:00,kube-system,svclb-traefik-cdc99fe8-dd4hl,0.0,0
2026-09-16T21:02:44.619180+00:00,kube-system,traefik-9bcdbbd9-6hsgh,2.0,99614720
2026-09-16T21:02:44.619180+00:00,pyroscope,pyroscope-0,6.0,152043520
2026-09-16T21:02:44.619180+00:00,pyroscope,pyroscope-alloy-0,100.0,600834048
2026-09-16T21:03:15.870108+00:00,grove-system,grove-operator-5bd8db875b-bhlrz,27.0,451936256
2026-09-16T21:03:15.870108+00:00,kai-scheduler,admission-86666f457d-bwph8,1.0,16777216
2026-09-16T21:03:15.870108+00:00,kai-scheduler,kai-operator-69b5d7bcf7-bvhpv,1.0,79691776
2026-09-16T21:03:15.870108+00:00,kai-scheduler,pod-grouper-65456f756-ck9lt,1.0,11534336
2026-09-16T21:03:15.870108+00:00,kai-scheduler,podgroup-controller-68f9cc8dbf-phtdb,1.0,13631488
2026-09-16T21:03:15.870108+00:00,kai-scheduler,queue-controller-f86fcd76c-mr7t8,1.0,11534336
2026-09-16T21:03:15.870108+00:00,kube-system,coredns-8db54c48d-fx77w,2.0,41943040
2026-09-16T21:03:15.870108+00:00,kube-system,kwok-controller-5cf8c7c44b-rpchk,142.0,90177536
2026-09-16T21:03:15.870108+00:00,kube-system,local-path-provisioner-5d9d9885bc-p78bz,1.0,15728640
2026-09-16T21:03:15.870108+00:00,kube-system,metrics-server-75dc6f8d87-777bz,51.0,267386880
2026-09-16T21:03:15.870108+00:00,kube-system,svclb-traefik-cdc99fe8-dd4hl,0.0,0
2026-09-16T21:03:15.870108+00:00,kube-system,traefik-9bcdbbd9-6hsgh,1.0,99614720
2026-09-16T21:03:15.870108+00:00,pyroscope,pyroscope-0,6.0,153092096
2026-09-16T21:03:15.870108+00:00,pyroscope,pyroscope-alloy-0,120.0,592445440
2026-09-16T21:03:47.111653+00:00,grove-system,grove-operator-5bd8db875b-bhlrz,34.0,451936256
2026-09-16T21:03:47.111653+00:00,kai-scheduler,admission-86666f457d-bwph8,1.0,16777216
2026-09-16T21:03:47.111653+00:00,kai-scheduler,kai-operator-69b5d7bcf7-bvhpv,1.0,79691776
2026-09-16T21:03:47.111653+00:00,kai-scheduler,kai-scheduler-default-6fb4498964-d92jm,53.0,301989888
2026-09-16T21:03:47.111653+00:00,kai-scheduler,pod-grouper-65456f756-ck9lt,1.0,11534336
2026-09-16T21:03:47.111653+00:00,kai-scheduler,podgroup-controller-68f9cc8dbf-phtdb,1.0,13631488
2026-09-16T21:03:47.111653+00:00,kai-scheduler,queue-controller-f86fcd76c-mr7t8,1.0,11534336
2026-09-16T21:03:47.111653+00:00,kube-system,coredns-8db54c48d-fx77w,2.0,41943040
2026-09-16T21:03:47.111653+00:00,kube-system,kwok-controller-5cf8c7c44b-rpchk,132.0,88080384
2026-09-16T21:03:47.111653+00:00,kube-system,local-path-provisioner-5d9d9885bc-p78bz,1.0,15728640
2026-09-16T21:03:47.111653+00:00,kube-system,metrics-server-75dc6f8d87-777bz,47.0,265289728
2026-09-16T21:03:47.111653+00:00,kube-system,svclb-traefik-cdc99fe8-dd4hl,0.0,0
2026-09-16T21:03:47.111653+00:00,kube-system,traefik-9bcdbbd9-6hsgh,1.0,98566144
2026-09-16T21:03:47.111653+00:00,pyroscope,pyroscope-0,5.0,153092096
2026-09-16T21:03:47.111653+00:00,pyroscope,pyroscope-alloy-0,94.0,595591168
2026-09-16T21:04:18.360800+00:00,grove-system,grove-operator-5bd8db875b-bhlrz,28.0,455081984
2026-09-16T21:04:18.360800+00:00,kai-scheduler,admission-86666f457d-bwph8,1.0,16777216
2026-09-16T21:04:18.360800+00:00,kai-scheduler,kai-operator-69b5d7bcf7-bvhpv,1.0,79691776
2026-09-16T21:04:18.360800+00:00,kai-scheduler,kai-scheduler-default-6fb4498964-d92jm,79.0,298844160
2026-09-16T21:04:18.360800+00:00,kai-scheduler,pod-grouper-65456f756-ck9lt,1.0,11534336
2026-09-16T21:04:18.360800+00:00,kai-scheduler,podgroup-controller-68f9cc8dbf-phtdb,1.0,13631488
2026-09-16T21:04:18.360800+00:00,kai-scheduler,queue-controller-f86fcd76c-mr7t8,1.0,11534336
2026-09-16T21:04:18.360800+00:00,kube-system,coredns-8db54c48d-fx77w,2.0,40894464
2026-09-16T21:04:18.360800+00:00,kube-system,kwok-controller-5cf8c7c44b-rpchk,138.0,89128960
2026-09-16T21:04:18.360800+00:00,kube-system,local-path-provisioner-5d9d9885bc-p78bz,1.0,15728640
2026-09-16T21:04:18.360800+00:00,kube-system,metrics-server-75dc6f8d87-777bz,47.0,264241152
2026-09-16T21:04:18.360800+00:00,kube-system,svclb-traefik-cdc99fe8-dd4hl,0.0,0
2026-09-16T21:04:18.360800+00:00,kube-system,traefik-9bcdbbd9-6hsgh,1.0,98566144
2026-09-16T21:04:18.360800+00:00,pyroscope,pyroscope-0,6.0,153092096
2026-09-16T21:04:18.360800+00:00,pyroscope,pyroscope-alloy-0,71.0,572522496
2026-09-16T21:04:49.614230+00:00,grove-system,grove-operator-5bd8db875b-bhlrz,39.0,449839104
2026-09-16T21:04:49.614230+00:00,kai-scheduler,admission-86666f457d-bwph8,1.0,16777216
2026-09-16T21:04:49.614230+00:00,kai-scheduler,binder-869fc94c7-qhm2z,93.0,177209344
2026-09-16T21:04:49.614230+00:00,kai-scheduler,kai-operator-69b5d7bcf7-bvhpv,1.0,79691776
2026-09-16T21:04:49.614230+00:00,kai-scheduler,kai-scheduler-default-6fb4498964-d92jm,74.0,291504128
2026-09-16T21:04:49.614230+00:00,kai-scheduler,pod-grouper-65456f756-ck9lt,1.0,11534336
2026-09-16T21:04:49.614230+00:00,kai-scheduler,podgroup-controller-68f9cc8dbf-phtdb,1.0,13631488
2026-09-16T21:04:49.614230+00:00,kai-scheduler,queue-controller-f86fcd76c-mr7t8,1.0,11534336
2026-09-16T21:04:49.614230+00:00,kube-system,coredns-8db54c48d-fx77w,3.0,40894464
2026-09-16T21:04:49.614230+00:00,kube-system,kwok-controller-5cf8c7c44b-rpchk,138.0,88080384
2026-09-16T21:04:49.614230+00:00,kube-system,local-path-provisioner-5d9d9885bc-p78bz,1.0,15728640
2026-09-16T21:04:49.614230+00:00,kube-system,metrics-server-75dc6f8d87-777bz,56.0,265289728
2026-09-16T21:04:49.614230+00:00,kube-system,svclb-traefik-cdc99fe8-dd4hl,0.0,0
2026-09-16T21:04:49.614230+00:00,kube-system,traefik-9bcdbbd9-6hsgh,1.0,98566144
2026-09-16T21:04:49.614230+00:00,pyroscope,pyroscope-0,7.0,154140672
2026-09-16T21:04:49.614230+00:00,pyroscope,pyroscope-alloy-0,82.0,579862528
2026-09-16T21:05:20.861885+00:00,grove-system,grove-operator-5bd8db875b-bhlrz,27.0,454033408
2026-09-16T21:05:20.861885+00:00,kai-scheduler,admission-86666f457d-bwph8,1.0,16777216
2026-09-16T21:05:20.861885+00:00,kai-scheduler,kai-operator-69b5d7bcf7-bvhpv,4.0,83886080
2026-09-16T21:05:20.861885+00:00,kai-scheduler,kai-scheduler-default-6fb4498964-d92jm,66.0,261095424
2026-09-16T21:05:20.861885+00:00,kai-scheduler,pod-grouper-65456f756-ck9lt,1.0,11534336
2026-09-16T21:05:20.861885+00:00,kai-scheduler,podgroup-controller-68f9cc8dbf-phtdb,1.0,13631488
2026-09-16T21:05:20.861885+00:00,kai-scheduler,queue-controller-f86fcd76c-mr7t8,1.0,11534336
2026-09-16T21:05:20.861885+00:00,kube-system,coredns-8db54c48d-fx77w,2.0,40894464
2026-09-16T21:05:20.861885+00:00,kube-system,kwok-controller-5cf8c7c44b-rpchk,144.0,89128960
2026-09-16T21:05:20.861885+00:00,kube-system,local-path-provisioner-5d9d9885bc-p78bz,1.0,15728640
2026-09-16T21:05:20.861885+00:00,kube-system,metrics-server-75dc6f8d87-777bz,55.0,265289728
2026-09-16T21:05:20.861885+00:00,kube-system,svclb-traefik-cdc99fe8-dd4hl,0.0,0
2026-09-16T21:05:20.861885+00:00,kube-system,traefik-9bcdbbd9-6hsgh,1.0,98566144
2026-09-16T21:05:20.861885+00:00,pyroscope,pyroscope-0,4.0,153092096
2026-09-16T21:05:20.861885+00:00,pyroscope,pyroscope-alloy-0,73.0,567279616
2026-09-16T21:05:52.106259+00:00,grove-system,grove-operator-5bd8db875b-bhlrz,35.0,450887680
2026-09-16T21:05:52.106259+00:00,kai-scheduler,admission-86666f457d-bwph8,1.0,16777216
2026-09-16T21:05:52.106259+00:00,kai-scheduler,kai-operator-69b5d7bcf7-bvhpv,1.0,83886080
2026-09-16T21:05:52.106259+00:00,kai-scheduler,kai-scheduler-default-6fb4498964-d92jm,59.0,244318208
2026-09-16T21:05:52.106259+00:00,kai-scheduler,pod-grouper-65456f756-ck9lt,1.0,11534336
2026-09-16T21:05:52.106259+00:00,kai-scheduler,podgroup-controller-68f9cc8dbf-phtdb,1.0,13631488
2026-09-16T21:05:52.106259+00:00,kai-scheduler,queue-controller-f86fcd76c-mr7t8,1.0,11534336
2026-09-16T21:05:52.106259+00:00,kube-system,coredns-8db54c48d-fx77w,2.0,40894464
2026-09-16T21:05:52.106259+00:00,kube-system,kwok-controller-5cf8c7c44b-rpchk,142.0,89128960
2026-09-16T21:05:52.106259+00:00,kube-system,local-path-provisioner-5d9d9885bc-p78bz,1.0,15728640
2026-09-16T21:05:52.106259+00:00,kube-system,metrics-server-75dc6f8d87-777bz,53.0,267386880
2026-09-16T21:05:52.106259+00:00,kube-system,svclb-traefik-cdc99fe8-dd4hl,0.0,0
2026-09-16T21:05:52.106259+00:00,kube-system,traefik-9bcdbbd9-6hsgh,1.0,98566144
2026-09-16T21:05:52.106259+00:00,pyroscope,pyroscope-0,6.0,153092096
2026-09-16T21:05:52.106259+00:00,pyroscope,pyroscope-alloy-0,57.0,546308096
2026-09-16T21:06:23.358559+00:00,grove-system,grove-operator-5bd8db875b-bhlrz,36.0,449839104
2026-09-16T21:06:23.358559+00:00,kai-scheduler,admission-86666f457d-bwph8,1.0,16777216
2026-09-16T21:06:23.358559+00:00,kai-scheduler,kai-operator-69b5d7bcf7-bvhpv,3.0,83886080
2026-09-16T21:06:23.358559+00:00,kai-scheduler,kai-scheduler-default-6fb4498964-d92jm,57.0,216006656
2026-09-16T21:06:23.358559+00:00,kai-scheduler,pod-grouper-65456f756-ck9lt,1.0,11534336
2026-09-16T21:06:23.358559+00:00,kai-scheduler,podgroup-controller-68f9cc8dbf-phtdb,1.0,13631488
2026-09-16T21:06:23.358559+00:00,kai-scheduler,queue-controller-f86fcd76c-mr7t8,1.0,11534336
2026-09-16T21:06:23.358559+00:00,kube-system,coredns-8db54c48d-fx77w,2.0,41943040
2026-09-16T21:06:23.358559+00:00,kube-system,kwok-controller-5cf8c7c44b-rpchk,139.0,87031808
2026-09-16T21:06:23.358559+00:00,kube-system,local-path-provisioner-5d9d9885bc-p78bz,1.0,15728640
2026-09-16T21:06:23.358559+00:00,kube-system,metrics-server-75dc6f8d87-777bz,51.0,267386880
2026-09-16T21:06:23.358559+00:00,kube-system,svclb-traefik-cdc99fe8-dd4hl,0.0,0
2026-09-16T21:06:23.358559+00:00,kube-system,traefik-9bcdbbd9-6hsgh,1.0,98566144
2026-09-16T21:06:23.358559+00:00,pyroscope,pyroscope-0,6.0,153092096
2026-09-16T21:06:23.358559+00:00,pyroscope,pyroscope-alloy-0,64.0,530579456
2026-09-16T21:06:54.605600+00:00,grove-system,grove-operator-5bd8db875b-bhlrz,33.0,449839104
2026-09-16T21:06:54.605600+00:00,kai-scheduler,admission-86666f457d-bwph8,1.0,16777216
2026-09-16T21:06:54.605600+00:00,kai-scheduler,kai-operator-69b5d7bcf7-bvhpv,1.0,83886080
2026-09-16T21:06:54.605600+00:00,kai-scheduler,kai-scheduler-default-6fb4498964-d92jm,47.0,202375168
2026-09-16T21:06:54.605600+00:00,kai-scheduler,pod-grouper-65456f756-ck9lt,1.0,11534336
2026-09-16T21:06:54.605600+00:00,kai-scheduler,podgroup-controller-68f9cc8dbf-phtdb,1.0,13631488
2026-09-16T21:06:54.605600+00:00,kai-scheduler,queue-controller-f86fcd76c-mr7t8,1.0,11534336
2026-09-16T21:06:54.605600+00:00,kube-system,coredns-8db54c48d-fx77w,2.0,41943040
2026-09-16T21:06:54.605600+00:00,kube-system,kwok-controller-5cf8c7c44b-rpchk,153.0,88080384
2026-09-16T21:06:54.605600+00:00,kube-system,local-path-provisioner-5d9d9885bc-p78bz,1.0,15728640
2026-09-16T21:06:54.605600+00:00,kube-system,metrics-server-75dc6f8d87-777bz,53.0,267386880
2026-09-16T21:06:54.605600+00:00,kube-system,svclb-traefik-cdc99fe8-dd4hl,0.0,0
2026-09-16T21:06:54.605600+00:00,kube-system,traefik-9bcdbbd9-6hsgh,1.0,98566144
2026-09-16T21:06:54.605600+00:00,pyroscope,pyroscope-0,6.0,153092096
2026-09-16T21:06:54.605600+00:00,pyroscope,pyroscope-alloy-0,48.0,515899392
2026-09-16T21:07:25.848314+00:00,grove-system,grove-operator-5bd8db875b-bhlrz,36.0,448790528
2026-09-16T21:07:25.848314+00:00,kai-scheduler,admission-86666f457d-bwph8,1.0,16777216
2026-09-16T21:07:25.848314+00:00,kai-scheduler,kai-operator-69b5d7bcf7-bvhpv,1.0,84934656
2026-09-16T21:07:25.848314+00:00,kai-scheduler,kai-scheduler-default-6fb4498964-d92jm,43.0,197132288
2026-09-16T21:07:25.848314+00:00,kai-scheduler,pod-grouper-65456f756-ck9lt,1.0,11534336
2026-09-16T21:07:25.848314+00:00,kai-scheduler,podgroup-controller-68f9cc8dbf-phtdb,1.0,13631488
2026-09-16T21:07:25.848314+00:00,kai-scheduler,queue-controller-f86fcd76c-mr7t8,1.0,11534336
2026-09-16T21:07:25.848314+00:00,kube-system,coredns-8db54c48d-fx77w,2.0,40894464
2026-09-16T21:07:25.848314+00:00,kube-system,kwok-controller-5cf8c7c44b-rpchk,140.0,87031808
2026-09-16T21:07:25.848314+00:00,kube-system,local-path-provisioner-5d9d9885bc-p78bz,1.0,15728640
2026-09-16T21:07:25.848314+00:00,kube-system,metrics-server-75dc6f8d87-777bz,56.0,266338304
2026-09-16T21:07:25.848314+00:00,kube-system,svclb-traefik-cdc99fe8-dd4hl,0.0,0
2026-09-16T21:07:25.848314+00:00,kube-system,traefik-9bcdbbd9-6hsgh,1.0,98566144
2026-09-16T21:07:25.848314+00:00,pyroscope,pyroscope-0,6.0,154140672
2026-09-16T21:07:25.848314+00:00,pyroscope,pyroscope-alloy-0,43.0,515899392
2026-09-16T21:07:57.104324+00:00,grove-system,grove-operator-5bd8db875b-bhlrz,40.0,449839104
2026-09-16T21:07:57.104324+00:00,kai-scheduler,admission-86666f457d-bwph8,1.0,16777216
2026-09-16T21:07:57.104324+00:00,kai-scheduler,kai-operator-69b5d7bcf7-bvhpv,1.0,83886080
2026-09-16T21:07:57.104324+00:00,kai-scheduler,kai-scheduler-default-6fb4498964-d92jm,35.0,198180864
2026-09-16T21:07:57.104324+00:00,kai-scheduler,pod-grouper-65456f756-ck9lt,1.0,11534336
2026-09-16T21:07:57.104324+00:00,kai-scheduler,podgroup-controller-68f9cc8dbf-phtdb,1.0,13631488
2026-09-16T21:07:57.104324+00:00,kai-scheduler,queue-controller-f86fcd76c-mr7t8,1.0,11534336
2026-09-16T21:07:57.104324+00:00,kube-system,coredns-8db54c48d-fx77w,2.0,41943040
2026-09-16T21:07:57.104324+00:00,kube-system,kwok-controller-5cf8c7c44b-rpchk,133.0,88080384
2026-09-16T21:07:57.104324+00:00,kube-system,local-path-provisioner-5d9d9885bc-p78bz,1.0,15728640
2026-09-16T21:07:57.104324+00:00,kube-system,metrics-server-75dc6f8d87-777bz,47.0,266338304
2026-09-16T21:07:57.104324+00:00,kube-system,svclb-traefik-cdc99fe8-dd4hl,0.0,0
2026-09-16T21:07:57.104324+00:00,kube-system,traefik-9bcdbbd9-6hsgh,1.0,98566144
2026-09-16T21:07:57.104324+00:00,pyroscope,pyroscope-0,5.0,154140672
2026-09-16T21:07:57.104324+00:00,pyroscope,pyroscope-alloy-0,37.0,501219328
2026-09-16T21:08:28.355536+00:00,grove-system,grove-operator-5bd8db875b-bhlrz,24.0,444596224
2026-09-16T21:08:28.355536+00:00,kai-scheduler,admission-86666f457d-bwph8,1.0,16777216
2026-09-16T21:08:28.355536+00:00,kai-scheduler,kai-operator-69b5d7bcf7-bvhpv,32.0,103809024
2026-09-16T21:08:28.355536+00:00,kai-scheduler,kai-scheduler-default-6fb4498964-d92jm,41.0,196083712
2026-09-16T21:08:28.355536+00:00,kai-scheduler,pod-grouper-65456f756-ck9lt,1.0,11534336
2026-09-16T21:08:28.355536+00:00,kai-scheduler,podgroup-controller-68f9cc8dbf-phtdb,1.0,13631488
2026-09-16T21:08:28.355536+00:00,kai-scheduler,queue-controller-f86fcd76c-mr7t8,1.0,11534336
2026-09-16T21:08:28.355536+00:00,kube-system,coredns-8db54c48d-fx77w,2.0,41943040
2026-09-16T21:08:28.355536+00:00,kube-system,kwok-controller-5cf8c7c44b-rpchk,106.0,88080384
2026-09-16T21:08:28.355536+00:00,kube-system,local-path-provisioner-5d9d9885bc-p78bz,1.0,15728640
2026-09-16T21:08:28.355536+00:00,kube-system,metrics-server-75dc6f8d87-777bz,49.0,265289728
2026-09-16T21:08:28.355536+00:00,kube-system,svclb-traefik-cdc99fe8-dd4hl,0.0,0
2026-09-16T21:08:28.355536+00:00,kube-system,traefik-9bcdbbd9-6hsgh,39.0,117440512
2026-09-16T21:08:28.355536+00:00,pyroscope,pyroscope-0,5.0,158334976
2026-09-16T21:08:28.355536+00:00,pyroscope,pyroscope-alloy-0,4.0,483393536
2026-09-16T21:08:59.609605+00:00,grove-system,grove-operator-5bd8db875b-bhlrz,5.0,449839104
2026-09-16T21:08:59.609605+00:00,kai-scheduler,admission-86666f457d-bwph8,1.0,16777216
2026-09-16T21:08:59.609605+00:00,kai-scheduler,kai-operator-69b5d7bcf7-bvhpv,38.0,105906176
2026-09-16T21:08:59.609605+00:00,kai-scheduler,kai-scheduler-default-6fb4498964-d92jm,38.0,196083712
2026-09-16T21:08:59.609605+00:00,kai-scheduler,pod-grouper-65456f756-ck9lt,1.0,11534336
2026-09-16T21:08:59.609605+00:00,kai-scheduler,podgroup-controller-68f9cc8dbf-phtdb,1.0,13631488
2026-09-16T21:08:59.609605+00:00,kai-scheduler,queue-controller-f86fcd76c-mr7t8,1.0,11534336
2026-09-16T21:08:59.609605+00:00,kube-system,coredns-8db54c48d-fx77w,4.0,41943040
2026-09-16T21:08:59.609605+00:00,kube-system,kwok-controller-5cf8c7c44b-rpchk,101.0,87031808
2026-09-16T21:08:59.609605+00:00,kube-system,local-path-provisioner-5d9d9885bc-p78bz,1.0,15728640
2026-09-16T21:08:59.609605+00:00,kube-system,metrics-server-75dc6f8d87-777bz,47.0,264241152
2026-09-16T21:08:59.609605+00:00,kube-system,svclb-traefik-cdc99fe8-dd4hl,0.0,0
2026-09-16T21:08:59.609605+00:00,kube-system,traefik-9bcdbbd9-6hsgh,48.0,117440512
2026-09-16T21:08:59.609605+00:00,pyroscope,pyroscope-0,6.0,161480704
2026-09-16T21:08:59.609605+00:00,pyroscope,pyroscope-alloy-0,13.0,488636416
2026-09-16T21:09:30.874033+00:00,grove-system,grove-operator-5bd8db875b-bhlrz,632.0,479199232
2026-09-16T21:09:30.874033+00:00,kai-scheduler,admission-86666f457d-bwph8,1.0,16777216
2026-09-16T21:09:30.874033+00:00,kai-scheduler,kai-operator-69b5d7bcf7-bvhpv,9.0,102760448
2026-09-16T21:09:30.874033+00:00,kai-scheduler,kai-scheduler-default-6fb4498964-d92jm,82.0,211812352
2026-09-16T21:09:30.874033+00:00,kai-scheduler,pod-grouper-65456f756-ck9lt,1.0,11534336
2026-09-16T21:09:30.874033+00:00,kai-scheduler,podgroup-controller-68f9cc8dbf-phtdb,1.0,13631488
2026-09-16T21:09:30.874033+00:00,kai-scheduler,queue-controller-f86fcd76c-mr7t8,1.0,11534336
2026-09-16T21:09:30.874033+00:00,kube-system,coredns-8db54c48d-fx77w,6.0,42991616
2026-09-16T21:09:30.874033+00:00,kube-system,kwok-controller-5cf8c7c44b-rpchk,122.0,87031808
2026-09-16T21:09:30.874033+00:00,kube-system,local-path-provisioner-5d9d9885bc-p78bz,1.0,15728640
2026-09-16T21:09:30.874033+00:00,kube-system,metrics-server-75dc6f8d87-777bz,38.0,266338304
2026-09-16T21:09:30.874033+00:00,kube-system,svclb-traefik-cdc99fe8-dd4hl,0.0,0
2026-09-16T21:09:30.874033+00:00,kube-system,traefik-9bcdbbd9-6hsgh,23.0,116391936
2026-09-16T21:09:30.874033+00:00,pyroscope,pyroscope-0,6.0,161480704
2026-09-16T21:09:30.874033+00:00,pyroscope,pyroscope-alloy-0,69.0,505413632
2026-09-16T21:10:02.140327+00:00,grove-system,grove-operator-5bd8db875b-bhlrz,1005.0,534773760
2026-09-16T21:10:02.140327+00:00,kai-scheduler,admission-86666f457d-bwph8,1.0,16777216
2026-09-16T21:10:02.140327+00:00,kai-scheduler,kai-operator-69b5d7bcf7-bvhpv,1.0,102760448
2026-09-16T21:10:02.140327+00:00,kai-scheduler,kai-scheduler-default-6fb4498964-d92jm,90.0,281018368
2026-09-16T21:10:02.140327+00:00,kai-scheduler,pod-grouper-65456f756-ck9lt,1.0,11534336
2026-09-16T21:10:02.140327+00:00,kai-scheduler,podgroup-controller-68f9cc8dbf-phtdb,1.0,13631488
2026-09-16T21:10:02.140327+00:00,kai-scheduler,queue-controller-f86fcd76c-mr7t8,1.0,11534336
2026-09-16T21:10:02.140327+00:00,kube-system,coredns-8db54c48d-fx77w,10.0,44040192
2026-09-16T21:10:02.140327+00:00,kube-system,kwok-controller-5cf8c7c44b-rpchk,222.0,88080384
2026-09-16T21:10:02.140327+00:00,kube-system,local-path-provisioner-5d9d9885bc-p78bz,1.0,15728640
2026-09-16T21:10:02.140327+00:00,kube-system,metrics-server-75dc6f8d87-777bz,57.0,266338304
2026-09-16T21:10:02.140327+00:00,kube-system,svclb-traefik-cdc99fe8-dd4hl,0.0,0
2026-09-16T21:10:02.140327+00:00,kube-system,traefik-9bcdbbd9-6hsgh,8.0,119537664
2026-09-16T21:10:02.140327+00:00,pyroscope,pyroscope-0,36.0,368050176
2026-09-16T21:10:02.140327+00:00,pyroscope,pyroscope-alloy-0,110.0,568328192
2026-09-16T21:10:33.411451+00:00,grove-system,grove-operator-5bd8db875b-bhlrz,851.0,560988160
2026-09-16T21:10:33.411451+00:00,kai-scheduler,admission-86666f457d-bwph8,1.0,16777216
2026-09-16T21:10:33.411451+00:00,kai-scheduler,kai-operator-69b5d7bcf7-bvhpv,4.0,102760448
2026-09-16T21:10:33.411451+00:00,kai-scheduler,kai-scheduler-default-6fb4498964-d92jm,140.0,360710144
2026-09-16T21:10:33.411451+00:00,kai-scheduler,pod-grouper-65456f756-ck9lt,1.0,11534336
2026-09-16T21:10:33.411451+00:00,kai-scheduler,podgroup-controller-68f9cc8dbf-phtdb,1.0,13631488
2026-09-16T21:10:33.411451+00:00,kai-scheduler,queue-controller-f86fcd76c-mr7t8,1.0,11534336
2026-09-16T21:10:33.411451+00:00,kube-system,coredns-8db54c48d-fx77w,14.0,46137344
2026-09-16T21:10:33.411451+00:00,kube-system,kwok-controller-5cf8c7c44b-rpchk,316.0,85983232
2026-09-16T21:10:33.411451+00:00,kube-system,local-path-provisioner-5d9d9885bc-p78bz,1.0,15728640
2026-09-16T21:10:33.411451+00:00,kube-system,metrics-server-75dc6f8d87-777bz,72.0,269484032
2026-09-16T21:10:33.411451+00:00,kube-system,svclb-traefik-cdc99fe8-dd4hl,0.0,0
2026-09-16T21:10:33.411451+00:00,kube-system,traefik-9bcdbbd9-6hsgh,21.0,123731968
2026-09-16T21:10:33.411451+00:00,pyroscope,pyroscope-0,10.0,148897792
2026-09-16T21:10:33.411451+00:00,pyroscope,pyroscope-alloy-0,140.0,589299712
2026-09-16T21:11:04.679738+00:00,grove-system,grove-operator-5bd8db875b-bhlrz,2564.0,562036736
2026-09-16T21:11:04.679738+00:00,kai-scheduler,admission-86666f457d-bwph8,1.0,16777216
2026-09-16T21:11:04.679738+00:00,kai-scheduler,kai-operator-69b5d7bcf7-bvhpv,1.0,102760448
2026-09-16T21:11:04.679738+00:00,kai-scheduler,kai-scheduler-default-6fb4498964-d92jm,113.0,374341632
2026-09-16T21:11:04.679738+00:00,kai-scheduler,pod-grouper-65456f756-ck9lt,1.0,11534336
2026-09-16T21:11:04.679738+00:00,kai-scheduler,podgroup-controller-68f9cc8dbf-phtdb,1.0,13631488
2026-09-16T21:11:04.679738+00:00,kai-scheduler,queue-controller-f86fcd76c-mr7t8,1.0,11534336
2026-09-16T21:11:04.679738+00:00,kube-system,coredns-8db54c48d-fx77w,15.0,48234496
2026-09-16T21:11:04.679738+00:00,kube-system,kwok-controller-5cf8c7c44b-rpchk,316.0,88080384
2026-09-16T21:11:04.679738+00:00,kube-system,local-path-provisioner-5d9d9885bc-p78bz,1.0,15728640
2026-09-16T21:11:04.679738+00:00,kube-system,metrics-server-75dc6f8d87-777bz,59.0,272629760
2026-09-16T21:11:04.679738+00:00,kube-system,svclb-traefik-cdc99fe8-dd4hl,0.0,0
2026-09-16T21:11:04.679738+00:00,kube-system,traefik-9bcdbbd9-6hsgh,21.0,124780544
2026-09-16T21:11:04.679738+00:00,pyroscope,pyroscope-0,9.0,124780544
2026-09-16T21:11:04.679738+00:00,pyroscope,pyroscope-alloy-0,129.0,637534208
2026-09-16T21:11:36.021291+00:00,grove-system,grove-operator-5bd8db875b-bhlrz,1434.0,577765376
2026-09-16T21:11:36.021291+00:00,kai-scheduler,admission-86666f457d-bwph8,1.0,16777216
2026-09-16T21:11:36.021291+00:00,kai-scheduler,kai-operator-69b5d7bcf7-bvhpv,6.0,103809024
2026-09-16T21:11:36.021291+00:00,kai-scheduler,kai-scheduler-default-6fb4498964-d92jm,126.0,421527552
2026-09-16T21:11:36.021291+00:00,kai-scheduler,pod-grouper-65456f756-ck9lt,1.0,11534336
2026-09-16T21:11:36.021291+00:00,kai-scheduler,podgroup-controller-68f9cc8dbf-phtdb,1.0,13631488
2026-09-16T21:11:36.021291+00:00,kai-scheduler,queue-controller-f86fcd76c-mr7t8,1.0,11534336
2026-09-16T21:11:36.021291+00:00,kube-system,coredns-8db54c48d-fx77w,12.0,48234496
2026-09-16T21:11:36.021291+00:00,kube-system,kwok-controller-5cf8c7c44b-rpchk,316.0,89128960
2026-09-16T21:11:36.021291+00:00,kube-system,local-path-provisioner-5d9d9885bc-p78bz,1.0,15728640
2026-09-16T21:11:36.021291+00:00,kube-system,metrics-server-75dc6f8d87-777bz,53.0,283115520
2026-09-16T21:11:36.021291+00:00,kube-system,svclb-traefik-cdc99fe8-dd4hl,0.0,0
2026-09-16T21:11:36.021291+00:00,kube-system,traefik-9bcdbbd9-6hsgh,22.0,128974848
2026-09-16T21:11:36.021291+00:00,pyroscope,pyroscope-0,14.0,132120576
2026-09-16T21:11:36.021291+00:00,pyroscope,pyroscope-alloy-0,151.0,643825664
2026-09-16T21:12:07.286911+00:00,grove-system,grove-operator-5bd8db875b-bhlrz,801.0,628097024
2026-09-16T21:12:07.286911+00:00,kai-scheduler,admission-86666f457d-bwph8,1.0,16777216
2026-09-16T21:12:07.286911+00:00,kai-scheduler,kai-operator-69b5d7bcf7-bvhpv,1.0,102760448
2026-09-16T21:12:07.286911+00:00,kai-scheduler,kai-scheduler-default-6fb4498964-d92jm,148.0,482344960
2026-09-16T21:12:07.286911+00:00,kai-scheduler,pod-grouper-65456f756-ck9lt,1.0,11534336
2026-09-16T21:12:07.286911+00:00,kai-scheduler,podgroup-controller-68f9cc8dbf-phtdb,1.0,13631488
2026-09-16T21:12:07.286911+00:00,kai-scheduler,queue-controller-f86fcd76c-mr7t8,1.0,11534336
2026-09-16T21:12:07.286911+00:00,kube-system,coredns-8db54c48d-fx77w,5.0,48234496
2026-09-16T21:12:07.286911+00:00,kube-system,kwok-controller-5cf8c7c44b-rpchk,158.0,91226112
2026-09-16T21:12:07.286911+00:00,kube-system,local-path-provisioner-5d9d9885bc-p78bz,1.0,15728640
2026-09-16T21:12:07.286911+00:00,kube-system,metrics-server-75dc6f8d87-777bz,42.0,289406976
2026-09-16T21:12:07.286911+00:00,kube-system,svclb-traefik-cdc99fe8-dd4hl,0.0,0
2026-09-16T21:12:07.286911+00:00,kube-system,traefik-9bcdbbd9-6hsgh,5.0,128974848
2026-09-16T21:12:07.286911+00:00,pyroscope,pyroscope-0,8.0,130023424
2026-09-16T21:12:07.286911+00:00,pyroscope,pyroscope-alloy-0,169.0,670040064
2026-09-16T21:12:38.569841+00:00,grove-system,grove-operator-5bd8db875b-bhlrz,1499.0,667942912
2026-09-16T21:12:38.569841+00:00,kai-scheduler,admission-86666f457d-bwph8,1.0,16777216
2026-09-16T21:12:38.569841+00:00,kai-scheduler,kai-operator-69b5d7bcf7-bvhpv,1.0,91226112
2026-09-16T21:12:38.569841+00:00,kai-scheduler,pod-grouper-65456f756-ck9lt,1.0,11534336
2026-09-16T21:12:38.569841+00:00,kai-scheduler,podgroup-controller-68f9cc8dbf-phtdb,1.0,13631488
2026-09-16T21:12:38.569841+00:00,kai-scheduler,queue-controller-f86fcd76c-mr7t8,1.0,11534336
2026-09-16T21:12:38.569841+00:00,kube-system,coredns-8db54c48d-fx77w,7.0,49283072
2026-09-16T21:12:38.569841+00:00,kube-system,kwok-controller-5cf8c7c44b-rpchk,205.0,91226112
2026-09-16T21:12:38.569841+00:00,kube-system,local-path-provisioner-5d9d9885bc-p78bz,1.0,15728640
2026-09-16T21:12:38.569841+00:00,kube-system,metrics-server-75dc6f8d87-777bz,52.0,291504128
2026-09-16T21:12:38.569841+00:00,kube-system,svclb-traefik-cdc99fe8-dd4hl,0.0,0
2026-09-16T21:12:38.569841+00:00,kube-system,traefik-9bcdbbd9-6hsgh,6.0,127926272
2026-09-16T21:12:38.569841+00:00,pyroscope,pyroscope-0,9.0,130023424
2026-09-16T21:12:38.569841+00:00,pyroscope,pyroscope-alloy-0,178.0,724566016
2026-09-16T21:13:09.848877+00:00,grove-system,grove-operator-5bd8db875b-bhlrz,834.0,698351616
2026-09-16T21:13:09.848877+00:00,kai-scheduler,admission-86666f457d-bwph8,1.0,16777216
2026-09-16T21:13:09.848877+00:00,kai-scheduler,kai-operator-69b5d7bcf7-bvhpv,1.0,91226112
2026-09-16T21:13:09.848877+00:00,kai-scheduler,pod-grouper-65456f756-ck9lt,1.0,11534336
2026-09-16T21:13:09.848877+00:00,kai-scheduler,podgroup-controller-68f9cc8dbf-phtdb,1.0,13631488
2026-09-16T21:13:09.848877+00:00,kai-scheduler,queue-controller-f86fcd76c-mr7t8,1.0,11534336
2026-09-16T21:13:09.848877+00:00,kube-system,coredns-8db54c48d-fx77w,12.0,51380224
2026-09-16T21:13:09.848877+00:00,kube-system,kwok-controller-5cf8c7c44b-rpchk,323.0,90177536
2026-09-16T21:13:09.848877+00:00,kube-system,local-path-provisioner-5d9d9885bc-p78bz,1.0,15728640
2026-09-16T21:13:09.848877+00:00,kube-system,metrics-server-75dc6f8d87-777bz,72.0,310378496
2026-09-16T21:13:09.848877+00:00,kube-system,svclb-traefik-cdc99fe8-dd4hl,0.0,0
2026-09-16T21:13:09.848877+00:00,kube-system,traefik-9bcdbbd9-6hsgh,19.0,132120576
2026-09-16T21:13:09.848877+00:00,pyroscope,pyroscope-0,8.0,135266304
2026-09-16T21:13:09.848877+00:00,pyroscope,pyroscope-alloy-0,234.0,786432000
2026-09-16T21:13:41.120797+00:00,grove-system,grove-operator-5bd8db875b-bhlrz,3064.0,700448768
2026-09-16T21:13:41.120797+00:00,kai-scheduler,admission-86666f457d-bwph8,1.0,16777216
2026-09-16T21:13:41.120797+00:00,kai-scheduler,kai-operator-69b5d7bcf7-bvhpv,3.0,91226112
2026-09-16T21:13:41.120797+00:00,kai-scheduler,pod-grouper-65456f756-ck9lt,1.0,11534336
2026-09-16T21:13:41.120797+00:00,kai-scheduler,podgroup-controller-68f9cc8dbf-phtdb,1.0,13631488
2026-09-16T21:13:41.120797+00:00,kai-scheduler,queue-controller-f86fcd76c-mr7t8,1.0,11534336
2026-09-16T21:13:41.120797+00:00,kube-system,coredns-8db54c48d-fx77w,15.0,53477376
2026-09-16T21:13:41.120797+00:00,kube-system,kwok-controller-5cf8c7c44b-rpchk,322.0,91226112
2026-09-16T21:13:41.120797+00:00,kube-system,local-path-provisioner-5d9d9885bc-p78bz,1.0,15728640
2026-09-16T21:13:41.120797+00:00,kube-system,metrics-server-75dc6f8d87-777bz,65.0,312475648
2026-09-16T21:13:41.120797+00:00,kube-system,svclb-traefik-cdc99fe8-dd4hl,0.0,0
2026-09-16T21:13:41.120797+00:00,kube-system,traefik-9bcdbbd9-6hsgh,25.0,138412032
2026-09-16T21:13:41.120797+00:00,pyroscope,pyroscope-0,9.0,134217728
2026-09-16T21:13:41.120797+00:00,pyroscope,pyroscope-alloy-0,217.0,814743552
2026-09-16T21:14:12.367082+00:00,grove-system,grove-operator-5bd8db875b-bhlrz,864.0,702545920
2026-09-16T21:14:12.367082+00:00,kai-scheduler,admission-86666f457d-bwph8,1.0,16777216
2026-09-16T21:14:12.367082+00:00,kai-scheduler,kai-operator-69b5d7bcf7-bvhpv,7.0,96468992
2026-09-16T21:14:12.367082+00:00,kai-scheduler,pod-grouper-65456f756-ck9lt,1.0,11534336
2026-09-16T21:14:12.367082+00:00,kai-scheduler,podgroup-controller-68f9cc8dbf-phtdb,1.0,13631488
2026-09-16T21:14:12.367082+00:00,kai-scheduler,queue-controller-f86fcd76c-mr7t8,1.0,11534336
2026-09-16T21:14:12.367082+00:00,kube-system,coredns-8db54c48d-fx77w,15.0,53477376
2026-09-16T21:14:12.367082+00:00,kube-system,kwok-controller-5cf8c7c44b-rpchk,207.0,92274688
2026-09-16T21:14:12.367082+00:00,kube-system,local-path-provisioner-5d9d9885bc-p78bz,1.0,15728640
2026-09-16T21:14:12.367082+00:00,kube-system,metrics-server-75dc6f8d87-777bz,39.0,321912832
2026-09-16T21:14:12.367082+00:00,kube-system,svclb-traefik-cdc99fe8-dd4hl,0.0,0
2026-09-16T21:14:12.367082+00:00,kube-system,traefik-9bcdbbd9-6hsgh,15.0,138412032
2026-09-16T21:14:12.367082+00:00,pyroscope,pyroscope-0,9.0,136314880
2026-09-16T21:14:12.367082+00:00,pyroscope,pyroscope-alloy-0,206.0,822083584
2026-09-16T21:14:43.613736+00:00,grove-system,grove-operator-5bd8db875b-bhlrz,55.0,705691648
2026-09-16T21:14:43.613736+00:00,kai-scheduler,admission-86666f457d-bwph8,1.0,16777216
2026-09-16T21:14:43.613736+00:00,kai-scheduler,kai-operator-69b5d7bcf7-bvhpv,4.0,96468992
2026-09-16T21:14:43.613736+00:00,kai-scheduler,pod-grouper-65456f756-ck9lt,1.0,11534336
2026-09-16T21:14:43.613736+00:00,kai-scheduler,podgroup-controller-68f9cc8dbf-phtdb,1.0,13631488
2026-09-16T21:14:43.613736+00:00,kai-scheduler,queue-controller-f86fcd76c-mr7t8,1.0,11534336
2026-09-16T21:14:43.613736+00:00,kube-system,coredns-8db54c48d-fx77w,2.0,53477376
2026-09-16T21:14:43.613736+00:00,kube-system,kwok-controller-5cf8c7c44b-rpchk,84.0,92274688
2026-09-16T21:14:43.613736+00:00,kube-system,local-path-provisioner-5d9d9885bc-p78bz,1.0,15728640
2026-09-16T21:14:43.613736+00:00,kube-system,metrics-server-75dc6f8d87-777bz,27.0,321912832
2026-09-16T21:14:43.613736+00:00,kube-system,svclb-traefik-cdc99fe8-dd4hl,0.0,0
2026-09-16T21:14:43.613736+00:00,kube-system,traefik-9bcdbbd9-6hsgh,2.0,138412032
2026-09-16T21:14:43.613736+00:00,pyroscope,pyroscope-0,6.0,137363456
2026-09-16T21:14:43.613736+00:00,pyroscope,pyroscope-alloy-0,8.0,823132160
2026-09-16T21:15:14.858566+00:00,grove-system,grove-operator-5bd8db875b-bhlrz,23.0,716177408
2026-09-16T21:15:14.858566+00:00,kai-scheduler,admission-86666f457d-bwph8,1.0,16777216
2026-09-16T21:15:14.858566+00:00,kai-scheduler,kai-operator-69b5d7bcf7-bvhpv,2.0,97517568
2026-09-16T21:15:14.858566+00:00,kai-scheduler,pod-grouper-65456f756-ck9lt,1.0,11534336
2026-09-16T21:15:14.858566+00:00,kai-scheduler,podgroup-controller-68f9cc8dbf-phtdb,1.0,13631488
2026-09-16T21:15:14.858566+00:00,kai-scheduler,queue-controller-f86fcd76c-mr7t8,1.0,11534336
2026-09-16T21:15:14.858566+00:00,kube-system,coredns-8db54c48d-fx77w,2.0,53477376
2026-09-16T21:15:14.858566+00:00,kube-system,kwok-controller-5cf8c7c44b-rpchk,86.0,92274688
2026-09-16T21:15:14.858566+00:00,kube-system,local-path-provisioner-5d9d9885bc-p78bz,1.0,15728640
2026-09-16T21:15:14.858566+00:00,kube-system,metrics-server-75dc6f8d87-777bz,36.0,341835776
2026-09-16T21:15:14.858566+00:00,kube-system,svclb-traefik-cdc99fe8-dd4hl,0.0,0
2026-09-16T21:15:14.858566+00:00,kube-system,traefik-9bcdbbd9-6hsgh,2.0,138412032
2026-09-16T21:15:14.858566+00:00,pyroscope,pyroscope-0,6.0,138412032
2026-09-16T21:15:14.858566+00:00,pyroscope,pyroscope-alloy-0,6.0,829423616
2026-09-16T21:15:46.106091+00:00,grove-system,grove-operator-5bd8db875b-bhlrz,69.0,720371712
2026-09-16T21:15:46.106091+00:00,kai-scheduler,admission-86666f457d-bwph8,1.0,16777216
2026-09-16T21:15:46.106091+00:00,kai-scheduler,kai-operator-69b5d7bcf7-bvhpv,7.0,97517568
2026-09-16T21:15:46.106091+00:00,kai-scheduler,pod-grouper-65456f756-ck9lt,1.0,11534336
2026-09-16T21:15:46.106091+00:00,kai-scheduler,podgroup-controller-68f9cc8dbf-phtdb,1.0,13631488
2026-09-16T21:15:46.106091+00:00,kai-scheduler,queue-controller-f86fcd76c-mr7t8,1.0,11534336
2026-09-16T21:15:46.106091+00:00,kube-system,coredns-8db54c48d-fx77w,2.0,53477376
2026-09-16T21:15:46.106091+00:00,kube-system,kwok-controller-5cf8c7c44b-rpchk,94.0,93323264
2026-09-16T21:15:46.106091+00:00,kube-system,local-path-provisioner-5d9d9885bc-p78bz,1.0,15728640
2026-09-16T21:15:46.106091+00:00,kube-system,metrics-server-75dc6f8d87-777bz,28.0,343932928
2026-09-16T21:15:46.106091+00:00,kube-system,svclb-traefik-cdc99fe8-dd4hl,0.0,0
2026-09-16T21:15:46.106091+00:00,kube-system,traefik-9bcdbbd9-6hsgh,2.0,138412032
2026-09-16T21:15:46.106091+00:00,pyroscope,pyroscope-0,7.0,139460608
2026-09-16T21:15:46.106091+00:00,pyroscope,pyroscope-alloy-0,128.0,870318080
2026-09-16T21:16:17.353333+00:00,grove-system,grove-operator-5bd8db875b-bhlrz,99.0,717225984
2026-09-16T21:16:17.353333+00:00,kai-scheduler,admission-86666f457d-bwph8,1.0,16777216
2026-09-16T21:16:17.353333+00:00,kai-scheduler,kai-operator-69b5d7bcf7-bvhpv,1.0,97517568
2026-09-16T21:16:17.353333+00:00,kai-scheduler,pod-grouper-65456f756-ck9lt,1.0,11534336
2026-09-16T21:16:17.353333+00:00,kai-scheduler,podgroup-controller-68f9cc8dbf-phtdb,1.0,13631488
2026-09-16T21:16:17.353333+00:00,kai-scheduler,queue-controller-f86fcd76c-mr7t8,1.0,11534336
2026-09-16T21:16:17.353333+00:00,kube-system,coredns-8db54c48d-fx77w,3.0,52428800
2026-09-16T21:16:17.353333+00:00,kube-system,kwok-controller-5cf8c7c44b-rpchk,94.0,92274688
2026-09-16T21:16:17.353333+00:00,kube-system,local-path-provisioner-5d9d9885bc-p78bz,1.0,15728640
2026-09-16T21:16:17.353333+00:00,kube-system,metrics-server-75dc6f8d87-777bz,28.0,343932928
2026-09-16T21:16:17.353333+00:00,kube-system,svclb-traefik-cdc99fe8-dd4hl,0.0,0
2026-09-16T21:16:17.353333+00:00,kube-system,traefik-9bcdbbd9-6hsgh,1.0,135266304
2026-09-16T21:16:17.353333+00:00,pyroscope,pyroscope-0,6.0,137363456
2026-09-16T21:16:17.353333+00:00,pyroscope,pyroscope-alloy-0,158.0,871366656
2026-09-16T21:16:48.602160+00:00,grove-system,grove-operator-5bd8db875b-bhlrz,100.0,714080256
2026-09-16T21:16:48.602160+00:00,kai-scheduler,admission-86666f457d-bwph8,1.0,16777216
2026-09-16T21:16:48.602160+00:00,kai-scheduler,kai-operator-69b5d7bcf7-bvhpv,1.0,97517568
2026-09-16T21:16:48.602160+00:00,kai-scheduler,pod-grouper-65456f756-ck9lt,1.0,11534336
2026-09-16T21:16:48.602160+00:00,kai-scheduler,podgroup-controller-68f9cc8dbf-phtdb,1.0,13631488
2026-09-16T21:16:48.602160+00:00,kai-scheduler,queue-controller-f86fcd76c-mr7t8,1.0,11534336
2026-09-16T21:16:48.602160+00:00,kube-system,coredns-8db54c48d-fx77w,3.0,52428800
2026-09-16T21:16:48.602160+00:00,kube-system,kwok-controller-5cf8c7c44b-rpchk,88.0,94371840
2026-09-16T21:16:48.602160+00:00,kube-system,local-path-provisioner-5d9d9885bc-p78bz,1.0,15728640
2026-09-16T21:16:48.602160+00:00,kube-system,metrics-server-75dc6f8d87-777bz,28.0,346030080
2026-09-16T21:16:48.602160+00:00,kube-system,svclb-traefik-cdc99fe8-dd4hl,0.0,0
2026-09-16T21:16:48.602160+00:00,kube-system,traefik-9bcdbbd9-6hsgh,2.0,135266304
2026-09-16T21:16:48.602160+00:00,pyroscope,pyroscope-0,5.0,138412032
2026-09-16T21:16:48.602160+00:00,pyroscope,pyroscope-alloy-0,6.0,870318080
2026-09-16T21:17:19.846144+00:00,grove-system,grove-operator-5bd8db875b-bhlrz,76.0,704643072
2026-09-16T21:17:19.846144+00:00,kai-scheduler,admission-86666f457d-bwph8,1.0,16777216
2026-09-16T21:17:19.846144+00:00,kai-scheduler,kai-operator-69b5d7bcf7-bvhpv,7.0,97517568
2026-09-16T21:17:19.846144+00:00,kai-scheduler,pod-grouper-65456f756-ck9lt,1.0,11534336
2026-09-16T21:17:19.846144+00:00,kai-scheduler,podgroup-controller-68f9cc8dbf-phtdb,1.0,13631488
2026-09-16T21:17:19.846144+00:00,kai-scheduler,queue-controller-f86fcd76c-mr7t8,1.0,11534336
2026-09-16T21:17:19.846144+00:00,kube-system,coredns-8db54c48d-fx77w,3.0,53477376
2026-09-16T21:17:19.846144+00:00,kube-system,kwok-controller-5cf8c7c44b-rpchk,87.0,93323264
2026-09-16T21:17:19.846144+00:00,kube-system,local-path-provisioner-5d9d9885bc-p78bz,1.0,15728640
2026-09-16T21:17:19.846144+00:00,kube-system,metrics-server-75dc6f8d87-777bz,30.0,344981504
2026-09-16T21:17:19.846144+00:00,kube-system,svclb-traefik-cdc99fe8-dd4hl,0.0,0
2026-09-16T21:17:19.846144+00:00,kube-system,traefik-9bcdbbd9-6hsgh,2.0,135266304
2026-09-16T21:17:19.846144+00:00,pyroscope,pyroscope-0,7.0,137363456
2026-09-16T21:17:19.846144+00:00,pyroscope,pyroscope-alloy-0,134.0,870318080
2026-09-16T21:17:51.094254+00:00,grove-system,grove-operator-5bd8db875b-bhlrz,62.0,697303040
2026-09-16T21:17:51.094254+00:00,kai-scheduler,admission-86666f457d-bwph8,1.0,16777216
2026-09-16T21:17:51.094254+00:00,kai-scheduler,kai-operator-69b5d7bcf7-bvhpv,1.0,97517568
2026-09-16T21:17:51.094254+00:00,kai-scheduler,pod-grouper-65456f756-ck9lt,1.0,11534336
2026-09-16T21:17:51.094254+00:00,kai-scheduler,podgroup-controller-68f9cc8dbf-phtdb,1.0,13631488
2026-09-16T21:17:51.094254+00:00,kai-scheduler,queue-controller-f86fcd76c-mr7t8,1.0,11534336
2026-09-16T21:17:51.094254+00:00,kube-system,coredns-8db54c48d-fx77w,3.0,54525952
2026-09-16T21:17:51.094254+00:00,kube-system,kwok-controller-5cf8c7c44b-rpchk,113.0,95420416
2026-09-16T21:17:51.094254+00:00,kube-system,local-path-provisioner-5d9d9885bc-p78bz,1.0,15728640
2026-09-16T21:17:51.094254+00:00,kube-system,metrics-server-75dc6f8d87-777bz,30.0,346030080
2026-09-16T21:17:51.094254+00:00,kube-system,svclb-traefik-cdc99fe8-dd4hl,0.0,0
2026-09-16T21:17:51.094254+00:00,kube-system,traefik-9bcdbbd9-6hsgh,2.0,135266304
2026-09-16T21:17:51.094254+00:00,pyroscope,pyroscope-0,7.0,135266304
2026-09-16T21:17:51.094254+00:00,pyroscope,pyroscope-alloy-0,25.0,874512384
2026-09-16T21:18:22.343920+00:00,grove-system,grove-operator-5bd8db875b-bhlrz,25.0,698351616
2026-09-16T21:18:22.343920+00:00,kai-scheduler,admission-86666f457d-bwph8,1.0,16777216
2026-09-16T21:18:22.343920+00:00,kai-scheduler,kai-operator-69b5d7bcf7-bvhpv,1.0,97517568
2026-09-16T21:18:22.343920+00:00,kai-scheduler,pod-grouper-65456f756-ck9lt,1.0,11534336
2026-09-16T21:18:22.343920+00:00,kai-scheduler,podgroup-controller-68f9cc8dbf-phtdb,1.0,13631488
2026-09-16T21:18:22.343920+00:00,kai-scheduler,queue-controller-f86fcd76c-mr7t8,1.0,11534336
2026-09-16T21:18:22.343920+00:00,kube-system,coredns-8db54c48d-fx77w,2.0,52428800
2026-09-16T21:18:22.343920+00:00,kube-system,kwok-controller-5cf8c7c44b-rpchk,139.0,94371840
2026-09-16T21:18:22.343920+00:00,kube-system,local-path-provisioner-5d9d9885bc-p78bz,1.0,15728640
2026-09-16T21:18:22.343920+00:00,kube-system,metrics-server-75dc6f8d87-777bz,54.0,349175808
2026-09-16T21:18:22.343920+00:00,kube-system,svclb-traefik-cdc99fe8-dd4hl,0.0,0
2026-09-16T21:18:22.343920+00:00,kube-system,traefik-9bcdbbd9-6hsgh,1.0,123731968
2026-09-16T21:18:22.343920+00:00,pyroscope,pyroscope-0,7.0,136314880
2026-09-16T21:18:22.343920+00:00,pyroscope,pyroscope-alloy-0,212.0,868220928
2026-09-16T21:18:53.601781+00:00,grove-system,grove-operator-5bd8db875b-bhlrz,43.0,694157312
2026-09-16T21:18:53.601781+00:00,kai-scheduler,admission-86666f457d-bwph8,1.0,16777216
2026-09-16T21:18:53.601781+00:00,kai-scheduler,kai-operator-69b5d7bcf7-bvhpv,1.0,97517568
2026-09-16T21:18:53.601781+00:00,kai-scheduler,pod-grouper-65456f756-ck9lt,1.0,11534336
2026-09-16T21:18:53.601781+00:00,kai-scheduler,podgroup-controller-68f9cc8dbf-phtdb,1.0,13631488
2026-09-16T21:18:53.601781+00:00,kai-scheduler,queue-controller-f86fcd76c-mr7t8,1.0,11534336
2026-09-16T21:18:53.601781+00:00,kube-system,coredns-8db54c48d-fx77w,3.0,47185920
2026-09-16T21:18:53.601781+00:00,kube-system,kwok-controller-5cf8c7c44b-rpchk,604.0,93323264
2026-09-16T21:18:53.601781+00:00,kube-system,local-path-provisioner-5d9d9885bc-p78bz,1.0,15728640
2026-09-16T21:18:53.601781+00:00,kube-system,metrics-server-75dc6f8d87-777bz,50.0,348127232
2026-09-16T21:18:53.601781+00:00,kube-system,svclb-traefik-cdc99fe8-dd4hl,0.0,0
2026-09-16T21:18:53.601781+00:00,kube-system,traefik-9bcdbbd9-6hsgh,1.0,123731968
2026-09-16T21:18:53.601781+00:00,pyroscope,pyroscope-0,7.0,137363456
2026-09-16T21:18:53.601781+00:00,pyroscope,pyroscope-alloy-0,184.0,849346560
2026-09-16T21:19:24.848308+00:00,grove-system,grove-operator-5bd8db875b-bhlrz,30.0,696254464
2026-09-16T21:19:24.848308+00:00,kai-scheduler,admission-86666f457d-bwph8,1.0,16777216
2026-09-16T21:19:24.848308+00:00,kai-scheduler,kai-operator-69b5d7bcf7-bvhpv,3.0,84934656
2026-09-16T21:19:24.848308+00:00,kai-scheduler,pod-grouper-65456f756-ck9lt,1.0,11534336
2026-09-16T21:19:24.848308+00:00,kai-scheduler,podgroup-controller-68f9cc8dbf-phtdb,1.0,13631488
2026-09-16T21:19:24.848308+00:00,kai-scheduler,queue-controller-f86fcd76c-mr7t8,1.0,11534336
2026-09-16T21:19:24.848308+00:00,kube-system,coredns-8db54c48d-fx77w,2.0,47185920
2026-09-16T21:19:24.848308+00:00,kube-system,kwok-controller-5cf8c7c44b-rpchk,143.0,92274688
2026-09-16T21:19:24.848308+00:00,kube-system,local-path-provisioner-5d9d9885bc-p78bz,1.0,15728640
2026-09-16T21:19:24.848308+00:00,kube-system,metrics-server-75dc6f8d87-777bz,52.0,347078656
2026-09-16T21:19:24.848308+00:00,kube-system,svclb-traefik-cdc99fe8-dd4hl,0.0,0
2026-09-16T21:19:24.848308+00:00,kube-system,traefik-9bcdbbd9-6hsgh,1.0,123731968
2026-09-16T21:19:24.848308+00:00,pyroscope,pyroscope-0,6.0,138412032
2026-09-16T21:19:24.848308+00:00,pyroscope,pyroscope-alloy-0,181.0,846200832
2026-09-16T21:19:56.102971+00:00,grove-system,grove-operator-5bd8db875b-bhlrz,29.0,678428672
2026-09-16T21:19:56.102971+00:00,kai-scheduler,admission-86666f457d-bwph8,1.0,16777216
2026-09-16T21:19:56.102971+00:00,kai-scheduler,kai-operator-69b5d7bcf7-bvhpv,1.0,84934656
2026-09-16T21:19:56.102971+00:00,kai-scheduler,pod-grouper-65456f756-ck9lt,1.0,11534336
2026-09-16T21:19:56.102971+00:00,kai-scheduler,podgroup-controller-68f9cc8dbf-phtdb,1.0,13631488
2026-09-16T21:19:56.102971+00:00,kai-scheduler,queue-controller-f86fcd76c-mr7t8,1.0,11534336
2026-09-16T21:19:56.102971+00:00,kube-system,coredns-8db54c48d-fx77w,2.0,48234496
2026-09-16T21:19:56.102971+00:00,kube-system,kwok-controller-5cf8c7c44b-rpchk,133.0,93323264
2026-09-16T21:19:56.102971+00:00,kube-system,local-path-provisioner-5d9d9885bc-p78bz,1.0,15728640
2026-09-16T21:19:56.102971+00:00,kube-system,metrics-server-75dc6f8d87-777bz,57.0,348127232
2026-09-16T21:19:56.102971+00:00,kube-system,svclb-traefik-cdc99fe8-dd4hl,0.0,0
2026-09-16T21:19:56.102971+00:00,kube-system,traefik-9bcdbbd9-6hsgh,2.0,123731968
2026-09-16T21:19:56.102971+00:00,pyroscope,pyroscope-0,6.0,133169152
2026-09-16T21:19:56.102971+00:00,pyroscope,pyroscope-alloy-0,165.0,815792128
2026-09-16T21:20:27.352499+00:00,grove-system,grove-operator-5bd8db875b-bhlrz,40.0,682622976
2026-09-16T21:20:27.352499+00:00,kai-scheduler,admission-86666f457d-bwph8,1.0,16777216
2026-09-16T21:20:27.352499+00:00,kai-scheduler,kai-operator-69b5d7bcf7-bvhpv,3.0,84934656
2026-09-16T21:20:27.352499+00:00,kai-scheduler,kai-scheduler-default-6fb4498964-d92jm,124.0,497025024
2026-09-16T21:20:27.352499+00:00,kai-scheduler,pod-grouper-65456f756-ck9lt,1.0,11534336
2026-09-16T21:20:27.352499+00:00,kai-scheduler,podgroup-controller-68f9cc8dbf-phtdb,1.0,13631488
2026-09-16T21:20:27.352499+00:00,kai-scheduler,queue-controller-f86fcd76c-mr7t8,1.0,11534336
2026-09-16T21:20:27.352499+00:00,kube-system,coredns-8db54c48d-fx77w,2.0,47185920
2026-09-16T21:20:27.352499+00:00,kube-system,kwok-controller-5cf8c7c44b-rpchk,177.0,92274688
2026-09-16T21:20:27.352499+00:00,kube-system,local-path-provisioner-5d9d9885bc-p78bz,1.0,15728640
2026-09-16T21:20:27.352499+00:00,kube-system,metrics-server-75dc6f8d87-777bz,47.0,346030080
2026-09-16T21:20:27.352499+00:00,kube-system,svclb-traefik-cdc99fe8-dd4hl,0.0,0
2026-09-16T21:20:27.352499+00:00,kube-system,traefik-9bcdbbd9-6hsgh,1.0,102760448
2026-09-16T21:20:27.352499+00:00,pyroscope,pyroscope-0,6.0,132120576
2026-09-16T21:20:27.352499+00:00,pyroscope,pyroscope-alloy-0,154.0,806354944
2026-09-16T21:20:58.597634+00:00,grove-system,grove-operator-5bd8db875b-bhlrz,29.0,684720128
2026-09-16T21:20:58.597634+00:00,kai-scheduler,admission-86666f457d-bwph8,1.0,16777216
2026-09-16T21:20:58.597634+00:00,kai-scheduler,kai-operator-69b5d7bcf7-bvhpv,1.0,84934656
2026-09-16T21:20:58.597634+00:00,kai-scheduler,kai-scheduler-default-6fb4498964-d92jm,125.0,497025024
2026-09-16T21:20:58.597634+00:00,kai-scheduler,pod-grouper-65456f756-ck9lt,1.0,11534336
2026-09-16T21:20:58.597634+00:00,kai-scheduler,podgroup-controller-68f9cc8dbf-phtdb,1.0,13631488
2026-09-16T21:20:58.597634+00:00,kai-scheduler,queue-controller-f86fcd76c-mr7t8,1.0,11534336
2026-09-16T21:20:58.597634+00:00,kube-system,coredns-8db54c48d-fx77w,3.0,42991616
2026-09-16T21:20:58.597634+00:00,kube-system,kwok-controller-5cf8c7c44b-rpchk,133.0,93323264
2026-09-16T21:20:58.597634+00:00,kube-system,local-path-provisioner-5d9d9885bc-p78bz,1.0,15728640
2026-09-16T21:20:58.597634+00:00,kube-system,metrics-server-75dc6f8d87-777bz,49.0,348127232
2026-09-16T21:20:58.597634+00:00,kube-system,svclb-traefik-cdc99fe8-dd4hl,0.0,0
2026-09-16T21:20:58.597634+00:00,kube-system,traefik-9bcdbbd9-6hsgh,1.0,102760448
2026-09-16T21:20:58.597634+00:00,pyroscope,pyroscope-0,6.0,134217728
2026-09-16T21:20:58.597634+00:00,pyroscope,pyroscope-alloy-0,144.0,809500672
2026-09-16T21:21:29.854071+00:00,grove-system,grove-operator-5bd8db875b-bhlrz,28.0,668991488
2026-09-16T21:21:29.854071+00:00,kai-scheduler,admission-86666f457d-bwph8,1.0,16777216
2026-09-16T21:21:29.854071+00:00,kai-scheduler,kai-operator-69b5d7bcf7-bvhpv,1.0,85983232
2026-09-16T21:21:29.854071+00:00,kai-scheduler,kai-scheduler-default-6fb4498964-d92jm,120.0,469762048
2026-09-16T21:21:29.854071+00:00,kai-scheduler,pod-grouper-65456f756-ck9lt,1.0,11534336
2026-09-16T21:21:29.854071+00:00,kai-scheduler,podgroup-controller-68f9cc8dbf-phtdb,1.0,13631488
2026-09-16T21:21:29.854071+00:00,kai-scheduler,queue-controller-f86fcd76c-mr7t8,1.0,11534336
2026-09-16T21:21:29.854071+00:00,kube-system,coredns-8db54c48d-fx77w,2.0,41943040
2026-09-16T21:21:29.854071+00:00,kube-system,kwok-controller-5cf8c7c44b-rpchk,144.0,92274688
2026-09-16T21:21:29.854071+00:00,kube-system,local-path-provisioner-5d9d9885bc-p78bz,1.0,15728640
2026-09-16T21:21:29.854071+00:00,kube-system,metrics-server-75dc6f8d87-777bz,47.0,346030080
2026-09-16T21:21:29.854071+00:00,kube-system,svclb-traefik-cdc99fe8-dd4hl,0.0,0
2026-09-16T21:21:29.854071+00:00,kube-system,traefik-9bcdbbd9-6hsgh,1.0,102760448
2026-09-16T21:21:29.854071+00:00,pyroscope,pyroscope-0,7.0,135266304
2026-09-16T21:21:29.854071+00:00,pyroscope,pyroscope-alloy-0,133.0,770703360
2026-09-16T21:22:01.103778+00:00,grove-system,grove-operator-5bd8db875b-bhlrz,28.0,674234368
2026-09-16T21:22:01.103778+00:00,kai-scheduler,admission-86666f457d-bwph8,1.0,16777216
2026-09-16T21:22:01.103778+00:00,kai-scheduler,kai-operator-69b5d7bcf7-bvhpv,1.0,85983232
2026-09-16T21:22:01.103778+00:00,kai-scheduler,kai-scheduler-default-6fb4498964-d92jm,110.0,460324864
2026-09-16T21:22:01.103778+00:00,kai-scheduler,pod-grouper-65456f756-ck9lt,1.0,11534336
2026-09-16T21:22:01.103778+00:00,kai-scheduler,podgroup-controller-68f9cc8dbf-phtdb,1.0,13631488
2026-09-16T21:22:01.103778+00:00,kai-scheduler,queue-controller-f86fcd76c-mr7t8,1.0,11534336
2026-09-16T21:22:01.103778+00:00,kube-system,coredns-8db54c48d-fx77w,2.0,41943040
2026-09-16T21:22:01.103778+00:00,kube-system,kwok-controller-5cf8c7c44b-rpchk,143.0,93323264
2026-09-16T21:22:01.103778+00:00,kube-system,local-path-provisioner-5d9d9885bc-p78bz,1.0,15728640
2026-09-16T21:22:01.103778+00:00,kube-system,metrics-server-75dc6f8d87-777bz,45.0,341835776
2026-09-16T21:22:01.103778+00:00,kube-system,svclb-traefik-cdc99fe8-dd4hl,0.0,0
2026-09-16T21:22:01.103778+00:00,kube-system,traefik-9bcdbbd9-6hsgh,3.0,101711872
2026-09-16T21:22:01.103778+00:00,pyroscope,pyroscope-0,7.0,137363456
2026-09-16T21:22:01.103778+00:00,pyroscope,pyroscope-alloy-0,165.0,740294656
2026-09-16T21:22:32.358858+00:00,grove-system,grove-operator-5bd8db875b-bhlrz,37.0,648019968
2026-09-16T21:22:32.358858+00:00,kai-scheduler,admission-86666f457d-bwph8,1.0,16777216
2026-09-16T21:22:32.358858+00:00,kai-scheduler,kai-operator-69b5d7bcf7-bvhpv,1.0,85983232
2026-09-16T21:22:32.358858+00:00,kai-scheduler,kai-scheduler-default-6fb4498964-d92jm,106.0,455081984
2026-09-16T21:22:32.358858+00:00,kai-scheduler,pod-grouper-65456f756-ck9lt,1.0,11534336
2026-09-16T21:22:32.358858+00:00,kai-scheduler,podgroup-controller-68f9cc8dbf-phtdb,1.0,13631488
2026-09-16T21:22:32.358858+00:00,kai-scheduler,queue-controller-f86fcd76c-mr7t8,1.0,11534336
2026-09-16T21:22:32.358858+00:00,kube-system,coredns-8db54c48d-fx77w,2.0,42991616
2026-09-16T21:22:32.358858+00:00,kube-system,kwok-controller-5cf8c7c44b-rpchk,136.0,92274688
2026-09-16T21:22:32.358858+00:00,kube-system,local-path-provisioner-5d9d9885bc-p78bz,1.0,15728640
2026-09-16T21:22:32.358858+00:00,kube-system,metrics-server-75dc6f8d87-777bz,46.0,339738624
2026-09-16T21:22:32.358858+00:00,kube-system,svclb-traefik-cdc99fe8-dd4hl,0.0,0
2026-09-16T21:22:32.358858+00:00,kube-system,traefik-9bcdbbd9-6hsgh,1.0,101711872
2026-09-16T21:22:32.358858+00:00,pyroscope,pyroscope-0,6.0,137363456
2026-09-16T21:22:32.358858+00:00,pyroscope,pyroscope-alloy-0,138.0,736100352
2026-09-16T21:23:03.605695+00:00,grove-system,grove-operator-5bd8db875b-bhlrz,29.0,652214272
2026-09-16T21:23:03.605695+00:00,kai-scheduler,admission-86666f457d-bwph8,1.0,16777216
2026-09-16T21:23:03.605695+00:00,kai-scheduler,kai-operator-69b5d7bcf7-bvhpv,1.0,85983232
2026-09-16T21:23:03.605695+00:00,kai-scheduler,kai-scheduler-default-6fb4498964-d92jm,96.0,441450496
2026-09-16T21:23:03.605695+00:00,kai-scheduler,pod-grouper-65456f756-ck9lt,1.0,11534336
2026-09-16T21:23:03.605695+00:00,kai-scheduler,podgroup-controller-68f9cc8dbf-phtdb,1.0,13631488
2026-09-16T21:23:03.605695+00:00,kai-scheduler,queue-controller-f86fcd76c-mr7t8,1.0,11534336
2026-09-16T21:23:03.605695+00:00,kube-system,coredns-8db54c48d-fx77w,2.0,42991616
2026-09-16T21:23:03.605695+00:00,kube-system,kwok-controller-5cf8c7c44b-rpchk,138.0,93323264
2026-09-16T21:23:03.605695+00:00,kube-system,local-path-provisioner-5d9d9885bc-p78bz,1.0,15728640
2026-09-16T21:23:03.605695+00:00,kube-system,metrics-server-75dc6f8d87-777bz,48.0,331350016
2026-09-16T21:23:03.605695+00:00,kube-system,svclb-traefik-cdc99fe8-dd4hl,0.0,0
2026-09-16T21:23:03.605695+00:00,kube-system,traefik-9bcdbbd9-6hsgh,1.0,101711872
2026-09-16T21:23:03.605695+00:00,pyroscope,pyroscope-0,4.0,137363456
2026-09-16T21:23:03.605695+00:00,pyroscope,pyroscope-alloy-0,130.0,745537536
2026-09-16T21:23:34.850177+00:00,grove-system,grove-operator-5bd8db875b-bhlrz,25.0,646971392
2026-09-16T21:23:34.850177+00:00,kai-scheduler,admission-86666f457d-bwph8,1.0,16777216
2026-09-16T21:23:34.850177+00:00,kai-scheduler,kai-operator-69b5d7bcf7-bvhpv,1.0,85983232
2026-09-16T21:23:34.850177+00:00,kai-scheduler,kai-scheduler-default-6fb4498964-d92jm,95.0,374341632
2026-09-16T21:23:34.850177+00:00,kai-scheduler,pod-grouper-65456f756-ck9lt,1.0,11534336
2026-09-16T21:23:34.850177+00:00,kai-scheduler,podgroup-controller-68f9cc8dbf-phtdb,1.0,13631488
2026-09-16T21:23:34.850177+00:00,kai-scheduler,queue-controller-f86fcd76c-mr7t8,1.0,11534336
2026-09-16T21:23:34.850177+00:00,kube-system,coredns-8db54c48d-fx77w,2.0,42991616
2026-09-16T21:23:34.850177+00:00,kube-system,kwok-controller-5cf8c7c44b-rpchk,142.0,93323264
2026-09-16T21:23:34.850177+00:00,kube-system,local-path-provisioner-5d9d9885bc-p78bz,1.0,15728640
2026-09-16T21:23:34.850177+00:00,kube-system,metrics-server-75dc6f8d87-777bz,47.0,328204288
2026-09-16T21:23:34.850177+00:00,kube-system,svclb-traefik-cdc99fe8-dd4hl,0.0,0
2026-09-16T21:23:34.850177+00:00,kube-system,traefik-9bcdbbd9-6hsgh,1.0,101711872
2026-09-16T21:23:34.850177+00:00,pyroscope,pyroscope-0,6.0,138412032
2026-09-16T21:23:34.850177+00:00,pyroscope,pyroscope-alloy-0,107.0,701497344
2026-09-16T21:24:06.097650+00:00,grove-system,grove-operator-5bd8db875b-bhlrz,28.0,641728512
2026-09-16T21:24:06.097650+00:00,kai-scheduler,admission-86666f457d-bwph8,1.0,16777216
2026-09-16T21:24:06.097650+00:00,kai-scheduler,kai-operator-69b5d7bcf7-bvhpv,1.0,85983232
2026-09-16T21:24:06.097650+00:00,kai-scheduler,kai-scheduler-default-6fb4498964-d92jm,96.0,401604608
2026-09-16T21:24:06.097650+00:00,kai-scheduler,pod-grouper-65456f756-ck9lt,1.0,11534336
2026-09-16T21:24:06.097650+00:00,kai-scheduler,podgroup-controller-68f9cc8dbf-phtdb,1.0,13631488
2026-09-16T21:24:06.097650+00:00,kai-scheduler,queue-controller-f86fcd76c-mr7t8,1.0,11534336
2026-09-16T21:24:06.097650+00:00,kube-system,coredns-8db54c48d-fx77w,2.0,42991616
2026-09-16T21:24:06.097650+00:00,kube-system,kwok-controller-5cf8c7c44b-rpchk,137.0,93323264
2026-09-16T21:24:06.097650+00:00,kube-system,local-path-provisioner-5d9d9885bc-p78bz,1.0,15728640
2026-09-16T21:24:06.097650+00:00,kube-system,metrics-server-75dc6f8d87-777bz,49.0,326107136
2026-09-16T21:24:06.097650+00:00,kube-system,svclb-traefik-cdc99fe8-dd4hl,0.0,0
2026-09-16T21:24:06.097650+00:00,kube-system,traefik-9bcdbbd9-6hsgh,3.0,100663296
2026-09-16T21:24:06.097650+00:00,pyroscope,pyroscope-0,7.0,141557760
2026-09-16T21:24:06.097650+00:00,pyroscope,pyroscope-alloy-0,97.0,681574400
2026-09-16T21:24:37.346538+00:00,grove-system,grove-operator-5bd8db875b-bhlrz,31.0,630194176
2026-09-16T21:24:37.346538+00:00,kai-scheduler,admission-86666f457d-bwph8,1.0,16777216
2026-09-16T21:24:37.346538+00:00,kai-scheduler,kai-operator-69b5d7bcf7-bvhpv,1.0,85983232
2026-09-16T21:24:37.346538+00:00,kai-scheduler,kai-scheduler-default-6fb4498964-d92jm,84.0,400556032
2026-09-16T21:24:37.346538+00:00,kai-scheduler,pod-grouper-65456f756-ck9lt,1.0,11534336
2026-09-16T21:24:37.346538+00:00,kai-scheduler,podgroup-controller-68f9cc8dbf-phtdb,1.0,13631488
2026-09-16T21:24:37.346538+00:00,kai-scheduler,queue-controller-f86fcd76c-mr7t8,1.0,11534336
2026-09-16T21:24:37.346538+00:00,kube-system,coredns-8db54c48d-fx77w,2.0,42991616
2026-09-16T21:24:37.346538+00:00,kube-system,kwok-controller-5cf8c7c44b-rpchk,140.0,93323264
2026-09-16T21:24:37.346538+00:00,kube-system,local-path-provisioner-5d9d9885bc-p78bz,1.0,15728640
2026-09-16T21:24:37.346538+00:00,kube-system,metrics-server-75dc6f8d87-777bz,55.0,319815680
2026-09-16T21:24:37.346538+00:00,kube-system,svclb-traefik-cdc99fe8-dd4hl,0.0,0
2026-09-16T21:24:37.346538+00:00,kube-system,traefik-9bcdbbd9-6hsgh,1.0,100663296
2026-09-16T21:24:37.346538+00:00,pyroscope,pyroscope-0,6.0,133169152
2026-09-16T21:24:37.346538+00:00,pyroscope,pyroscope-alloy-0,98.0,672137216
2026-09-16T21:25:08.594889+00:00,grove-system,grove-operator-5bd8db875b-bhlrz,25.0,617611264
2026-09-16T21:25:08.594889+00:00,kai-scheduler,admission-86666f457d-bwph8,1.0,16777216
2026-09-16T21:25:08.594889+00:00,kai-scheduler,kai-operator-69b5d7bcf7-bvhpv,1.0,85983232
2026-09-16T21:25:08.594889+00:00,kai-scheduler,kai-scheduler-default-6fb4498964-d92jm,86.0,347078656
2026-09-16T21:25:08.594889+00:00,kai-scheduler,pod-grouper-65456f756-ck9lt,1.0,11534336
2026-09-16T21:25:08.594889+00:00,kai-scheduler,podgroup-controller-68f9cc8dbf-phtdb,1.0,13631488
2026-09-16T21:25:08.594889+00:00,kai-scheduler,queue-controller-f86fcd76c-mr7t8,1.0,11534336
2026-09-16T21:25:08.594889+00:00,kube-system,coredns-8db54c48d-fx77w,3.0,42991616
2026-09-16T21:25:08.594889+00:00,kube-system,kwok-controller-5cf8c7c44b-rpchk,184.0,101711872
2026-09-16T21:25:08.594889+00:00,kube-system,local-path-provisioner-5d9d9885bc-p78bz,1.0,15728640
2026-09-16T21:25:08.594889+00:00,kube-system,metrics-server-75dc6f8d87-777bz,56.0,314572800
2026-09-16T21:25:08.594889+00:00,kube-system,svclb-traefik-cdc99fe8-dd4hl,0.0,0
2026-09-16T21:25:08.594889+00:00,kube-system,traefik-9bcdbbd9-6hsgh,1.0,100663296
2026-09-16T21:25:08.594889+00:00,pyroscope,pyroscope-0,6.0,134217728
2026-09-16T21:25:08.594889+00:00,pyroscope,pyroscope-alloy-0,100.0,650117120
2026-09-16T21:25:39.846775+00:00,grove-system,grove-operator-5bd8db875b-bhlrz,30.0,617611264
2026-09-16T21:25:39.846775+00:00,kai-scheduler,admission-86666f457d-bwph8,1.0,16777216
2026-09-16T21:25:39.846775+00:00,kai-scheduler,kai-operator-69b5d7bcf7-bvhpv,1.0,80740352
2026-09-16T21:25:39.846775+00:00,kai-scheduler,kai-scheduler-default-6fb4498964-d92jm,74.0,358612992
2026-09-16T21:25:39.846775+00:00,kai-scheduler,pod-grouper-65456f756-ck9lt,1.0,11534336
2026-09-16T21:25:39.846775+00:00,kai-scheduler,podgroup-controller-68f9cc8dbf-phtdb,1.0,13631488
2026-09-16T21:25:39.846775+00:00,kai-scheduler,queue-controller-f86fcd76c-mr7t8,1.0,11534336
2026-09-16T21:25:39.846775+00:00,kube-system,coredns-8db54c48d-fx77w,2.0,42991616
2026-09-16T21:25:39.846775+00:00,kube-system,kwok-controller-5cf8c7c44b-rpchk,142.0,91226112
2026-09-16T21:25:39.846775+00:00,kube-system,local-path-provisioner-5d9d9885bc-p78bz,1.0,15728640
2026-09-16T21:25:39.846775+00:00,kube-system,metrics-server-75dc6f8d87-777bz,49.0,315621376
2026-09-16T21:25:39.846775+00:00,kube-system,svclb-traefik-cdc99fe8-dd4hl,0.0,0
2026-09-16T21:25:39.846775+00:00,kube-system,traefik-9bcdbbd9-6hsgh,1.0,100663296
2026-09-16T21:25:39.846775+00:00,pyroscope,pyroscope-0,6.0,134217728
2026-09-16T21:25:39.846775+00:00,pyroscope,pyroscope-alloy-0,75.0,645922816
2026-09-16T21:26:11.093939+00:00,grove-system,grove-operator-5bd8db875b-bhlrz,35.0,586153984
2026-09-16T21:26:11.093939+00:00,kai-scheduler,admission-86666f457d-bwph8,1.0,16777216
2026-09-16T21:26:11.093939+00:00,kai-scheduler,kai-operator-69b5d7bcf7-bvhpv,1.0,80740352
2026-09-16T21:26:11.093939+00:00,kai-scheduler,kai-scheduler-default-6fb4498964-d92jm,72.0,347078656
2026-09-16T21:26:11.093939+00:00,kai-scheduler,pod-grouper-65456f756-ck9lt,1.0,11534336
2026-09-16T21:26:11.093939+00:00,kai-scheduler,podgroup-controller-68f9cc8dbf-phtdb,1.0,13631488
2026-09-16T21:26:11.093939+00:00,kai-scheduler,queue-controller-f86fcd76c-mr7t8,1.0,11534336
2026-09-16T21:26:11.093939+00:00,kube-system,coredns-8db54c48d-fx77w,2.0,42991616
2026-09-16T21:26:11.093939+00:00,kube-system,kwok-controller-5cf8c7c44b-rpchk,141.0,93323264
2026-09-16T21:26:11.093939+00:00,kube-system,local-path-provisioner-5d9d9885bc-p78bz,1.0,15728640
2026-09-16T21:26:11.093939+00:00,kube-system,metrics-server-75dc6f8d87-777bz,47.0,306184192
2026-09-16T21:26:11.093939+00:00,kube-system,svclb-traefik-cdc99fe8-dd4hl,0.0,0
2026-09-16T21:26:11.093939+00:00,kube-system,traefik-9bcdbbd9-6hsgh,3.0,100663296
2026-09-16T21:26:11.093939+00:00,pyroscope,pyroscope-0,6.0,135266304
2026-09-16T21:26:11.093939+00:00,pyroscope,pyroscope-alloy-0,71.0,617611264
2026-09-16T21:26:42.345027+00:00,grove-system,grove-operator-5bd8db875b-bhlrz,35.0,591396864
2026-09-16T21:26:42.345027+00:00,kai-scheduler,admission-86666f457d-bwph8,1.0,16777216
2026-09-16T21:26:42.345027+00:00,kai-scheduler,binder-869fc94c7-qhm2z,75.0,134217728
2026-09-16T21:26:42.345027+00:00,kai-scheduler,kai-operator-69b5d7bcf7-bvhpv,1.0,81788928
2026-09-16T21:26:42.345027+00:00,kai-scheduler,kai-scheduler-default-6fb4498964-d92jm,61.0,326107136
2026-09-16T21:26:42.345027+00:00,kai-scheduler,pod-grouper-65456f756-ck9lt,1.0,11534336
2026-09-16T21:26:42.345027+00:00,kai-scheduler,podgroup-controller-68f9cc8dbf-phtdb,1.0,13631488
2026-09-16T21:26:42.345027+00:00,kai-scheduler,queue-controller-f86fcd76c-mr7t8,1.0,11534336
2026-09-16T21:26:42.345027+00:00,kube-system,coredns-8db54c48d-fx77w,2.0,42991616
2026-09-16T21:26:42.345027+00:00,kube-system,kwok-controller-5cf8c7c44b-rpchk,141.0,91226112
2026-09-16T21:26:42.345027+00:00,kube-system,local-path-provisioner-5d9d9885bc-p78bz,1.0,15728640
2026-09-16T21:26:42.345027+00:00,kube-system,metrics-server-75dc6f8d87-777bz,55.0,300941312
2026-09-16T21:26:42.345027+00:00,kube-system,svclb-traefik-cdc99fe8-dd4hl,0.0,0
2026-09-16T21:26:42.345027+00:00,kube-system,traefik-9bcdbbd9-6hsgh,1.0,100663296
2026-09-16T21:26:42.345027+00:00,pyroscope,pyroscope-0,6.0,137363456
2026-09-16T21:26:42.345027+00:00,pyroscope,pyroscope-alloy-0,70.0,595591168
2026-09-16T21:27:13.596494+00:00,grove-system,grove-operator-5bd8db875b-bhlrz,34.0,579862528
2026-09-16T21:27:13.596494+00:00,kai-scheduler,admission-86666f457d-bwph8,1.0,16777216
2026-09-16T21:27:13.596494+00:00,kai-scheduler,binder-869fc94c7-qhm2z,32.0,155189248
2026-09-16T21:27:13.596494+00:00,kai-scheduler,kai-operator-69b5d7bcf7-bvhpv,1.0,81788928
2026-09-16T21:27:13.596494+00:00,kai-scheduler,kai-scheduler-default-6fb4498964-d92jm,61.0,330301440
2026-09-16T21:27:13.596494+00:00,kai-scheduler,pod-grouper-65456f756-ck9lt,1.0,11534336
2026-09-16T21:27:13.596494+00:00,kai-scheduler,podgroup-controller-68f9cc8dbf-phtdb,1.0,13631488
2026-09-16T21:27:13.596494+00:00,kai-scheduler,queue-controller-f86fcd76c-mr7t8,1.0,11534336
2026-09-16T21:27:13.596494+00:00,kube-system,coredns-8db54c48d-fx77w,3.0,42991616
2026-09-16T21:27:13.596494+00:00,kube-system,kwok-controller-5cf8c7c44b-rpchk,134.0,92274688
2026-09-16T21:27:13.596494+00:00,kube-system,local-path-provisioner-5d9d9885bc-p78bz,1.0,15728640
2026-09-16T21:27:13.596494+00:00,kube-system,metrics-server-75dc6f8d87-777bz,48.0,300941312
2026-09-16T21:27:13.596494+00:00,kube-system,svclb-traefik-cdc99fe8-dd4hl,0.0,0
2026-09-16T21:27:13.596494+00:00,kube-system,traefik-9bcdbbd9-6hsgh,1.0,100663296
2026-09-16T21:27:13.596494+00:00,pyroscope,pyroscope-0,7.0,138412032
2026-09-16T21:27:13.596494+00:00,pyroscope,pyroscope-alloy-0,67.0,580911104
2026-09-16T21:27:44.842962+00:00,grove-system,grove-operator-5bd8db875b-bhlrz,34.0,543162368
2026-09-16T21:27:44.842962+00:00,kai-scheduler,admission-86666f457d-bwph8,1.0,16777216
2026-09-16T21:27:44.842962+00:00,kai-scheduler,binder-869fc94c7-qhm2z,34.0,143654912
2026-09-16T21:27:44.842962+00:00,kai-scheduler,kai-operator-69b5d7bcf7-bvhpv,1.0,81788928
2026-09-16T21:27:44.842962+00:00,kai-scheduler,kai-scheduler-default-6fb4498964-d92jm,50.0,327155712
2026-09-16T21:27:44.842962+00:00,kai-scheduler,pod-grouper-65456f756-ck9lt,1.0,11534336
2026-09-16T21:27:44.842962+00:00,kai-scheduler,podgroup-controller-68f9cc8dbf-phtdb,1.0,13631488
2026-09-16T21:27:44.842962+00:00,kai-scheduler,queue-controller-f86fcd76c-mr7t8,1.0,11534336
2026-09-16T21:27:44.842962+00:00,kube-system,coredns-8db54c48d-fx77w,2.0,42991616
2026-09-16T21:27:44.842962+00:00,kube-system,kwok-controller-5cf8c7c44b-rpchk,134.0,91226112
2026-09-16T21:27:44.842962+00:00,kube-system,local-path-provisioner-5d9d9885bc-p78bz,1.0,15728640
2026-09-16T21:27:44.842962+00:00,kube-system,metrics-server-75dc6f8d87-777bz,60.0,292552704
2026-09-16T21:27:44.842962+00:00,kube-system,svclb-traefik-cdc99fe8-dd4hl,0.0,0
2026-09-16T21:27:44.842962+00:00,kube-system,traefik-9bcdbbd9-6hsgh,1.0,100663296
2026-09-16T21:27:44.842962+00:00,pyroscope,pyroscope-0,6.0,138412032
2026-09-16T21:27:44.842962+00:00,pyroscope,pyroscope-alloy-0,60.0,555745280
2026-09-16T21:28:16.094651+00:00,grove-system,grove-operator-5bd8db875b-bhlrz,38.0,535822336
2026-09-16T21:28:16.094651+00:00,kai-scheduler,admission-86666f457d-bwph8,1.0,16777216
2026-09-16T21:28:16.094651+00:00,kai-scheduler,binder-869fc94c7-qhm2z,34.0,143654912
2026-09-16T21:28:16.094651+00:00,kai-scheduler,kai-operator-69b5d7bcf7-bvhpv,1.0,81788928
2026-09-16T21:28:16.094651+00:00,kai-scheduler,kai-scheduler-default-6fb4498964-d92jm,46.0,331350016
2026-09-16T21:28:16.094651+00:00,kai-scheduler,pod-grouper-65456f756-ck9lt,1.0,11534336
2026-09-16T21:28:16.094651+00:00,kai-scheduler,podgroup-controller-68f9cc8dbf-phtdb,1.0,13631488
2026-09-16T21:28:16.094651+00:00,kai-scheduler,queue-controller-f86fcd76c-mr7t8,1.0,11534336
2026-09-16T21:28:16.094651+00:00,kube-system,coredns-8db54c48d-fx77w,2.0,42991616
2026-09-16T21:28:16.094651+00:00,kube-system,kwok-controller-5cf8c7c44b-rpchk,134.0,90177536
2026-09-16T21:28:16.094651+00:00,kube-system,local-path-provisioner-5d9d9885bc-p78bz,1.0,15728640
2026-09-16T21:28:16.094651+00:00,kube-system,metrics-server-75dc6f8d87-777bz,48.0,291504128
2026-09-16T21:28:16.094651+00:00,kube-system,svclb-traefik-cdc99fe8-dd4hl,0.0,0
2026-09-16T21:28:16.094651+00:00,kube-system,traefik-9bcdbbd9-6hsgh,2.0,100663296
2026-09-16T21:28:16.094651+00:00,pyroscope,pyroscope-0,5.0,138412032
2026-09-16T21:28:16.094651+00:00,pyroscope,pyroscope-alloy-0,50.0,514850816
2026-09-16T21:28:47.341235+00:00,grove-system,grove-operator-5bd8db875b-bhlrz,32.0,486539264
2026-09-16T21:28:47.341235+00:00,kai-scheduler,admission-86666f457d-bwph8,1.0,16777216
2026-09-16T21:28:47.341235+00:00,kai-scheduler,binder-869fc94c7-qhm2z,34.0,142606336
2026-09-16T21:28:47.341235+00:00,kai-scheduler,kai-operator-69b5d7bcf7-bvhpv,1.0,82837504
2026-09-16T21:28:47.341235+00:00,kai-scheduler,kai-scheduler-default-6fb4498964-d92jm,38.0,328204288
2026-09-16T21:28:47.341235+00:00,kai-scheduler,pod-grouper-65456f756-ck9lt,1.0,11534336
2026-09-16T21:28:47.341235+00:00,kai-scheduler,podgroup-controller-68f9cc8dbf-phtdb,1.0,13631488
2026-09-16T21:28:47.341235+00:00,kai-scheduler,queue-controller-f86fcd76c-mr7t8,1.0,11534336
2026-09-16T21:28:47.341235+00:00,kube-system,coredns-8db54c48d-fx77w,3.0,42991616
2026-09-16T21:28:47.341235+00:00,kube-system,kwok-controller-5cf8c7c44b-rpchk,131.0,91226112
2026-09-16T21:28:47.341235+00:00,kube-system,local-path-provisioner-5d9d9885bc-p78bz,1.0,15728640
2026-09-16T21:28:47.341235+00:00,kube-system,metrics-server-75dc6f8d87-777bz,58.0,285212672
2026-09-16T21:28:47.341235+00:00,kube-system,svclb-traefik-cdc99fe8-dd4hl,0.0,0
2026-09-16T21:28:47.341235+00:00,kube-system,traefik-9bcdbbd9-6hsgh,1.0,100663296
2026-09-16T21:28:47.341235+00:00,pyroscope,pyroscope-0,6.0,139460608
2026-09-16T21:28:47.341235+00:00,pyroscope,pyroscope-alloy-0,43.0,495976448
