timestamp,namespace,pod,cpu_millicores,mem_bytes
2026-09-16T15:59:40.057478+00:00,grove-system,grove-operator-87b5b577-fw5t4,3.0,31457280
2026-09-16T15:59:40.057478+00:00,kai-scheduler,admission-86666f457d-shlf7,1.0,15728640
2026-09-16T15:59:40.057478+00:00,kai-scheduler,binder-869fc94c7-l85qn,17.0,51380224
2026-09-16T15:59:40.057478+00:00,kai-scheduler,kai-operator-69b5d7bcf7-h7kb2,11.0,82837504
2026-09-16T15:59:40.057478+00:00,kai-scheduler,kai-scheduler-default-86ccb98bf5-sglz6,16.0,98566144
2026-09-16T15:59:40.057478+00:00,kai-scheduler,pod-grouper-65456f756-58ckz,1.0,9437184
2026-09-16T15:59:40.057478+00:00,kai-scheduler,podgroup-controller-68f9cc8dbf-g9s2f,1.0,11534336
2026-09-16T15:59:40.057478+00:00,kai-scheduler,queue-controller-f86fcd76c-5pbjz,1.0,11534336
2026-09-16T15:59:40.057478+00:00,kube-system,coredns-8db54c48d-r2b8d,2.0,20971520
2026-09-16T15:59:40.057478+00:00,kube-system,kwok-controller-5cf8c7c44b-9blfc,111.0,51380224
2026-09-16T15:59:40.057478+00:00,kube-system,local-path-provisioner-5d9d9885bc-bpbfb,1.0,15728640
2026-09-16T15:59:40.057478+00:00,kube-system,metrics-server-786d997795-rzmtx,47.0,140509184
2026-09-16T15:59:40.057478+00:00,kube-system,svclb-traefik-5132867f-lxgnq,0.0,0
2026-09-16T15:59:40.057478+00:00,kube-system,traefik-9bcdbbd9-dxtcs,14.0,77594624
2026-09-16T15:59:40.057478+00:00,pyroscope,pyroscope-0,4.0,38797312
2026-09-16T15:59:40.057478+00:00,pyroscope,pyroscope-alloy-0,3.0,80740352
2026-09-16T16:00:11.322990+00:00,grove-system,grove-operator-87b5b577-fw5t4,3.0,31457280
2026-09-16T16:00:11.322990+00:00,kai-scheduler,admission-86666f457d-shlf7,1.0,15728640
2026-09-16T16:00:11.322990+00:00,kai-scheduler,binder-869fc94c7-l85qn,13.0,52428800
2026-09-16T16:00:11.322990+00:00,kai-scheduler,kai-operator-69b5d7bcf7-h7kb2,12.0,84934656
2026-09-16T16:00:11.322990+00:00,kai-scheduler,kai-scheduler-default-86ccb98bf5-sglz6,25.0,101711872
2026-09-16T16:00:11.322990+00:00,kai-scheduler,pod-grouper-65456f756-58ckz,1.0,9437184
2026-09-16T16:00:11.322990+00:00,kai-scheduler,podgroup-controller-68f9cc8dbf-g9s2f,1.0,11534336
2026-09-16T16:00:11.322990+00:00,kai-scheduler,queue-controller-f86fcd76c-5pbjz,1.0,11534336
2026-09-16T16:00:11.322990+00:00,kube-system,coredns-8db54c48d-r2b8d,2.0,20971520
2026-09-16T16:00:11.322990+00:00,kube-system,kwok-controller-5cf8c7c44b-9blfc,66.0,53477376
2026-09-16T16:00:11.322990+00:00,kube-system,local-path-provisioner-5d9d9885bc-bpbfb,1.0,13631488
2026-09-16T16:00:11.322990+00:00,kube-system,metrics-server-786d997795-rzmtx,48.0,141557760
2026-09-16T16:00:11.322990+00:00,kube-system,svclb-traefik-5132867f-lxgnq,0.0,0
2026-09-16T16:00:11.322990+00:00,kube-system,traefik-9bcdbbd9-dxtcs,31.0,80740352
2026-09-16T16:00:11.322990+00:00,pyroscope,pyroscope-0,4.0,40894464
2026-09-16T16:00:11.322990+00:00,pyroscope,pyroscope-alloy-0,4.0,84934656
2026-09-16T16:00:42.577964+00:00,grove-system,grove-operator-87b5b577-fw5t4,6.0,37748736
2026-09-16T16:00:42.577964+00:00,kai-scheduler,admission-86666f457d-shlf7,1.0,16777216
2026-09-16T16:00:42.577964+00:00,kai-scheduler,binder-869fc94c7-l85qn,31.0,52428800
2026-09-16T16:00:42.577964+00:00,kai-scheduler,kai-operator-69b5d7bcf7-h7kb2,38.0,91226112
2026-09-16T16:00:42.577964+00:00,kai-scheduler,kai-scheduler-default-86ccb98bf5-sglz6,43.0,102760448
2026-09-16T16:00:42.577964+00:00,kai-scheduler,pod-grouper-65456f756-58ckz,1.0,9437184
2026-09-16T16:00:42.577964+00:00,kai-scheduler,podgroup-controller-68f9cc8dbf-g9s2f,1.0,11534336
2026-09-16T16:00:42.577964+00:00,kai-scheduler,queue-controller-f86fcd76c-5pbjz,1.0,11534336
2026-09-16T16:00:42.577964+00:00,kube-system,coredns-8db54c48d-r2b8d,3.0,22020096
2026-09-16T16:00:42.577964+00:00,kube-system,kwok-controller-5cf8c7c44b-9blfc,89.0,49283072
2026-09-16T16:00:42.577964+00:00,kube-system,local-path-provisioner-5d9d9885bc-bpbfb,1.0,13631488
2026-09-16T16:00:42.577964+00:00,kube-system,metrics-server-75dc6f8d87-n5hnd,51.0,110100480
2026-09-16T16:00:42.577964+00:00,kube-system,svclb-traefik-5132867f-lxgnq,0.0,0
2026-09-16T16:00:42.577964+00:00,kube-system,traefik-9bcdbbd9-dxtcs,50.0,78643200
2026-09-16T16:00:42.577964+00:00,pyroscope,pyroscope-0,7.0,48234496
2026-09-16T16:00:42.577964+00:00,pyroscope,pyroscope-alloy-0,4.0,84934656
2026-09-16T16:01:13.826776+00:00,grove-system,grove-operator-87b5b577-fw5t4,3.0,49283072
2026-09-16T16:01:13.826776+00:00,kai-scheduler,admission-86666f457d-shlf7,1.0,15728640
2026-09-16T16:01:13.826776+00:00,kai-scheduler,binder-869fc94c7-l85qn,34.0,53477376
2026-09-16T16:01:13.826776+00:00,kai-scheduler,kai-operator-69b5d7bcf7-h7kb2,36.0,91226112
2026-09-16T16:01:13.826776+00:00,kai-scheduler,kai-scheduler-default-86ccb98bf5-sglz6,42.0,102760448
2026-09-16T16:01:13.826776+00:00,kai-scheduler,pod-grouper-65456f756-58ckz,1.0,9437184
2026-09-16T16:01:13.826776+00:00,kai-scheduler,podgroup-controller-68f9cc8dbf-g9s2f,1.0,11534336
2026-09-16T16:01:13.826776+00:00,kai-scheduler,queue-controller-f86fcd76c-5pbjz,1.0,11534336
2026-09-16T16:01:13.826776+00:00,kube-system,coredns-8db54c48d-r2b8d,2.0,20971520
2026-09-16T16:01:13.826776+00:00,kube-system,kwok-controller-5cf8c7c44b-9blfc,114.0,52428800
2026-09-16T16:01:13.826776+00:00,kube-system,local-path-provisioner-5d9d9885bc-bpbfb,1.0,13631488
2026-09-16T16:01:13.826776+00:00,kube-system,metrics-server-75dc6f8d87-n5hnd,53.0,126877696
2026-09-16T16:01:13.826776+00:00,kube-system,svclb-traefik-5132867f-lxgnq,0.0,0
2026-09-16T16:01:13.826776+00:00,kube-system,traefik-9bcdbbd9-dxtcs,46.0,80740352
2026-09-16T16:01:13.826776+00:00,pyroscope,pyroscope-0,5.0,50331648
2026-09-16T16:01:13.826776+00:00,pyroscope,pyroscope-alloy-0,3.0,89128960
2026-09-16T16:01:45.089491+00:00,grove-system,grove-operator-87b5b577-fw5t4,4.0,51380224
2026-09-16T16:01:45.089491+00:00,kai-scheduler,admission-86666f457d-shlf7,1.0,15728640
2026-09-16T16:01:45.089491+00:00,kai-scheduler,binder-869fc94c7-l85qn,34.0,53477376
2026-09-16T16:01:45.089491+00:00,kai-scheduler,kai-operator-69b5d7bcf7-h7kb2,37.0,91226112
2026-09-16T16:01:45.089491+00:00,kai-scheduler,kai-scheduler-default-86ccb98bf5-sglz6,40.0,103809024
2026-09-16T16:01:45.089491+00:00,kai-scheduler,pod-grouper-65456f756-58ckz,1.0,9437184
2026-09-16T16:01:45.089491+00:00,kai-scheduler,podgroup-controller-68f9cc8dbf-g9s2f,1.0,11534336
2026-09-16T16:01:45.089491+00:00,kai-scheduler,queue-controller-f86fcd76c-5pbjz,1.0,11534336
2026-09-16T16:01:45.089491+00:00,kube-system,coredns-8db54c48d-r2b8d,2.0,20971520
2026-09-16T16:01:45.089491+00:00,kube-system,kwok-controller-5cf8c7c44b-9blfc,104.0,50331648
2026-09-16T16:01:45.089491+00:00,kube-system,local-path-provisioner-5d9d9885bc-bpbfb,1.0,13631488
2026-09-16T16:01:45.089491+00:00,kube-system,metrics-server-75dc6f8d87-n5hnd,60.0,141557760
2026-09-16T16:01:45.089491+00:00,kube-system,svclb-traefik-5132867f-lxgnq,0.0,0
2026-09-16T16:01:45.089491+00:00,kube-system,traefik-9bcdbbd9-dxtcs,50.0,79691776
2026-09-16T16:01:45.089491+00:00,pyroscope,pyroscope-0,5.0,54525952
2026-09-16T16:01:45.089491+00:00,pyroscope,pyroscope-alloy-0,4.0,89128960
2026-09-16T16:02:16.360196+00:00,grove-system,grove-operator-87b5b577-fw5t4,518.0,130023424
2026-09-16T16:02:16.360196+00:00,kai-scheduler,admission-86666f457d-shlf7,1.0,16777216
2026-09-16T16:02:16.360196+00:00,kai-scheduler,binder-869fc94c7-l85qn,25.0,60817408
2026-09-16T16:02:16.360196+00:00,kai-scheduler,kai-operator-69b5d7bcf7-h7kb2,27.0,91226112
2026-09-16T16:02:16.360196+00:00,kai-scheduler,kai-scheduler-default-86ccb98bf5-sglz6,32.0,103809024
2026-09-16T16:02:16.360196+00:00,kai-scheduler,pod-grouper-65456f756-58ckz,1.0,9437184
2026-09-16T16:02:16.360196+00:00,kai-scheduler,podgroup-controller-68f9cc8dbf-g9s2f,1.0,11534336
2026-09-16T16:02:16.360196+00:00,kai-scheduler,queue-controller-f86fcd76c-5pbjz,1.0,11534336
2026-09-16T16:02:16.360196+00:00,kube-system,coredns-8db54c48d-r2b8d,2.0,22020096
2026-09-16T16:02:16.360196+00:00,kube-system,kwok-controller-5cf8c7c44b-9blfc,86.0,51380224
2026-09-16T16:02:16.360196+00:00,kube-system,local-path-provisioner-5d9d9885bc-bpbfb,1.0,13631488
2026-09-16T16:02:16.360196+00:00,kube-system,metrics-server-75dc6f8d87-n5hnd,40.0,138412032
2026-09-16T16:02:16.360196+00:00,kube-system,svclb-traefik-5132867f-lxgnq,0.0,0
2026-09-16T16:02:16.360196+00:00,kube-system,traefik-9bcdbbd9-dxtcs,39.0,78643200
2026-09-16T16:02:16.360196+00:00,pyroscope,pyroscope-0,6.0,54525952
2026-09-16T16:02:16.360196+00:00,pyroscope,pyroscope-alloy-0,22.0,92274688
2026-09-16T16:02:47.617612+00:00,grove-system,grove-operator-87b5b577-fw5t4,639.0,260046848
2026-09-16T16:02:47.617612+00:00,kai-scheduler,admission-86666f457d-shlf7,1.0,16777216
2026-09-16T16:02:47.617612+00:00,kai-scheduler,binder-869fc94c7-l85qn,87.0,155189248
2026-09-16T16:02:47.617612+00:00,kai-scheduler,kai-operator-69b5d7bcf7-h7kb2,10.0,89128960
2026-09-16T16:02:47.617612+00:00,kai-scheduler,kai-scheduler-default-86ccb98bf5-sglz6,85.0,197132288
2026-09-16T16:02:47.617612+00:00,kai-scheduler,pod-grouper-65456f756-58ckz,1.0,9437184
2026-09-16T16:02:47.617612+00:00,kai-scheduler,podgroup-controller-68f9cc8dbf-g9s2f,1.0,11534336
2026-09-16T16:02:47.617612+00:00,kai-scheduler,queue-controller-f86fcd76c-5pbjz,1.0,11534336
2026-09-16T16:02:47.617612+00:00,kube-system,coredns-8db54c48d-r2b8d,2.0,20971520
2026-09-16T16:02:47.617612+00:00,kube-system,kwok-controller-5cf8c7c44b-9blfc,98.0,51380224
2026-09-16T16:02:47.617612+00:00,kube-system,local-path-provisioner-5d9d9885bc-bpbfb,1.0,13631488
2026-09-16T16:02:47.617612+00:00,kube-system,metrics-server-75dc6f8d87-n5hnd,47.0,138412032
2026-09-16T16:02:47.617612+00:00,kube-system,svclb-traefik-5132867f-lxgnq,0.0,0
2026-09-16T16:02:47.617612+00:00,kube-system,traefik-9bcdbbd9-dxtcs,12.0,78643200
2026-09-16T16:02:47.617612+00:00,pyroscope,pyroscope-0,7.0,56623104
2026-09-16T16:02:47.617612+00:00,pyroscope,pyroscope-alloy-0,60.0,137363456
2026-09-16T16:03:18.881122+00:00,grove-system,grove-operator-87b5b577-fw5t4,1222.0,379584512
2026-09-16T16:03:18.881122+00:00,kai-scheduler,admission-86666f457d-shlf7,1.0,16777216
2026-09-16T16:03:18.881122+00:00,kai-scheduler,binder-869fc94c7-l85qn,100.0,171966464
2026-09-16T16:03:18.881122+00:00,kai-scheduler,kai-operator-69b5d7bcf7-h7kb2,5.0,89128960
2026-09-16T16:03:18.881122+00:00,kai-scheduler,kai-scheduler-default-86ccb98bf5-sglz6,92.0,312475648
2026-09-16T16:03:18.881122+00:00,kai-scheduler,pod-grouper-65456f756-58ckz,1.0,9437184
2026-09-16T16:03:18.881122+00:00,kai-scheduler,podgroup-controller-68f9cc8dbf-g9s2f,1.0,11534336
2026-09-16T16:03:18.881122+00:00,kai-scheduler,queue-controller-f86fcd76c-5pbjz,1.0,11534336
2026-09-16T16:03:18.881122+00:00,kube-system,coredns-8db54c48d-r2b8d,4.0,20971520
2026-09-16T16:03:18.881122+00:00,kube-system,kwok-controller-5cf8c7c44b-9blfc,104.0,50331648
2026-09-16T16:03:18.881122+00:00,kube-system,local-path-provisioner-5d9d9885bc-bpbfb,1.0,13631488
2026-09-16T16:03:18.881122+00:00,kube-system,metrics-server-75dc6f8d87-n5hnd,41.0,140509184
2026-09-16T16:03:18.881122+00:00,kube-system,svclb-traefik-5132867f-lxgnq,0.0,0
2026-09-16T16:03:18.881122+00:00,kube-system,traefik-9bcdbbd9-dxtcs,2.0,77594624
2026-09-16T16:03:18.881122+00:00,pyroscope,pyroscope-0,8.0,68157440
2026-09-16T16:03:18.881122+00:00,pyroscope,pyroscope-alloy-0,57.0,164626432
2026-09-16T16:03:50.153964+00:00,grove-system,grove-operator-87b5b577-fw5t4,1588.0,436207616
2026-09-16T16:03:50.153964+00:00,kai-scheduler,admission-86666f457d-shlf7,1.0,16777216
2026-09-16T16:03:50.153964+00:00,kai-scheduler,binder-869fc94c7-l85qn,100.0,175112192
2026-09-16T16:03:50.153964+00:00,kai-scheduler,kai-operator-69b5d7bcf7-h7kb2,1.0,84934656
2026-09-16T16:03:50.153964+00:00,kai-scheduler,kai-scheduler-default-86ccb98bf5-sglz6,105.0,402653184
2026-09-16T16:03:50.153964+00:00,kai-scheduler,pod-grouper-65456f756-58ckz,1.0,9437184
2026-09-16T16:03:50.153964+00:00,kai-scheduler,podgroup-controller-68f9cc8dbf-g9s2f,1.0,11534336
2026-09-16T16:03:50.153964+00:00,kai-scheduler,queue-controller-f86fcd76c-5pbjz,1.0,11534336
2026-09-16T16:03:50.153964+00:00,kube-system,coredns-8db54c48d-r2b8d,5.0,22020096
2026-09-16T16:03:50.153964+00:00,kube-system,kwok-controller-5cf8c7c44b-9blfc,116.0,55574528
2026-09-16T16:03:50.153964+00:00,kube-system,local-path-provisioner-5d9d9885bc-bpbfb,1.0,13631488
2026-09-16T16:03:50.153964+00:00,kube-system,metrics-server-75dc6f8d87-n5hnd,41.0,140509184
2026-09-16T16:03:50.153964+00:00,kube-system,svclb-traefik-5132867f-lxgnq,0.0,0
2026-09-16T16:03:50.153964+00:00,kube-system,traefik-9bcdbbd9-dxtcs,2.0,79691776
2026-09-16T16:03:50.153964+00:00,pyroscope,pyroscope-0,8.0,68157440
2026-09-16T16:03:50.153964+00:00,pyroscope,pyroscope-alloy-0,57.0,200278016
2026-09-16T16:04:21.425627+00:00,grove-system,grove-operator-87b5b577-fw5t4,2570.0,488636416
2026-09-16T16:04:21.425627+00:00,kai-scheduler,admission-86666f457d-shlf7,1.0,16777216
2026-09-16T16:04:21.425627+00:00,kai-scheduler,kai-operator-69b5d7bcf7-h7kb2,5.0,84934656
2026-09-16T16:04:21.425627+00:00,kai-scheduler,kai-scheduler-default-86ccb98bf5-sglz6,148.0,490733568
2026-09-16T16:04:21.425627+00:00,kai-scheduler,pod-grouper-65456f756-58ckz,1.0,9437184
2026-09-16T16:04:21.425627+00:00,kai-scheduler,podgroup-controller-68f9cc8dbf-g9s2f,1.0,11534336
2026-09-16T16:04:21.425627+00:00,kai-scheduler,queue-controller-f86fcd76c-5pbjz,1.0,11534336
2026-09-16T16:04:21.425627+00:00,kube-system,coredns-8db54c48d-r2b8d,12.0,25165824
2026-09-16T16:04:21.425627+00:00,kube-system,kwok-controller-5cf8c7c44b-9blfc,291.0,56623104
2026-09-16T16:04:21.425627+00:00,kube-system,local-path-provisioner-5d9d9885bc-bpbfb,1.0,13631488
2026-09-16T16:04:21.425627+00:00,kube-system,metrics-server-75dc6f8d87-n5hnd,72.0,150994944
2026-09-16T16:04:21.425627+00:00,kube-system,svclb-traefik-5132867f-lxgnq,0.0,0
2026-09-16T16:04:21.425627+00:00,kube-system,traefik-9bcdbbd9-dxtcs,13.0,81788928
2026-09-16T16:04:21.425627+00:00,pyroscope,pyroscope-0,8.0,75497472
2026-09-16T16:04:21.425627+00:00,pyroscope,pyroscope-alloy-0,106.0,306184192
2026-09-16T16:04:52.693546+00:00,grove-system,grove-operator-87b5b577-fw5t4,1280.0,531628032
2026-09-16T16:04:52.693546+00:00,kai-scheduler,admission-86666f457d-shlf7,1.0,16777216
2026-09-16T16:04:52.693546+00:00,kai-scheduler,kai-operator-69b5d7bcf7-h7kb2,10.0,84934656
2026-09-16T16:04:52.693546+00:00,kai-scheduler,pod-grouper-65456f756-58ckz,1.0,9437184
2026-09-16T16:04:52.693546+00:00,kai-scheduler,podgroup-controller-68f9cc8dbf-g9s2f,1.0,11534336
2026-09-16T16:04:52.693546+00:00,kai-scheduler,queue-controller-f86fcd76c-5pbjz,1.0,11534336
2026-09-16T16:04:52.693546+00:00,kube-system,coredns-8db54c48d-r2b8d,15.0,26214400
2026-09-16T16:04:52.693546+00:00,kube-system,kwok-controller-5cf8c7c44b-9blfc,332.0,66060288
2026-09-16T16:04:52.693546+00:00,kube-system,local-path-provisioner-5d9d9885bc-bpbfb,1.0,13631488
2026-09-16T16:04:52.693546+00:00,kube-system,metrics-server-75dc6f8d87-n5hnd,68.0,150994944
2026-09-16T16:04:52.693546+00:00,kube-system,svclb-traefik-5132867f-lxgnq,0.0,0
2026-09-16T16:04:52.693546+00:00,kube-system,traefik-9bcdbbd9-dxtcs,22.0,89128960
2026-09-16T16:04:52.693546+00:00,pyroscope,pyroscope-0,8.0,75497472
2026-09-16T16:04:52.693546+00:00,pyroscope,pyroscope-alloy-0,165.0,341835776
2026-09-16T16:05:23.972229+00:00,grove-system,grove-operator-87b5b577-fw5t4,1110.0,536870912
2026-09-16T16:05:23.972229+00:00,kai-scheduler,admission-86666f457d-shlf7,1.0,16777216
2026-09-16T16:05:23.972229+00:00,kai-scheduler,kai-operator-69b5d7bcf7-h7kb2,6.0,84934656
2026-09-16T16:05:23.972229+00:00,kai-scheduler,kai-scheduler-default-86ccb98bf5-sglz6,296.0,520093696
2026-09-16T16:05:23.972229+00:00,kai-scheduler,pod-grouper-65456f756-58ckz,1.0,9437184
2026-09-16T16:05:23.972229+00:00,kai-scheduler,podgroup-controller-68f9cc8dbf-g9s2f,1.0,11534336
2026-09-16T16:05:23.972229+00:00,kai-scheduler,queue-controller-f86fcd76c-5pbjz,1.0,11534336
2026-09-16T16:05:23.972229+00:00,kube-system,coredns-8db54c48d-r2b8d,15.0,31457280
2026-09-16T16:05:23.972229+00:00,kube-system,kwok-controller-5cf8c7c44b-9blfc,327.0,65011712
2026-09-16T16:05:23.972229+00:00,kube-system,local-path-provisioner-5d9d9885bc-bpbfb,1.0,13631488
2026-09-16T16:05:23.972229+00:00,kube-system,metrics-server-75dc6f8d87-n5hnd,70.0,166723584
2026-09-16T16:05:23.972229+00:00,kube-system,svclb-traefik-5132867f-lxgnq,0.0,0
2026-09-16T16:05:23.972229+00:00,kube-system,traefik-9bcdbbd9-dxtcs,22.0,91226112
2026-09-16T16:05:23.972229+00:00,pyroscope,pyroscope-0,8.0,75497472
2026-09-16T16:05:23.972229+00:00,pyroscope,pyroscope-alloy-0,169.0,362807296
2026-09-16T16:05:55.261224+00:00,grove-system,grove-operator-87b5b577-fw5t4,2406.0,605028352
2026-09-16T16:05:55.261224+00:00,kai-scheduler,admission-86666f457d-shlf7,1.0,16777216
2026-09-16T16:05:55.261224+00:00,kai-scheduler,kai-operator-69b5d7bcf7-h7kb2,5.0,85983232
2026-09-16T16:05:55.261224+00:00,kai-scheduler,pod-grouper-65456f756-58ckz,1.0,9437184
2026-09-16T16:05:55.261224+00:00,kai-scheduler,podgroup-controller-68f9cc8dbf-g9s2f,1.0,11534336
2026-09-16T16:05:55.261224+00:00,kai-scheduler,queue-controller-f86fcd76c-5pbjz,1.0,11534336
2026-09-16T16:05:55.261224+00:00,kube-system,coredns-8db54c48d-r2b8d,17.0,33554432
2026-09-16T16:05:55.261224+00:00,kube-system,kwok-controller-5cf8c7c44b-9blfc,340.0,67108864
2026-09-16T16:05:55.261224+00:00,kube-system,local-path-provisioner-5d9d9885bc-bpbfb,1.0,13631488
2026-09-16T16:05:55.261224+00:00,kube-system,metrics-server-75dc6f8d87-n5hnd,77.0,176160768
2026-09-16T16:05:55.261224+00:00,kube-system,svclb-traefik-5132867f-lxgnq,0.0,0
2026-09-16T16:05:55.261224+00:00,kube-system,traefik-9bcdbbd9-dxtcs,25.0,94371840
2026-09-16T16:05:55.261224+00:00,pyroscope,pyroscope-0,8.0,78643200
2026-09-16T16:05:55.261224+00:00,pyroscope,pyroscope-alloy-0,152.0,412090368
2026-09-16T16:06:26.547040+00:00,grove-system,grove-operator-87b5b577-fw5t4,2560.0,607125504
2026-09-16T16:06:26.547040+00:00,kai-scheduler,admission-86666f457d-shlf7,1.0,16777216
2026-09-16T16:06:26.547040+00:00,kai-scheduler,kai-operator-69b5d7bcf7-h7kb2,1.0,85983232
2026-09-16T16:06:26.547040+00:00,kai-scheduler,pod-grouper-65456f756-58ckz,1.0,9437184
2026-09-16T16:06:26.547040+00:00,kai-scheduler,podgroup-controller-68f9cc8dbf-g9s2f,1.0,11534336
2026-09-16T16:06:26.547040+00:00,kai-scheduler,queue-controller-f86fcd76c-5pbjz,1.0,11534336
2026-09-16T16:06:26.547040+00:00,kube-system,coredns-8db54c48d-r2b8d,14.0,36700160
2026-09-16T16:06:26.547040+00:00,kube-system,kwok-controller-5cf8c7c44b-9blfc,384.0,77594624
2026-09-16T16:06:26.547040+00:00,kube-system,local-path-provisioner-5d9d9885bc-bpbfb,1.0,13631488
2026-09-16T16:06:26.547040+00:00,kube-system,metrics-server-75dc6f8d87-n5hnd,73.0,203423744
2026-09-16T16:06:26.547040+00:00,kube-system,svclb-traefik-5132867f-lxgnq,0.0,0
2026-09-16T16:06:26.547040+00:00,kube-system,traefik-9bcdbbd9-dxtcs,21.0,98566144
2026-09-16T16:06:26.547040+00:00,pyroscope,pyroscope-0,9.0,85983232
2026-09-16T16:06:26.547040+00:00,pyroscope,pyroscope-alloy-0,206.0,447741952
2026-09-16T16:06:57.822929+00:00,grove-system,grove-operator-87b5b577-fw5t4,2568.0,611319808
2026-09-16T16:06:57.822929+00:00,kai-scheduler,admission-86666f457d-shlf7,1.0,16777216
2026-09-16T16:06:57.822929+00:00,kai-scheduler,binder-869fc94c7-l85qn,100.0,171966464
2026-09-16T16:06:57.822929+00:00,kai-scheduler,kai-operator-69b5d7bcf7-h7kb2,3.0,85983232
2026-09-16T16:06:57.822929+00:00,kai-scheduler,pod-grouper-65456f756-58ckz,1.0,9437184
2026-09-16T16:06:57.822929+00:00,kai-scheduler,podgroup-controller-68f9cc8dbf-g9s2f,1.0,11534336
2026-09-16T16:06:57.822929+00:00,kai-scheduler,queue-controller-f86fcd76c-5pbjz,1.0,11534336
2026-09-16T16:06:57.822929+00:00,kube-system,coredns-8db54c48d-r2b8d,15.0,36700160
2026-09-16T16:06:57.822929+00:00,kube-system,kwok-controller-5cf8c7c44b-9blfc,312.0,80740352
2026-09-16T16:06:57.822929+00:00,kube-system,local-path-provisioner-5d9d9885bc-bpbfb,1.0,13631488
2026-09-16T16:06:57.822929+00:00,kube-system,metrics-server-75dc6f8d87-n5hnd,50.0,203423744
2026-09-16T16:06:57.822929+00:00,kube-system,svclb-traefik-5132867f-lxgnq,0.0,0
2026-09-16T16:06:57.822929+00:00,kube-system,traefik-9bcdbbd9-dxtcs,24.0,102760448
2026-09-16T16:06:57.822929+00:00,pyroscope,pyroscope-0,8.0,85983232
2026-09-16T16:06:57.822929+00:00,pyroscope,pyroscope-alloy-0,207.0,466616320
2026-09-16T16:07:29.068500+00:00,grove-system,grove-operator-87b5b577-fw5t4,30.0,611319808
2026-09-16T16:07:29.068500+00:00,kai-scheduler,admission-86666f457d-shlf7,1.0,16777216
2026-09-16T16:07:29.068500+00:00,kai-scheduler,kai-operator-69b5d7bcf7-h7kb2,2.0,85983232
2026-09-16T16:07:29.068500+00:00,kai-scheduler,pod-grouper-65456f756-58ckz,1.0,9437184
2026-09-16T16:07:29.068500+00:00,kai-scheduler,podgroup-controller-68f9cc8dbf-g9s2f,1.0,11534336
2026-09-16T16:07:29.068500+00:00,kai-scheduler,queue-controller-f86fcd76c-5pbjz,1.0,11534336
2026-09-16T16:07:29.068500+00:00,kube-system,coredns-8db54c48d-r2b8d,8.0,36700160
2026-09-16T16:07:29.068500+00:00,kube-system,kwok-controller-5cf8c7c44b-9blfc,65.0,77594624
2026-09-16T16:07:29.068500+00:00,kube-system,local-path-provisioner-5d9d9885bc-bpbfb,1.0,13631488
2026-09-16T16:07:29.068500+00:00,kube-system,metrics-server-75dc6f8d87-n5hnd,40.0,225443840
2026-09-16T16:07:29.068500+00:00,kube-system,svclb-traefik-5132867f-lxgnq,0.0,0
2026-09-16T16:07:29.068500+00:00,kube-system,traefik-9bcdbbd9-dxtcs,8.0,102760448
2026-09-16T16:07:29.068500+00:00,pyroscope,pyroscope-0,5.0,103809024
2026-09-16T16:07:29.068500+00:00,pyroscope,pyroscope-alloy-0,46.0,512753664
2026-09-16T16:08:00.314431+00:00,grove-system,grove-operator-87b5b577-fw5t4,73.0,623902720
2026-09-16T16:08:00.314431+00:00,kai-scheduler,admission-86666f457d-shlf7,1.0,16777216
2026-09-16T16:08:00.314431+00:00,kai-scheduler,kai-operator-69b5d7bcf7-h7kb2,2.0,85983232
2026-09-16T16:08:00.314431+00:00,kai-scheduler,pod-grouper-65456f756-58ckz,1.0,9437184
2026-09-16T16:08:00.314431+00:00,kai-scheduler,podgroup-controller-68f9cc8dbf-g9s2f,1.0,11534336
2026-09-16T16:08:00.314431+00:00,kai-scheduler,queue-controller-f86fcd76c-5pbjz,1.0,11534336
2026-09-16T16:08:00.314431+00:00,kube-system,coredns-8db54c48d-r2b8d,3.0,37748736
2026-09-16T16:08:00.314431+00:00,kube-system,kwok-controller-5cf8c7c44b-9blfc,114.0,80740352
2026-09-16T16:08:00.314431+00:00,kube-system,local-path-provisioner-5d9d9885bc-bpbfb,1.0,13631488
2026-09-16T16:08:00.314431+00:00,kube-system,metrics-server-75dc6f8d87-n5hnd,29.0,223346688
2026-09-16T16:08:00.314431+00:00,kube-system,svclb-traefik-5132867f-lxgnq,0.0,0
2026-09-16T16:08:00.314431+00:00,kube-system,traefik-9bcdbbd9-dxtcs,4.0,104857600
2026-09-16T16:08:00.314431+00:00,pyroscope,pyroscope-0,6.0,90177536
2026-09-16T16:08:00.314431+00:00,pyroscope,pyroscope-alloy-0,5.0,512753664
2026-09-16T16:08:31.564182+00:00,grove-system,grove-operator-87b5b577-fw5t4,60.0,621805568
2026-09-16T16:08:31.564182+00:00,kai-scheduler,admission-86666f457d-shlf7,1.0,16777216
2026-09-16T16:08:31.564182+00:00,kai-scheduler,kai-operator-69b5d7bcf7-h7kb2,1.0,85983232
2026-09-16T16:08:31.564182+00:00,kai-scheduler,pod-grouper-65456f756-58ckz,1.0,9437184
2026-09-16T16:08:31.564182+00:00,kai-scheduler,podgroup-controller-68f9cc8dbf-g9s2f,1.0,11534336
2026-09-16T16:08:31.564182+00:00,kai-scheduler,queue-controller-f86fcd76c-5pbjz,1.0,11534336
2026-09-16T16:08:31.564182+00:00,kube-system,coredns-8db54c48d-r2b8d,3.0,36700160
2026-09-16T16:08:31.564182+00:00,kube-system,kwok-controller-5cf8c7c44b-9blfc,91.0,77594624
2026-09-16T16:08:31.564182+00:00,kube-system,local-path-provisioner-5d9d9885bc-bpbfb,1.0,13631488
2026-09-16T16:08:31.564182+00:00,kube-system,metrics-server-75dc6f8d87-n5hnd,25.0,223346688
2026-09-16T16:08:31.564182+00:00,kube-system,svclb-traefik-5132867f-lxgnq,0.0,0
2026-09-16T16:08:31.564182+00:00,kube-system,traefik-9bcdbbd9-dxtcs,4.0,104857600
2026-09-16T16:08:31.564182+00:00,pyroscope,pyroscope-0,6.0,89128960
2026-09-16T16:08:31.564182+00:00,pyroscope,pyroscope-alloy-0,38.0,516947968
2026-09-16T16:09:02.810422+00:00,grove-system,grove-operator-87b5b577-fw5t4,36.0,616562688
2026-09-16T16:09:02.810422+00:00,kai-scheduler,admission-86666f457d-shlf7,1.0,16777216
2026-09-16T16:09:02.810422+00:00,kai-scheduler,kai-operator-69b5d7bcf7-h7kb2,3.0,85983232
2026-09-16T16:09:02.810422+00:00,kai-scheduler,pod-grouper-65456f756-58ckz,1.0,9437184
2026-09-16T16:09:02.810422+00:00,kai-scheduler,podgroup-controller-68f9cc8dbf-g9s2f,1.0,11534336
2026-09-16T16:09:02.810422+00:00,kai-scheduler,queue-controller-f86fcd76c-5pbjz,1.0,11534336
2026-09-16T16:09:02.810422+00:00,kube-system,coredns-8db54c48d-r2b8d,3.0,39845888
2026-09-16T16:09:02.810422+00:00,kube-system,kwok-controller-5cf8c7c44b-9blfc,135.0,81788928
2026-09-16T16:09:02.810422+00:00,kube-system,local-path-provisioner-5d9d9885bc-bpbfb,1.0,13631488
2026-09-16T16:09:02.810422+00:00,kube-system,metrics-server-75dc6f8d87-n5hnd,49.0,236978176
2026-09-16T16:09:02.810422+00:00,kube-system,svclb-traefik-5132867f-lxgnq,0.0,0
2026-09-16T16:09:02.810422+00:00,kube-system,traefik-9bcdbbd9-dxtcs,1.0,103809024
2026-09-16T16:09:02.810422+00:00,pyroscope,pyroscope-0,6.0,90177536
2026-09-16T16:09:02.810422+00:00,pyroscope,pyroscope-alloy-0,172.0,516947968
2026-09-16T16:09:34.057766+00:00,grove-system,grove-operator-87b5b577-fw5t4,49.0,617611264
2026-09-16T16:09:34.057766+00:00,kai-scheduler,admission-86666f457d-shlf7,1.0,16777216
2026-09-16T16:09:34.057766+00:00,kai-scheduler,kai-operator-69b5d7bcf7-h7kb2,3.0,81788928
2026-09-16T16:09:34.057766+00:00,kai-scheduler,pod-grouper-65456f756-58ckz,1.0,9437184
2026-09-16T16:09:34.057766+00:00,kai-scheduler,podgroup-controller-68f9cc8dbf-g9s2f,1.0,11534336
2026-09-16T16:09:34.057766+00:00,kai-scheduler,queue-controller-f86fcd76c-5pbjz,1.0,11534336
2026-09-16T16:09:34.057766+00:00,kube-system,coredns-8db54c48d-r2b8d,2.0,39845888
2026-09-16T16:09:34.057766+00:00,kube-system,kwok-controller-5cf8c7c44b-9blfc,158.0,82837504
2026-09-16T16:09:34.057766+00:00,kube-system,local-path-provisioner-5d9d9885bc-bpbfb,1.0,13631488
2026-09-16T16:09:34.057766+00:00,kube-system,metrics-server-75dc6f8d87-n5hnd,51.0,256901120
2026-09-16T16:09:34.057766+00:00,kube-system,svclb-traefik-5132867f-lxgnq,0.0,0
2026-09-16T16:09:34.057766+00:00,kube-system,traefik-9bcdbbd9-dxtcs,1.0,103809024
2026-09-16T16:09:34.057766+00:00,pyroscope,pyroscope-0,5.0,90177536
2026-09-16T16:09:34.057766+00:00,pyroscope,pyroscope-alloy-0,177.0,515899392
2026-09-16T16:10:05.307050+00:00,grove-system,grove-operator-87b5b577-fw5t4,29.0,616562688
2026-09-16T16:10:05.307050+00:00,kai-scheduler,admission-86666f457d-shlf7,1.0,16777216
2026-09-16T16:10:05.307050+00:00,kai-scheduler,kai-operator-69b5d7bcf7-h7kb2,1.0,81788928
2026-09-16T16:10:05.307050+00:00,kai-scheduler,pod-grouper-65456f756-58ckz,1.0,9437184
2026-09-16T16:10:05.307050+00:00,kai-scheduler,podgroup-controller-68f9cc8dbf-g9s2f,1.0,11534336
2026-09-16T16:10:05.307050+00:00,kai-scheduler,queue-controller-f86fcd76c-5pbjz,1.0,11534336
2026-09-16T16:10:05.307050+00:00,kube-system,coredns-8db54c48d-r2b8d,2.0,39845888
2026-09-16T16:10:05.307050+00:00,kube-system,kwok-controller-5cf8c7c44b-9blfc,152.0,81788928
2026-09-16T16:10:05.307050+00:00,kube-system,local-path-provisioner-5d9d9885bc-bpbfb,1.0,13631488
2026-09-16T16:10:05.307050+00:00,kube-system,metrics-server-75dc6f8d87-n5hnd,53.0,256901120
2026-09-16T16:10:05.307050+00:00,kube-system,svclb-traefik-5132867f-lxgnq,0.0,0
2026-09-16T16:10:05.307050+00:00,kube-system,traefik-9bcdbbd9-dxtcs,1.0,103809024
2026-09-16T16:10:05.307050+00:00,pyroscope,pyroscope-0,4.0,94371840
2026-09-16T16:10:05.307050+00:00,pyroscope,pyroscope-alloy-0,167.0,512753664
2026-09-16T16:10:36.549655+00:00,grove-system,grove-operator-87b5b577-fw5t4,44.0,613416960
2026-09-16T16:10:36.549655+00:00,kai-scheduler,admission-86666f457d-shlf7,1.0,16777216
2026-09-16T16:10:36.549655+00:00,kai-scheduler,kai-operator-69b5d7bcf7-h7kb2,4.0,82837504
2026-09-16T16:10:36.549655+00:00,kai-scheduler,pod-grouper-65456f756-58ckz,1.0,9437184
2026-09-16T16:10:36.549655+00:00,kai-scheduler,podgroup-controller-68f9cc8dbf-g9s2f,1.0,11534336
2026-09-16T16:10:36.549655+00:00,kai-scheduler,queue-controller-f86fcd76c-5pbjz,1.0,11534336
2026-09-16T16:10:36.549655+00:00,kube-system,coredns-8db54c48d-r2b8d,2.0,39845888
2026-09-16T16:10:36.549655+00:00,kube-system,kwok-controller-5cf8c7c44b-9blfc,134.0,81788928
2026-09-16T16:10:36.549655+00:00,kube-system,local-path-provisioner-5d9d9885bc-bpbfb,1.0,13631488
2026-09-16T16:10:36.549655+00:00,kube-system,metrics-server-75dc6f8d87-n5hnd,45.0,256901120
2026-09-16T16:10:36.549655+00:00,kube-system,svclb-traefik-5132867f-lxgnq,0.0,0
2026-09-16T16:10:36.549655+00:00,kube-system,traefik-9bcdbbd9-dxtcs,2.0,97517568
2026-09-16T16:10:36.549655+00:00,pyroscope,pyroscope-0,5.0,95420416
2026-09-16T16:10:36.549655+00:00,pyroscope,pyroscope-alloy-0,161.0,512753664
2026-09-16T16:11:07.794247+00:00,grove-system,grove-operator-87b5b577-fw5t4,29.0,614465536
2026-09-16T16:11:07.794247+00:00,kai-scheduler,admission-86666f457d-shlf7,1.0,16777216
2026-09-16T16:11:07.794247+00:00,kai-scheduler,kai-operator-69b5d7bcf7-h7kb2,1.0,81788928
2026-09-16T16:11:07.794247+00:00,kai-scheduler,pod-grouper-65456f756-58ckz,1.0,9437184
2026-09-16T16:11:07.794247+00:00,kai-scheduler,podgroup-controller-68f9cc8dbf-g9s2f,1.0,11534336
2026-09-16T16:11:07.794247+00:00,kai-scheduler,queue-controller-f86fcd76c-5pbjz,1.0,11534336
2026-09-16T16:11:07.794247+00:00,kube-system,coredns-8db54c48d-r2b8d,3.0,39845888
2026-09-16T16:11:07.794247+00:00,kube-system,kwok-controller-5cf8c7c44b-9blfc,134.0,81788928
2026-09-16T16:11:07.794247+00:00,kube-system,local-path-provisioner-5d9d9885bc-bpbfb,1.0,13631488
2026-09-16T16:11:07.794247+00:00,kube-system,metrics-server-75dc6f8d87-n5hnd,45.0,255852544
2026-09-16T16:11:07.794247+00:00,kube-system,svclb-traefik-5132867f-lxgnq,0.0,0
2026-09-16T16:11:07.794247+00:00,kube-system,traefik-9bcdbbd9-dxtcs,1.0,97517568
2026-09-16T16:11:07.794247+00:00,pyroscope,pyroscope-0,5.0,95420416
2026-09-16T16:11:07.794247+00:00,pyroscope,pyroscope-alloy-0,144.0,511705088
2026-09-16T16:11:39.035547+00:00,grove-system,grove-operator-87b5b577-fw5t4,47.0,602931200
2026-09-16T16:11:39.035547+00:00,kai-scheduler,admission-86666f457d-shlf7,1.0,16777216
2026-09-16T16:11:39.035547+00:00,kai-scheduler,kai-operator-69b5d7bcf7-h7kb2,2.0,78643200
2026-09-16T16:11:39.035547+00:00,kai-scheduler,pod-grouper-65456f756-58ckz,1.0,9437184
2026-09-16T16:11:39.035547+00:00,kai-scheduler,podgroup-controller-68f9cc8dbf-g9s2f,1.0,11534336
2026-09-16T16:11:39.035547+00:00,kai-scheduler,queue-controller-f86fcd76c-5pbjz,1.0,11534336
2026-09-16T16:11:39.035547+00:00,kube-system,coredns-8db54c48d-r2b8d,2.0,39845888
2026-09-16T16:11:39.035547+00:00,kube-system,kwok-controller-5cf8c7c44b-9blfc,163.0,80740352
2026-09-16T16:11:39.035547+00:00,kube-system,local-path-provisioner-5d9d9885bc-bpbfb,1.0,13631488
2026-09-16T16:11:39.035547+00:00,kube-system,metrics-server-75dc6f8d87-n5hnd,52.0,254803968
2026-09-16T16:11:39.035547+00:00,kube-system,svclb-traefik-5132867f-lxgnq,0.0,0
2026-09-16T16:11:39.035547+00:00,kube-system,traefik-9bcdbbd9-dxtcs,1.0,97517568
2026-09-16T16:11:39.035547+00:00,pyroscope,pyroscope-0,6.0,93323264
2026-09-16T16:11:39.035547+00:00,pyroscope,pyroscope-alloy-0,150.0,509607936
2026-09-16T16:12:10.278568+00:00,grove-system,grove-operator-87b5b577-fw5t4,32.0,598736896
2026-09-16T16:12:10.278568+00:00,kai-scheduler,admission-86666f457d-shlf7,1.0,16777216
2026-09-16T16:12:10.278568+00:00,kai-scheduler,kai-operator-69b5d7bcf7-h7kb2,1.0,78643200
2026-09-16T16:12:10.278568+00:00,kai-scheduler,pod-grouper-65456f756-58ckz,1.0,9437184
2026-09-16T16:12:10.278568+00:00,kai-scheduler,podgroup-controller-68f9cc8dbf-g9s2f,1.0,11534336
2026-09-16T16:12:10.278568+00:00,kai-scheduler,queue-controller-f86fcd76c-5pbjz,1.0,11534336
2026-09-16T16:12:10.278568+00:00,kube-system,coredns-8db54c48d-r2b8d,2.0,39845888
2026-09-16T16:12:10.278568+00:00,kube-system,kwok-controller-5cf8c7c44b-9blfc,130.0,82837504
2026-09-16T16:12:10.278568+00:00,kube-system,local-path-provisioner-5d9d9885bc-bpbfb,1.0,13631488
2026-09-16T16:12:10.278568+00:00,kube-system,metrics-server-75dc6f8d87-n5hnd,49.0,254803968
2026-09-16T16:12:10.278568+00:00,kube-system,svclb-traefik-5132867f-lxgnq,0.0,0
2026-09-16T16:12:10.278568+00:00,kube-system,traefik-9bcdbbd9-dxtcs,1.0,97517568
2026-09-16T16:12:10.278568+00:00,pyroscope,pyroscope-0,6.0,92274688
2026-09-16T16:12:10.278568+00:00,pyroscope,pyroscope-alloy-0,135.0,504365056
2026-09-16T16:12:41.529444+00:00,grove-system,grove-operator-87b5b577-fw5t4,27.0,597688320
2026-09-16T16:12:41.529444+00:00,kai-scheduler,admission-86666f457d-shlf7,1.0,16777216
2026-09-16T16:12:41.529444+00:00,kai-scheduler,kai-operator-69b5d7bcf7-h7kb2,1.0,78643200
2026-09-16T16:12:41.529444+00:00,kai-scheduler,pod-grouper-65456f756-58ckz,1.0,9437184
2026-09-16T16:12:41.529444+00:00,kai-scheduler,podgroup-controller-68f9cc8dbf-g9s2f,1.0,11534336
2026-09-16T16:12:41.529444+00:00,kai-scheduler,queue-controller-f86fcd76c-5pbjz,1.0,11534336
2026-09-16T16:12:41.529444+00:00,kube-system,coredns-8db54c48d-r2b8d,2.0,39845888
2026-09-16T16:12:41.529444+00:00,kube-system,kwok-controller-5cf8c7c44b-9blfc,127.0,79691776
2026-09-16T16:12:41.529444+00:00,kube-system,local-path-provisioner-5d9d9885bc-bpbfb,1.0,13631488
2026-09-16T16:12:41.529444+00:00,kube-system,metrics-server-75dc6f8d87-n5hnd,51.0,254803968
2026-09-16T16:12:41.529444+00:00,kube-system,svclb-traefik-5132867f-lxgnq,0.0,0
2026-09-16T16:12:41.529444+00:00,kube-system,traefik-9bcdbbd9-dxtcs,3.0,95420416
2026-09-16T16:12:41.529444+00:00,pyroscope,pyroscope-0,5.0,93323264
2026-09-16T16:12:41.529444+00:00,pyroscope,pyroscope-alloy-0,132.0,504365056
2026-09-16T16:13:12.776875+00:00,grove-system,grove-operator-87b5b577-fw5t4,30.0,599785472
2026-09-16T16:13:12.776875+00:00,kai-scheduler,admission-86666f457d-shlf7,1.0,16777216
2026-09-16T16:13:12.776875+00:00,kai-scheduler,kai-operator-69b5d7bcf7-h7kb2,1.0,78643200
2026-09-16T16:13:12.776875+00:00,kai-scheduler,pod-grouper-65456f756-58ckz,1.0,9437184
2026-09-16T16:13:12.776875+00:00,kai-scheduler,podgroup-controller-68f9cc8dbf-g9s2f,1.0,11534336
2026-09-16T16:13:12.776875+00:00,kai-scheduler,queue-controller-f86fcd76c-5pbjz,1.0,11534336
2026-09-16T16:13:12.776875+00:00,kube-system,coredns-8db54c48d-r2b8d,2.0,39845888
2026-09-16T16:13:12.776875+00:00,kube-system,kwok-controller-5cf8c7c44b-9blfc,134.0,79691776
2026-09-16T16:13:12.776875+00:00,kube-system,local-path-provisioner-5d9d9885bc-bpbfb,1.0,13631488
2026-09-16T16:13:12.776875+00:00,kube-system,metrics-server-75dc6f8d87-n5hnd,64.0,253755392
2026-09-16T16:13:12.776875+00:00,kube-system,svclb-traefik-5132867f-lxgnq,0.0,0
2026-09-16T16:13:12.776875+00:00,kube-system,traefik-9bcdbbd9-dxtcs,1.0,95420416
2026-09-16T16:13:12.776875+00:00,pyroscope,pyroscope-0,5.0,93323264
2026-09-16T16:13:12.776875+00:00,pyroscope,pyroscope-alloy-0,115.0,510656512
2026-09-16T16:13:44.027074+00:00,grove-system,grove-operator-87b5b577-fw5t4,30.0,595591168
2026-09-16T16:13:44.027074+00:00,kai-scheduler,admission-86666f457d-shlf7,1.0,16777216
2026-09-16T16:13:44.027074+00:00,kai-scheduler,kai-operator-69b5d7bcf7-h7kb2,2.0,78643200
2026-09-16T16:13:44.027074+00:00,kai-scheduler,pod-grouper-65456f756-58ckz,1.0,9437184
2026-09-16T16:13:44.027074+00:00,kai-scheduler,podgroup-controller-68f9cc8dbf-g9s2f,1.0,11534336
2026-09-16T16:13:44.027074+00:00,kai-scheduler,queue-controller-f86fcd76c-5pbjz,1.0,11534336
2026-09-16T16:13:44.027074+00:00,kube-system,coredns-8db54c48d-r2b8d,2.0,39845888
2026-09-16T16:13:44.027074+00:00,kube-system,kwok-controller-5cf8c7c44b-9blfc,132.0,81788928
2026-09-16T16:13:44.027074+00:00,kube-system,local-path-provisioner-5d9d9885bc-bpbfb,1.0,13631488
2026-09-16T16:13:44.027074+00:00,kube-system,metrics-server-75dc6f8d87-n5hnd,48.0,252706816
2026-09-16T16:13:44.027074+00:00,kube-system,svclb-traefik-5132867f-lxgnq,0.0,0
2026-09-16T16:13:44.027074+00:00,kube-system,traefik-9bcdbbd9-dxtcs,1.0,96468992
2026-09-16T16:13:44.027074+00:00,pyroscope,pyroscope-0,5.0,94371840
2026-09-16T16:13:44.027074+00:00,pyroscope,pyroscope-alloy-0,108.0,501219328
2026-09-16T16:14:15.277259+00:00,grove-system,grove-operator-87b5b577-fw5t4,35.0,587202560
2026-09-16T16:14:15.277259+00:00,kai-scheduler,admission-86666f457d-shlf7,1.0,16777216
2026-09-16T16:14:15.277259+00:00,kai-scheduler,kai-operator-69b5d7bcf7-h7kb2,1.0,78643200
2026-09-16T16:14:15.277259+00:00,kai-scheduler,pod-grouper-65456f756-58ckz,1.0,9437184
2026-09-16T16:14:15.277259+00:00,kai-scheduler,podgroup-controller-68f9cc8dbf-g9s2f,1.0,11534336
2026-09-16T16:14:15.277259+00:00,kai-scheduler,queue-controller-f86fcd76c-5pbjz,1.0,11534336
2026-09-16T16:14:15.277259+00:00,kube-system,coredns-8db54c48d-r2b8d,2.0,39845888
2026-09-16T16:14:15.277259+00:00,kube-system,kwok-controller-5cf8c7c44b-9blfc,136.0,80740352
2026-09-16T16:14:15.277259+00:00,kube-system,local-path-provisioner-5d9d9885bc-bpbfb,1.0,13631488
2026-09-16T16:14:15.277259+00:00,kube-system,metrics-server-75dc6f8d87-n5hnd,59.0,253755392
2026-09-16T16:14:15.277259+00:00,kube-system,svclb-traefik-5132867f-lxgnq,0.0,0
2026-09-16T16:14:15.277259+00:00,kube-system,traefik-9bcdbbd9-dxtcs,1.0,95420416
2026-09-16T16:14:15.277259+00:00,pyroscope,pyroscope-0,6.0,93323264
2026-09-16T16:14:15.277259+00:00,pyroscope,pyroscope-alloy-0,97.0,501219328
2026-09-16T16:14:46.527952+00:00,grove-system,grove-operator-87b5b577-fw5t4,92.0,583008256
2026-09-16T16:14:46.527952+00:00,kai-scheduler,admission-86666f457d-shlf7,1.0,16777216
2026-09-16T16:14:46.527952+00:00,kai-scheduler,kai-operator-69b5d7bcf7-h7kb2,2.0,79691776
2026-09-16T16:14:46.527952+00:00,kai-scheduler,pod-grouper-65456f756-58ckz,1.0,9437184
2026-09-16T16:14:46.527952+00:00,kai-scheduler,podgroup-controller-68f9cc8dbf-g9s2f,1.0,11534336
2026-09-16T16:14:46.527952+00:00,kai-scheduler,queue-controller-f86fcd76c-5pbjz,1.0,11534336
2026-09-16T16:14:46.527952+00:00,kube-system,coredns-8db54c48d-r2b8d,2.0,39845888
2026-09-16T16:14:46.527952+00:00,kube-system,kwok-controller-5cf8c7c44b-9blfc,60.0,79691776
2026-09-16T16:14:46.527952+00:00,kube-system,local-path-provisioner-5d9d9885bc-bpbfb,1.0,13631488
2026-09-16T16:14:46.527952+00:00,kube-system,metrics-server-75dc6f8d87-n5hnd,29.0,251658240
2026-09-16T16:14:46.527952+00:00,kube-system,svclb-traefik-5132867f-lxgnq,0.0,0
2026-09-16T16:14:46.527952+00:00,kube-system,traefik-9bcdbbd9-dxtcs,3.0,96468992
2026-09-16T16:14:46.527952+00:00,pyroscope,pyroscope-0,6.0,100663296
2026-09-16T16:14:46.527952+00:00,pyroscope,pyroscope-alloy-0,25.0,495976448
2026-09-16T16:15:17.774198+00:00,grove-system,grove-operator-87b5b577-fw5t4,76.0,573571072
2026-09-16T16:15:17.774198+00:00,kai-scheduler,admission-86666f457d-shlf7,1.0,17825792
2026-09-16T16:15:17.774198+00:00,kai-scheduler,kai-operator-69b5d7bcf7-h7kb2,2.0,79691776
2026-09-16T16:15:17.774198+00:00,kai-scheduler,pod-grouper-65456f756-58ckz,1.0,9437184
2026-09-16T16:15:17.774198+00:00,kai-scheduler,podgroup-controller-68f9cc8dbf-g9s2f,1.0,11534336
2026-09-16T16:15:17.774198+00:00,kai-scheduler,queue-controller-f86fcd76c-5pbjz,1.0,11534336
2026-09-16T16:15:17.774198+00:00,kube-system,coredns-8db54c48d-r2b8d,3.0,39845888
2026-09-16T16:15:17.774198+00:00,kube-system,kwok-controller-5cf8c7c44b-9blfc,64.0,79691776
2026-09-16T16:15:17.774198+00:00,kube-system,local-path-provisioner-5d9d9885bc-bpbfb,1.0,13631488
2026-09-16T16:15:17.774198+00:00,kube-system,metrics-server-75dc6f8d87-n5hnd,23.0,251658240
2026-09-16T16:15:17.774198+00:00,kube-system,svclb-traefik-5132867f-lxgnq,0.0,0
2026-09-16T16:15:17.774198+00:00,kube-system,traefik-9bcdbbd9-dxtcs,2.0,96468992
2026-09-16T16:15:17.774198+00:00,pyroscope,pyroscope-0,5.0,96468992
2026-09-16T16:15:17.774198+00:00,pyroscope,pyroscope-alloy-0,6.0,501219328
2026-09-16T16:15:49.029842+00:00,grove-system,grove-operator-87b5b577-fw5t4,66.0,568328192
2026-09-16T16:15:49.029842+00:00,kai-scheduler,admission-86666f457d-shlf7,1.0,16777216
2026-09-16T16:15:49.029842+00:00,kai-scheduler,kai-operator-69b5d7bcf7-h7kb2,4.0,82837504
2026-09-16T16:15:49.029842+00:00,kai-scheduler,pod-grouper-65456f756-58ckz,1.0,9437184
2026-09-16T16:15:49.029842+00:00,kai-scheduler,podgroup-controller-68f9cc8dbf-g9s2f,1.0,11534336
2026-09-16T16:15:49.029842+00:00,kai-scheduler,queue-controller-f86fcd76c-5pbjz,1.0,11534336
2026-09-16T16:15:49.029842+00:00,kube-system,coredns-8db54c48d-r2b8d,3.0,40894464
2026-09-16T16:15:49.029842+00:00,kube-system,kwok-controller-5cf8c7c44b-9blfc,91.0,77594624
2026-09-16T16:15:49.029842+00:00,kube-system,local-path-provisioner-5d9d9885bc-bpbfb,1.0,13631488
2026-09-16T16:15:49.029842+00:00,kube-system,metrics-server-75dc6f8d87-n5hnd,34.0,252706816
2026-09-16T16:15:49.029842+00:00,kube-system,svclb-traefik-5132867f-lxgnq,0.0,0
2026-09-16T16:15:49.029842+00:00,kube-system,traefik-9bcdbbd9-dxtcs,2.0,101711872
2026-09-16T16:15:49.029842+00:00,pyroscope,pyroscope-0,6.0,95420416
2026-09-16T16:15:49.029842+00:00,pyroscope,pyroscope-alloy-0,53.0,520093696
2026-09-16T16:16:20.272898+00:00,grove-system,grove-operator-87b5b577-fw5t4,29.0,565182464
2026-09-16T16:16:20.272898+00:00,kai-scheduler,admission-86666f457d-shlf7,1.0,16777216
2026-09-16T16:16:20.272898+00:00,kai-scheduler,kai-operator-69b5d7bcf7-h7kb2,1.0,82837504
2026-09-16T16:16:20.272898+00:00,kai-scheduler,pod-grouper-65456f756-58ckz,1.0,9437184
2026-09-16T16:16:20.272898+00:00,kai-scheduler,podgroup-controller-68f9cc8dbf-g9s2f,1.0,11534336
2026-09-16T16:16:20.272898+00:00,kai-scheduler,queue-controller-f86fcd76c-5pbjz,1.0,11534336
2026-09-16T16:16:20.272898+00:00,kube-system,coredns-8db54c48d-r2b8d,2.0,40894464
2026-09-16T16:16:20.272898+00:00,kube-system,kwok-controller-5cf8c7c44b-9blfc,131.0,79691776
2026-09-16T16:16:20.272898+00:00,kube-system,local-path-provisioner-5d9d9885bc-bpbfb,1.0,13631488
2026-09-16T16:16:20.272898+00:00,kube-system,metrics-server-75dc6f8d87-n5hnd,43.0,256901120
2026-09-16T16:16:20.272898+00:00,kube-system,svclb-traefik-5132867f-lxgnq,0.0,0
2026-09-16T16:16:20.272898+00:00,kube-system,traefik-9bcdbbd9-dxtcs,1.0,99614720
2026-09-16T16:16:20.272898+00:00,pyroscope,pyroscope-0,6.0,97517568
2026-09-16T16:16:20.272898+00:00,pyroscope,pyroscope-alloy-0,106.0,471859200
2026-09-16T16:16:51.519658+00:00,grove-system,grove-operator-87b5b577-fw5t4,28.0,563085312
2026-09-16T16:16:51.519658+00:00,kai-scheduler,admission-86666f457d-shlf7,1.0,16777216
2026-09-16T16:16:51.519658+00:00,kai-scheduler,kai-operator-69b5d7bcf7-h7kb2,1.0,82837504
2026-09-16T16:16:51.519658+00:00,kai-scheduler,pod-grouper-65456f756-58ckz,1.0,9437184
2026-09-16T16:16:51.519658+00:00,kai-scheduler,podgroup-controller-68f9cc8dbf-g9s2f,1.0,11534336
2026-09-16T16:16:51.519658+00:00,kai-scheduler,queue-controller-f86fcd76c-5pbjz,1.0,11534336
2026-09-16T16:16:51.519658+00:00,kube-system,coredns-8db54c48d-r2b8d,2.0,40894464
2026-09-16T16:16:51.519658+00:00,kube-system,kwok-controller-5cf8c7c44b-9blfc,130.0,80740352
2026-09-16T16:16:51.519658+00:00,kube-system,local-path-provisioner-5d9d9885bc-bpbfb,1.0,13631488
2026-09-16T16:16:51.519658+00:00,kube-system,metrics-server-75dc6f8d87-n5hnd,50.0,253755392
2026-09-16T16:16:51.519658+00:00,kube-system,svclb-traefik-5132867f-lxgnq,0.0,0
2026-09-16T16:16:51.519658+00:00,kube-system,traefik-9bcdbbd9-dxtcs,1.0,97517568
2026-09-16T16:16:51.519658+00:00,pyroscope,pyroscope-0,5.0,98566144
2026-09-16T16:16:51.519658+00:00,pyroscope,pyroscope-alloy-0,105.0,473956352
2026-09-16T16:17:22.764311+00:00,grove-system,grove-operator-87b5b577-fw5t4,33.0,554696704
2026-09-16T16:17:22.764311+00:00,kai-scheduler,admission-86666f457d-shlf7,1.0,16777216
2026-09-16T16:17:22.764311+00:00,kai-scheduler,kai-operator-69b5d7bcf7-h7kb2,1.0,85983232
2026-09-16T16:17:22.764311+00:00,kai-scheduler,kai-scheduler-default-86ccb98bf5-sglz6,83.0,339738624
2026-09-16T16:17:22.764311+00:00,kai-scheduler,pod-grouper-65456f756-58ckz,1.0,9437184
2026-09-16T16:17:22.764311+00:00,kai-scheduler,podgroup-controller-68f9cc8dbf-g9s2f,1.0,11534336
2026-09-16T16:17:22.764311+00:00,kai-scheduler,queue-controller-f86fcd76c-5pbjz,1.0,11534336
2026-09-16T16:17:22.764311+00:00,kube-system,coredns-8db54c48d-r2b8d,2.0,41943040
2026-09-16T16:17:22.764311+00:00,kube-system,kwok-controller-5cf8c7c44b-9blfc,158.0,79691776
2026-09-16T16:17:22.764311+00:00,kube-system,local-path-provisioner-5d9d9885bc-bpbfb,1.0,13631488
2026-09-16T16:17:22.764311+00:00,kube-system,metrics-server-75dc6f8d87-n5hnd,52.0,254803968
2026-09-16T16:17:22.764311+00:00,kube-system,svclb-traefik-5132867f-lxgnq,0.0,0
2026-09-16T16:17:22.764311+00:00,kube-system,traefik-9bcdbbd9-dxtcs,1.0,97517568
2026-09-16T16:17:22.764311+00:00,pyroscope,pyroscope-0,7.0,97517568
2026-09-16T16:17:22.764311+00:00,pyroscope,pyroscope-alloy-0,97.0,470810624
2026-09-16T16:17:54.009489+00:00,grove-system,grove-operator-87b5b577-fw5t4,27.0,556793856
2026-09-16T16:17:54.009489+00:00,kai-scheduler,admission-86666f457d-shlf7,1.0,16777216
2026-09-16T16:17:54.009489+00:00,kai-scheduler,kai-operator-69b5d7bcf7-h7kb2,1.0,85983232
2026-09-16T16:17:54.009489+00:00,kai-scheduler,kai-scheduler-default-86ccb98bf5-sglz6,77.0,305135616
2026-09-16T16:17:54.009489+00:00,kai-scheduler,pod-grouper-65456f756-58ckz,1.0,9437184
2026-09-16T16:17:54.009489+00:00,kai-scheduler,podgroup-controller-68f9cc8dbf-g9s2f,1.0,11534336
2026-09-16T16:17:54.009489+00:00,kai-scheduler,queue-controller-f86fcd76c-5pbjz,1.0,11534336
2026-09-16T16:17:54.009489+00:00,kube-system,coredns-8db54c48d-r2b8d,2.0,40894464
2026-09-16T16:17:54.009489+00:00,kube-system,kwok-controller-5cf8c7c44b-9blfc,161.0,81788928
2026-09-16T16:17:54.009489+00:00,kube-system,local-path-provisioner-5d9d9885bc-bpbfb,1.0,13631488
2026-09-16T16:17:54.009489+00:00,kube-system,metrics-server-75dc6f8d87-n5hnd,52.0,252706816
2026-09-16T16:17:54.009489+00:00,kube-system,svclb-traefik-5132867f-lxgnq,0.0,0
2026-09-16T16:17:54.009489+00:00,kube-system,traefik-9bcdbbd9-dxtcs,1.0,97517568
2026-09-16T16:17:54.009489+00:00,pyroscope,pyroscope-0,6.0,98566144
2026-09-16T16:17:54.009489+00:00,pyroscope,pyroscope-alloy-0,94.0,466616320
2026-09-16T16:18:25.258741+00:00,grove-system,grove-operator-87b5b577-fw5t4,35.0,551550976
2026-09-16T16:18:25.258741+00:00,kai-scheduler,admission-86666f457d-shlf7,1.0,16777216
2026-09-16T16:18:25.258741+00:00,kai-scheduler,kai-operator-69b5d7bcf7-h7kb2,1.0,85983232
2026-09-16T16:18:25.258741+00:00,kai-scheduler,kai-scheduler-default-86ccb98bf5-sglz6,74.0,313524224
2026-09-16T16:18:25.258741+00:00,kai-scheduler,pod-grouper-65456f756-58ckz,1.0,9437184
2026-09-16T16:18:25.258741+00:00,kai-scheduler,podgroup-controller-68f9cc8dbf-g9s2f,1.0,11534336
2026-09-16T16:18:25.258741+00:00,kai-scheduler,queue-controller-f86fcd76c-5pbjz,1.0,11534336
2026-09-16T16:18:25.258741+00:00,kube-system,coredns-8db54c48d-r2b8d,2.0,39845888
2026-09-16T16:18:25.258741+00:00,kube-system,kwok-controller-5cf8c7c44b-9blfc,159.0,80740352
2026-09-16T16:18:25.258741+00:00,kube-system,local-path-provisioner-5d9d9885bc-bpbfb,1.0,13631488
2026-09-16T16:18:25.258741+00:00,kube-system,metrics-server-75dc6f8d87-n5hnd,46.0,252706816
2026-09-16T16:18:25.258741+00:00,kube-system,svclb-traefik-5132867f-lxgnq,0.0,0
2026-09-16T16:18:25.258741+00:00,kube-system,traefik-9bcdbbd9-dxtcs,1.0,97517568
2026-09-16T16:18:25.258741+00:00,pyroscope,pyroscope-0,9.0,206569472
2026-09-16T16:18:25.258741+00:00,pyroscope,pyroscope-alloy-0,80.0,462422016
2026-09-16T16:18:56.504947+00:00,grove-system,grove-operator-87b5b577-fw5t4,36.0,552599552
2026-09-16T16:18:56.504947+00:00,kai-scheduler,admission-86666f457d-shlf7,1.0,16777216
2026-09-16T16:18:56.504947+00:00,kai-scheduler,kai-operator-69b5d7bcf7-h7kb2,3.0,77594624
2026-09-16T16:18:56.504947+00:00,kai-scheduler,kai-scheduler-default-86ccb98bf5-sglz6,65.0,242221056
2026-09-16T16:18:56.504947+00:00,kai-scheduler,pod-grouper-65456f756-58ckz,1.0,9437184
2026-09-16T16:18:56.504947+00:00,kai-scheduler,podgroup-controller-68f9cc8dbf-g9s2f,1.0,11534336
2026-09-16T16:18:56.504947+00:00,kai-scheduler,queue-controller-f86fcd76c-5pbjz,1.0,11534336
2026-09-16T16:18:56.504947+00:00,kube-system,coredns-8db54c48d-r2b8d,2.0,38797312
2026-09-16T16:18:56.504947+00:00,kube-system,kwok-controller-5cf8c7c44b-9blfc,191.0,77594624
2026-09-16T16:18:56.504947+00:00,kube-system,local-path-provisioner-5d9d9885bc-bpbfb,1.0,13631488
2026-09-16T16:18:56.504947+00:00,kube-system,metrics-server-75dc6f8d87-n5hnd,53.0,251658240
2026-09-16T16:18:56.504947+00:00,kube-system,svclb-traefik-5132867f-lxgnq,0.0,0
2026-09-16T16:18:56.504947+00:00,kube-system,traefik-9bcdbbd9-dxtcs,1.0,93323264
2026-09-16T16:18:56.504947+00:00,pyroscope,pyroscope-0,5.0,239075328
2026-09-16T16:18:56.504947+00:00,pyroscope,pyroscope-alloy-0,84.0,467664896
2026-09-16T16:19:27.746297+00:00,grove-system,grove-operator-87b5b577-fw5t4,35.0,545259520
2026-09-16T16:19:27.746297+00:00,kai-scheduler,admission-86666f457d-shlf7,1.0,16777216
2026-09-16T16:19:27.746297+00:00,kai-scheduler,kai-operator-69b5d7bcf7-h7kb2,1.0,77594624
2026-09-16T16:19:27.746297+00:00,kai-scheduler,kai-scheduler-default-86ccb98bf5-sglz6,58.0,223346688
2026-09-16T16:19:27.746297+00:00,kai-scheduler,pod-grouper-65456f756-58ckz,1.0,9437184
2026-09-16T16:19:27.746297+00:00,kai-scheduler,podgroup-controller-68f9cc8dbf-g9s2f,1.0,11534336
2026-09-16T16:19:27.746297+00:00,kai-scheduler,queue-controller-f86fcd76c-5pbjz,1.0,11534336
2026-09-16T16:19:27.746297+00:00,kube-system,coredns-8db54c48d-r2b8d,2.0,38797312
2026-09-16T16:19:27.746297+00:00,kube-system,kwok-controller-5cf8c7c44b-9blfc,120.0,79691776
2026-09-16T16:19:27.746297+00:00,kube-system,local-path-provisioner-5d9d9885bc-bpbfb,1.0,13631488
2026-09-16T16:19:27.746297+00:00,kube-system,metrics-server-75dc6f8d87-n5hnd,51.0,251658240
2026-09-16T16:19:27.746297+00:00,kube-system,svclb-traefik-5132867f-lxgnq,0.0,0
2026-09-16T16:19:27.746297+00:00,kube-system,traefik-9bcdbbd9-dxtcs,1.0,93323264
2026-09-16T16:19:27.746297+00:00,pyroscope,pyroscope-0,5.0,264241152
2026-09-16T16:19:27.746297+00:00,pyroscope,pyroscope-alloy-0,62.0,470810624
2026-09-16T16:19:58.992682+00:00,grove-system,grove-operator-87b5b577-fw5t4,38.0,533725184
2026-09-16T16:19:58.992682+00:00,kai-scheduler,admission-86666f457d-shlf7,1.0,16777216
2026-09-16T16:19:58.992682+00:00,kai-scheduler,kai-operator-69b5d7bcf7-h7kb2,1.0,77594624
2026-09-16T16:19:58.992682+00:00,kai-scheduler,kai-scheduler-default-86ccb98bf5-sglz6,57.0,210763776
2026-09-16T16:19:58.992682+00:00,kai-scheduler,pod-grouper-65456f756-58ckz,1.0,9437184
2026-09-16T16:19:58.992682+00:00,kai-scheduler,podgroup-controller-68f9cc8dbf-g9s2f,1.0,11534336
2026-09-16T16:19:58.992682+00:00,kai-scheduler,queue-controller-f86fcd76c-5pbjz,1.0,11534336
2026-09-16T16:19:58.992682+00:00,kube-system,coredns-8db54c48d-r2b8d,3.0,39845888
2026-09-16T16:19:58.992682+00:00,kube-system,kwok-controller-5cf8c7c44b-9blfc,142.0,76546048
2026-09-16T16:19:58.992682+00:00,kube-system,local-path-provisioner-5d9d9885bc-bpbfb,1.0,13631488
2026-09-16T16:19:58.992682+00:00,kube-system,metrics-server-75dc6f8d87-n5hnd,49.0,248512512
2026-09-16T16:19:58.992682+00:00,kube-system,svclb-traefik-5132867f-lxgnq,0.0,0
2026-09-16T16:19:58.992682+00:00,kube-system,traefik-9bcdbbd9-dxtcs,1.0,93323264
2026-09-16T16:19:58.992682+00:00,pyroscope,pyroscope-0,5.0,289406976
2026-09-16T16:19:58.992682+00:00,pyroscope,pyroscope-alloy-0,67.0,467664896
2026-09-16T16:20:30.241145+00:00,grove-system,grove-operator-87b5b577-fw5t4,29.0,531628032
2026-09-16T16:20:30.241145+00:00,kai-scheduler,admission-86666f457d-shlf7,1.0,16777216
2026-09-16T16:20:30.241145+00:00,kai-scheduler,kai-operator-69b5d7bcf7-h7kb2,1.0,77594624
2026-09-16T16:20:30.241145+00:00,kai-scheduler,kai-scheduler-default-86ccb98bf5-sglz6,49.0,210763776
2026-09-16T16:20:30.241145+00:00,kai-scheduler,pod-grouper-65456f756-58ckz,1.0,9437184
2026-09-16T16:20:30.241145+00:00,kai-scheduler,podgroup-controller-68f9cc8dbf-g9s2f,1.0,11534336
2026-09-16T16:20:30.241145+00:00,kai-scheduler,queue-controller-f86fcd76c-5pbjz,1.0,11534336
2026-09-16T16:20:30.241145+00:00,kube-system,coredns-8db54c48d-r2b8d,2.0,38797312
2026-09-16T16:20:30.241145+00:00,kube-system,kwok-controller-5cf8c7c44b-9blfc,119.0,78643200
2026-09-16T16:20:30.241145+00:00,kube-system,local-path-provisioner-5d9d9885bc-bpbfb,1.0,13631488
2026-09-16T16:20:30.241145+00:00,kube-system,metrics-server-75dc6f8d87-n5hnd,51.0,250609664
2026-09-16T16:20:30.241145+00:00,kube-system,svclb-traefik-5132867f-lxgnq,0.0,0
2026-09-16T16:20:30.241145+00:00,kube-system,traefik-9bcdbbd9-dxtcs,1.0,93323264
2026-09-16T16:20:30.241145+00:00,pyroscope,pyroscope-0,7.0,270532608
2026-09-16T16:20:30.241145+00:00,pyroscope,pyroscope-alloy-0,55.0,466616320
2026-09-16T16:21:01.491737+00:00,grove-system,grove-operator-87b5b577-fw5t4,39.0,493879296
2026-09-16T16:21:01.491737+00:00,kai-scheduler,admission-86666f457d-shlf7,1.0,16777216
2026-09-16T16:21:01.491737+00:00,kai-scheduler,binder-869fc94c7-l85qn,34.0,79691776
2026-09-16T16:21:01.491737+00:00,kai-scheduler,kai-operator-69b5d7bcf7-h7kb2,2.0,77594624
2026-09-16T16:21:01.491737+00:00,kai-scheduler,kai-scheduler-default-86ccb98bf5-sglz6,44.0,204472320
2026-09-16T16:21:01.491737+00:00,kai-scheduler,pod-grouper-65456f756-58ckz,1.0,9437184
2026-09-16T16:21:01.491737+00:00,kai-scheduler,podgroup-controller-68f9cc8dbf-g9s2f,1.0,11534336
2026-09-16T16:21:01.491737+00:00,kai-scheduler,queue-controller-f86fcd76c-5pbjz,1.0,11534336
2026-09-16T16:21:01.491737+00:00,kube-system,coredns-8db54c48d-r2b8d,2.0,38797312
2026-09-16T16:21:01.491737+00:00,kube-system,kwok-controller-5cf8c7c44b-9blfc,146.0,77594624
2026-09-16T16:21:01.491737+00:00,kube-system,local-path-provisioner-5d9d9885bc-bpbfb,1.0,13631488
2026-09-16T16:21:01.491737+00:00,kube-system,metrics-server-75dc6f8d87-n5hnd,60.0,249561088
2026-09-16T16:21:01.491737+00:00,kube-system,svclb-traefik-5132867f-lxgnq,0.0,0
2026-09-16T16:21:01.491737+00:00,kube-system,traefik-9bcdbbd9-dxtcs,1.0,93323264
2026-09-16T16:21:01.491737+00:00,pyroscope,pyroscope-0,6.0,178257920
2026-09-16T16:21:01.491737+00:00,pyroscope,pyroscope-alloy-0,42.0,455081984
2026-09-16T16:21:32.744998+00:00,grove-system,grove-operator-87b5b577-fw5t4,37.0,475004928
2026-09-16T16:21:32.744998+00:00,kai-scheduler,admission-86666f457d-shlf7,1.0,16777216
2026-09-16T16:21:32.744998+00:00,kai-scheduler,binder-869fc94c7-l85qn,35.0,77594624
2026-09-16T16:21:32.744998+00:00,kai-scheduler,kai-operator-69b5d7bcf7-h7kb2,1.0,77594624
2026-09-16T16:21:32.744998+00:00,kai-scheduler,kai-scheduler-default-86ccb98bf5-sglz6,37.0,201326592
2026-09-16T16:21:32.744998+00:00,kai-scheduler,pod-grouper-65456f756-58ckz,1.0,9437184
2026-09-16T16:21:32.744998+00:00,kai-scheduler,podgroup-controller-68f9cc8dbf-g9s2f,1.0,11534336
2026-09-16T16:21:32.744998+00:00,kai-scheduler,queue-controller-f86fcd76c-5pbjz,1.0,11534336
2026-09-16T16:21:32.744998+00:00,kube-system,coredns-8db54c48d-r2b8d,2.0,38797312
2026-09-16T16:21:32.744998+00:00,kube-system,kwok-controller-5cf8c7c44b-9blfc,133.0,77594624
2026-09-16T16:21:32.744998+00:00,kube-system,local-path-provisioner-5d9d9885bc-bpbfb,1.0,13631488
2026-09-16T16:21:32.744998+00:00,kube-system,metrics-server-75dc6f8d87-n5hnd,48.0,251658240
2026-09-16T16:21:32.744998+00:00,kube-system,svclb-traefik-5132867f-lxgnq,0.0,0
2026-09-16T16:21:32.744998+00:00,kube-system,traefik-9bcdbbd9-dxtcs,1.0,93323264
2026-09-16T16:21:32.744998+00:00,pyroscope,pyroscope-0,5.0,171966464
2026-09-16T16:21:32.744998+00:00,pyroscope,pyroscope-alloy-0,36.0,438304768
2026-09-16T16:22:03.995733+00:00,grove-system,grove-operator-87b5b577-fw5t4,8.0,472907776
2026-09-16T16:22:03.995733+00:00,kai-scheduler,admission-86666f457d-shlf7,1.0,17825792
2026-09-16T16:22:03.995733+00:00,kai-scheduler,binder-869fc94c7-l85qn,32.0,82837504
2026-09-16T16:22:03.995733+00:00,kai-scheduler,kai-operator-69b5d7bcf7-h7kb2,38.0,99614720
2026-09-16T16:22:03.995733+00:00,kai-scheduler,kai-scheduler-default-86ccb98bf5-sglz6,42.0,198180864
2026-09-16T16:22:03.995733+00:00,kai-scheduler,pod-grouper-65456f756-58ckz,1.0,9437184
2026-09-16T16:22:03.995733+00:00,kai-scheduler,podgroup-controller-68f9cc8dbf-g9s2f,1.0,11534336
2026-09-16T16:22:03.995733+00:00,kai-scheduler,queue-controller-f86fcd76c-5pbjz,1.0,11534336
2026-09-16T16:22:03.995733+00:00,kube-system,coredns-8db54c48d-r2b8d,2.0,38797312
2026-09-16T16:22:03.995733+00:00,kube-system,kwok-controller-5cf8c7c44b-9blfc,99.0,76546048
2026-09-16T16:22:03.995733+00:00,kube-system,local-path-provisioner-5d9d9885bc-bpbfb,1.0,13631488
2026-09-16T16:22:03.995733+00:00,kube-system,metrics-server-75dc6f8d87-n5hnd,45.0,250609664
2026-09-16T16:22:03.995733+00:00,kube-system,svclb-traefik-5132867f-lxgnq,0.0,0
2026-09-16T16:22:03.995733+00:00,kube-system,traefik-9bcdbbd9-dxtcs,52.0,110100480
2026-09-16T16:22:03.995733+00:00,pyroscope,pyroscope-0,4.0,179306496
2026-09-16T16:22:03.995733+00:00,pyroscope,pyroscope-alloy-0,5.0,433061888
2026-09-16T16:22:35.247650+00:00,grove-system,grove-operator-87b5b577-fw5t4,4.0,470810624
2026-09-16T16:22:35.247650+00:00,kai-scheduler,admission-86666f457d-shlf7,1.0,16777216
2026-09-16T16:22:35.247650+00:00,kai-scheduler,binder-869fc94c7-l85qn,35.0,83886080
2026-09-16T16:22:35.247650+00:00,kai-scheduler,kai-operator-69b5d7bcf7-h7kb2,38.0,100663296
2026-09-16T16:22:35.247650+00:00,kai-scheduler,kai-scheduler-default-86ccb98bf5-sglz6,40.0,202375168
2026-09-16T16:22:35.247650+00:00,kai-scheduler,pod-grouper-65456f756-58ckz,1.0,9437184
2026-09-16T16:22:35.247650+00:00,kai-scheduler,podgroup-controller-68f9cc8dbf-g9s2f,1.0,11534336
2026-09-16T16:22:35.247650+00:00,kai-scheduler,queue-controller-f86fcd76c-5pbjz,1.0,11534336
2026-09-16T16:22:35.247650+00:00,kube-system,coredns-8db54c48d-r2b8d,2.0,38797312
2026-09-16T16:22:35.247650+00:00,kube-system,kwok-controller-5cf8c7c44b-9blfc,102.0,75497472
2026-09-16T16:22:35.247650+00:00,kube-system,local-path-provisioner-5d9d9885bc-bpbfb,1.0,13631488
2026-09-16T16:22:35.247650+00:00,kube-system,metrics-server-75dc6f8d87-n5hnd,46.0,250609664
2026-09-16T16:22:35.247650+00:00,kube-system,svclb-traefik-5132867f-lxgnq,0.0,0
2026-09-16T16:22:35.247650+00:00,kube-system,traefik-9bcdbbd9-dxtcs,53.0,110100480
2026-09-16T16:22:35.247650+00:00,pyroscope,pyroscope-0,6.0,166723584
2026-09-16T16:22:35.247650+00:00,pyroscope,pyroscope-alloy-0,8.0,430964736
2026-09-16T16:23:06.518717+00:00,grove-system,grove-operator-87b5b577-fw5t4,661.0,520093696
2026-09-16T16:23:06.518717+00:00,kai-scheduler,admission-86666f457d-shlf7,1.0,16777216
2026-09-16T16:23:06.518717+00:00,kai-scheduler,binder-869fc94c7-l85qn,52.0,109051904
2026-09-16T16:23:06.518717+00:00,kai-scheduler,kai-operator-69b5d7bcf7-h7kb2,13.0,97517568
2026-09-16T16:23:06.518717+00:00,kai-scheduler,kai-scheduler-default-86ccb98bf5-sglz6,69.0,228589568
2026-09-16T16:23:06.518717+00:00,kai-scheduler,pod-grouper-65456f756-58ckz,1.0,9437184
2026-09-16T16:23:06.518717+00:00,kai-scheduler,podgroup-controller-68f9cc8dbf-g9s2f,1.0,11534336
2026-09-16T16:23:06.518717+00:00,kai-scheduler,queue-controller-f86fcd76c-5pbjz,1.0,11534336
2026-09-16T16:23:06.518717+00:00,kube-system,coredns-8db54c48d-r2b8d,2.0,38797312
2026-09-16T16:23:06.518717+00:00,kube-system,kwok-controller-5cf8c7c44b-9blfc,115.0,75497472
2026-09-16T16:23:06.518717+00:00,kube-system,local-path-provisioner-5d9d9885bc-bpbfb,1.0,13631488
2026-09-16T16:23:06.518717+00:00,kube-system,metrics-server-75dc6f8d87-n5hnd,34.0,247463936
2026-09-16T16:23:06.518717+00:00,kube-system,svclb-traefik-5132867f-lxgnq,0.0,0
2026-09-16T16:23:06.518717+00:00,kube-system,traefik-9bcdbbd9-dxtcs,15.0,109051904
2026-09-16T16:23:06.518717+00:00,pyroscope,pyroscope-0,7.0,177209344
2026-09-16T16:23:06.518717+00:00,pyroscope,pyroscope-alloy-0,24.0,420478976
2026-09-16T16:23:37.827942+00:00,grove-system,grove-operator-87b5b577-fw5t4,759.0,652214272
2026-09-16T16:23:37.827942+00:00,kai-scheduler,admission-86666f457d-shlf7,1.0,16777216
2026-09-16T16:23:37.827942+00:00,kai-scheduler,binder-869fc94c7-l85qn,83.0,181403648
2026-09-16T16:23:37.827942+00:00,kai-scheduler,kai-operator-69b5d7bcf7-h7kb2,1.0,97517568
2026-09-16T16:23:37.827942+00:00,kai-scheduler,kai-scheduler-default-86ccb98bf5-sglz6,85.0,333447168
2026-09-16T16:23:37.827942+00:00,kai-scheduler,pod-grouper-65456f756-58ckz,1.0,9437184
2026-09-16T16:23:37.827942+00:00,kai-scheduler,podgroup-controller-68f9cc8dbf-g9s2f,1.0,11534336
2026-09-16T16:23:37.827942+00:00,kai-scheduler,queue-controller-f86fcd76c-5pbjz,1.0,11534336
2026-09-16T16:23:37.827942+00:00,kube-system,coredns-8db54c48d-r2b8d,3.0,38797312
2026-09-16T16:23:37.827942+00:00,kube-system,kwok-controller-5cf8c7c44b-9blfc,101.0,73400320
2026-09-16T16:23:37.827942+00:00,kube-system,local-path-provisioner-5d9d9885bc-bpbfb,1.0,13631488
2026-09-16T16:23:37.827942+00:00,kube-system,metrics-server-75dc6f8d87-n5hnd,42.0,249561088
2026-09-16T16:23:37.827942+00:00,kube-system,svclb-traefik-5132867f-lxgnq,0.0,0
2026-09-16T16:23:37.827942+00:00,kube-system,traefik-9bcdbbd9-dxtcs,3.0,109051904
2026-09-16T16:23:37.827942+00:00,pyroscope,pyroscope-0,7.0,173015040
2026-09-16T16:23:37.827942+00:00,pyroscope,pyroscope-alloy-0,69.0,463470592
2026-09-16T16:24:09.099288+00:00,grove-system,grove-operator-87b5b577-fw5t4,1271.0,636485632
2026-09-16T16:24:09.099288+00:00,kai-scheduler,admission-86666f457d-shlf7,1.0,16777216
2026-09-16T16:24:09.099288+00:00,kai-scheduler,kai-operator-69b5d7bcf7-h7kb2,9.0,95420416
2026-09-16T16:24:09.099288+00:00,kai-scheduler,kai-scheduler-default-86ccb98bf5-sglz6,94.0,448790528
2026-09-16T16:24:09.099288+00:00,kai-scheduler,pod-grouper-65456f756-58ckz,1.0,9437184
2026-09-16T16:24:09.099288+00:00,kai-scheduler,podgroup-controller-68f9cc8dbf-g9s2f,1.0,11534336
2026-09-16T16:24:09.099288+00:00,kai-scheduler,queue-controller-f86fcd76c-5pbjz,1.0,11534336
2026-09-16T16:24:09.099288+00:00,kube-system,coredns-8db54c48d-r2b8d,3.0,39845888
2026-09-16T16:24:09.099288+00:00,kube-system,kwok-controller-5cf8c7c44b-9blfc,102.0,76546048
2026-09-16T16:24:09.099288+00:00,kube-system,local-path-provisioner-5d9d9885bc-bpbfb,1.0,13631488
2026-09-16T16:24:09.099288+00:00,kube-system,metrics-server-75dc6f8d87-n5hnd,32.0,249561088
2026-09-16T16:24:09.099288+00:00,kube-system,svclb-traefik-5132867f-lxgnq,0.0,0
2026-09-16T16:24:09.099288+00:00,kube-system,traefik-9bcdbbd9-dxtcs,1.0,109051904
2026-09-16T16:24:09.099288+00:00,pyroscope,pyroscope-0,7.0,168820736
2026-09-16T16:24:09.099288+00:00,pyroscope,pyroscope-alloy-0,60.0,498073600
2026-09-16T16:24:40.374568+00:00,grove-system,grove-operator-87b5b577-fw5t4,1440.0,691011584
2026-09-16T16:24:40.374568+00:00,kai-scheduler,admission-86666f457d-shlf7,1.0,16777216
2026-09-16T16:24:40.374568+00:00,kai-scheduler,kai-operator-69b5d7bcf7-h7kb2,1.0,95420416
2026-09-16T16:24:40.374568+00:00,kai-scheduler,kai-scheduler-default-86ccb98bf5-sglz6,122.0,454033408
2026-09-16T16:24:40.374568+00:00,kai-scheduler,pod-grouper-65456f756-58ckz,1.0,9437184
2026-09-16T16:24:40.374568+00:00,kai-scheduler,podgroup-controller-68f9cc8dbf-g9s2f,1.0,11534336
2026-09-16T16:24:40.374568+00:00,kai-scheduler,queue-controller-f86fcd76c-5pbjz,1.0,11534336
2026-09-16T16:24:40.374568+00:00,kube-system,coredns-8db54c48d-r2b8d,7.0,39845888
2026-09-16T16:24:40.374568+00:00,kube-system,kwok-controller-5cf8c7c44b-9blfc,121.0,76546048
2026-09-16T16:24:40.374568+00:00,kube-system,local-path-provisioner-5d9d9885bc-bpbfb,1.0,13631488
2026-09-16T16:24:40.374568+00:00,kube-system,metrics-server-75dc6f8d87-n5hnd,46.0,249561088
2026-09-16T16:24:40.374568+00:00,kube-system,svclb-traefik-5132867f-lxgnq,0.0,0
2026-09-16T16:24:40.374568+00:00,kube-system,traefik-9bcdbbd9-dxtcs,1.0,109051904
2026-09-16T16:24:40.374568+00:00,pyroscope,pyroscope-0,10.0,177209344
2026-09-16T16:24:40.374568+00:00,pyroscope,pyroscope-alloy-0,78.0,552599552
2026-09-16T16:25:11.648503+00:00,grove-system,grove-operator-87b5b577-fw5t4,1382.0,709885952
2026-09-16T16:25:11.648503+00:00,kai-scheduler,admission-86666f457d-shlf7,1.0,16777216
2026-09-16T16:25:11.648503+00:00,kai-scheduler,kai-operator-69b5d7bcf7-h7kb2,4.0,96468992
2026-09-16T16:25:11.648503+00:00,kai-scheduler,pod-grouper-65456f756-58ckz,1.0,9437184
2026-09-16T16:25:11.648503+00:00,kai-scheduler,podgroup-controller-68f9cc8dbf-g9s2f,1.0,11534336
2026-09-16T16:25:11.648503+00:00,kai-scheduler,queue-controller-f86fcd76c-5pbjz,1.0,11534336
2026-09-16T16:25:11.648503+00:00,kube-system,coredns-8db54c48d-r2b8d,15.0,44040192
2026-09-16T16:25:11.648503+00:00,kube-system,kwok-controller-5cf8c7c44b-9blfc,307.0,78643200
2026-09-16T16:25:11.648503+00:00,kube-system,local-path-provisioner-5d9d9885bc-bpbfb,1.0,13631488
2026-09-16T16:25:11.648503+00:00,kube-system,metrics-server-75dc6f8d87-n5hnd,64.0,251658240
2026-09-16T16:25:11.648503+00:00,kube-system,svclb-traefik-5132867f-lxgnq,0.0,0
2026-09-16T16:25:11.648503+00:00,kube-system,traefik-9bcdbbd9-dxtcs,24.0,119537664
2026-09-16T16:25:11.648503+00:00,pyroscope,pyroscope-0,7.0,175112192
2026-09-16T16:25:11.648503+00:00,pyroscope,pyroscope-alloy-0,162.0,640679936
2026-09-16T16:25:42.934703+00:00,grove-system,grove-operator-87b5b577-fw5t4,1469.0,705691648
2026-09-16T16:25:42.934703+00:00,kai-scheduler,admission-86666f457d-shlf7,1.0,16777216
2026-09-16T16:25:42.934703+00:00,kai-scheduler,kai-operator-69b5d7bcf7-h7kb2,1.0,96468992
2026-09-16T16:25:42.934703+00:00,kai-scheduler,pod-grouper-65456f756-58ckz,1.0,9437184
2026-09-16T16:25:42.934703+00:00,kai-scheduler,podgroup-controller-68f9cc8dbf-g9s2f,1.0,11534336
2026-09-16T16:25:42.934703+00:00,kai-scheduler,queue-controller-f86fcd76c-5pbjz,1.0,11534336
2026-09-16T16:25:42.934703+00:00,kube-system,coredns-8db54c48d-r2b8d,15.0,45088768
2026-09-16T16:25:42.934703+00:00,kube-system,kwok-controller-5cf8c7c44b-9blfc,335.0,79691776
2026-09-16T16:25:42.934703+00:00,kube-system,local-path-provisioner-5d9d9885bc-bpbfb,1.0,13631488
2026-09-16T16:25:42.934703+00:00,kube-system,metrics-server-75dc6f8d87-n5hnd,70.0,256901120
2026-09-16T16:25:42.934703+00:00,kube-system,svclb-traefik-5132867f-lxgnq,0.0,0
2026-09-16T16:25:42.934703+00:00,kube-system,traefik-9bcdbbd9-dxtcs,24.0,120586240
2026-09-16T16:25:42.934703+00:00,pyroscope,pyroscope-0,8.0,175112192
2026-09-16T16:25:42.934703+00:00,pyroscope,pyroscope-alloy-0,179.0,679477248
2026-09-16T16:26:14.306805+00:00,grove-system,grove-operator-87b5b577-fw5t4,975.0,729808896
2026-09-16T16:26:14.306805+00:00,kai-scheduler,admission-86666f457d-shlf7,1.0,16777216
2026-09-16T16:26:14.306805+00:00,kai-scheduler,kai-operator-69b5d7bcf7-h7kb2,2.0,82837504
2026-09-16T16:26:14.306805+00:00,kai-scheduler,pod-grouper-65456f756-58ckz,1.0,9437184
2026-09-16T16:26:14.306805+00:00,kai-scheduler,podgroup-controller-68f9cc8dbf-g9s2f,1.0,11534336
2026-09-16T16:26:14.306805+00:00,kai-scheduler,queue-controller-f86fcd76c-5pbjz,1.0,11534336
2026-09-16T16:26:14.306805+00:00,kube-system,coredns-8db54c48d-r2b8d,17.0,47185920
2026-09-16T16:26:14.306805+00:00,kube-system,kwok-controller-5cf8c7c44b-9blfc,307.0,80740352
2026-09-16T16:26:14.306805+00:00,kube-system,local-path-provisioner-5d9d9885bc-bpbfb,1.0,13631488
2026-09-16T16:26:14.306805+00:00,kube-system,metrics-server-75dc6f8d87-n5hnd,74.0,268435456
2026-09-16T16:26:14.306805+00:00,kube-system,svclb-traefik-5132867f-lxgnq,0.0,0
2026-09-16T16:26:14.306805+00:00,kube-system,traefik-9bcdbbd9-dxtcs,23.0,122683392
2026-09-16T16:26:14.306805+00:00,pyroscope,pyroscope-0,8.0,178257920
2026-09-16T16:26:14.306805+00:00,pyroscope,pyroscope-alloy-0,198.0,683671552
2026-09-16T16:26:45.579431+00:00,grove-system,grove-operator-87b5b577-fw5t4,2644.0,730857472
2026-09-16T16:26:45.579431+00:00,kai-scheduler,admission-86666f457d-shlf7,1.0,16777216
2026-09-16T16:26:45.579431+00:00,kai-scheduler,kai-operator-69b5d7bcf7-h7kb2,1.0,82837504
2026-09-16T16:26:45.579431+00:00,kai-scheduler,pod-grouper-65456f756-58ckz,1.0,9437184
2026-09-16T16:26:45.579431+00:00,kai-scheduler,podgroup-controller-68f9cc8dbf-g9s2f,1.0,11534336
2026-09-16T16:26:45.579431+00:00,kai-scheduler,queue-controller-f86fcd76c-5pbjz,1.0,11534336
2026-09-16T16:26:45.579431+00:00,kube-system,coredns-8db54c48d-r2b8d,15.0,48234496
2026-09-16T16:26:45.579431+00:00,kube-system,kwok-controller-5cf8c7c44b-9blfc,348.0,80740352
2026-09-16T16:26:45.579431+00:00,kube-system,local-path-provisioner-5d9d9885bc-bpbfb,1.0,13631488
2026-09-16T16:26:45.579431+00:00,kube-system,metrics-server-75dc6f8d87-n5hnd,62.0,284164096
2026-09-16T16:26:45.579431+00:00,kube-system,svclb-traefik-5132867f-lxgnq,0.0,0
2026-09-16T16:26:45.579431+00:00,kube-system,traefik-9bcdbbd9-dxtcs,25.0,125829120
2026-09-16T16:26:45.579431+00:00,pyroscope,pyroscope-0,8.0,176160768
2026-09-16T16:26:45.579431+00:00,pyroscope,pyroscope-alloy-0,185.0,711983104
2026-09-16T16:27:16.858423+00:00,grove-system,grove-operator-87b5b577-fw5t4,2654.0,736100352
2026-09-16T16:27:16.858423+00:00,kai-scheduler,admission-86666f457d-shlf7,1.0,16777216
2026-09-16T16:27:16.858423+00:00,kai-scheduler,kai-operator-69b5d7bcf7-h7kb2,1.0,82837504
2026-09-16T16:27:16.858423+00:00,kai-scheduler,pod-grouper-65456f756-58ckz,1.0,9437184
2026-09-16T16:27:16.858423+00:00,kai-scheduler,podgroup-controller-68f9cc8dbf-g9s2f,1.0,11534336
2026-09-16T16:27:16.858423+00:00,kai-scheduler,queue-controller-f86fcd76c-5pbjz,1.0,11534336
2026-09-16T16:27:16.858423+00:00,kube-system,coredns-8db54c48d-r2b8d,16.0,49283072
2026-09-16T16:27:16.858423+00:00,kube-system,kwok-controller-5cf8c7c44b-9blfc,312.0,80740352
2026-09-16T16:27:16.858423+00:00,kube-system,local-path-provisioner-5d9d9885bc-bpbfb,1.0,13631488
2026-09-16T16:27:16.858423+00:00,kube-system,metrics-server-75dc6f8d87-n5hnd,57.0,291504128
2026-09-16T16:27:16.858423+00:00,kube-system,svclb-traefik-5132867f-lxgnq,0.0,0
2026-09-16T16:27:16.858423+00:00,kube-system,traefik-9bcdbbd9-dxtcs,26.0,128974848
2026-09-16T16:27:16.858423+00:00,pyroscope,pyroscope-0,9.0,178257920
2026-09-16T16:27:16.858423+00:00,pyroscope,pyroscope-alloy-0,200.0,752877568
2026-09-16T16:27:48.147753+00:00,grove-system,grove-operator-87b5b577-fw5t4,2688.0,737148928
2026-09-16T16:27:48.147753+00:00,kai-scheduler,admission-86666f457d-shlf7,1.0,16777216
2026-09-16T16:27:48.147753+00:00,kai-scheduler,kai-operator-69b5d7bcf7-h7kb2,1.0,82837504
2026-09-16T16:27:48.147753+00:00,kai-scheduler,pod-grouper-65456f756-58ckz,1.0,9437184
2026-09-16T16:27:48.147753+00:00,kai-scheduler,podgroup-controller-68f9cc8dbf-g9s2f,1.0,11534336
2026-09-16T16:27:48.147753+00:00,kai-scheduler,queue-controller-f86fcd76c-5pbjz,1.0,11534336
2026-09-16T16:27:48.147753+00:00,kube-system,coredns-8db54c48d-r2b8d,13.0,50331648
2026-09-16T16:27:48.147753+00:00,kube-system,kwok-controller-5cf8c7c44b-9blfc,335.0,81788928
2026-09-16T16:27:48.147753+00:00,kube-system,local-path-provisioner-5d9d9885bc-bpbfb,1.0,13631488
2026-09-16T16:27:48.147753+00:00,kube-system,metrics-server-75dc6f8d87-n5hnd,59.0,317718528
2026-09-16T16:27:48.147753+00:00,kube-system,svclb-traefik-5132867f-lxgnq,0.0,0
2026-09-16T16:27:48.147753+00:00,kube-system,traefik-9bcdbbd9-dxtcs,25.0,130023424
2026-09-16T16:27:48.147753+00:00,pyroscope,pyroscope-0,9.0,180355072
2026-09-16T16:27:48.147753+00:00,pyroscope,pyroscope-alloy-0,225.0,799014912
2026-09-16T16:28:19.395546+00:00,grove-system,grove-operator-87b5b577-fw5t4,29.0,738197504
2026-09-16T16:28:19.395546+00:00,kai-scheduler,admission-86666f457d-shlf7,1.0,16777216
2026-09-16T16:28:19.395546+00:00,kai-scheduler,kai-operator-69b5d7bcf7-h7kb2,6.0,83886080
2026-09-16T16:28:19.395546+00:00,kai-scheduler,pod-grouper-65456f756-58ckz,1.0,9437184
2026-09-16T16:28:19.395546+00:00,kai-scheduler,podgroup-controller-68f9cc8dbf-g9s2f,1.0,11534336
2026-09-16T16:28:19.395546+00:00,kai-scheduler,queue-controller-f86fcd76c-5pbjz,1.0,11534336
2026-09-16T16:28:19.395546+00:00,kube-system,coredns-8db54c48d-r2b8d,2.0,50331648
2026-09-16T16:28:19.395546+00:00,kube-system,kwok-controller-5cf8c7c44b-9blfc,85.0,82837504
2026-09-16T16:28:19.395546+00:00,kube-system,local-path-provisioner-5d9d9885bc-bpbfb,1.0,13631488
2026-09-16T16:28:19.395546+00:00,kube-system,metrics-server-75dc6f8d87-n5hnd,31.0,315621376
2026-09-16T16:28:19.395546+00:00,kube-system,svclb-traefik-5132867f-lxgnq,0.0,0
2026-09-16T16:28:19.395546+00:00,kube-system,traefik-9bcdbbd9-dxtcs,2.0,130023424
2026-09-16T16:28:19.395546+00:00,pyroscope,pyroscope-0,5.0,208666624
2026-09-16T16:28:19.395546+00:00,pyroscope,pyroscope-alloy-0,154.0,796917760
2026-09-16T16:28:50.645007+00:00,grove-system,grove-operator-87b5b577-fw5t4,93.0,756023296
2026-09-16T16:28:50.645007+00:00,kai-scheduler,admission-86666f457d-shlf7,1.0,16777216
2026-09-16T16:28:50.645007+00:00,kai-scheduler,kai-operator-69b5d7bcf7-h7kb2,7.0,91226112
2026-09-16T16:28:50.645007+00:00,kai-scheduler,pod-grouper-65456f756-58ckz,1.0,9437184
2026-09-16T16:28:50.645007+00:00,kai-scheduler,podgroup-controller-68f9cc8dbf-g9s2f,1.0,11534336
2026-09-16T16:28:50.645007+00:00,kai-scheduler,queue-controller-f86fcd76c-5pbjz,1.0,11534336
2026-09-16T16:28:50.645007+00:00,kube-system,coredns-8db54c48d-r2b8d,4.0,51380224
2026-09-16T16:28:50.645007+00:00,kube-system,kwok-controller-5cf8c7c44b-9blfc,560.0,88080384
2026-09-16T16:28:50.645007+00:00,kube-system,local-path-provisioner-5d9d9885bc-bpbfb,1.0,13631488
2026-09-16T16:28:50.645007+00:00,kube-system,metrics-server-75dc6f8d87-n5hnd,34.0,316669952
2026-09-16T16:28:50.645007+00:00,kube-system,svclb-traefik-5132867f-lxgnq,0.0,0
2026-09-16T16:28:50.645007+00:00,kube-system,traefik-9bcdbbd9-dxtcs,5.0,130023424
2026-09-16T16:28:50.645007+00:00,pyroscope,pyroscope-0,6.0,191889408
2026-09-16T16:28:50.645007+00:00,pyroscope,pyroscope-alloy-0,103.0,799014912
2026-09-16T16:29:21.895241+00:00,grove-system,grove-operator-87b5b577-fw5t4,75.0,750780416
2026-09-16T16:29:21.895241+00:00,kai-scheduler,admission-86666f457d-shlf7,1.0,16777216
2026-09-16T16:29:21.895241+00:00,kai-scheduler,kai-operator-69b5d7bcf7-h7kb2,7.0,92274688
2026-09-16T16:29:21.895241+00:00,kai-scheduler,pod-grouper-65456f756-58ckz,1.0,9437184
2026-09-16T16:29:21.895241+00:00,kai-scheduler,podgroup-controller-68f9cc8dbf-g9s2f,1.0,11534336
2026-09-16T16:29:21.895241+00:00,kai-scheduler,queue-controller-f86fcd76c-5pbjz,1.0,11534336
2026-09-16T16:29:21.895241+00:00,kube-system,coredns-8db54c48d-r2b8d,3.0,50331648
2026-09-16T16:29:21.895241+00:00,kube-system,kwok-controller-5cf8c7c44b-9blfc,92.0,87031808
2026-09-16T16:29:21.895241+00:00,kube-system,local-path-provisioner-5d9d9885bc-bpbfb,1.0,13631488
2026-09-16T16:29:21.895241+00:00,kube-system,metrics-server-75dc6f8d87-n5hnd,27.0,330301440
2026-09-16T16:29:21.895241+00:00,kube-system,svclb-traefik-5132867f-lxgnq,0.0,0
2026-09-16T16:29:21.895241+00:00,kube-system,traefik-9bcdbbd9-dxtcs,1.0,130023424
2026-09-16T16:29:21.895241+00:00,pyroscope,pyroscope-0,5.0,192937984
2026-09-16T16:29:21.895241+00:00,pyroscope,pyroscope-alloy-0,82.0,804257792
2026-09-16T16:29:53.147952+00:00,grove-system,grove-operator-87b5b577-fw5t4,30.0,741343232
2026-09-16T16:29:53.147952+00:00,kai-scheduler,admission-86666f457d-shlf7,1.0,17825792
2026-09-16T16:29:53.147952+00:00,kai-scheduler,kai-operator-69b5d7bcf7-h7kb2,3.0,92274688
2026-09-16T16:29:53.147952+00:00,kai-scheduler,pod-grouper-65456f756-58ckz,1.0,9437184
2026-09-16T16:29:53.147952+00:00,kai-scheduler,podgroup-controller-68f9cc8dbf-g9s2f,1.0,11534336
2026-09-16T16:29:53.147952+00:00,kai-scheduler,queue-controller-f86fcd76c-5pbjz,1.0,11534336
2026-09-16T16:29:53.147952+00:00,kube-system,coredns-8db54c48d-r2b8d,2.0,50331648
2026-09-16T16:29:53.147952+00:00,kube-system,kwok-controller-5cf8c7c44b-9blfc,128.0,88080384
2026-09-16T16:29:53.147952+00:00,kube-system,local-path-provisioner-5d9d9885bc-bpbfb,1.0,13631488
2026-09-16T16:29:53.147952+00:00,kube-system,metrics-server-75dc6f8d87-n5hnd,56.0,333447168
2026-09-16T16:29:53.147952+00:00,kube-system,svclb-traefik-5132867f-lxgnq,0.0,0
2026-09-16T16:29:53.147952+00:00,kube-system,traefik-9bcdbbd9-dxtcs,1.0,130023424
2026-09-16T16:29:53.147952+00:00,pyroscope,pyroscope-0,6.0,193986560
2026-09-16T16:29:53.147952+00:00,pyroscope,pyroscope-alloy-0,217.0,825229312
2026-09-16T16:30:24.398913+00:00,grove-system,grove-operator-87b5b577-fw5t4,55.0,741343232
2026-09-16T16:30:24.398913+00:00,kai-scheduler,admission-86666f457d-shlf7,1.0,16777216
2026-09-16T16:30:24.398913+00:00,kai-scheduler,kai-operator-69b5d7bcf7-h7kb2,1.0,92274688
2026-09-16T16:30:24.398913+00:00,kai-scheduler,pod-grouper-65456f756-58ckz,1.0,9437184
2026-09-16T16:30:24.398913+00:00,kai-scheduler,podgroup-controller-68f9cc8dbf-g9s2f,1.0,11534336
2026-09-16T16:30:24.398913+00:00,kai-scheduler,queue-controller-f86fcd76c-5pbjz,1.0,11534336
2026-09-16T16:30:24.398913+00:00,kube-system,coredns-8db54c48d-r2b8d,2.0,50331648
2026-09-16T16:30:24.398913+00:00,kube-system,kwok-controller-5cf8c7c44b-9blfc,165.0,89128960
2026-09-16T16:30:24.398913+00:00,kube-system,local-path-provisioner-5d9d9885bc-bpbfb,1.0,13631488
2026-09-16T16:30:24.398913+00:00,kube-system,metrics-server-75dc6f8d87-n5hnd,64.0,334495744
2026-09-16T16:30:24.398913+00:00,kube-system,svclb-traefik-5132867f-lxgnq,0.0,0
2026-09-16T16:30:24.398913+00:00,kube-system,traefik-9bcdbbd9-dxtcs,1.0,130023424
2026-09-16T16:30:24.398913+00:00,pyroscope,pyroscope-0,6.0,193986560
2026-09-16T16:30:24.398913+00:00,pyroscope,pyroscope-alloy-0,161.0,825229312
2026-09-16T16:30:55.652318+00:00,grove-system,grove-operator-87b5b577-fw5t4,31.0,742391808
2026-09-16T16:30:55.652318+00:00,kai-scheduler,admission-86666f457d-shlf7,1.0,16777216
2026-09-16T16:30:55.652318+00:00,kai-scheduler,kai-operator-69b5d7bcf7-h7kb2,1.0,92274688
2026-09-16T16:30:55.652318+00:00,kai-scheduler,pod-grouper-65456f756-58ckz,1.0,9437184
2026-09-16T16:30:55.652318+00:00,kai-scheduler,podgroup-controller-68f9cc8dbf-g9s2f,1.0,11534336
2026-09-16T16:30:55.652318+00:00,kai-scheduler,queue-controller-f86fcd76c-5pbjz,1.0,11534336
2026-09-16T16:30:55.652318+00:00,kube-system,coredns-8db54c48d-r2b8d,3.0,50331648
2026-09-16T16:30:55.652318+00:00,kube-system,kwok-controller-5cf8c7c44b-9blfc,152.0,88080384
2026-09-16T16:30:55.652318+00:00,kube-system,local-path-provisioner-5d9d9885bc-bpbfb,1.0,13631488
2026-09-16T16:30:55.652318+00:00,kube-system,metrics-server-75dc6f8d87-n5hnd,52.0,341835776
2026-09-16T16:30:55.652318+00:00,kube-system,svclb-traefik-5132867f-lxgnq,0.0,0
2026-09-16T16:30:55.652318+00:00,kube-system,traefik-9bcdbbd9-dxtcs,1.0,130023424
2026-09-16T16:30:55.652318+00:00,pyroscope,pyroscope-0,6.0,186646528
2026-09-16T16:30:55.652318+00:00,pyroscope,pyroscope-alloy-0,184.0,792723456
2026-09-16T16:31:26.910695+00:00,grove-system,grove-operator-87b5b577-fw5t4,29.0,739246080
2026-09-16T16:31:26.910695+00:00,kai-scheduler,admission-86666f457d-shlf7,1.0,16777216
2026-09-16T16:31:26.910695+00:00,kai-scheduler,kai-operator-69b5d7bcf7-h7kb2,1.0,93323264
2026-09-16T16:31:26.910695+00:00,kai-scheduler,pod-grouper-65456f756-58ckz,1.0,9437184
2026-09-16T16:31:26.910695+00:00,kai-scheduler,podgroup-controller-68f9cc8dbf-g9s2f,1.0,11534336
2026-09-16T16:31:26.910695+00:00,kai-scheduler,queue-controller-f86fcd76c-5pbjz,1.0,11534336
2026-09-16T16:31:26.910695+00:00,kube-system,coredns-8db54c48d-r2b8d,2.0,50331648
2026-09-16T16:31:26.910695+00:00,kube-system,kwok-controller-5cf8c7c44b-9blfc,147.0,89128960
2026-09-16T16:31:26.910695+00:00,kube-system,local-path-provisioner-5d9d9885bc-bpbfb,1.0,13631488
2026-09-16T16:31:26.910695+00:00,kube-system,metrics-server-75dc6f8d87-n5hnd,54.0,337641472
2026-09-16T16:31:26.910695+00:00,kube-system,svclb-traefik-5132867f-lxgnq,0.0,0
2026-09-16T16:31:26.910695+00:00,kube-system,traefik-9bcdbbd9-dxtcs,1.0,106954752
2026-09-16T16:31:26.910695+00:00,pyroscope,pyroscope-0,5.0,190840832
2026-09-16T16:31:26.910695+00:00,pyroscope,pyroscope-alloy-0,183.0,767557632
2026-09-16T16:31:58.222436+00:00,grove-system,grove-operator-87b5b577-fw5t4,43.0,740294656
2026-09-16T16:31:58.222436+00:00,kai-scheduler,admission-86666f457d-shlf7,1.0,16777216
2026-09-16T16:31:58.222436+00:00,kai-scheduler,kai-operator-69b5d7bcf7-h7kb2,1.0,93323264
2026-09-16T16:31:58.222436+00:00,kai-scheduler,pod-grouper-65456f756-58ckz,1.0,9437184
2026-09-16T16:31:58.222436+00:00,kai-scheduler,podgroup-controller-68f9cc8dbf-g9s2f,1.0,11534336
2026-09-16T16:31:58.222436+00:00,kai-scheduler,queue-controller-f86fcd76c-5pbjz,1.0,11534336
2026-09-16T16:31:58.222436+00:00,kube-system,coredns-8db54c48d-r2b8d,2.0,50331648
2026-09-16T16:31:58.222436+00:00,kube-system,kwok-controller-5cf8c7c44b-9blfc,135.0,89128960
2026-09-16T16:31:58.222436+00:00,kube-system,local-path-provisioner-5d9d9885bc-bpbfb,1.0,13631488
2026-09-16T16:31:58.222436+00:00,kube-system,metrics-server-75dc6f8d87-n5hnd,47.0,336592896
2026-09-16T16:31:58.222436+00:00,kube-system,svclb-traefik-5132867f-lxgnq,0.0,0
2026-09-16T16:31:58.222436+00:00,kube-system,traefik-9bcdbbd9-dxtcs,1.0,106954752
2026-09-16T16:31:58.222436+00:00,pyroscope,pyroscope-0,5.0,190840832
2026-09-16T16:31:58.222436+00:00,pyroscope,pyroscope-alloy-0,156.0,743440384
2026-09-16T16:32:29.470797+00:00,grove-system,grove-operator-87b5b577-fw5t4,49.0,723517440
2026-09-16T16:32:29.470797+00:00,kai-scheduler,admission-86666f457d-shlf7,1.0,17825792
2026-09-16T16:32:29.470797+00:00,kai-scheduler,kai-operator-69b5d7bcf7-h7kb2,1.0,93323264
2026-09-16T16:32:29.470797+00:00,kai-scheduler,pod-grouper-65456f756-58ckz,1.0,9437184
2026-09-16T16:32:29.470797+00:00,kai-scheduler,podgroup-controller-68f9cc8dbf-g9s2f,1.0,11534336
2026-09-16T16:32:29.470797+00:00,kai-scheduler,queue-controller-f86fcd76c-5pbjz,1.0,11534336
2026-09-16T16:32:29.470797+00:00,kube-system,coredns-8db54c48d-r2b8d,2.0,50331648
2026-09-16T16:32:29.470797+00:00,kube-system,kwok-controller-5cf8c7c44b-9blfc,154.0,90177536
2026-09-16T16:32:29.470797+00:00,kube-system,local-path-provisioner-5d9d9885bc-bpbfb,1.0,13631488
2026-09-16T16:32:29.470797+00:00,kube-system,metrics-server-75dc6f8d87-n5hnd,50.0,338690048
2026-09-16T16:32:29.470797+00:00,kube-system,svclb-traefik-5132867f-lxgnq,0.0,0
2026-09-16T16:32:29.470797+00:00,kube-system,traefik-9bcdbbd9-dxtcs,1.0,106954752
2026-09-16T16:32:29.470797+00:00,pyroscope,pyroscope-0,7.0,190840832
2026-09-16T16:32:29.470797+00:00,pyroscope,pyroscope-alloy-0,134.0,752877568
2026-09-16T16:33:00.715996+00:00,grove-system,grove-operator-87b5b577-fw5t4,30.0,726663168
2026-09-16T16:33:00.715996+00:00,kai-scheduler,admission-86666f457d-shlf7,1.0,16777216
2026-09-16T16:33:00.715996+00:00,kai-scheduler,kai-operator-69b5d7bcf7-h7kb2,3.0,83886080
2026-09-16T16:33:00.715996+00:00,kai-scheduler,pod-grouper-65456f756-58ckz,1.0,9437184
2026-09-16T16:33:00.715996+00:00,kai-scheduler,podgroup-controller-68f9cc8dbf-g9s2f,1.0,11534336
2026-09-16T16:33:00.715996+00:00,kai-scheduler,queue-controller-f86fcd76c-5pbjz,1.0,11534336
2026-09-16T16:33:00.715996+00:00,kube-system,coredns-8db54c48d-r2b8d,2.0,42991616
2026-09-16T16:33:00.715996+00:00,kube-system,kwok-controller-5cf8c7c44b-9blfc,150.0,88080384
2026-09-16T16:33:00.715996+00:00,kube-system,local-path-provisioner-5d9d9885bc-bpbfb,1.0,13631488
2026-09-16T16:33:00.715996+00:00,kube-system,metrics-server-75dc6f8d87-n5hnd,56.0,331350016
2026-09-16T16:33:00.715996+00:00,kube-system,svclb-traefik-5132867f-lxgnq,0.0,0
2026-09-16T16:33:00.715996+00:00,kube-system,traefik-9bcdbbd9-dxtcs,3.0,99614720
2026-09-16T16:33:00.715996+00:00,pyroscope,pyroscope-0,6.0,190840832
2026-09-16T16:33:00.715996+00:00,pyroscope,pyroscope-alloy-0,192.0,732954624
2026-09-16T16:33:31.972416+00:00,grove-system,grove-operator-87b5b577-fw5t4,28.0,727711744
2026-09-16T16:33:31.972416+00:00,kai-scheduler,admission-86666f457d-shlf7,1.0,16777216
2026-09-16T16:33:31.972416+00:00,kai-scheduler,kai-operator-69b5d7bcf7-h7kb2,1.0,83886080
2026-09-16T16:33:31.972416+00:00,kai-scheduler,pod-grouper-65456f756-58ckz,1.0,9437184
2026-09-16T16:33:31.972416+00:00,kai-scheduler,podgroup-controller-68f9cc8dbf-g9s2f,1.0,11534336
2026-09-16T16:33:31.972416+00:00,kai-scheduler,queue-controller-f86fcd76c-5pbjz,1.0,11534336
2026-09-16T16:33:31.972416+00:00,kube-system,coredns-8db54c48d-r2b8d,2.0,42991616
2026-09-16T16:33:31.972416+00:00,kube-system,kwok-controller-5cf8c7c44b-9blfc,157.0,89128960
2026-09-16T16:33:31.972416+00:00,kube-system,local-path-provisioner-5d9d9885bc-bpbfb,1.0,13631488
2026-09-16T16:33:31.972416+00:00,kube-system,metrics-server-75dc6f8d87-n5hnd,43.0,329252864
2026-09-16T16:33:31.972416+00:00,kube-system,svclb-traefik-5132867f-lxgnq,0.0,0
2026-09-16T16:33:31.972416+00:00,kube-system,traefik-9bcdbbd9-dxtcs,1.0,99614720
2026-09-16T16:33:31.972416+00:00,pyroscope,pyroscope-0,6.0,190840832
2026-09-16T16:33:31.972416+00:00,pyroscope,pyroscope-alloy-0,136.0,714080256
2026-09-16T16:34:03.221116+00:00,grove-system,grove-operator-87b5b577-fw5t4,44.0,724566016
2026-09-16T16:34:03.221116+00:00,kai-scheduler,admission-86666f457d-shlf7,1.0,16777216
2026-09-16T16:34:03.221116+00:00,kai-scheduler,kai-operator-69b5d7bcf7-h7kb2,3.0,84934656
2026-09-16T16:34:03.221116+00:00,kai-scheduler,kai-scheduler-default-86ccb98bf5-sglz6,163.0,418381824
2026-09-16T16:34:03.221116+00:00,kai-scheduler,pod-grouper-65456f756-58ckz,1.0,9437184
2026-09-16T16:34:03.221116+00:00,kai-scheduler,podgroup-controller-68f9cc8dbf-g9s2f,1.0,11534336
2026-09-16T16:34:03.221116+00:00,kai-scheduler,queue-controller-f86fcd76c-5pbjz,1.0,11534336
2026-09-16T16:34:03.221116+00:00,kube-system,coredns-8db54c48d-r2b8d,2.0,42991616
2026-09-16T16:34:03.221116+00:00,kube-system,kwok-controller-5cf8c7c44b-9blfc,159.0,89128960
2026-09-16T16:34:03.221116+00:00,kube-system,local-path-provisioner-5d9d9885bc-bpbfb,1.0,13631488
2026-09-16T16:34:03.221116+00:00,kube-system,metrics-server-75dc6f8d87-n5hnd,48.0,326107136
2026-09-16T16:34:03.221116+00:00,kube-system,svclb-traefik-5132867f-lxgnq,0.0,0
2026-09-16T16:34:03.221116+00:00,kube-system,traefik-9bcdbbd9-dxtcs,1.0,99614720
2026-09-16T16:34:03.221116+00:00,pyroscope,pyroscope-0,7.0,191889408
2026-09-16T16:34:03.221116+00:00,pyroscope,pyroscope-alloy-0,135.0,709885952
2026-09-16T16:34:34.482777+00:00,grove-system,grove-operator-87b5b577-fw5t4,29.0,724566016
2026-09-16T16:34:34.482777+00:00,kai-scheduler,admission-86666f457d-shlf7,1.0,16777216
2026-09-16T16:34:34.482777+00:00,kai-scheduler,kai-operator-69b5d7bcf7-h7kb2,4.0,84934656
2026-09-16T16:34:34.482777+00:00,kai-scheduler,kai-scheduler-default-86ccb98bf5-sglz6,103.0,374341632
2026-09-16T16:34:34.482777+00:00,kai-scheduler,pod-grouper-65456f756-58ckz,1.0,9437184
2026-09-16T16:34:34.482777+00:00,kai-scheduler,podgroup-controller-68f9cc8dbf-g9s2f,1.0,11534336
2026-09-16T16:34:34.482777+00:00,kai-scheduler,queue-controller-f86fcd76c-5pbjz,1.0,11534336
2026-09-16T16:34:34.482777+00:00,kube-system,coredns-8db54c48d-r2b8d,2.0,41943040
2026-09-16T16:34:34.482777+00:00,kube-system,kwok-controller-5cf8c7c44b-9blfc,148.0,88080384
2026-09-16T16:34:34.482777+00:00,kube-system,local-path-provisioner-5d9d9885bc-bpbfb,1.0,13631488
2026-09-16T16:34:34.482777+00:00,kube-system,metrics-server-75dc6f8d87-n5hnd,43.0,317718528
2026-09-16T16:34:34.482777+00:00,kube-system,svclb-traefik-5132867f-lxgnq,0.0,0
2026-09-16T16:34:34.482777+00:00,kube-system,traefik-9bcdbbd9-dxtcs,1.0,99614720
2026-09-16T16:34:34.482777+00:00,pyroscope,pyroscope-0,6.0,191889408
2026-09-16T16:34:34.482777+00:00,pyroscope,pyroscope-alloy-0,126.0,678428672
2026-09-16T16:35:05.732324+00:00,grove-system,grove-operator-87b5b577-fw5t4,31.0,718274560
2026-09-16T16:35:05.732324+00:00,kai-scheduler,admission-86666f457d-shlf7,1.0,16777216
2026-09-16T16:35:05.732324+00:00,kai-scheduler,kai-operator-69b5d7bcf7-h7kb2,1.0,90177536
2026-09-16T16:35:05.732324+00:00,kai-scheduler,kai-scheduler-default-86ccb98bf5-sglz6,97.0,352321536
2026-09-16T16:35:05.732324+00:00,kai-scheduler,pod-grouper-65456f756-58ckz,1.0,9437184
2026-09-16T16:35:05.732324+00:00,kai-scheduler,podgroup-controller-68f9cc8dbf-g9s2f,1.0,11534336
2026-09-16T16:35:05.732324+00:00,kai-scheduler,queue-controller-f86fcd76c-5pbjz,1.0,11534336
2026-09-16T16:35:05.732324+00:00,kube-system,coredns-8db54c48d-r2b8d,2.0,42991616
2026-09-16T16:35:05.732324+00:00,kube-system,kwok-controller-5cf8c7c44b-9blfc,138.0,87031808
2026-09-16T16:35:05.732324+00:00,kube-system,local-path-provisioner-5d9d9885bc-bpbfb,1.0,13631488
2026-09-16T16:35:05.732324+00:00,kube-system,metrics-server-75dc6f8d87-n5hnd,29.0,308281344
2026-09-16T16:35:05.732324+00:00,kube-system,svclb-traefik-5132867f-lxgnq,0.0,0
2026-09-16T16:35:05.732324+00:00,kube-system,traefik-9bcdbbd9-dxtcs,3.0,100663296
2026-09-16T16:35:05.732324+00:00,pyroscope,pyroscope-0,5.0,191889408
2026-09-16T16:35:05.732324+00:00,pyroscope,pyroscope-alloy-0,90.0,680525824
2026-09-16T16:35:36.984253+00:00,grove-system,grove-operator-87b5b577-fw5t4,121.0,707788800
2026-09-16T16:35:36.984253+00:00,kai-scheduler,admission-86666f457d-shlf7,1.0,16777216
2026-09-16T16:35:36.984253+00:00,kai-scheduler,kai-operator-69b5d7bcf7-h7kb2,2.0,90177536
2026-09-16T16:35:36.984253+00:00,kai-scheduler,kai-scheduler-default-86ccb98bf5-sglz6,71.0,348127232
2026-09-16T16:35:36.984253+00:00,kai-scheduler,pod-grouper-65456f756-58ckz,1.0,9437184
2026-09-16T16:35:36.984253+00:00,kai-scheduler,podgroup-controller-68f9cc8dbf-g9s2f,1.0,11534336
2026-09-16T16:35:36.984253+00:00,kai-scheduler,queue-controller-f86fcd76c-5pbjz,1.0,11534336
2026-09-16T16:35:36.984253+00:00,kube-system,coredns-8db54c48d-r2b8d,2.0,42991616
2026-09-16T16:35:36.984253+00:00,kube-system,kwok-controller-5cf8c7c44b-9blfc,87.0,89128960
2026-09-16T16:35:36.984253+00:00,kube-system,local-path-provisioner-5d9d9885bc-bpbfb,1.0,13631488
2026-09-16T16:35:36.984253+00:00,kube-system,metrics-server-75dc6f8d87-n5hnd,32.0,308281344
2026-09-16T16:35:36.984253+00:00,kube-system,svclb-traefik-5132867f-lxgnq,0.0,0
2026-09-16T16:35:36.984253+00:00,kube-system,traefik-9bcdbbd9-dxtcs,1.0,100663296
2026-09-16T16:35:36.984253+00:00,pyroscope,pyroscope-0,6.0,192937984
2026-09-16T16:35:36.984253+00:00,pyroscope,pyroscope-alloy-0,34.0,686817280
2026-09-16T16:36:08.230207+00:00,grove-system,grove-operator-87b5b577-fw5t4,95.0,696254464
2026-09-16T16:36:08.230207+00:00,kai-scheduler,admission-86666f457d-shlf7,1.0,17825792
2026-09-16T16:36:08.230207+00:00,kai-scheduler,kai-operator-69b5d7bcf7-h7kb2,1.0,90177536
2026-09-16T16:36:08.230207+00:00,kai-scheduler,kai-scheduler-default-86ccb98bf5-sglz6,77.0,369098752
2026-09-16T16:36:08.230207+00:00,kai-scheduler,pod-grouper-65456f756-58ckz,1.0,9437184
2026-09-16T16:36:08.230207+00:00,kai-scheduler,podgroup-controller-68f9cc8dbf-g9s2f,1.0,11534336
2026-09-16T16:36:08.230207+00:00,kai-scheduler,queue-controller-f86fcd76c-5pbjz,1.0,11534336
2026-09-16T16:36:08.230207+00:00,kube-system,coredns-8db54c48d-r2b8d,3.0,42991616
2026-09-16T16:36:08.230207+00:00,kube-system,kwok-controller-5cf8c7c44b-9blfc,92.0,89128960
2026-09-16T16:36:08.230207+00:00,kube-system,local-path-provisioner-5d9d9885bc-bpbfb,1.0,13631488
2026-09-16T16:36:08.230207+00:00,kube-system,metrics-server-75dc6f8d87-n5hnd,40.0,310378496
2026-09-16T16:36:08.230207+00:00,kube-system,svclb-traefik-5132867f-lxgnq,0.0,0
2026-09-16T16:36:08.230207+00:00,kube-system,traefik-9bcdbbd9-dxtcs,2.0,100663296
2026-09-16T16:36:08.230207+00:00,pyroscope,pyroscope-0,5.0,186646528
2026-09-16T16:36:08.230207+00:00,pyroscope,pyroscope-alloy-0,7.0,698351616
2026-09-16T16:36:39.477623+00:00,grove-system,grove-operator-87b5b577-fw5t4,64.0,686817280
2026-09-16T16:36:39.477623+00:00,kai-scheduler,admission-86666f457d-shlf7,1.0,16777216
2026-09-16T16:36:39.477623+00:00,kai-scheduler,kai-operator-69b5d7bcf7-h7kb2,1.0,90177536
2026-09-16T16:36:39.477623+00:00,kai-scheduler,kai-scheduler-default-86ccb98bf5-sglz6,78.0,348127232
2026-09-16T16:36:39.477623+00:00,kai-scheduler,pod-grouper-65456f756-58ckz,1.0,9437184
2026-09-16T16:36:39.477623+00:00,kai-scheduler,podgroup-controller-68f9cc8dbf-g9s2f,1.0,11534336
2026-09-16T16:36:39.477623+00:00,kai-scheduler,queue-controller-f86fcd76c-5pbjz,1.0,11534336
2026-09-16T16:36:39.477623+00:00,kube-system,coredns-8db54c48d-r2b8d,3.0,44040192
2026-09-16T16:36:39.477623+00:00,kube-system,kwok-controller-5cf8c7c44b-9blfc,71.0,87031808
2026-09-16T16:36:39.477623+00:00,kube-system,local-path-provisioner-5d9d9885bc-bpbfb,1.0,13631488
2026-09-16T16:36:39.477623+00:00,kube-system,metrics-server-75dc6f8d87-n5hnd,30.0,296747008
2026-09-16T16:36:39.477623+00:00,kube-system,svclb-traefik-5132867f-lxgnq,0.0,0
2026-09-16T16:36:39.477623+00:00,kube-system,traefik-9bcdbbd9-dxtcs,2.0,104857600
2026-09-16T16:36:39.477623+00:00,pyroscope,pyroscope-0,5.0,186646528
2026-09-16T16:36:39.477623+00:00,pyroscope,pyroscope-alloy-0,6.0,715128832
2026-09-16T16:37:10.726632+00:00,grove-system,grove-operator-87b5b577-fw5t4,46.0,679477248
2026-09-16T16:37:10.726632+00:00,kai-scheduler,admission-86666f457d-shlf7,1.0,16777216
2026-09-16T16:37:10.726632+00:00,kai-scheduler,kai-operator-69b5d7bcf7-h7kb2,1.0,79691776
2026-09-16T16:37:10.726632+00:00,kai-scheduler,kai-scheduler-default-86ccb98bf5-sglz6,93.0,342884352
2026-09-16T16:37:10.726632+00:00,kai-scheduler,pod-grouper-65456f756-58ckz,1.0,9437184
2026-09-16T16:37:10.726632+00:00,kai-scheduler,podgroup-controller-68f9cc8dbf-g9s2f,1.0,11534336
2026-09-16T16:37:10.726632+00:00,kai-scheduler,queue-controller-f86fcd76c-5pbjz,1.0,11534336
2026-09-16T16:37:10.726632+00:00,kube-system,coredns-8db54c48d-r2b8d,2.0,42991616
2026-09-16T16:37:10.726632+00:00,kube-system,kwok-controller-5cf8c7c44b-9blfc,140.0,88080384
2026-09-16T16:37:10.726632+00:00,kube-system,local-path-provisioner-5d9d9885bc-bpbfb,1.0,13631488
2026-09-16T16:37:10.726632+00:00,kube-system,metrics-server-75dc6f8d87-n5hnd,50.0,297795584
2026-09-16T16:37:10.726632+00:00,kube-system,svclb-traefik-5132867f-lxgnq,0.0,0
2026-09-16T16:37:10.726632+00:00,kube-system,traefik-9bcdbbd9-dxtcs,3.0,98566144
2026-09-16T16:37:10.726632+00:00,pyroscope,pyroscope-0,6.0,189792256
2026-09-16T16:37:10.726632+00:00,pyroscope,pyroscope-alloy-0,70.0,663748608
2026-09-16T16:37:41.986361+00:00,grove-system,grove-operator-87b5b577-fw5t4,37.0,646971392
2026-09-16T16:37:41.986361+00:00,kai-scheduler,admission-86666f457d-shlf7,1.0,16777216
2026-09-16T16:37:41.986361+00:00,kai-scheduler,kai-operator-69b5d7bcf7-h7kb2,1.0,79691776
2026-09-16T16:37:41.986361+00:00,kai-scheduler,kai-scheduler-default-86ccb98bf5-sglz6,89.0,335544320
2026-09-16T16:37:41.986361+00:00,kai-scheduler,pod-grouper-65456f756-58ckz,1.0,9437184
2026-09-16T16:37:41.986361+00:00,kai-scheduler,podgroup-controller-68f9cc8dbf-g9s2f,1.0,11534336
2026-09-16T16:37:41.986361+00:00,kai-scheduler,queue-controller-f86fcd76c-5pbjz,1.0,11534336
2026-09-16T16:37:41.986361+00:00,kube-system,coredns-8db54c48d-r2b8d,2.0,44040192
2026-09-16T16:37:41.986361+00:00,kube-system,kwok-controller-5cf8c7c44b-9blfc,147.0,85983232
2026-09-16T16:37:41.986361+00:00,kube-system,local-path-provisioner-5d9d9885bc-bpbfb,1.0,13631488
2026-09-16T16:37:41.986361+00:00,kube-system,metrics-server-75dc6f8d87-n5hnd,51.0,297795584
2026-09-16T16:37:41.986361+00:00,kube-system,svclb-traefik-5132867f-lxgnq,0.0,0
2026-09-16T16:37:41.986361+00:00,kube-system,traefik-9bcdbbd9-dxtcs,1.0,98566144
2026-09-16T16:37:41.986361+00:00,pyroscope,pyroscope-0,6.0,189792256
2026-09-16T16:37:41.986361+00:00,pyroscope,pyroscope-alloy-0,103.0,639631360
2026-09-16T16:38:13.235419+00:00,grove-system,grove-operator-87b5b577-fw5t4,41.0,650117120
2026-09-16T16:38:13.235419+00:00,kai-scheduler,admission-86666f457d-shlf7,1.0,16777216
2026-09-16T16:38:13.235419+00:00,kai-scheduler,kai-operator-69b5d7bcf7-h7kb2,1.0,79691776
2026-09-16T16:38:13.235419+00:00,kai-scheduler,kai-scheduler-default-86ccb98bf5-sglz6,86.0,321912832
2026-09-16T16:38:13.235419+00:00,kai-scheduler,pod-grouper-65456f756-58ckz,1.0,9437184
2026-09-16T16:38:13.235419+00:00,kai-scheduler,podgroup-controller-68f9cc8dbf-g9s2f,1.0,11534336
2026-09-16T16:38:13.235419+00:00,kai-scheduler,queue-controller-f86fcd76c-5pbjz,1.0,11534336
2026-09-16T16:38:13.235419+00:00,kube-system,coredns-8db54c48d-r2b8d,2.0,44040192
2026-09-16T16:38:13.235419+00:00,kube-system,kwok-controller-5cf8c7c44b-9blfc,140.0,87031808
2026-09-16T16:38:13.235419+00:00,kube-system,local-path-provisioner-5d9d9885bc-bpbfb,1.0,13631488
2026-09-16T16:38:13.235419+00:00,kube-system,metrics-server-75dc6f8d87-n5hnd,53.0,295698432
2026-09-16T16:38:13.235419+00:00,kube-system,svclb-traefik-5132867f-lxgnq,0.0,0
2026-09-16T16:38:13.235419+00:00,kube-system,traefik-9bcdbbd9-dxtcs,1.0,98566144
2026-09-16T16:38:13.235419+00:00,pyroscope,pyroscope-0,6.0,188743680
2026-09-16T16:38:13.235419+00:00,pyroscope,pyroscope-alloy-0,103.0,641728512
2026-09-16T16:38:44.487989+00:00,grove-system,grove-operator-87b5b577-fw5t4,36.0,650117120
2026-09-16T16:38:44.487989+00:00,kai-scheduler,admission-86666f457d-shlf7,1.0,16777216
2026-09-16T16:38:44.487989+00:00,kai-scheduler,kai-operator-69b5d7bcf7-h7kb2,1.0,77594624
2026-09-16T16:38:44.487989+00:00,kai-scheduler,kai-scheduler-default-86ccb98bf5-sglz6,74.0,319815680
2026-09-16T16:38:44.487989+00:00,kai-scheduler,pod-grouper-65456f756-58ckz,1.0,9437184
2026-09-16T16:38:44.487989+00:00,kai-scheduler,podgroup-controller-68f9cc8dbf-g9s2f,1.0,11534336
2026-09-16T16:38:44.487989+00:00,kai-scheduler,queue-controller-f86fcd76c-5pbjz,1.0,11534336
2026-09-16T16:38:44.487989+00:00,kube-system,coredns-8db54c48d-r2b8d,3.0,42991616
2026-09-16T16:38:44.487989+00:00,kube-system,kwok-controller-5cf8c7c44b-9blfc,133.0,87031808
2026-09-16T16:38:44.487989+00:00,kube-system,local-path-provisioner-5d9d9885bc-bpbfb,1.0,13631488
2026-09-16T16:38:44.487989+00:00,kube-system,metrics-server-75dc6f8d87-n5hnd,61.0,286261248
2026-09-16T16:38:44.487989+00:00,kube-system,svclb-traefik-5132867f-lxgnq,0.0,0
2026-09-16T16:38:44.487989+00:00,kube-system,traefik-9bcdbbd9-dxtcs,1.0,99614720
2026-09-16T16:38:44.487989+00:00,pyroscope,pyroscope-0,6.0,190840832
2026-09-16T16:38:44.487989+00:00,pyroscope,pyroscope-alloy-0,78.0,616562688
2026-09-16T16:39:15.732291+00:00,grove-system,grove-operator-87b5b577-fw5t4,35.0,622854144
2026-09-16T16:39:15.732291+00:00,kai-scheduler,admission-86666f457d-shlf7,1.0,16777216
2026-09-16T16:39:15.732291+00:00,kai-scheduler,kai-operator-69b5d7bcf7-h7kb2,1.0,77594624
2026-09-16T16:39:15.732291+00:00,kai-scheduler,kai-scheduler-default-86ccb98bf5-sglz6,67.0,310378496
2026-09-16T16:39:15.732291+00:00,kai-scheduler,pod-grouper-65456f756-58ckz,1.0,9437184
2026-09-16T16:39:15.732291+00:00,kai-scheduler,podgroup-controller-68f9cc8dbf-g9s2f,1.0,11534336
2026-09-16T16:39:15.732291+00:00,kai-scheduler,queue-controller-f86fcd76c-5pbjz,1.0,11534336
2026-09-16T16:39:15.732291+00:00,kube-system,coredns-8db54c48d-r2b8d,2.0,42991616
2026-09-16T16:39:15.732291+00:00,kube-system,kwok-controller-5cf8c7c44b-9blfc,161.0,85983232
2026-09-16T16:39:15.732291+00:00,kube-system,local-path-provisioner-5d9d9885bc-bpbfb,1.0,13631488
2026-09-16T16:39:15.732291+00:00,kube-system,metrics-server-75dc6f8d87-n5hnd,58.0,289406976
2026-09-16T16:39:15.732291+00:00,kube-system,svclb-traefik-5132867f-lxgnq,0.0,0
2026-09-16T16:39:15.732291+00:00,kube-system,traefik-9bcdbbd9-dxtcs,1.0,92274688
2026-09-16T16:39:15.732291+00:00,pyroscope,pyroscope-0,5.0,190840832
2026-09-16T16:39:15.732291+00:00,pyroscope,pyroscope-alloy-0,74.0,595591168
2026-09-16T16:39:46.978814+00:00,grove-system,grove-operator-87b5b577-fw5t4,28.0,624951296
2026-09-16T16:39:46.978814+00:00,kai-scheduler,admission-86666f457d-shlf7,1.0,16777216
2026-09-16T16:39:46.978814+00:00,kai-scheduler,kai-operator-69b5d7bcf7-h7kb2,3.0,78643200
2026-09-16T16:39:46.978814+00:00,kai-scheduler,kai-scheduler-default-86ccb98bf5-sglz6,63.0,295698432
2026-09-16T16:39:46.978814+00:00,kai-scheduler,pod-grouper-65456f756-58ckz,1.0,9437184
2026-09-16T16:39:46.978814+00:00,kai-scheduler,podgroup-controller-68f9cc8dbf-g9s2f,1.0,11534336
2026-09-16T16:39:46.978814+00:00,kai-scheduler,queue-controller-f86fcd76c-5pbjz,1.0,11534336
2026-09-16T16:39:46.978814+00:00,kube-system,coredns-8db54c48d-r2b8d,2.0,42991616
2026-09-16T16:39:46.978814+00:00,kube-system,kwok-controller-5cf8c7c44b-9blfc,152.0,85983232
2026-09-16T16:39:46.978814+00:00,kube-system,local-path-provisioner-5d9d9885bc-bpbfb,1.0,13631488
2026-09-16T16:39:46.978814+00:00,kube-system,metrics-server-75dc6f8d87-n5hnd,49.0,287309824
2026-09-16T16:39:46.978814+00:00,kube-system,svclb-traefik-5132867f-lxgnq,0.0,0
2026-09-16T16:39:46.978814+00:00,kube-system,traefik-9bcdbbd9-dxtcs,1.0,92274688
2026-09-16T16:39:46.978814+00:00,pyroscope,pyroscope-0,5.0,191889408
2026-09-16T16:39:46.978814+00:00,pyroscope,pyroscope-alloy-0,54.0,581959680
2026-09-16T16:40:18.239187+00:00,grove-system,grove-operator-87b5b577-fw5t4,37.0,597688320
2026-09-16T16:40:18.239187+00:00,kai-scheduler,admission-86666f457d-shlf7,1.0,16777216
2026-09-16T16:40:18.239187+00:00,kai-scheduler,binder-869fc94c7-l85qn,35.0,150994944
2026-09-16T16:40:18.239187+00:00,kai-scheduler,kai-operator-69b5d7bcf7-h7kb2,1.0,78643200
2026-09-16T16:40:18.239187+00:00,kai-scheduler,kai-scheduler-default-86ccb98bf5-sglz6,60.0,271581184
2026-09-16T16:40:18.239187+00:00,kai-scheduler,pod-grouper-65456f756-58ckz,1.0,9437184
2026-09-16T16:40:18.239187+00:00,kai-scheduler,podgroup-controller-68f9cc8dbf-g9s2f,1.0,11534336
2026-09-16T16:40:18.239187+00:00,kai-scheduler,queue-controller-f86fcd76c-5pbjz,1.0,11534336
2026-09-16T16:40:18.239187+00:00,kube-system,coredns-8db54c48d-r2b8d,2.0,44040192
2026-09-16T16:40:18.239187+00:00,kube-system,kwok-controller-5cf8c7c44b-9blfc,135.0,84934656
2026-09-16T16:40:18.239187+00:00,kube-system,local-path-provisioner-5d9d9885bc-bpbfb,1.0,13631488
2026-09-16T16:40:18.239187+00:00,kube-system,metrics-server-75dc6f8d87-n5hnd,52.0,278921216
2026-09-16T16:40:18.239187+00:00,kube-system,svclb-traefik-5132867f-lxgnq,0.0,0
2026-09-16T16:40:18.239187+00:00,kube-system,traefik-9bcdbbd9-dxtcs,1.0,92274688
2026-09-16T16:40:18.239187+00:00,pyroscope,pyroscope-0,6.0,191889408
2026-09-16T16:40:18.239187+00:00,pyroscope,pyroscope-alloy-0,65.0,560988160
2026-09-16T16:40:49.491039+00:00,grove-system,grove-operator-87b5b577-fw5t4,37.0,573571072
2026-09-16T16:40:49.491039+00:00,kai-scheduler,admission-86666f457d-shlf7,1.0,16777216
2026-09-16T16:40:49.491039+00:00,kai-scheduler,binder-869fc94c7-l85qn,36.0,143654912
2026-09-16T16:40:49.491039+00:00,kai-scheduler,kai-operator-69b5d7bcf7-h7kb2,2.0,78643200
2026-09-16T16:40:49.491039+00:00,kai-scheduler,kai-scheduler-default-86ccb98bf5-sglz6,52.0,274726912
2026-09-16T16:40:49.491039+00:00,kai-scheduler,pod-grouper-65456f756-58ckz,1.0,9437184
2026-09-16T16:40:49.491039+00:00,kai-scheduler,podgroup-controller-68f9cc8dbf-g9s2f,1.0,11534336
2026-09-16T16:40:49.491039+00:00,kai-scheduler,queue-controller-f86fcd76c-5pbjz,1.0,11534336
2026-09-16T16:40:49.491039+00:00,kube-system,coredns-8db54c48d-r2b8d,2.0,39845888
2026-09-16T16:40:49.491039+00:00,kube-system,kwok-controller-5cf8c7c44b-9blfc,130.0,85983232
2026-09-16T16:40:49.491039+00:00,kube-system,local-path-provisioner-5d9d9885bc-bpbfb,1.0,13631488
2026-09-16T16:40:49.491039+00:00,kube-system,metrics-server-75dc6f8d87-n5hnd,60.0,274726912
2026-09-16T16:40:49.491039+00:00,kube-system,svclb-traefik-5132867f-lxgnq,0.0,0
2026-09-16T16:40:49.491039+00:00,kube-system,traefik-9bcdbbd9-dxtcs,2.0,91226112
2026-09-16T16:40:49.491039+00:00,pyroscope,pyroscope-0,5.0,192937984
2026-09-16T16:40:49.491039+00:00,pyroscope,pyroscope-alloy-0,56.0,529530880
2026-09-16T16:41:20.738089+00:00,grove-system,grove-operator-87b5b577-fw5t4,38.0,547356672
2026-09-16T16:41:20.738089+00:00,kai-scheduler,admission-86666f457d-shlf7,1.0,16777216
2026-09-16T16:41:20.738089+00:00,kai-scheduler,binder-869fc94c7-l85qn,35.0,144703488
2026-09-16T16:41:20.738089+00:00,kai-scheduler,kai-operator-69b5d7bcf7-h7kb2,1.0,79691776
2026-09-16T16:41:20.738089+00:00,kai-scheduler,kai-scheduler-default-86ccb98bf5-sglz6,48.0,268435456
2026-09-16T16:41:20.738089+00:00,kai-scheduler,pod-grouper-65456f756-58ckz,1.0,9437184
2026-09-16T16:41:20.738089+00:00,kai-scheduler,podgroup-controller-68f9cc8dbf-g9s2f,1.0,11534336
2026-09-16T16:41:20.738089+00:00,kai-scheduler,queue-controller-f86fcd76c-5pbjz,1.0,11534336
2026-09-16T16:41:20.738089+00:00,kube-system,coredns-8db54c48d-r2b8d,2.0,39845888
2026-09-16T16:41:20.738089+00:00,kube-system,kwok-controller-5cf8c7c44b-9blfc,139.0,85983232
2026-09-16T16:41:20.738089+00:00,kube-system,local-path-provisioner-5d9d9885bc-bpbfb,1.0,13631488
2026-09-16T16:41:20.738089+00:00,kube-system,metrics-server-75dc6f8d87-n5hnd,57.0,266338304
2026-09-16T16:41:20.738089+00:00,kube-system,svclb-traefik-5132867f-lxgnq,0.0,0
2026-09-16T16:41:20.738089+00:00,kube-system,traefik-9bcdbbd9-dxtcs,1.0,91226112
2026-09-16T16:41:20.738089+00:00,pyroscope,pyroscope-0,6.0,195035136
2026-09-16T16:41:20.738089+00:00,pyroscope,pyroscope-alloy-0,56.0,500170752
2026-09-16T16:41:51.984693+00:00,grove-system,grove-operator-87b5b577-fw5t4,35.0,523239424
2026-09-16T16:41:51.984693+00:00,kai-scheduler,admission-86666f457d-shlf7,1.0,16777216
2026-09-16T16:41:51.984693+00:00,kai-scheduler,binder-869fc94c7-l85qn,35.0,141557760
2026-09-16T16:41:51.984693+00:00,kai-scheduler,kai-operator-69b5d7bcf7-h7kb2,1.0,78643200
2026-09-16T16:41:51.984693+00:00,kai-scheduler,kai-scheduler-default-86ccb98bf5-sglz6,42.0,268435456
2026-09-16T16:41:51.984693+00:00,kai-scheduler,pod-grouper-65456f756-58ckz,1.0,9437184
2026-09-16T16:41:51.984693+00:00,kai-scheduler,podgroup-controller-68f9cc8dbf-g9s2f,1.0,11534336
2026-09-16T16:41:51.984693+00:00,kai-scheduler,queue-controller-f86fcd76c-5pbjz,1.0,11534336
2026-09-16T16:41:51.984693+00:00,kube-system,coredns-8db54c48d-r2b8d,2.0,39845888
2026-09-16T16:41:51.984693+00:00,kube-system,kwok-controller-5cf8c7c44b-9blfc,141.0,84934656
2026-09-16T16:41:51.984693+00:00,kube-system,local-path-provisioner-5d9d9885bc-bpbfb,1.0,13631488
2026-09-16T16:41:51.984693+00:00,kube-system,metrics-server-75dc6f8d87-n5hnd,52.0,260046848
2026-09-16T16:41:51.984693+00:00,kube-system,svclb-traefik-5132867f-lxgnq,0.0,0
2026-09-16T16:41:51.984693+00:00,kube-system,traefik-9bcdbbd9-dxtcs,1.0,92274688
2026-09-16T16:41:51.984693+00:00,pyroscope,pyroscope-0,6.0,196083712
2026-09-16T16:41:51.984693+00:00,pyroscope,pyroscope-alloy-0,41.0,492830720
2026-09-16T16:42:23.230078+00:00,grove-system,grove-operator-87b5b577-fw5t4,32.0,468713472
2026-09-16T16:42:23.230078+00:00,kai-scheduler,admission-86666f457d-shlf7,1.0,16777216
2026-09-16T16:42:23.230078+00:00,kai-scheduler,binder-869fc94c7-l85qn,34.0,138412032
2026-09-16T16:42:23.230078+00:00,kai-scheduler,kai-operator-69b5d7bcf7-h7kb2,1.0,78643200
2026-09-16T16:42:23.230078+00:00,kai-scheduler,kai-scheduler-default-86ccb98bf5-sglz6,33.0,260046848
2026-09-16T16:42:23.230078+00:00,kai-scheduler,pod-grouper-65456f756-58ckz,1.0,9437184
2026-09-16T16:42:23.230078+00:00,kai-scheduler,podgroup-controller-68f9cc8dbf-g9s2f,1.0,11534336
2026-09-16T16:42:23.230078+00:00,kai-scheduler,queue-controller-f86fcd76c-5pbjz,1.0,11534336
2026-09-16T16:42:23.230078+00:00,kube-system,coredns-8db54c48d-r2b8d,2.0,40894464
2026-09-16T16:42:23.230078+00:00,kube-system,kwok-controller-5cf8c7c44b-9blfc,137.0,85983232
2026-09-16T16:42:23.230078+00:00,kube-system,local-path-provisioner-5d9d9885bc-bpbfb,1.0,13631488
2026-09-16T16:42:23.230078+00:00,kube-system,metrics-server-75dc6f8d87-n5hnd,63.0,258998272
2026-09-16T16:42:23.230078+00:00,kube-system,svclb-traefik-5132867f-lxgnq,0.0,0
2026-09-16T16:42:23.230078+00:00,kube-system,traefik-9bcdbbd9-dxtcs,1.0,92274688
2026-09-16T16:42:23.230078+00:00,pyroscope,pyroscope-0,6.0,196083712
2026-09-16T16:42:23.230078+00:00,pyroscope,pyroscope-alloy-0,40.0,440401920
2026-09-16T16:42:54.480041+00:00,grove-system,grove-operator-87b5b577-fw5t4,6.0,470810624
2026-09-16T16:42:54.480041+00:00,kai-scheduler,admission-86666f457d-shlf7,1.0,16777216
2026-09-16T16:42:54.480041+00:00,kai-scheduler,binder-869fc94c7-l85qn,36.0,142606336
2026-09-16T16:42:54.480041+00:00,kai-scheduler,kai-operator-69b5d7bcf7-h7kb2,39.0,101711872
2026-09-16T16:42:54.480041+00:00,kai-scheduler,kai-scheduler-default-86ccb98bf5-sglz6,42.0,260046848
2026-09-16T16:42:54.480041+00:00,kai-scheduler,pod-grouper-65456f756-58ckz,1.0,9437184
2026-09-16T16:42:54.480041+00:00,kai-scheduler,podgroup-controller-68f9cc8dbf-g9s2f,1.0,11534336
2026-09-16T16:42:54.480041+00:00,kai-scheduler,queue-controller-f86fcd76c-5pbjz,1.0,11534336
2026-09-16T16:42:54.480041+00:00,kube-system,coredns-8db54c48d-r2b8d,2.0,39845888
2026-09-16T16:42:54.480041+00:00,kube-system,kwok-controller-5cf8c7c44b-9blfc,94.0,82837504
2026-09-16T16:42:54.480041+00:00,kube-system,local-path-provisioner-5d9d9885bc-bpbfb,1.0,13631488
2026-09-16T16:42:54.480041+00:00,kube-system,metrics-server-75dc6f8d87-n5hnd,52.0,256901120
2026-09-16T16:42:54.480041+00:00,kube-system,svclb-traefik-5132867f-lxgnq,0.0,0
2026-09-16T16:42:54.480041+00:00,kube-system,traefik-9bcdbbd9-dxtcs,52.0,109051904
2026-09-16T16:42:54.480041+00:00,pyroscope,pyroscope-0,5.0,204472320
2026-09-16T16:42:54.480041+00:00,pyroscope,pyroscope-alloy-0,5.0,414187520
2026-09-16T16:43:25.735719+00:00,grove-system,grove-operator-87b5b577-fw5t4,9.0,468713472
2026-09-16T16:43:25.735719+00:00,kai-scheduler,admission-86666f457d-shlf7,1.0,16777216
2026-09-16T16:43:25.735719+00:00,kai-scheduler,binder-869fc94c7-l85qn,36.0,142606336
2026-09-16T16:43:25.735719+00:00,kai-scheduler,kai-operator-69b5d7bcf7-h7kb2,38.0,101711872
2026-09-16T16:43:25.735719+00:00,kai-scheduler,kai-scheduler-default-86ccb98bf5-sglz6,42.0,267386880
2026-09-16T16:43:25.735719+00:00,kai-scheduler,pod-grouper-65456f756-58ckz,1.0,9437184
2026-09-16T16:43:25.735719+00:00,kai-scheduler,podgroup-controller-68f9cc8dbf-g9s2f,1.0,11534336
2026-09-16T16:43:25.735719+00:00,kai-scheduler,queue-controller-f86fcd76c-5pbjz,1.0,11534336
2026-09-16T16:43:25.735719+00:00,kube-system,coredns-8db54c48d-r2b8d,2.0,39845888
2026-09-16T16:43:25.735719+00:00,kube-system,kwok-controller-5cf8c7c44b-9blfc,120.0,80740352
2026-09-16T16:43:25.735719+00:00,kube-system,local-path-provisioner-5d9d9885bc-bpbfb,1.0,13631488
2026-09-16T16:43:25.735719+00:00,kube-system,metrics-server-75dc6f8d87-n5hnd,58.0,256901120
2026-09-16T16:43:25.735719+00:00,kube-system,svclb-traefik-5132867f-lxgnq,0.0,0
2026-09-16T16:43:25.735719+00:00,kube-system,traefik-9bcdbbd9-dxtcs,53.0,111149056
2026-09-16T16:43:25.735719+00:00,pyroscope,pyroscope-0,5.0,203423744
2026-09-16T16:43:25.735719+00:00,pyroscope,pyroscope-alloy-0,6.0,415236096
2026-09-16T16:43:56.993109+00:00,grove-system,grove-operator-87b5b577-fw5t4,656.0,544210944
2026-09-16T16:43:56.993109+00:00,kai-scheduler,admission-86666f457d-shlf7,1.0,16777216
2026-09-16T16:43:56.993109+00:00,kai-scheduler,binder-869fc94c7-l85qn,93.0,208666624
2026-09-16T16:43:56.993109+00:00,kai-scheduler,kai-operator-69b5d7bcf7-h7kb2,12.0,98566144
2026-09-16T16:43:56.993109+00:00,kai-scheduler,kai-scheduler-default-86ccb98bf5-sglz6,76.0,279969792
2026-09-16T16:43:56.993109+00:00,kai-scheduler,pod-grouper-65456f756-58ckz,1.0,9437184
2026-09-16T16:43:56.993109+00:00,kai-scheduler,podgroup-controller-68f9cc8dbf-g9s2f,1.0,11534336
2026-09-16T16:43:56.993109+00:00,kai-scheduler,queue-controller-f86fcd76c-5pbjz,1.0,11534336
2026-09-16T16:43:56.993109+00:00,kube-system,coredns-8db54c48d-r2b8d,2.0,39845888
2026-09-16T16:43:56.993109+00:00,kube-system,kwok-controller-5cf8c7c44b-9blfc,106.0,83886080
2026-09-16T16:43:56.993109+00:00,kube-system,local-path-provisioner-5d9d9885bc-bpbfb,1.0,13631488
2026-09-16T16:43:56.993109+00:00,kube-system,metrics-server-75dc6f8d87-n5hnd,46.0,254803968
2026-09-16T16:43:56.993109+00:00,kube-system,svclb-traefik-5132867f-lxgnq,0.0,0
2026-09-16T16:43:56.993109+00:00,kube-system,traefik-9bcdbbd9-dxtcs,13.0,109051904
2026-09-16T16:43:56.993109+00:00,pyroscope,pyroscope-0,6.0,190840832
2026-09-16T16:43:56.993109+00:00,pyroscope,pyroscope-alloy-0,64.0,417333248
2026-09-16T16:44:28.258407+00:00,grove-system,grove-operator-87b5b577-fw5t4,912.0,649068544
2026-09-16T16:44:28.258407+00:00,kai-scheduler,admission-86666f457d-shlf7,1.0,16777216
2026-09-16T16:44:28.258407+00:00,kai-scheduler,kai-operator-69b5d7bcf7-h7kb2,13.0,99614720
2026-09-16T16:44:28.258407+00:00,kai-scheduler,kai-scheduler-default-86ccb98bf5-sglz6,94.0,398458880
2026-09-16T16:44:28.258407+00:00,kai-scheduler,pod-grouper-65456f756-58ckz,1.0,9437184
2026-09-16T16:44:28.258407+00:00,kai-scheduler,podgroup-controller-68f9cc8dbf-g9s2f,1.0,11534336
2026-09-16T16:44:28.258407+00:00,kai-scheduler,queue-controller-f86fcd76c-5pbjz,1.0,11534336
2026-09-16T16:44:28.258407+00:00,kube-system,coredns-8db54c48d-r2b8d,3.0,39845888
2026-09-16T16:44:28.258407+00:00,kube-system,kwok-controller-5cf8c7c44b-9blfc,105.0,84934656
2026-09-16T16:44:28.258407+00:00,kube-system,local-path-provisioner-5d9d9885bc-bpbfb,1.0,13631488
2026-09-16T16:44:28.258407+00:00,kube-system,metrics-server-75dc6f8d87-n5hnd,47.0,255852544
2026-09-16T16:44:28.258407+00:00,kube-system,svclb-traefik-5132867f-lxgnq,0.0,0
2026-09-16T16:44:28.258407+00:00,kube-system,traefik-9bcdbbd9-dxtcs,16.0,108003328
2026-09-16T16:44:28.258407+00:00,pyroscope,pyroscope-0,7.0,191889408
2026-09-16T16:44:28.258407+00:00,pyroscope,pyroscope-alloy-0,63.0,448790528
2026-09-16T16:44:59.553625+00:00,grove-system,grove-operator-87b5b577-fw5t4,1494.0,655360000
2026-09-16T16:44:59.553625+00:00,kai-scheduler,admission-86666f457d-shlf7,1.0,16777216
2026-09-16T16:44:59.553625+00:00,kai-scheduler,kai-operator-69b5d7bcf7-h7kb2,1.0,100663296
2026-09-16T16:44:59.553625+00:00,kai-scheduler,kai-scheduler-default-86ccb98bf5-sglz6,101.0,472907776
2026-09-16T16:44:59.553625+00:00,kai-scheduler,pod-grouper-65456f756-58ckz,1.0,9437184
2026-09-16T16:44:59.553625+00:00,kai-scheduler,podgroup-controller-68f9cc8dbf-g9s2f,1.0,11534336
2026-09-16T16:44:59.553625+00:00,kai-scheduler,queue-controller-f86fcd76c-5pbjz,1.0,11534336
2026-09-16T16:44:59.553625+00:00,kube-system,coredns-8db54c48d-r2b8d,3.0,41943040
2026-09-16T16:44:59.553625+00:00,kube-system,kwok-controller-5cf8c7c44b-9blfc,92.0,82837504
2026-09-16T16:44:59.553625+00:00,kube-system,local-path-provisioner-5d9d9885bc-bpbfb,1.0,13631488
2026-09-16T16:44:59.553625+00:00,kube-system,metrics-server-75dc6f8d87-n5hnd,37.0,255852544
2026-09-16T16:44:59.553625+00:00,kube-system,svclb-traefik-5132867f-lxgnq,0.0,0
2026-09-16T16:44:59.553625+00:00,kube-system,traefik-9bcdbbd9-dxtcs,2.0,108003328
2026-09-16T16:44:59.553625+00:00,pyroscope,pyroscope-0,7.0,201326592
2026-09-16T16:44:59.553625+00:00,pyroscope,pyroscope-alloy-0,71.0,488636416
2026-09-16T16:45:30.835147+00:00,grove-system,grove-operator-87b5b577-fw5t4,2653.0,708837376
2026-09-16T16:45:30.835147+00:00,kai-scheduler,admission-86666f457d-shlf7,1.0,16777216
2026-09-16T16:45:30.835147+00:00,kai-scheduler,kai-operator-69b5d7bcf7-h7kb2,1.0,100663296
2026-09-16T16:45:30.835147+00:00,kai-scheduler,kai-scheduler-default-86ccb98bf5-sglz6,124.0,446693376
2026-09-16T16:45:30.835147+00:00,kai-scheduler,pod-grouper-65456f756-58ckz,1.0,9437184
2026-09-16T16:45:30.835147+00:00,kai-scheduler,podgroup-controller-68f9cc8dbf-g9s2f,1.0,11534336
2026-09-16T16:45:30.835147+00:00,kai-scheduler,queue-controller-f86fcd76c-5pbjz,1.0,11534336
2026-09-16T16:45:30.835147+00:00,kube-system,coredns-8db54c48d-r2b8d,9.0,42991616
2026-09-16T16:45:30.835147+00:00,kube-system,kwok-controller-5cf8c7c44b-9blfc,311.0,88080384
2026-09-16T16:45:30.835147+00:00,kube-system,local-path-provisioner-5d9d9885bc-bpbfb,1.0,13631488
2026-09-16T16:45:30.835147+00:00,kube-system,metrics-server-75dc6f8d87-n5hnd,65.0,261095424
2026-09-16T16:45:30.835147+00:00,kube-system,svclb-traefik-5132867f-lxgnq,0.0,0
2026-09-16T16:45:30.835147+00:00,kube-system,traefik-9bcdbbd9-dxtcs,18.0,114294784
2026-09-16T16:45:30.835147+00:00,pyroscope,pyroscope-0,9.0,202375168
2026-09-16T16:45:30.835147+00:00,pyroscope,pyroscope-alloy-0,93.0,587202560
2026-09-16T16:46:02.108419+00:00,grove-system,grove-operator-87b5b577-fw5t4,1454.0,720371712
2026-09-16T16:46:02.108419+00:00,kai-scheduler,admission-86666f457d-shlf7,1.0,17825792
2026-09-16T16:46:02.108419+00:00,kai-scheduler,kai-operator-69b5d7bcf7-h7kb2,5.0,97517568
2026-09-16T16:46:02.108419+00:00,kai-scheduler,kai-scheduler-default-86ccb98bf5-sglz6,270.0,523239424
2026-09-16T16:46:02.108419+00:00,kai-scheduler,pod-grouper-65456f756-58ckz,1.0,9437184
2026-09-16T16:46:02.108419+00:00,kai-scheduler,podgroup-controller-68f9cc8dbf-g9s2f,1.0,11534336
2026-09-16T16:46:02.108419+00:00,kai-scheduler,queue-controller-f86fcd76c-5pbjz,1.0,11534336
2026-09-16T16:46:02.108419+00:00,kube-system,coredns-8db54c48d-r2b8d,16.0,45088768
2026-09-16T16:46:02.108419+00:00,kube-system,kwok-controller-5cf8c7c44b-9blfc,316.0,85983232
2026-09-16T16:46:02.108419+00:00,kube-system,local-path-provisioner-5d9d9885bc-bpbfb,1.0,13631488
2026-09-16T16:46:02.108419+00:00,kube-system,metrics-server-75dc6f8d87-n5hnd,61.0,262144000
2026-09-16T16:46:02.108419+00:00,kube-system,svclb-traefik-5132867f-lxgnq,0.0,0
2026-09-16T16:46:02.108419+00:00,kube-system,traefik-9bcdbbd9-dxtcs,19.0,115343360
2026-09-16T16:46:02.108419+00:00,pyroscope,pyroscope-0,8.0,202375168
2026-09-16T16:46:02.108419+00:00,pyroscope,pyroscope-alloy-0,151.0,615514112
2026-09-16T16:46:33.409905+00:00,grove-system,grove-operator-87b5b577-fw5t4,1298.0,722468864
2026-09-16T16:46:33.409905+00:00,kai-scheduler,admission-86666f457d-shlf7,1.0,17825792
2026-09-16T16:46:33.409905+00:00,kai-scheduler,kai-operator-69b5d7bcf7-h7kb2,3.0,99614720
2026-09-16T16:46:33.409905+00:00,kai-scheduler,kai-scheduler-default-86ccb98bf5-sglz6,296.0,507510784
2026-09-16T16:46:33.409905+00:00,kai-scheduler,pod-grouper-65456f756-58ckz,1.0,9437184
2026-09-16T16:46:33.409905+00:00,kai-scheduler,podgroup-controller-68f9cc8dbf-g9s2f,1.0,11534336
2026-09-16T16:46:33.409905+00:00,kai-scheduler,queue-controller-f86fcd76c-5pbjz,1.0,11534336
2026-09-16T16:46:33.409905+00:00,kube-system,coredns-8db54c48d-r2b8d,16.0,45088768
2026-09-16T16:46:33.409905+00:00,kube-system,kwok-controller-5cf8c7c44b-9blfc,318.0,87031808
2026-09-16T16:46:33.409905+00:00,kube-system,local-path-provisioner-5d9d9885bc-bpbfb,1.0,13631488
2026-09-16T16:46:33.409905+00:00,kube-system,metrics-server-75dc6f8d87-n5hnd,68.0,266338304
2026-09-16T16:46:33.409905+00:00,kube-system,svclb-traefik-5132867f-lxgnq,0.0,0
2026-09-16T16:46:33.409905+00:00,kube-system,traefik-9bcdbbd9-dxtcs,21.0,116391936
2026-09-16T16:46:33.409905+00:00,pyroscope,pyroscope-0,7.0,202375168
2026-09-16T16:46:33.409905+00:00,pyroscope,pyroscope-alloy-0,185.0,648019968
2026-09-16T16:47:04.703468+00:00,grove-system,grove-operator-87b5b577-fw5t4,1516.0,752877568
2026-09-16T16:47:04.703468+00:00,kai-scheduler,admission-86666f457d-shlf7,1.0,17825792
2026-09-16T16:47:04.703468+00:00,kai-scheduler,kai-operator-69b5d7bcf7-h7kb2,1.0,99614720
2026-09-16T16:47:04.703468+00:00,kai-scheduler,pod-grouper-65456f756-58ckz,1.0,9437184
2026-09-16T16:47:04.703468+00:00,kai-scheduler,podgroup-controller-68f9cc8dbf-g9s2f,1.0,11534336
2026-09-16T16:47:04.703468+00:00,kai-scheduler,queue-controller-f86fcd76c-5pbjz,1.0,11534336
2026-09-16T16:47:04.703468+00:00,kube-system,coredns-8db54c48d-r2b8d,15.0,48234496
2026-09-16T16:47:04.703468+00:00,kube-system,kwok-controller-5cf8c7c44b-9blfc,470.0,93323264
2026-09-16T16:47:04.703468+00:00,kube-system,local-path-provisioner-5d9d9885bc-bpbfb,1.0,13631488
2026-09-16T16:47:04.703468+00:00,kube-system,metrics-server-75dc6f8d87-n5hnd,70.0,277872640
2026-09-16T16:47:04.703468+00:00,kube-system,svclb-traefik-5132867f-lxgnq,0.0,0
2026-09-16T16:47:04.703468+00:00,kube-system,traefik-9bcdbbd9-dxtcs,22.0,121634816
2026-09-16T16:47:04.703468+00:00,pyroscope,pyroscope-0,8.0,202375168
2026-09-16T16:47:04.703468+00:00,pyroscope,pyroscope-alloy-0,193.0,674234368
2026-09-16T16:47:35.970414+00:00,grove-system,grove-operator-87b5b577-fw5t4,2704.0,737148928
2026-09-16T16:47:35.970414+00:00,kai-scheduler,admission-86666f457d-shlf7,1.0,17825792
2026-09-16T16:47:35.970414+00:00,kai-scheduler,kai-operator-69b5d7bcf7-h7kb2,6.0,99614720
2026-09-16T16:47:35.970414+00:00,kai-scheduler,pod-grouper-65456f756-58ckz,1.0,9437184
2026-09-16T16:47:35.970414+00:00,kai-scheduler,podgroup-controller-68f9cc8dbf-g9s2f,1.0,11534336
2026-09-16T16:47:35.970414+00:00,kai-scheduler,queue-controller-f86fcd76c-5pbjz,1.0,11534336
2026-09-16T16:47:35.970414+00:00,kube-system,coredns-8db54c48d-r2b8d,16.0,49283072
2026-09-16T16:47:35.970414+00:00,kube-system,kwok-controller-5cf8c7c44b-9blfc,345.0,90177536
2026-09-16T16:47:35.970414+00:00,kube-system,local-path-provisioner-5d9d9885bc-bpbfb,1.0,13631488
2026-09-16T16:47:35.970414+00:00,kube-system,metrics-server-75dc6f8d87-n5hnd,79.0,295698432
2026-09-16T16:47:35.970414+00:00,kube-system,svclb-traefik-5132867f-lxgnq,0.0,0
2026-09-16T16:47:35.970414+00:00,kube-system,traefik-9bcdbbd9-dxtcs,24.0,124780544
2026-09-16T16:47:35.970414+00:00,pyroscope,pyroscope-0,8.0,203423744
2026-09-16T16:47:35.970414+00:00,pyroscope,pyroscope-alloy-0,171.0,697303040
2026-09-16T16:48:07.254533+00:00,grove-system,grove-operator-87b5b577-fw5t4,2709.0,741343232
2026-09-16T16:48:07.254533+00:00,kai-scheduler,admission-86666f457d-shlf7,1.0,17825792
2026-09-16T16:48:07.254533+00:00,kai-scheduler,kai-operator-69b5d7bcf7-h7kb2,1.0,99614720
2026-09-16T16:48:07.254533+00:00,kai-scheduler,pod-grouper-65456f756-58ckz,1.0,9437184
2026-09-16T16:48:07.254533+00:00,kai-scheduler,podgroup-controller-68f9cc8dbf-g9s2f,1.0,11534336
2026-09-16T16:48:07.254533+00:00,kai-scheduler,queue-controller-f86fcd76c-5pbjz,1.0,11534336
2026-09-16T16:48:07.254533+00:00,kube-system,coredns-8db54c48d-r2b8d,14.0,49283072
2026-09-16T16:48:07.254533+00:00,kube-system,kwok-controller-5cf8c7c44b-9blfc,320.0,89128960
2026-09-16T16:48:07.254533+00:00,kube-system,local-path-provisioner-5d9d9885bc-bpbfb,1.0,13631488
2026-09-16T16:48:07.254533+00:00,kube-system,metrics-server-75dc6f8d87-n5hnd,65.0,296747008
2026-09-16T16:48:07.254533+00:00,kube-system,svclb-traefik-5132867f-lxgnq,0.0,0
2026-09-16T16:48:07.254533+00:00,kube-system,traefik-9bcdbbd9-dxtcs,26.0,127926272
2026-09-16T16:48:07.254533+00:00,pyroscope,pyroscope-0,9.0,204472320
2026-09-16T16:48:07.254533+00:00,pyroscope,pyroscope-alloy-0,211.0,746586112
2026-09-16T16:48:38.567057+00:00,grove-system,grove-operator-87b5b577-fw5t4,2689.0,744488960
2026-09-16T16:48:38.567057+00:00,kai-scheduler,admission-86666f457d-shlf7,1.0,17825792
2026-09-16T16:48:38.567057+00:00,kai-scheduler,kai-operator-69b5d7bcf7-h7kb2,6.0,98566144
2026-09-16T16:48:38.567057+00:00,kai-scheduler,pod-grouper-65456f756-58ckz,1.0,9437184
2026-09-16T16:48:38.567057+00:00,kai-scheduler,podgroup-controller-68f9cc8dbf-g9s2f,1.0,11534336
2026-09-16T16:48:38.567057+00:00,kai-scheduler,queue-controller-f86fcd76c-5pbjz,1.0,11534336
2026-09-16T16:48:38.567057+00:00,kube-system,coredns-8db54c48d-r2b8d,15.0,51380224
2026-09-16T16:48:38.567057+00:00,kube-system,kwok-controller-5cf8c7c44b-9blfc,334.0,90177536
2026-09-16T16:48:38.567057+00:00,kube-system,local-path-provisioner-5d9d9885bc-bpbfb,1.0,13631488
2026-09-16T16:48:38.567057+00:00,kube-system,metrics-server-75dc6f8d87-n5hnd,74.0,324009984
2026-09-16T16:48:38.567057+00:00,kube-system,svclb-traefik-5132867f-lxgnq,0.0,0
2026-09-16T16:48:38.567057+00:00,kube-system,traefik-9bcdbbd9-dxtcs,23.0,128974848
2026-09-16T16:48:38.567057+00:00,pyroscope,pyroscope-0,9.0,204472320
2026-09-16T16:48:38.567057+00:00,pyroscope,pyroscope-alloy-0,236.0,747634688
2026-09-16T16:49:09.813303+00:00,grove-system,grove-operator-87b5b577-fw5t4,31.0,743440384
2026-09-16T16:49:09.813303+00:00,kai-scheduler,admission-86666f457d-shlf7,1.0,17825792
2026-09-16T16:49:09.813303+00:00,kai-scheduler,kai-operator-69b5d7bcf7-h7kb2,1.0,99614720
2026-09-16T16:49:09.813303+00:00,kai-scheduler,pod-grouper-65456f756-58ckz,1.0,9437184
2026-09-16T16:49:09.813303+00:00,kai-scheduler,podgroup-controller-68f9cc8dbf-g9s2f,1.0,11534336
2026-09-16T16:49:09.813303+00:00,kai-scheduler,queue-controller-f86fcd76c-5pbjz,1.0,11534336
2026-09-16T16:49:09.813303+00:00,kube-system,coredns-8db54c48d-r2b8d,2.0,51380224
2026-09-16T16:49:09.813303+00:00,kube-system,kwok-controller-5cf8c7c44b-9blfc,87.0,90177536
2026-09-16T16:49:09.813303+00:00,kube-system,local-path-provisioner-5d9d9885bc-bpbfb,1.0,13631488
2026-09-16T16:49:09.813303+00:00,kube-system,metrics-server-75dc6f8d87-n5hnd,25.0,325058560
2026-09-16T16:49:09.813303+00:00,kube-system,svclb-traefik-5132867f-lxgnq,0.0,0
2026-09-16T16:49:09.813303+00:00,kube-system,traefik-9bcdbbd9-dxtcs,1.0,128974848
2026-09-16T16:49:09.813303+00:00,pyroscope,pyroscope-0,16.0,229638144
2026-09-16T16:49:09.813303+00:00,pyroscope,pyroscope-alloy-0,7.0,753926144
2026-09-16T16:49:41.058953+00:00,grove-system,grove-operator-87b5b577-fw5t4,43.0,748683264
2026-09-16T16:49:41.058953+00:00,kai-scheduler,admission-86666f457d-shlf7,1.0,17825792
2026-09-16T16:49:41.058953+00:00,kai-scheduler,kai-operator-69b5d7bcf7-h7kb2,2.0,99614720
2026-09-16T16:49:41.058953+00:00,kai-scheduler,pod-grouper-65456f756-58ckz,1.0,9437184
2026-09-16T16:49:41.058953+00:00,kai-scheduler,podgroup-controller-68f9cc8dbf-g9s2f,1.0,11534336
2026-09-16T16:49:41.058953+00:00,kai-scheduler,queue-controller-f86fcd76c-5pbjz,1.0,11534336
2026-09-16T16:49:41.058953+00:00,kube-system,coredns-8db54c48d-r2b8d,3.0,52428800
2026-09-16T16:49:41.058953+00:00,kube-system,kwok-controller-5cf8c7c44b-9blfc,92.0,91226112
2026-09-16T16:49:41.058953+00:00,kube-system,local-path-provisioner-5d9d9885bc-bpbfb,1.0,13631488
2026-09-16T16:49:41.058953+00:00,kube-system,metrics-server-75dc6f8d87-n5hnd,36.0,325058560
2026-09-16T16:49:41.058953+00:00,kube-system,svclb-traefik-5132867f-lxgnq,0.0,0
2026-09-16T16:49:41.058953+00:00,kube-system,traefik-9bcdbbd9-dxtcs,2.0,128974848
2026-09-16T16:49:41.058953+00:00,pyroscope,pyroscope-0,5.0,238026752
2026-09-16T16:49:41.058953+00:00,pyroscope,pyroscope-alloy-0,4.0,766509056
2026-09-16T16:50:12.310328+00:00,grove-system,grove-operator-87b5b577-fw5t4,85.0,769654784
2026-09-16T16:50:12.310328+00:00,kai-scheduler,admission-86666f457d-shlf7,1.0,17825792
2026-09-16T16:50:12.310328+00:00,kai-scheduler,kai-operator-69b5d7bcf7-h7kb2,4.0,99614720
2026-09-16T16:50:12.310328+00:00,kai-scheduler,pod-grouper-65456f756-58ckz,1.0,9437184
2026-09-16T16:50:12.310328+00:00,kai-scheduler,podgroup-controller-68f9cc8dbf-g9s2f,1.0,11534336
2026-09-16T16:50:12.310328+00:00,kai-scheduler,queue-controller-f86fcd76c-5pbjz,1.0,11534336
2026-09-16T16:50:12.310328+00:00,kube-system,coredns-8db54c48d-r2b8d,3.0,51380224
2026-09-16T16:50:12.310328+00:00,kube-system,kwok-controller-5cf8c7c44b-9blfc,79.0,91226112
2026-09-16T16:50:12.310328+00:00,kube-system,local-path-provisioner-5d9d9885bc-bpbfb,1.0,13631488
2026-09-16T16:50:12.310328+00:00,kube-system,metrics-server-75dc6f8d87-n5hnd,36.0,343932928
2026-09-16T16:50:12.310328+00:00,kube-system,svclb-traefik-5132867f-lxgnq,0.0,0
2026-09-16T16:50:12.310328+00:00,kube-system,traefik-9bcdbbd9-dxtcs,2.0,128974848
2026-09-16T16:50:12.310328+00:00,pyroscope,pyroscope-0,7.0,204472320
2026-09-16T16:50:12.310328+00:00,pyroscope,pyroscope-alloy-0,100.0,801112064
2026-09-16T16:50:43.561194+00:00,grove-system,grove-operator-87b5b577-fw5t4,71.0,771751936
2026-09-16T16:50:43.561194+00:00,kai-scheduler,admission-86666f457d-shlf7,1.0,17825792
2026-09-16T16:50:43.561194+00:00,kai-scheduler,kai-operator-69b5d7bcf7-h7kb2,4.0,99614720
2026-09-16T16:50:43.561194+00:00,kai-scheduler,pod-grouper-65456f756-58ckz,1.0,9437184
2026-09-16T16:50:43.561194+00:00,kai-scheduler,podgroup-controller-68f9cc8dbf-g9s2f,1.0,11534336
2026-09-16T16:50:43.561194+00:00,kai-scheduler,queue-controller-f86fcd76c-5pbjz,1.0,11534336
2026-09-16T16:50:43.561194+00:00,kube-system,coredns-8db54c48d-r2b8d,4.0,50331648
2026-09-16T16:50:43.561194+00:00,kube-system,kwok-controller-5cf8c7c44b-9blfc,89.0,90177536
2026-09-16T16:50:43.561194+00:00,kube-system,local-path-provisioner-5d9d9885bc-bpbfb,1.0,14680064
2026-09-16T16:50:43.561194+00:00,kube-system,metrics-server-75dc6f8d87-n5hnd,37.0,344981504
2026-09-16T16:50:43.561194+00:00,kube-system,svclb-traefik-5132867f-lxgnq,0.0,0
2026-09-16T16:50:43.561194+00:00,kube-system,traefik-9bcdbbd9-dxtcs,1.0,127926272
2026-09-16T16:50:43.561194+00:00,pyroscope,pyroscope-0,6.0,204472320
2026-09-16T16:50:43.561194+00:00,pyroscope,pyroscope-alloy-0,67.0,793772032
2026-09-16T16:51:14.814194+00:00,grove-system,grove-operator-87b5b577-fw5t4,105.0,762314752
2026-09-16T16:51:14.814194+00:00,kai-scheduler,admission-86666f457d-shlf7,1.0,17825792
2026-09-16T16:51:14.814194+00:00,kai-scheduler,kai-operator-69b5d7bcf7-h7kb2,3.0,99614720
2026-09-16T16:51:14.814194+00:00,kai-scheduler,pod-grouper-65456f756-58ckz,1.0,9437184
2026-09-16T16:51:14.814194+00:00,kai-scheduler,podgroup-controller-68f9cc8dbf-g9s2f,1.0,11534336
2026-09-16T16:51:14.814194+00:00,kai-scheduler,queue-controller-f86fcd76c-5pbjz,1.0,11534336
2026-09-16T16:51:14.814194+00:00,kube-system,coredns-8db54c48d-r2b8d,3.0,51380224
2026-09-16T16:51:14.814194+00:00,kube-system,kwok-controller-5cf8c7c44b-9blfc,140.0,91226112
2026-09-16T16:51:14.814194+00:00,kube-system,local-path-provisioner-5d9d9885bc-bpbfb,1.0,13631488
2026-09-16T16:51:14.814194+00:00,kube-system,metrics-server-75dc6f8d87-n5hnd,29.0,346030080
2026-09-16T16:51:14.814194+00:00,kube-system,svclb-traefik-5132867f-lxgnq,0.0,0
2026-09-16T16:51:14.814194+00:00,kube-system,traefik-9bcdbbd9-dxtcs,2.0,128974848
2026-09-16T16:51:14.814194+00:00,pyroscope,pyroscope-0,6.0,203423744
2026-09-16T16:51:14.814194+00:00,pyroscope,pyroscope-alloy-0,59.0,792723456
2026-09-16T16:51:46.061472+00:00,grove-system,grove-operator-87b5b577-fw5t4,82.0,762314752
2026-09-16T16:51:46.061472+00:00,kai-scheduler,admission-86666f457d-shlf7,1.0,17825792
2026-09-16T16:51:46.061472+00:00,kai-scheduler,kai-operator-69b5d7bcf7-h7kb2,1.0,99614720
2026-09-16T16:51:46.061472+00:00,kai-scheduler,pod-grouper-65456f756-58ckz,1.0,9437184
2026-09-16T16:51:46.061472+00:00,kai-scheduler,podgroup-controller-68f9cc8dbf-g9s2f,1.0,11534336
2026-09-16T16:51:46.061472+00:00,kai-scheduler,queue-controller-f86fcd76c-5pbjz,1.0,11534336
2026-09-16T16:51:46.061472+00:00,kube-system,coredns-8db54c48d-r2b8d,3.0,50331648
2026-09-16T16:51:46.061472+00:00,kube-system,kwok-controller-5cf8c7c44b-9blfc,84.0,92274688
2026-09-16T16:51:46.061472+00:00,kube-system,local-path-provisioner-5d9d9885bc-bpbfb,1.0,13631488
2026-09-16T16:51:46.061472+00:00,kube-system,metrics-server-75dc6f8d87-n5hnd,29.0,348127232
2026-09-16T16:51:46.061472+00:00,kube-system,svclb-traefik-5132867f-lxgnq,0.0,0
2026-09-16T16:51:46.061472+00:00,kube-system,traefik-9bcdbbd9-dxtcs,1.0,127926272
2026-09-16T16:51:46.061472+00:00,pyroscope,pyroscope-0,5.0,203423744
2026-09-16T16:51:46.061472+00:00,pyroscope,pyroscope-alloy-0,43.0,792723456
2026-09-16T16:52:17.314009+00:00,grove-system,grove-operator-87b5b577-fw5t4,60.0,760217600
2026-09-16T16:52:17.314009+00:00,kai-scheduler,admission-86666f457d-shlf7,1.0,17825792
2026-09-16T16:52:17.314009+00:00,kai-scheduler,kai-operator-69b5d7bcf7-h7kb2,5.0,99614720
2026-09-16T16:52:17.314009+00:00,kai-scheduler,pod-grouper-65456f756-58ckz,1.0,9437184
2026-09-16T16:52:17.314009+00:00,kai-scheduler,podgroup-controller-68f9cc8dbf-g9s2f,1.0,11534336
2026-09-16T16:52:17.314009+00:00,kai-scheduler,queue-controller-f86fcd76c-5pbjz,1.0,11534336
2026-09-16T16:52:17.314009+00:00,kube-system,coredns-8db54c48d-r2b8d,3.0,51380224
2026-09-16T16:52:17.314009+00:00,kube-system,kwok-controller-5cf8c7c44b-9blfc,582.0,98566144
2026-09-16T16:52:17.314009+00:00,kube-system,local-path-provisioner-5d9d9885bc-bpbfb,1.0,13631488
2026-09-16T16:52:17.314009+00:00,kube-system,metrics-server-75dc6f8d87-n5hnd,39.0,347078656
2026-09-16T16:52:17.314009+00:00,kube-system,svclb-traefik-5132867f-lxgnq,0.0,0
2026-09-16T16:52:17.314009+00:00,kube-system,traefik-9bcdbbd9-dxtcs,2.0,128974848
2026-09-16T16:52:17.314009+00:00,pyroscope,pyroscope-0,7.0,209715200
2026-09-16T16:52:17.314009+00:00,pyroscope,pyroscope-alloy-0,61.0,785383424
2026-09-16T16:52:48.572320+00:00,grove-system,grove-operator-87b5b577-fw5t4,30.0,750780416
2026-09-16T16:52:48.572320+00:00,kai-scheduler,admission-86666f457d-shlf7,1.0,17825792
2026-09-16T16:52:48.572320+00:00,kai-scheduler,kai-operator-69b5d7bcf7-h7kb2,1.0,99614720
2026-09-16T16:52:48.572320+00:00,kai-scheduler,pod-grouper-65456f756-58ckz,1.0,9437184
2026-09-16T16:52:48.572320+00:00,kai-scheduler,podgroup-controller-68f9cc8dbf-g9s2f,1.0,11534336
2026-09-16T16:52:48.572320+00:00,kai-scheduler,queue-controller-f86fcd76c-5pbjz,1.0,11534336
2026-09-16T16:52:48.572320+00:00,kube-system,coredns-8db54c48d-r2b8d,2.0,50331648
2026-09-16T16:52:48.572320+00:00,kube-system,kwok-controller-5cf8c7c44b-9blfc,130.0,93323264
2026-09-16T16:52:48.572320+00:00,kube-system,local-path-provisioner-5d9d9885bc-bpbfb,1.0,13631488
2026-09-16T16:52:48.572320+00:00,kube-system,metrics-server-75dc6f8d87-n5hnd,45.0,350224384
2026-09-16T16:52:48.572320+00:00,kube-system,svclb-traefik-5132867f-lxgnq,0.0,0
2026-09-16T16:52:48.572320+00:00,kube-system,traefik-9bcdbbd9-dxtcs,3.0,118489088
2026-09-16T16:52:48.572320+00:00,pyroscope,pyroscope-0,5.0,209715200
2026-09-16T16:52:48.572320+00:00,pyroscope,pyroscope-alloy-0,121.0,786432000
2026-09-16T16:53:20.369381+00:00,grove-system,grove-operator-87b5b577-fw5t4,41.0,741343232
2026-09-16T16:53:20.369381+00:00,kai-scheduler,admission-86666f457d-shlf7,1.0,17825792
2026-09-16T16:53:20.369381+00:00,kai-scheduler,kai-operator-69b5d7bcf7-h7kb2,5.0,99614720
2026-09-16T16:53:20.369381+00:00,kai-scheduler,pod-grouper-65456f756-58ckz,1.0,9437184
2026-09-16T16:53:20.369381+00:00,kai-scheduler,podgroup-controller-68f9cc8dbf-g9s2f,1.0,11534336
2026-09-16T16:53:20.369381+00:00,kai-scheduler,queue-controller-f86fcd76c-5pbjz,1.0,11534336
2026-09-16T16:53:20.369381+00:00,kube-system,coredns-8db54c48d-r2b8d,2.0,45088768
2026-09-16T16:53:20.369381+00:00,kube-system,kwok-controller-5cf8c7c44b-9blfc,145.0,93323264
2026-09-16T16:53:20.369381+00:00,kube-system,local-path-provisioner-5d9d9885bc-bpbfb,1.0,13631488
2026-09-16T16:53:20.369381+00:00,kube-system,metrics-server-75dc6f8d87-n5hnd,52.0,349175808
2026-09-16T16:53:20.369381+00:00,kube-system,svclb-traefik-5132867f-lxgnq,0.0,0
2026-09-16T16:53:20.369381+00:00,kube-system,traefik-9bcdbbd9-dxtcs,1.0,118489088
2026-09-16T16:53:20.369381+00:00,pyroscope,pyroscope-0,6.0,210763776
2026-09-16T16:53:20.369381+00:00,pyroscope,pyroscope-alloy-0,186.0,785383424
2026-09-16T16:53:51.621999+00:00,grove-system,grove-operator-87b5b577-fw5t4,26.0,741343232
2026-09-16T16:53:51.621999+00:00,kai-scheduler,admission-86666f457d-shlf7,1.0,17825792
2026-09-16T16:53:51.621999+00:00,kai-scheduler,kai-operator-69b5d7bcf7-h7kb2,3.0,99614720
2026-09-16T16:53:51.621999+00:00,kai-scheduler,pod-grouper-65456f756-58ckz,1.0,9437184
2026-09-16T16:53:51.621999+00:00,kai-scheduler,podgroup-controller-68f9cc8dbf-g9s2f,1.0,11534336
2026-09-16T16:53:51.621999+00:00,kai-scheduler,queue-controller-f86fcd76c-5pbjz,1.0,11534336
2026-09-16T16:53:51.621999+00:00,kube-system,coredns-8db54c48d-r2b8d,2.0,45088768
2026-09-16T16:53:51.621999+00:00,kube-system,kwok-controller-5cf8c7c44b-9blfc,143.0,93323264
2026-09-16T16:53:51.621999+00:00,kube-system,local-path-provisioner-5d9d9885bc-bpbfb,1.0,13631488
2026-09-16T16:53:51.621999+00:00,kube-system,metrics-server-75dc6f8d87-n5hnd,50.0,352321536
2026-09-16T16:53:51.621999+00:00,kube-system,svclb-traefik-5132867f-lxgnq,0.0,0
2026-09-16T16:53:51.621999+00:00,kube-system,traefik-9bcdbbd9-dxtcs,1.0,118489088
2026-09-16T16:53:51.621999+00:00,pyroscope,pyroscope-0,6.0,210763776
2026-09-16T16:53:51.621999+00:00,pyroscope,pyroscope-alloy-0,185.0,760217600
2026-09-16T16:54:22.866475+00:00,grove-system,grove-operator-87b5b577-fw5t4,43.0,731906048
2026-09-16T16:54:22.866475+00:00,kai-scheduler,admission-86666f457d-shlf7,1.0,17825792
2026-09-16T16:54:22.866475+00:00,kai-scheduler,kai-operator-69b5d7bcf7-h7kb2,1.0,99614720
2026-09-16T16:54:22.866475+00:00,kai-scheduler,pod-grouper-65456f756-58ckz,1.0,9437184
2026-09-16T16:54:22.866475+00:00,kai-scheduler,podgroup-controller-68f9cc8dbf-g9s2f,1.0,11534336
2026-09-16T16:54:22.866475+00:00,kai-scheduler,queue-controller-f86fcd76c-5pbjz,1.0,11534336
2026-09-16T16:54:22.866475+00:00,kube-system,coredns-8db54c48d-r2b8d,2.0,44040192
2026-09-16T16:54:22.866475+00:00,kube-system,kwok-controller-5cf8c7c44b-9blfc,141.0,91226112
2026-09-16T16:54:22.866475+00:00,kube-system,local-path-provisioner-5d9d9885bc-bpbfb,1.0,13631488
2026-09-16T16:54:22.866475+00:00,kube-system,metrics-server-75dc6f8d87-n5hnd,54.0,352321536
2026-09-16T16:54:22.866475+00:00,kube-system,svclb-traefik-5132867f-lxgnq,0.0,0
2026-09-16T16:54:22.866475+00:00,kube-system,traefik-9bcdbbd9-dxtcs,1.0,118489088
2026-09-16T16:54:22.866475+00:00,pyroscope,pyroscope-0,5.0,210763776
2026-09-16T16:54:22.866475+00:00,pyroscope,pyroscope-alloy-0,138.0,761266176
2026-09-16T16:54:54.118798+00:00,grove-system,grove-operator-87b5b577-fw5t4,29.0,734003200
2026-09-16T16:54:54.118798+00:00,kai-scheduler,admission-86666f457d-shlf7,1.0,17825792
2026-09-16T16:54:54.118798+00:00,kai-scheduler,kai-operator-69b5d7bcf7-h7kb2,1.0,99614720
2026-09-16T16:54:54.118798+00:00,kai-scheduler,pod-grouper-65456f756-58ckz,1.0,9437184
2026-09-16T16:54:54.118798+00:00,kai-scheduler,podgroup-controller-68f9cc8dbf-g9s2f,1.0,11534336
2026-09-16T16:54:54.118798+00:00,kai-scheduler,queue-controller-f86fcd76c-5pbjz,1.0,11534336
2026-09-16T16:54:54.118798+00:00,kube-system,coredns-8db54c48d-r2b8d,2.0,40894464
2026-09-16T16:54:54.118798+00:00,kube-system,kwok-controller-5cf8c7c44b-9blfc,141.0,92274688
2026-09-16T16:54:54.118798+00:00,kube-system,local-path-provisioner-5d9d9885bc-bpbfb,1.0,13631488
2026-09-16T16:54:54.118798+00:00,kube-system,metrics-server-75dc6f8d87-n5hnd,48.0,349175808
2026-09-16T16:54:54.118798+00:00,kube-system,svclb-traefik-5132867f-lxgnq,0.0,0
2026-09-16T16:54:54.118798+00:00,kube-system,traefik-9bcdbbd9-dxtcs,3.0,91226112
2026-09-16T16:54:54.118798+00:00,pyroscope,pyroscope-0,6.0,210763776
2026-09-16T16:54:54.118798+00:00,pyroscope,pyroscope-alloy-0,121.0,741343232
2026-09-16T16:55:25.366586+00:00,grove-system,grove-operator-87b5b577-fw5t4,39.0,729808896
2026-09-16T16:55:25.366586+00:00,kai-scheduler,admission-86666f457d-shlf7,1.0,17825792
2026-09-16T16:55:25.366586+00:00,kai-scheduler,kai-operator-69b5d7bcf7-h7kb2,1.0,99614720
2026-09-16T16:55:25.366586+00:00,kai-scheduler,pod-grouper-65456f756-58ckz,1.0,9437184
2026-09-16T16:55:25.366586+00:00,kai-scheduler,podgroup-controller-68f9cc8dbf-g9s2f,1.0,11534336
2026-09-16T16:55:25.366586+00:00,kai-scheduler,queue-controller-f86fcd76c-5pbjz,1.0,11534336
2026-09-16T16:55:25.366586+00:00,kube-system,coredns-8db54c48d-r2b8d,3.0,40894464
2026-09-16T16:55:25.366586+00:00,kube-system,kwok-controller-5cf8c7c44b-9blfc,148.0,93323264
2026-09-16T16:55:25.366586+00:00,kube-system,local-path-provisioner-5d9d9885bc-bpbfb,1.0,13631488
2026-09-16T16:55:25.366586+00:00,kube-system,metrics-server-75dc6f8d87-n5hnd,46.0,349175808
2026-09-16T16:55:25.366586+00:00,kube-system,svclb-traefik-5132867f-lxgnq,0.0,0
2026-09-16T16:55:25.366586+00:00,kube-system,traefik-9bcdbbd9-dxtcs,1.0,91226112
2026-09-16T16:55:25.366586+00:00,pyroscope,pyroscope-0,5.0,210763776
2026-09-16T16:55:25.366586+00:00,pyroscope,pyroscope-alloy-0,181.0,742391808
2026-09-16T16:55:56.616755+00:00,grove-system,grove-operator-87b5b577-fw5t4,43.0,709885952
2026-09-16T16:55:56.616755+00:00,kai-scheduler,admission-86666f457d-shlf7,1.0,17825792
2026-09-16T16:55:56.616755+00:00,kai-scheduler,kai-operator-69b5d7bcf7-h7kb2,3.0,81788928
2026-09-16T16:55:56.616755+00:00,kai-scheduler,pod-grouper-65456f756-58ckz,1.0,9437184
2026-09-16T16:55:56.616755+00:00,kai-scheduler,podgroup-controller-68f9cc8dbf-g9s2f,1.0,11534336
2026-09-16T16:55:56.616755+00:00,kai-scheduler,queue-controller-f86fcd76c-5pbjz,1.0,11534336
2026-09-16T16:55:56.616755+00:00,kube-system,coredns-8db54c48d-r2b8d,2.0,40894464
2026-09-16T16:55:56.616755+00:00,kube-system,kwok-controller-5cf8c7c44b-9blfc,147.0,83886080
2026-09-16T16:55:56.616755+00:00,kube-system,local-path-provisioner-5d9d9885bc-bpbfb,1.0,13631488
2026-09-16T16:55:56.616755+00:00,kube-system,metrics-server-75dc6f8d87-n5hnd,34.0,338690048
2026-09-16T16:55:56.616755+00:00,kube-system,svclb-traefik-5132867f-lxgnq,0.0,0
2026-09-16T16:55:56.616755+00:00,kube-system,traefik-9bcdbbd9-dxtcs,1.0,91226112
2026-09-16T16:55:56.616755+00:00,pyroscope,pyroscope-0,5.0,210763776
2026-09-16T16:55:56.616755+00:00,pyroscope,pyroscope-alloy-0,156.0,717225984
2026-09-16T16:56:27.873602+00:00,grove-system,grove-operator-87b5b577-fw5t4,29.0,716177408
2026-09-16T16:56:27.873602+00:00,kai-scheduler,admission-86666f457d-shlf7,1.0,17825792
2026-09-16T16:56:27.873602+00:00,kai-scheduler,kai-operator-69b5d7bcf7-h7kb2,1.0,81788928
2026-09-16T16:56:27.873602+00:00,kai-scheduler,pod-grouper-65456f756-58ckz,1.0,9437184
2026-09-16T16:56:27.873602+00:00,kai-scheduler,podgroup-controller-68f9cc8dbf-g9s2f,1.0,11534336
2026-09-16T16:56:27.873602+00:00,kai-scheduler,queue-controller-f86fcd76c-5pbjz,1.0,11534336
2026-09-16T16:56:27.873602+00:00,kube-system,coredns-8db54c48d-r2b8d,2.0,40894464
2026-09-16T16:56:27.873602+00:00,kube-system,kwok-controller-5cf8c7c44b-9blfc,145.0,81788928
2026-09-16T16:56:27.873602+00:00,kube-system,local-path-provisioner-5d9d9885bc-bpbfb,1.0,14680064
2026-09-16T16:56:27.873602+00:00,kube-system,metrics-server-75dc6f8d87-n5hnd,49.0,336592896
2026-09-16T16:56:27.873602+00:00,kube-system,svclb-traefik-5132867f-lxgnq,0.0,0
2026-09-16T16:56:27.873602+00:00,kube-system,traefik-9bcdbbd9-dxtcs,1.0,91226112
2026-09-16T16:56:27.873602+00:00,pyroscope,pyroscope-0,5.0,211812352
2026-09-16T16:56:27.873602+00:00,pyroscope,pyroscope-alloy-0,136.0,703594496
2026-09-16T16:56:59.113681+00:00,grove-system,grove-operator-87b5b577-fw5t4,27.0,705691648
2026-09-16T16:56:59.113681+00:00,kai-scheduler,admission-86666f457d-shlf7,1.0,17825792
2026-09-16T16:56:59.113681+00:00,kai-scheduler,kai-operator-69b5d7bcf7-h7kb2,1.0,87031808
2026-09-16T16:56:59.113681+00:00,kai-scheduler,pod-grouper-65456f756-58ckz,1.0,9437184
2026-09-16T16:56:59.113681+00:00,kai-scheduler,podgroup-controller-68f9cc8dbf-g9s2f,1.0,11534336
2026-09-16T16:56:59.113681+00:00,kai-scheduler,queue-controller-f86fcd76c-5pbjz,1.0,11534336
2026-09-16T16:56:59.113681+00:00,kube-system,coredns-8db54c48d-r2b8d,3.0,40894464
2026-09-16T16:56:59.113681+00:00,kube-system,kwok-controller-5cf8c7c44b-9blfc,135.0,83886080
2026-09-16T16:56:59.113681+00:00,kube-system,local-path-provisioner-5d9d9885bc-bpbfb,1.0,14680064
2026-09-16T16:56:59.113681+00:00,kube-system,metrics-server-75dc6f8d87-n5hnd,48.0,336592896
2026-09-16T16:56:59.113681+00:00,kube-system,svclb-traefik-5132867f-lxgnq,0.0,0
2026-09-16T16:56:59.113681+00:00,kube-system,traefik-9bcdbbd9-dxtcs,1.0,91226112
2026-09-16T16:56:59.113681+00:00,pyroscope,pyroscope-0,5.0,184549376
2026-09-16T16:56:59.113681+00:00,pyroscope,pyroscope-alloy-0,133.0,700448768
2026-09-16T16:57:30.362068+00:00,grove-system,grove-operator-87b5b577-fw5t4,39.0,707788800
2026-09-16T16:57:30.362068+00:00,kai-scheduler,admission-86666f457d-shlf7,1.0,17825792
2026-09-16T16:57:30.362068+00:00,kai-scheduler,kai-operator-69b5d7bcf7-h7kb2,1.0,87031808
2026-09-16T16:57:30.362068+00:00,kai-scheduler,pod-grouper-65456f756-58ckz,1.0,9437184
2026-09-16T16:57:30.362068+00:00,kai-scheduler,podgroup-controller-68f9cc8dbf-g9s2f,1.0,11534336
2026-09-16T16:57:30.362068+00:00,kai-scheduler,queue-controller-f86fcd76c-5pbjz,1.0,11534336
2026-09-16T16:57:30.362068+00:00,kube-system,coredns-8db54c48d-r2b8d,2.0,40894464
2026-09-16T16:57:30.362068+00:00,kube-system,kwok-controller-5cf8c7c44b-9blfc,141.0,83886080
2026-09-16T16:57:30.362068+00:00,kube-system,local-path-provisioner-5d9d9885bc-bpbfb,1.0,14680064
2026-09-16T16:57:30.362068+00:00,kube-system,metrics-server-75dc6f8d87-n5hnd,56.0,328204288
2026-09-16T16:57:30.362068+00:00,kube-system,svclb-traefik-5132867f-lxgnq,0.0,0
2026-09-16T16:57:30.362068+00:00,kube-system,traefik-9bcdbbd9-dxtcs,1.0,91226112
2026-09-16T16:57:30.362068+00:00,pyroscope,pyroscope-0,6.0,175112192
2026-09-16T16:57:30.362068+00:00,pyroscope,pyroscope-alloy-0,108.0,681574400
2026-09-16T16:58:01.606178+00:00,grove-system,grove-operator-87b5b577-fw5t4,40.0,682622976
2026-09-16T16:58:01.606178+00:00,kai-scheduler,admission-86666f457d-shlf7,1.0,17825792
2026-09-16T16:58:01.606178+00:00,kai-scheduler,kai-operator-69b5d7bcf7-h7kb2,2.0,87031808
2026-09-16T16:58:01.606178+00:00,kai-scheduler,pod-grouper-65456f756-58ckz,1.0,9437184
2026-09-16T16:58:01.606178+00:00,kai-scheduler,podgroup-controller-68f9cc8dbf-g9s2f,1.0,11534336
2026-09-16T16:58:01.606178+00:00,kai-scheduler,queue-controller-f86fcd76c-5pbjz,1.0,11534336
2026-09-16T16:58:01.606178+00:00,kube-system,coredns-8db54c48d-r2b8d,2.0,40894464
2026-09-16T16:58:01.606178+00:00,kube-system,kwok-controller-5cf8c7c44b-9blfc,141.0,83886080
2026-09-16T16:58:01.606178+00:00,kube-system,local-path-provisioner-5d9d9885bc-bpbfb,1.0,14680064
2026-09-16T16:58:01.606178+00:00,kube-system,metrics-server-75dc6f8d87-n5hnd,48.0,327155712
2026-09-16T16:58:01.606178+00:00,kube-system,svclb-traefik-5132867f-lxgnq,0.0,0
2026-09-16T16:58:01.606178+00:00,kube-system,traefik-9bcdbbd9-dxtcs,2.0,91226112
2026-09-16T16:58:01.606178+00:00,pyroscope,pyroscope-0,5.0,175112192
2026-09-16T16:58:01.606178+00:00,pyroscope,pyroscope-alloy-0,121.0,667942912
2026-09-16T16:58:32.856463+00:00,grove-system,grove-operator-87b5b577-fw5t4,36.0,686817280
2026-09-16T16:58:32.856463+00:00,kai-scheduler,admission-86666f457d-shlf7,1.0,17825792
2026-09-16T16:58:32.856463+00:00,kai-scheduler,kai-operator-69b5d7bcf7-h7kb2,1.0,87031808
2026-09-16T16:58:32.856463+00:00,kai-scheduler,kai-scheduler-default-86ccb98bf5-sglz6,92.0,395313152
2026-09-16T16:58:32.856463+00:00,kai-scheduler,pod-grouper-65456f756-58ckz,1.0,9437184
2026-09-16T16:58:32.856463+00:00,kai-scheduler,podgroup-controller-68f9cc8dbf-g9s2f,1.0,11534336
2026-09-16T16:58:32.856463+00:00,kai-scheduler,queue-controller-f86fcd76c-5pbjz,1.0,11534336
2026-09-16T16:58:32.856463+00:00,kube-system,coredns-8db54c48d-r2b8d,2.0,40894464
2026-09-16T16:58:32.856463+00:00,kube-system,kwok-controller-5cf8c7c44b-9blfc,130.0,83886080
2026-09-16T16:58:32.856463+00:00,kube-system,local-path-provisioner-5d9d9885bc-bpbfb,1.0,14680064
2026-09-16T16:58:32.856463+00:00,kube-system,metrics-server-75dc6f8d87-n5hnd,41.0,312475648
2026-09-16T16:58:32.856463+00:00,kube-system,svclb-traefik-5132867f-lxgnq,0.0,0
2026-09-16T16:58:32.856463+00:00,kube-system,traefik-9bcdbbd9-dxtcs,1.0,91226112
2026-09-16T16:58:32.856463+00:00,pyroscope,pyroscope-0,5.0,175112192
2026-09-16T16:58:32.856463+00:00,pyroscope,pyroscope-alloy-0,112.0,630194176
2026-09-16T16:59:04.102058+00:00,grove-system,grove-operator-87b5b577-fw5t4,26.0,687865856
2026-09-16T16:59:04.102058+00:00,kai-scheduler,admission-86666f457d-shlf7,1.0,17825792
2026-09-16T16:59:04.102058+00:00,kai-scheduler,kai-operator-69b5d7bcf7-h7kb2,1.0,87031808
2026-09-16T16:59:04.102058+00:00,kai-scheduler,kai-scheduler-default-86ccb98bf5-sglz6,92.0,336592896
2026-09-16T16:59:04.102058+00:00,kai-scheduler,pod-grouper-65456f756-58ckz,1.0,9437184
2026-09-16T16:59:04.102058+00:00,kai-scheduler,podgroup-controller-68f9cc8dbf-g9s2f,1.0,11534336
2026-09-16T16:59:04.102058+00:00,kai-scheduler,queue-controller-f86fcd76c-5pbjz,1.0,11534336
2026-09-16T16:59:04.102058+00:00,kube-system,coredns-8db54c48d-r2b8d,2.0,42991616
2026-09-16T16:59:04.102058+00:00,kube-system,kwok-controller-5cf8c7c44b-9blfc,394.0,83886080
2026-09-16T16:59:04.102058+00:00,kube-system,local-path-provisioner-5d9d9885bc-bpbfb,1.0,14680064
2026-09-16T16:59:04.102058+00:00,kube-system,metrics-server-75dc6f8d87-n5hnd,50.0,310378496
2026-09-16T16:59:04.102058+00:00,kube-system,svclb-traefik-5132867f-lxgnq,0.0,0
2026-09-16T16:59:04.102058+00:00,kube-system,traefik-9bcdbbd9-dxtcs,1.0,91226112
2026-09-16T16:59:04.102058+00:00,pyroscope,pyroscope-0,5.0,175112192
2026-09-16T16:59:04.102058+00:00,pyroscope,pyroscope-alloy-0,115.0,632291328
2026-09-16T16:59:35.353206+00:00,grove-system,grove-operator-87b5b577-fw5t4,27.0,678428672
2026-09-16T16:59:35.353206+00:00,kai-scheduler,admission-86666f457d-shlf7,1.0,17825792
2026-09-16T16:59:35.353206+00:00,kai-scheduler,kai-operator-69b5d7bcf7-h7kb2,1.0,87031808
2026-09-16T16:59:35.353206+00:00,kai-scheduler,kai-scheduler-default-86ccb98bf5-sglz6,86.0,332398592
2026-09-16T16:59:35.353206+00:00,kai-scheduler,pod-grouper-65456f756-58ckz,1.0,9437184
2026-09-16T16:59:35.353206+00:00,kai-scheduler,podgroup-controller-68f9cc8dbf-g9s2f,1.0,11534336
2026-09-16T16:59:35.353206+00:00,kai-scheduler,queue-controller-f86fcd76c-5pbjz,1.0,11534336
2026-09-16T16:59:35.353206+00:00,kube-system,coredns-8db54c48d-r2b8d,2.0,40894464
2026-09-16T16:59:35.353206+00:00,kube-system,kwok-controller-5cf8c7c44b-9blfc,144.0,83886080
2026-09-16T16:59:35.353206+00:00,kube-system,local-path-provisioner-5d9d9885bc-bpbfb,1.0,14680064
2026-09-16T16:59:35.353206+00:00,kube-system,metrics-server-75dc6f8d87-n5hnd,57.0,310378496
2026-09-16T16:59:35.353206+00:00,kube-system,svclb-traefik-5132867f-lxgnq,0.0,0
2026-09-16T16:59:35.353206+00:00,kube-system,traefik-9bcdbbd9-dxtcs,1.0,91226112
2026-09-16T16:59:35.353206+00:00,pyroscope,pyroscope-0,6.0,175112192
2026-09-16T16:59:35.353206+00:00,pyroscope,pyroscope-alloy-0,95.0,613416960
2026-09-16T17:00:06.605999+00:00,grove-system,grove-operator-87b5b577-fw5t4,27.0,664797184
2026-09-16T17:00:06.605999+00:00,kai-scheduler,admission-86666f457d-shlf7,1.0,17825792
2026-09-16T17:00:06.605999+00:00,kai-scheduler,kai-operator-69b5d7bcf7-h7kb2,3.0,83886080
2026-09-16T17:00:06.605999+00:00,kai-scheduler,kai-scheduler-default-86ccb98bf5-sglz6,77.0,300941312
2026-09-16T17:00:06.605999+00:00,kai-scheduler,pod-grouper-65456f756-58ckz,1.0,9437184
2026-09-16T17:00:06.605999+00:00,kai-scheduler,podgroup-controller-68f9cc8dbf-g9s2f,1.0,11534336
2026-09-16T17:00:06.605999+00:00,kai-scheduler,queue-controller-f86fcd76c-5pbjz,1.0,11534336
2026-09-16T17:00:06.605999+00:00,kube-system,coredns-8db54c48d-r2b8d,2.0,40894464
2026-09-16T17:00:06.605999+00:00,kube-system,kwok-controller-5cf8c7c44b-9blfc,137.0,82837504
2026-09-16T17:00:06.605999+00:00,kube-system,local-path-provisioner-5d9d9885bc-bpbfb,1.0,14680064
2026-09-16T17:00:06.605999+00:00,kube-system,metrics-server-75dc6f8d87-n5hnd,49.0,301989888
2026-09-16T17:00:06.605999+00:00,kube-system,svclb-traefik-5132867f-lxgnq,0.0,0
2026-09-16T17:00:06.605999+00:00,kube-system,traefik-9bcdbbd9-dxtcs,1.0,91226112
2026-09-16T17:00:06.605999+00:00,pyroscope,pyroscope-0,6.0,176160768
2026-09-16T17:00:06.605999+00:00,pyroscope,pyroscope-alloy-0,99.0,605028352
2026-09-16T17:00:37.849928+00:00,grove-system,grove-operator-87b5b577-fw5t4,29.0,663748608
2026-09-16T17:00:37.849928+00:00,kai-scheduler,admission-86666f457d-shlf7,1.0,17825792
2026-09-16T17:00:37.849928+00:00,kai-scheduler,kai-operator-69b5d7bcf7-h7kb2,1.0,83886080
2026-09-16T17:00:37.849928+00:00,kai-scheduler,kai-scheduler-default-86ccb98bf5-sglz6,75.0,282066944
2026-09-16T17:00:37.849928+00:00,kai-scheduler,pod-grouper-65456f756-58ckz,1.0,9437184
2026-09-16T17:00:37.849928+00:00,kai-scheduler,podgroup-controller-68f9cc8dbf-g9s2f,1.0,11534336
2026-09-16T17:00:37.849928+00:00,kai-scheduler,queue-controller-f86fcd76c-5pbjz,1.0,11534336
2026-09-16T17:00:37.849928+00:00,kube-system,coredns-8db54c48d-r2b8d,2.0,41943040
2026-09-16T17:00:37.849928+00:00,kube-system,kwok-controller-5cf8c7c44b-9blfc,126.0,81788928
2026-09-16T17:00:37.849928+00:00,kube-system,local-path-provisioner-5d9d9885bc-bpbfb,1.0,14680064
2026-09-16T17:00:37.849928+00:00,kube-system,metrics-server-75dc6f8d87-n5hnd,48.0,299892736
2026-09-16T17:00:37.849928+00:00,kube-system,svclb-traefik-5132867f-lxgnq,0.0,0
2026-09-16T17:00:37.849928+00:00,kube-system,traefik-9bcdbbd9-dxtcs,1.0,91226112
2026-09-16T17:00:37.849928+00:00,pyroscope,pyroscope-0,6.0,176160768
2026-09-16T17:00:37.849928+00:00,pyroscope,pyroscope-alloy-0,88.0,553648128
2026-09-16T17:01:09.095672+00:00,grove-system,grove-operator-87b5b577-fw5t4,28.0,650117120
2026-09-16T17:01:09.095672+00:00,kai-scheduler,admission-86666f457d-shlf7,1.0,17825792
2026-09-16T17:01:09.095672+00:00,kai-scheduler,kai-operator-69b5d7bcf7-h7kb2,1.0,83886080
2026-09-16T17:01:09.095672+00:00,kai-scheduler,kai-scheduler-default-86ccb98bf5-sglz6,74.0,285212672
2026-09-16T17:01:09.095672+00:00,kai-scheduler,pod-grouper-65456f756-58ckz,1.0,9437184
2026-09-16T17:01:09.095672+00:00,kai-scheduler,podgroup-controller-68f9cc8dbf-g9s2f,1.0,11534336
2026-09-16T17:01:09.095672+00:00,kai-scheduler,queue-controller-f86fcd76c-5pbjz,1.0,11534336
2026-09-16T17:01:09.095672+00:00,kube-system,coredns-8db54c48d-r2b8d,2.0,40894464
2026-09-16T17:01:09.095672+00:00,kube-system,kwok-controller-5cf8c7c44b-9blfc,131.0,82837504
2026-09-16T17:01:09.095672+00:00,kube-system,local-path-provisioner-5d9d9885bc-bpbfb,1.0,14680064
2026-09-16T17:01:09.095672+00:00,kube-system,metrics-server-75dc6f8d87-n5hnd,54.0,303038464
2026-09-16T17:01:09.095672+00:00,kube-system,svclb-traefik-5132867f-lxgnq,0.0,0
2026-09-16T17:01:09.095672+00:00,kube-system,traefik-9bcdbbd9-dxtcs,1.0,90177536
2026-09-16T17:01:09.095672+00:00,pyroscope,pyroscope-0,5.0,176160768
2026-09-16T17:01:09.095672+00:00,pyroscope,pyroscope-alloy-0,85.0,506462208
2026-09-16T17:01:40.342129+00:00,grove-system,grove-operator-87b5b577-fw5t4,29.0,655360000
2026-09-16T17:01:40.342129+00:00,kai-scheduler,admission-86666f457d-shlf7,1.0,17825792
2026-09-16T17:01:40.342129+00:00,kai-scheduler,kai-operator-69b5d7bcf7-h7kb2,1.0,83886080
2026-09-16T17:01:40.342129+00:00,kai-scheduler,kai-scheduler-default-86ccb98bf5-sglz6,63.0,258998272
2026-09-16T17:01:40.342129+00:00,kai-scheduler,pod-grouper-65456f756-58ckz,1.0,9437184
2026-09-16T17:01:40.342129+00:00,kai-scheduler,podgroup-controller-68f9cc8dbf-g9s2f,1.0,11534336
2026-09-16T17:01:40.342129+00:00,kai-scheduler,queue-controller-f86fcd76c-5pbjz,1.0,11534336
2026-09-16T17:01:40.342129+00:00,kube-system,coredns-8db54c48d-r2b8d,2.0,40894464
2026-09-16T17:01:40.342129+00:00,kube-system,kwok-controller-5cf8c7c44b-9blfc,143.0,83886080
2026-09-16T17:01:40.342129+00:00,kube-system,local-path-provisioner-5d9d9885bc-bpbfb,1.0,14680064
2026-09-16T17:01:40.342129+00:00,kube-system,metrics-server-75dc6f8d87-n5hnd,42.0,299892736
2026-09-16T17:01:40.342129+00:00,kube-system,svclb-traefik-5132867f-lxgnq,0.0,0
2026-09-16T17:01:40.342129+00:00,kube-system,traefik-9bcdbbd9-dxtcs,1.0,90177536
2026-09-16T17:01:40.342129+00:00,pyroscope,pyroscope-0,6.0,176160768
2026-09-16T17:01:40.342129+00:00,pyroscope,pyroscope-alloy-0,59.0,486539264
2026-09-16T17:02:11.631747+00:00,grove-system,grove-operator-87b5b577-fw5t4,33.0,610271232
2026-09-16T17:02:11.631747+00:00,kai-scheduler,admission-86666f457d-shlf7,1.0,17825792
2026-09-16T17:02:11.631747+00:00,kai-scheduler,binder-869fc94c7-l85qn,32.0,156237824
2026-09-16T17:02:11.631747+00:00,kai-scheduler,kai-operator-69b5d7bcf7-h7kb2,1.0,80740352
2026-09-16T17:02:11.631747+00:00,kai-scheduler,kai-scheduler-default-86ccb98bf5-sglz6,56.0,255852544
2026-09-16T17:02:11.631747+00:00,kai-scheduler,pod-grouper-65456f756-58ckz,1.0,9437184
2026-09-16T17:02:11.631747+00:00,kai-scheduler,podgroup-controller-68f9cc8dbf-g9s2f,1.0,11534336
2026-09-16T17:02:11.631747+00:00,kai-scheduler,queue-controller-f86fcd76c-5pbjz,1.0,11534336
2026-09-16T17:02:11.631747+00:00,kube-system,coredns-8db54c48d-r2b8d,2.0,40894464
2026-09-16T17:02:11.631747+00:00,kube-system,kwok-controller-5cf8c7c44b-9blfc,139.0,81788928
2026-09-16T17:02:11.631747+00:00,kube-system,local-path-provisioner-5d9d9885bc-bpbfb,1.0,14680064
2026-09-16T17:02:11.631747+00:00,kube-system,metrics-server-75dc6f8d87-n5hnd,41.0,292552704
2026-09-16T17:02:11.631747+00:00,kube-system,svclb-traefik-5132867f-lxgnq,0.0,0
2026-09-16T17:02:11.631747+00:00,kube-system,traefik-9bcdbbd9-dxtcs,1.0,90177536
2026-09-16T17:02:11.631747+00:00,pyroscope,pyroscope-0,6.0,176160768
2026-09-16T17:02:11.631747+00:00,pyroscope,pyroscope-alloy-0,67.0,439353344
2026-09-16T17:02:42.886089+00:00,grove-system,grove-operator-87b5b577-fw5t4,35.0,601882624
2026-09-16T17:02:42.886089+00:00,kai-scheduler,admission-86666f457d-shlf7,1.0,17825792
2026-09-16T17:02:42.886089+00:00,kai-scheduler,binder-869fc94c7-l85qn,34.0,144703488
2026-09-16T17:02:42.886089+00:00,kai-scheduler,kai-operator-69b5d7bcf7-h7kb2,1.0,80740352
2026-09-16T17:02:42.886089+00:00,kai-scheduler,kai-scheduler-default-86ccb98bf5-sglz6,54.0,229638144
2026-09-16T17:02:42.886089+00:00,kai-scheduler,pod-grouper-65456f756-58ckz,1.0,9437184
2026-09-16T17:02:42.886089+00:00,kai-scheduler,podgroup-controller-68f9cc8dbf-g9s2f,1.0,11534336
2026-09-16T17:02:42.886089+00:00,kai-scheduler,queue-controller-f86fcd76c-5pbjz,1.0,11534336
2026-09-16T17:02:42.886089+00:00,kube-system,coredns-8db54c48d-r2b8d,2.0,40894464
2026-09-16T17:02:42.886089+00:00,kube-system,kwok-controller-5cf8c7c44b-9blfc,133.0,83886080
2026-09-16T17:02:42.886089+00:00,kube-system,local-path-provisioner-5d9d9885bc-bpbfb,1.0,14680064
2026-09-16T17:02:42.886089+00:00,kube-system,metrics-server-75dc6f8d87-n5hnd,50.0,284164096
2026-09-16T17:02:42.886089+00:00,kube-system,svclb-traefik-5132867f-lxgnq,0.0,0
2026-09-16T17:02:42.886089+00:00,kube-system,traefik-9bcdbbd9-dxtcs,1.0,90177536
2026-09-16T17:02:42.886089+00:00,pyroscope,pyroscope-0,5.0,176160768
2026-09-16T17:02:42.886089+00:00,pyroscope,pyroscope-alloy-0,52.0,446693376
2026-09-16T17:03:14.134493+00:00,grove-system,grove-operator-87b5b577-fw5t4,31.0,587202560
2026-09-16T17:03:14.134493+00:00,kai-scheduler,admission-86666f457d-shlf7,1.0,17825792
2026-09-16T17:03:14.134493+00:00,kai-scheduler,binder-869fc94c7-l85qn,34.0,145752064
2026-09-16T17:03:14.134493+00:00,kai-scheduler,kai-operator-69b5d7bcf7-h7kb2,1.0,80740352
2026-09-16T17:03:14.134493+00:00,kai-scheduler,kai-scheduler-default-86ccb98bf5-sglz6,47.0,229638144
2026-09-16T17:03:14.134493+00:00,kai-scheduler,pod-grouper-65456f756-58ckz,1.0,9437184
2026-09-16T17:03:14.134493+00:00,kai-scheduler,podgroup-controller-68f9cc8dbf-g9s2f,1.0,11534336
2026-09-16T17:03:14.134493+00:00,kai-scheduler,queue-controller-f86fcd76c-5pbjz,1.0,11534336
2026-09-16T17:03:14.134493+00:00,kube-system,coredns-8db54c48d-r2b8d,2.0,40894464
2026-09-16T17:03:14.134493+00:00,kube-system,kwok-controller-5cf8c7c44b-9blfc,130.0,82837504
2026-09-16T17:03:14.134493+00:00,kube-system,local-path-provisioner-5d9d9885bc-bpbfb,1.0,14680064
2026-09-16T17:03:14.134493+00:00,kube-system,metrics-server-75dc6f8d87-n5hnd,51.0,286261248
2026-09-16T17:03:14.134493+00:00,kube-system,svclb-traefik-5132867f-lxgnq,0.0,0
2026-09-16T17:03:14.134493+00:00,kube-system,traefik-9bcdbbd9-dxtcs,1.0,90177536
2026-09-16T17:03:14.134493+00:00,pyroscope,pyroscope-0,5.0,176160768
2026-09-16T17:03:14.134493+00:00,pyroscope,pyroscope-alloy-0,54.0,447741952
2026-09-16T17:03:45.381914+00:00,grove-system,grove-operator-87b5b577-fw5t4,34.0,554696704
2026-09-16T17:03:45.381914+00:00,kai-scheduler,admission-86666f457d-shlf7,1.0,17825792
2026-09-16T17:03:45.381914+00:00,kai-scheduler,binder-869fc94c7-l85qn,34.0,145752064
2026-09-16T17:03:45.381914+00:00,kai-scheduler,kai-operator-69b5d7bcf7-h7kb2,1.0,80740352
2026-09-16T17:03:45.381914+00:00,kai-scheduler,kai-scheduler-default-86ccb98bf5-sglz6,39.0,225443840
2026-09-16T17:03:45.381914+00:00,kai-scheduler,pod-grouper-65456f756-58ckz,1.0,9437184
2026-09-16T17:03:45.381914+00:00,kai-scheduler,podgroup-controller-68f9cc8dbf-g9s2f,1.0,11534336
2026-09-16T17:03:45.381914+00:00,kai-scheduler,queue-controller-f86fcd76c-5pbjz,1.0,11534336
2026-09-16T17:03:45.381914+00:00,kube-system,coredns-8db54c48d-r2b8d,2.0,40894464
2026-09-16T17:03:45.381914+00:00,kube-system,kwok-controller-5cf8c7c44b-9blfc,137.0,83886080
2026-09-16T17:03:45.381914+00:00,kube-system,local-path-provisioner-5d9d9885bc-bpbfb,1.0,14680064
2026-09-16T17:03:45.381914+00:00,kube-system,metrics-server-75dc6f8d87-n5hnd,56.0,278921216
2026-09-16T17:03:45.381914+00:00,kube-system,svclb-traefik-5132867f-lxgnq,0.0,0
2026-09-16T17:03:45.381914+00:00,kube-system,traefik-9bcdbbd9-dxtcs,1.0,90177536
2026-09-16T17:03:45.381914+00:00,pyroscope,pyroscope-0,7.0,176160768
2026-09-16T17:03:45.381914+00:00,pyroscope,pyroscope-alloy-0,41.0,482344960
2026-09-16T17:04:16.631276+00:00,grove-system,grove-operator-87b5b577-fw5t4,37.0,483393536
2026-09-16T17:04:16.631276+00:00,kai-scheduler,admission-86666f457d-shlf7,1.0,17825792
2026-09-16T17:04:16.631276+00:00,kai-scheduler,binder-869fc94c7-l85qn,33.0,141557760
2026-09-16T17:04:16.631276+00:00,kai-scheduler,kai-operator-69b5d7bcf7-h7kb2,1.0,80740352
2026-09-16T17:04:16.631276+00:00,kai-scheduler,kai-scheduler-default-86ccb98bf5-sglz6,36.0,222298112
2026-09-16T17:04:16.631276+00:00,kai-scheduler,pod-grouper-65456f756-58ckz,1.0,9437184
2026-09-16T17:04:16.631276+00:00,kai-scheduler,podgroup-controller-68f9cc8dbf-g9s2f,1.0,11534336
2026-09-16T17:04:16.631276+00:00,kai-scheduler,queue-controller-f86fcd76c-5pbjz,1.0,11534336
2026-09-16T17:04:16.631276+00:00,kube-system,coredns-8db54c48d-r2b8d,2.0,40894464
2026-09-16T17:04:16.631276+00:00,kube-system,kwok-controller-5cf8c7c44b-9blfc,118.0,82837504
2026-09-16T17:04:16.631276+00:00,kube-system,local-path-provisioner-5d9d9885bc-bpbfb,1.0,14680064
2026-09-16T17:04:16.631276+00:00,kube-system,metrics-server-75dc6f8d87-n5hnd,49.0,262144000
2026-09-16T17:04:16.631276+00:00,kube-system,svclb-traefik-5132867f-lxgnq,0.0,0
2026-09-16T17:04:16.631276+00:00,kube-system,traefik-9bcdbbd9-dxtcs,1.0,90177536
2026-09-16T17:04:16.631276+00:00,pyroscope,pyroscope-0,6.0,176160768
2026-09-16T17:04:16.631276+00:00,pyroscope,pyroscope-alloy-0,39.0,485490688
2026-09-16T17:04:47.915617+00:00,grove-system,grove-operator-87b5b577-fw5t4,11.0,483393536
2026-09-16T17:04:47.915617+00:00,kai-scheduler,admission-86666f457d-shlf7,1.0,17825792
2026-09-16T17:04:47.915617+00:00,kai-scheduler,binder-869fc94c7-l85qn,32.0,146800640
2026-09-16T17:04:47.915617+00:00,kai-scheduler,kai-operator-69b5d7bcf7-h7kb2,38.0,100663296
2026-09-16T17:04:47.915617+00:00,kai-scheduler,kai-scheduler-default-86ccb98bf5-sglz6,40.0,216006656
2026-09-16T17:04:47.915617+00:00,kai-scheduler,pod-grouper-65456f756-58ckz,1.0,9437184
2026-09-16T17:04:47.915617+00:00,kai-scheduler,podgroup-controller-68f9cc8dbf-g9s2f,1.0,11534336
2026-09-16T17:04:47.915617+00:00,kai-scheduler,queue-controller-f86fcd76c-5pbjz,1.0,11534336
2026-09-16T17:04:47.915617+00:00,kube-system,coredns-8db54c48d-r2b8d,2.0,40894464
2026-09-16T17:04:47.915617+00:00,kube-system,kwok-controller-5cf8c7c44b-9blfc,99.0,82837504
2026-09-16T17:04:47.915617+00:00,kube-system,local-path-provisioner-5d9d9885bc-bpbfb,1.0,14680064
2026-09-16T17:04:47.915617+00:00,kube-system,metrics-server-75dc6f8d87-n5hnd,49.0,264241152
2026-09-16T17:04:47.915617+00:00,kube-system,svclb-traefik-5132867f-lxgnq,0.0,0
2026-09-16T17:04:47.915617+00:00,kube-system,traefik-9bcdbbd9-dxtcs,51.0,106954752
2026-09-16T17:04:47.915617+00:00,pyroscope,pyroscope-0,6.0,185597952
2026-09-16T17:04:47.915617+00:00,pyroscope,pyroscope-alloy-0,6.0,492830720
2026-09-16T17:05:19.159395+00:00,grove-system,grove-operator-87b5b577-fw5t4,11.0,476053504
2026-09-16T17:05:19.159395+00:00,kai-scheduler,admission-86666f457d-shlf7,1.0,17825792
2026-09-16T17:05:19.159395+00:00,kai-scheduler,binder-869fc94c7-l85qn,32.0,145752064
2026-09-16T17:05:19.159395+00:00,kai-scheduler,kai-operator-69b5d7bcf7-h7kb2,36.0,100663296
2026-09-16T17:05:19.159395+00:00,kai-scheduler,kai-scheduler-default-86ccb98bf5-sglz6,38.0,216006656
2026-09-16T17:05:19.159395+00:00,kai-scheduler,pod-grouper-65456f756-58ckz,1.0,9437184
2026-09-16T17:05:19.159395+00:00,kai-scheduler,podgroup-controller-68f9cc8dbf-g9s2f,1.0,11534336
2026-09-16T17:05:19.159395+00:00,kai-scheduler,queue-controller-f86fcd76c-5pbjz,1.0,11534336
2026-09-16T17:05:19.159395+00:00,kube-system,coredns-8db54c48d-r2b8d,2.0,41943040
2026-09-16T17:05:19.159395+00:00,kube-system,kwok-controller-5cf8c7c44b-9blfc,107.0,82837504
2026-09-16T17:05:19.159395+00:00,kube-system,local-path-provisioner-5d9d9885bc-bpbfb,1.0,14680064
2026-09-16T17:05:19.159395+00:00,kube-system,metrics-server-75dc6f8d87-n5hnd,49.0,258998272
2026-09-16T17:05:19.159395+00:00,kube-system,svclb-traefik-5132867f-lxgnq,0.0,0
2026-09-16T17:05:19.159395+00:00,kube-system,traefik-9bcdbbd9-dxtcs,51.0,106954752
2026-09-16T17:05:19.159395+00:00,pyroscope,pyroscope-0,5.0,183500800
2026-09-16T17:05:19.159395+00:00,pyroscope,pyroscope-alloy-0,8.0,493879296
2026-09-16T17:05:50.430965+00:00,grove-system,grove-operator-87b5b577-fw5t4,31.0,468713472
2026-09-16T17:05:50.430965+00:00,kai-scheduler,admission-86666f457d-shlf7,1.0,17825792
2026-09-16T17:05:50.430965+00:00,kai-scheduler,binder-869fc94c7-l85qn,27.0,144703488
2026-09-16T17:05:50.430965+00:00,kai-scheduler,kai-operator-69b5d7bcf7-h7kb2,24.0,99614720
2026-09-16T17:05:50.430965+00:00,kai-scheduler,kai-scheduler-default-86ccb98bf5-sglz6,39.0,216006656
2026-09-16T17:05:50.430965+00:00,kai-scheduler,pod-grouper-65456f756-58ckz,1.0,9437184
2026-09-16T17:05:50.430965+00:00,kai-scheduler,podgroup-controller-68f9cc8dbf-g9s2f,1.0,11534336
2026-09-16T17:05:50.430965+00:00,kai-scheduler,queue-controller-f86fcd76c-5pbjz,1.0,11534336
2026-09-16T17:05:50.430965+00:00,kube-system,coredns-8db54c48d-r2b8d,2.0,40894464
2026-09-16T17:05:50.430965+00:00,kube-system,kwok-controller-5cf8c7c44b-9blfc,107.0,82837504
2026-09-16T17:05:50.430965+00:00,kube-system,local-path-provisioner-5d9d9885bc-bpbfb,1.0,14680064
2026-09-16T17:05:50.430965+00:00,kube-system,metrics-server-75dc6f8d87-n5hnd,46.0,257949696
2026-09-16T17:05:50.430965+00:00,kube-system,svclb-traefik-5132867f-lxgnq,0.0,0
2026-09-16T17:05:50.430965+00:00,kube-system,traefik-9bcdbbd9-dxtcs,41.0,96468992
2026-09-16T17:05:50.430965+00:00,pyroscope,pyroscope-0,7.0,189792256
2026-09-16T17:05:50.430965+00:00,pyroscope,pyroscope-alloy-0,10.0,494927872
2026-09-16T17:06:21.682795+00:00,grove-system,grove-operator-87b5b577-fw5t4,11.0,470810624
2026-09-16T17:06:21.682795+00:00,kai-scheduler,admission-86666f457d-shlf7,1.0,17825792
2026-09-16T17:06:21.682795+00:00,kai-scheduler,binder-869fc94c7-l85qn,34.0,144703488
2026-09-16T17:06:21.682795+00:00,kai-scheduler,kai-operator-69b5d7bcf7-h7kb2,35.0,100663296
2026-09-16T17:06:21.682795+00:00,kai-scheduler,kai-scheduler-default-86ccb98bf5-sglz6,40.0,216006656
2026-09-16T17:06:21.682795+00:00,kai-scheduler,pod-grouper-65456f756-58ckz,1.0,9437184
2026-09-16T17:06:21.682795+00:00,kai-scheduler,podgroup-controller-68f9cc8dbf-g9s2f,1.0,11534336
2026-09-16T17:06:21.682795+00:00,kai-scheduler,queue-controller-f86fcd76c-5pbjz,1.0,11534336
2026-09-16T17:06:21.682795+00:00,kube-system,coredns-8db54c48d-r2b8d,2.0,40894464
2026-09-16T17:06:21.682795+00:00,kube-system,kwok-controller-5cf8c7c44b-9blfc,107.0,82837504
2026-09-16T17:06:21.682795+00:00,kube-system,local-path-provisioner-5d9d9885bc-bpbfb,1.0,14680064
2026-09-16T17:06:21.682795+00:00,kube-system,metrics-server-75dc6f8d87-n5hnd,52.0,260046848
2026-09-16T17:06:21.682795+00:00,kube-system,svclb-traefik-5132867f-lxgnq,0.0,0
2026-09-16T17:06:21.682795+00:00,kube-system,traefik-9bcdbbd9-dxtcs,50.0,103809024
2026-09-16T17:06:21.682795+00:00,pyroscope,pyroscope-0,5.0,187695104
2026-09-16T17:06:21.682795+00:00,pyroscope,pyroscope-alloy-0,8.0,494927872
2026-09-16T17:06:52.929993+00:00,grove-system,grove-operator-87b5b577-fw5t4,9.0,471859200
2026-09-16T17:06:52.929993+00:00,kai-scheduler,admission-86666f457d-shlf7,1.0,17825792
2026-09-16T17:06:52.929993+00:00,kai-scheduler,binder-869fc94c7-l85qn,27.0,143654912
2026-09-16T17:06:52.929993+00:00,kai-scheduler,kai-operator-69b5d7bcf7-h7kb2,36.0,100663296
2026-09-16T17:06:52.929993+00:00,kai-scheduler,kai-scheduler-default-86ccb98bf5-sglz6,36.0,218103808
2026-09-16T17:06:52.929993+00:00,kai-scheduler,pod-grouper-65456f756-58ckz,1.0,9437184
2026-09-16T17:06:52.929993+00:00,kai-scheduler,podgroup-controller-68f9cc8dbf-g9s2f,1.0,11534336
2026-09-16T17:06:52.929993+00:00,kai-scheduler,queue-controller-f86fcd76c-5pbjz,1.0,11534336
2026-09-16T17:06:52.929993+00:00,kube-system,coredns-8db54c48d-r2b8d,3.0,42991616
2026-09-16T17:06:52.929993+00:00,kube-system,kwok-controller-5cf8c7c44b-9blfc,107.0,82837504
2026-09-16T17:06:52.929993+00:00,kube-system,local-path-provisioner-5d9d9885bc-bpbfb,1.0,14680064
2026-09-16T17:06:52.929993+00:00,kube-system,metrics-server-75dc6f8d87-n5hnd,42.0,260046848
2026-09-16T17:06:52.929993+00:00,kube-system,svclb-traefik-5132867f-lxgnq,0.0,0
2026-09-16T17:06:52.929993+00:00,kube-system,traefik-9bcdbbd9-dxtcs,47.0,104857600
2026-09-16T17:06:52.929993+00:00,pyroscope,pyroscope-0,23.0,384827392
2026-09-16T17:06:52.929993+00:00,pyroscope,pyroscope-alloy-0,7.0,497025024
2026-09-16T17:07:24.224603+00:00,grove-system,grove-operator-87b5b577-fw5t4,574.0,521142272
2026-09-16T17:07:24.224603+00:00,kai-scheduler,admission-86666f457d-shlf7,1.0,17825792
2026-09-16T17:07:24.224603+00:00,kai-scheduler,binder-869fc94c7-l85qn,80.0,193986560
2026-09-16T17:07:24.224603+00:00,kai-scheduler,kai-operator-69b5d7bcf7-h7kb2,2.0,88080384
2026-09-16T17:07:24.224603+00:00,kai-scheduler,kai-scheduler-default-86ccb98bf5-sglz6,70.0,256901120
2026-09-16T17:07:24.224603+00:00,kai-scheduler,pod-grouper-65456f756-58ckz,1.0,9437184
2026-09-16T17:07:24.224603+00:00,kai-scheduler,podgroup-controller-68f9cc8dbf-g9s2f,1.0,11534336
2026-09-16T17:07:24.224603+00:00,kai-scheduler,queue-controller-f86fcd76c-5pbjz,1.0,11534336
2026-09-16T17:07:24.224603+00:00,kube-system,coredns-8db54c48d-r2b8d,2.0,41943040
2026-09-16T17:07:24.224603+00:00,kube-system,kwok-controller-5cf8c7c44b-9blfc,102.0,82837504
2026-09-16T17:07:24.224603+00:00,kube-system,local-path-provisioner-5d9d9885bc-bpbfb,1.0,14680064
2026-09-16T17:07:24.224603+00:00,kube-system,metrics-server-75dc6f8d87-n5hnd,46.0,258998272
2026-09-16T17:07:24.224603+00:00,kube-system,svclb-traefik-5132867f-lxgnq,0.0,0
2026-09-16T17:07:24.224603+00:00,kube-system,traefik-9bcdbbd9-dxtcs,1.0,101711872
2026-09-16T17:07:24.224603+00:00,pyroscope,pyroscope-0,7.0,386924544
2026-09-16T17:07:24.224603+00:00,pyroscope,pyroscope-alloy-0,59.0,502267904
2026-09-16T17:07:55.501165+00:00,grove-system,grove-operator-87b5b577-fw5t4,1514.0,583008256
2026-09-16T17:07:55.501165+00:00,kai-scheduler,admission-86666f457d-shlf7,1.0,17825792
2026-09-16T17:07:55.501165+00:00,kai-scheduler,kai-operator-69b5d7bcf7-h7kb2,5.0,88080384
2026-09-16T17:07:55.501165+00:00,kai-scheduler,kai-scheduler-default-86ccb98bf5-sglz6,99.0,392167424
2026-09-16T17:07:55.501165+00:00,kai-scheduler,pod-grouper-65456f756-58ckz,1.0,9437184
2026-09-16T17:07:55.501165+00:00,kai-scheduler,podgroup-controller-68f9cc8dbf-g9s2f,1.0,11534336
2026-09-16T17:07:55.501165+00:00,kai-scheduler,queue-controller-f86fcd76c-5pbjz,1.0,11534336
2026-09-16T17:07:55.501165+00:00,kube-system,coredns-8db54c48d-r2b8d,3.0,42991616
2026-09-16T17:07:55.501165+00:00,kube-system,kwok-controller-5cf8c7c44b-9blfc,154.0,83886080
2026-09-16T17:07:55.501165+00:00,kube-system,local-path-provisioner-5d9d9885bc-bpbfb,1.0,14680064
2026-09-16T17:07:55.501165+00:00,kube-system,metrics-server-75dc6f8d87-n5hnd,45.0,258998272
2026-09-16T17:07:55.501165+00:00,kube-system,svclb-traefik-5132867f-lxgnq,0.0,0
2026-09-16T17:07:55.501165+00:00,kube-system,traefik-9bcdbbd9-dxtcs,2.0,101711872
2026-09-16T17:07:55.501165+00:00,pyroscope,pyroscope-0,7.0,386924544
2026-09-16T17:07:55.501165+00:00,pyroscope,pyroscope-alloy-0,75.0,544210944
2026-09-16T17:08:26.770866+00:00,grove-system,grove-operator-87b5b577-fw5t4,1201.0,599785472
2026-09-16T17:08:26.770866+00:00,kai-scheduler,admission-86666f457d-shlf7,1.0,17825792
2026-09-16T17:08:26.770866+00:00,kai-scheduler,kai-operator-69b5d7bcf7-h7kb2,1.0,88080384
2026-09-16T17:08:26.770866+00:00,kai-scheduler,kai-scheduler-default-86ccb98bf5-sglz6,155.0,450887680
2026-09-16T17:08:26.770866+00:00,kai-scheduler,pod-grouper-65456f756-58ckz,1.0,9437184
2026-09-16T17:08:26.770866+00:00,kai-scheduler,podgroup-controller-68f9cc8dbf-g9s2f,1.0,11534336
2026-09-16T17:08:26.770866+00:00,kai-scheduler,queue-controller-f86fcd76c-5pbjz,1.0,11534336
2026-09-16T17:08:26.770866+00:00,kube-system,coredns-8db54c48d-r2b8d,15.0,45088768
2026-09-16T17:08:26.770866+00:00,kube-system,kwok-controller-5cf8c7c44b-9blfc,331.0,82837504
2026-09-16T17:08:26.770866+00:00,kube-system,local-path-provisioner-5d9d9885bc-bpbfb,1.0,14680064
2026-09-16T17:08:26.770866+00:00,kube-system,metrics-server-75dc6f8d87-n5hnd,67.0,264241152
2026-09-16T17:08:26.770866+00:00,kube-system,svclb-traefik-5132867f-lxgnq,0.0,0
2026-09-16T17:08:26.770866+00:00,kube-system,traefik-9bcdbbd9-dxtcs,23.0,102760448
2026-09-16T17:08:26.770866+00:00,pyroscope,pyroscope-0,4.0,446693376
2026-09-16T17:08:26.770866+00:00,pyroscope,pyroscope-alloy-0,151.0,571473920
2026-09-16T17:08:58.038250+00:00,grove-system,grove-operator-87b5b577-fw5t4,2425.0,601882624
2026-09-16T17:08:58.038250+00:00,kai-scheduler,admission-86666f457d-shlf7,1.0,16777216
2026-09-16T17:08:58.038250+00:00,kai-scheduler,kai-operator-69b5d7bcf7-h7kb2,1.0,88080384
2026-09-16T17:08:58.038250+00:00,kai-scheduler,kai-scheduler-default-86ccb98bf5-sglz6,124.0,481296384
2026-09-16T17:08:58.038250+00:00,kai-scheduler,pod-grouper-65456f756-58ckz,1.0,9437184
2026-09-16T17:08:58.038250+00:00,kai-scheduler,podgroup-controller-68f9cc8dbf-g9s2f,1.0,11534336
2026-09-16T17:08:58.038250+00:00,kai-scheduler,queue-controller-f86fcd76c-5pbjz,1.0,11534336
2026-09-16T17:08:58.038250+00:00,kube-system,coredns-8db54c48d-r2b8d,16.0,46137344
2026-09-16T17:08:58.038250+00:00,kube-system,kwok-controller-5cf8c7c44b-9blfc,312.0,83886080
2026-09-16T17:08:58.038250+00:00,kube-system,local-path-provisioner-5d9d9885bc-bpbfb,1.0,14680064
2026-09-16T17:08:58.038250+00:00,kube-system,metrics-server-75dc6f8d87-n5hnd,62.0,266338304
2026-09-16T17:08:58.038250+00:00,kube-system,svclb-traefik-5132867f-lxgnq,0.0,0
2026-09-16T17:08:58.038250+00:00,kube-system,traefik-9bcdbbd9-dxtcs,24.0,102760448
2026-09-16T17:08:58.038250+00:00,pyroscope,pyroscope-0,9.0,244318208
2026-09-16T17:08:58.038250+00:00,pyroscope,pyroscope-alloy-0,129.0,597688320
2026-09-16T17:09:29.305601+00:00,grove-system,grove-operator-87b5b577-fw5t4,883.0,633339904
2026-09-16T17:09:29.305601+00:00,kai-scheduler,admission-86666f457d-shlf7,1.0,16777216
2026-09-16T17:09:29.305601+00:00,kai-scheduler,kai-operator-69b5d7bcf7-h7kb2,2.0,88080384
2026-09-16T17:09:29.305601+00:00,kai-scheduler,kai-scheduler-default-86ccb98bf5-sglz6,120.0,394264576
2026-09-16T17:09:29.305601+00:00,kai-scheduler,pod-grouper-65456f756-58ckz,1.0,9437184
2026-09-16T17:09:29.305601+00:00,kai-scheduler,podgroup-controller-68f9cc8dbf-g9s2f,1.0,11534336
2026-09-16T17:09:29.305601+00:00,kai-scheduler,queue-controller-f86fcd76c-5pbjz,1.0,11534336
2026-09-16T17:09:29.305601+00:00,kube-system,coredns-8db54c48d-r2b8d,13.0,45088768
2026-09-16T17:09:29.305601+00:00,kube-system,kwok-controller-5cf8c7c44b-9blfc,157.0,85983232
2026-09-16T17:09:29.305601+00:00,kube-system,local-path-provisioner-5d9d9885bc-bpbfb,1.0,14680064
2026-09-16T17:09:29.305601+00:00,kube-system,metrics-server-75dc6f8d87-n5hnd,67.0,274726912
2026-09-16T17:09:29.305601+00:00,kube-system,svclb-traefik-5132867f-lxgnq,0.0,0
2026-09-16T17:09:29.305601+00:00,kube-system,traefik-9bcdbbd9-dxtcs,9.0,102760448
2026-09-16T17:09:29.305601+00:00,pyroscope,pyroscope-0,17.0,271581184
2026-09-16T17:09:29.305601+00:00,pyroscope,pyroscope-alloy-0,54.0,599785472
2026-09-16T17:10:00.567185+00:00,grove-system,grove-operator-87b5b577-fw5t4,979.0,692060160
2026-09-16T17:10:00.567185+00:00,kai-scheduler,admission-86666f457d-shlf7,1.0,16777216
2026-09-16T17:10:00.567185+00:00,kai-scheduler,kai-operator-69b5d7bcf7-h7kb2,1.0,81788928
2026-09-16T17:10:00.567185+00:00,kai-scheduler,kai-scheduler-default-86ccb98bf5-sglz6,150.0,464519168
2026-09-16T17:10:00.567185+00:00,kai-scheduler,pod-grouper-65456f756-58ckz,1.0,9437184
2026-09-16T17:10:00.567185+00:00,kai-scheduler,podgroup-controller-68f9cc8dbf-g9s2f,1.0,11534336
2026-09-16T17:10:00.567185+00:00,kai-scheduler,queue-controller-f86fcd76c-5pbjz,1.0,11534336
2026-09-16T17:10:00.567185+00:00,kube-system,coredns-8db54c48d-r2b8d,2.0,46137344
2026-09-16T17:10:00.567185+00:00,kube-system,kwok-controller-5cf8c7c44b-9blfc,95.0,87031808
2026-09-16T17:10:00.567185+00:00,kube-system,local-path-provisioner-5d9d9885bc-bpbfb,1.0,14680064
2026-09-16T17:10:00.567185+00:00,kube-system,metrics-server-75dc6f8d87-n5hnd,31.0,291504128
2026-09-16T17:10:00.567185+00:00,kube-system,svclb-traefik-5132867f-lxgnq,0.0,0
2026-09-16T17:10:00.567185+00:00,kube-system,traefik-9bcdbbd9-dxtcs,1.0,102760448
2026-09-16T17:10:00.567185+00:00,pyroscope,pyroscope-0,10.0,246415360
2026-09-16T17:10:00.567185+00:00,pyroscope,pyroscope-alloy-0,145.0,623902720
2026-09-16T17:10:31.836882+00:00,grove-system,grove-operator-87b5b577-fw5t4,2964.0,720371712
2026-09-16T17:10:31.836882+00:00,kai-scheduler,admission-86666f457d-shlf7,1.0,16777216
2026-09-16T17:10:31.836882+00:00,kai-scheduler,kai-operator-69b5d7bcf7-h7kb2,5.0,81788928
2026-09-16T17:10:31.836882+00:00,kai-scheduler,pod-grouper-65456f756-58ckz,1.0,9437184
2026-09-16T17:10:31.836882+00:00,kai-scheduler,podgroup-controller-68f9cc8dbf-g9s2f,1.0,11534336
2026-09-16T17:10:31.836882+00:00,kai-scheduler,queue-controller-f86fcd76c-5pbjz,1.0,11534336
2026-09-16T17:10:31.836882+00:00,kube-system,coredns-8db54c48d-r2b8d,6.0,46137344
2026-09-16T17:10:31.836882+00:00,kube-system,kwok-controller-5cf8c7c44b-9blfc,310.0,89128960
2026-09-16T17:10:31.836882+00:00,kube-system,local-path-provisioner-5d9d9885bc-bpbfb,1.0,14680064
2026-09-16T17:10:31.836882+00:00,kube-system,metrics-server-75dc6f8d87-n5hnd,69.0,294649856
2026-09-16T17:10:31.836882+00:00,kube-system,svclb-traefik-5132867f-lxgnq,0.0,0
2026-09-16T17:10:31.836882+00:00,kube-system,traefik-9bcdbbd9-dxtcs,10.0,102760448
2026-09-16T17:10:31.836882+00:00,pyroscope,pyroscope-0,8.0,247463936
2026-09-16T17:10:31.836882+00:00,pyroscope,pyroscope-alloy-0,186.0,641728512
2026-09-16T17:11:03.106705+00:00,grove-system,grove-operator-87b5b577-fw5t4,981.0,681574400
2026-09-16T17:11:03.106705+00:00,kai-scheduler,admission-86666f457d-shlf7,1.0,16777216
2026-09-16T17:11:03.106705+00:00,kai-scheduler,kai-operator-69b5d7bcf7-h7kb2,4.0,82837504
2026-09-16T17:11:03.106705+00:00,kai-scheduler,pod-grouper-65456f756-58ckz,1.0,9437184
2026-09-16T17:11:03.106705+00:00,kai-scheduler,podgroup-controller-68f9cc8dbf-g9s2f,1.0,11534336
2026-09-16T17:11:03.106705+00:00,kai-scheduler,queue-controller-f86fcd76c-5pbjz,1.0,11534336
2026-09-16T17:11:03.106705+00:00,kube-system,coredns-8db54c48d-r2b8d,16.0,47185920
2026-09-16T17:11:03.106705+00:00,kube-system,kwok-controller-5cf8c7c44b-9blfc,328.0,88080384
2026-09-16T17:11:03.106705+00:00,kube-system,local-path-provisioner-5d9d9885bc-bpbfb,1.0,14680064
2026-09-16T17:11:03.106705+00:00,kube-system,metrics-server-75dc6f8d87-n5hnd,74.0,304087040
2026-09-16T17:11:03.106705+00:00,kube-system,svclb-traefik-5132867f-lxgnq,0.0,0
2026-09-16T17:11:03.106705+00:00,kube-system,traefik-9bcdbbd9-dxtcs,22.0,104857600
2026-09-16T17:11:03.106705+00:00,pyroscope,pyroscope-0,8.0,250609664
2026-09-16T17:11:03.106705+00:00,pyroscope,pyroscope-alloy-0,245.0,648019968
2026-09-16T17:11:34.384324+00:00,grove-system,grove-operator-87b5b577-fw5t4,2641.0,645922816
2026-09-16T17:11:34.384324+00:00,kai-scheduler,admission-86666f457d-shlf7,1.0,16777216
2026-09-16T17:11:34.384324+00:00,kai-scheduler,kai-operator-69b5d7bcf7-h7kb2,1.0,82837504
2026-09-16T17:11:34.384324+00:00,kai-scheduler,kai-scheduler-default-86ccb98bf5-sglz6,284.0,513802240
2026-09-16T17:11:34.384324+00:00,kai-scheduler,pod-grouper-65456f756-58ckz,1.0,9437184
2026-09-16T17:11:34.384324+00:00,kai-scheduler,podgroup-controller-68f9cc8dbf-g9s2f,1.0,11534336
2026-09-16T17:11:34.384324+00:00,kai-scheduler,queue-controller-f86fcd76c-5pbjz,1.0,11534336
2026-09-16T17:11:34.384324+00:00,kube-system,coredns-8db54c48d-r2b8d,14.0,46137344
2026-09-16T17:11:34.384324+00:00,kube-system,kwok-controller-5cf8c7c44b-9blfc,342.0,88080384
2026-09-16T17:11:34.384324+00:00,kube-system,local-path-provisioner-5d9d9885bc-bpbfb,1.0,14680064
2026-09-16T17:11:34.384324+00:00,kube-system,metrics-server-75dc6f8d87-n5hnd,61.0,306184192
2026-09-16T17:11:34.384324+00:00,kube-system,svclb-traefik-5132867f-lxgnq,0.0,0
2026-09-16T17:11:34.384324+00:00,kube-system,traefik-9bcdbbd9-dxtcs,22.0,103809024
2026-09-16T17:11:34.384324+00:00,pyroscope,pyroscope-0,8.0,250609664
2026-09-16T17:11:34.384324+00:00,pyroscope,pyroscope-alloy-0,206.0,650117120
2026-09-16T17:12:05.635889+00:00,grove-system,grove-operator-87b5b577-fw5t4,1457.0,599785472
2026-09-16T17:12:05.635889+00:00,kai-scheduler,admission-86666f457d-shlf7,1.0,16777216
2026-09-16T17:12:05.635889+00:00,kai-scheduler,kai-operator-69b5d7bcf7-h7kb2,2.0,84934656
2026-09-16T17:12:05.635889+00:00,kai-scheduler,pod-grouper-65456f756-58ckz,1.0,9437184
2026-09-16T17:12:05.635889+00:00,kai-scheduler,podgroup-controller-68f9cc8dbf-g9s2f,1.0,11534336
2026-09-16T17:12:05.635889+00:00,kai-scheduler,queue-controller-f86fcd76c-5pbjz,1.0,11534336
2026-09-16T17:12:05.635889+00:00,kube-system,coredns-8db54c48d-r2b8d,6.0,46137344
2026-09-16T17:12:05.635889+00:00,kube-system,kwok-controller-5cf8c7c44b-9blfc,312.0,90177536
2026-09-16T17:12:05.635889+00:00,kube-system,local-path-provisioner-5d9d9885bc-bpbfb,1.0,14680064
2026-09-16T17:12:05.635889+00:00,kube-system,metrics-server-75dc6f8d87-n5hnd,68.0,314572800
2026-09-16T17:12:05.635889+00:00,kube-system,svclb-traefik-5132867f-lxgnq,0.0,0
2026-09-16T17:12:05.635889+00:00,kube-system,traefik-9bcdbbd9-dxtcs,25.0,102760448
2026-09-16T17:12:05.635889+00:00,pyroscope,pyroscope-0,14.0,270532608
2026-09-16T17:12:05.635889+00:00,pyroscope,pyroscope-alloy-0,232.0,653262848
2026-09-16T17:12:36.879099+00:00,grove-system,grove-operator-87b5b577-fw5t4,59.0,559939584
2026-09-16T17:12:36.879099+00:00,kai-scheduler,admission-86666f457d-shlf7,1.0,16777216
2026-09-16T17:12:36.879099+00:00,kai-scheduler,kai-operator-69b5d7bcf7-h7kb2,3.0,84934656
2026-09-16T17:12:36.879099+00:00,kai-scheduler,pod-grouper-65456f756-58ckz,1.0,9437184
2026-09-16T17:12:36.879099+00:00,kai-scheduler,podgroup-controller-68f9cc8dbf-g9s2f,1.0,11534336
2026-09-16T17:12:36.879099+00:00,kai-scheduler,queue-controller-f86fcd76c-5pbjz,1.0,11534336
2026-09-16T17:12:36.879099+00:00,kube-system,coredns-8db54c48d-r2b8d,2.0,47185920
2026-09-16T17:12:36.879099+00:00,kube-system,kwok-controller-5cf8c7c44b-9blfc,84.0,91226112
2026-09-16T17:12:36.879099+00:00,kube-system,local-path-provisioner-5d9d9885bc-bpbfb,1.0,14680064
2026-09-16T17:12:36.879099+00:00,kube-system,metrics-server-75dc6f8d87-n5hnd,27.0,314572800
2026-09-16T17:12:36.879099+00:00,kube-system,svclb-traefik-5132867f-lxgnq,0.0,0
2026-09-16T17:12:36.879099+00:00,kube-system,traefik-9bcdbbd9-dxtcs,1.0,103809024
2026-09-16T17:12:36.879099+00:00,pyroscope,pyroscope-0,6.0,262144000
2026-09-16T17:12:36.879099+00:00,pyroscope,pyroscope-alloy-0,6.0,668991488
2026-09-16T17:13:08.124940+00:00,grove-system,grove-operator-87b5b577-fw5t4,27.0,513802240
2026-09-16T17:13:08.124940+00:00,kai-scheduler,admission-86666f457d-shlf7,1.0,16777216
2026-09-16T17:13:08.124940+00:00,kai-scheduler,kai-operator-69b5d7bcf7-h7kb2,8.0,84934656
2026-09-16T17:13:08.124940+00:00,kai-scheduler,pod-grouper-65456f756-58ckz,1.0,9437184
2026-09-16T17:13:08.124940+00:00,kai-scheduler,podgroup-controller-68f9cc8dbf-g9s2f,1.0,11534336
2026-09-16T17:13:08.124940+00:00,kai-scheduler,queue-controller-f86fcd76c-5pbjz,1.0,11534336
2026-09-16T17:13:08.124940+00:00,kube-system,coredns-8db54c48d-r2b8d,2.0,46137344
2026-09-16T17:13:08.124940+00:00,kube-system,kwok-controller-5cf8c7c44b-9blfc,89.0,91226112
2026-09-16T17:13:08.124940+00:00,kube-system,local-path-provisioner-5d9d9885bc-bpbfb,1.0,14680064
2026-09-16T17:13:08.124940+00:00,kube-system,metrics-server-75dc6f8d87-n5hnd,30.0,321912832
2026-09-16T17:13:08.124940+00:00,kube-system,svclb-traefik-5132867f-lxgnq,0.0,0
2026-09-16T17:13:08.124940+00:00,kube-system,traefik-9bcdbbd9-dxtcs,2.0,102760448
2026-09-16T17:13:08.124940+00:00,pyroscope,pyroscope-0,6.0,254803968
2026-09-16T17:13:08.124940+00:00,pyroscope,pyroscope-alloy-0,68.0,687865856
2026-09-16T17:13:39.375662+00:00,grove-system,grove-operator-87b5b577-fw5t4,67.0,493879296
2026-09-16T17:13:39.375662+00:00,kai-scheduler,admission-86666f457d-shlf7,1.0,16777216
2026-09-16T17:13:39.375662+00:00,kai-scheduler,kai-operator-69b5d7bcf7-h7kb2,5.0,85983232
2026-09-16T17:13:39.375662+00:00,kai-scheduler,pod-grouper-65456f756-58ckz,1.0,9437184
2026-09-16T17:13:39.375662+00:00,kai-scheduler,podgroup-controller-68f9cc8dbf-g9s2f,1.0,11534336
2026-09-16T17:13:39.375662+00:00,kai-scheduler,queue-controller-f86fcd76c-5pbjz,1.0,11534336
2026-09-16T17:13:39.375662+00:00,kube-system,coredns-8db54c48d-r2b8d,2.0,46137344
2026-09-16T17:13:39.375662+00:00,kube-system,kwok-controller-5cf8c7c44b-9blfc,83.0,91226112
2026-09-16T17:13:39.375662+00:00,kube-system,local-path-provisioner-5d9d9885bc-bpbfb,1.0,14680064
2026-09-16T17:13:39.375662+00:00,kube-system,metrics-server-75dc6f8d87-n5hnd,29.0,338690048
2026-09-16T17:13:39.375662+00:00,kube-system,svclb-traefik-5132867f-lxgnq,0.0,0
2026-09-16T17:13:39.375662+00:00,kube-system,traefik-9bcdbbd9-dxtcs,1.0,102760448
2026-09-16T17:13:39.375662+00:00,pyroscope,pyroscope-0,6.0,253755392
2026-09-16T17:13:39.375662+00:00,pyroscope,pyroscope-alloy-0,7.0,687865856
2026-09-16T17:14:10.625299+00:00,grove-system,grove-operator-87b5b577-fw5t4,83.0,475004928
2026-09-16T17:14:10.625299+00:00,kai-scheduler,admission-86666f457d-shlf7,1.0,16777216
2026-09-16T17:14:10.625299+00:00,kai-scheduler,binder-869fc94c7-l85qn,100.0,169869312
2026-09-16T17:14:10.625299+00:00,kai-scheduler,kai-operator-69b5d7bcf7-h7kb2,4.0,85983232
2026-09-16T17:14:10.625299+00:00,kai-scheduler,pod-grouper-65456f756-58ckz,1.0,9437184
2026-09-16T17:14:10.625299+00:00,kai-scheduler,podgroup-controller-68f9cc8dbf-g9s2f,1.0,11534336
2026-09-16T17:14:10.625299+00:00,kai-scheduler,queue-controller-f86fcd76c-5pbjz,1.0,11534336
2026-09-16T17:14:10.625299+00:00,kube-system,coredns-8db54c48d-r2b8d,2.0,45088768
2026-09-16T17:14:10.625299+00:00,kube-system,kwok-controller-5cf8c7c44b-9blfc,81.0,90177536
2026-09-16T17:14:10.625299+00:00,kube-system,local-path-provisioner-5d9d9885bc-bpbfb,1.0,14680064
2026-09-16T17:14:10.625299+00:00,kube-system,metrics-server-75dc6f8d87-n5hnd,31.0,338690048
2026-09-16T17:14:10.625299+00:00,kube-system,svclb-traefik-5132867f-lxgnq,0.0,0
2026-09-16T17:14:10.625299+00:00,kube-system,traefik-9bcdbbd9-dxtcs,4.0,101711872
2026-09-16T17:14:10.625299+00:00,pyroscope,pyroscope-0,4.0,252706816
2026-09-16T17:14:10.625299+00:00,pyroscope,pyroscope-alloy-0,94.0,685768704
2026-09-16T17:14:41.870177+00:00,grove-system,grove-operator-87b5b577-fw5t4,82.0,482344960
2026-09-16T17:14:41.870177+00:00,kai-scheduler,admission-86666f457d-shlf7,1.0,16777216
2026-09-16T17:14:41.870177+00:00,kai-scheduler,kai-operator-69b5d7bcf7-h7kb2,1.0,85983232
2026-09-16T17:14:41.870177+00:00,kai-scheduler,pod-grouper-65456f756-58ckz,1.0,9437184
2026-09-16T17:14:41.870177+00:00,kai-scheduler,podgroup-controller-68f9cc8dbf-g9s2f,1.0,11534336
2026-09-16T17:14:41.870177+00:00,kai-scheduler,queue-controller-f86fcd76c-5pbjz,1.0,11534336
2026-09-16T17:14:41.870177+00:00,kube-system,coredns-8db54c48d-r2b8d,3.0,46137344
2026-09-16T17:14:41.870177+00:00,kube-system,kwok-controller-5cf8c7c44b-9blfc,107.0,92274688
2026-09-16T17:14:41.870177+00:00,kube-system,local-path-provisioner-5d9d9885bc-bpbfb,1.0,14680064
2026-09-16T17:14:41.870177+00:00,kube-system,metrics-server-75dc6f8d87-n5hnd,29.0,338690048
2026-09-16T17:14:41.870177+00:00,kube-system,svclb-traefik-5132867f-lxgnq,0.0,0
2026-09-16T17:14:41.870177+00:00,kube-system,traefik-9bcdbbd9-dxtcs,2.0,102760448
2026-09-16T17:14:41.870177+00:00,pyroscope,pyroscope-0,6.0,253755392
2026-09-16T17:14:41.870177+00:00,pyroscope,pyroscope-alloy-0,109.0,685768704
2026-09-16T17:15:13.122220+00:00,grove-system,grove-operator-87b5b577-fw5t4,52.0,482344960
2026-09-16T17:15:13.122220+00:00,kai-scheduler,admission-86666f457d-shlf7,1.0,16777216
2026-09-16T17:15:13.122220+00:00,kai-scheduler,kai-operator-69b5d7bcf7-h7kb2,7.0,85983232
2026-09-16T17:15:13.122220+00:00,kai-scheduler,pod-grouper-65456f756-58ckz,1.0,9437184
2026-09-16T17:15:13.122220+00:00,kai-scheduler,podgroup-controller-68f9cc8dbf-g9s2f,1.0,11534336
2026-09-16T17:15:13.122220+00:00,kai-scheduler,queue-controller-f86fcd76c-5pbjz,1.0,11534336
2026-09-16T17:15:13.122220+00:00,kube-system,coredns-8db54c48d-r2b8d,3.0,46137344
2026-09-16T17:15:13.122220+00:00,kube-system,kwok-controller-5cf8c7c44b-9blfc,102.0,93323264
2026-09-16T17:15:13.122220+00:00,kube-system,local-path-provisioner-5d9d9885bc-bpbfb,1.0,14680064
2026-09-16T17:15:13.122220+00:00,kube-system,metrics-server-75dc6f8d87-n5hnd,33.0,350224384
2026-09-16T17:15:13.122220+00:00,kube-system,svclb-traefik-5132867f-lxgnq,0.0,0
2026-09-16T17:15:13.122220+00:00,kube-system,traefik-9bcdbbd9-dxtcs,2.0,104857600
2026-09-16T17:15:13.122220+00:00,pyroscope,pyroscope-0,5.0,253755392
2026-09-16T17:15:13.122220+00:00,pyroscope,pyroscope-alloy-0,60.0,685768704
2026-09-16T17:15:44.365530+00:00,grove-system,grove-operator-87b5b577-fw5t4,43.0,483393536
2026-09-16T17:15:44.365530+00:00,kai-scheduler,admission-86666f457d-shlf7,1.0,16777216
2026-09-16T17:15:44.365530+00:00,kai-scheduler,kai-operator-69b5d7bcf7-h7kb2,1.0,87031808
2026-09-16T17:15:44.365530+00:00,kai-scheduler,pod-grouper-65456f756-58ckz,1.0,9437184
2026-09-16T17:15:44.365530+00:00,kai-scheduler,podgroup-controller-68f9cc8dbf-g9s2f,1.0,11534336
2026-09-16T17:15:44.365530+00:00,kai-scheduler,queue-controller-f86fcd76c-5pbjz,1.0,11534336
2026-09-16T17:15:44.365530+00:00,kube-system,coredns-8db54c48d-r2b8d,3.0,46137344
2026-09-16T17:15:44.365530+00:00,kube-system,kwok-controller-5cf8c7c44b-9blfc,140.0,92274688
2026-09-16T17:15:44.365530+00:00,kube-system,local-path-provisioner-5d9d9885bc-bpbfb,1.0,14680064
2026-09-16T17:15:44.365530+00:00,kube-system,metrics-server-75dc6f8d87-n5hnd,55.0,352321536
2026-09-16T17:15:44.365530+00:00,kube-system,svclb-traefik-5132867f-lxgnq,0.0,0
2026-09-16T17:15:44.365530+00:00,kube-system,traefik-9bcdbbd9-dxtcs,1.0,105906176
2026-09-16T17:15:44.365530+00:00,pyroscope,pyroscope-0,7.0,252706816
2026-09-16T17:15:44.365530+00:00,pyroscope,pyroscope-alloy-0,204.0,688914432
2026-09-16T17:16:15.616767+00:00,grove-system,grove-operator-87b5b577-fw5t4,30.0,485490688
2026-09-16T17:16:15.616767+00:00,kai-scheduler,admission-86666f457d-shlf7,1.0,16777216
2026-09-16T17:16:15.616767+00:00,kai-scheduler,kai-operator-69b5d7bcf7-h7kb2,1.0,85983232
2026-09-16T17:16:15.616767+00:00,kai-scheduler,pod-grouper-65456f756-58ckz,1.0,9437184
2026-09-16T17:16:15.616767+00:00,kai-scheduler,podgroup-controller-68f9cc8dbf-g9s2f,1.0,11534336
2026-09-16T17:16:15.616767+00:00,kai-scheduler,queue-controller-f86fcd76c-5pbjz,1.0,11534336
2026-09-16T17:16:15.616767+00:00,kube-system,coredns-8db54c48d-r2b8d,2.0,45088768
2026-09-16T17:16:15.616767+00:00,kube-system,kwok-controller-5cf8c7c44b-9blfc,140.0,92274688
2026-09-16T17:16:15.616767+00:00,kube-system,local-path-provisioner-5d9d9885bc-bpbfb,1.0,14680064
2026-09-16T17:16:15.616767+00:00,kube-system,metrics-server-75dc6f8d87-n5hnd,44.0,351272960
2026-09-16T17:16:15.616767+00:00,kube-system,svclb-traefik-5132867f-lxgnq,0.0,0
2026-09-16T17:16:15.616767+00:00,kube-system,traefik-9bcdbbd9-dxtcs,1.0,101711872
2026-09-16T17:16:15.616767+00:00,pyroscope,pyroscope-0,6.0,253755392
2026-09-16T17:16:15.616767+00:00,pyroscope,pyroscope-alloy-0,200.0,676331520
2026-09-16T17:16:46.858457+00:00,grove-system,grove-operator-87b5b577-fw5t4,48.0,483393536
2026-09-16T17:16:46.858457+00:00,kai-scheduler,admission-86666f457d-shlf7,1.0,16777216
2026-09-16T17:16:46.858457+00:00,kai-scheduler,kai-operator-69b5d7bcf7-h7kb2,1.0,85983232
2026-09-16T17:16:46.858457+00:00,kai-scheduler,pod-grouper-65456f756-58ckz,1.0,9437184
2026-09-16T17:16:46.858457+00:00,kai-scheduler,podgroup-controller-68f9cc8dbf-g9s2f,1.0,11534336
2026-09-16T17:16:46.858457+00:00,kai-scheduler,queue-controller-f86fcd76c-5pbjz,1.0,11534336
2026-09-16T17:16:46.858457+00:00,kube-system,coredns-8db54c48d-r2b8d,2.0,45088768
2026-09-16T17:16:46.858457+00:00,kube-system,kwok-controller-5cf8c7c44b-9blfc,135.0,93323264
2026-09-16T17:16:46.858457+00:00,kube-system,local-path-provisioner-5d9d9885bc-bpbfb,1.0,14680064
2026-09-16T17:16:46.858457+00:00,kube-system,metrics-server-75dc6f8d87-n5hnd,48.0,363855872
2026-09-16T17:16:46.858457+00:00,kube-system,svclb-traefik-5132867f-lxgnq,0.0,0
2026-09-16T17:16:46.858457+00:00,kube-system,traefik-9bcdbbd9-dxtcs,1.0,101711872
2026-09-16T17:16:46.858457+00:00,pyroscope,pyroscope-0,6.0,254803968
2026-09-16T17:16:46.858457+00:00,pyroscope,pyroscope-alloy-0,214.0,678428672
2026-09-16T17:17:18.104910+00:00,grove-system,grove-operator-87b5b577-fw5t4,28.0,484442112
2026-09-16T17:17:18.104910+00:00,kai-scheduler,admission-86666f457d-shlf7,1.0,16777216
2026-09-16T17:17:18.104910+00:00,kai-scheduler,kai-operator-69b5d7bcf7-h7kb2,8.0,87031808
2026-09-16T17:17:18.104910+00:00,kai-scheduler,kai-scheduler-default-86ccb98bf5-sglz6,222.0,495976448
2026-09-16T17:17:18.104910+00:00,kai-scheduler,pod-grouper-65456f756-58ckz,1.0,9437184
2026-09-16T17:17:18.104910+00:00,kai-scheduler,podgroup-controller-68f9cc8dbf-g9s2f,1.0,11534336
2026-09-16T17:17:18.104910+00:00,kai-scheduler,queue-controller-f86fcd76c-5pbjz,1.0,11534336
2026-09-16T17:17:18.104910+00:00,kube-system,coredns-8db54c48d-r2b8d,2.0,45088768
2026-09-16T17:17:18.104910+00:00,kube-system,kwok-controller-5cf8c7c44b-9blfc,137.0,90177536
2026-09-16T17:17:18.104910+00:00,kube-system,local-path-provisioner-5d9d9885bc-bpbfb,1.0,14680064
2026-09-16T17:17:18.104910+00:00,kube-system,metrics-server-75dc6f8d87-n5hnd,58.0,356515840
2026-09-16T17:17:18.104910+00:00,kube-system,svclb-traefik-5132867f-lxgnq,0.0,0
2026-09-16T17:17:18.104910+00:00,kube-system,traefik-9bcdbbd9-dxtcs,1.0,101711872
2026-09-16T17:17:18.104910+00:00,pyroscope,pyroscope-0,7.0,253755392
2026-09-16T17:17:18.104910+00:00,pyroscope,pyroscope-alloy-0,153.0,660602880
2026-09-16T17:17:49.370233+00:00,grove-system,grove-operator-87b5b577-fw5t4,30.0,486539264
2026-09-16T17:17:49.370233+00:00,kai-scheduler,admission-86666f457d-shlf7,1.0,16777216
2026-09-16T17:17:49.370233+00:00,kai-scheduler,kai-operator-69b5d7bcf7-h7kb2,5.0,87031808
2026-09-16T17:17:49.370233+00:00,kai-scheduler,pod-grouper-65456f756-58ckz,1.0,9437184
2026-09-16T17:17:49.370233+00:00,kai-scheduler,podgroup-controller-68f9cc8dbf-g9s2f,1.0,11534336
2026-09-16T17:17:49.370233+00:00,kai-scheduler,queue-controller-f86fcd76c-5pbjz,1.0,11534336
2026-09-16T17:17:49.370233+00:00,kube-system,coredns-8db54c48d-r2b8d,2.0,45088768
2026-09-16T17:17:49.370233+00:00,kube-system,kwok-controller-5cf8c7c44b-9blfc,148.0,91226112
2026-09-16T17:17:49.370233+00:00,kube-system,local-path-provisioner-5d9d9885bc-bpbfb,1.0,14680064
2026-09-16T17:17:49.370233+00:00,kube-system,metrics-server-75dc6f8d87-n5hnd,48.0,347078656
2026-09-16T17:17:49.370233+00:00,kube-system,svclb-traefik-5132867f-lxgnq,0.0,0
2026-09-16T17:17:49.370233+00:00,kube-system,traefik-9bcdbbd9-dxtcs,1.0,101711872
2026-09-16T17:17:49.370233+00:00,pyroscope,pyroscope-0,6.0,254803968
2026-09-16T17:17:49.370233+00:00,pyroscope,pyroscope-alloy-0,182.0,666894336
2026-09-16T17:18:20.617335+00:00,grove-system,grove-operator-87b5b577-fw5t4,28.0,493879296
2026-09-16T17:18:20.617335+00:00,kai-scheduler,admission-86666f457d-shlf7,1.0,16777216
2026-09-16T17:18:20.617335+00:00,kai-scheduler,kai-operator-69b5d7bcf7-h7kb2,1.0,87031808
2026-09-16T17:18:20.617335+00:00,kai-scheduler,pod-grouper-65456f756-58ckz,1.0,9437184
2026-09-16T17:18:20.617335+00:00,kai-scheduler,podgroup-controller-68f9cc8dbf-g9s2f,1.0,11534336
2026-09-16T17:18:20.617335+00:00,kai-scheduler,queue-controller-f86fcd76c-5pbjz,1.0,11534336
2026-09-16T17:18:20.617335+00:00,kube-system,coredns-8db54c48d-r2b8d,2.0,40894464
2026-09-16T17:18:20.617335+00:00,kube-system,kwok-controller-5cf8c7c44b-9blfc,134.0,92274688
2026-09-16T17:18:20.617335+00:00,kube-system,local-path-provisioner-5d9d9885bc-bpbfb,1.0,14680064
2026-09-16T17:18:20.617335+00:00,kube-system,metrics-server-75dc6f8d87-n5hnd,58.0,298844160
2026-09-16T17:18:20.617335+00:00,kube-system,svclb-traefik-5132867f-lxgnq,0.0,0
2026-09-16T17:18:20.617335+00:00,kube-system,traefik-9bcdbbd9-dxtcs,2.0,101711872
2026-09-16T17:18:20.617335+00:00,pyroscope,pyroscope-0,4.0,255852544
2026-09-16T17:18:20.617335+00:00,pyroscope,pyroscope-alloy-0,164.0,661651456
2026-09-16T17:18:51.859635+00:00,grove-system,grove-operator-87b5b577-fw5t4,24.0,489684992
2026-09-16T17:18:51.859635+00:00,kai-scheduler,admission-86666f457d-shlf7,1.0,16777216
2026-09-16T17:18:51.859635+00:00,kai-scheduler,kai-operator-69b5d7bcf7-h7kb2,1.0,87031808
2026-09-16T17:18:51.859635+00:00,kai-scheduler,pod-grouper-65456f756-58ckz,1.0,9437184
2026-09-16T17:18:51.859635+00:00,kai-scheduler,podgroup-controller-68f9cc8dbf-g9s2f,1.0,11534336
2026-09-16T17:18:51.859635+00:00,kai-scheduler,queue-controller-f86fcd76c-5pbjz,1.0,11534336
2026-09-16T17:18:51.859635+00:00,kube-system,coredns-8db54c48d-r2b8d,2.0,40894464
2026-09-16T17:18:51.859635+00:00,kube-system,kwok-controller-5cf8c7c44b-9blfc,139.0,92274688
2026-09-16T17:18:51.859635+00:00,kube-system,local-path-provisioner-5d9d9885bc-bpbfb,1.0,14680064
2026-09-16T17:18:51.859635+00:00,kube-system,metrics-server-75dc6f8d87-n5hnd,39.0,268435456
2026-09-16T17:18:51.859635+00:00,kube-system,svclb-traefik-5132867f-lxgnq,0.0,0
2026-09-16T17:18:51.859635+00:00,kube-system,traefik-9bcdbbd9-dxtcs,1.0,101711872
2026-09-16T17:18:51.859635+00:00,pyroscope,pyroscope-0,6.0,255852544
2026-09-16T17:18:51.859635+00:00,pyroscope,pyroscope-alloy-0,138.0,660602880
2026-09-16T17:19:23.104320+00:00,grove-system,grove-operator-87b5b577-fw5t4,25.0,491782144
2026-09-16T17:19:23.104320+00:00,kai-scheduler,admission-86666f457d-shlf7,1.0,16777216
2026-09-16T17:19:23.104320+00:00,kai-scheduler,kai-operator-69b5d7bcf7-h7kb2,1.0,87031808
2026-09-16T17:19:23.104320+00:00,kai-scheduler,pod-grouper-65456f756-58ckz,1.0,9437184
2026-09-16T17:19:23.104320+00:00,kai-scheduler,podgroup-controller-68f9cc8dbf-g9s2f,1.0,11534336
2026-09-16T17:19:23.104320+00:00,kai-scheduler,queue-controller-f86fcd76c-5pbjz,1.0,11534336
2026-09-16T17:19:23.104320+00:00,kube-system,coredns-8db54c48d-r2b8d,2.0,40894464
2026-09-16T17:19:23.104320+00:00,kube-system,kwok-controller-5cf8c7c44b-9blfc,140.0,93323264
2026-09-16T17:19:23.104320+00:00,kube-system,local-path-provisioner-5d9d9885bc-bpbfb,1.0,14680064
2026-09-16T17:19:23.104320+00:00,kube-system,metrics-server-75dc6f8d87-n5hnd,64.0,272629760
2026-09-16T17:19:23.104320+00:00,kube-system,svclb-traefik-5132867f-lxgnq,0.0,0
2026-09-16T17:19:23.104320+00:00,kube-system,traefik-9bcdbbd9-dxtcs,1.0,101711872
2026-09-16T17:19:23.104320+00:00,pyroscope,pyroscope-0,5.0,257949696
2026-09-16T17:19:23.104320+00:00,pyroscope,pyroscope-alloy-0,126.0,653262848
2026-09-16T17:19:54.362384+00:00,grove-system,grove-operator-87b5b577-fw5t4,39.0,483393536
2026-09-16T17:19:54.362384+00:00,kai-scheduler,admission-86666f457d-shlf7,1.0,16777216
2026-09-16T17:19:54.362384+00:00,kai-scheduler,kai-operator-69b5d7bcf7-h7kb2,3.0,81788928
2026-09-16T17:19:54.362384+00:00,kai-scheduler,pod-grouper-65456f756-58ckz,1.0,9437184
2026-09-16T17:19:54.362384+00:00,kai-scheduler,podgroup-controller-68f9cc8dbf-g9s2f,1.0,11534336
2026-09-16T17:19:54.362384+00:00,kai-scheduler,queue-controller-f86fcd76c-5pbjz,1.0,11534336
2026-09-16T17:19:54.362384+00:00,kube-system,coredns-8db54c48d-r2b8d,2.0,42991616
2026-09-16T17:19:54.362384+00:00,kube-system,kwok-controller-5cf8c7c44b-9blfc,144.0,92274688
2026-09-16T17:19:54.362384+00:00,kube-system,local-path-provisioner-5d9d9885bc-bpbfb,1.0,14680064
2026-09-16T17:19:54.362384+00:00,kube-system,metrics-server-75dc6f8d87-n5hnd,44.0,272629760
2026-09-16T17:19:54.362384+00:00,kube-system,svclb-traefik-5132867f-lxgnq,0.0,0
2026-09-16T17:19:54.362384+00:00,kube-system,traefik-9bcdbbd9-dxtcs,1.0,101711872
2026-09-16T17:19:54.362384+00:00,pyroscope,pyroscope-0,6.0,260046848
2026-09-16T17:19:54.362384+00:00,pyroscope,pyroscope-alloy-0,114.0,663748608
2026-09-16T17:20:25.615686+00:00,grove-system,grove-operator-87b5b577-fw5t4,28.0,484442112
2026-09-16T17:20:25.615686+00:00,kai-scheduler,admission-86666f457d-shlf7,1.0,16777216
2026-09-16T17:20:25.615686+00:00,kai-scheduler,kai-operator-69b5d7bcf7-h7kb2,3.0,82837504
2026-09-16T17:20:25.615686+00:00,kai-scheduler,pod-grouper-65456f756-58ckz,1.0,9437184
2026-09-16T17:20:25.615686+00:00,kai-scheduler,podgroup-controller-68f9cc8dbf-g9s2f,1.0,11534336
2026-09-16T17:20:25.615686+00:00,kai-scheduler,queue-controller-f86fcd76c-5pbjz,1.0,11534336
2026-09-16T17:20:25.615686+00:00,kube-system,coredns-8db54c48d-r2b8d,2.0,41943040
2026-09-16T17:20:25.615686+00:00,kube-system,kwok-controller-5cf8c7c44b-9blfc,143.0,91226112
2026-09-16T17:20:25.615686+00:00,kube-system,local-path-provisioner-5d9d9885bc-bpbfb,1.0,14680064
2026-09-16T17:20:25.615686+00:00,kube-system,metrics-server-75dc6f8d87-n5hnd,47.0,270532608
2026-09-16T17:20:25.615686+00:00,kube-system,svclb-traefik-5132867f-lxgnq,0.0,0
2026-09-16T17:20:25.615686+00:00,kube-system,traefik-9bcdbbd9-dxtcs,3.0,101711872
2026-09-16T17:20:25.615686+00:00,pyroscope,pyroscope-0,6.0,261095424
2026-09-16T17:20:25.615686+00:00,pyroscope,pyroscope-alloy-0,101.0,639631360
2026-09-16T17:20:56.867087+00:00,grove-system,grove-operator-87b5b577-fw5t4,26.0,487587840
2026-09-16T17:20:56.867087+00:00,kai-scheduler,admission-86666f457d-shlf7,1.0,16777216
2026-09-16T17:20:56.867087+00:00,kai-scheduler,kai-operator-69b5d7bcf7-h7kb2,1.0,87031808
2026-09-16T17:20:56.867087+00:00,kai-scheduler,pod-grouper-65456f756-58ckz,1.0,9437184
2026-09-16T17:20:56.867087+00:00,kai-scheduler,podgroup-controller-68f9cc8dbf-g9s2f,1.0,11534336
2026-09-16T17:20:56.867087+00:00,kai-scheduler,queue-controller-f86fcd76c-5pbjz,1.0,11534336
2026-09-16T17:20:56.867087+00:00,kube-system,coredns-8db54c48d-r2b8d,2.0,40894464
2026-09-16T17:20:56.867087+00:00,kube-system,kwok-controller-5cf8c7c44b-9blfc,129.0,91226112
2026-09-16T17:20:56.867087+00:00,kube-system,local-path-provisioner-5d9d9885bc-bpbfb,1.0,14680064
2026-09-16T17:20:56.867087+00:00,kube-system,metrics-server-75dc6f8d87-n5hnd,58.0,271581184
2026-09-16T17:20:56.867087+00:00,kube-system,svclb-traefik-5132867f-lxgnq,0.0,0
2026-09-16T17:20:56.867087+00:00,kube-system,traefik-9bcdbbd9-dxtcs,1.0,101711872
2026-09-16T17:20:56.867087+00:00,pyroscope,pyroscope-0,5.0,261095424
2026-09-16T17:20:56.867087+00:00,pyroscope,pyroscope-alloy-0,129.0,631242752
2026-09-16T17:21:28.114500+00:00,grove-system,grove-operator-87b5b577-fw5t4,28.0,486539264
2026-09-16T17:21:28.114500+00:00,kai-scheduler,admission-86666f457d-shlf7,1.0,16777216
2026-09-16T17:21:28.114500+00:00,kai-scheduler,kai-operator-69b5d7bcf7-h7kb2,1.0,87031808
2026-09-16T17:21:28.114500+00:00,kai-scheduler,pod-grouper-65456f756-58ckz,1.0,9437184
2026-09-16T17:21:28.114500+00:00,kai-scheduler,podgroup-controller-68f9cc8dbf-g9s2f,1.0,11534336
2026-09-16T17:21:28.114500+00:00,kai-scheduler,queue-controller-f86fcd76c-5pbjz,1.0,11534336
2026-09-16T17:21:28.114500+00:00,kube-system,coredns-8db54c48d-r2b8d,2.0,40894464
2026-09-16T17:21:28.114500+00:00,kube-system,kwok-controller-5cf8c7c44b-9blfc,141.0,91226112
2026-09-16T17:21:28.114500+00:00,kube-system,local-path-provisioner-5d9d9885bc-bpbfb,1.0,14680064
2026-09-16T17:21:28.114500+00:00,kube-system,metrics-server-75dc6f8d87-n5hnd,49.0,271581184
2026-09-16T17:21:28.114500+00:00,kube-system,svclb-traefik-5132867f-lxgnq,0.0,0
2026-09-16T17:21:28.114500+00:00,kube-system,traefik-9bcdbbd9-dxtcs,1.0,101711872
2026-09-16T17:21:28.114500+00:00,pyroscope,pyroscope-0,6.0,261095424
2026-09-16T17:21:28.114500+00:00,pyroscope,pyroscope-alloy-0,91.0,625999872
2026-09-16T17:21:59.360763+00:00,grove-system,grove-operator-87b5b577-fw5t4,26.0,491782144
2026-09-16T17:21:59.360763+00:00,kai-scheduler,admission-86666f457d-shlf7,1.0,16777216
2026-09-16T17:21:59.360763+00:00,kai-scheduler,kai-operator-69b5d7bcf7-h7kb2,1.0,87031808
2026-09-16T17:21:59.360763+00:00,kai-scheduler,pod-grouper-65456f756-58ckz,1.0,9437184
2026-09-16T17:21:59.360763+00:00,kai-scheduler,podgroup-controller-68f9cc8dbf-g9s2f,1.0,11534336
2026-09-16T17:21:59.360763+00:00,kai-scheduler,queue-controller-f86fcd76c-5pbjz,1.0,11534336
2026-09-16T17:21:59.360763+00:00,kube-system,coredns-8db54c48d-r2b8d,2.0,40894464
2026-09-16T17:21:59.360763+00:00,kube-system,kwok-controller-5cf8c7c44b-9blfc,135.0,90177536
2026-09-16T17:21:59.360763+00:00,kube-system,local-path-provisioner-5d9d9885bc-bpbfb,1.0,14680064
2026-09-16T17:21:59.360763+00:00,kube-system,metrics-server-75dc6f8d87-n5hnd,42.0,270532608
2026-09-16T17:21:59.360763+00:00,kube-system,svclb-traefik-5132867f-lxgnq,0.0,0
2026-09-16T17:21:59.360763+00:00,kube-system,traefik-9bcdbbd9-dxtcs,2.0,101711872
2026-09-16T17:21:59.360763+00:00,pyroscope,pyroscope-0,6.0,261095424
2026-09-16T17:21:59.360763+00:00,pyroscope,pyroscope-alloy-0,101.0,610271232
2026-09-16T17:22:30.614264+00:00,grove-system,grove-operator-87b5b577-fw5t4,28.0,484442112
2026-09-16T17:22:30.614264+00:00,kai-scheduler,admission-86666f457d-shlf7,1.0,16777216
2026-09-16T17:22:30.614264+00:00,kai-scheduler,kai-operator-69b5d7bcf7-h7kb2,1.0,87031808
2026-09-16T17:22:30.614264+00:00,kai-scheduler,pod-grouper-65456f756-58ckz,1.0,9437184
2026-09-16T17:22:30.614264+00:00,kai-scheduler,podgroup-controller-68f9cc8dbf-g9s2f,1.0,11534336
2026-09-16T17:22:30.614264+00:00,kai-scheduler,queue-controller-f86fcd76c-5pbjz,1.0,11534336
2026-09-16T17:22:30.614264+00:00,kube-system,coredns-8db54c48d-r2b8d,2.0,40894464
2026-09-16T17:22:30.614264+00:00,kube-system,kwok-controller-5cf8c7c44b-9blfc,146.0,90177536
2026-09-16T17:22:30.614264+00:00,kube-system,local-path-provisioner-5d9d9885bc-bpbfb,1.0,14680064
2026-09-16T17:22:30.614264+00:00,kube-system,metrics-server-75dc6f8d87-n5hnd,53.0,271581184
2026-09-16T17:22:30.614264+00:00,kube-system,svclb-traefik-5132867f-lxgnq,0.0,0
2026-09-16T17:22:30.614264+00:00,kube-system,traefik-9bcdbbd9-dxtcs,1.0,101711872
2026-09-16T17:22:30.614264+00:00,pyroscope,pyroscope-0,5.0,261095424
2026-09-16T17:22:30.614264+00:00,pyroscope,pyroscope-alloy-0,101.0,601882624
2026-09-16T17:23:01.866316+00:00,grove-system,grove-operator-87b5b577-fw5t4,39.0,484442112
2026-09-16T17:23:01.866316+00:00,kai-scheduler,admission-86666f457d-shlf7,1.0,16777216
2026-09-16T17:23:01.866316+00:00,kai-scheduler,kai-operator-69b5d7bcf7-h7kb2,4.0,88080384
2026-09-16T17:23:01.866316+00:00,kai-scheduler,kai-scheduler-default-86ccb98bf5-sglz6,112.0,296747008
2026-09-16T17:23:01.866316+00:00,kai-scheduler,pod-grouper-65456f756-58ckz,1.0,9437184
2026-09-16T17:23:01.866316+00:00,kai-scheduler,podgroup-controller-68f9cc8dbf-g9s2f,1.0,11534336
2026-09-16T17:23:01.866316+00:00,kai-scheduler,queue-controller-f86fcd76c-5pbjz,1.0,11534336
2026-09-16T17:23:01.866316+00:00,kube-system,coredns-8db54c48d-r2b8d,2.0,40894464
2026-09-16T17:23:01.866316+00:00,kube-system,kwok-controller-5cf8c7c44b-9blfc,159.0,88080384
2026-09-16T17:23:01.866316+00:00,kube-system,local-path-provisioner-5d9d9885bc-bpbfb,1.0,14680064
2026-09-16T17:23:01.866316+00:00,kube-system,metrics-server-75dc6f8d87-n5hnd,47.0,272629760
2026-09-16T17:23:01.866316+00:00,kube-system,svclb-traefik-5132867f-lxgnq,0.0,0
2026-09-16T17:23:01.866316+00:00,kube-system,traefik-9bcdbbd9-dxtcs,1.0,101711872
2026-09-16T17:23:01.866316+00:00,pyroscope,pyroscope-0,5.0,261095424
2026-09-16T17:23:01.866316+00:00,pyroscope,pyroscope-alloy-0,90.0,598736896
2026-09-16T17:23:33.163184+00:00,grove-system,grove-operator-87b5b577-fw5t4,33.0,486539264
2026-09-16T17:23:33.163184+00:00,kai-scheduler,admission-86666f457d-shlf7,1.0,16777216
2026-09-16T17:23:33.163184+00:00,kai-scheduler,kai-operator-69b5d7bcf7-h7kb2,1.0,88080384
2026-09-16T17:23:33.163184+00:00,kai-scheduler,kai-scheduler-default-86ccb98bf5-sglz6,67.0,264241152
2026-09-16T17:23:33.163184+00:00,kai-scheduler,pod-grouper-65456f756-58ckz,1.0,9437184
2026-09-16T17:23:33.163184+00:00,kai-scheduler,podgroup-controller-68f9cc8dbf-g9s2f,1.0,11534336
2026-09-16T17:23:33.163184+00:00,kai-scheduler,queue-controller-f86fcd76c-5pbjz,1.0,11534336
2026-09-16T17:23:33.163184+00:00,kube-system,coredns-8db54c48d-r2b8d,2.0,40894464
2026-09-16T17:23:33.163184+00:00,kube-system,kwok-controller-5cf8c7c44b-9blfc,139.0,88080384
2026-09-16T17:23:33.163184+00:00,kube-system,local-path-provisioner-5d9d9885bc-bpbfb,1.0,14680064
2026-09-16T17:23:33.163184+00:00,kube-system,metrics-server-75dc6f8d87-n5hnd,42.0,271581184
2026-09-16T17:23:33.163184+00:00,kube-system,svclb-traefik-5132867f-lxgnq,0.0,0
2026-09-16T17:23:33.163184+00:00,kube-system,traefik-9bcdbbd9-dxtcs,1.0,101711872
2026-09-16T17:23:33.163184+00:00,pyroscope,pyroscope-0,5.0,261095424
2026-09-16T17:23:33.163184+00:00,pyroscope,pyroscope-alloy-0,70.0,584056832
2026-09-16T17:24:04.406158+00:00,grove-system,grove-operator-87b5b577-fw5t4,33.0,485490688
2026-09-16T17:24:04.406158+00:00,kai-scheduler,admission-86666f457d-shlf7,1.0,16777216
2026-09-16T17:24:04.406158+00:00,kai-scheduler,kai-operator-69b5d7bcf7-h7kb2,1.0,82837504
2026-09-16T17:24:04.406158+00:00,kai-scheduler,kai-scheduler-default-86ccb98bf5-sglz6,62.0,220200960
2026-09-16T17:24:04.406158+00:00,kai-scheduler,pod-grouper-65456f756-58ckz,1.0,9437184
2026-09-16T17:24:04.406158+00:00,kai-scheduler,podgroup-controller-68f9cc8dbf-g9s2f,1.0,11534336
2026-09-16T17:24:04.406158+00:00,kai-scheduler,queue-controller-f86fcd76c-5pbjz,1.0,11534336
2026-09-16T17:24:04.406158+00:00,kube-system,coredns-8db54c48d-r2b8d,3.0,41943040
2026-09-16T17:24:04.406158+00:00,kube-system,kwok-controller-5cf8c7c44b-9blfc,135.0,87031808
2026-09-16T17:24:04.406158+00:00,kube-system,local-path-provisioner-5d9d9885bc-bpbfb,1.0,14680064
2026-09-16T17:24:04.406158+00:00,kube-system,metrics-server-75dc6f8d87-n5hnd,56.0,271581184
2026-09-16T17:24:04.406158+00:00,kube-system,svclb-traefik-5132867f-lxgnq,0.0,0
2026-09-16T17:24:04.406158+00:00,kube-system,traefik-9bcdbbd9-dxtcs,1.0,101711872
2026-09-16T17:24:04.406158+00:00,pyroscope,pyroscope-0,4.0,261095424
2026-09-16T17:24:04.406158+00:00,pyroscope,pyroscope-alloy-0,83.0,568328192
2026-09-16T17:24:35.650457+00:00,grove-system,grove-operator-87b5b577-fw5t4,33.0,487587840
2026-09-16T17:24:35.650457+00:00,kai-scheduler,admission-86666f457d-shlf7,1.0,16777216
2026-09-16T17:24:35.650457+00:00,kai-scheduler,kai-operator-69b5d7bcf7-h7kb2,1.0,82837504
2026-09-16T17:24:35.650457+00:00,kai-scheduler,kai-scheduler-default-86ccb98bf5-sglz6,55.0,223346688
2026-09-16T17:24:35.650457+00:00,kai-scheduler,pod-grouper-65456f756-58ckz,1.0,9437184
2026-09-16T17:24:35.650457+00:00,kai-scheduler,podgroup-controller-68f9cc8dbf-g9s2f,1.0,11534336
2026-09-16T17:24:35.650457+00:00,kai-scheduler,queue-controller-f86fcd76c-5pbjz,1.0,11534336
2026-09-16T17:24:35.650457+00:00,kube-system,coredns-8db54c48d-r2b8d,2.0,40894464
2026-09-16T17:24:35.650457+00:00,kube-system,kwok-controller-5cf8c7c44b-9blfc,136.0,87031808
2026-09-16T17:24:35.650457+00:00,kube-system,local-path-provisioner-5d9d9885bc-bpbfb,1.0,14680064
2026-09-16T17:24:35.650457+00:00,kube-system,metrics-server-75dc6f8d87-n5hnd,50.0,270532608
2026-09-16T17:24:35.650457+00:00,kube-system,svclb-traefik-5132867f-lxgnq,0.0,0
2026-09-16T17:24:35.650457+00:00,kube-system,traefik-9bcdbbd9-dxtcs,1.0,101711872
2026-09-16T17:24:35.650457+00:00,pyroscope,pyroscope-0,7.0,257949696
2026-09-16T17:24:35.650457+00:00,pyroscope,pyroscope-alloy-0,61.0,569376768
2026-09-16T17:25:06.893945+00:00,grove-system,grove-operator-87b5b577-fw5t4,34.0,483393536
2026-09-16T17:25:06.893945+00:00,kai-scheduler,admission-86666f457d-shlf7,1.0,16777216
2026-09-16T17:25:06.893945+00:00,kai-scheduler,kai-operator-69b5d7bcf7-h7kb2,1.0,82837504
2026-09-16T17:25:06.893945+00:00,kai-scheduler,kai-scheduler-default-86ccb98bf5-sglz6,56.0,209715200
2026-09-16T17:25:06.893945+00:00,kai-scheduler,pod-grouper-65456f756-58ckz,1.0,9437184
2026-09-16T17:25:06.893945+00:00,kai-scheduler,podgroup-controller-68f9cc8dbf-g9s2f,1.0,11534336
2026-09-16T17:25:06.893945+00:00,kai-scheduler,queue-controller-f86fcd76c-5pbjz,1.0,11534336
2026-09-16T17:25:06.893945+00:00,kube-system,coredns-8db54c48d-r2b8d,2.0,40894464
2026-09-16T17:25:06.893945+00:00,kube-system,kwok-controller-5cf8c7c44b-9blfc,140.0,87031808
2026-09-16T17:25:06.893945+00:00,kube-system,local-path-provisioner-5d9d9885bc-bpbfb,1.0,14680064
2026-09-16T17:25:06.893945+00:00,kube-system,metrics-server-75dc6f8d87-n5hnd,66.0,272629760
2026-09-16T17:25:06.893945+00:00,kube-system,svclb-traefik-5132867f-lxgnq,0.0,0
2026-09-16T17:25:06.893945+00:00,kube-system,traefik-9bcdbbd9-dxtcs,1.0,101711872
2026-09-16T17:25:06.893945+00:00,pyroscope,pyroscope-0,6.0,258998272
2026-09-16T17:25:06.893945+00:00,pyroscope,pyroscope-alloy-0,55.0,546308096
2026-09-16T17:25:38.139658+00:00,grove-system,grove-operator-87b5b577-fw5t4,37.0,484442112
2026-09-16T17:25:38.139658+00:00,kai-scheduler,admission-86666f457d-shlf7,1.0,16777216
2026-09-16T17:25:38.139658+00:00,kai-scheduler,kai-operator-69b5d7bcf7-h7kb2,1.0,82837504
2026-09-16T17:25:38.139658+00:00,kai-scheduler,kai-scheduler-default-86ccb98bf5-sglz6,45.0,182452224
2026-09-16T17:25:38.139658+00:00,kai-scheduler,pod-grouper-65456f756-58ckz,1.0,9437184
2026-09-16T17:25:38.139658+00:00,kai-scheduler,podgroup-controller-68f9cc8dbf-g9s2f,1.0,11534336
2026-09-16T17:25:38.139658+00:00,kai-scheduler,queue-controller-f86fcd76c-5pbjz,1.0,11534336
2026-09-16T17:25:38.139658+00:00,kube-system,coredns-8db54c48d-r2b8d,2.0,40894464
2026-09-16T17:25:38.139658+00:00,kube-system,kwok-controller-5cf8c7c44b-9blfc,133.0,87031808
2026-09-16T17:25:38.139658+00:00,kube-system,local-path-provisioner-5d9d9885bc-bpbfb,1.0,14680064
2026-09-16T17:25:38.139658+00:00,kube-system,metrics-server-75dc6f8d87-n5hnd,48.0,272629760
2026-09-16T17:25:38.139658+00:00,kube-system,svclb-traefik-5132867f-lxgnq,0.0,0
2026-09-16T17:25:38.139658+00:00,kube-system,traefik-9bcdbbd9-dxtcs,1.0,101711872
2026-09-16T17:25:38.139658+00:00,pyroscope,pyroscope-0,6.0,260046848
2026-09-16T17:25:38.139658+00:00,pyroscope,pyroscope-alloy-0,47.0,533725184
2026-09-16T17:26:09.385859+00:00,grove-system,grove-operator-87b5b577-fw5t4,33.0,483393536
2026-09-16T17:26:09.385859+00:00,kai-scheduler,admission-86666f457d-shlf7,1.0,16777216
2026-09-16T17:26:09.385859+00:00,kai-scheduler,binder-869fc94c7-l85qn,33.0,84934656
2026-09-16T17:26:09.385859+00:00,kai-scheduler,kai-operator-69b5d7bcf7-h7kb2,1.0,82837504
2026-09-16T17:26:09.385859+00:00,kai-scheduler,kai-scheduler-default-86ccb98bf5-sglz6,41.0,181403648
2026-09-16T17:26:09.385859+00:00,kai-scheduler,pod-grouper-65456f756-58ckz,1.0,9437184
2026-09-16T17:26:09.385859+00:00,kai-scheduler,podgroup-controller-68f9cc8dbf-g9s2f,1.0,11534336
2026-09-16T17:26:09.385859+00:00,kai-scheduler,queue-controller-f86fcd76c-5pbjz,1.0,11534336
2026-09-16T17:26:09.385859+00:00,kube-system,coredns-8db54c48d-r2b8d,3.0,40894464
2026-09-16T17:26:09.385859+00:00,kube-system,kwok-controller-5cf8c7c44b-9blfc,132.0,88080384
2026-09-16T17:26:09.385859+00:00,kube-system,local-path-provisioner-5d9d9885bc-bpbfb,1.0,14680064
2026-09-16T17:26:09.385859+00:00,kube-system,metrics-server-75dc6f8d87-n5hnd,50.0,271581184
2026-09-16T17:26:09.385859+00:00,kube-system,svclb-traefik-5132867f-lxgnq,0.0,0
2026-09-16T17:26:09.385859+00:00,kube-system,traefik-9bcdbbd9-dxtcs,1.0,101711872
2026-09-16T17:26:09.385859+00:00,pyroscope,pyroscope-0,6.0,260046848
2026-09-16T17:26:09.385859+00:00,pyroscope,pyroscope-alloy-0,44.0,526385152
2026-09-16T17:26:40.632075+00:00,grove-system,grove-operator-87b5b577-fw5t4,32.0,482344960
2026-09-16T17:26:40.632075+00:00,kai-scheduler,admission-86666f457d-shlf7,1.0,16777216
2026-09-16T17:26:40.632075+00:00,kai-scheduler,binder-869fc94c7-l85qn,33.0,88080384
2026-09-16T17:26:40.632075+00:00,kai-scheduler,kai-operator-69b5d7bcf7-h7kb2,1.0,82837504
2026-09-16T17:26:40.632075+00:00,kai-scheduler,kai-scheduler-default-86ccb98bf5-sglz6,36.0,180355072
2026-09-16T17:26:40.632075+00:00,kai-scheduler,pod-grouper-65456f756-58ckz,1.0,9437184
2026-09-16T17:26:40.632075+00:00,kai-scheduler,podgroup-controller-68f9cc8dbf-g9s2f,1.0,11534336
2026-09-16T17:26:40.632075+00:00,kai-scheduler,queue-controller-f86fcd76c-5pbjz,1.0,11534336
2026-09-16T17:26:40.632075+00:00,kube-system,coredns-8db54c48d-r2b8d,2.0,41943040
2026-09-16T17:26:40.632075+00:00,kube-system,kwok-controller-5cf8c7c44b-9blfc,130.0,87031808
2026-09-16T17:26:40.632075+00:00,kube-system,local-path-provisioner-5d9d9885bc-bpbfb,1.0,14680064
2026-09-16T17:26:40.632075+00:00,kube-system,metrics-server-75dc6f8d87-n5hnd,40.0,270532608
2026-09-16T17:26:40.632075+00:00,kube-system,svclb-traefik-5132867f-lxgnq,0.0,0
2026-09-16T17:26:40.632075+00:00,kube-system,traefik-9bcdbbd9-dxtcs,1.0,101711872
2026-09-16T17:26:40.632075+00:00,pyroscope,pyroscope-0,6.0,260046848
2026-09-16T17:26:40.632075+00:00,pyroscope,pyroscope-alloy-0,38.0,515899392
2026-09-16T17:27:11.879063+00:00,grove-system,grove-operator-87b5b577-fw5t4,4.0,486539264
2026-09-16T17:27:11.879063+00:00,kai-scheduler,admission-86666f457d-shlf7,1.0,16777216
2026-09-16T17:27:11.879063+00:00,kai-scheduler,binder-869fc94c7-l85qn,34.0,93323264
2026-09-16T17:27:11.879063+00:00,kai-scheduler,kai-operator-69b5d7bcf7-h7kb2,37.0,102760448
2026-09-16T17:27:11.879063+00:00,kai-scheduler,kai-scheduler-default-86ccb98bf5-sglz6,38.0,175112192
2026-09-16T17:27:11.879063+00:00,kai-scheduler,pod-grouper-65456f756-58ckz,1.0,9437184
2026-09-16T17:27:11.879063+00:00,kai-scheduler,podgroup-controller-68f9cc8dbf-g9s2f,1.0,11534336
2026-09-16T17:27:11.879063+00:00,kai-scheduler,queue-controller-f86fcd76c-5pbjz,1.0,11534336
2026-09-16T17:27:11.879063+00:00,kube-system,coredns-8db54c48d-r2b8d,2.0,40894464
2026-09-16T17:27:11.879063+00:00,kube-system,kwok-controller-5cf8c7c44b-9blfc,105.0,84934656
2026-09-16T17:27:11.879063+00:00,kube-system,local-path-provisioner-5d9d9885bc-bpbfb,1.0,14680064
2026-09-16T17:27:11.879063+00:00,kube-system,metrics-server-75dc6f8d87-n5hnd,53.0,270532608
2026-09-16T17:27:11.879063+00:00,kube-system,svclb-traefik-5132867f-lxgnq,0.0,0
2026-09-16T17:27:11.879063+00:00,kube-system,traefik-9bcdbbd9-dxtcs,49.0,118489088
2026-09-16T17:27:11.879063+00:00,pyroscope,pyroscope-0,5.0,272629760
2026-09-16T17:27:11.879063+00:00,pyroscope,pyroscope-alloy-0,6.0,500170752
2026-09-16T17:27:43.161001+00:00,grove-system,grove-operator-87b5b577-fw5t4,327.0,500170752
2026-09-16T17:27:43.161001+00:00,kai-scheduler,admission-86666f457d-shlf7,1.0,16777216
2026-09-16T17:27:43.161001+00:00,kai-scheduler,binder-869fc94c7-l85qn,27.0,91226112
2026-09-16T17:27:43.161001+00:00,kai-scheduler,kai-operator-69b5d7bcf7-h7kb2,28.0,102760448
2026-09-16T17:27:43.161001+00:00,kai-scheduler,kai-scheduler-default-86ccb98bf5-sglz6,35.0,176160768
2026-09-16T17:27:43.161001+00:00,kai-scheduler,pod-grouper-65456f756-58ckz,1.0,9437184
2026-09-16T17:27:43.161001+00:00,kai-scheduler,podgroup-controller-68f9cc8dbf-g9s2f,1.0,11534336
2026-09-16T17:27:43.161001+00:00,kai-scheduler,queue-controller-f86fcd76c-5pbjz,1.0,11534336
2026-09-16T17:27:43.161001+00:00,kube-system,coredns-8db54c48d-r2b8d,2.0,40894464
2026-09-16T17:27:43.161001+00:00,kube-system,kwok-controller-5cf8c7c44b-9blfc,99.0,84934656
2026-09-16T17:27:43.161001+00:00,kube-system,local-path-provisioner-5d9d9885bc-bpbfb,1.0,14680064
2026-09-16T17:27:43.161001+00:00,kube-system,metrics-server-75dc6f8d87-n5hnd,42.0,269484032
2026-09-16T17:27:43.161001+00:00,kube-system,svclb-traefik-5132867f-lxgnq,0.0,0
2026-09-16T17:27:43.161001+00:00,kube-system,traefik-9bcdbbd9-dxtcs,37.0,117440512
2026-09-16T17:27:43.161001+00:00,pyroscope,pyroscope-0,5.0,258998272
2026-09-16T17:27:43.161001+00:00,pyroscope,pyroscope-alloy-0,11.0,459276288
2026-09-16T17:28:14.418874+00:00,grove-system,grove-operator-87b5b577-fw5t4,972.0,588251136
2026-09-16T17:28:14.418874+00:00,kai-scheduler,admission-86666f457d-shlf7,1.0,16777216
2026-09-16T17:28:14.418874+00:00,kai-scheduler,binder-869fc94c7-l85qn,86.0,163577856
2026-09-16T17:28:14.418874+00:00,kai-scheduler,kai-operator-69b5d7bcf7-h7kb2,8.0,101711872
2026-09-16T17:28:14.418874+00:00,kai-scheduler,kai-scheduler-default-86ccb98bf5-sglz6,75.0,189792256
2026-09-16T17:28:14.418874+00:00,kai-scheduler,pod-grouper-65456f756-58ckz,1.0,9437184
2026-09-16T17:28:14.418874+00:00,kai-scheduler,podgroup-controller-68f9cc8dbf-g9s2f,1.0,11534336
2026-09-16T17:28:14.418874+00:00,kai-scheduler,queue-controller-f86fcd76c-5pbjz,1.0,11534336
2026-09-16T17:28:14.418874+00:00,kube-system,coredns-8db54c48d-r2b8d,2.0,41943040
2026-09-16T17:28:14.418874+00:00,kube-system,kwok-controller-5cf8c7c44b-9blfc,99.0,84934656
2026-09-16T17:28:14.418874+00:00,kube-system,local-path-provisioner-5d9d9885bc-bpbfb,1.0,14680064
2026-09-16T17:28:14.418874+00:00,kube-system,metrics-server-75dc6f8d87-n5hnd,41.0,272629760
2026-09-16T17:28:14.418874+00:00,kube-system,svclb-traefik-5132867f-lxgnq,0.0,0
2026-09-16T17:28:14.418874+00:00,kube-system,traefik-9bcdbbd9-dxtcs,9.0,117440512
2026-09-16T17:28:14.418874+00:00,pyroscope,pyroscope-0,7.0,254803968
2026-09-16T17:28:14.418874+00:00,pyroscope,pyroscope-alloy-0,64.0,481296384
2026-09-16T17:28:45.686250+00:00,grove-system,grove-operator-87b5b577-fw5t4,2534.0,610271232
2026-09-16T17:28:45.686250+00:00,kai-scheduler,admission-86666f457d-shlf7,1.0,16777216
2026-09-16T17:28:45.686250+00:00,kai-scheduler,kai-operator-69b5d7bcf7-h7kb2,5.0,100663296
2026-09-16T17:28:45.686250+00:00,kai-scheduler,kai-scheduler-default-86ccb98bf5-sglz6,87.0,262144000
2026-09-16T17:28:45.686250+00:00,kai-scheduler,pod-grouper-65456f756-58ckz,1.0,9437184
2026-09-16T17:28:45.686250+00:00,kai-scheduler,podgroup-controller-68f9cc8dbf-g9s2f,1.0,11534336
2026-09-16T17:28:45.686250+00:00,kai-scheduler,queue-controller-f86fcd76c-5pbjz,1.0,11534336
2026-09-16T17:28:45.686250+00:00,kube-system,coredns-8db54c48d-r2b8d,4.0,41943040
2026-09-16T17:28:45.686250+00:00,kube-system,kwok-controller-5cf8c7c44b-9blfc,237.0,88080384
2026-09-16T17:28:45.686250+00:00,kube-system,local-path-provisioner-5d9d9885bc-bpbfb,1.0,14680064
2026-09-16T17:28:45.686250+00:00,kube-system,metrics-server-75dc6f8d87-n5hnd,44.0,276824064
2026-09-16T17:28:45.686250+00:00,kube-system,svclb-traefik-5132867f-lxgnq,0.0,0
2026-09-16T17:28:45.686250+00:00,kube-system,traefik-9bcdbbd9-dxtcs,16.0,123731968
2026-09-16T17:28:45.686250+00:00,pyroscope,pyroscope-0,11.0,265289728
2026-09-16T17:28:45.686250+00:00,pyroscope,pyroscope-alloy-0,103.0,536870912
2026-09-16T17:29:16.992002+00:00,grove-system,grove-operator-87b5b577-fw5t4,1150.0,616562688
2026-09-16T17:29:16.992002+00:00,kai-scheduler,admission-86666f457d-shlf7,1.0,16777216
2026-09-16T17:29:16.992002+00:00,kai-scheduler,kai-operator-69b5d7bcf7-h7kb2,1.0,100663296
2026-09-16T17:29:16.992002+00:00,kai-scheduler,kai-scheduler-default-86ccb98bf5-sglz6,151.0,358612992
2026-09-16T17:29:16.992002+00:00,kai-scheduler,pod-grouper-65456f756-58ckz,1.0,9437184
2026-09-16T17:29:16.992002+00:00,kai-scheduler,podgroup-controller-68f9cc8dbf-g9s2f,1.0,11534336
2026-09-16T17:29:16.992002+00:00,kai-scheduler,queue-controller-f86fcd76c-5pbjz,1.0,11534336
2026-09-16T17:29:16.992002+00:00,kube-system,coredns-8db54c48d-r2b8d,15.0,46137344
2026-09-16T17:29:16.992002+00:00,kube-system,kwok-controller-5cf8c7c44b-9blfc,322.0,87031808
2026-09-16T17:29:16.992002+00:00,kube-system,local-path-provisioner-5d9d9885bc-bpbfb,1.0,14680064
2026-09-16T17:29:16.992002+00:00,kube-system,metrics-server-75dc6f8d87-n5hnd,71.0,286261248
2026-09-16T17:29:16.992002+00:00,kube-system,svclb-traefik-5132867f-lxgnq,0.0,0
2026-09-16T17:29:16.992002+00:00,kube-system,traefik-9bcdbbd9-dxtcs,21.0,126877696
2026-09-16T17:29:16.992002+00:00,pyroscope,pyroscope-0,7.0,265289728
2026-09-16T17:29:16.992002+00:00,pyroscope,pyroscope-alloy-0,142.0,575668224
2026-09-16T17:29:48.260057+00:00,grove-system,grove-operator-87b5b577-fw5t4,2361.0,619708416
2026-09-16T17:29:48.260057+00:00,kai-scheduler,admission-86666f457d-shlf7,1.0,16777216
2026-09-16T17:29:48.260057+00:00,kai-scheduler,kai-operator-69b5d7bcf7-h7kb2,1.0,100663296
2026-09-16T17:29:48.260057+00:00,kai-scheduler,kai-scheduler-default-86ccb98bf5-sglz6,116.0,400556032
2026-09-16T17:29:48.260057+00:00,kai-scheduler,pod-grouper-65456f756-58ckz,1.0,9437184
2026-09-16T17:29:48.260057+00:00,kai-scheduler,podgroup-controller-68f9cc8dbf-g9s2f,1.0,11534336
2026-09-16T17:29:48.260057+00:00,kai-scheduler,queue-controller-f86fcd76c-5pbjz,1.0,11534336
2026-09-16T17:29:48.260057+00:00,kube-system,coredns-8db54c48d-r2b8d,15.0,47185920
2026-09-16T17:29:48.260057+00:00,kube-system,kwok-controller-5cf8c7c44b-9blfc,429.0,90177536
2026-09-16T17:29:48.260057+00:00,kube-system,local-path-provisioner-5d9d9885bc-bpbfb,1.0,14680064
2026-09-16T17:29:48.260057+00:00,kube-system,metrics-server-75dc6f8d87-n5hnd,59.0,289406976
2026-09-16T17:29:48.260057+00:00,kube-system,svclb-traefik-5132867f-lxgnq,0.0,0
2026-09-16T17:29:48.260057+00:00,kube-system,traefik-9bcdbbd9-dxtcs,22.0,126877696
2026-09-16T17:29:48.260057+00:00,pyroscope,pyroscope-0,8.0,257949696
2026-09-16T17:29:48.260057+00:00,pyroscope,pyroscope-alloy-0,132.0,601882624
2026-09-16T17:30:19.578984+00:00,grove-system,grove-operator-87b5b577-fw5t4,2398.0,620756992
2026-09-16T17:30:19.578984+00:00,kai-scheduler,admission-86666f457d-shlf7,1.0,16777216
2026-09-16T17:30:19.578984+00:00,kai-scheduler,kai-operator-69b5d7bcf7-h7kb2,1.0,100663296
2026-09-16T17:30:19.578984+00:00,kai-scheduler,kai-scheduler-default-86ccb98bf5-sglz6,126.0,441450496
2026-09-16T17:30:19.578984+00:00,kai-scheduler,pod-grouper-65456f756-58ckz,1.0,9437184
2026-09-16T17:30:19.578984+00:00,kai-scheduler,podgroup-controller-68f9cc8dbf-g9s2f,1.0,11534336
2026-09-16T17:30:19.578984+00:00,kai-scheduler,queue-controller-f86fcd76c-5pbjz,1.0,11534336
2026-09-16T17:30:19.578984+00:00,kube-system,coredns-8db54c48d-r2b8d,15.0,49283072
2026-09-16T17:30:19.578984+00:00,kube-system,kwok-controller-5cf8c7c44b-9blfc,227.0,90177536
2026-09-16T17:30:19.578984+00:00,kube-system,local-path-provisioner-5d9d9885bc-bpbfb,1.0,14680064
2026-09-16T17:30:19.578984+00:00,kube-system,metrics-server-75dc6f8d87-n5hnd,48.0,292552704
2026-09-16T17:30:19.578984+00:00,kube-system,svclb-traefik-5132867f-lxgnq,0.0,0
2026-09-16T17:30:19.578984+00:00,kube-system,traefik-9bcdbbd9-dxtcs,21.0,130023424
2026-09-16T17:30:19.578984+00:00,pyroscope,pyroscope-0,9.0,254803968
2026-09-16T17:30:19.578984+00:00,pyroscope,pyroscope-alloy-0,130.0,617611264
2026-09-16T17:30:50.847730+00:00,grove-system,grove-operator-87b5b577-fw5t4,708.0,697303040
2026-09-16T17:30:50.847730+00:00,kai-scheduler,admission-86666f457d-shlf7,1.0,16777216
2026-09-16T17:30:50.847730+00:00,kai-scheduler,kai-operator-69b5d7bcf7-h7kb2,3.0,81788928
2026-09-16T17:30:50.847730+00:00,kai-scheduler,kai-scheduler-default-86ccb98bf5-sglz6,139.0,465567744
2026-09-16T17:30:50.847730+00:00,kai-scheduler,pod-grouper-65456f756-58ckz,1.0,9437184
2026-09-16T17:30:50.847730+00:00,kai-scheduler,podgroup-controller-68f9cc8dbf-g9s2f,1.0,11534336
2026-09-16T17:30:50.847730+00:00,kai-scheduler,queue-controller-f86fcd76c-5pbjz,1.0,11534336
2026-09-16T17:30:50.847730+00:00,kube-system,coredns-8db54c48d-r2b8d,2.0,49283072
2026-09-16T17:30:50.847730+00:00,kube-system,kwok-controller-5cf8c7c44b-9blfc,94.0,90177536
2026-09-16T17:30:50.847730+00:00,kube-system,local-path-provisioner-5d9d9885bc-bpbfb,1.0,14680064
2026-09-16T17:30:50.847730+00:00,kube-system,metrics-server-75dc6f8d87-n5hnd,35.0,297795584
2026-09-16T17:30:50.847730+00:00,kube-system,svclb-traefik-5132867f-lxgnq,0.0,0
2026-09-16T17:30:50.847730+00:00,kube-system,traefik-9bcdbbd9-dxtcs,1.0,130023424
2026-09-16T17:30:50.847730+00:00,pyroscope,pyroscope-0,5.0,268435456
2026-09-16T17:30:50.847730+00:00,pyroscope,pyroscope-alloy-0,139.0,657457152
2026-09-16T17:31:22.129704+00:00,grove-system,grove-operator-87b5b577-fw5t4,2363.0,742391808
2026-09-16T17:31:22.129704+00:00,kai-scheduler,admission-86666f457d-shlf7,1.0,16777216
2026-09-16T17:31:22.129704+00:00,kai-scheduler,kai-operator-69b5d7bcf7-h7kb2,1.0,81788928
2026-09-16T17:31:22.129704+00:00,kai-scheduler,pod-grouper-65456f756-58ckz,1.0,9437184
2026-09-16T17:31:22.129704+00:00,kai-scheduler,podgroup-controller-68f9cc8dbf-g9s2f,1.0,11534336
2026-09-16T17:31:22.129704+00:00,kai-scheduler,queue-controller-f86fcd76c-5pbjz,1.0,11534336
2026-09-16T17:31:22.129704+00:00,kube-system,coredns-8db54c48d-r2b8d,7.0,49283072
2026-09-16T17:31:22.129704+00:00,kube-system,kwok-controller-5cf8c7c44b-9blfc,125.0,94371840
2026-09-16T17:31:22.129704+00:00,kube-system,local-path-provisioner-5d9d9885bc-bpbfb,1.0,14680064
2026-09-16T17:31:22.129704+00:00,kube-system,metrics-server-75dc6f8d87-n5hnd,37.0,312475648
2026-09-16T17:31:22.129704+00:00,kube-system,svclb-traefik-5132867f-lxgnq,0.0,0
2026-09-16T17:31:22.129704+00:00,kube-system,traefik-9bcdbbd9-dxtcs,5.0,131072000
2026-09-16T17:31:22.129704+00:00,pyroscope,pyroscope-0,10.0,266338304
2026-09-16T17:31:22.129704+00:00,pyroscope,pyroscope-alloy-0,173.0,722468864
2026-09-16T17:31:53.407273+00:00,grove-system,grove-operator-87b5b577-fw5t4,1138.0,747634688
2026-09-16T17:31:53.407273+00:00,kai-scheduler,admission-86666f457d-shlf7,1.0,16777216
2026-09-16T17:31:53.407273+00:00,kai-scheduler,kai-operator-69b5d7bcf7-h7kb2,1.0,81788928
2026-09-16T17:31:53.407273+00:00,kai-scheduler,pod-grouper-65456f756-58ckz,1.0,9437184
2026-09-16T17:31:53.407273+00:00,kai-scheduler,podgroup-controller-68f9cc8dbf-g9s2f,1.0,11534336
2026-09-16T17:31:53.407273+00:00,kai-scheduler,queue-controller-f86fcd76c-5pbjz,1.0,11534336
2026-09-16T17:31:53.407273+00:00,kube-system,coredns-8db54c48d-r2b8d,15.0,50331648
2026-09-16T17:31:53.407273+00:00,kube-system,kwok-controller-5cf8c7c44b-9blfc,320.0,91226112
2026-09-16T17:31:53.407273+00:00,kube-system,local-path-provisioner-5d9d9885bc-bpbfb,1.0,14680064
2026-09-16T17:31:53.407273+00:00,kube-system,metrics-server-75dc6f8d87-n5hnd,78.0,317718528
2026-09-16T17:31:53.407273+00:00,kube-system,svclb-traefik-5132867f-lxgnq,0.0,0
2026-09-16T17:31:53.407273+00:00,kube-system,traefik-9bcdbbd9-dxtcs,23.0,135266304
2026-09-16T17:31:53.407273+00:00,pyroscope,pyroscope-0,7.0,266338304
2026-09-16T17:31:53.407273+00:00,pyroscope,pyroscope-alloy-0,216.0,767557632
2026-09-16T17:32:24.683317+00:00,grove-system,grove-operator-87b5b577-fw5t4,2613.0,762314752
2026-09-16T17:32:24.683317+00:00,kai-scheduler,admission-86666f457d-shlf7,1.0,16777216
2026-09-16T17:32:24.683317+00:00,kai-scheduler,kai-operator-69b5d7bcf7-h7kb2,1.0,81788928
2026-09-16T17:32:24.683317+00:00,kai-scheduler,pod-grouper-65456f756-58ckz,1.0,9437184
2026-09-16T17:32:24.683317+00:00,kai-scheduler,podgroup-controller-68f9cc8dbf-g9s2f,1.0,11534336
2026-09-16T17:32:24.683317+00:00,kai-scheduler,queue-controller-f86fcd76c-5pbjz,1.0,11534336
2026-09-16T17:32:24.683317+00:00,kube-system,coredns-8db54c48d-r2b8d,16.0,52428800
2026-09-16T17:32:24.683317+00:00,kube-system,kwok-controller-5cf8c7c44b-9blfc,352.0,92274688
2026-09-16T17:32:24.683317+00:00,kube-system,local-path-provisioner-5d9d9885bc-bpbfb,1.0,14680064
2026-09-16T17:32:24.683317+00:00,kube-system,metrics-server-75dc6f8d87-n5hnd,61.0,321912832
2026-09-16T17:32:24.683317+00:00,kube-system,svclb-traefik-5132867f-lxgnq,0.0,0
2026-09-16T17:32:24.683317+00:00,kube-system,traefik-9bcdbbd9-dxtcs,25.0,140509184
2026-09-16T17:32:24.683317+00:00,pyroscope,pyroscope-0,8.0,270532608
2026-09-16T17:32:24.683317+00:00,pyroscope,pyroscope-alloy-0,201.0,806354944
2026-09-16T17:32:55.934486+00:00,grove-system,grove-operator-87b5b577-fw5t4,2611.0,761266176
2026-09-16T17:32:55.934486+00:00,kai-scheduler,admission-86666f457d-shlf7,1.0,16777216
2026-09-16T17:32:55.934486+00:00,kai-scheduler,kai-operator-69b5d7bcf7-h7kb2,4.0,80740352
2026-09-16T17:32:55.934486+00:00,kai-scheduler,pod-grouper-65456f756-58ckz,1.0,9437184
2026-09-16T17:32:55.934486+00:00,kai-scheduler,podgroup-controller-68f9cc8dbf-g9s2f,1.0,11534336
2026-09-16T17:32:55.934486+00:00,kai-scheduler,queue-controller-f86fcd76c-5pbjz,1.0,11534336
2026-09-16T17:32:55.934486+00:00,kube-system,coredns-8db54c48d-r2b8d,15.0,53477376
2026-09-16T17:32:55.934486+00:00,kube-system,kwok-controller-5cf8c7c44b-9blfc,315.0,93323264
2026-09-16T17:32:55.934486+00:00,kube-system,local-path-provisioner-5d9d9885bc-bpbfb,1.0,14680064
2026-09-16T17:32:55.934486+00:00,kube-system,metrics-server-75dc6f8d87-n5hnd,91.0,344981504
2026-09-16T17:32:55.934486+00:00,kube-system,svclb-traefik-5132867f-lxgnq,0.0,0
2026-09-16T17:32:55.934486+00:00,kube-system,traefik-9bcdbbd9-dxtcs,21.0,140509184
2026-09-16T17:32:55.934486+00:00,pyroscope,pyroscope-0,7.0,269484032
2026-09-16T17:32:55.934486+00:00,pyroscope,pyroscope-alloy-0,253.0,807403520
2026-09-16T17:33:27.178112+00:00,grove-system,grove-operator-87b5b577-fw5t4,53.0,775946240
2026-09-16T17:33:27.178112+00:00,kai-scheduler,admission-86666f457d-shlf7,1.0,16777216
2026-09-16T17:33:27.178112+00:00,kai-scheduler,kai-operator-69b5d7bcf7-h7kb2,3.0,81788928
2026-09-16T17:33:27.178112+00:00,kai-scheduler,pod-grouper-65456f756-58ckz,1.0,9437184
2026-09-16T17:33:27.178112+00:00,kai-scheduler,podgroup-controller-68f9cc8dbf-g9s2f,1.0,11534336
2026-09-16T17:33:27.178112+00:00,kai-scheduler,queue-controller-f86fcd76c-5pbjz,1.0,11534336
2026-09-16T17:33:27.178112+00:00,kube-system,coredns-8db54c48d-r2b8d,2.0,53477376
2026-09-16T17:33:27.178112+00:00,kube-system,kwok-controller-5cf8c7c44b-9blfc,89.0,94371840
2026-09-16T17:33:27.178112+00:00,kube-system,local-path-provisioner-5d9d9885bc-bpbfb,1.0,14680064
2026-09-16T17:33:27.178112+00:00,kube-system,metrics-server-75dc6f8d87-n5hnd,28.0,343932928
2026-09-16T17:33:27.178112+00:00,kube-system,svclb-traefik-5132867f-lxgnq,0.0,0
2026-09-16T17:33:27.178112+00:00,kube-system,traefik-9bcdbbd9-dxtcs,1.0,141557760
2026-09-16T17:33:27.178112+00:00,pyroscope,pyroscope-0,6.0,283115520
2026-09-16T17:33:27.178112+00:00,pyroscope,pyroscope-alloy-0,37.0,815792128
2026-09-16T17:33:58.421935+00:00,grove-system,grove-operator-87b5b577-fw5t4,26.0,775946240
2026-09-16T17:33:58.421935+00:00,kai-scheduler,admission-86666f457d-shlf7,1.0,16777216
2026-09-16T17:33:58.421935+00:00,kai-scheduler,kai-operator-69b5d7bcf7-h7kb2,13.0,95420416
2026-09-16T17:33:58.421935+00:00,kai-scheduler,pod-grouper-65456f756-58ckz,1.0,9437184
2026-09-16T17:33:58.421935+00:00,kai-scheduler,podgroup-controller-68f9cc8dbf-g9s2f,1.0,11534336
2026-09-16T17:33:58.421935+00:00,kai-scheduler,queue-controller-f86fcd76c-5pbjz,1.0,11534336
2026-09-16T17:33:58.421935+00:00,kube-system,coredns-8db54c48d-r2b8d,2.0,52428800
2026-09-16T17:33:58.421935+00:00,kube-system,kwok-controller-5cf8c7c44b-9blfc,90.0,95420416
2026-09-16T17:33:58.421935+00:00,kube-system,local-path-provisioner-5d9d9885bc-bpbfb,1.0,14680064
2026-09-16T17:33:58.421935+00:00,kube-system,metrics-server-75dc6f8d87-n5hnd,26.0,347078656
2026-09-16T17:33:58.421935+00:00,kube-system,svclb-traefik-5132867f-lxgnq,0.0,0
2026-09-16T17:33:58.421935+00:00,kube-system,traefik-9bcdbbd9-dxtcs,2.0,141557760
2026-09-16T17:33:58.421935+00:00,pyroscope,pyroscope-0,4.0,263192576
2026-09-16T17:33:58.421935+00:00,pyroscope,pyroscope-alloy-0,153.0,856686592
2026-09-16T17:34:29.667154+00:00,grove-system,grove-operator-87b5b577-fw5t4,100.0,779091968
2026-09-16T17:34:29.667154+00:00,kai-scheduler,admission-86666f457d-shlf7,1.0,16777216
2026-09-16T17:34:29.667154+00:00,kai-scheduler,kai-operator-69b5d7bcf7-h7kb2,1.0,91226112
2026-09-16T17:34:29.667154+00:00,kai-scheduler,pod-grouper-65456f756-58ckz,1.0,9437184
2026-09-16T17:34:29.667154+00:00,kai-scheduler,podgroup-controller-68f9cc8dbf-g9s2f,1.0,11534336
2026-09-16T17:34:29.667154+00:00,kai-scheduler,queue-controller-f86fcd76c-5pbjz,1.0,11534336
2026-09-16T17:34:29.667154+00:00,kube-system,coredns-8db54c48d-r2b8d,3.0,54525952
2026-09-16T17:34:29.667154+00:00,kube-system,kwok-controller-5cf8c7c44b-9blfc,83.0,94371840
2026-09-16T17:34:29.667154+00:00,kube-system,local-path-provisioner-5d9d9885bc-bpbfb,1.0,14680064
2026-09-16T17:34:29.667154+00:00,kube-system,metrics-server-75dc6f8d87-n5hnd,38.0,360710144
2026-09-16T17:34:29.667154+00:00,kube-system,svclb-traefik-5132867f-lxgnq,0.0,0
2026-09-16T17:34:29.667154+00:00,kube-system,traefik-9bcdbbd9-dxtcs,1.0,141557760
2026-09-16T17:34:29.667154+00:00,pyroscope,pyroscope-0,7.0,264241152
2026-09-16T17:34:29.667154+00:00,pyroscope,pyroscope-alloy-0,4.0,854589440
2026-09-16T17:35:00.910179+00:00,grove-system,grove-operator-87b5b577-fw5t4,85.0,776994816
2026-09-16T17:35:00.910179+00:00,kai-scheduler,admission-86666f457d-shlf7,1.0,16777216
2026-09-16T17:35:00.910179+00:00,kai-scheduler,kai-operator-69b5d7bcf7-h7kb2,1.0,91226112
2026-09-16T17:35:00.910179+00:00,kai-scheduler,pod-grouper-65456f756-58ckz,1.0,9437184
2026-09-16T17:35:00.910179+00:00,kai-scheduler,podgroup-controller-68f9cc8dbf-g9s2f,1.0,11534336
2026-09-16T17:35:00.910179+00:00,kai-scheduler,queue-controller-f86fcd76c-5pbjz,1.0,11534336
2026-09-16T17:35:00.910179+00:00,kube-system,coredns-8db54c48d-r2b8d,2.0,53477376
2026-09-16T17:35:00.910179+00:00,kube-system,kwok-controller-5cf8c7c44b-9blfc,80.0,94371840
2026-09-16T17:35:00.910179+00:00,kube-system,local-path-provisioner-5d9d9885bc-bpbfb,1.0,14680064
2026-09-16T17:35:00.910179+00:00,kube-system,metrics-server-75dc6f8d87-n5hnd,29.0,360710144
2026-09-16T17:35:00.910179+00:00,kube-system,svclb-traefik-5132867f-lxgnq,0.0,0
2026-09-16T17:35:00.910179+00:00,kube-system,traefik-9bcdbbd9-dxtcs,5.0,125829120
2026-09-16T17:35:00.910179+00:00,pyroscope,pyroscope-0,5.0,264241152
2026-09-16T17:35:00.910179+00:00,pyroscope,pyroscope-alloy-0,6.0,855638016
2026-09-16T17:35:32.163313+00:00,grove-system,grove-operator-87b5b577-fw5t4,66.0,775946240
2026-09-16T17:35:32.163313+00:00,kai-scheduler,admission-86666f457d-shlf7,1.0,16777216
2026-09-16T17:35:32.163313+00:00,kai-scheduler,kai-operator-69b5d7bcf7-h7kb2,1.0,91226112
2026-09-16T17:35:32.163313+00:00,kai-scheduler,pod-grouper-65456f756-58ckz,1.0,9437184
2026-09-16T17:35:32.163313+00:00,kai-scheduler,podgroup-controller-68f9cc8dbf-g9s2f,1.0,11534336
2026-09-16T17:35:32.163313+00:00,kai-scheduler,queue-controller-f86fcd76c-5pbjz,1.0,11534336
2026-09-16T17:35:32.163313+00:00,kube-system,coredns-8db54c48d-r2b8d,2.0,53477376
2026-09-16T17:35:32.163313+00:00,kube-system,kwok-controller-5cf8c7c44b-9blfc,147.0,95420416
2026-09-16T17:35:32.163313+00:00,kube-system,local-path-provisioner-5d9d9885bc-bpbfb,1.0,14680064
2026-09-16T17:35:32.163313+00:00,kube-system,metrics-server-75dc6f8d87-n5hnd,40.0,360710144
2026-09-16T17:35:32.163313+00:00,kube-system,svclb-traefik-5132867f-lxgnq,0.0,0
2026-09-16T17:35:32.163313+00:00,kube-system,traefik-9bcdbbd9-dxtcs,1.0,125829120
2026-09-16T17:35:32.163313+00:00,pyroscope,pyroscope-0,6.0,262144000
2026-09-16T17:35:32.163313+00:00,pyroscope,pyroscope-alloy-0,176.0,847249408
2026-09-16T17:36:03.409881+00:00,grove-system,grove-operator-87b5b577-fw5t4,76.0,766509056
2026-09-16T17:36:03.409881+00:00,kai-scheduler,admission-86666f457d-shlf7,1.0,16777216
2026-09-16T17:36:03.409881+00:00,kai-scheduler,kai-operator-69b5d7bcf7-h7kb2,1.0,92274688
2026-09-16T17:36:03.409881+00:00,kai-scheduler,pod-grouper-65456f756-58ckz,1.0,9437184
2026-09-16T17:36:03.409881+00:00,kai-scheduler,podgroup-controller-68f9cc8dbf-g9s2f,1.0,11534336
2026-09-16T17:36:03.409881+00:00,kai-scheduler,queue-controller-f86fcd76c-5pbjz,1.0,11534336
2026-09-16T17:36:03.409881+00:00,kube-system,coredns-8db54c48d-r2b8d,3.0,52428800
2026-09-16T17:36:03.409881+00:00,kube-system,kwok-controller-5cf8c7c44b-9blfc,737.0,106954752
2026-09-16T17:36:03.409881+00:00,kube-system,local-path-provisioner-5d9d9885bc-bpbfb,1.0,14680064
2026-09-16T17:36:03.409881+00:00,kube-system,metrics-server-75dc6f8d87-n5hnd,29.0,360710144
2026-09-16T17:36:03.409881+00:00,kube-system,svclb-traefik-5132867f-lxgnq,0.0,0
2026-09-16T17:36:03.409881+00:00,kube-system,traefik-9bcdbbd9-dxtcs,2.0,127926272
2026-09-16T17:36:03.409881+00:00,pyroscope,pyroscope-0,5.0,262144000
2026-09-16T17:36:03.409881+00:00,pyroscope,pyroscope-alloy-0,4.0,846200832
2026-09-16T17:36:34.653390+00:00,grove-system,grove-operator-87b5b577-fw5t4,49.0,763363328
2026-09-16T17:36:34.653390+00:00,kai-scheduler,admission-86666f457d-shlf7,1.0,16777216
2026-09-16T17:36:34.653390+00:00,kai-scheduler,kai-operator-69b5d7bcf7-h7kb2,1.0,92274688
2026-09-16T17:36:34.653390+00:00,kai-scheduler,pod-grouper-65456f756-58ckz,1.0,9437184
2026-09-16T17:36:34.653390+00:00,kai-scheduler,podgroup-controller-68f9cc8dbf-g9s2f,1.0,11534336
2026-09-16T17:36:34.653390+00:00,kai-scheduler,queue-controller-f86fcd76c-5pbjz,1.0,11534336
2026-09-16T17:36:34.653390+00:00,kube-system,coredns-8db54c48d-r2b8d,2.0,50331648
2026-09-16T17:36:34.653390+00:00,kube-system,kwok-controller-5cf8c7c44b-9blfc,111.0,97517568
2026-09-16T17:36:34.653390+00:00,kube-system,local-path-provisioner-5d9d9885bc-bpbfb,1.0,14680064
2026-09-16T17:36:34.653390+00:00,kube-system,metrics-server-75dc6f8d87-n5hnd,33.0,364904448
2026-09-16T17:36:34.653390+00:00,kube-system,svclb-traefik-5132867f-lxgnq,0.0,0
2026-09-16T17:36:34.653390+00:00,kube-system,traefik-9bcdbbd9-dxtcs,2.0,125829120
2026-09-16T17:36:34.653390+00:00,pyroscope,pyroscope-0,5.0,266338304
2026-09-16T17:36:34.653390+00:00,pyroscope,pyroscope-alloy-0,94.0,849346560
2026-09-16T17:37:05.898341+00:00,grove-system,grove-operator-87b5b577-fw5t4,28.0,763363328
2026-09-16T17:37:05.898341+00:00,kai-scheduler,admission-86666f457d-shlf7,1.0,16777216
2026-09-16T17:37:05.898341+00:00,kai-scheduler,kai-operator-69b5d7bcf7-h7kb2,3.0,92274688
2026-09-16T17:37:05.898341+00:00,kai-scheduler,pod-grouper-65456f756-58ckz,1.0,9437184
2026-09-16T17:37:05.898341+00:00,kai-scheduler,podgroup-controller-68f9cc8dbf-g9s2f,1.0,11534336
2026-09-16T17:37:05.898341+00:00,kai-scheduler,queue-controller-f86fcd76c-5pbjz,1.0,11534336
2026-09-16T17:37:05.898341+00:00,kube-system,coredns-8db54c48d-r2b8d,2.0,50331648
2026-09-16T17:37:05.898341+00:00,kube-system,kwok-controller-5cf8c7c44b-9blfc,140.0,97517568
2026-09-16T17:37:05.898341+00:00,kube-system,local-path-provisioner-5d9d9885bc-bpbfb,1.0,14680064
2026-09-16T17:37:05.898341+00:00,kube-system,metrics-server-75dc6f8d87-n5hnd,47.0,363855872
2026-09-16T17:37:05.898341+00:00,kube-system,svclb-traefik-5132867f-lxgnq,0.0,0
2026-09-16T17:37:05.898341+00:00,kube-system,traefik-9bcdbbd9-dxtcs,3.0,114294784
2026-09-16T17:37:05.898341+00:00,pyroscope,pyroscope-0,6.0,267386880
2026-09-16T17:37:05.898341+00:00,pyroscope,pyroscope-alloy-0,184.0,849346560
2026-09-16T17:37:37.162560+00:00,grove-system,grove-operator-87b5b577-fw5t4,30.0,765460480
2026-09-16T17:37:37.162560+00:00,kai-scheduler,admission-86666f457d-shlf7,1.0,16777216
2026-09-16T17:37:37.162560+00:00,kai-scheduler,kai-operator-69b5d7bcf7-h7kb2,3.0,92274688
2026-09-16T17:37:37.162560+00:00,kai-scheduler,pod-grouper-65456f756-58ckz,1.0,9437184
2026-09-16T17:37:37.162560+00:00,kai-scheduler,podgroup-controller-68f9cc8dbf-g9s2f,1.0,11534336
2026-09-16T17:37:37.162560+00:00,kai-scheduler,queue-controller-f86fcd76c-5pbjz,1.0,11534336
2026-09-16T17:37:37.162560+00:00,kube-system,coredns-8db54c48d-r2b8d,2.0,50331648
2026-09-16T17:37:37.162560+00:00,kube-system,kwok-controller-5cf8c7c44b-9blfc,138.0,98566144
2026-09-16T17:37:37.162560+00:00,kube-system,local-path-provisioner-5d9d9885bc-bpbfb,1.0,14680064
2026-09-16T17:37:37.162560+00:00,kube-system,metrics-server-75dc6f8d87-n5hnd,53.0,365953024
2026-09-16T17:37:37.162560+00:00,kube-system,svclb-traefik-5132867f-lxgnq,0.0,0
2026-09-16T17:37:37.162560+00:00,kube-system,traefik-9bcdbbd9-dxtcs,1.0,114294784
2026-09-16T17:37:37.162560+00:00,pyroscope,pyroscope-0,6.0,268435456
2026-09-16T17:37:37.162560+00:00,pyroscope,pyroscope-alloy-0,188.0,828375040
2026-09-16T17:38:08.419394+00:00,grove-system,grove-operator-87b5b577-fw5t4,28.0,741343232
2026-09-16T17:38:08.419394+00:00,kai-scheduler,admission-86666f457d-shlf7,1.0,16777216
2026-09-16T17:38:08.419394+00:00,kai-scheduler,kai-operator-69b5d7bcf7-h7kb2,1.0,92274688
2026-09-16T17:38:08.419394+00:00,kai-scheduler,pod-grouper-65456f756-58ckz,1.0,9437184
2026-09-16T17:38:08.419394+00:00,kai-scheduler,podgroup-controller-68f9cc8dbf-g9s2f,1.0,11534336
2026-09-16T17:38:08.419394+00:00,kai-scheduler,queue-controller-f86fcd76c-5pbjz,1.0,11534336
2026-09-16T17:38:08.419394+00:00,kube-system,coredns-8db54c48d-r2b8d,2.0,50331648
2026-09-16T17:38:08.419394+00:00,kube-system,kwok-controller-5cf8c7c44b-9blfc,148.0,98566144
2026-09-16T17:38:08.419394+00:00,kube-system,local-path-provisioner-5d9d9885bc-bpbfb,1.0,14680064
2026-09-16T17:38:08.419394+00:00,kube-system,metrics-server-75dc6f8d87-n5hnd,43.0,365953024
2026-09-16T17:38:08.419394+00:00,kube-system,svclb-traefik-5132867f-lxgnq,0.0,0
2026-09-16T17:38:08.419394+00:00,kube-system,traefik-9bcdbbd9-dxtcs,2.0,114294784
2026-09-16T17:38:08.419394+00:00,pyroscope,pyroscope-0,6.0,264241152
2026-09-16T17:38:08.419394+00:00,pyroscope,pyroscope-alloy-0,181.0,823132160
2026-09-16T17:38:39.674145+00:00,grove-system,grove-operator-87b5b577-fw5t4,46.0,737148928
2026-09-16T17:38:39.674145+00:00,kai-scheduler,admission-86666f457d-shlf7,1.0,16777216
2026-09-16T17:38:39.674145+00:00,kai-scheduler,kai-operator-69b5d7bcf7-h7kb2,1.0,92274688
2026-09-16T17:38:39.674145+00:00,kai-scheduler,pod-grouper-65456f756-58ckz,1.0,9437184
2026-09-16T17:38:39.674145+00:00,kai-scheduler,podgroup-controller-68f9cc8dbf-g9s2f,1.0,11534336
2026-09-16T17:38:39.674145+00:00,kai-scheduler,queue-controller-f86fcd76c-5pbjz,1.0,11534336
2026-09-16T17:38:39.674145+00:00,kube-system,coredns-8db54c48d-r2b8d,2.0,46137344
2026-09-16T17:38:39.674145+00:00,kube-system,kwok-controller-5cf8c7c44b-9blfc,140.0,99614720
2026-09-16T17:38:39.674145+00:00,kube-system,local-path-provisioner-5d9d9885bc-bpbfb,1.0,14680064
2026-09-16T17:38:39.674145+00:00,kube-system,metrics-server-75dc6f8d87-n5hnd,52.0,365953024
2026-09-16T17:38:39.674145+00:00,kube-system,svclb-traefik-5132867f-lxgnq,0.0,0
2026-09-16T17:38:39.674145+00:00,kube-system,traefik-9bcdbbd9-dxtcs,1.0,114294784
2026-09-16T17:38:39.674145+00:00,pyroscope,pyroscope-0,4.0,265289728
2026-09-16T17:38:39.674145+00:00,pyroscope,pyroscope-alloy-0,155.0,796917760
2026-09-16T17:39:10.917722+00:00,grove-system,grove-operator-87b5b577-fw5t4,28.0,741343232
2026-09-16T17:39:10.917722+00:00,kai-scheduler,admission-86666f457d-shlf7,1.0,16777216
2026-09-16T17:39:10.917722+00:00,kai-scheduler,kai-operator-69b5d7bcf7-h7kb2,1.0,92274688
2026-09-16T17:39:10.917722+00:00,kai-scheduler,pod-grouper-65456f756-58ckz,1.0,9437184
2026-09-16T17:39:10.917722+00:00,kai-scheduler,podgroup-controller-68f9cc8dbf-g9s2f,1.0,11534336
2026-09-16T17:39:10.917722+00:00,kai-scheduler,queue-controller-f86fcd76c-5pbjz,1.0,11534336
2026-09-16T17:39:10.917722+00:00,kube-system,coredns-8db54c48d-r2b8d,2.0,45088768
2026-09-16T17:39:10.917722+00:00,kube-system,kwok-controller-5cf8c7c44b-9blfc,169.0,97517568
2026-09-16T17:39:10.917722+00:00,kube-system,local-path-provisioner-5d9d9885bc-bpbfb,1.0,14680064
2026-09-16T17:39:10.917722+00:00,kube-system,metrics-server-75dc6f8d87-n5hnd,48.0,364904448
2026-09-16T17:39:10.917722+00:00,kube-system,svclb-traefik-5132867f-lxgnq,0.0,0
2026-09-16T17:39:10.917722+00:00,kube-system,traefik-9bcdbbd9-dxtcs,1.0,105906176
2026-09-16T17:39:10.917722+00:00,pyroscope,pyroscope-0,6.0,264241152
2026-09-16T17:39:10.917722+00:00,pyroscope,pyroscope-alloy-0,160.0,786432000
2026-09-16T17:39:42.169265+00:00,grove-system,grove-operator-87b5b577-fw5t4,28.0,738197504
2026-09-16T17:39:42.169265+00:00,kai-scheduler,admission-86666f457d-shlf7,1.0,16777216
2026-09-16T17:39:42.169265+00:00,kai-scheduler,kai-operator-69b5d7bcf7-h7kb2,3.0,85983232
2026-09-16T17:39:42.169265+00:00,kai-scheduler,pod-grouper-65456f756-58ckz,1.0,9437184
2026-09-16T17:39:42.169265+00:00,kai-scheduler,podgroup-controller-68f9cc8dbf-g9s2f,1.0,11534336
2026-09-16T17:39:42.169265+00:00,kai-scheduler,queue-controller-f86fcd76c-5pbjz,1.0,11534336
2026-09-16T17:39:42.169265+00:00,kube-system,coredns-8db54c48d-r2b8d,2.0,45088768
2026-09-16T17:39:42.169265+00:00,kube-system,kwok-controller-5cf8c7c44b-9blfc,140.0,96468992
2026-09-16T17:39:42.169265+00:00,kube-system,local-path-provisioner-5d9d9885bc-bpbfb,1.0,14680064
2026-09-16T17:39:42.169265+00:00,kube-system,metrics-server-75dc6f8d87-n5hnd,49.0,358612992
2026-09-16T17:39:42.169265+00:00,kube-system,svclb-traefik-5132867f-lxgnq,0.0,0
2026-09-16T17:39:42.169265+00:00,kube-system,traefik-9bcdbbd9-dxtcs,1.0,105906176
2026-09-16T17:39:42.169265+00:00,pyroscope,pyroscope-0,6.0,266338304
2026-09-16T17:39:42.169265+00:00,pyroscope,pyroscope-alloy-0,110.0,773849088
2026-09-16T17:40:13.417091+00:00,grove-system,grove-operator-87b5b577-fw5t4,28.0,723517440
2026-09-16T17:40:13.417091+00:00,kai-scheduler,admission-86666f457d-shlf7,1.0,16777216
2026-09-16T17:40:13.417091+00:00,kai-scheduler,kai-operator-69b5d7bcf7-h7kb2,5.0,93323264
2026-09-16T17:40:13.417091+00:00,kai-scheduler,kai-scheduler-default-86ccb98bf5-sglz6,169.0,475004928
2026-09-16T17:40:13.417091+00:00,kai-scheduler,pod-grouper-65456f756-58ckz,1.0,9437184
2026-09-16T17:40:13.417091+00:00,kai-scheduler,podgroup-controller-68f9cc8dbf-g9s2f,1.0,11534336
2026-09-16T17:40:13.417091+00:00,kai-scheduler,queue-controller-f86fcd76c-5pbjz,1.0,11534336
2026-09-16T17:40:13.417091+00:00,kube-system,coredns-8db54c48d-r2b8d,2.0,42991616
2026-09-16T17:40:13.417091+00:00,kube-system,kwok-controller-5cf8c7c44b-9blfc,141.0,97517568
2026-09-16T17:40:13.417091+00:00,kube-system,local-path-provisioner-5d9d9885bc-bpbfb,1.0,14680064
2026-09-16T17:40:13.417091+00:00,kube-system,metrics-server-75dc6f8d87-n5hnd,49.0,357564416
2026-09-16T17:40:13.417091+00:00,kube-system,svclb-traefik-5132867f-lxgnq,0.0,0
2026-09-16T17:40:13.417091+00:00,kube-system,traefik-9bcdbbd9-dxtcs,1.0,105906176
2026-09-16T17:40:13.417091+00:00,pyroscope,pyroscope-0,5.0,266338304
2026-09-16T17:40:13.417091+00:00,pyroscope,pyroscope-alloy-0,132.0,747634688
2026-09-16T17:40:44.663524+00:00,grove-system,grove-operator-87b5b577-fw5t4,48.0,706740224
2026-09-16T17:40:44.663524+00:00,kai-scheduler,admission-86666f457d-shlf7,1.0,16777216
2026-09-16T17:40:44.663524+00:00,kai-scheduler,kai-operator-69b5d7bcf7-h7kb2,1.0,92274688
2026-09-16T17:40:44.663524+00:00,kai-scheduler,kai-scheduler-default-86ccb98bf5-sglz6,114.0,419430400
2026-09-16T17:40:44.663524+00:00,kai-scheduler,pod-grouper-65456f756-58ckz,1.0,9437184
2026-09-16T17:40:44.663524+00:00,kai-scheduler,podgroup-controller-68f9cc8dbf-g9s2f,1.0,11534336
2026-09-16T17:40:44.663524+00:00,kai-scheduler,queue-controller-f86fcd76c-5pbjz,1.0,11534336
2026-09-16T17:40:44.663524+00:00,kube-system,coredns-8db54c48d-r2b8d,2.0,41943040
2026-09-16T17:40:44.663524+00:00,kube-system,kwok-controller-5cf8c7c44b-9blfc,139.0,97517568
2026-09-16T17:40:44.663524+00:00,kube-system,local-path-provisioner-5d9d9885bc-bpbfb,1.0,14680064
2026-09-16T17:40:44.663524+00:00,kube-system,metrics-server-75dc6f8d87-n5hnd,60.0,346030080
2026-09-16T17:40:44.663524+00:00,kube-system,svclb-traefik-5132867f-lxgnq,0.0,0
2026-09-16T17:40:44.663524+00:00,kube-system,traefik-9bcdbbd9-dxtcs,1.0,105906176
2026-09-16T17:40:44.663524+00:00,pyroscope,pyroscope-0,6.0,261095424
2026-09-16T17:40:44.663524+00:00,pyroscope,pyroscope-alloy-0,115.0,750780416
2026-09-16T17:41:15.918090+00:00,grove-system,grove-operator-87b5b577-fw5t4,28.0,714080256
2026-09-16T17:41:15.918090+00:00,kai-scheduler,admission-86666f457d-shlf7,1.0,16777216
2026-09-16T17:41:15.918090+00:00,kai-scheduler,kai-operator-69b5d7bcf7-h7kb2,1.0,92274688
2026-09-16T17:41:15.918090+00:00,kai-scheduler,kai-scheduler-default-86ccb98bf5-sglz6,108.0,406847488
2026-09-16T17:41:15.918090+00:00,kai-scheduler,pod-grouper-65456f756-58ckz,1.0,9437184
2026-09-16T17:41:15.918090+00:00,kai-scheduler,podgroup-controller-68f9cc8dbf-g9s2f,1.0,11534336
2026-09-16T17:41:15.918090+00:00,kai-scheduler,queue-controller-f86fcd76c-5pbjz,1.0,11534336
2026-09-16T17:41:15.918090+00:00,kube-system,coredns-8db54c48d-r2b8d,2.0,42991616
2026-09-16T17:41:15.918090+00:00,kube-system,kwok-controller-5cf8c7c44b-9blfc,143.0,95420416
2026-09-16T17:41:15.918090+00:00,kube-system,local-path-provisioner-5d9d9885bc-bpbfb,1.0,14680064
2026-09-16T17:41:15.918090+00:00,kube-system,metrics-server-75dc6f8d87-n5hnd,45.0,347078656
2026-09-16T17:41:15.918090+00:00,kube-system,svclb-traefik-5132867f-lxgnq,0.0,0
2026-09-16T17:41:15.918090+00:00,kube-system,traefik-9bcdbbd9-dxtcs,1.0,105906176
2026-09-16T17:41:15.918090+00:00,pyroscope,pyroscope-0,6.0,262144000
2026-09-16T17:41:15.918090+00:00,pyroscope,pyroscope-alloy-0,139.0,747634688
2026-09-16T17:41:47.165855+00:00,grove-system,grove-operator-87b5b577-fw5t4,28.0,709885952
2026-09-16T17:41:47.165855+00:00,kai-scheduler,admission-86666f457d-shlf7,1.0,16777216
2026-09-16T17:41:47.165855+00:00,kai-scheduler,kai-operator-69b5d7bcf7-h7kb2,1.0,92274688
2026-09-16T17:41:47.165855+00:00,kai-scheduler,kai-scheduler-default-86ccb98bf5-sglz6,94.0,390070272
2026-09-16T17:41:47.165855+00:00,kai-scheduler,pod-grouper-65456f756-58ckz,1.0,9437184
2026-09-16T17:41:47.165855+00:00,kai-scheduler,podgroup-controller-68f9cc8dbf-g9s2f,1.0,11534336
2026-09-16T17:41:47.165855+00:00,kai-scheduler,queue-controller-f86fcd76c-5pbjz,1.0,11534336
2026-09-16T17:41:47.165855+00:00,kube-system,coredns-8db54c48d-r2b8d,2.0,42991616
2026-09-16T17:41:47.165855+00:00,kube-system,kwok-controller-5cf8c7c44b-9blfc,142.0,97517568
2026-09-16T17:41:47.165855+00:00,kube-system,local-path-provisioner-5d9d9885bc-bpbfb,1.0,14680064
2026-09-16T17:41:47.165855+00:00,kube-system,metrics-server-75dc6f8d87-n5hnd,46.0,346030080
2026-09-16T17:41:47.165855+00:00,kube-system,svclb-traefik-5132867f-lxgnq,0.0,0
2026-09-16T17:41:47.165855+00:00,kube-system,traefik-9bcdbbd9-dxtcs,1.0,104857600
2026-09-16T17:41:47.165855+00:00,pyroscope,pyroscope-0,4.0,263192576
2026-09-16T17:41:47.165855+00:00,pyroscope,pyroscope-alloy-0,105.0,709885952
2026-09-16T17:42:18.410220+00:00,grove-system,grove-operator-87b5b577-fw5t4,27.0,703594496
2026-09-16T17:42:18.410220+00:00,kai-scheduler,admission-86666f457d-shlf7,1.0,16777216
2026-09-16T17:42:18.410220+00:00,kai-scheduler,kai-operator-69b5d7bcf7-h7kb2,1.0,81788928
2026-09-16T17:42:18.410220+00:00,kai-scheduler,kai-scheduler-default-86ccb98bf5-sglz6,94.0,372244480
2026-09-16T17:42:18.410220+00:00,kai-scheduler,pod-grouper-65456f756-58ckz,1.0,9437184
2026-09-16T17:42:18.410220+00:00,kai-scheduler,podgroup-controller-68f9cc8dbf-g9s2f,1.0,11534336
2026-09-16T17:42:18.410220+00:00,kai-scheduler,queue-controller-f86fcd76c-5pbjz,1.0,11534336
2026-09-16T17:42:18.410220+00:00,kube-system,coredns-8db54c48d-r2b8d,3.0,42991616
2026-09-16T17:42:18.410220+00:00,kube-system,kwok-controller-5cf8c7c44b-9blfc,143.0,97517568
2026-09-16T17:42:18.410220+00:00,kube-system,local-path-provisioner-5d9d9885bc-bpbfb,1.0,14680064
2026-09-16T17:42:18.410220+00:00,kube-system,metrics-server-75dc6f8d87-n5hnd,48.0,337641472
2026-09-16T17:42:18.410220+00:00,kube-system,svclb-traefik-5132867f-lxgnq,0.0,0
2026-09-16T17:42:18.410220+00:00,kube-system,traefik-9bcdbbd9-dxtcs,1.0,104857600
2026-09-16T17:42:18.410220+00:00,pyroscope,pyroscope-0,7.0,265289728
2026-09-16T17:42:18.410220+00:00,pyroscope,pyroscope-alloy-0,105.0,673185792
2026-09-16T17:42:49.667854+00:00,grove-system,grove-operator-87b5b577-fw5t4,27.0,687865856
2026-09-16T17:42:49.667854+00:00,kai-scheduler,admission-86666f457d-shlf7,1.0,16777216
2026-09-16T17:42:49.667854+00:00,kai-scheduler,kai-operator-69b5d7bcf7-h7kb2,1.0,81788928
2026-09-16T17:42:49.667854+00:00,kai-scheduler,kai-scheduler-default-86ccb98bf5-sglz6,89.0,357564416
2026-09-16T17:42:49.667854+00:00,kai-scheduler,pod-grouper-65456f756-58ckz,1.0,9437184
2026-09-16T17:42:49.667854+00:00,kai-scheduler,podgroup-controller-68f9cc8dbf-g9s2f,1.0,11534336
2026-09-16T17:42:49.667854+00:00,kai-scheduler,queue-controller-f86fcd76c-5pbjz,1.0,11534336
2026-09-16T17:42:49.667854+00:00,kube-system,coredns-8db54c48d-r2b8d,2.0,41943040
2026-09-16T17:42:49.667854+00:00,kube-system,kwok-controller-5cf8c7c44b-9blfc,138.0,94371840
2026-09-16T17:42:49.667854+00:00,kube-system,local-path-provisioner-5d9d9885bc-bpbfb,1.0,14680064
2026-09-16T17:42:49.667854+00:00,kube-system,metrics-server-75dc6f8d87-n5hnd,54.0,340787200
2026-09-16T17:42:49.667854+00:00,kube-system,svclb-traefik-5132867f-lxgnq,0.0,0
2026-09-16T17:42:49.667854+00:00,kube-system,traefik-9bcdbbd9-dxtcs,2.0,104857600
2026-09-16T17:42:49.667854+00:00,pyroscope,pyroscope-0,6.0,265289728
2026-09-16T17:42:49.667854+00:00,pyroscope,pyroscope-alloy-0,96.0,680525824
2026-09-16T17:43:20.922284+00:00,grove-system,grove-operator-87b5b577-fw5t4,28.0,679477248
2026-09-16T17:43:20.922284+00:00,kai-scheduler,admission-86666f457d-shlf7,1.0,16777216
2026-09-16T17:43:20.922284+00:00,kai-scheduler,kai-operator-69b5d7bcf7-h7kb2,1.0,81788928
2026-09-16T17:43:20.922284+00:00,kai-scheduler,kai-scheduler-default-86ccb98bf5-sglz6,82.0,362807296
2026-09-16T17:43:20.922284+00:00,kai-scheduler,pod-grouper-65456f756-58ckz,1.0,9437184
2026-09-16T17:43:20.922284+00:00,kai-scheduler,podgroup-controller-68f9cc8dbf-g9s2f,1.0,11534336
2026-09-16T17:43:20.922284+00:00,kai-scheduler,queue-controller-f86fcd76c-5pbjz,1.0,11534336
2026-09-16T17:43:20.922284+00:00,kube-system,coredns-8db54c48d-r2b8d,2.0,41943040
2026-09-16T17:43:20.922284+00:00,kube-system,kwok-controller-5cf8c7c44b-9blfc,145.0,97517568
2026-09-16T17:43:20.922284+00:00,kube-system,local-path-provisioner-5d9d9885bc-bpbfb,1.0,14680064
2026-09-16T17:43:20.922284+00:00,kube-system,metrics-server-75dc6f8d87-n5hnd,47.0,334495744
2026-09-16T17:43:20.922284+00:00,kube-system,svclb-traefik-5132867f-lxgnq,0.0,0
2026-09-16T17:43:20.922284+00:00,kube-system,traefik-9bcdbbd9-dxtcs,1.0,104857600
2026-09-16T17:43:20.922284+00:00,pyroscope,pyroscope-0,6.0,268435456
2026-09-16T17:43:20.922284+00:00,pyroscope,pyroscope-alloy-0,98.0,650117120
2026-09-16T17:43:52.170336+00:00,grove-system,grove-operator-87b5b577-fw5t4,37.0,663748608
2026-09-16T17:43:52.170336+00:00,kai-scheduler,admission-86666f457d-shlf7,1.0,16777216
2026-09-16T17:43:52.170336+00:00,kai-scheduler,kai-operator-69b5d7bcf7-h7kb2,1.0,81788928
2026-09-16T17:43:52.170336+00:00,kai-scheduler,kai-scheduler-default-86ccb98bf5-sglz6,76.0,361758720
2026-09-16T17:43:52.170336+00:00,kai-scheduler,pod-grouper-65456f756-58ckz,1.0,9437184
2026-09-16T17:43:52.170336+00:00,kai-scheduler,podgroup-controller-68f9cc8dbf-g9s2f,1.0,11534336
2026-09-16T17:43:52.170336+00:00,kai-scheduler,queue-controller-f86fcd76c-5pbjz,1.0,11534336
2026-09-16T17:43:52.170336+00:00,kube-system,coredns-8db54c48d-r2b8d,2.0,42991616
2026-09-16T17:43:52.170336+00:00,kube-system,kwok-controller-5cf8c7c44b-9blfc,136.0,96468992
2026-09-16T17:43:52.170336+00:00,kube-system,local-path-provisioner-5d9d9885bc-bpbfb,1.0,14680064
2026-09-16T17:43:52.170336+00:00,kube-system,metrics-server-75dc6f8d87-n5hnd,56.0,322961408
2026-09-16T17:43:52.170336+00:00,kube-system,svclb-traefik-5132867f-lxgnq,0.0,0
2026-09-16T17:43:52.170336+00:00,kube-system,traefik-9bcdbbd9-dxtcs,1.0,104857600
2026-09-16T17:43:52.170336+00:00,pyroscope,pyroscope-0,6.0,269484032
2026-09-16T17:43:52.170336+00:00,pyroscope,pyroscope-alloy-0,83.0,619708416
2026-09-16T17:44:23.463207+00:00,grove-system,grove-operator-87b5b577-fw5t4,28.0,665845760
2026-09-16T17:44:23.463207+00:00,kai-scheduler,admission-86666f457d-shlf7,1.0,16777216
2026-09-16T17:44:23.463207+00:00,kai-scheduler,kai-operator-69b5d7bcf7-h7kb2,2.0,81788928
2026-09-16T17:44:23.463207+00:00,kai-scheduler,kai-scheduler-default-86ccb98bf5-sglz6,72.0,320864256
2026-09-16T17:44:23.463207+00:00,kai-scheduler,pod-grouper-65456f756-58ckz,1.0,9437184
2026-09-16T17:44:23.463207+00:00,kai-scheduler,podgroup-controller-68f9cc8dbf-g9s2f,1.0,11534336
2026-09-16T17:44:23.463207+00:00,kai-scheduler,queue-controller-f86fcd76c-5pbjz,1.0,11534336
2026-09-16T17:44:23.463207+00:00,kube-system,coredns-8db54c48d-r2b8d,3.0,42991616
2026-09-16T17:44:23.463207+00:00,kube-system,kwok-controller-5cf8c7c44b-9blfc,139.0,95420416
2026-09-16T17:44:23.463207+00:00,kube-system,local-path-provisioner-5d9d9885bc-bpbfb,1.0,14680064
2026-09-16T17:44:23.463207+00:00,kube-system,metrics-server-75dc6f8d87-n5hnd,52.0,322961408
2026-09-16T17:44:23.463207+00:00,kube-system,svclb-traefik-5132867f-lxgnq,0.0,0
2026-09-16T17:44:23.463207+00:00,kube-system,traefik-9bcdbbd9-dxtcs,1.0,104857600
2026-09-16T17:44:23.463207+00:00,pyroscope,pyroscope-0,5.0,268435456
2026-09-16T17:44:23.463207+00:00,pyroscope,pyroscope-alloy-0,91.0,622854144
2026-09-16T17:44:54.713064+00:00,grove-system,grove-operator-87b5b577-fw5t4,34.0,648019968
2026-09-16T17:44:54.713064+00:00,kai-scheduler,admission-86666f457d-shlf7,1.0,16777216
2026-09-16T17:44:54.713064+00:00,kai-scheduler,binder-869fc94c7-l85qn,62.0,152043520
2026-09-16T17:44:54.713064+00:00,kai-scheduler,kai-operator-69b5d7bcf7-h7kb2,2.0,81788928
2026-09-16T17:44:54.713064+00:00,kai-scheduler,kai-scheduler-default-86ccb98bf5-sglz6,67.0,321912832
2026-09-16T17:44:54.713064+00:00,kai-scheduler,pod-grouper-65456f756-58ckz,1.0,9437184
2026-09-16T17:44:54.713064+00:00,kai-scheduler,podgroup-controller-68f9cc8dbf-g9s2f,1.0,11534336
2026-09-16T17:44:54.713064+00:00,kai-scheduler,queue-controller-f86fcd76c-5pbjz,1.0,11534336
2026-09-16T17:44:54.713064+00:00,kube-system,coredns-8db54c48d-r2b8d,2.0,41943040
2026-09-16T17:44:54.713064+00:00,kube-system,kwok-controller-5cf8c7c44b-9blfc,136.0,96468992
2026-09-16T17:44:54.713064+00:00,kube-system,local-path-provisioner-5d9d9885bc-bpbfb,1.0,14680064
2026-09-16T17:44:54.713064+00:00,kube-system,metrics-server-75dc6f8d87-n5hnd,50.0,321912832
2026-09-16T17:44:54.713064+00:00,kube-system,svclb-traefik-5132867f-lxgnq,0.0,0
2026-09-16T17:44:54.713064+00:00,kube-system,traefik-9bcdbbd9-dxtcs,1.0,104857600
2026-09-16T17:44:54.713064+00:00,pyroscope,pyroscope-0,6.0,269484032
2026-09-16T17:44:54.713064+00:00,pyroscope,pyroscope-alloy-0,79.0,589299712
2026-09-16T17:45:25.958962+00:00,grove-system,grove-operator-87b5b577-fw5t4,40.0,634388480
2026-09-16T17:45:25.958962+00:00,kai-scheduler,admission-86666f457d-shlf7,1.0,16777216
2026-09-16T17:45:25.958962+00:00,kai-scheduler,binder-869fc94c7-l85qn,36.0,169869312
2026-09-16T17:45:25.958962+00:00,kai-scheduler,kai-operator-69b5d7bcf7-h7kb2,1.0,81788928
2026-09-16T17:45:25.958962+00:00,kai-scheduler,kai-scheduler-default-86ccb98bf5-sglz6,65.0,309329920
2026-09-16T17:45:25.958962+00:00,kai-scheduler,pod-grouper-65456f756-58ckz,1.0,9437184
2026-09-16T17:45:25.958962+00:00,kai-scheduler,podgroup-controller-68f9cc8dbf-g9s2f,1.0,11534336
2026-09-16T17:45:25.958962+00:00,kai-scheduler,queue-controller-f86fcd76c-5pbjz,1.0,11534336
2026-09-16T17:45:25.958962+00:00,kube-system,coredns-8db54c48d-r2b8d,2.0,42991616
2026-09-16T17:45:25.958962+00:00,kube-system,kwok-controller-5cf8c7c44b-9blfc,143.0,95420416
2026-09-16T17:45:25.958962+00:00,kube-system,local-path-provisioner-5d9d9885bc-bpbfb,1.0,14680064
2026-09-16T17:45:25.958962+00:00,kube-system,metrics-server-75dc6f8d87-n5hnd,62.0,316669952
2026-09-16T17:45:25.958962+00:00,kube-system,svclb-traefik-5132867f-lxgnq,0.0,0
2026-09-16T17:45:25.958962+00:00,kube-system,traefik-9bcdbbd9-dxtcs,1.0,104857600
2026-09-16T17:45:25.958962+00:00,pyroscope,pyroscope-0,5.0,270532608
2026-09-16T17:45:25.958962+00:00,pyroscope,pyroscope-alloy-0,72.0,556793856
2026-09-16T17:45:57.206906+00:00,grove-system,grove-operator-87b5b577-fw5t4,32.0,616562688
2026-09-16T17:45:57.206906+00:00,kai-scheduler,admission-86666f457d-shlf7,1.0,17825792
2026-09-16T17:45:57.206906+00:00,kai-scheduler,binder-869fc94c7-l85qn,35.0,153092096
2026-09-16T17:45:57.206906+00:00,kai-scheduler,kai-operator-69b5d7bcf7-h7kb2,2.0,82837504
2026-09-16T17:45:57.206906+00:00,kai-scheduler,kai-scheduler-default-86ccb98bf5-sglz6,54.0,271581184
2026-09-16T17:45:57.206906+00:00,kai-scheduler,pod-grouper-65456f756-58ckz,1.0,9437184
2026-09-16T17:45:57.206906+00:00,kai-scheduler,podgroup-controller-68f9cc8dbf-g9s2f,1.0,11534336
2026-09-16T17:45:57.206906+00:00,kai-scheduler,queue-controller-f86fcd76c-5pbjz,1.0,11534336
2026-09-16T17:45:57.206906+00:00,kube-system,coredns-8db54c48d-r2b8d,2.0,41943040
2026-09-16T17:45:57.206906+00:00,kube-system,kwok-controller-5cf8c7c44b-9blfc,140.0,95420416
2026-09-16T17:45:57.206906+00:00,kube-system,local-path-provisioner-5d9d9885bc-bpbfb,1.0,14680064
2026-09-16T17:45:57.206906+00:00,kube-system,metrics-server-75dc6f8d87-n5hnd,44.0,310378496
2026-09-16T17:45:57.206906+00:00,kube-system,svclb-traefik-5132867f-lxgnq,0.0,0
2026-09-16T17:45:57.206906+00:00,kube-system,traefik-9bcdbbd9-dxtcs,1.0,104857600
2026-09-16T17:45:57.206906+00:00,pyroscope,pyroscope-0,6.0,266338304
2026-09-16T17:45:57.206906+00:00,pyroscope,pyroscope-alloy-0,53.0,528482304
2026-09-16T17:46:28.454701+00:00,grove-system,grove-operator-87b5b577-fw5t4,36.0,594542592
2026-09-16T17:46:28.454701+00:00,kai-scheduler,admission-86666f457d-shlf7,1.0,17825792
2026-09-16T17:46:28.454701+00:00,kai-scheduler,binder-869fc94c7-l85qn,37.0,152043520
2026-09-16T17:46:28.454701+00:00,kai-scheduler,kai-operator-69b5d7bcf7-h7kb2,1.0,82837504
2026-09-16T17:46:28.454701+00:00,kai-scheduler,kai-scheduler-default-86ccb98bf5-sglz6,48.0,266338304
2026-09-16T17:46:28.454701+00:00,kai-scheduler,pod-grouper-65456f756-58ckz,1.0,9437184
2026-09-16T17:46:28.454701+00:00,kai-scheduler,podgroup-controller-68f9cc8dbf-g9s2f,1.0,11534336
2026-09-16T17:46:28.454701+00:00,kai-scheduler,queue-controller-f86fcd76c-5pbjz,1.0,11534336
2026-09-16T17:46:28.454701+00:00,kube-system,coredns-8db54c48d-r2b8d,2.0,42991616
2026-09-16T17:46:28.454701+00:00,kube-system,kwok-controller-5cf8c7c44b-9blfc,134.0,95420416
2026-09-16T17:46:28.454701+00:00,kube-system,local-path-provisioner-5d9d9885bc-bpbfb,1.0,14680064
2026-09-16T17:46:28.454701+00:00,kube-system,metrics-server-75dc6f8d87-n5hnd,49.0,307232768
2026-09-16T17:46:28.454701+00:00,kube-system,svclb-traefik-5132867f-lxgnq,0.0,0
2026-09-16T17:46:28.454701+00:00,kube-system,traefik-9bcdbbd9-dxtcs,1.0,104857600
2026-09-16T17:46:28.454701+00:00,pyroscope,pyroscope-0,5.0,267386880
2026-09-16T17:46:28.454701+00:00,pyroscope,pyroscope-alloy-0,57.0,525336576
2026-09-16T17:46:59.704674+00:00,grove-system,grove-operator-87b5b577-fw5t4,35.0,573571072
2026-09-16T17:46:59.704674+00:00,kai-scheduler,admission-86666f457d-shlf7,1.0,16777216
2026-09-16T17:46:59.704674+00:00,kai-scheduler,binder-869fc94c7-l85qn,34.0,150994944
2026-09-16T17:46:59.704674+00:00,kai-scheduler,kai-operator-69b5d7bcf7-h7kb2,1.0,82837504
2026-09-16T17:46:59.704674+00:00,kai-scheduler,kai-scheduler-default-86ccb98bf5-sglz6,41.0,266338304
2026-09-16T17:46:59.704674+00:00,kai-scheduler,pod-grouper-65456f756-58ckz,1.0,9437184
2026-09-16T17:46:59.704674+00:00,kai-scheduler,podgroup-controller-68f9cc8dbf-g9s2f,1.0,11534336
2026-09-16T17:46:59.704674+00:00,kai-scheduler,queue-controller-f86fcd76c-5pbjz,1.0,11534336
2026-09-16T17:46:59.704674+00:00,kube-system,coredns-8db54c48d-r2b8d,2.0,42991616
2026-09-16T17:46:59.704674+00:00,kube-system,kwok-controller-5cf8c7c44b-9blfc,130.0,95420416
2026-09-16T17:46:59.704674+00:00,kube-system,local-path-provisioner-5d9d9885bc-bpbfb,1.0,14680064
2026-09-16T17:46:59.704674+00:00,kube-system,metrics-server-75dc6f8d87-n5hnd,48.0,303038464
2026-09-16T17:46:59.704674+00:00,kube-system,svclb-traefik-5132867f-lxgnq,0.0,0
2026-09-16T17:46:59.704674+00:00,kube-system,traefik-9bcdbbd9-dxtcs,1.0,103809024
2026-09-16T17:46:59.704674+00:00,pyroscope,pyroscope-0,6.0,269484032
2026-09-16T17:46:59.704674+00:00,pyroscope,pyroscope-alloy-0,41.0,492830720
2026-09-16T17:47:30.953987+00:00,grove-system,grove-operator-87b5b577-fw5t4,34.0,494927872
2026-09-16T17:47:30.953987+00:00,kai-scheduler,admission-86666f457d-shlf7,1.0,16777216
2026-09-16T17:47:30.953987+00:00,kai-scheduler,binder-869fc94c7-l85qn,32.0,149946368
2026-09-16T17:47:30.953987+00:00,kai-scheduler,kai-operator-69b5d7bcf7-h7kb2,1.0,82837504
2026-09-16T17:47:30.953987+00:00,kai-scheduler,kai-scheduler-default-86ccb98bf5-sglz6,35.0,260046848
2026-09-16T17:47:30.953987+00:00,kai-scheduler,pod-grouper-65456f756-58ckz,1.0,9437184
2026-09-16T17:47:30.953987+00:00,kai-scheduler,podgroup-controller-68f9cc8dbf-g9s2f,1.0,11534336
2026-09-16T17:47:30.953987+00:00,kai-scheduler,queue-controller-f86fcd76c-5pbjz,1.0,11534336
2026-09-16T17:47:30.953987+00:00,kube-system,coredns-8db54c48d-r2b8d,2.0,41943040
2026-09-16T17:47:30.953987+00:00,kube-system,kwok-controller-5cf8c7c44b-9blfc,131.0,94371840
2026-09-16T17:47:30.953987+00:00,kube-system,local-path-provisioner-5d9d9885bc-bpbfb,1.0,14680064
2026-09-16T17:47:30.953987+00:00,kube-system,metrics-server-75dc6f8d87-n5hnd,50.0,301989888
2026-09-16T17:47:30.953987+00:00,kube-system,svclb-traefik-5132867f-lxgnq,0.0,0
2026-09-16T17:47:30.953987+00:00,kube-system,traefik-9bcdbbd9-dxtcs,1.0,104857600
2026-09-16T17:47:30.953987+00:00,pyroscope,pyroscope-0,5.0,269484032
2026-09-16T17:47:30.953987+00:00,pyroscope,pyroscope-alloy-0,35.0,447741952
