timestamp,namespace,pod,cpu_millicores,mem_bytes
2026-09-16T14:42:58.061508+00:00,kai-scheduler,admission-86666f457d-sk7lz,7.0,13631488
2026-09-16T14:42:58.061508+00:00,kai-scheduler,binder-869fc94c7-dc7lv,9.0,16777216
2026-09-16T14:42:58.061508+00:00,kai-scheduler,kai-operator-69b5d7bcf7-qxvz5,7.0,58720256
2026-09-16T14:42:58.061508+00:00,kai-scheduler,kai-scheduler-default-7f5cd888f7-lh8cb,9.0,25165824
2026-09-16T14:42:58.061508+00:00,kai-scheduler,pod-grouper-65456f756-4l2jm,6.0,11534336
2026-09-16T14:42:58.061508+00:00,kai-scheduler,podgroup-controller-68f9cc8dbf-2qvq4,6.0,11534336
2026-09-16T14:42:58.061508+00:00,kai-scheduler,queue-controller-f86fcd76c-gllp2,6.0,13631488
2026-09-16T14:42:58.061508+00:00,kube-system,coredns-8db54c48d-jsq8b,3.0,16777216
2026-09-16T14:42:58.061508+00:00,kube-system,kwok-controller-5cf8c7c44b-x7xbp,2.0,23068672
2026-09-16T14:42:58.061508+00:00,kube-system,local-path-provisioner-5d9d9885bc-vskmj,1.0,13631488
2026-09-16T14:42:58.061508+00:00,kube-system,metrics-server-786d997795-ldd7t,4.0,27262976
2026-09-16T14:42:58.061508+00:00,kube-system,svclb-traefik-7411b517-6x8cv,0.0,0
2026-09-16T14:42:58.061508+00:00,kube-system,traefik-9bcdbbd9-gmgcc,1.0,30408704
2026-09-16T14:42:58.061508+00:00,pyroscope,pyroscope-0,8.0,20971520
2026-09-16T14:42:58.061508+00:00,pyroscope,pyroscope-alloy-0,20.0,60817408
2026-09-16T14:43:04.319326+00:00,kai-scheduler,admission-86666f457d-sk7lz,7.0,13631488
2026-09-16T14:43:04.319326+00:00,kai-scheduler,binder-869fc94c7-dc7lv,9.0,16777216
2026-09-16T14:43:04.319326+00:00,kai-scheduler,kai-operator-69b5d7bcf7-qxvz5,7.0,58720256
2026-09-16T14:43:04.319326+00:00,kai-scheduler,kai-scheduler-default-7f5cd888f7-lh8cb,9.0,25165824
2026-09-16T14:43:04.319326+00:00,kai-scheduler,pod-grouper-65456f756-4l2jm,6.0,11534336
2026-09-16T14:43:04.319326+00:00,kai-scheduler,podgroup-controller-68f9cc8dbf-2qvq4,6.0,11534336
2026-09-16T14:43:04.319326+00:00,kai-scheduler,queue-controller-f86fcd76c-gllp2,6.0,13631488
2026-09-16T14:43:04.319326+00:00,kube-system,coredns-8db54c48d-jsq8b,3.0,16777216
2026-09-16T14:43:04.319326+00:00,kube-system,kwok-controller-5cf8c7c44b-x7xbp,2.0,23068672
2026-09-16T14:43:04.319326+00:00,kube-system,local-path-provisioner-5d9d9885bc-vskmj,1.0,13631488
2026-09-16T14:43:04.319326+00:00,kube-system,metrics-server-786d997795-ldd7t,4.0,27262976
2026-09-16T14:43:04.319326+00:00,kube-system,svclb-traefik-7411b517-6x8cv,0.0,0
2026-09-16T14:43:04.319326+00:00,kube-system,traefik-9bcdbbd9-gmgcc,1.0,30408704
2026-09-16T14:43:04.319326+00:00,pyroscope,pyroscope-0,8.0,20971520
2026-09-16T14:43:04.319326+00:00,pyroscope,pyroscope-alloy-0,20.0,60817408
2026-09-16T14:43:10.559231+00:00,grove-system,grove-operator-646f9c68-pfjvq,13.0,27262976
2026-09-16T14:43:10.559231+00:00,kai-scheduler,admission-86666f457d-sk7lz,7.0,13631488
2026-09-16T14:43:10.559231+00:00,kai-scheduler,binder-869fc94c7-dc7lv,9.0,16777216
2026-09-16T14:43:10.559231+00:00,kai-scheduler,kai-operator-69b5d7bcf7-qxvz5,29.0,59768832
2026-09-16T14:43:10.559231+00:00,kai-scheduler,kai-scheduler-default-7f5cd888f7-lh8cb,8.0,25165824
2026-09-16T14:43:10.559231+00:00,kai-scheduler,pod-grouper-65456f756-4l2jm,1.0,11534336
2026-09-16T14:43:10.559231+00:00,kai-scheduler,podgroup-controller-68f9cc8dbf-2qvq4,5.0,11534336
2026-09-16T14:43:10.559231+00:00,kai-scheduler,queue-controller-f86fcd76c-gllp2,6.0,13631488
2026-09-16T14:43:10.559231+00:00,kube-system,coredns-8db54c48d-jsq8b,3.0,20971520
2026-09-16T14:43:10.559231+00:00,kube-system,kwok-controller-5cf8c7c44b-x7xbp,30.0,24117248
2026-09-16T14:43:10.559231+00:00,kube-system,local-path-provisioner-5d9d9885bc-vskmj,1.0,13631488
2026-09-16T14:43:10.559231+00:00,kube-system,metrics-server-786d997795-ldd7t,18.0,32505856
2026-09-16T14:43:10.559231+00:00,kube-system,svclb-traefik-7411b517-6x8cv,0.0,0
2026-09-16T14:43:10.559231+00:00,kube-system,traefik-9bcdbbd9-gmgcc,2.0,30408704
2026-09-16T14:43:10.559231+00:00,pyroscope,pyroscope-0,3.0,24117248
2026-09-16T14:43:10.559231+00:00,pyroscope,pyroscope-alloy-0,6.0,68157440
2026-09-16T14:43:16.795984+00:00,grove-system,grove-operator-646f9c68-pfjvq,13.0,27262976
2026-09-16T14:43:16.795984+00:00,kai-scheduler,admission-86666f457d-sk7lz,7.0,13631488
2026-09-16T14:43:16.795984+00:00,kai-scheduler,binder-869fc94c7-dc7lv,9.0,16777216
2026-09-16T14:43:16.795984+00:00,kai-scheduler,kai-operator-69b5d7bcf7-qxvz5,29.0,59768832
2026-09-16T14:43:16.795984+00:00,kai-scheduler,kai-scheduler-default-7f5cd888f7-lh8cb,8.0,25165824
2026-09-16T14:43:16.795984+00:00,kai-scheduler,pod-grouper-65456f756-4l2jm,1.0,11534336
2026-09-16T14:43:16.795984+00:00,kai-scheduler,podgroup-controller-68f9cc8dbf-2qvq4,5.0,11534336
2026-09-16T14:43:16.795984+00:00,kai-scheduler,queue-controller-f86fcd76c-gllp2,6.0,13631488
2026-09-16T14:43:16.795984+00:00,kube-system,coredns-8db54c48d-jsq8b,3.0,20971520
2026-09-16T14:43:16.795984+00:00,kube-system,kwok-controller-5cf8c7c44b-x7xbp,30.0,24117248
2026-09-16T14:43:16.795984+00:00,kube-system,local-path-provisioner-5d9d9885bc-vskmj,1.0,13631488
2026-09-16T14:43:16.795984+00:00,kube-system,metrics-server-786d997795-ldd7t,18.0,32505856
2026-09-16T14:43:16.795984+00:00,kube-system,svclb-traefik-7411b517-6x8cv,0.0,0
2026-09-16T14:43:16.795984+00:00,kube-system,traefik-9bcdbbd9-gmgcc,2.0,30408704
2026-09-16T14:43:16.795984+00:00,pyroscope,pyroscope-0,3.0,24117248
2026-09-16T14:43:16.795984+00:00,pyroscope,pyroscope-alloy-0,6.0,68157440
2026-09-16T14:43:23.035086+00:00,grove-system,grove-operator-646f9c68-pfjvq,13.0,27262976
2026-09-16T14:43:23.035086+00:00,kai-scheduler,admission-86666f457d-sk7lz,7.0,13631488
2026-09-16T14:43:23.035086+00:00,kai-scheduler,binder-869fc94c7-dc7lv,9.0,16777216
2026-09-16T14:43:23.035086+00:00,kai-scheduler,kai-operator-69b5d7bcf7-qxvz5,29.0,59768832
2026-09-16T14:43:23.035086+00:00,kai-scheduler,kai-scheduler-default-7f5cd888f7-lh8cb,8.0,25165824
2026-09-16T14:43:23.035086+00:00,kai-scheduler,pod-grouper-65456f756-4l2jm,1.0,11534336
2026-09-16T14:43:23.035086+00:00,kai-scheduler,podgroup-controller-68f9cc8dbf-2qvq4,5.0,11534336
2026-09-16T14:43:23.035086+00:00,kai-scheduler,queue-controller-f86fcd76c-gllp2,6.0,13631488
2026-09-16T14:43:23.035086+00:00,kube-system,coredns-8db54c48d-jsq8b,3.0,20971520
2026-09-16T14:43:23.035086+00:00,kube-system,kwok-controller-5cf8c7c44b-x7xbp,30.0,24117248
2026-09-16T14:43:23.035086+00:00,kube-system,local-path-provisioner-5d9d9885bc-vskmj,1.0,13631488
2026-09-16T14:43:23.035086+00:00,kube-system,metrics-server-786d997795-ldd7t,18.0,32505856
2026-09-16T14:43:23.035086+00:00,kube-system,svclb-traefik-7411b517-6x8cv,0.0,0
2026-09-16T14:43:23.035086+00:00,kube-system,traefik-9bcdbbd9-gmgcc,2.0,30408704
2026-09-16T14:43:23.035086+00:00,pyroscope,pyroscope-0,3.0,24117248
2026-09-16T14:43:23.035086+00:00,pyroscope,pyroscope-alloy-0,6.0,68157440
2026-09-16T14:43:29.279906+00:00,grove-system,grove-operator-646f9c68-pfjvq,7.0,34603008
2026-09-16T14:43:29.279906+00:00,kai-scheduler,admission-86666f457d-sk7lz,1.0,13631488
2026-09-16T14:43:29.279906+00:00,kai-scheduler,binder-869fc94c7-dc7lv,19.0,27262976
2026-09-16T14:43:29.279906+00:00,kai-scheduler,kai-operator-69b5d7bcf7-qxvz5,21.0,61865984
2026-09-16T14:43:29.279906+00:00,kai-scheduler,kai-scheduler-default-7f5cd888f7-lh8cb,23.0,46137344
2026-09-16T14:43:29.279906+00:00,kai-scheduler,pod-grouper-65456f756-4l2jm,1.0,11534336
2026-09-16T14:43:29.279906+00:00,kai-scheduler,podgroup-controller-68f9cc8dbf-2qvq4,1.0,11534336
2026-09-16T14:43:29.279906+00:00,kai-scheduler,queue-controller-f86fcd76c-gllp2,1.0,13631488
2026-09-16T14:43:29.279906+00:00,kube-system,coredns-8db54c48d-jsq8b,3.0,20971520
2026-09-16T14:43:29.279906+00:00,kube-system,kwok-controller-5cf8c7c44b-x7xbp,19.0,26214400
2026-09-16T14:43:29.279906+00:00,kube-system,local-path-provisioner-5d9d9885bc-vskmj,1.0,13631488
2026-09-16T14:43:29.279906+00:00,kube-system,metrics-server-75dc6f8d87-8nrhd,43.0,28311552
2026-09-16T14:43:29.279906+00:00,kube-system,metrics-server-786d997795-ldd7t,18.0,33554432
2026-09-16T14:43:29.279906+00:00,kube-system,svclb-traefik-7411b517-6x8cv,0.0,0
2026-09-16T14:43:29.279906+00:00,kube-system,traefik-9bcdbbd9-gmgcc,39.0,34603008
2026-09-16T14:43:29.279906+00:00,pyroscope,pyroscope-0,4.0,34603008
2026-09-16T14:43:29.279906+00:00,pyroscope,pyroscope-alloy-0,11.0,76546048
2026-09-16T14:43:35.526540+00:00,kai-scheduler,admission-86666f457d-sk7lz,1.0,15728640
2026-09-16T14:43:35.526540+00:00,kai-scheduler,binder-869fc94c7-dc7lv,9.0,66060288
2026-09-16T14:43:35.526540+00:00,kai-scheduler,kai-operator-69b5d7bcf7-qxvz5,2.0,59768832
2026-09-16T14:43:35.526540+00:00,kai-scheduler,kai-scheduler-default-7f5cd888f7-lh8cb,20.0,119537664
2026-09-16T14:43:35.526540+00:00,kai-scheduler,pod-grouper-65456f756-4l2jm,1.0,11534336
2026-09-16T14:43:35.526540+00:00,kai-scheduler,podgroup-controller-68f9cc8dbf-2qvq4,1.0,11534336
2026-09-16T14:43:35.526540+00:00,kai-scheduler,queue-controller-f86fcd76c-gllp2,1.0,13631488
2026-09-16T14:43:35.526540+00:00,kube-system,coredns-8db54c48d-jsq8b,9.0,22020096
2026-09-16T14:43:35.526540+00:00,kube-system,kwok-controller-5cf8c7c44b-x7xbp,116.0,29360128
2026-09-16T14:43:35.526540+00:00,kube-system,local-path-provisioner-5d9d9885bc-vskmj,1.0,13631488
2026-09-16T14:43:35.526540+00:00,kube-system,metrics-server-75dc6f8d87-8nrhd,7.0,39845888
2026-09-16T14:43:35.526540+00:00,kube-system,svclb-traefik-7411b517-6x8cv,0.0,0
2026-09-16T14:43:35.526540+00:00,kube-system,traefik-9bcdbbd9-gmgcc,12.0,49283072
2026-09-16T14:43:35.526540+00:00,pyroscope,pyroscope-0,6.0,58720256
2026-09-16T14:43:35.526540+00:00,pyroscope,pyroscope-alloy-0,4.0,118489088
2026-09-16T14:44:41.772606+00:00,grove-system,grove-operator-646f9c68-pfjvq,107.0,153092096
2026-09-16T14:44:41.772606+00:00,kai-scheduler,admission-86666f457d-sk7lz,1.0,15728640
2026-09-16T14:44:41.772606+00:00,kai-scheduler,binder-869fc94c7-dc7lv,1.0,66060288
2026-09-16T14:44:41.772606+00:00,kai-scheduler,kai-operator-69b5d7bcf7-qxvz5,3.0,60817408
2026-09-16T14:44:41.772606+00:00,kai-scheduler,kai-scheduler-default-7f5cd888f7-lh8cb,20.0,119537664
2026-09-16T14:44:41.772606+00:00,kai-scheduler,pod-grouper-65456f756-4l2jm,1.0,11534336
2026-09-16T14:44:41.772606+00:00,kai-scheduler,podgroup-controller-68f9cc8dbf-2qvq4,1.0,11534336
2026-09-16T14:44:41.772606+00:00,kai-scheduler,queue-controller-f86fcd76c-gllp2,1.0,13631488
2026-09-16T14:44:41.772606+00:00,kube-system,coredns-8db54c48d-jsq8b,10.0,23068672
2026-09-16T14:44:41.772606+00:00,kube-system,kwok-controller-5cf8c7c44b-x7xbp,12.0,30408704
2026-09-16T14:44:41.772606+00:00,kube-system,local-path-provisioner-5d9d9885bc-vskmj,1.0,15728640
2026-09-16T14:44:41.772606+00:00,kube-system,metrics-server-75dc6f8d87-8nrhd,6.0,39845888
2026-09-16T14:44:41.772606+00:00,kube-system,svclb-traefik-7411b517-6x8cv,0.0,0
2026-09-16T14:44:41.772606+00:00,kube-system,traefik-9bcdbbd9-gmgcc,12.0,52428800
2026-09-16T14:44:41.772606+00:00,pyroscope,pyroscope-0,6.0,57671680
2026-09-16T14:44:41.772606+00:00,pyroscope,pyroscope-alloy-0,4.0,118489088
2026-09-16T14:44:48.008199+00:00,grove-system,grove-operator-646f9c68-pfjvq,107.0,153092096
2026-09-16T14:44:48.008199+00:00,kai-scheduler,admission-86666f457d-sk7lz,1.0,15728640
2026-09-16T14:44:48.008199+00:00,kai-scheduler,binder-869fc94c7-dc7lv,1.0,66060288
2026-09-16T14:44:48.008199+00:00,kai-scheduler,kai-operator-69b5d7bcf7-qxvz5,3.0,60817408
2026-09-16T14:44:48.008199+00:00,kai-scheduler,kai-scheduler-default-7f5cd888f7-lh8cb,20.0,119537664
2026-09-16T14:44:48.008199+00:00,kai-scheduler,pod-grouper-65456f756-4l2jm,1.0,11534336
2026-09-16T14:44:48.008199+00:00,kai-scheduler,podgroup-controller-68f9cc8dbf-2qvq4,1.0,11534336
2026-09-16T14:44:48.008199+00:00,kai-scheduler,queue-controller-f86fcd76c-gllp2,1.0,13631488
2026-09-16T14:44:48.008199+00:00,kube-system,coredns-8db54c48d-jsq8b,10.0,23068672
2026-09-16T14:44:48.008199+00:00,kube-system,kwok-controller-5cf8c7c44b-x7xbp,12.0,30408704
2026-09-16T14:44:48.008199+00:00,kube-system,local-path-provisioner-5d9d9885bc-vskmj,1.0,15728640
2026-09-16T14:44:48.008199+00:00,kube-system,metrics-server-75dc6f8d87-8nrhd,6.0,39845888
2026-09-16T14:44:48.008199+00:00,kube-system,svclb-traefik-7411b517-6x8cv,0.0,0
2026-09-16T14:44:48.008199+00:00,kube-system,traefik-9bcdbbd9-gmgcc,12.0,52428800
2026-09-16T14:44:48.008199+00:00,pyroscope,pyroscope-0,6.0,57671680
2026-09-16T14:44:48.008199+00:00,pyroscope,pyroscope-alloy-0,4.0,118489088
2026-09-16T14:44:54.242903+00:00,grove-system,grove-operator-646f9c68-pfjvq,107.0,153092096
2026-09-16T14:44:54.242903+00:00,kai-scheduler,admission-86666f457d-sk7lz,1.0,15728640
2026-09-16T14:44:54.242903+00:00,kai-scheduler,binder-869fc94c7-dc7lv,1.0,66060288
2026-09-16T14:44:54.242903+00:00,kai-scheduler,kai-operator-69b5d7bcf7-qxvz5,3.0,60817408
2026-09-16T14:44:54.242903+00:00,kai-scheduler,kai-scheduler-default-7f5cd888f7-lh8cb,20.0,119537664
2026-09-16T14:44:54.242903+00:00,kai-scheduler,pod-grouper-65456f756-4l2jm,1.0,11534336
2026-09-16T14:44:54.242903+00:00,kai-scheduler,podgroup-controller-68f9cc8dbf-2qvq4,1.0,11534336
2026-09-16T14:44:54.242903+00:00,kai-scheduler,queue-controller-f86fcd76c-gllp2,1.0,13631488
2026-09-16T14:44:54.242903+00:00,kube-system,coredns-8db54c48d-jsq8b,10.0,23068672
2026-09-16T14:44:54.242903+00:00,kube-system,kwok-controller-5cf8c7c44b-x7xbp,12.0,30408704
2026-09-16T14:44:54.242903+00:00,kube-system,local-path-provisioner-5d9d9885bc-vskmj,1.0,15728640
2026-09-16T14:44:54.242903+00:00,kube-system,metrics-server-75dc6f8d87-8nrhd,6.0,39845888
2026-09-16T14:44:54.242903+00:00,kube-system,svclb-traefik-7411b517-6x8cv,0.0,0
2026-09-16T14:44:54.242903+00:00,kube-system,traefik-9bcdbbd9-gmgcc,12.0,52428800
2026-09-16T14:44:54.242903+00:00,pyroscope,pyroscope-0,6.0,57671680
2026-09-16T14:44:54.242903+00:00,pyroscope,pyroscope-alloy-0,4.0,118489088
2026-09-16T14:45:00.486895+00:00,grove-system,grove-operator-646f9c68-pfjvq,33.0,155189248
2026-09-16T14:45:00.486895+00:00,kai-scheduler,admission-86666f457d-sk7lz,1.0,15728640
2026-09-16T14:45:00.486895+00:00,kai-scheduler,binder-869fc94c7-dc7lv,1.0,67108864
2026-09-16T14:45:00.486895+00:00,kai-scheduler,kai-operator-69b5d7bcf7-qxvz5,3.0,60817408
2026-09-16T14:45:00.486895+00:00,kai-scheduler,kai-scheduler-default-7f5cd888f7-lh8cb,16.0,123731968
2026-09-16T14:45:00.486895+00:00,kai-scheduler,pod-grouper-65456f756-4l2jm,1.0,11534336
2026-09-16T14:45:00.486895+00:00,kai-scheduler,podgroup-controller-68f9cc8dbf-2qvq4,1.0,11534336
2026-09-16T14:45:00.486895+00:00,kai-scheduler,queue-controller-f86fcd76c-gllp2,1.0,13631488
2026-09-16T14:45:00.486895+00:00,kube-system,coredns-8db54c48d-jsq8b,5.0,26214400
2026-09-16T14:45:00.486895+00:00,kube-system,kwok-controller-5cf8c7c44b-x7xbp,10.0,31457280
2026-09-16T14:45:00.486895+00:00,kube-system,local-path-provisioner-5d9d9885bc-vskmj,1.0,15728640
2026-09-16T14:45:00.486895+00:00,kube-system,metrics-server-75dc6f8d87-8nrhd,6.0,39845888
2026-09-16T14:45:00.486895+00:00,kube-system,svclb-traefik-7411b517-6x8cv,0.0,0
2026-09-16T14:45:00.486895+00:00,kube-system,traefik-9bcdbbd9-gmgcc,4.0,51380224
2026-09-16T14:45:00.486895+00:00,pyroscope,pyroscope-0,6.0,58720256
2026-09-16T14:45:00.486895+00:00,pyroscope,pyroscope-alloy-0,4.0,126877696
2026-09-16T14:45:06.726694+00:00,grove-system,grove-operator-646f9c68-pfjvq,33.0,155189248
2026-09-16T14:45:06.726694+00:00,kai-scheduler,admission-86666f457d-sk7lz,1.0,15728640
2026-09-16T14:45:06.726694+00:00,kai-scheduler,binder-869fc94c7-dc7lv,1.0,67108864
2026-09-16T14:45:06.726694+00:00,kai-scheduler,kai-operator-69b5d7bcf7-qxvz5,3.0,60817408
2026-09-16T14:45:06.726694+00:00,kai-scheduler,kai-scheduler-default-7f5cd888f7-lh8cb,16.0,123731968
2026-09-16T14:45:06.726694+00:00,kai-scheduler,pod-grouper-65456f756-4l2jm,1.0,11534336
2026-09-16T14:45:06.726694+00:00,kai-scheduler,podgroup-controller-68f9cc8dbf-2qvq4,1.0,11534336
2026-09-16T14:45:06.726694+00:00,kai-scheduler,queue-controller-f86fcd76c-gllp2,1.0,13631488
2026-09-16T14:45:06.726694+00:00,kube-system,coredns-8db54c48d-jsq8b,5.0,26214400
2026-09-16T14:45:06.726694+00:00,kube-system,kwok-controller-5cf8c7c44b-x7xbp,10.0,31457280
2026-09-16T14:45:06.726694+00:00,kube-system,local-path-provisioner-5d9d9885bc-vskmj,1.0,15728640
2026-09-16T14:45:06.726694+00:00,kube-system,metrics-server-75dc6f8d87-8nrhd,6.0,39845888
2026-09-16T14:45:06.726694+00:00,kube-system,svclb-traefik-7411b517-6x8cv,0.0,0
2026-09-16T14:45:06.726694+00:00,kube-system,traefik-9bcdbbd9-gmgcc,4.0,51380224
2026-09-16T14:45:06.726694+00:00,pyroscope,pyroscope-0,6.0,58720256
2026-09-16T14:45:06.726694+00:00,pyroscope,pyroscope-alloy-0,4.0,126877696
2026-09-16T14:45:12.964351+00:00,grove-system,grove-operator-646f9c68-pfjvq,32.0,153092096
2026-09-16T14:45:12.964351+00:00,kai-scheduler,admission-86666f457d-sk7lz,1.0,15728640
2026-09-16T14:45:12.964351+00:00,kai-scheduler,binder-869fc94c7-dc7lv,13.0,68157440
2026-09-16T14:45:12.964351+00:00,kai-scheduler,kai-operator-69b5d7bcf7-qxvz5,2.0,58720256
2026-09-16T14:45:12.964351+00:00,kai-scheduler,kai-scheduler-default-7f5cd888f7-lh8cb,16.0,123731968
2026-09-16T14:45:12.964351+00:00,kai-scheduler,pod-grouper-65456f756-4l2jm,1.0,11534336
2026-09-16T14:45:12.964351+00:00,kai-scheduler,podgroup-controller-68f9cc8dbf-2qvq4,1.0,11534336
2026-09-16T14:45:12.964351+00:00,kai-scheduler,queue-controller-f86fcd76c-gllp2,1.0,13631488
2026-09-16T14:45:12.964351+00:00,kube-system,coredns-8db54c48d-jsq8b,3.0,27262976
2026-09-16T14:45:12.964351+00:00,kube-system,kwok-controller-5cf8c7c44b-x7xbp,22.0,32505856
2026-09-16T14:45:12.964351+00:00,kube-system,local-path-provisioner-5d9d9885bc-vskmj,1.0,15728640
2026-09-16T14:45:12.964351+00:00,kube-system,metrics-server-75dc6f8d87-8nrhd,10.0,49283072
2026-09-16T14:45:12.964351+00:00,kube-system,svclb-traefik-7411b517-6x8cv,0.0,0
2026-09-16T14:45:12.964351+00:00,kube-system,traefik-9bcdbbd9-gmgcc,3.0,50331648
2026-09-16T14:45:12.964351+00:00,pyroscope,pyroscope-0,5.0,59768832
2026-09-16T14:45:12.964351+00:00,pyroscope,pyroscope-alloy-0,11.0,131072000
2026-09-16T14:45:19.204281+00:00,grove-system,grove-operator-646f9c68-pfjvq,32.0,153092096
2026-09-16T14:45:19.204281+00:00,kai-scheduler,admission-86666f457d-sk7lz,1.0,15728640
2026-09-16T14:45:19.204281+00:00,kai-scheduler,binder-869fc94c7-dc7lv,13.0,68157440
2026-09-16T14:45:19.204281+00:00,kai-scheduler,kai-operator-69b5d7bcf7-qxvz5,2.0,58720256
2026-09-16T14:45:19.204281+00:00,kai-scheduler,kai-scheduler-default-7f5cd888f7-lh8cb,16.0,123731968
2026-09-16T14:45:19.204281+00:00,kai-scheduler,pod-grouper-65456f756-4l2jm,1.0,11534336
2026-09-16T14:45:19.204281+00:00,kai-scheduler,podgroup-controller-68f9cc8dbf-2qvq4,1.0,11534336
2026-09-16T14:45:19.204281+00:00,kai-scheduler,queue-controller-f86fcd76c-gllp2,1.0,13631488
2026-09-16T14:45:19.204281+00:00,kube-system,coredns-8db54c48d-jsq8b,3.0,27262976
2026-09-16T14:45:19.204281+00:00,kube-system,kwok-controller-5cf8c7c44b-x7xbp,22.0,32505856
2026-09-16T14:45:19.204281+00:00,kube-system,local-path-provisioner-5d9d9885bc-vskmj,1.0,15728640
2026-09-16T14:45:19.204281+00:00,kube-system,metrics-server-75dc6f8d87-8nrhd,10.0,49283072
2026-09-16T14:45:19.204281+00:00,kube-system,svclb-traefik-7411b517-6x8cv,0.0,0
2026-09-16T14:45:19.204281+00:00,kube-system,traefik-9bcdbbd9-gmgcc,3.0,50331648
2026-09-16T14:45:19.204281+00:00,pyroscope,pyroscope-0,5.0,59768832
2026-09-16T14:45:19.204281+00:00,pyroscope,pyroscope-alloy-0,11.0,131072000
2026-09-16T14:45:25.444976+00:00,grove-system,grove-operator-646f9c68-pfjvq,32.0,153092096
2026-09-16T14:45:25.444976+00:00,kai-scheduler,admission-86666f457d-sk7lz,1.0,15728640
2026-09-16T14:45:25.444976+00:00,kai-scheduler,binder-869fc94c7-dc7lv,13.0,68157440
2026-09-16T14:45:25.444976+00:00,kai-scheduler,kai-operator-69b5d7bcf7-qxvz5,2.0,58720256
2026-09-16T14:45:25.444976+00:00,kai-scheduler,kai-scheduler-default-7f5cd888f7-lh8cb,16.0,123731968
2026-09-16T14:45:25.444976+00:00,kai-scheduler,pod-grouper-65456f756-4l2jm,1.0,11534336
2026-09-16T14:45:25.444976+00:00,kai-scheduler,podgroup-controller-68f9cc8dbf-2qvq4,1.0,11534336
2026-09-16T14:45:25.444976+00:00,kai-scheduler,queue-controller-f86fcd76c-gllp2,1.0,13631488
2026-09-16T14:45:25.444976+00:00,kube-system,coredns-8db54c48d-jsq8b,3.0,27262976
2026-09-16T14:45:25.444976+00:00,kube-system,kwok-controller-5cf8c7c44b-x7xbp,22.0,32505856
2026-09-16T14:45:25.444976+00:00,kube-system,local-path-provisioner-5d9d9885bc-vskmj,1.0,15728640
2026-09-16T14:45:25.444976+00:00,kube-system,metrics-server-75dc6f8d87-8nrhd,10.0,49283072
2026-09-16T14:45:25.444976+00:00,kube-system,svclb-traefik-7411b517-6x8cv,0.0,0
2026-09-16T14:45:25.444976+00:00,kube-system,traefik-9bcdbbd9-gmgcc,3.0,50331648
2026-09-16T14:45:25.444976+00:00,pyroscope,pyroscope-0,5.0,59768832
2026-09-16T14:45:25.444976+00:00,pyroscope,pyroscope-alloy-0,11.0,131072000
2026-09-16T14:45:31.684123+00:00,grove-system,grove-operator-646f9c68-pfjvq,26.0,152043520
2026-09-16T14:45:31.684123+00:00,kai-scheduler,admission-86666f457d-sk7lz,1.0,15728640
2026-09-16T14:45:31.684123+00:00,kai-scheduler,binder-869fc94c7-dc7lv,32.0,67108864
2026-09-16T14:45:31.684123+00:00,kai-scheduler,kai-operator-69b5d7bcf7-qxvz5,1.0,58720256
2026-09-16T14:45:31.684123+00:00,kai-scheduler,kai-scheduler-default-7f5cd888f7-lh8cb,25.0,128974848
2026-09-16T14:45:31.684123+00:00,kai-scheduler,pod-grouper-65456f756-4l2jm,1.0,11534336
2026-09-16T14:45:31.684123+00:00,kai-scheduler,podgroup-controller-68f9cc8dbf-2qvq4,1.0,11534336
2026-09-16T14:45:31.684123+00:00,kai-scheduler,queue-controller-f86fcd76c-gllp2,1.0,13631488
2026-09-16T14:45:31.684123+00:00,kube-system,coredns-8db54c48d-jsq8b,4.0,25165824
2026-09-16T14:45:31.684123+00:00,kube-system,kwok-controller-5cf8c7c44b-x7xbp,56.0,32505856
2026-09-16T14:45:31.684123+00:00,kube-system,local-path-provisioner-5d9d9885bc-vskmj,1.0,15728640
2026-09-16T14:45:31.684123+00:00,kube-system,metrics-server-75dc6f8d87-8nrhd,22.0,52428800
2026-09-16T14:45:31.684123+00:00,kube-system,svclb-traefik-7411b517-6x8cv,0.0,0
2026-09-16T14:45:31.684123+00:00,kube-system,traefik-9bcdbbd9-gmgcc,4.0,50331648
2026-09-16T14:45:31.684123+00:00,pyroscope,pyroscope-0,5.0,59768832
2026-09-16T14:45:31.684123+00:00,pyroscope,pyroscope-alloy-0,34.0,133169152
2026-09-16T14:45:37.924353+00:00,grove-system,grove-operator-646f9c68-pfjvq,26.0,152043520
2026-09-16T14:45:37.924353+00:00,kai-scheduler,admission-86666f457d-sk7lz,1.0,15728640
2026-09-16T14:45:37.924353+00:00,kai-scheduler,binder-869fc94c7-dc7lv,32.0,67108864
2026-09-16T14:45:37.924353+00:00,kai-scheduler,kai-operator-69b5d7bcf7-qxvz5,1.0,58720256
2026-09-16T14:45:37.924353+00:00,kai-scheduler,kai-scheduler-default-7f5cd888f7-lh8cb,25.0,128974848
2026-09-16T14:45:37.924353+00:00,kai-scheduler,pod-grouper-65456f756-4l2jm,1.0,11534336
2026-09-16T14:45:37.924353+00:00,kai-scheduler,podgroup-controller-68f9cc8dbf-2qvq4,1.0,11534336
2026-09-16T14:45:37.924353+00:00,kai-scheduler,queue-controller-f86fcd76c-gllp2,1.0,13631488
2026-09-16T14:45:37.924353+00:00,kube-system,coredns-8db54c48d-jsq8b,4.0,25165824
2026-09-16T14:45:37.924353+00:00,kube-system,kwok-controller-5cf8c7c44b-x7xbp,56.0,32505856
2026-09-16T14:45:37.924353+00:00,kube-system,local-path-provisioner-5d9d9885bc-vskmj,1.0,15728640
2026-09-16T14:45:37.924353+00:00,kube-system,metrics-server-75dc6f8d87-8nrhd,22.0,52428800
2026-09-16T14:45:37.924353+00:00,kube-system,svclb-traefik-7411b517-6x8cv,0.0,0
2026-09-16T14:45:37.924353+00:00,kube-system,traefik-9bcdbbd9-gmgcc,4.0,50331648
2026-09-16T14:45:37.924353+00:00,pyroscope,pyroscope-0,5.0,59768832
2026-09-16T14:45:37.924353+00:00,pyroscope,pyroscope-alloy-0,34.0,133169152
2026-09-16T14:45:44.161848+00:00,grove-system,grove-operator-646f9c68-pfjvq,28.0,154140672
2026-09-16T14:45:44.161848+00:00,kai-scheduler,admission-86666f457d-sk7lz,1.0,15728640
2026-09-16T14:45:44.161848+00:00,kai-scheduler,binder-869fc94c7-dc7lv,33.0,68157440
2026-09-16T14:45:44.161848+00:00,kai-scheduler,kai-operator-69b5d7bcf7-qxvz5,2.0,58720256
2026-09-16T14:45:44.161848+00:00,kai-scheduler,kai-scheduler-default-7f5cd888f7-lh8cb,31.0,106954752
2026-09-16T14:45:44.161848+00:00,kai-scheduler,pod-grouper-65456f756-4l2jm,1.0,11534336
2026-09-16T14:45:44.161848+00:00,kai-scheduler,podgroup-controller-68f9cc8dbf-2qvq4,1.0,11534336
2026-09-16T14:45:44.161848+00:00,kai-scheduler,queue-controller-f86fcd76c-gllp2,1.0,13631488
2026-09-16T14:45:44.161848+00:00,kube-system,coredns-8db54c48d-jsq8b,4.0,26214400
2026-09-16T14:45:44.161848+00:00,kube-system,kwok-controller-5cf8c7c44b-x7xbp,65.0,32505856
2026-09-16T14:45:44.161848+00:00,kube-system,local-path-provisioner-5d9d9885bc-vskmj,1.0,15728640
2026-09-16T14:45:44.161848+00:00,kube-system,metrics-server-75dc6f8d87-8nrhd,22.0,52428800
2026-09-16T14:45:44.161848+00:00,kube-system,svclb-traefik-7411b517-6x8cv,0.0,0
2026-09-16T14:45:44.161848+00:00,kube-system,traefik-9bcdbbd9-gmgcc,7.0,51380224
2026-09-16T14:45:44.161848+00:00,pyroscope,pyroscope-0,7.0,66060288
2026-09-16T14:45:44.161848+00:00,pyroscope,pyroscope-alloy-0,41.0,134217728
2026-09-16T14:45:50.400955+00:00,grove-system,grove-operator-646f9c68-pfjvq,28.0,154140672
2026-09-16T14:45:50.400955+00:00,kai-scheduler,admission-86666f457d-sk7lz,1.0,15728640
2026-09-16T14:45:50.400955+00:00,kai-scheduler,binder-869fc94c7-dc7lv,33.0,68157440
2026-09-16T14:45:50.400955+00:00,kai-scheduler,kai-operator-69b5d7bcf7-qxvz5,2.0,58720256
2026-09-16T14:45:50.400955+00:00,kai-scheduler,kai-scheduler-default-7f5cd888f7-lh8cb,31.0,106954752
2026-09-16T14:45:50.400955+00:00,kai-scheduler,pod-grouper-65456f756-4l2jm,1.0,11534336
2026-09-16T14:45:50.400955+00:00,kai-scheduler,podgroup-controller-68f9cc8dbf-2qvq4,1.0,11534336
2026-09-16T14:45:50.400955+00:00,kai-scheduler,queue-controller-f86fcd76c-gllp2,1.0,13631488
2026-09-16T14:45:50.400955+00:00,kube-system,coredns-8db54c48d-jsq8b,4.0,26214400
2026-09-16T14:45:50.400955+00:00,kube-system,kwok-controller-5cf8c7c44b-x7xbp,65.0,32505856
2026-09-16T14:45:50.400955+00:00,kube-system,local-path-provisioner-5d9d9885bc-vskmj,1.0,15728640
2026-09-16T14:45:50.400955+00:00,kube-system,metrics-server-75dc6f8d87-8nrhd,22.0,52428800
2026-09-16T14:45:50.400955+00:00,kube-system,svclb-traefik-7411b517-6x8cv,0.0,0
2026-09-16T14:45:50.400955+00:00,kube-system,traefik-9bcdbbd9-gmgcc,7.0,51380224
2026-09-16T14:45:50.400955+00:00,pyroscope,pyroscope-0,7.0,66060288
2026-09-16T14:45:50.400955+00:00,pyroscope,pyroscope-alloy-0,41.0,134217728
2026-09-16T14:45:56.639953+00:00,grove-system,grove-operator-646f9c68-pfjvq,33.0,154140672
2026-09-16T14:45:56.639953+00:00,kai-scheduler,admission-86666f457d-sk7lz,1.0,15728640
2026-09-16T14:45:56.639953+00:00,kai-scheduler,binder-869fc94c7-dc7lv,6.0,66060288
2026-09-16T14:45:56.639953+00:00,kai-scheduler,kai-operator-69b5d7bcf7-qxvz5,3.0,59768832
2026-09-16T14:45:56.639953+00:00,kai-scheduler,kai-scheduler-default-7f5cd888f7-lh8cb,9.0,103809024
2026-09-16T14:45:56.639953+00:00,kai-scheduler,pod-grouper-65456f756-4l2jm,1.0,11534336
2026-09-16T14:45:56.639953+00:00,kai-scheduler,podgroup-controller-68f9cc8dbf-2qvq4,1.0,11534336
2026-09-16T14:45:56.639953+00:00,kai-scheduler,queue-controller-f86fcd76c-gllp2,1.0,13631488
2026-09-16T14:45:56.639953+00:00,kube-system,coredns-8db54c48d-jsq8b,4.0,27262976
2026-09-16T14:45:56.639953+00:00,kube-system,kwok-controller-5cf8c7c44b-x7xbp,32.0,30408704
2026-09-16T14:45:56.639953+00:00,kube-system,local-path-provisioner-5d9d9885bc-vskmj,1.0,15728640
2026-09-16T14:45:56.639953+00:00,kube-system,metrics-server-75dc6f8d87-8nrhd,14.0,51380224
2026-09-16T14:45:56.639953+00:00,kube-system,svclb-traefik-7411b517-6x8cv,0.0,0
2026-09-16T14:45:56.639953+00:00,kube-system,traefik-9bcdbbd9-gmgcc,4.0,51380224
2026-09-16T14:45:56.639953+00:00,pyroscope,pyroscope-0,7.0,66060288
2026-09-16T14:45:56.639953+00:00,pyroscope,pyroscope-alloy-0,11.0,133169152
2026-09-16T14:46:02.881477+00:00,grove-system,grove-operator-646f9c68-pfjvq,33.0,154140672
2026-09-16T14:46:02.881477+00:00,kai-scheduler,admission-86666f457d-sk7lz,1.0,15728640
2026-09-16T14:46:02.881477+00:00,kai-scheduler,binder-869fc94c7-dc7lv,6.0,66060288
2026-09-16T14:46:02.881477+00:00,kai-scheduler,kai-operator-69b5d7bcf7-qxvz5,3.0,59768832
2026-09-16T14:46:02.881477+00:00,kai-scheduler,kai-scheduler-default-7f5cd888f7-lh8cb,9.0,103809024
2026-09-16T14:46:02.881477+00:00,kai-scheduler,pod-grouper-65456f756-4l2jm,1.0,11534336
2026-09-16T14:46:02.881477+00:00,kai-scheduler,podgroup-controller-68f9cc8dbf-2qvq4,1.0,11534336
2026-09-16T14:46:02.881477+00:00,kai-scheduler,queue-controller-f86fcd76c-gllp2,1.0,13631488
2026-09-16T14:46:02.881477+00:00,kube-system,coredns-8db54c48d-jsq8b,4.0,27262976
2026-09-16T14:46:02.881477+00:00,kube-system,kwok-controller-5cf8c7c44b-x7xbp,32.0,30408704
2026-09-16T14:46:02.881477+00:00,kube-system,local-path-provisioner-5d9d9885bc-vskmj,1.0,15728640
2026-09-16T14:46:02.881477+00:00,kube-system,metrics-server-75dc6f8d87-8nrhd,14.0,51380224
2026-09-16T14:46:02.881477+00:00,kube-system,svclb-traefik-7411b517-6x8cv,0.0,0
2026-09-16T14:46:02.881477+00:00,kube-system,traefik-9bcdbbd9-gmgcc,4.0,51380224
2026-09-16T14:46:02.881477+00:00,pyroscope,pyroscope-0,7.0,66060288
2026-09-16T14:46:02.881477+00:00,pyroscope,pyroscope-alloy-0,11.0,133169152
2026-09-16T14:46:09.120093+00:00,grove-system,grove-operator-646f9c68-pfjvq,33.0,154140672
2026-09-16T14:46:09.120093+00:00,kai-scheduler,admission-86666f457d-sk7lz,1.0,15728640
2026-09-16T14:46:09.120093+00:00,kai-scheduler,binder-869fc94c7-dc7lv,6.0,66060288
2026-09-16T14:46:09.120093+00:00,kai-scheduler,kai-operator-69b5d7bcf7-qxvz5,3.0,59768832
2026-09-16T14:46:09.120093+00:00,kai-scheduler,kai-scheduler-default-7f5cd888f7-lh8cb,9.0,103809024
2026-09-16T14:46:09.120093+00:00,kai-scheduler,pod-grouper-65456f756-4l2jm,1.0,11534336
2026-09-16T14:46:09.120093+00:00,kai-scheduler,podgroup-controller-68f9cc8dbf-2qvq4,1.0,11534336
2026-09-16T14:46:09.120093+00:00,kai-scheduler,queue-controller-f86fcd76c-gllp2,1.0,13631488
2026-09-16T14:46:09.120093+00:00,kube-system,coredns-8db54c48d-jsq8b,4.0,27262976
2026-09-16T14:46:09.120093+00:00,kube-system,kwok-controller-5cf8c7c44b-x7xbp,32.0,30408704
2026-09-16T14:46:09.120093+00:00,kube-system,local-path-provisioner-5d9d9885bc-vskmj,1.0,15728640
2026-09-16T14:46:09.120093+00:00,kube-system,metrics-server-75dc6f8d87-8nrhd,14.0,51380224
2026-09-16T14:46:09.120093+00:00,kube-system,svclb-traefik-7411b517-6x8cv,0.0,0
2026-09-16T14:46:09.120093+00:00,kube-system,traefik-9bcdbbd9-gmgcc,4.0,51380224
2026-09-16T14:46:09.120093+00:00,pyroscope,pyroscope-0,7.0,66060288
2026-09-16T14:46:09.120093+00:00,pyroscope,pyroscope-alloy-0,11.0,133169152
2026-09-16T14:46:15.359062+00:00,grove-system,grove-operator-646f9c68-pfjvq,30.0,154140672
2026-09-16T14:46:15.359062+00:00,kai-scheduler,admission-86666f457d-sk7lz,1.0,16777216
2026-09-16T14:46:15.359062+00:00,kai-scheduler,binder-869fc94c7-dc7lv,1.0,66060288
2026-09-16T14:46:15.359062+00:00,kai-scheduler,kai-operator-69b5d7bcf7-qxvz5,3.0,59768832
2026-09-16T14:46:15.359062+00:00,kai-scheduler,kai-scheduler-default-7f5cd888f7-lh8cb,9.0,103809024
2026-09-16T14:46:15.359062+00:00,kai-scheduler,pod-grouper-65456f756-4l2jm,1.0,11534336
2026-09-16T14:46:15.359062+00:00,kai-scheduler,podgroup-controller-68f9cc8dbf-2qvq4,1.0,11534336
2026-09-16T14:46:15.359062+00:00,kai-scheduler,queue-controller-f86fcd76c-gllp2,1.0,13631488
2026-09-16T14:46:15.359062+00:00,kube-system,coredns-8db54c48d-jsq8b,4.0,27262976
2026-09-16T14:46:15.359062+00:00,kube-system,kwok-controller-5cf8c7c44b-x7xbp,11.0,30408704
2026-09-16T14:46:15.359062+00:00,kube-system,local-path-provisioner-5d9d9885bc-vskmj,1.0,15728640
2026-09-16T14:46:15.359062+00:00,kube-system,metrics-server-75dc6f8d87-8nrhd,7.0,51380224
2026-09-16T14:46:15.359062+00:00,kube-system,svclb-traefik-7411b517-6x8cv,0.0,0
2026-09-16T14:46:15.359062+00:00,kube-system,traefik-9bcdbbd9-gmgcc,3.0,51380224
2026-09-16T14:46:15.359062+00:00,pyroscope,pyroscope-0,6.0,65011712
2026-09-16T14:46:15.359062+00:00,pyroscope,pyroscope-alloy-0,4.0,141557760
2026-09-16T14:46:21.595818+00:00,grove-system,grove-operator-646f9c68-pfjvq,30.0,154140672
2026-09-16T14:46:21.595818+00:00,kai-scheduler,admission-86666f457d-sk7lz,1.0,16777216
2026-09-16T14:46:21.595818+00:00,kai-scheduler,binder-869fc94c7-dc7lv,1.0,66060288
2026-09-16T14:46:21.595818+00:00,kai-scheduler,kai-operator-69b5d7bcf7-qxvz5,3.0,59768832
2026-09-16T14:46:21.595818+00:00,kai-scheduler,kai-scheduler-default-7f5cd888f7-lh8cb,9.0,103809024
2026-09-16T14:46:21.595818+00:00,kai-scheduler,pod-grouper-65456f756-4l2jm,1.0,11534336
2026-09-16T14:46:21.595818+00:00,kai-scheduler,podgroup-controller-68f9cc8dbf-2qvq4,1.0,11534336
2026-09-16T14:46:21.595818+00:00,kai-scheduler,queue-controller-f86fcd76c-gllp2,1.0,13631488
2026-09-16T14:46:21.595818+00:00,kube-system,coredns-8db54c48d-jsq8b,4.0,27262976
2026-09-16T14:46:21.595818+00:00,kube-system,kwok-controller-5cf8c7c44b-x7xbp,11.0,30408704
2026-09-16T14:46:21.595818+00:00,kube-system,local-path-provisioner-5d9d9885bc-vskmj,1.0,15728640
2026-09-16T14:46:21.595818+00:00,kube-system,metrics-server-75dc6f8d87-8nrhd,7.0,51380224
2026-09-16T14:46:21.595818+00:00,kube-system,svclb-traefik-7411b517-6x8cv,0.0,0
2026-09-16T14:46:21.595818+00:00,kube-system,traefik-9bcdbbd9-gmgcc,3.0,51380224
2026-09-16T14:46:21.595818+00:00,pyroscope,pyroscope-0,6.0,65011712
2026-09-16T14:46:21.595818+00:00,pyroscope,pyroscope-alloy-0,4.0,141557760
2026-09-16T14:46:27.830685+00:00,grove-system,grove-operator-646f9c68-pfjvq,34.0,149946368
2026-09-16T14:46:27.830685+00:00,kai-scheduler,admission-86666f457d-sk7lz,1.0,16777216
2026-09-16T14:46:27.830685+00:00,kai-scheduler,binder-869fc94c7-dc7lv,1.0,66060288
2026-09-16T14:46:27.830685+00:00,kai-scheduler,kai-operator-69b5d7bcf7-qxvz5,3.0,60817408
2026-09-16T14:46:27.830685+00:00,kai-scheduler,kai-scheduler-default-7f5cd888f7-lh8cb,10.0,101711872
2026-09-16T14:46:27.830685+00:00,kai-scheduler,pod-grouper-65456f756-4l2jm,1.0,11534336
2026-09-16T14:46:27.830685+00:00,kai-scheduler,podgroup-controller-68f9cc8dbf-2qvq4,1.0,11534336
2026-09-16T14:46:27.830685+00:00,kai-scheduler,queue-controller-f86fcd76c-gllp2,1.0,13631488
2026-09-16T14:46:27.830685+00:00,kube-system,coredns-8db54c48d-jsq8b,3.0,27262976
2026-09-16T14:46:27.830685+00:00,kube-system,kwok-controller-5cf8c7c44b-x7xbp,10.0,30408704
2026-09-16T14:46:27.830685+00:00,kube-system,local-path-provisioner-5d9d9885bc-vskmj,1.0,15728640
2026-09-16T14:46:27.830685+00:00,kube-system,metrics-server-75dc6f8d87-8nrhd,6.0,51380224
2026-09-16T14:46:27.830685+00:00,kube-system,svclb-traefik-7411b517-6x8cv,0.0,0
2026-09-16T14:46:27.830685+00:00,kube-system,traefik-9bcdbbd9-gmgcc,3.0,51380224
2026-09-16T14:46:27.830685+00:00,pyroscope,pyroscope-0,5.0,60817408
2026-09-16T14:46:27.830685+00:00,pyroscope,pyroscope-alloy-0,8.0,142606336
2026-09-16T14:46:34.070770+00:00,grove-system,grove-operator-646f9c68-pfjvq,34.0,149946368
2026-09-16T14:46:34.070770+00:00,kai-scheduler,admission-86666f457d-sk7lz,1.0,16777216
2026-09-16T14:46:34.070770+00:00,kai-scheduler,binder-869fc94c7-dc7lv,1.0,66060288
2026-09-16T14:46:34.070770+00:00,kai-scheduler,kai-operator-69b5d7bcf7-qxvz5,3.0,60817408
2026-09-16T14:46:34.070770+00:00,kai-scheduler,kai-scheduler-default-7f5cd888f7-lh8cb,10.0,101711872
2026-09-16T14:46:34.070770+00:00,kai-scheduler,pod-grouper-65456f756-4l2jm,1.0,11534336
2026-09-16T14:46:34.070770+00:00,kai-scheduler,podgroup-controller-68f9cc8dbf-2qvq4,1.0,11534336
2026-09-16T14:46:34.070770+00:00,kai-scheduler,queue-controller-f86fcd76c-gllp2,1.0,13631488
2026-09-16T14:46:34.070770+00:00,kube-system,coredns-8db54c48d-jsq8b,3.0,27262976
2026-09-16T14:46:34.070770+00:00,kube-system,kwok-controller-5cf8c7c44b-x7xbp,10.0,30408704
2026-09-16T14:46:34.070770+00:00,kube-system,local-path-provisioner-5d9d9885bc-vskmj,1.0,15728640
2026-09-16T14:46:34.070770+00:00,kube-system,metrics-server-75dc6f8d87-8nrhd,6.0,51380224
2026-09-16T14:46:34.070770+00:00,kube-system,svclb-traefik-7411b517-6x8cv,0.0,0
2026-09-16T14:46:34.070770+00:00,kube-system,traefik-9bcdbbd9-gmgcc,3.0,51380224
2026-09-16T14:46:34.070770+00:00,pyroscope,pyroscope-0,5.0,60817408
2026-09-16T14:46:34.070770+00:00,pyroscope,pyroscope-alloy-0,8.0,142606336
2026-09-16T14:46:40.317011+00:00,grove-system,grove-operator-646f9c68-pfjvq,34.0,149946368
2026-09-16T14:46:40.317011+00:00,kai-scheduler,admission-86666f457d-sk7lz,1.0,16777216
2026-09-16T14:46:40.317011+00:00,kai-scheduler,binder-869fc94c7-dc7lv,1.0,66060288
2026-09-16T14:46:40.317011+00:00,kai-scheduler,kai-operator-69b5d7bcf7-qxvz5,3.0,60817408
2026-09-16T14:46:40.317011+00:00,kai-scheduler,kai-scheduler-default-7f5cd888f7-lh8cb,10.0,101711872
2026-09-16T14:46:40.317011+00:00,kai-scheduler,pod-grouper-65456f756-4l2jm,1.0,11534336
2026-09-16T14:46:40.317011+00:00,kai-scheduler,podgroup-controller-68f9cc8dbf-2qvq4,1.0,11534336
2026-09-16T14:46:40.317011+00:00,kai-scheduler,queue-controller-f86fcd76c-gllp2,1.0,13631488
2026-09-16T14:46:40.317011+00:00,kube-system,coredns-8db54c48d-jsq8b,3.0,27262976
2026-09-16T14:46:40.317011+00:00,kube-system,kwok-controller-5cf8c7c44b-x7xbp,10.0,30408704
2026-09-16T14:46:40.317011+00:00,kube-system,local-path-provisioner-5d9d9885bc-vskmj,1.0,15728640
2026-09-16T14:46:40.317011+00:00,kube-system,metrics-server-75dc6f8d87-8nrhd,6.0,51380224
2026-09-16T14:46:40.317011+00:00,kube-system,svclb-traefik-7411b517-6x8cv,0.0,0
2026-09-16T14:46:40.317011+00:00,kube-system,traefik-9bcdbbd9-gmgcc,3.0,51380224
2026-09-16T14:46:40.317011+00:00,pyroscope,pyroscope-0,5.0,60817408
2026-09-16T14:46:40.317011+00:00,pyroscope,pyroscope-alloy-0,8.0,142606336
2026-09-16T14:46:46.556777+00:00,grove-system,grove-operator-646f9c68-pfjvq,31.0,149946368
2026-09-16T14:46:46.556777+00:00,kai-scheduler,admission-86666f457d-sk7lz,1.0,16777216
2026-09-16T14:46:46.556777+00:00,kai-scheduler,binder-869fc94c7-dc7lv,1.0,66060288
2026-09-16T14:46:46.556777+00:00,kai-scheduler,kai-operator-69b5d7bcf7-qxvz5,2.0,59768832
2026-09-16T14:46:46.556777+00:00,kai-scheduler,kai-scheduler-default-7f5cd888f7-lh8cb,9.0,103809024
2026-09-16T14:46:46.556777+00:00,kai-scheduler,pod-grouper-65456f756-4l2jm,1.0,11534336
2026-09-16T14:46:46.556777+00:00,kai-scheduler,podgroup-controller-68f9cc8dbf-2qvq4,1.0,11534336
2026-09-16T14:46:46.556777+00:00,kai-scheduler,queue-controller-f86fcd76c-gllp2,1.0,13631488
2026-09-16T14:46:46.556777+00:00,kube-system,coredns-8db54c48d-jsq8b,3.0,26214400
2026-09-16T14:46:46.556777+00:00,kube-system,kwok-controller-5cf8c7c44b-x7xbp,10.0,30408704
2026-09-16T14:46:46.556777+00:00,kube-system,local-path-provisioner-5d9d9885bc-vskmj,1.0,15728640
2026-09-16T14:46:46.556777+00:00,kube-system,metrics-server-75dc6f8d87-8nrhd,10.0,51380224
2026-09-16T14:46:46.556777+00:00,kube-system,svclb-traefik-7411b517-6x8cv,0.0,0
2026-09-16T14:46:46.556777+00:00,kube-system,traefik-9bcdbbd9-gmgcc,4.0,51380224
2026-09-16T14:46:46.556777+00:00,pyroscope,pyroscope-0,5.0,61865984
2026-09-16T14:46:46.556777+00:00,pyroscope,pyroscope-alloy-0,8.0,142606336
2026-09-16T14:46:52.812147+00:00,grove-system,grove-operator-646f9c68-pfjvq,31.0,149946368
2026-09-16T14:46:52.812147+00:00,kai-scheduler,admission-86666f457d-sk7lz,1.0,16777216
2026-09-16T14:46:52.812147+00:00,kai-scheduler,binder-869fc94c7-dc7lv,1.0,66060288
2026-09-16T14:46:52.812147+00:00,kai-scheduler,kai-operator-69b5d7bcf7-qxvz5,2.0,59768832
2026-09-16T14:46:52.812147+00:00,kai-scheduler,kai-scheduler-default-7f5cd888f7-lh8cb,9.0,103809024
2026-09-16T14:46:52.812147+00:00,kai-scheduler,pod-grouper-65456f756-4l2jm,1.0,11534336
2026-09-16T14:46:52.812147+00:00,kai-scheduler,podgroup-controller-68f9cc8dbf-2qvq4,1.0,11534336
2026-09-16T14:46:52.812147+00:00,kai-scheduler,queue-controller-f86fcd76c-gllp2,1.0,13631488
2026-09-16T14:46:52.812147+00:00,kube-system,coredns-8db54c48d-jsq8b,3.0,26214400
2026-09-16T14:46:52.812147+00:00,kube-system,kwok-controller-5cf8c7c44b-x7xbp,10.0,30408704
2026-09-16T14:46:52.812147+00:00,kube-system,local-path-provisioner-5d9d9885bc-vskmj,1.0,15728640
2026-09-16T14:46:52.812147+00:00,kube-system,metrics-server-75dc6f8d87-8nrhd,10.0,51380224
2026-09-16T14:46:52.812147+00:00,kube-system,svclb-traefik-7411b517-6x8cv,0.0,0
2026-09-16T14:46:52.812147+00:00,kube-system,traefik-9bcdbbd9-gmgcc,4.0,51380224
2026-09-16T14:46:52.812147+00:00,pyroscope,pyroscope-0,5.0,61865984
2026-09-16T14:46:52.812147+00:00,pyroscope,pyroscope-alloy-0,8.0,142606336
2026-09-16T14:46:59.056251+00:00,grove-system,grove-operator-646f9c68-pfjvq,24.0,150994944
2026-09-16T14:46:59.056251+00:00,kai-scheduler,admission-86666f457d-sk7lz,1.0,15728640
2026-09-16T14:46:59.056251+00:00,kai-scheduler,binder-869fc94c7-dc7lv,24.0,68157440
2026-09-16T14:46:59.056251+00:00,kai-scheduler,kai-operator-69b5d7bcf7-qxvz5,1.0,58720256
2026-09-16T14:46:59.056251+00:00,kai-scheduler,kai-scheduler-default-7f5cd888f7-lh8cb,24.0,103809024
2026-09-16T14:46:59.056251+00:00,kai-scheduler,pod-grouper-65456f756-4l2jm,1.0,11534336
2026-09-16T14:46:59.056251+00:00,kai-scheduler,podgroup-controller-68f9cc8dbf-2qvq4,1.0,11534336
2026-09-16T14:46:59.056251+00:00,kai-scheduler,queue-controller-f86fcd76c-gllp2,1.0,13631488
2026-09-16T14:46:59.056251+00:00,kube-system,coredns-8db54c48d-jsq8b,4.0,26214400
2026-09-16T14:46:59.056251+00:00,kube-system,kwok-controller-5cf8c7c44b-x7xbp,37.0,32505856
2026-09-16T14:46:59.056251+00:00,kube-system,local-path-provisioner-5d9d9885bc-vskmj,1.0,15728640
2026-09-16T14:46:59.056251+00:00,kube-system,metrics-server-75dc6f8d87-8nrhd,10.0,51380224
2026-09-16T14:46:59.056251+00:00,kube-system,svclb-traefik-7411b517-6x8cv,0.0,0
2026-09-16T14:46:59.056251+00:00,kube-system,traefik-9bcdbbd9-gmgcc,4.0,50331648
2026-09-16T14:46:59.056251+00:00,pyroscope,pyroscope-0,6.0,62914560
2026-09-16T14:46:59.056251+00:00,pyroscope,pyroscope-alloy-0,23.0,142606336
2026-09-16T14:47:05.299244+00:00,grove-system,grove-operator-646f9c68-pfjvq,24.0,150994944
2026-09-16T14:47:05.299244+00:00,kai-scheduler,admission-86666f457d-sk7lz,1.0,15728640
2026-09-16T14:47:05.299244+00:00,kai-scheduler,binder-869fc94c7-dc7lv,24.0,68157440
2026-09-16T14:47:05.299244+00:00,kai-scheduler,kai-operator-69b5d7bcf7-qxvz5,1.0,58720256
2026-09-16T14:47:05.299244+00:00,kai-scheduler,kai-scheduler-default-7f5cd888f7-lh8cb,24.0,103809024
2026-09-16T14:47:05.299244+00:00,kai-scheduler,pod-grouper-65456f756-4l2jm,1.0,11534336
2026-09-16T14:47:05.299244+00:00,kai-scheduler,podgroup-controller-68f9cc8dbf-2qvq4,1.0,11534336
2026-09-16T14:47:05.299244+00:00,kai-scheduler,queue-controller-f86fcd76c-gllp2,1.0,13631488
2026-09-16T14:47:05.299244+00:00,kube-system,coredns-8db54c48d-jsq8b,4.0,26214400
2026-09-16T14:47:05.299244+00:00,kube-system,kwok-controller-5cf8c7c44b-x7xbp,37.0,32505856
2026-09-16T14:47:05.299244+00:00,kube-system,local-path-provisioner-5d9d9885bc-vskmj,1.0,15728640
2026-09-16T14:47:05.299244+00:00,kube-system,metrics-server-75dc6f8d87-8nrhd,10.0,51380224
2026-09-16T14:47:05.299244+00:00,kube-system,svclb-traefik-7411b517-6x8cv,0.0,0
2026-09-16T14:47:05.299244+00:00,kube-system,traefik-9bcdbbd9-gmgcc,4.0,50331648
2026-09-16T14:47:05.299244+00:00,pyroscope,pyroscope-0,6.0,62914560
2026-09-16T14:47:05.299244+00:00,pyroscope,pyroscope-alloy-0,23.0,142606336
2026-09-16T14:47:11.534213+00:00,grove-system,grove-operator-646f9c68-pfjvq,27.0,148897792
2026-09-16T14:47:11.534213+00:00,kai-scheduler,admission-86666f457d-sk7lz,1.0,15728640
2026-09-16T14:47:11.534213+00:00,kai-scheduler,binder-869fc94c7-dc7lv,30.0,67108864
2026-09-16T14:47:11.534213+00:00,kai-scheduler,kai-operator-69b5d7bcf7-qxvz5,1.0,58720256
2026-09-16T14:47:11.534213+00:00,kai-scheduler,kai-scheduler-default-7f5cd888f7-lh8cb,23.0,101711872
2026-09-16T14:47:11.534213+00:00,kai-scheduler,pod-grouper-65456f756-4l2jm,1.0,11534336
2026-09-16T14:47:11.534213+00:00,kai-scheduler,podgroup-controller-68f9cc8dbf-2qvq4,1.0,11534336
2026-09-16T14:47:11.534213+00:00,kai-scheduler,queue-controller-f86fcd76c-gllp2,1.0,13631488
2026-09-16T14:47:11.534213+00:00,kube-system,coredns-8db54c48d-jsq8b,5.0,25165824
2026-09-16T14:47:11.534213+00:00,kube-system,kwok-controller-5cf8c7c44b-x7xbp,51.0,32505856
2026-09-16T14:47:11.534213+00:00,kube-system,local-path-provisioner-5d9d9885bc-vskmj,1.0,15728640
2026-09-16T14:47:11.534213+00:00,kube-system,metrics-server-75dc6f8d87-8nrhd,22.0,51380224
2026-09-16T14:47:11.534213+00:00,kube-system,svclb-traefik-7411b517-6x8cv,0.0,0
2026-09-16T14:47:11.534213+00:00,kube-system,traefik-9bcdbbd9-gmgcc,4.0,50331648
2026-09-16T14:47:11.534213+00:00,pyroscope,pyroscope-0,5.0,65011712
2026-09-16T14:47:11.534213+00:00,pyroscope,pyroscope-alloy-0,27.0,126877696
2026-09-16T14:47:17.771848+00:00,grove-system,grove-operator-646f9c68-pfjvq,27.0,148897792
2026-09-16T14:47:17.771848+00:00,kai-scheduler,admission-86666f457d-sk7lz,1.0,15728640
2026-09-16T14:47:17.771848+00:00,kai-scheduler,binder-869fc94c7-dc7lv,30.0,67108864
2026-09-16T14:47:17.771848+00:00,kai-scheduler,kai-operator-69b5d7bcf7-qxvz5,1.0,58720256
2026-09-16T14:47:17.771848+00:00,kai-scheduler,kai-scheduler-default-7f5cd888f7-lh8cb,23.0,101711872
2026-09-16T14:47:17.771848+00:00,kai-scheduler,pod-grouper-65456f756-4l2jm,1.0,11534336
2026-09-16T14:47:17.771848+00:00,kai-scheduler,podgroup-controller-68f9cc8dbf-2qvq4,1.0,11534336
2026-09-16T14:47:17.771848+00:00,kai-scheduler,queue-controller-f86fcd76c-gllp2,1.0,13631488
2026-09-16T14:47:17.771848+00:00,kube-system,coredns-8db54c48d-jsq8b,5.0,25165824
2026-09-16T14:47:17.771848+00:00,kube-system,kwok-controller-5cf8c7c44b-x7xbp,51.0,32505856
2026-09-16T14:47:17.771848+00:00,kube-system,local-path-provisioner-5d9d9885bc-vskmj,1.0,15728640
2026-09-16T14:47:17.771848+00:00,kube-system,metrics-server-75dc6f8d87-8nrhd,22.0,51380224
2026-09-16T14:47:17.771848+00:00,kube-system,svclb-traefik-7411b517-6x8cv,0.0,0
2026-09-16T14:47:17.771848+00:00,kube-system,traefik-9bcdbbd9-gmgcc,4.0,50331648
2026-09-16T14:47:17.771848+00:00,pyroscope,pyroscope-0,5.0,65011712
2026-09-16T14:47:17.771848+00:00,pyroscope,pyroscope-alloy-0,27.0,126877696
2026-09-16T14:47:24.022844+00:00,grove-system,grove-operator-646f9c68-pfjvq,27.0,148897792
2026-09-16T14:47:24.022844+00:00,kai-scheduler,admission-86666f457d-sk7lz,1.0,15728640
2026-09-16T14:47:24.022844+00:00,kai-scheduler,binder-869fc94c7-dc7lv,30.0,67108864
2026-09-16T14:47:24.022844+00:00,kai-scheduler,kai-operator-69b5d7bcf7-qxvz5,1.0,58720256
2026-09-16T14:47:24.022844+00:00,kai-scheduler,kai-scheduler-default-7f5cd888f7-lh8cb,23.0,101711872
2026-09-16T14:47:24.022844+00:00,kai-scheduler,pod-grouper-65456f756-4l2jm,1.0,11534336
2026-09-16T14:47:24.022844+00:00,kai-scheduler,podgroup-controller-68f9cc8dbf-2qvq4,1.0,11534336
2026-09-16T14:47:24.022844+00:00,kai-scheduler,queue-controller-f86fcd76c-gllp2,1.0,13631488
2026-09-16T14:47:24.022844+00:00,kube-system,coredns-8db54c48d-jsq8b,5.0,25165824
2026-09-16T14:47:24.022844+00:00,kube-system,kwok-controller-5cf8c7c44b-x7xbp,51.0,32505856
2026-09-16T14:47:24.022844+00:00,kube-system,local-path-provisioner-5d9d9885bc-vskmj,1.0,15728640
2026-09-16T14:47:24.022844+00:00,kube-system,metrics-server-75dc6f8d87-8nrhd,22.0,51380224
2026-09-16T14:47:24.022844+00:00,kube-system,svclb-traefik-7411b517-6x8cv,0.0,0
2026-09-16T14:47:24.022844+00:00,kube-system,traefik-9bcdbbd9-gmgcc,4.0,50331648
2026-09-16T14:47:24.022844+00:00,pyroscope,pyroscope-0,5.0,65011712
2026-09-16T14:47:24.022844+00:00,pyroscope,pyroscope-alloy-0,27.0,126877696
2026-09-16T14:47:30.274191+00:00,grove-system,grove-operator-646f9c68-pfjvq,23.0,149946368
2026-09-16T14:47:30.274191+00:00,kai-scheduler,admission-86666f457d-sk7lz,1.0,15728640
2026-09-16T14:47:30.274191+00:00,kai-scheduler,binder-869fc94c7-dc7lv,25.0,66060288
2026-09-16T14:47:30.274191+00:00,kai-scheduler,kai-operator-69b5d7bcf7-qxvz5,14.0,60817408
2026-09-16T14:47:30.274191+00:00,kai-scheduler,kai-scheduler-default-7f5cd888f7-lh8cb,21.0,102760448
2026-09-16T14:47:30.274191+00:00,kai-scheduler,pod-grouper-65456f756-4l2jm,1.0,11534336
2026-09-16T14:47:30.274191+00:00,kai-scheduler,podgroup-controller-68f9cc8dbf-2qvq4,1.0,11534336
2026-09-16T14:47:30.274191+00:00,kai-scheduler,queue-controller-f86fcd76c-gllp2,1.0,13631488
2026-09-16T14:47:30.274191+00:00,kube-system,coredns-8db54c48d-jsq8b,3.0,25165824
2026-09-16T14:47:30.274191+00:00,kube-system,kwok-controller-5cf8c7c44b-x7xbp,58.0,32505856
2026-09-16T14:47:30.274191+00:00,kube-system,local-path-provisioner-5d9d9885bc-vskmj,1.0,15728640
2026-09-16T14:47:30.274191+00:00,kube-system,metrics-server-75dc6f8d87-8nrhd,24.0,52428800
2026-09-16T14:47:30.274191+00:00,kube-system,svclb-traefik-7411b517-6x8cv,0.0,0
2026-09-16T14:47:30.274191+00:00,kube-system,traefik-9bcdbbd9-gmgcc,11.0,53477376
2026-09-16T14:47:30.274191+00:00,pyroscope,pyroscope-0,9.0,78643200
2026-09-16T14:47:30.274191+00:00,pyroscope,pyroscope-alloy-0,27.0,126877696
2026-09-16T14:47:36.527501+00:00,grove-system,grove-operator-646f9c68-pfjvq,23.0,149946368
2026-09-16T14:47:36.527501+00:00,kai-scheduler,admission-86666f457d-sk7lz,1.0,15728640
2026-09-16T14:47:36.527501+00:00,kai-scheduler,binder-869fc94c7-dc7lv,25.0,66060288
2026-09-16T14:47:36.527501+00:00,kai-scheduler,kai-operator-69b5d7bcf7-qxvz5,14.0,60817408
2026-09-16T14:47:36.527501+00:00,kai-scheduler,kai-scheduler-default-7f5cd888f7-lh8cb,21.0,102760448
2026-09-16T14:47:36.527501+00:00,kai-scheduler,pod-grouper-65456f756-4l2jm,1.0,11534336
2026-09-16T14:47:36.527501+00:00,kai-scheduler,podgroup-controller-68f9cc8dbf-2qvq4,1.0,11534336
2026-09-16T14:47:36.527501+00:00,kai-scheduler,queue-controller-f86fcd76c-gllp2,1.0,13631488
2026-09-16T14:47:36.527501+00:00,kube-system,coredns-8db54c48d-jsq8b,3.0,25165824
2026-09-16T14:47:36.527501+00:00,kube-system,kwok-controller-5cf8c7c44b-x7xbp,58.0,32505856
2026-09-16T14:47:36.527501+00:00,kube-system,local-path-provisioner-5d9d9885bc-vskmj,1.0,15728640
2026-09-16T14:47:36.527501+00:00,kube-system,metrics-server-75dc6f8d87-8nrhd,24.0,52428800
2026-09-16T14:47:36.527501+00:00,kube-system,svclb-traefik-7411b517-6x8cv,0.0,0
2026-09-16T14:47:36.527501+00:00,kube-system,traefik-9bcdbbd9-gmgcc,11.0,53477376
2026-09-16T14:47:36.527501+00:00,pyroscope,pyroscope-0,9.0,78643200
2026-09-16T14:47:36.527501+00:00,pyroscope,pyroscope-alloy-0,27.0,126877696
2026-09-16T14:47:42.796423+00:00,grove-system,grove-operator-646f9c68-pfjvq,383.0,178257920
2026-09-16T14:47:42.796423+00:00,kai-scheduler,admission-86666f457d-sk7lz,1.0,15728640
2026-09-16T14:47:42.796423+00:00,kai-scheduler,binder-869fc94c7-dc7lv,25.0,66060288
2026-09-16T14:47:42.796423+00:00,kai-scheduler,kai-operator-69b5d7bcf7-qxvz5,17.0,63963136
2026-09-16T14:47:42.796423+00:00,kai-scheduler,kai-scheduler-default-7f5cd888f7-lh8cb,21.0,95420416
2026-09-16T14:47:42.796423+00:00,kai-scheduler,pod-grouper-65456f756-4l2jm,1.0,11534336
2026-09-16T14:47:42.796423+00:00,kai-scheduler,podgroup-controller-68f9cc8dbf-2qvq4,1.0,11534336
2026-09-16T14:47:42.796423+00:00,kai-scheduler,queue-controller-f86fcd76c-gllp2,1.0,13631488
2026-09-16T14:47:42.796423+00:00,kube-system,coredns-8db54c48d-jsq8b,15.0,27262976
2026-09-16T14:47:42.796423+00:00,kube-system,kwok-controller-5cf8c7c44b-x7xbp,17.0,29360128
2026-09-16T14:47:42.796423+00:00,kube-system,local-path-provisioner-5d9d9885bc-vskmj,1.0,15728640
2026-09-16T14:47:42.796423+00:00,kube-system,metrics-server-75dc6f8d87-8nrhd,8.0,51380224
2026-09-16T14:47:42.796423+00:00,kube-system,svclb-traefik-7411b517-6x8cv,0.0,0
2026-09-16T14:47:42.796423+00:00,kube-system,traefik-9bcdbbd9-gmgcc,35.0,51380224
2026-09-16T14:47:42.796423+00:00,pyroscope,pyroscope-0,6.0,79691776
2026-09-16T14:47:42.796423+00:00,pyroscope,pyroscope-alloy-0,19.0,133169152
2026-09-16T14:47:49.052802+00:00,grove-system,grove-operator-646f9c68-pfjvq,383.0,178257920
2026-09-16T14:47:49.052802+00:00,kai-scheduler,admission-86666f457d-sk7lz,1.0,15728640
2026-09-16T14:47:49.052802+00:00,kai-scheduler,binder-869fc94c7-dc7lv,25.0,66060288
2026-09-16T14:47:49.052802+00:00,kai-scheduler,kai-operator-69b5d7bcf7-qxvz5,17.0,63963136
2026-09-16T14:47:49.052802+00:00,kai-scheduler,kai-scheduler-default-7f5cd888f7-lh8cb,21.0,95420416
2026-09-16T14:47:49.052802+00:00,kai-scheduler,pod-grouper-65456f756-4l2jm,1.0,11534336
2026-09-16T14:47:49.052802+00:00,kai-scheduler,podgroup-controller-68f9cc8dbf-2qvq4,1.0,11534336
2026-09-16T14:47:49.052802+00:00,kai-scheduler,queue-controller-f86fcd76c-gllp2,1.0,13631488
2026-09-16T14:47:49.052802+00:00,kube-system,coredns-8db54c48d-jsq8b,15.0,27262976
2026-09-16T14:47:49.052802+00:00,kube-system,kwok-controller-5cf8c7c44b-x7xbp,17.0,29360128
2026-09-16T14:47:49.052802+00:00,kube-system,local-path-provisioner-5d9d9885bc-vskmj,1.0,15728640
2026-09-16T14:47:49.052802+00:00,kube-system,metrics-server-75dc6f8d87-8nrhd,8.0,51380224
2026-09-16T14:47:49.052802+00:00,kube-system,svclb-traefik-7411b517-6x8cv,0.0,0
2026-09-16T14:47:49.052802+00:00,kube-system,traefik-9bcdbbd9-gmgcc,35.0,51380224
2026-09-16T14:47:49.052802+00:00,pyroscope,pyroscope-0,6.0,79691776
2026-09-16T14:47:49.052802+00:00,pyroscope,pyroscope-alloy-0,19.0,133169152
2026-09-16T14:47:55.327586+00:00,grove-system,grove-operator-646f9c68-pfjvq,383.0,178257920
2026-09-16T14:47:55.327586+00:00,kai-scheduler,admission-86666f457d-sk7lz,1.0,15728640
2026-09-16T14:47:55.327586+00:00,kai-scheduler,binder-869fc94c7-dc7lv,25.0,66060288
2026-09-16T14:47:55.327586+00:00,kai-scheduler,kai-operator-69b5d7bcf7-qxvz5,17.0,63963136
2026-09-16T14:47:55.327586+00:00,kai-scheduler,kai-scheduler-default-7f5cd888f7-lh8cb,21.0,95420416
2026-09-16T14:47:55.327586+00:00,kai-scheduler,pod-grouper-65456f756-4l2jm,1.0,11534336
2026-09-16T14:47:55.327586+00:00,kai-scheduler,podgroup-controller-68f9cc8dbf-2qvq4,1.0,11534336
2026-09-16T14:47:55.327586+00:00,kai-scheduler,queue-controller-f86fcd76c-gllp2,1.0,13631488
2026-09-16T14:47:55.327586+00:00,kube-system,coredns-8db54c48d-jsq8b,15.0,27262976
2026-09-16T14:47:55.327586+00:00,kube-system,kwok-controller-5cf8c7c44b-x7xbp,17.0,29360128
2026-09-16T14:47:55.327586+00:00,kube-system,local-path-provisioner-5d9d9885bc-vskmj,1.0,15728640
2026-09-16T14:47:55.327586+00:00,kube-system,metrics-server-75dc6f8d87-8nrhd,8.0,51380224
2026-09-16T14:47:55.327586+00:00,kube-system,svclb-traefik-7411b517-6x8cv,0.0,0
2026-09-16T14:47:55.327586+00:00,kube-system,traefik-9bcdbbd9-gmgcc,35.0,51380224
2026-09-16T14:47:55.327586+00:00,pyroscope,pyroscope-0,6.0,79691776
2026-09-16T14:47:55.327586+00:00,pyroscope,pyroscope-alloy-0,19.0,133169152
2026-09-16T14:48:01.576676+00:00,grove-system,grove-operator-646f9c68-pfjvq,864.0,201326592
2026-09-16T14:48:01.576676+00:00,kai-scheduler,admission-86666f457d-sk7lz,1.0,15728640
2026-09-16T14:48:01.576676+00:00,kai-scheduler,binder-869fc94c7-dc7lv,35.0,79691776
2026-09-16T14:48:01.576676+00:00,kai-scheduler,kai-operator-69b5d7bcf7-qxvz5,1.0,63963136
2026-09-16T14:48:01.576676+00:00,kai-scheduler,kai-scheduler-default-7f5cd888f7-lh8cb,74.0,123731968
2026-09-16T14:48:01.576676+00:00,kai-scheduler,pod-grouper-65456f756-4l2jm,1.0,11534336
2026-09-16T14:48:01.576676+00:00,kai-scheduler,podgroup-controller-68f9cc8dbf-2qvq4,1.0,11534336
2026-09-16T14:48:01.576676+00:00,kai-scheduler,queue-controller-f86fcd76c-gllp2,1.0,13631488
2026-09-16T14:48:01.576676+00:00,kube-system,coredns-8db54c48d-jsq8b,9.0,27262976
2026-09-16T14:48:01.576676+00:00,kube-system,kwok-controller-5cf8c7c44b-x7xbp,17.0,29360128
2026-09-16T14:48:01.576676+00:00,kube-system,local-path-provisioner-5d9d9885bc-vskmj,1.0,15728640
2026-09-16T14:48:01.576676+00:00,kube-system,metrics-server-75dc6f8d87-8nrhd,27.0,52428800
2026-09-16T14:48:01.576676+00:00,kube-system,svclb-traefik-7411b517-6x8cv,0.0,0
2026-09-16T14:48:01.576676+00:00,kube-system,traefik-9bcdbbd9-gmgcc,11.0,51380224
2026-09-16T14:48:01.576676+00:00,pyroscope,pyroscope-0,7.0,65011712
2026-09-16T14:48:01.576676+00:00,pyroscope,pyroscope-alloy-0,74.0,135266304
2026-09-16T14:48:07.814512+00:00,grove-system,grove-operator-646f9c68-pfjvq,864.0,201326592
2026-09-16T14:48:07.814512+00:00,kai-scheduler,admission-86666f457d-sk7lz,1.0,15728640
2026-09-16T14:48:07.814512+00:00,kai-scheduler,binder-869fc94c7-dc7lv,35.0,79691776
2026-09-16T14:48:07.814512+00:00,kai-scheduler,kai-operator-69b5d7bcf7-qxvz5,1.0,63963136
2026-09-16T14:48:07.814512+00:00,kai-scheduler,kai-scheduler-default-7f5cd888f7-lh8cb,74.0,123731968
2026-09-16T14:48:07.814512+00:00,kai-scheduler,pod-grouper-65456f756-4l2jm,1.0,11534336
2026-09-16T14:48:07.814512+00:00,kai-scheduler,podgroup-controller-68f9cc8dbf-2qvq4,1.0,11534336
2026-09-16T14:48:07.814512+00:00,kai-scheduler,queue-controller-f86fcd76c-gllp2,1.0,13631488
2026-09-16T14:48:07.814512+00:00,kube-system,coredns-8db54c48d-jsq8b,9.0,27262976
2026-09-16T14:48:07.814512+00:00,kube-system,kwok-controller-5cf8c7c44b-x7xbp,17.0,29360128
2026-09-16T14:48:07.814512+00:00,kube-system,local-path-provisioner-5d9d9885bc-vskmj,1.0,15728640
2026-09-16T14:48:07.814512+00:00,kube-system,metrics-server-75dc6f8d87-8nrhd,27.0,52428800
2026-09-16T14:48:07.814512+00:00,kube-system,svclb-traefik-7411b517-6x8cv,0.0,0
2026-09-16T14:48:07.814512+00:00,kube-system,traefik-9bcdbbd9-gmgcc,11.0,51380224
2026-09-16T14:48:07.814512+00:00,pyroscope,pyroscope-0,7.0,65011712
2026-09-16T14:48:07.814512+00:00,pyroscope,pyroscope-alloy-0,74.0,135266304
2026-09-16T14:48:14.055030+00:00,grove-system,grove-operator-646f9c68-pfjvq,788.0,198180864
2026-09-16T14:48:14.055030+00:00,kai-scheduler,admission-86666f457d-sk7lz,1.0,15728640
2026-09-16T14:48:14.055030+00:00,kai-scheduler,binder-869fc94c7-dc7lv,92.0,101711872
2026-09-16T14:48:14.055030+00:00,kai-scheduler,kai-operator-69b5d7bcf7-qxvz5,1.0,63963136
2026-09-16T14:48:14.055030+00:00,kai-scheduler,kai-scheduler-default-7f5cd888f7-lh8cb,49.0,144703488
2026-09-16T14:48:14.055030+00:00,kai-scheduler,pod-grouper-65456f756-4l2jm,1.0,11534336
2026-09-16T14:48:14.055030+00:00,kai-scheduler,podgroup-controller-68f9cc8dbf-2qvq4,1.0,11534336
2026-09-16T14:48:14.055030+00:00,kai-scheduler,queue-controller-f86fcd76c-gllp2,1.0,13631488
2026-09-16T14:48:14.055030+00:00,kube-system,coredns-8db54c48d-jsq8b,9.0,27262976
2026-09-16T14:48:14.055030+00:00,kube-system,kwok-controller-5cf8c7c44b-x7xbp,211.0,34603008
2026-09-16T14:48:14.055030+00:00,kube-system,local-path-provisioner-5d9d9885bc-vskmj,1.0,15728640
2026-09-16T14:48:14.055030+00:00,kube-system,metrics-server-75dc6f8d87-8nrhd,23.0,51380224
2026-09-16T14:48:14.055030+00:00,kube-system,svclb-traefik-7411b517-6x8cv,0.0,0
2026-09-16T14:48:14.055030+00:00,kube-system,traefik-9bcdbbd9-gmgcc,15.0,52428800
2026-09-16T14:48:14.055030+00:00,pyroscope,pyroscope-0,8.0,68157440
2026-09-16T14:48:14.055030+00:00,pyroscope,pyroscope-alloy-0,94.0,141557760
2026-09-16T14:48:20.295831+00:00,grove-system,grove-operator-646f9c68-pfjvq,788.0,198180864
2026-09-16T14:48:20.295831+00:00,kai-scheduler,admission-86666f457d-sk7lz,1.0,15728640
2026-09-16T14:48:20.295831+00:00,kai-scheduler,binder-869fc94c7-dc7lv,92.0,101711872
2026-09-16T14:48:20.295831+00:00,kai-scheduler,kai-operator-69b5d7bcf7-qxvz5,1.0,63963136
2026-09-16T14:48:20.295831+00:00,kai-scheduler,kai-scheduler-default-7f5cd888f7-lh8cb,49.0,144703488
2026-09-16T14:48:20.295831+00:00,kai-scheduler,pod-grouper-65456f756-4l2jm,1.0,11534336
2026-09-16T14:48:20.295831+00:00,kai-scheduler,podgroup-controller-68f9cc8dbf-2qvq4,1.0,11534336
2026-09-16T14:48:20.295831+00:00,kai-scheduler,queue-controller-f86fcd76c-gllp2,1.0,13631488
2026-09-16T14:48:20.295831+00:00,kube-system,coredns-8db54c48d-jsq8b,9.0,27262976
2026-09-16T14:48:20.295831+00:00,kube-system,kwok-controller-5cf8c7c44b-x7xbp,211.0,34603008
2026-09-16T14:48:20.295831+00:00,kube-system,local-path-provisioner-5d9d9885bc-vskmj,1.0,15728640
2026-09-16T14:48:20.295831+00:00,kube-system,metrics-server-75dc6f8d87-8nrhd,23.0,51380224
2026-09-16T14:48:20.295831+00:00,kube-system,svclb-traefik-7411b517-6x8cv,0.0,0
2026-09-16T14:48:20.295831+00:00,kube-system,traefik-9bcdbbd9-gmgcc,15.0,52428800
2026-09-16T14:48:20.295831+00:00,pyroscope,pyroscope-0,8.0,68157440
2026-09-16T14:48:20.295831+00:00,pyroscope,pyroscope-alloy-0,94.0,141557760
2026-09-16T14:48:26.528004+00:00,grove-system,grove-operator-646f9c68-pfjvq,209.0,185597952
2026-09-16T14:48:26.528004+00:00,kai-scheduler,admission-86666f457d-sk7lz,1.0,16777216
2026-09-16T14:48:26.528004+00:00,kai-scheduler,binder-869fc94c7-dc7lv,10.0,99614720
2026-09-16T14:48:26.528004+00:00,kai-scheduler,kai-operator-69b5d7bcf7-qxvz5,3.0,63963136
2026-09-16T14:48:26.528004+00:00,kai-scheduler,kai-scheduler-default-7f5cd888f7-lh8cb,14.0,146800640
2026-09-16T14:48:26.528004+00:00,kai-scheduler,pod-grouper-65456f756-4l2jm,1.0,11534336
2026-09-16T14:48:26.528004+00:00,kai-scheduler,podgroup-controller-68f9cc8dbf-2qvq4,1.0,11534336
2026-09-16T14:48:26.528004+00:00,kai-scheduler,queue-controller-f86fcd76c-gllp2,1.0,13631488
2026-09-16T14:48:26.528004+00:00,kube-system,coredns-8db54c48d-jsq8b,10.0,28311552
2026-09-16T14:48:26.528004+00:00,kube-system,kwok-controller-5cf8c7c44b-x7xbp,45.0,33554432
2026-09-16T14:48:26.528004+00:00,kube-system,local-path-provisioner-5d9d9885bc-vskmj,1.0,15728640
2026-09-16T14:48:26.528004+00:00,kube-system,metrics-server-75dc6f8d87-8nrhd,7.0,52428800
2026-09-16T14:48:26.528004+00:00,kube-system,svclb-traefik-7411b517-6x8cv,0.0,0
2026-09-16T14:48:26.528004+00:00,kube-system,traefik-9bcdbbd9-gmgcc,13.0,57671680
2026-09-16T14:48:26.528004+00:00,pyroscope,pyroscope-0,11.0,78643200
2026-09-16T14:48:26.528004+00:00,pyroscope,pyroscope-alloy-0,17.0,142606336
2026-09-16T14:48:32.767719+00:00,grove-system,grove-operator-646f9c68-pfjvq,209.0,185597952
2026-09-16T14:48:32.767719+00:00,kai-scheduler,admission-86666f457d-sk7lz,1.0,16777216
2026-09-16T14:48:32.767719+00:00,kai-scheduler,binder-869fc94c7-dc7lv,10.0,99614720
2026-09-16T14:48:32.767719+00:00,kai-scheduler,kai-operator-69b5d7bcf7-qxvz5,3.0,63963136
2026-09-16T14:48:32.767719+00:00,kai-scheduler,kai-scheduler-default-7f5cd888f7-lh8cb,14.0,146800640
2026-09-16T14:48:32.767719+00:00,kai-scheduler,pod-grouper-65456f756-4l2jm,1.0,11534336
2026-09-16T14:48:32.767719+00:00,kai-scheduler,podgroup-controller-68f9cc8dbf-2qvq4,1.0,11534336
2026-09-16T14:48:32.767719+00:00,kai-scheduler,queue-controller-f86fcd76c-gllp2,1.0,13631488
2026-09-16T14:48:32.767719+00:00,kube-system,coredns-8db54c48d-jsq8b,10.0,28311552
2026-09-16T14:48:32.767719+00:00,kube-system,kwok-controller-5cf8c7c44b-x7xbp,45.0,33554432
2026-09-16T14:48:32.767719+00:00,kube-system,local-path-provisioner-5d9d9885bc-vskmj,1.0,15728640
2026-09-16T14:48:32.767719+00:00,kube-system,metrics-server-75dc6f8d87-8nrhd,7.0,52428800
2026-09-16T14:48:32.767719+00:00,kube-system,svclb-traefik-7411b517-6x8cv,0.0,0
2026-09-16T14:48:32.767719+00:00,kube-system,traefik-9bcdbbd9-gmgcc,13.0,57671680
2026-09-16T14:48:32.767719+00:00,pyroscope,pyroscope-0,11.0,78643200
2026-09-16T14:48:32.767719+00:00,pyroscope,pyroscope-alloy-0,17.0,142606336
2026-09-16T14:48:39.024133+00:00,grove-system,grove-operator-646f9c68-pfjvq,209.0,185597952
2026-09-16T14:48:39.024133+00:00,kai-scheduler,admission-86666f457d-sk7lz,1.0,16777216
2026-09-16T14:48:39.024133+00:00,kai-scheduler,binder-869fc94c7-dc7lv,10.0,99614720
2026-09-16T14:48:39.024133+00:00,kai-scheduler,kai-operator-69b5d7bcf7-qxvz5,3.0,63963136
2026-09-16T14:48:39.024133+00:00,kai-scheduler,kai-scheduler-default-7f5cd888f7-lh8cb,14.0,146800640
2026-09-16T14:48:39.024133+00:00,kai-scheduler,pod-grouper-65456f756-4l2jm,1.0,11534336
2026-09-16T14:48:39.024133+00:00,kai-scheduler,podgroup-controller-68f9cc8dbf-2qvq4,1.0,11534336
2026-09-16T14:48:39.024133+00:00,kai-scheduler,queue-controller-f86fcd76c-gllp2,1.0,13631488
2026-09-16T14:48:39.024133+00:00,kube-system,coredns-8db54c48d-jsq8b,10.0,28311552
2026-09-16T14:48:39.024133+00:00,kube-system,kwok-controller-5cf8c7c44b-x7xbp,45.0,33554432
2026-09-16T14:48:39.024133+00:00,kube-system,local-path-provisioner-5d9d9885bc-vskmj,1.0,15728640
2026-09-16T14:48:39.024133+00:00,kube-system,metrics-server-75dc6f8d87-8nrhd,7.0,52428800
2026-09-16T14:48:39.024133+00:00,kube-system,svclb-traefik-7411b517-6x8cv,0.0,0
2026-09-16T14:48:39.024133+00:00,kube-system,traefik-9bcdbbd9-gmgcc,13.0,57671680
2026-09-16T14:48:39.024133+00:00,pyroscope,pyroscope-0,11.0,78643200
2026-09-16T14:48:39.024133+00:00,pyroscope,pyroscope-alloy-0,17.0,142606336
2026-09-16T14:48:45.261518+00:00,grove-system,grove-operator-646f9c68-pfjvq,209.0,185597952
2026-09-16T14:48:45.261518+00:00,kai-scheduler,admission-86666f457d-sk7lz,1.0,15728640
2026-09-16T14:48:45.261518+00:00,kai-scheduler,binder-869fc94c7-dc7lv,2.0,99614720
2026-09-16T14:48:45.261518+00:00,kai-scheduler,kai-operator-69b5d7bcf7-qxvz5,3.0,63963136
2026-09-16T14:48:45.261518+00:00,kai-scheduler,kai-scheduler-default-7f5cd888f7-lh8cb,15.0,146800640
2026-09-16T14:48:45.261518+00:00,kai-scheduler,pod-grouper-65456f756-4l2jm,1.0,11534336
2026-09-16T14:48:45.261518+00:00,kai-scheduler,podgroup-controller-68f9cc8dbf-2qvq4,1.0,11534336
2026-09-16T14:48:45.261518+00:00,kai-scheduler,queue-controller-f86fcd76c-gllp2,1.0,13631488
2026-09-16T14:48:45.261518+00:00,kube-system,coredns-8db54c48d-jsq8b,6.0,27262976
2026-09-16T14:48:45.261518+00:00,kube-system,kwok-controller-5cf8c7c44b-x7xbp,11.0,30408704
2026-09-16T14:48:45.261518+00:00,kube-system,local-path-provisioner-5d9d9885bc-vskmj,1.0,15728640
2026-09-16T14:48:45.261518+00:00,kube-system,metrics-server-75dc6f8d87-8nrhd,8.0,52428800
2026-09-16T14:48:45.261518+00:00,kube-system,svclb-traefik-7411b517-6x8cv,0.0,0
2026-09-16T14:48:45.261518+00:00,kube-system,traefik-9bcdbbd9-gmgcc,10.0,57671680
2026-09-16T14:48:45.261518+00:00,pyroscope,pyroscope-0,6.0,71303168
2026-09-16T14:48:45.261518+00:00,pyroscope,pyroscope-alloy-0,5.0,143654912
2026-09-16T14:48:51.503620+00:00,grove-system,grove-operator-646f9c68-pfjvq,209.0,185597952
2026-09-16T14:48:51.503620+00:00,kai-scheduler,admission-86666f457d-sk7lz,1.0,15728640
2026-09-16T14:48:51.503620+00:00,kai-scheduler,binder-869fc94c7-dc7lv,2.0,99614720
2026-09-16T14:48:51.503620+00:00,kai-scheduler,kai-operator-69b5d7bcf7-qxvz5,3.0,63963136
2026-09-16T14:48:51.503620+00:00,kai-scheduler,kai-scheduler-default-7f5cd888f7-lh8cb,15.0,146800640
2026-09-16T14:48:51.503620+00:00,kai-scheduler,pod-grouper-65456f756-4l2jm,1.0,11534336
2026-09-16T14:48:51.503620+00:00,kai-scheduler,podgroup-controller-68f9cc8dbf-2qvq4,1.0,11534336
2026-09-16T14:48:51.503620+00:00,kai-scheduler,queue-controller-f86fcd76c-gllp2,1.0,13631488
2026-09-16T14:48:51.503620+00:00,kube-system,coredns-8db54c48d-jsq8b,6.0,27262976
2026-09-16T14:48:51.503620+00:00,kube-system,kwok-controller-5cf8c7c44b-x7xbp,11.0,30408704
2026-09-16T14:48:51.503620+00:00,kube-system,local-path-provisioner-5d9d9885bc-vskmj,1.0,15728640
2026-09-16T14:48:51.503620+00:00,kube-system,metrics-server-75dc6f8d87-8nrhd,8.0,52428800
2026-09-16T14:48:51.503620+00:00,kube-system,svclb-traefik-7411b517-6x8cv,0.0,0
2026-09-16T14:48:51.503620+00:00,kube-system,traefik-9bcdbbd9-gmgcc,10.0,57671680
2026-09-16T14:48:51.503620+00:00,pyroscope,pyroscope-0,6.0,71303168
2026-09-16T14:48:51.503620+00:00,pyroscope,pyroscope-alloy-0,5.0,143654912
2026-09-16T14:48:57.740658+00:00,grove-system,grove-operator-646f9c68-pfjvq,32.0,189792256
2026-09-16T14:48:57.740658+00:00,kai-scheduler,admission-86666f457d-sk7lz,1.0,15728640
2026-09-16T14:48:57.740658+00:00,kai-scheduler,binder-869fc94c7-dc7lv,3.0,99614720
2026-09-16T14:48:57.740658+00:00,kai-scheduler,kai-operator-69b5d7bcf7-qxvz5,3.0,65011712
2026-09-16T14:48:57.740658+00:00,kai-scheduler,kai-scheduler-default-7f5cd888f7-lh8cb,18.0,152043520
2026-09-16T14:48:57.740658+00:00,kai-scheduler,pod-grouper-65456f756-4l2jm,1.0,11534336
2026-09-16T14:48:57.740658+00:00,kai-scheduler,podgroup-controller-68f9cc8dbf-2qvq4,1.0,11534336
2026-09-16T14:48:57.740658+00:00,kai-scheduler,queue-controller-f86fcd76c-gllp2,1.0,13631488
2026-09-16T14:48:57.740658+00:00,kube-system,coredns-8db54c48d-jsq8b,3.0,27262976
2026-09-16T14:48:57.740658+00:00,kube-system,kwok-controller-5cf8c7c44b-x7xbp,13.0,32505856
2026-09-16T14:48:57.740658+00:00,kube-system,local-path-provisioner-5d9d9885bc-vskmj,1.0,15728640
2026-09-16T14:48:57.740658+00:00,kube-system,metrics-server-75dc6f8d87-8nrhd,10.0,54525952
2026-09-16T14:48:57.740658+00:00,kube-system,svclb-traefik-7411b517-6x8cv,0.0,0
2026-09-16T14:48:57.740658+00:00,kube-system,traefik-9bcdbbd9-gmgcc,3.0,56623104
2026-09-16T14:48:57.740658+00:00,pyroscope,pyroscope-0,5.0,72351744
2026-09-16T14:48:57.740658+00:00,pyroscope,pyroscope-alloy-0,13.0,152043520
2026-09-16T14:49:03.980115+00:00,grove-system,grove-operator-646f9c68-pfjvq,32.0,189792256
2026-09-16T14:49:03.980115+00:00,kai-scheduler,admission-86666f457d-sk7lz,1.0,15728640
2026-09-16T14:49:03.980115+00:00,kai-scheduler,binder-869fc94c7-dc7lv,3.0,99614720
2026-09-16T14:49:03.980115+00:00,kai-scheduler,kai-operator-69b5d7bcf7-qxvz5,3.0,65011712
2026-09-16T14:49:03.980115+00:00,kai-scheduler,kai-scheduler-default-7f5cd888f7-lh8cb,18.0,152043520
2026-09-16T14:49:03.980115+00:00,kai-scheduler,pod-grouper-65456f756-4l2jm,1.0,11534336
2026-09-16T14:49:03.980115+00:00,kai-scheduler,podgroup-controller-68f9cc8dbf-2qvq4,1.0,11534336
2026-09-16T14:49:03.980115+00:00,kai-scheduler,queue-controller-f86fcd76c-gllp2,1.0,13631488
2026-09-16T14:49:03.980115+00:00,kube-system,coredns-8db54c48d-jsq8b,3.0,27262976
2026-09-16T14:49:03.980115+00:00,kube-system,kwok-controller-5cf8c7c44b-x7xbp,13.0,32505856
2026-09-16T14:49:03.980115+00:00,kube-system,local-path-provisioner-5d9d9885bc-vskmj,1.0,15728640
2026-09-16T14:49:03.980115+00:00,kube-system,metrics-server-75dc6f8d87-8nrhd,10.0,54525952
2026-09-16T14:49:03.980115+00:00,kube-system,svclb-traefik-7411b517-6x8cv,0.0,0
2026-09-16T14:49:03.980115+00:00,kube-system,traefik-9bcdbbd9-gmgcc,3.0,56623104
2026-09-16T14:49:03.980115+00:00,pyroscope,pyroscope-0,5.0,72351744
2026-09-16T14:49:03.980115+00:00,pyroscope,pyroscope-alloy-0,13.0,152043520
2026-09-16T14:49:10.219623+00:00,grove-system,grove-operator-646f9c68-pfjvq,32.0,189792256
2026-09-16T14:49:10.219623+00:00,kai-scheduler,admission-86666f457d-sk7lz,1.0,15728640
2026-09-16T14:49:10.219623+00:00,kai-scheduler,binder-869fc94c7-dc7lv,3.0,99614720
2026-09-16T14:49:10.219623+00:00,kai-scheduler,kai-operator-69b5d7bcf7-qxvz5,3.0,65011712
2026-09-16T14:49:10.219623+00:00,kai-scheduler,kai-scheduler-default-7f5cd888f7-lh8cb,18.0,152043520
2026-09-16T14:49:10.219623+00:00,kai-scheduler,pod-grouper-65456f756-4l2jm,1.0,11534336
2026-09-16T14:49:10.219623+00:00,kai-scheduler,podgroup-controller-68f9cc8dbf-2qvq4,1.0,11534336
2026-09-16T14:49:10.219623+00:00,kai-scheduler,queue-controller-f86fcd76c-gllp2,1.0,13631488
2026-09-16T14:49:10.219623+00:00,kube-system,coredns-8db54c48d-jsq8b,3.0,27262976
2026-09-16T14:49:10.219623+00:00,kube-system,kwok-controller-5cf8c7c44b-x7xbp,13.0,32505856
2026-09-16T14:49:10.219623+00:00,kube-system,local-path-provisioner-5d9d9885bc-vskmj,1.0,15728640
2026-09-16T14:49:10.219623+00:00,kube-system,metrics-server-75dc6f8d87-8nrhd,10.0,54525952
2026-09-16T14:49:10.219623+00:00,kube-system,svclb-traefik-7411b517-6x8cv,0.0,0
2026-09-16T14:49:10.219623+00:00,kube-system,traefik-9bcdbbd9-gmgcc,3.0,56623104
2026-09-16T14:49:10.219623+00:00,pyroscope,pyroscope-0,5.0,72351744
2026-09-16T14:49:10.219623+00:00,pyroscope,pyroscope-alloy-0,13.0,152043520
2026-09-16T14:49:16.462984+00:00,grove-system,grove-operator-646f9c68-pfjvq,32.0,190840832
2026-09-16T14:49:16.462984+00:00,kai-scheduler,admission-86666f457d-sk7lz,1.0,15728640
2026-09-16T14:49:16.462984+00:00,kai-scheduler,binder-869fc94c7-dc7lv,3.0,99614720
2026-09-16T14:49:16.462984+00:00,kai-scheduler,kai-operator-69b5d7bcf7-qxvz5,2.0,63963136
2026-09-16T14:49:16.462984+00:00,kai-scheduler,kai-scheduler-default-7f5cd888f7-lh8cb,28.0,150994944
2026-09-16T14:49:16.462984+00:00,kai-scheduler,pod-grouper-65456f756-4l2jm,1.0,11534336
2026-09-16T14:49:16.462984+00:00,kai-scheduler,podgroup-controller-68f9cc8dbf-2qvq4,1.0,11534336
2026-09-16T14:49:16.462984+00:00,kai-scheduler,queue-controller-f86fcd76c-gllp2,1.0,13631488
2026-09-16T14:49:16.462984+00:00,kube-system,coredns-8db54c48d-jsq8b,4.0,26214400
2026-09-16T14:49:16.462984+00:00,kube-system,kwok-controller-5cf8c7c44b-x7xbp,44.0,33554432
2026-09-16T14:49:16.462984+00:00,kube-system,local-path-provisioner-5d9d9885bc-vskmj,1.0,15728640
2026-09-16T14:49:16.462984+00:00,kube-system,metrics-server-75dc6f8d87-8nrhd,12.0,54525952
2026-09-16T14:49:16.462984+00:00,kube-system,svclb-traefik-7411b517-6x8cv,0.0,0
2026-09-16T14:49:16.462984+00:00,kube-system,traefik-9bcdbbd9-gmgcc,4.0,55574528
2026-09-16T14:49:16.462984+00:00,pyroscope,pyroscope-0,6.0,72351744
2026-09-16T14:49:16.462984+00:00,pyroscope,pyroscope-alloy-0,24.0,157286400
2026-09-16T14:49:22.706340+00:00,grove-system,grove-operator-646f9c68-pfjvq,32.0,190840832
2026-09-16T14:49:22.706340+00:00,kai-scheduler,admission-86666f457d-sk7lz,1.0,15728640
2026-09-16T14:49:22.706340+00:00,kai-scheduler,binder-869fc94c7-dc7lv,3.0,99614720
2026-09-16T14:49:22.706340+00:00,kai-scheduler,kai-operator-69b5d7bcf7-qxvz5,2.0,63963136
2026-09-16T14:49:22.706340+00:00,kai-scheduler,kai-scheduler-default-7f5cd888f7-lh8cb,28.0,150994944
2026-09-16T14:49:22.706340+00:00,kai-scheduler,pod-grouper-65456f756-4l2jm,1.0,11534336
2026-09-16T14:49:22.706340+00:00,kai-scheduler,podgroup-controller-68f9cc8dbf-2qvq4,1.0,11534336
2026-09-16T14:49:22.706340+00:00,kai-scheduler,queue-controller-f86fcd76c-gllp2,1.0,13631488
2026-09-16T14:49:22.706340+00:00,kube-system,coredns-8db54c48d-jsq8b,4.0,26214400
2026-09-16T14:49:22.706340+00:00,kube-system,kwok-controller-5cf8c7c44b-x7xbp,44.0,33554432
2026-09-16T14:49:22.706340+00:00,kube-system,local-path-provisioner-5d9d9885bc-vskmj,1.0,15728640
2026-09-16T14:49:22.706340+00:00,kube-system,metrics-server-75dc6f8d87-8nrhd,12.0,54525952
2026-09-16T14:49:22.706340+00:00,kube-system,svclb-traefik-7411b517-6x8cv,0.0,0
2026-09-16T14:49:22.706340+00:00,kube-system,traefik-9bcdbbd9-gmgcc,4.0,55574528
2026-09-16T14:49:22.706340+00:00,pyroscope,pyroscope-0,6.0,72351744
2026-09-16T14:49:22.706340+00:00,pyroscope,pyroscope-alloy-0,24.0,157286400
2026-09-16T14:49:28.971323+00:00,grove-system,grove-operator-646f9c68-pfjvq,27.0,181403648
2026-09-16T14:49:28.971323+00:00,kai-scheduler,admission-86666f457d-sk7lz,1.0,15728640
2026-09-16T14:49:28.971323+00:00,kai-scheduler,binder-869fc94c7-dc7lv,26.0,97517568
2026-09-16T14:49:28.971323+00:00,kai-scheduler,kai-operator-69b5d7bcf7-qxvz5,1.0,63963136
2026-09-16T14:49:28.971323+00:00,kai-scheduler,kai-scheduler-default-7f5cd888f7-lh8cb,31.0,143654912
2026-09-16T14:49:28.971323+00:00,kai-scheduler,pod-grouper-65456f756-4l2jm,1.0,11534336
2026-09-16T14:49:28.971323+00:00,kai-scheduler,podgroup-controller-68f9cc8dbf-2qvq4,1.0,11534336
2026-09-16T14:49:28.971323+00:00,kai-scheduler,queue-controller-f86fcd76c-gllp2,1.0,13631488
2026-09-16T14:49:28.971323+00:00,kube-system,coredns-8db54c48d-jsq8b,4.0,26214400
2026-09-16T14:49:28.971323+00:00,kube-system,kwok-controller-5cf8c7c44b-x7xbp,56.0,32505856
2026-09-16T14:49:28.971323+00:00,kube-system,local-path-provisioner-5d9d9885bc-vskmj,1.0,15728640
2026-09-16T14:49:28.971323+00:00,kube-system,metrics-server-75dc6f8d87-8nrhd,23.0,55574528
2026-09-16T14:49:28.971323+00:00,kube-system,svclb-traefik-7411b517-6x8cv,0.0,0
2026-09-16T14:49:28.971323+00:00,kube-system,traefik-9bcdbbd9-gmgcc,4.0,56623104
2026-09-16T14:49:28.971323+00:00,pyroscope,pyroscope-0,6.0,69206016
2026-09-16T14:49:28.971323+00:00,pyroscope,pyroscope-alloy-0,24.0,157286400
2026-09-16T14:49:35.206708+00:00,grove-system,grove-operator-646f9c68-pfjvq,27.0,181403648
2026-09-16T14:49:35.206708+00:00,kai-scheduler,admission-86666f457d-sk7lz,1.0,15728640
2026-09-16T14:49:35.206708+00:00,kai-scheduler,binder-869fc94c7-dc7lv,26.0,97517568
2026-09-16T14:49:35.206708+00:00,kai-scheduler,kai-operator-69b5d7bcf7-qxvz5,1.0,63963136
2026-09-16T14:49:35.206708+00:00,kai-scheduler,kai-scheduler-default-7f5cd888f7-lh8cb,31.0,143654912
2026-09-16T14:49:35.206708+00:00,kai-scheduler,pod-grouper-65456f756-4l2jm,1.0,11534336
2026-09-16T14:49:35.206708+00:00,kai-scheduler,podgroup-controller-68f9cc8dbf-2qvq4,1.0,11534336
2026-09-16T14:49:35.206708+00:00,kai-scheduler,queue-controller-f86fcd76c-gllp2,1.0,13631488
2026-09-16T14:49:35.206708+00:00,kube-system,coredns-8db54c48d-jsq8b,4.0,26214400
2026-09-16T14:49:35.206708+00:00,kube-system,kwok-controller-5cf8c7c44b-x7xbp,56.0,32505856
2026-09-16T14:49:35.206708+00:00,kube-system,local-path-provisioner-5d9d9885bc-vskmj,1.0,15728640
2026-09-16T14:49:35.206708+00:00,kube-system,metrics-server-75dc6f8d87-8nrhd,23.0,55574528
2026-09-16T14:49:35.206708+00:00,kube-system,svclb-traefik-7411b517-6x8cv,0.0,0
2026-09-16T14:49:35.206708+00:00,kube-system,traefik-9bcdbbd9-gmgcc,4.0,56623104
2026-09-16T14:49:35.206708+00:00,pyroscope,pyroscope-0,6.0,69206016
2026-09-16T14:49:35.206708+00:00,pyroscope,pyroscope-alloy-0,24.0,157286400
2026-09-16T14:49:41.448333+00:00,grove-system,grove-operator-646f9c68-pfjvq,31.0,185597952
2026-09-16T14:49:41.448333+00:00,kai-scheduler,admission-86666f457d-sk7lz,1.0,15728640
2026-09-16T14:49:41.448333+00:00,kai-scheduler,binder-869fc94c7-dc7lv,26.0,97517568
2026-09-16T14:49:41.448333+00:00,kai-scheduler,kai-operator-69b5d7bcf7-qxvz5,2.0,60817408
2026-09-16T14:49:41.448333+00:00,kai-scheduler,kai-scheduler-default-7f5cd888f7-lh8cb,21.0,119537664
2026-09-16T14:49:41.448333+00:00,kai-scheduler,pod-grouper-65456f756-4l2jm,1.0,11534336
2026-09-16T14:49:41.448333+00:00,kai-scheduler,podgroup-controller-68f9cc8dbf-2qvq4,1.0,11534336
2026-09-16T14:49:41.448333+00:00,kai-scheduler,queue-controller-f86fcd76c-gllp2,1.0,13631488
2026-09-16T14:49:41.448333+00:00,kube-system,coredns-8db54c48d-jsq8b,4.0,26214400
2026-09-16T14:49:41.448333+00:00,kube-system,kwok-controller-5cf8c7c44b-x7xbp,56.0,32505856
2026-09-16T14:49:41.448333+00:00,kube-system,local-path-provisioner-5d9d9885bc-vskmj,1.0,15728640
2026-09-16T14:49:41.448333+00:00,kube-system,metrics-server-75dc6f8d87-8nrhd,21.0,56623104
2026-09-16T14:49:41.448333+00:00,kube-system,svclb-traefik-7411b517-6x8cv,0.0,0
2026-09-16T14:49:41.448333+00:00,kube-system,traefik-9bcdbbd9-gmgcc,4.0,55574528
2026-09-16T14:49:41.448333+00:00,pyroscope,pyroscope-0,8.0,75497472
2026-09-16T14:49:41.448333+00:00,pyroscope,pyroscope-alloy-0,38.0,149946368
2026-09-16T14:49:47.687725+00:00,grove-system,grove-operator-646f9c68-pfjvq,31.0,185597952
2026-09-16T14:49:47.687725+00:00,kai-scheduler,admission-86666f457d-sk7lz,1.0,15728640
2026-09-16T14:49:47.687725+00:00,kai-scheduler,binder-869fc94c7-dc7lv,26.0,97517568
2026-09-16T14:49:47.687725+00:00,kai-scheduler,kai-operator-69b5d7bcf7-qxvz5,2.0,60817408
2026-09-16T14:49:47.687725+00:00,kai-scheduler,kai-scheduler-default-7f5cd888f7-lh8cb,21.0,119537664
2026-09-16T14:49:47.687725+00:00,kai-scheduler,pod-grouper-65456f756-4l2jm,1.0,11534336
2026-09-16T14:49:47.687725+00:00,kai-scheduler,podgroup-controller-68f9cc8dbf-2qvq4,1.0,11534336
2026-09-16T14:49:47.687725+00:00,kai-scheduler,queue-controller-f86fcd76c-gllp2,1.0,13631488
2026-09-16T14:49:47.687725+00:00,kube-system,coredns-8db54c48d-jsq8b,4.0,26214400
2026-09-16T14:49:47.687725+00:00,kube-system,kwok-controller-5cf8c7c44b-x7xbp,56.0,32505856
2026-09-16T14:49:47.687725+00:00,kube-system,local-path-provisioner-5d9d9885bc-vskmj,1.0,15728640
2026-09-16T14:49:47.687725+00:00,kube-system,metrics-server-75dc6f8d87-8nrhd,21.0,56623104
2026-09-16T14:49:47.687725+00:00,kube-system,svclb-traefik-7411b517-6x8cv,0.0,0
2026-09-16T14:49:47.687725+00:00,kube-system,traefik-9bcdbbd9-gmgcc,4.0,55574528
2026-09-16T14:49:47.687725+00:00,pyroscope,pyroscope-0,8.0,75497472
2026-09-16T14:49:47.687725+00:00,pyroscope,pyroscope-alloy-0,38.0,149946368
2026-09-16T14:49:53.923956+00:00,grove-system,grove-operator-646f9c68-pfjvq,31.0,185597952
2026-09-16T14:49:53.923956+00:00,kai-scheduler,admission-86666f457d-sk7lz,1.0,15728640
2026-09-16T14:49:53.923956+00:00,kai-scheduler,binder-869fc94c7-dc7lv,26.0,97517568
2026-09-16T14:49:53.923956+00:00,kai-scheduler,kai-operator-69b5d7bcf7-qxvz5,2.0,60817408
2026-09-16T14:49:53.923956+00:00,kai-scheduler,kai-scheduler-default-7f5cd888f7-lh8cb,21.0,119537664
2026-09-16T14:49:53.923956+00:00,kai-scheduler,pod-grouper-65456f756-4l2jm,1.0,11534336
2026-09-16T14:49:53.923956+00:00,kai-scheduler,podgroup-controller-68f9cc8dbf-2qvq4,1.0,11534336
2026-09-16T14:49:53.923956+00:00,kai-scheduler,queue-controller-f86fcd76c-gllp2,1.0,13631488
2026-09-16T14:49:53.923956+00:00,kube-system,coredns-8db54c48d-jsq8b,4.0,26214400
2026-09-16T14:49:53.923956+00:00,kube-system,kwok-controller-5cf8c7c44b-x7xbp,56.0,32505856
2026-09-16T14:49:53.923956+00:00,kube-system,local-path-provisioner-5d9d9885bc-vskmj,1.0,15728640
2026-09-16T14:49:53.923956+00:00,kube-system,metrics-server-75dc6f8d87-8nrhd,21.0,56623104
2026-09-16T14:49:53.923956+00:00,kube-system,svclb-traefik-7411b517-6x8cv,0.0,0
2026-09-16T14:49:53.923956+00:00,kube-system,traefik-9bcdbbd9-gmgcc,4.0,55574528
2026-09-16T14:49:53.923956+00:00,pyroscope,pyroscope-0,8.0,75497472
2026-09-16T14:49:53.923956+00:00,pyroscope,pyroscope-alloy-0,38.0,149946368
2026-09-16T14:50:00.180014+00:00,grove-system,grove-operator-646f9c68-pfjvq,31.0,185597952
2026-09-16T14:50:00.180014+00:00,kai-scheduler,admission-86666f457d-sk7lz,1.0,15728640
2026-09-16T14:50:00.180014+00:00,kai-scheduler,binder-869fc94c7-dc7lv,10.0,93323264
2026-09-16T14:50:00.180014+00:00,kai-scheduler,kai-operator-69b5d7bcf7-qxvz5,3.0,61865984
2026-09-16T14:50:00.180014+00:00,kai-scheduler,kai-scheduler-default-7f5cd888f7-lh8cb,21.0,119537664
2026-09-16T14:50:00.180014+00:00,kai-scheduler,pod-grouper-65456f756-4l2jm,1.0,11534336
2026-09-16T14:50:00.180014+00:00,kai-scheduler,podgroup-controller-68f9cc8dbf-2qvq4,1.0,11534336
2026-09-16T14:50:00.180014+00:00,kai-scheduler,queue-controller-f86fcd76c-gllp2,1.0,13631488
2026-09-16T14:50:00.180014+00:00,kube-system,coredns-8db54c48d-jsq8b,4.0,27262976
2026-09-16T14:50:00.180014+00:00,kube-system,kwok-controller-5cf8c7c44b-x7xbp,39.0,31457280
2026-09-16T14:50:00.180014+00:00,kube-system,local-path-provisioner-5d9d9885bc-vskmj,1.0,15728640
2026-09-16T14:50:00.180014+00:00,kube-system,metrics-server-75dc6f8d87-8nrhd,9.0,56623104
2026-09-16T14:50:00.180014+00:00,kube-system,svclb-traefik-7411b517-6x8cv,0.0,0
2026-09-16T14:50:00.180014+00:00,kube-system,traefik-9bcdbbd9-gmgcc,5.0,57671680
2026-09-16T14:50:00.180014+00:00,pyroscope,pyroscope-0,6.0,74448896
2026-09-16T14:50:00.180014+00:00,pyroscope,pyroscope-alloy-0,16.0,146800640
2026-09-16T14:50:06.419149+00:00,grove-system,grove-operator-646f9c68-pfjvq,31.0,185597952
2026-09-16T14:50:06.419149+00:00,kai-scheduler,admission-86666f457d-sk7lz,1.0,15728640
2026-09-16T14:50:06.419149+00:00,kai-scheduler,binder-869fc94c7-dc7lv,10.0,93323264
2026-09-16T14:50:06.419149+00:00,kai-scheduler,kai-operator-69b5d7bcf7-qxvz5,3.0,61865984
2026-09-16T14:50:06.419149+00:00,kai-scheduler,kai-scheduler-default-7f5cd888f7-lh8cb,21.0,119537664
2026-09-16T14:50:06.419149+00:00,kai-scheduler,pod-grouper-65456f756-4l2jm,1.0,11534336
2026-09-16T14:50:06.419149+00:00,kai-scheduler,podgroup-controller-68f9cc8dbf-2qvq4,1.0,11534336
2026-09-16T14:50:06.419149+00:00,kai-scheduler,queue-controller-f86fcd76c-gllp2,1.0,13631488
2026-09-16T14:50:06.419149+00:00,kube-system,coredns-8db54c48d-jsq8b,4.0,27262976
2026-09-16T14:50:06.419149+00:00,kube-system,kwok-controller-5cf8c7c44b-x7xbp,39.0,31457280
2026-09-16T14:50:06.419149+00:00,kube-system,local-path-provisioner-5d9d9885bc-vskmj,1.0,15728640
2026-09-16T14:50:06.419149+00:00,kube-system,metrics-server-75dc6f8d87-8nrhd,9.0,56623104
2026-09-16T14:50:06.419149+00:00,kube-system,svclb-traefik-7411b517-6x8cv,0.0,0
2026-09-16T14:50:06.419149+00:00,kube-system,traefik-9bcdbbd9-gmgcc,5.0,57671680
2026-09-16T14:50:06.419149+00:00,pyroscope,pyroscope-0,6.0,74448896
2026-09-16T14:50:06.419149+00:00,pyroscope,pyroscope-alloy-0,16.0,146800640
2026-09-16T14:50:12.655462+00:00,grove-system,grove-operator-646f9c68-pfjvq,31.0,182452224
2026-09-16T14:50:12.655462+00:00,kai-scheduler,admission-86666f457d-sk7lz,1.0,15728640
2026-09-16T14:50:12.655462+00:00,kai-scheduler,binder-869fc94c7-dc7lv,1.0,93323264
2026-09-16T14:50:12.655462+00:00,kai-scheduler,kai-operator-69b5d7bcf7-qxvz5,3.0,61865984
2026-09-16T14:50:12.655462+00:00,kai-scheduler,kai-scheduler-default-7f5cd888f7-lh8cb,9.0,125829120
2026-09-16T14:50:12.655462+00:00,kai-scheduler,pod-grouper-65456f756-4l2jm,1.0,11534336
2026-09-16T14:50:12.655462+00:00,kai-scheduler,podgroup-controller-68f9cc8dbf-2qvq4,1.0,11534336
2026-09-16T14:50:12.655462+00:00,kai-scheduler,queue-controller-f86fcd76c-gllp2,1.0,13631488
2026-09-16T14:50:12.655462+00:00,kube-system,coredns-8db54c48d-jsq8b,4.0,27262976
2026-09-16T14:50:12.655462+00:00,kube-system,kwok-controller-5cf8c7c44b-x7xbp,10.0,31457280
2026-09-16T14:50:12.655462+00:00,kube-system,local-path-provisioner-5d9d9885bc-vskmj,1.0,15728640
2026-09-16T14:50:12.655462+00:00,kube-system,metrics-server-75dc6f8d87-8nrhd,6.0,56623104
2026-09-16T14:50:12.655462+00:00,kube-system,svclb-traefik-7411b517-6x8cv,0.0,0
2026-09-16T14:50:12.655462+00:00,kube-system,traefik-9bcdbbd9-gmgcc,4.0,57671680
2026-09-16T14:50:12.655462+00:00,pyroscope,pyroscope-0,5.0,71303168
2026-09-16T14:50:12.655462+00:00,pyroscope,pyroscope-alloy-0,4.0,150994944
2026-09-16T14:50:18.899942+00:00,grove-system,grove-operator-646f9c68-pfjvq,31.0,182452224
2026-09-16T14:50:18.899942+00:00,kai-scheduler,admission-86666f457d-sk7lz,1.0,15728640
2026-09-16T14:50:18.899942+00:00,kai-scheduler,binder-869fc94c7-dc7lv,1.0,93323264
2026-09-16T14:50:18.899942+00:00,kai-scheduler,kai-operator-69b5d7bcf7-qxvz5,3.0,61865984
2026-09-16T14:50:18.899942+00:00,kai-scheduler,kai-scheduler-default-7f5cd888f7-lh8cb,9.0,125829120
2026-09-16T14:50:18.899942+00:00,kai-scheduler,pod-grouper-65456f756-4l2jm,1.0,11534336
2026-09-16T14:50:18.899942+00:00,kai-scheduler,podgroup-controller-68f9cc8dbf-2qvq4,1.0,11534336
2026-09-16T14:50:18.899942+00:00,kai-scheduler,queue-controller-f86fcd76c-gllp2,1.0,13631488
2026-09-16T14:50:18.899942+00:00,kube-system,coredns-8db54c48d-jsq8b,4.0,27262976
2026-09-16T14:50:18.899942+00:00,kube-system,kwok-controller-5cf8c7c44b-x7xbp,10.0,31457280
2026-09-16T14:50:18.899942+00:00,kube-system,local-path-provisioner-5d9d9885bc-vskmj,1.0,15728640
2026-09-16T14:50:18.899942+00:00,kube-system,metrics-server-75dc6f8d87-8nrhd,6.0,56623104
2026-09-16T14:50:18.899942+00:00,kube-system,svclb-traefik-7411b517-6x8cv,0.0,0
2026-09-16T14:50:18.899942+00:00,kube-system,traefik-9bcdbbd9-gmgcc,4.0,57671680
2026-09-16T14:50:18.899942+00:00,pyroscope,pyroscope-0,5.0,71303168
2026-09-16T14:50:18.899942+00:00,pyroscope,pyroscope-alloy-0,4.0,150994944
2026-09-16T14:50:25.146249+00:00,grove-system,grove-operator-646f9c68-pfjvq,31.0,182452224
2026-09-16T14:50:25.146249+00:00,kai-scheduler,admission-86666f457d-sk7lz,1.0,15728640
2026-09-16T14:50:25.146249+00:00,kai-scheduler,binder-869fc94c7-dc7lv,1.0,93323264
2026-09-16T14:50:25.146249+00:00,kai-scheduler,kai-operator-69b5d7bcf7-qxvz5,3.0,61865984
2026-09-16T14:50:25.146249+00:00,kai-scheduler,kai-scheduler-default-7f5cd888f7-lh8cb,9.0,125829120
2026-09-16T14:50:25.146249+00:00,kai-scheduler,pod-grouper-65456f756-4l2jm,1.0,11534336
2026-09-16T14:50:25.146249+00:00,kai-scheduler,podgroup-controller-68f9cc8dbf-2qvq4,1.0,11534336
2026-09-16T14:50:25.146249+00:00,kai-scheduler,queue-controller-f86fcd76c-gllp2,1.0,13631488
2026-09-16T14:50:25.146249+00:00,kube-system,coredns-8db54c48d-jsq8b,4.0,27262976
2026-09-16T14:50:25.146249+00:00,kube-system,kwok-controller-5cf8c7c44b-x7xbp,10.0,31457280
2026-09-16T14:50:25.146249+00:00,kube-system,local-path-provisioner-5d9d9885bc-vskmj,1.0,15728640
2026-09-16T14:50:25.146249+00:00,kube-system,metrics-server-75dc6f8d87-8nrhd,6.0,56623104
2026-09-16T14:50:25.146249+00:00,kube-system,svclb-traefik-7411b517-6x8cv,0.0,0
2026-09-16T14:50:25.146249+00:00,kube-system,traefik-9bcdbbd9-gmgcc,4.0,57671680
2026-09-16T14:50:25.146249+00:00,pyroscope,pyroscope-0,5.0,71303168
2026-09-16T14:50:25.146249+00:00,pyroscope,pyroscope-alloy-0,4.0,150994944
2026-09-16T14:50:31.389248+00:00,grove-system,grove-operator-646f9c68-pfjvq,33.0,177209344
2026-09-16T14:50:31.389248+00:00,kai-scheduler,admission-86666f457d-sk7lz,1.0,16777216
2026-09-16T14:50:31.389248+00:00,kai-scheduler,binder-869fc94c7-dc7lv,1.0,93323264
2026-09-16T14:50:31.389248+00:00,kai-scheduler,kai-operator-69b5d7bcf7-qxvz5,3.0,60817408
2026-09-16T14:50:31.389248+00:00,kai-scheduler,kai-scheduler-default-7f5cd888f7-lh8cb,10.0,124780544
2026-09-16T14:50:31.389248+00:00,kai-scheduler,pod-grouper-65456f756-4l2jm,1.0,11534336
2026-09-16T14:50:31.389248+00:00,kai-scheduler,podgroup-controller-68f9cc8dbf-2qvq4,1.0,11534336
2026-09-16T14:50:31.389248+00:00,kai-scheduler,queue-controller-f86fcd76c-gllp2,1.0,13631488
2026-09-16T14:50:31.389248+00:00,kube-system,coredns-8db54c48d-jsq8b,4.0,26214400
2026-09-16T14:50:31.389248+00:00,kube-system,kwok-controller-5cf8c7c44b-x7xbp,36.0,35651584
2026-09-16T14:50:31.389248+00:00,kube-system,local-path-provisioner-5d9d9885bc-vskmj,1.0,15728640
2026-09-16T14:50:31.389248+00:00,kube-system,metrics-server-75dc6f8d87-8nrhd,6.0,57671680
2026-09-16T14:50:31.389248+00:00,kube-system,svclb-traefik-7411b517-6x8cv,0.0,0
2026-09-16T14:50:31.389248+00:00,kube-system,traefik-9bcdbbd9-gmgcc,3.0,56623104
2026-09-16T14:50:31.389248+00:00,pyroscope,pyroscope-0,5.0,70254592
2026-09-16T14:50:31.389248+00:00,pyroscope,pyroscope-alloy-0,4.0,150994944
2026-09-16T14:50:37.627806+00:00,grove-system,grove-operator-646f9c68-pfjvq,33.0,177209344
2026-09-16T14:50:37.627806+00:00,kai-scheduler,admission-86666f457d-sk7lz,1.0,16777216
2026-09-16T14:50:37.627806+00:00,kai-scheduler,binder-869fc94c7-dc7lv,1.0,93323264
2026-09-16T14:50:37.627806+00:00,kai-scheduler,kai-operator-69b5d7bcf7-qxvz5,3.0,60817408
2026-09-16T14:50:37.627806+00:00,kai-scheduler,kai-scheduler-default-7f5cd888f7-lh8cb,10.0,124780544
2026-09-16T14:50:37.627806+00:00,kai-scheduler,pod-grouper-65456f756-4l2jm,1.0,11534336
2026-09-16T14:50:37.627806+00:00,kai-scheduler,podgroup-controller-68f9cc8dbf-2qvq4,1.0,11534336
2026-09-16T14:50:37.627806+00:00,kai-scheduler,queue-controller-f86fcd76c-gllp2,1.0,13631488
2026-09-16T14:50:37.627806+00:00,kube-system,coredns-8db54c48d-jsq8b,4.0,26214400
2026-09-16T14:50:37.627806+00:00,kube-system,kwok-controller-5cf8c7c44b-x7xbp,36.0,35651584
2026-09-16T14:50:37.627806+00:00,kube-system,local-path-provisioner-5d9d9885bc-vskmj,1.0,15728640
2026-09-16T14:50:37.627806+00:00,kube-system,metrics-server-75dc6f8d87-8nrhd,6.0,57671680
2026-09-16T14:50:37.627806+00:00,kube-system,svclb-traefik-7411b517-6x8cv,0.0,0
2026-09-16T14:50:37.627806+00:00,kube-system,traefik-9bcdbbd9-gmgcc,3.0,56623104
2026-09-16T14:50:37.627806+00:00,pyroscope,pyroscope-0,5.0,70254592
2026-09-16T14:50:37.627806+00:00,pyroscope,pyroscope-alloy-0,4.0,150994944
2026-09-16T14:50:43.868844+00:00,grove-system,grove-operator-646f9c68-pfjvq,31.0,178257920
2026-09-16T14:50:43.868844+00:00,kai-scheduler,admission-86666f457d-sk7lz,1.0,15728640
2026-09-16T14:50:43.868844+00:00,kai-scheduler,binder-869fc94c7-dc7lv,22.0,94371840
2026-09-16T14:50:43.868844+00:00,kai-scheduler,kai-operator-69b5d7bcf7-qxvz5,1.0,60817408
2026-09-16T14:50:43.868844+00:00,kai-scheduler,kai-scheduler-default-7f5cd888f7-lh8cb,15.0,110100480
2026-09-16T14:50:43.868844+00:00,kai-scheduler,pod-grouper-65456f756-4l2jm,1.0,11534336
2026-09-16T14:50:43.868844+00:00,kai-scheduler,podgroup-controller-68f9cc8dbf-2qvq4,1.0,11534336
2026-09-16T14:50:43.868844+00:00,kai-scheduler,queue-controller-f86fcd76c-gllp2,1.0,13631488
2026-09-16T14:50:43.868844+00:00,kube-system,coredns-8db54c48d-jsq8b,4.0,26214400
2026-09-16T14:50:43.868844+00:00,kube-system,kwok-controller-5cf8c7c44b-x7xbp,32.0,36700160
2026-09-16T14:50:43.868844+00:00,kube-system,local-path-provisioner-5d9d9885bc-vskmj,1.0,15728640
2026-09-16T14:50:43.868844+00:00,kube-system,metrics-server-75dc6f8d87-8nrhd,20.0,56623104
2026-09-16T14:50:43.868844+00:00,kube-system,svclb-traefik-7411b517-6x8cv,0.0,0
2026-09-16T14:50:43.868844+00:00,kube-system,traefik-9bcdbbd9-gmgcc,3.0,56623104
2026-09-16T14:50:43.868844+00:00,pyroscope,pyroscope-0,6.0,69206016
2026-09-16T14:50:43.868844+00:00,pyroscope,pyroscope-alloy-0,12.0,156237824
2026-09-16T14:50:50.108022+00:00,grove-system,grove-operator-646f9c68-pfjvq,31.0,178257920
2026-09-16T14:50:50.108022+00:00,kai-scheduler,admission-86666f457d-sk7lz,1.0,15728640
2026-09-16T14:50:50.108022+00:00,kai-scheduler,binder-869fc94c7-dc7lv,22.0,94371840
2026-09-16T14:50:50.108022+00:00,kai-scheduler,kai-operator-69b5d7bcf7-qxvz5,1.0,60817408
2026-09-16T14:50:50.108022+00:00,kai-scheduler,kai-scheduler-default-7f5cd888f7-lh8cb,15.0,110100480
2026-09-16T14:50:50.108022+00:00,kai-scheduler,pod-grouper-65456f756-4l2jm,1.0,11534336
2026-09-16T14:50:50.108022+00:00,kai-scheduler,podgroup-controller-68f9cc8dbf-2qvq4,1.0,11534336
2026-09-16T14:50:50.108022+00:00,kai-scheduler,queue-controller-f86fcd76c-gllp2,1.0,13631488
2026-09-16T14:50:50.108022+00:00,kube-system,coredns-8db54c48d-jsq8b,4.0,26214400
2026-09-16T14:50:50.108022+00:00,kube-system,kwok-controller-5cf8c7c44b-x7xbp,32.0,36700160
2026-09-16T14:50:50.108022+00:00,kube-system,local-path-provisioner-5d9d9885bc-vskmj,1.0,15728640
2026-09-16T14:50:50.108022+00:00,kube-system,metrics-server-75dc6f8d87-8nrhd,20.0,56623104
2026-09-16T14:50:50.108022+00:00,kube-system,svclb-traefik-7411b517-6x8cv,0.0,0
2026-09-16T14:50:50.108022+00:00,kube-system,traefik-9bcdbbd9-gmgcc,3.0,56623104
2026-09-16T14:50:50.108022+00:00,pyroscope,pyroscope-0,6.0,69206016
2026-09-16T14:50:50.108022+00:00,pyroscope,pyroscope-alloy-0,12.0,156237824
2026-09-16T14:50:56.346131+00:00,grove-system,grove-operator-646f9c68-pfjvq,22.0,174063616
2026-09-16T14:50:56.346131+00:00,kai-scheduler,admission-86666f457d-sk7lz,1.0,15728640
2026-09-16T14:50:56.346131+00:00,kai-scheduler,binder-869fc94c7-dc7lv,25.0,87031808
2026-09-16T14:50:56.346131+00:00,kai-scheduler,kai-operator-69b5d7bcf7-qxvz5,1.0,60817408
2026-09-16T14:50:56.346131+00:00,kai-scheduler,kai-scheduler-default-7f5cd888f7-lh8cb,22.0,102760448
2026-09-16T14:50:56.346131+00:00,kai-scheduler,pod-grouper-65456f756-4l2jm,1.0,11534336
2026-09-16T14:50:56.346131+00:00,kai-scheduler,podgroup-controller-68f9cc8dbf-2qvq4,1.0,11534336
2026-09-16T14:50:56.346131+00:00,kai-scheduler,queue-controller-f86fcd76c-gllp2,1.0,13631488
2026-09-16T14:50:56.346131+00:00,kube-system,coredns-8db54c48d-jsq8b,5.0,27262976
2026-09-16T14:50:56.346131+00:00,kube-system,kwok-controller-5cf8c7c44b-x7xbp,47.0,36700160
2026-09-16T14:50:56.346131+00:00,kube-system,local-path-provisioner-5d9d9885bc-vskmj,1.0,15728640
2026-09-16T14:50:56.346131+00:00,kube-system,metrics-server-75dc6f8d87-8nrhd,18.0,56623104
2026-09-16T14:50:56.346131+00:00,kube-system,svclb-traefik-7411b517-6x8cv,0.0,0
2026-09-16T14:50:56.346131+00:00,kube-system,traefik-9bcdbbd9-gmgcc,4.0,56623104
2026-09-16T14:50:56.346131+00:00,pyroscope,pyroscope-0,6.0,69206016
2026-09-16T14:50:56.346131+00:00,pyroscope,pyroscope-alloy-0,28.0,142606336
2026-09-16T14:51:02.596395+00:00,grove-system,grove-operator-646f9c68-pfjvq,22.0,174063616
2026-09-16T14:51:02.596395+00:00,kai-scheduler,admission-86666f457d-sk7lz,1.0,15728640
2026-09-16T14:51:02.596395+00:00,kai-scheduler,binder-869fc94c7-dc7lv,25.0,87031808
2026-09-16T14:51:02.596395+00:00,kai-scheduler,kai-operator-69b5d7bcf7-qxvz5,1.0,60817408
2026-09-16T14:51:02.596395+00:00,kai-scheduler,kai-scheduler-default-7f5cd888f7-lh8cb,22.0,102760448
2026-09-16T14:51:02.596395+00:00,kai-scheduler,pod-grouper-65456f756-4l2jm,1.0,11534336
2026-09-16T14:51:02.596395+00:00,kai-scheduler,podgroup-controller-68f9cc8dbf-2qvq4,1.0,11534336
2026-09-16T14:51:02.596395+00:00,kai-scheduler,queue-controller-f86fcd76c-gllp2,1.0,13631488
2026-09-16T14:51:02.596395+00:00,kube-system,coredns-8db54c48d-jsq8b,5.0,27262976
2026-09-16T14:51:02.596395+00:00,kube-system,kwok-controller-5cf8c7c44b-x7xbp,47.0,36700160
2026-09-16T14:51:02.596395+00:00,kube-system,local-path-provisioner-5d9d9885bc-vskmj,1.0,15728640
2026-09-16T14:51:02.596395+00:00,kube-system,metrics-server-75dc6f8d87-8nrhd,18.0,56623104
2026-09-16T14:51:02.596395+00:00,kube-system,svclb-traefik-7411b517-6x8cv,0.0,0
2026-09-16T14:51:02.596395+00:00,kube-system,traefik-9bcdbbd9-gmgcc,4.0,56623104
2026-09-16T14:51:02.596395+00:00,pyroscope,pyroscope-0,6.0,69206016
2026-09-16T14:51:02.596395+00:00,pyroscope,pyroscope-alloy-0,28.0,142606336
2026-09-16T14:51:08.833210+00:00,grove-system,grove-operator-646f9c68-pfjvq,22.0,174063616
2026-09-16T14:51:08.833210+00:00,kai-scheduler,admission-86666f457d-sk7lz,1.0,15728640
2026-09-16T14:51:08.833210+00:00,kai-scheduler,binder-869fc94c7-dc7lv,25.0,87031808
2026-09-16T14:51:08.833210+00:00,kai-scheduler,kai-operator-69b5d7bcf7-qxvz5,1.0,60817408
2026-09-16T14:51:08.833210+00:00,kai-scheduler,kai-scheduler-default-7f5cd888f7-lh8cb,22.0,102760448
2026-09-16T14:51:08.833210+00:00,kai-scheduler,pod-grouper-65456f756-4l2jm,1.0,11534336
2026-09-16T14:51:08.833210+00:00,kai-scheduler,podgroup-controller-68f9cc8dbf-2qvq4,1.0,11534336
2026-09-16T14:51:08.833210+00:00,kai-scheduler,queue-controller-f86fcd76c-gllp2,1.0,13631488
2026-09-16T14:51:08.833210+00:00,kube-system,coredns-8db54c48d-jsq8b,5.0,27262976
2026-09-16T14:51:08.833210+00:00,kube-system,kwok-controller-5cf8c7c44b-x7xbp,47.0,36700160
2026-09-16T14:51:08.833210+00:00,kube-system,local-path-provisioner-5d9d9885bc-vskmj,1.0,15728640
2026-09-16T14:51:08.833210+00:00,kube-system,metrics-server-75dc6f8d87-8nrhd,18.0,56623104
2026-09-16T14:51:08.833210+00:00,kube-system,svclb-traefik-7411b517-6x8cv,0.0,0
2026-09-16T14:51:08.833210+00:00,kube-system,traefik-9bcdbbd9-gmgcc,4.0,56623104
2026-09-16T14:51:08.833210+00:00,pyroscope,pyroscope-0,6.0,69206016
2026-09-16T14:51:08.833210+00:00,pyroscope,pyroscope-alloy-0,28.0,142606336
2026-09-16T14:51:15.072212+00:00,grove-system,grove-operator-646f9c68-pfjvq,25.0,161480704
2026-09-16T14:51:15.072212+00:00,kai-scheduler,admission-86666f457d-sk7lz,1.0,15728640
2026-09-16T14:51:15.072212+00:00,kai-scheduler,binder-869fc94c7-dc7lv,30.0,74448896
2026-09-16T14:51:15.072212+00:00,kai-scheduler,kai-operator-69b5d7bcf7-qxvz5,1.0,60817408
2026-09-16T14:51:15.072212+00:00,kai-scheduler,kai-scheduler-default-7f5cd888f7-lh8cb,22.0,101711872
2026-09-16T14:51:15.072212+00:00,kai-scheduler,pod-grouper-65456f756-4l2jm,1.0,11534336
2026-09-16T14:51:15.072212+00:00,kai-scheduler,podgroup-controller-68f9cc8dbf-2qvq4,1.0,11534336
2026-09-16T14:51:15.072212+00:00,kai-scheduler,queue-controller-f86fcd76c-gllp2,1.0,13631488
2026-09-16T14:51:15.072212+00:00,kube-system,coredns-8db54c48d-jsq8b,4.0,26214400
2026-09-16T14:51:15.072212+00:00,kube-system,kwok-controller-5cf8c7c44b-x7xbp,56.0,36700160
2026-09-16T14:51:15.072212+00:00,kube-system,local-path-provisioner-5d9d9885bc-vskmj,1.0,15728640
2026-09-16T14:51:15.072212+00:00,kube-system,metrics-server-75dc6f8d87-8nrhd,18.0,56623104
2026-09-16T14:51:15.072212+00:00,kube-system,svclb-traefik-7411b517-6x8cv,0.0,0
2026-09-16T14:51:15.072212+00:00,kube-system,traefik-9bcdbbd9-gmgcc,8.0,57671680
2026-09-16T14:51:15.072212+00:00,pyroscope,pyroscope-0,6.0,71303168
2026-09-16T14:51:15.072212+00:00,pyroscope,pyroscope-alloy-0,26.0,136314880
2026-09-16T14:51:21.322659+00:00,grove-system,grove-operator-646f9c68-pfjvq,25.0,161480704
2026-09-16T14:51:21.322659+00:00,kai-scheduler,admission-86666f457d-sk7lz,1.0,15728640
2026-09-16T14:51:21.322659+00:00,kai-scheduler,binder-869fc94c7-dc7lv,30.0,74448896
2026-09-16T14:51:21.322659+00:00,kai-scheduler,kai-operator-69b5d7bcf7-qxvz5,1.0,60817408
2026-09-16T14:51:21.322659+00:00,kai-scheduler,kai-scheduler-default-7f5cd888f7-lh8cb,22.0,101711872
2026-09-16T14:51:21.322659+00:00,kai-scheduler,pod-grouper-65456f756-4l2jm,1.0,11534336
2026-09-16T14:51:21.322659+00:00,kai-scheduler,podgroup-controller-68f9cc8dbf-2qvq4,1.0,11534336
2026-09-16T14:51:21.322659+00:00,kai-scheduler,queue-controller-f86fcd76c-gllp2,1.0,13631488
2026-09-16T14:51:21.322659+00:00,kube-system,coredns-8db54c48d-jsq8b,4.0,26214400
2026-09-16T14:51:21.322659+00:00,kube-system,kwok-controller-5cf8c7c44b-x7xbp,56.0,36700160
2026-09-16T14:51:21.322659+00:00,kube-system,local-path-provisioner-5d9d9885bc-vskmj,1.0,15728640
2026-09-16T14:51:21.322659+00:00,kube-system,metrics-server-75dc6f8d87-8nrhd,18.0,56623104
2026-09-16T14:51:21.322659+00:00,kube-system,svclb-traefik-7411b517-6x8cv,0.0,0
2026-09-16T14:51:21.322659+00:00,kube-system,traefik-9bcdbbd9-gmgcc,8.0,57671680
2026-09-16T14:51:21.322659+00:00,pyroscope,pyroscope-0,6.0,71303168
2026-09-16T14:51:21.322659+00:00,pyroscope,pyroscope-alloy-0,26.0,136314880
2026-09-16T14:51:27.569826+00:00,grove-system,grove-operator-646f9c68-pfjvq,95.0,154140672
2026-09-16T14:51:27.569826+00:00,kai-scheduler,admission-86666f457d-sk7lz,1.0,15728640
2026-09-16T14:51:27.569826+00:00,kai-scheduler,binder-869fc94c7-dc7lv,30.0,74448896
2026-09-16T14:51:27.569826+00:00,kai-scheduler,kai-operator-69b5d7bcf7-qxvz5,1.0,60817408
2026-09-16T14:51:27.569826+00:00,kai-scheduler,kai-scheduler-default-7f5cd888f7-lh8cb,19.0,89128960
2026-09-16T14:51:27.569826+00:00,kai-scheduler,pod-grouper-65456f756-4l2jm,1.0,11534336
2026-09-16T14:51:27.569826+00:00,kai-scheduler,podgroup-controller-68f9cc8dbf-2qvq4,1.0,11534336
2026-09-16T14:51:27.569826+00:00,kai-scheduler,queue-controller-f86fcd76c-gllp2,1.0,13631488
2026-09-16T14:51:27.569826+00:00,kube-system,coredns-8db54c48d-jsq8b,14.0,28311552
2026-09-16T14:51:27.569826+00:00,kube-system,kwok-controller-5cf8c7c44b-x7xbp,14.0,35651584
2026-09-16T14:51:27.569826+00:00,kube-system,local-path-provisioner-5d9d9885bc-vskmj,1.0,15728640
2026-09-16T14:51:27.569826+00:00,kube-system,metrics-server-75dc6f8d87-8nrhd,23.0,53477376
2026-09-16T14:51:27.569826+00:00,kube-system,svclb-traefik-7411b517-6x8cv,0.0,0
2026-09-16T14:51:27.569826+00:00,kube-system,traefik-9bcdbbd9-gmgcc,8.0,57671680
2026-09-16T14:51:27.569826+00:00,pyroscope,pyroscope-0,7.0,77594624
2026-09-16T14:51:27.569826+00:00,pyroscope,pyroscope-alloy-0,26.0,136314880
2026-09-16T14:51:33.830847+00:00,grove-system,grove-operator-646f9c68-pfjvq,95.0,154140672
2026-09-16T14:51:33.830847+00:00,kai-scheduler,admission-86666f457d-sk7lz,1.0,15728640
2026-09-16T14:51:33.830847+00:00,kai-scheduler,binder-869fc94c7-dc7lv,30.0,74448896
2026-09-16T14:51:33.830847+00:00,kai-scheduler,kai-operator-69b5d7bcf7-qxvz5,1.0,60817408
2026-09-16T14:51:33.830847+00:00,kai-scheduler,kai-scheduler-default-7f5cd888f7-lh8cb,19.0,89128960
2026-09-16T14:51:33.830847+00:00,kai-scheduler,pod-grouper-65456f756-4l2jm,1.0,11534336
2026-09-16T14:51:33.830847+00:00,kai-scheduler,podgroup-controller-68f9cc8dbf-2qvq4,1.0,11534336
2026-09-16T14:51:33.830847+00:00,kai-scheduler,queue-controller-f86fcd76c-gllp2,1.0,13631488
2026-09-16T14:51:33.830847+00:00,kube-system,coredns-8db54c48d-jsq8b,14.0,28311552
2026-09-16T14:51:33.830847+00:00,kube-system,kwok-controller-5cf8c7c44b-x7xbp,14.0,35651584
2026-09-16T14:51:33.830847+00:00,kube-system,local-path-provisioner-5d9d9885bc-vskmj,1.0,15728640
2026-09-16T14:51:33.830847+00:00,kube-system,metrics-server-75dc6f8d87-8nrhd,23.0,53477376
2026-09-16T14:51:33.830847+00:00,kube-system,svclb-traefik-7411b517-6x8cv,0.0,0
2026-09-16T14:51:33.830847+00:00,kube-system,traefik-9bcdbbd9-gmgcc,8.0,57671680
2026-09-16T14:51:33.830847+00:00,pyroscope,pyroscope-0,7.0,77594624
2026-09-16T14:51:33.830847+00:00,pyroscope,pyroscope-alloy-0,26.0,136314880
2026-09-16T14:51:40.091737+00:00,grove-system,grove-operator-646f9c68-pfjvq,95.0,154140672
2026-09-16T14:51:40.091737+00:00,kai-scheduler,admission-86666f457d-sk7lz,1.0,15728640
2026-09-16T14:51:40.091737+00:00,kai-scheduler,binder-869fc94c7-dc7lv,30.0,74448896
2026-09-16T14:51:40.091737+00:00,kai-scheduler,kai-operator-69b5d7bcf7-qxvz5,1.0,60817408
2026-09-16T14:51:40.091737+00:00,kai-scheduler,kai-scheduler-default-7f5cd888f7-lh8cb,19.0,89128960
2026-09-16T14:51:40.091737+00:00,kai-scheduler,pod-grouper-65456f756-4l2jm,1.0,11534336
2026-09-16T14:51:40.091737+00:00,kai-scheduler,podgroup-controller-68f9cc8dbf-2qvq4,1.0,11534336
2026-09-16T14:51:40.091737+00:00,kai-scheduler,queue-controller-f86fcd76c-gllp2,1.0,13631488
2026-09-16T14:51:40.091737+00:00,kube-system,coredns-8db54c48d-jsq8b,14.0,28311552
2026-09-16T14:51:40.091737+00:00,kube-system,kwok-controller-5cf8c7c44b-x7xbp,14.0,35651584
2026-09-16T14:51:40.091737+00:00,kube-system,local-path-provisioner-5d9d9885bc-vskmj,1.0,15728640
2026-09-16T14:51:40.091737+00:00,kube-system,metrics-server-75dc6f8d87-8nrhd,23.0,53477376
2026-09-16T14:51:40.091737+00:00,kube-system,svclb-traefik-7411b517-6x8cv,0.0,0
2026-09-16T14:51:40.091737+00:00,kube-system,traefik-9bcdbbd9-gmgcc,8.0,57671680
2026-09-16T14:51:40.091737+00:00,pyroscope,pyroscope-0,7.0,77594624
2026-09-16T14:51:40.091737+00:00,pyroscope,pyroscope-alloy-0,26.0,136314880
2026-09-16T14:51:46.364258+00:00,grove-system,grove-operator-646f9c68-pfjvq,398.0,174063616
2026-09-16T14:51:46.364258+00:00,kai-scheduler,admission-86666f457d-sk7lz,1.0,15728640
2026-09-16T14:51:46.364258+00:00,kai-scheduler,binder-869fc94c7-dc7lv,32.0,93323264
2026-09-16T14:51:46.364258+00:00,kai-scheduler,kai-operator-69b5d7bcf7-qxvz5,10.0,62914560
2026-09-16T14:51:46.364258+00:00,kai-scheduler,kai-scheduler-default-7f5cd888f7-lh8cb,14.0,91226112
2026-09-16T14:51:46.364258+00:00,kai-scheduler,pod-grouper-65456f756-4l2jm,1.0,11534336
2026-09-16T14:51:46.364258+00:00,kai-scheduler,podgroup-controller-68f9cc8dbf-2qvq4,1.0,11534336
2026-09-16T14:51:46.364258+00:00,kai-scheduler,queue-controller-f86fcd76c-gllp2,1.0,13631488
2026-09-16T14:51:46.364258+00:00,kube-system,coredns-8db54c48d-jsq8b,9.0,26214400
2026-09-16T14:51:46.364258+00:00,kube-system,kwok-controller-5cf8c7c44b-x7xbp,16.0,34603008
2026-09-16T14:51:46.364258+00:00,kube-system,local-path-provisioner-5d9d9885bc-vskmj,1.0,15728640
2026-09-16T14:51:46.364258+00:00,kube-system,metrics-server-75dc6f8d87-8nrhd,8.0,52428800
2026-09-16T14:51:46.364258+00:00,kube-system,svclb-traefik-7411b517-6x8cv,0.0,0
2026-09-16T14:51:46.364258+00:00,kube-system,traefik-9bcdbbd9-gmgcc,25.0,53477376
2026-09-16T14:51:46.364258+00:00,pyroscope,pyroscope-0,7.0,68157440
2026-09-16T14:51:46.364258+00:00,pyroscope,pyroscope-alloy-0,35.0,135266304
2026-09-16T14:51:52.608113+00:00,grove-system,grove-operator-646f9c68-pfjvq,398.0,174063616
2026-09-16T14:51:52.608113+00:00,kai-scheduler,admission-86666f457d-sk7lz,1.0,15728640
2026-09-16T14:51:52.608113+00:00,kai-scheduler,binder-869fc94c7-dc7lv,32.0,93323264
2026-09-16T14:51:52.608113+00:00,kai-scheduler,kai-operator-69b5d7bcf7-qxvz5,10.0,62914560
2026-09-16T14:51:52.608113+00:00,kai-scheduler,kai-scheduler-default-7f5cd888f7-lh8cb,14.0,91226112
2026-09-16T14:51:52.608113+00:00,kai-scheduler,pod-grouper-65456f756-4l2jm,1.0,11534336
2026-09-16T14:51:52.608113+00:00,kai-scheduler,podgroup-controller-68f9cc8dbf-2qvq4,1.0,11534336
2026-09-16T14:51:52.608113+00:00,kai-scheduler,queue-controller-f86fcd76c-gllp2,1.0,13631488
2026-09-16T14:51:52.608113+00:00,kube-system,coredns-8db54c48d-jsq8b,9.0,26214400
2026-09-16T14:51:52.608113+00:00,kube-system,kwok-controller-5cf8c7c44b-x7xbp,16.0,34603008
2026-09-16T14:51:52.608113+00:00,kube-system,local-path-provisioner-5d9d9885bc-vskmj,1.0,15728640
2026-09-16T14:51:52.608113+00:00,kube-system,metrics-server-75dc6f8d87-8nrhd,8.0,52428800
2026-09-16T14:51:52.608113+00:00,kube-system,svclb-traefik-7411b517-6x8cv,0.0,0
2026-09-16T14:51:52.608113+00:00,kube-system,traefik-9bcdbbd9-gmgcc,25.0,53477376
2026-09-16T14:51:52.608113+00:00,pyroscope,pyroscope-0,7.0,68157440
2026-09-16T14:51:52.608113+00:00,pyroscope,pyroscope-alloy-0,35.0,135266304
2026-09-16T14:51:58.848887+00:00,grove-system,grove-operator-646f9c68-pfjvq,773.0,206569472
2026-09-16T14:51:58.848887+00:00,kai-scheduler,admission-86666f457d-sk7lz,1.0,15728640
2026-09-16T14:51:58.848887+00:00,kai-scheduler,binder-869fc94c7-dc7lv,87.0,103809024
2026-09-16T14:51:58.848887+00:00,kai-scheduler,kai-operator-69b5d7bcf7-qxvz5,10.0,62914560
2026-09-16T14:51:58.848887+00:00,kai-scheduler,kai-scheduler-default-7f5cd888f7-lh8cb,58.0,112197632
2026-09-16T14:51:58.848887+00:00,kai-scheduler,pod-grouper-65456f756-4l2jm,1.0,11534336
2026-09-16T14:51:58.848887+00:00,kai-scheduler,podgroup-controller-68f9cc8dbf-2qvq4,1.0,11534336
2026-09-16T14:51:58.848887+00:00,kai-scheduler,queue-controller-f86fcd76c-gllp2,1.0,13631488
2026-09-16T14:51:58.848887+00:00,kube-system,coredns-8db54c48d-jsq8b,9.0,26214400
2026-09-16T14:51:58.848887+00:00,kube-system,kwok-controller-5cf8c7c44b-x7xbp,190.0,37748736
2026-09-16T14:51:58.848887+00:00,kube-system,local-path-provisioner-5d9d9885bc-vskmj,1.0,15728640
2026-09-16T14:51:58.848887+00:00,kube-system,metrics-server-75dc6f8d87-8nrhd,20.0,52428800
2026-09-16T14:51:58.848887+00:00,kube-system,svclb-traefik-7411b517-6x8cv,0.0,0
2026-09-16T14:51:58.848887+00:00,kube-system,traefik-9bcdbbd9-gmgcc,15.0,52428800
2026-09-16T14:51:58.848887+00:00,pyroscope,pyroscope-0,7.0,69206016
2026-09-16T14:51:58.848887+00:00,pyroscope,pyroscope-alloy-0,81.0,144703488
2026-09-16T14:52:05.084255+00:00,grove-system,grove-operator-646f9c68-pfjvq,773.0,206569472
2026-09-16T14:52:05.084255+00:00,kai-scheduler,admission-86666f457d-sk7lz,1.0,15728640
2026-09-16T14:52:05.084255+00:00,kai-scheduler,binder-869fc94c7-dc7lv,87.0,103809024
2026-09-16T14:52:05.084255+00:00,kai-scheduler,kai-operator-69b5d7bcf7-qxvz5,10.0,62914560
2026-09-16T14:52:05.084255+00:00,kai-scheduler,kai-scheduler-default-7f5cd888f7-lh8cb,58.0,112197632
2026-09-16T14:52:05.084255+00:00,kai-scheduler,pod-grouper-65456f756-4l2jm,1.0,11534336
2026-09-16T14:52:05.084255+00:00,kai-scheduler,podgroup-controller-68f9cc8dbf-2qvq4,1.0,11534336
2026-09-16T14:52:05.084255+00:00,kai-scheduler,queue-controller-f86fcd76c-gllp2,1.0,13631488
2026-09-16T14:52:05.084255+00:00,kube-system,coredns-8db54c48d-jsq8b,9.0,26214400
2026-09-16T14:52:05.084255+00:00,kube-system,kwok-controller-5cf8c7c44b-x7xbp,190.0,37748736
2026-09-16T14:52:05.084255+00:00,kube-system,local-path-provisioner-5d9d9885bc-vskmj,1.0,15728640
2026-09-16T14:52:05.084255+00:00,kube-system,metrics-server-75dc6f8d87-8nrhd,20.0,52428800
2026-09-16T14:52:05.084255+00:00,kube-system,svclb-traefik-7411b517-6x8cv,0.0,0
2026-09-16T14:52:05.084255+00:00,kube-system,traefik-9bcdbbd9-gmgcc,15.0,52428800
2026-09-16T14:52:05.084255+00:00,pyroscope,pyroscope-0,7.0,69206016
2026-09-16T14:52:05.084255+00:00,pyroscope,pyroscope-alloy-0,81.0,144703488
2026-09-16T14:52:11.319769+00:00,grove-system,grove-operator-646f9c68-pfjvq,773.0,206569472
2026-09-16T14:52:11.319769+00:00,kai-scheduler,admission-86666f457d-sk7lz,1.0,15728640
2026-09-16T14:52:11.319769+00:00,kai-scheduler,binder-869fc94c7-dc7lv,7.0,100663296
2026-09-16T14:52:11.319769+00:00,kai-scheduler,kai-operator-69b5d7bcf7-qxvz5,1.0,62914560
2026-09-16T14:52:11.319769+00:00,kai-scheduler,kai-scheduler-default-7f5cd888f7-lh8cb,55.0,137363456
2026-09-16T14:52:11.319769+00:00,kai-scheduler,pod-grouper-65456f756-4l2jm,1.0,11534336
2026-09-16T14:52:11.319769+00:00,kai-scheduler,podgroup-controller-68f9cc8dbf-2qvq4,1.0,11534336
2026-09-16T14:52:11.319769+00:00,kai-scheduler,queue-controller-f86fcd76c-gllp2,1.0,13631488
2026-09-16T14:52:11.319769+00:00,kube-system,coredns-8db54c48d-jsq8b,9.0,27262976
2026-09-16T14:52:11.319769+00:00,kube-system,kwok-controller-5cf8c7c44b-x7xbp,99.0,35651584
2026-09-16T14:52:11.319769+00:00,kube-system,local-path-provisioner-5d9d9885bc-vskmj,1.0,15728640
2026-09-16T14:52:11.319769+00:00,kube-system,metrics-server-75dc6f8d87-8nrhd,17.0,53477376
2026-09-16T14:52:11.319769+00:00,kube-system,svclb-traefik-7411b517-6x8cv,0.0,0
2026-09-16T14:52:11.319769+00:00,kube-system,traefik-9bcdbbd9-gmgcc,14.0,56623104
2026-09-16T14:52:11.319769+00:00,pyroscope,pyroscope-0,12.0,83886080
2026-09-16T14:52:11.319769+00:00,pyroscope,pyroscope-alloy-0,16.0,146800640
2026-09-16T14:52:17.554270+00:00,grove-system,grove-operator-646f9c68-pfjvq,773.0,206569472
2026-09-16T14:52:17.554270+00:00,kai-scheduler,admission-86666f457d-sk7lz,1.0,15728640
2026-09-16T14:52:17.554270+00:00,kai-scheduler,binder-869fc94c7-dc7lv,7.0,100663296
2026-09-16T14:52:17.554270+00:00,kai-scheduler,kai-operator-69b5d7bcf7-qxvz5,1.0,62914560
2026-09-16T14:52:17.554270+00:00,kai-scheduler,kai-scheduler-default-7f5cd888f7-lh8cb,55.0,137363456
2026-09-16T14:52:17.554270+00:00,kai-scheduler,pod-grouper-65456f756-4l2jm,1.0,11534336
2026-09-16T14:52:17.554270+00:00,kai-scheduler,podgroup-controller-68f9cc8dbf-2qvq4,1.0,11534336
2026-09-16T14:52:17.554270+00:00,kai-scheduler,queue-controller-f86fcd76c-gllp2,1.0,13631488
2026-09-16T14:52:17.554270+00:00,kube-system,coredns-8db54c48d-jsq8b,9.0,27262976
2026-09-16T14:52:17.554270+00:00,kube-system,kwok-controller-5cf8c7c44b-x7xbp,99.0,35651584
2026-09-16T14:52:17.554270+00:00,kube-system,local-path-provisioner-5d9d9885bc-vskmj,1.0,15728640
2026-09-16T14:52:17.554270+00:00,kube-system,metrics-server-75dc6f8d87-8nrhd,17.0,53477376
2026-09-16T14:52:17.554270+00:00,kube-system,svclb-traefik-7411b517-6x8cv,0.0,0
2026-09-16T14:52:17.554270+00:00,kube-system,traefik-9bcdbbd9-gmgcc,14.0,56623104
2026-09-16T14:52:17.554270+00:00,pyroscope,pyroscope-0,12.0,83886080
2026-09-16T14:52:17.554270+00:00,pyroscope,pyroscope-alloy-0,16.0,146800640
2026-09-16T14:52:23.789550+00:00,grove-system,grove-operator-646f9c68-pfjvq,773.0,206569472
2026-09-16T14:52:23.789550+00:00,kai-scheduler,admission-86666f457d-sk7lz,1.0,15728640
2026-09-16T14:52:23.789550+00:00,kai-scheduler,binder-869fc94c7-dc7lv,7.0,100663296
2026-09-16T14:52:23.789550+00:00,kai-scheduler,kai-operator-69b5d7bcf7-qxvz5,1.0,62914560
2026-09-16T14:52:23.789550+00:00,kai-scheduler,kai-scheduler-default-7f5cd888f7-lh8cb,55.0,137363456
2026-09-16T14:52:23.789550+00:00,kai-scheduler,pod-grouper-65456f756-4l2jm,1.0,11534336
2026-09-16T14:52:23.789550+00:00,kai-scheduler,podgroup-controller-68f9cc8dbf-2qvq4,1.0,11534336
2026-09-16T14:52:23.789550+00:00,kai-scheduler,queue-controller-f86fcd76c-gllp2,1.0,13631488
2026-09-16T14:52:23.789550+00:00,kube-system,coredns-8db54c48d-jsq8b,9.0,27262976
2026-09-16T14:52:23.789550+00:00,kube-system,kwok-controller-5cf8c7c44b-x7xbp,99.0,35651584
2026-09-16T14:52:23.789550+00:00,kube-system,local-path-provisioner-5d9d9885bc-vskmj,1.0,15728640
2026-09-16T14:52:23.789550+00:00,kube-system,metrics-server-75dc6f8d87-8nrhd,17.0,53477376
2026-09-16T14:52:23.789550+00:00,kube-system,svclb-traefik-7411b517-6x8cv,0.0,0
2026-09-16T14:52:23.789550+00:00,kube-system,traefik-9bcdbbd9-gmgcc,14.0,56623104
2026-09-16T14:52:23.789550+00:00,pyroscope,pyroscope-0,12.0,83886080
2026-09-16T14:52:23.789550+00:00,pyroscope,pyroscope-alloy-0,16.0,146800640
2026-09-16T14:52:30.027912+00:00,grove-system,grove-operator-646f9c68-pfjvq,199.0,200278016
2026-09-16T14:52:30.027912+00:00,kai-scheduler,admission-86666f457d-sk7lz,1.0,15728640
2026-09-16T14:52:30.027912+00:00,kai-scheduler,binder-869fc94c7-dc7lv,1.0,100663296
2026-09-16T14:52:30.027912+00:00,kai-scheduler,kai-operator-69b5d7bcf7-qxvz5,1.0,62914560
2026-09-16T14:52:30.027912+00:00,kai-scheduler,kai-scheduler-default-7f5cd888f7-lh8cb,15.0,140509184
2026-09-16T14:52:30.027912+00:00,kai-scheduler,pod-grouper-65456f756-4l2jm,1.0,11534336
2026-09-16T14:52:30.027912+00:00,kai-scheduler,podgroup-controller-68f9cc8dbf-2qvq4,1.0,11534336
2026-09-16T14:52:30.027912+00:00,kai-scheduler,queue-controller-f86fcd76c-gllp2,1.0,13631488
2026-09-16T14:52:30.027912+00:00,kube-system,coredns-8db54c48d-jsq8b,7.0,27262976
2026-09-16T14:52:30.027912+00:00,kube-system,kwok-controller-5cf8c7c44b-x7xbp,11.0,35651584
2026-09-16T14:52:30.027912+00:00,kube-system,local-path-provisioner-5d9d9885bc-vskmj,1.0,15728640
2026-09-16T14:52:30.027912+00:00,kube-system,metrics-server-75dc6f8d87-8nrhd,8.0,54525952
2026-09-16T14:52:30.027912+00:00,kube-system,svclb-traefik-7411b517-6x8cv,0.0,0
2026-09-16T14:52:30.027912+00:00,kube-system,traefik-9bcdbbd9-gmgcc,10.0,55574528
2026-09-16T14:52:30.027912+00:00,pyroscope,pyroscope-0,6.0,73400320
2026-09-16T14:52:30.027912+00:00,pyroscope,pyroscope-alloy-0,5.0,147849216
2026-09-16T14:52:36.271002+00:00,grove-system,grove-operator-646f9c68-pfjvq,199.0,200278016
2026-09-16T14:52:36.271002+00:00,kai-scheduler,admission-86666f457d-sk7lz,1.0,15728640
2026-09-16T14:52:36.271002+00:00,kai-scheduler,binder-869fc94c7-dc7lv,1.0,100663296
2026-09-16T14:52:36.271002+00:00,kai-scheduler,kai-operator-69b5d7bcf7-qxvz5,1.0,62914560
2026-09-16T14:52:36.271002+00:00,kai-scheduler,kai-scheduler-default-7f5cd888f7-lh8cb,15.0,140509184
2026-09-16T14:52:36.271002+00:00,kai-scheduler,pod-grouper-65456f756-4l2jm,1.0,11534336
2026-09-16T14:52:36.271002+00:00,kai-scheduler,podgroup-controller-68f9cc8dbf-2qvq4,1.0,11534336
2026-09-16T14:52:36.271002+00:00,kai-scheduler,queue-controller-f86fcd76c-gllp2,1.0,13631488
2026-09-16T14:52:36.271002+00:00,kube-system,coredns-8db54c48d-jsq8b,7.0,27262976
2026-09-16T14:52:36.271002+00:00,kube-system,kwok-controller-5cf8c7c44b-x7xbp,11.0,35651584
2026-09-16T14:52:36.271002+00:00,kube-system,local-path-provisioner-5d9d9885bc-vskmj,1.0,15728640
2026-09-16T14:52:36.271002+00:00,kube-system,metrics-server-75dc6f8d87-8nrhd,8.0,54525952
2026-09-16T14:52:36.271002+00:00,kube-system,svclb-traefik-7411b517-6x8cv,0.0,0
2026-09-16T14:52:36.271002+00:00,kube-system,traefik-9bcdbbd9-gmgcc,10.0,55574528
2026-09-16T14:52:36.271002+00:00,pyroscope,pyroscope-0,6.0,73400320
2026-09-16T14:52:36.271002+00:00,pyroscope,pyroscope-alloy-0,5.0,147849216
2026-09-16T14:52:42.504513+00:00,grove-system,grove-operator-646f9c68-pfjvq,199.0,200278016
2026-09-16T14:52:42.504513+00:00,kai-scheduler,admission-86666f457d-sk7lz,1.0,15728640
2026-09-16T14:52:42.504513+00:00,kai-scheduler,binder-869fc94c7-dc7lv,1.0,100663296
2026-09-16T14:52:42.504513+00:00,kai-scheduler,kai-operator-69b5d7bcf7-qxvz5,2.0,62914560
2026-09-16T14:52:42.504513+00:00,kai-scheduler,kai-scheduler-default-7f5cd888f7-lh8cb,15.0,141557760
2026-09-16T14:52:42.504513+00:00,kai-scheduler,pod-grouper-65456f756-4l2jm,1.0,11534336
2026-09-16T14:52:42.504513+00:00,kai-scheduler,podgroup-controller-68f9cc8dbf-2qvq4,1.0,11534336
2026-09-16T14:52:42.504513+00:00,kai-scheduler,queue-controller-f86fcd76c-gllp2,1.0,13631488
2026-09-16T14:52:42.504513+00:00,kube-system,coredns-8db54c48d-jsq8b,3.0,27262976
2026-09-16T14:52:42.504513+00:00,kube-system,kwok-controller-5cf8c7c44b-x7xbp,13.0,35651584
2026-09-16T14:52:42.504513+00:00,kube-system,local-path-provisioner-5d9d9885bc-vskmj,1.0,15728640
2026-09-16T14:52:42.504513+00:00,kube-system,metrics-server-75dc6f8d87-8nrhd,6.0,54525952
2026-09-16T14:52:42.504513+00:00,kube-system,svclb-traefik-7411b517-6x8cv,0.0,0
2026-09-16T14:52:42.504513+00:00,kube-system,traefik-9bcdbbd9-gmgcc,8.0,58720256
2026-09-16T14:52:42.504513+00:00,pyroscope,pyroscope-0,8.0,83886080
2026-09-16T14:52:42.504513+00:00,pyroscope,pyroscope-alloy-0,5.0,153092096
2026-09-16T14:52:48.740707+00:00,grove-system,grove-operator-646f9c68-pfjvq,199.0,200278016
2026-09-16T14:52:48.740707+00:00,kai-scheduler,admission-86666f457d-sk7lz,1.0,15728640
2026-09-16T14:52:48.740707+00:00,kai-scheduler,binder-869fc94c7-dc7lv,1.0,100663296
2026-09-16T14:52:48.740707+00:00,kai-scheduler,kai-operator-69b5d7bcf7-qxvz5,2.0,62914560
2026-09-16T14:52:48.740707+00:00,kai-scheduler,kai-scheduler-default-7f5cd888f7-lh8cb,15.0,141557760
2026-09-16T14:52:48.740707+00:00,kai-scheduler,pod-grouper-65456f756-4l2jm,1.0,11534336
2026-09-16T14:52:48.740707+00:00,kai-scheduler,podgroup-controller-68f9cc8dbf-2qvq4,1.0,11534336
2026-09-16T14:52:48.740707+00:00,kai-scheduler,queue-controller-f86fcd76c-gllp2,1.0,13631488
2026-09-16T14:52:48.740707+00:00,kube-system,coredns-8db54c48d-jsq8b,3.0,27262976
2026-09-16T14:52:48.740707+00:00,kube-system,kwok-controller-5cf8c7c44b-x7xbp,13.0,35651584
2026-09-16T14:52:48.740707+00:00,kube-system,local-path-provisioner-5d9d9885bc-vskmj,1.0,15728640
2026-09-16T14:52:48.740707+00:00,kube-system,metrics-server-75dc6f8d87-8nrhd,6.0,54525952
2026-09-16T14:52:48.740707+00:00,kube-system,svclb-traefik-7411b517-6x8cv,0.0,0
2026-09-16T14:52:48.740707+00:00,kube-system,traefik-9bcdbbd9-gmgcc,8.0,58720256
2026-09-16T14:52:48.740707+00:00,pyroscope,pyroscope-0,8.0,83886080
2026-09-16T14:52:48.740707+00:00,pyroscope,pyroscope-alloy-0,5.0,153092096
2026-09-16T14:52:54.981145+00:00,grove-system,grove-operator-646f9c68-pfjvq,199.0,200278016
2026-09-16T14:52:54.981145+00:00,kai-scheduler,admission-86666f457d-sk7lz,1.0,15728640
2026-09-16T14:52:54.981145+00:00,kai-scheduler,binder-869fc94c7-dc7lv,1.0,100663296
2026-09-16T14:52:54.981145+00:00,kai-scheduler,kai-operator-69b5d7bcf7-qxvz5,2.0,62914560
2026-09-16T14:52:54.981145+00:00,kai-scheduler,kai-scheduler-default-7f5cd888f7-lh8cb,15.0,141557760
2026-09-16T14:52:54.981145+00:00,kai-scheduler,pod-grouper-65456f756-4l2jm,1.0,11534336
2026-09-16T14:52:54.981145+00:00,kai-scheduler,podgroup-controller-68f9cc8dbf-2qvq4,1.0,11534336
2026-09-16T14:52:54.981145+00:00,kai-scheduler,queue-controller-f86fcd76c-gllp2,1.0,13631488
2026-09-16T14:52:54.981145+00:00,kube-system,coredns-8db54c48d-jsq8b,3.0,27262976
2026-09-16T14:52:54.981145+00:00,kube-system,kwok-controller-5cf8c7c44b-x7xbp,13.0,35651584
2026-09-16T14:52:54.981145+00:00,kube-system,local-path-provisioner-5d9d9885bc-vskmj,1.0,15728640
2026-09-16T14:52:54.981145+00:00,kube-system,metrics-server-75dc6f8d87-8nrhd,6.0,54525952
2026-09-16T14:52:54.981145+00:00,kube-system,svclb-traefik-7411b517-6x8cv,0.0,0
2026-09-16T14:52:54.981145+00:00,kube-system,traefik-9bcdbbd9-gmgcc,8.0,58720256
2026-09-16T14:52:54.981145+00:00,pyroscope,pyroscope-0,8.0,83886080
2026-09-16T14:52:54.981145+00:00,pyroscope,pyroscope-alloy-0,5.0,153092096
2026-09-16T14:53:01.222566+00:00,grove-system,grove-operator-646f9c68-pfjvq,38.0,193986560
2026-09-16T14:53:01.222566+00:00,kai-scheduler,admission-86666f457d-sk7lz,1.0,15728640
2026-09-16T14:53:01.222566+00:00,kai-scheduler,binder-869fc94c7-dc7lv,1.0,101711872
2026-09-16T14:53:01.222566+00:00,kai-scheduler,kai-operator-69b5d7bcf7-qxvz5,2.0,62914560
2026-09-16T14:53:01.222566+00:00,kai-scheduler,kai-scheduler-default-7f5cd888f7-lh8cb,15.0,141557760
2026-09-16T14:53:01.222566+00:00,kai-scheduler,pod-grouper-65456f756-4l2jm,1.0,11534336
2026-09-16T14:53:01.222566+00:00,kai-scheduler,podgroup-controller-68f9cc8dbf-2qvq4,1.0,11534336
2026-09-16T14:53:01.222566+00:00,kai-scheduler,queue-controller-f86fcd76c-gllp2,1.0,13631488
2026-09-16T14:53:01.222566+00:00,kube-system,coredns-8db54c48d-jsq8b,3.0,27262976
2026-09-16T14:53:01.222566+00:00,kube-system,kwok-controller-5cf8c7c44b-x7xbp,9.0,39845888
2026-09-16T14:53:01.222566+00:00,kube-system,local-path-provisioner-5d9d9885bc-vskmj,1.0,15728640
2026-09-16T14:53:01.222566+00:00,kube-system,metrics-server-75dc6f8d87-8nrhd,6.0,54525952
2026-09-16T14:53:01.222566+00:00,kube-system,svclb-traefik-7411b517-6x8cv,0.0,0
2026-09-16T14:53:01.222566+00:00,kube-system,traefik-9bcdbbd9-gmgcc,3.0,57671680
2026-09-16T14:53:01.222566+00:00,pyroscope,pyroscope-0,6.0,80740352
2026-09-16T14:53:01.222566+00:00,pyroscope,pyroscope-alloy-0,6.0,162529280
2026-09-16T14:53:07.465041+00:00,grove-system,grove-operator-646f9c68-pfjvq,38.0,193986560
2026-09-16T14:53:07.465041+00:00,kai-scheduler,admission-86666f457d-sk7lz,1.0,15728640
2026-09-16T14:53:07.465041+00:00,kai-scheduler,binder-869fc94c7-dc7lv,1.0,101711872
2026-09-16T14:53:07.465041+00:00,kai-scheduler,kai-operator-69b5d7bcf7-qxvz5,2.0,62914560
2026-09-16T14:53:07.465041+00:00,kai-scheduler,kai-scheduler-default-7f5cd888f7-lh8cb,15.0,141557760
2026-09-16T14:53:07.465041+00:00,kai-scheduler,pod-grouper-65456f756-4l2jm,1.0,11534336
2026-09-16T14:53:07.465041+00:00,kai-scheduler,podgroup-controller-68f9cc8dbf-2qvq4,1.0,11534336
2026-09-16T14:53:07.465041+00:00,kai-scheduler,queue-controller-f86fcd76c-gllp2,1.0,13631488
2026-09-16T14:53:07.465041+00:00,kube-system,coredns-8db54c48d-jsq8b,3.0,27262976
2026-09-16T14:53:07.465041+00:00,kube-system,kwok-controller-5cf8c7c44b-x7xbp,9.0,39845888
2026-09-16T14:53:07.465041+00:00,kube-system,local-path-provisioner-5d9d9885bc-vskmj,1.0,15728640
2026-09-16T14:53:07.465041+00:00,kube-system,metrics-server-75dc6f8d87-8nrhd,6.0,54525952
2026-09-16T14:53:07.465041+00:00,kube-system,svclb-traefik-7411b517-6x8cv,0.0,0
2026-09-16T14:53:07.465041+00:00,kube-system,traefik-9bcdbbd9-gmgcc,3.0,57671680
2026-09-16T14:53:07.465041+00:00,pyroscope,pyroscope-0,6.0,80740352
2026-09-16T14:53:07.465041+00:00,pyroscope,pyroscope-alloy-0,6.0,162529280
2026-09-16T14:53:13.703819+00:00,grove-system,grove-operator-646f9c68-pfjvq,38.0,193986560
2026-09-16T14:53:13.703819+00:00,kai-scheduler,admission-86666f457d-sk7lz,1.0,15728640
2026-09-16T14:53:13.703819+00:00,kai-scheduler,binder-869fc94c7-dc7lv,1.0,100663296
2026-09-16T14:53:13.703819+00:00,kai-scheduler,kai-operator-69b5d7bcf7-qxvz5,3.0,65011712
2026-09-16T14:53:13.703819+00:00,kai-scheduler,kai-scheduler-default-7f5cd888f7-lh8cb,15.0,140509184
2026-09-16T14:53:13.703819+00:00,kai-scheduler,pod-grouper-65456f756-4l2jm,1.0,11534336
2026-09-16T14:53:13.703819+00:00,kai-scheduler,podgroup-controller-68f9cc8dbf-2qvq4,1.0,11534336
2026-09-16T14:53:13.703819+00:00,kai-scheduler,queue-controller-f86fcd76c-gllp2,1.0,13631488
2026-09-16T14:53:13.703819+00:00,kube-system,coredns-8db54c48d-jsq8b,4.0,28311552
2026-09-16T14:53:13.703819+00:00,kube-system,kwok-controller-5cf8c7c44b-x7xbp,8.0,35651584
2026-09-16T14:53:13.703819+00:00,kube-system,local-path-provisioner-5d9d9885bc-vskmj,1.0,15728640
2026-09-16T14:53:13.703819+00:00,kube-system,metrics-server-75dc6f8d87-8nrhd,6.0,54525952
2026-09-16T14:53:13.703819+00:00,kube-system,svclb-traefik-7411b517-6x8cv,0.0,0
2026-09-16T14:53:13.703819+00:00,kube-system,traefik-9bcdbbd9-gmgcc,4.0,58720256
2026-09-16T14:53:13.703819+00:00,pyroscope,pyroscope-0,5.0,70254592
2026-09-16T14:53:13.703819+00:00,pyroscope,pyroscope-alloy-0,5.0,165675008
2026-09-16T14:53:19.940697+00:00,grove-system,grove-operator-646f9c68-pfjvq,38.0,193986560
2026-09-16T14:53:19.940697+00:00,kai-scheduler,admission-86666f457d-sk7lz,1.0,15728640
2026-09-16T14:53:19.940697+00:00,kai-scheduler,binder-869fc94c7-dc7lv,1.0,100663296
2026-09-16T14:53:19.940697+00:00,kai-scheduler,kai-operator-69b5d7bcf7-qxvz5,3.0,65011712
2026-09-16T14:53:19.940697+00:00,kai-scheduler,kai-scheduler-default-7f5cd888f7-lh8cb,15.0,140509184
2026-09-16T14:53:19.940697+00:00,kai-scheduler,pod-grouper-65456f756-4l2jm,1.0,11534336
2026-09-16T14:53:19.940697+00:00,kai-scheduler,podgroup-controller-68f9cc8dbf-2qvq4,1.0,11534336
2026-09-16T14:53:19.940697+00:00,kai-scheduler,queue-controller-f86fcd76c-gllp2,1.0,13631488
2026-09-16T14:53:19.940697+00:00,kube-system,coredns-8db54c48d-jsq8b,4.0,28311552
2026-09-16T14:53:19.940697+00:00,kube-system,kwok-controller-5cf8c7c44b-x7xbp,8.0,35651584
2026-09-16T14:53:19.940697+00:00,kube-system,local-path-provisioner-5d9d9885bc-vskmj,1.0,15728640
2026-09-16T14:53:19.940697+00:00,kube-system,metrics-server-75dc6f8d87-8nrhd,6.0,54525952
2026-09-16T14:53:19.940697+00:00,kube-system,svclb-traefik-7411b517-6x8cv,0.0,0
2026-09-16T14:53:19.940697+00:00,kube-system,traefik-9bcdbbd9-gmgcc,4.0,58720256
2026-09-16T14:53:19.940697+00:00,pyroscope,pyroscope-0,5.0,70254592
2026-09-16T14:53:19.940697+00:00,pyroscope,pyroscope-alloy-0,5.0,165675008
2026-09-16T14:53:26.181610+00:00,grove-system,grove-operator-646f9c68-pfjvq,31.0,196083712
2026-09-16T14:53:26.181610+00:00,kai-scheduler,admission-86666f457d-sk7lz,1.0,15728640
2026-09-16T14:53:26.181610+00:00,kai-scheduler,binder-869fc94c7-dc7lv,1.0,101711872
2026-09-16T14:53:26.181610+00:00,kai-scheduler,kai-operator-69b5d7bcf7-qxvz5,3.0,63963136
2026-09-16T14:53:26.181610+00:00,kai-scheduler,kai-scheduler-default-7f5cd888f7-lh8cb,15.0,143654912
2026-09-16T14:53:26.181610+00:00,kai-scheduler,pod-grouper-65456f756-4l2jm,1.0,11534336
2026-09-16T14:53:26.181610+00:00,kai-scheduler,podgroup-controller-68f9cc8dbf-2qvq4,1.0,11534336
2026-09-16T14:53:26.181610+00:00,kai-scheduler,queue-controller-f86fcd76c-gllp2,1.0,13631488
2026-09-16T14:53:26.181610+00:00,kube-system,coredns-8db54c48d-jsq8b,4.0,28311552
2026-09-16T14:53:26.181610+00:00,kube-system,kwok-controller-5cf8c7c44b-x7xbp,10.0,35651584
2026-09-16T14:53:26.181610+00:00,kube-system,local-path-provisioner-5d9d9885bc-vskmj,1.0,15728640
2026-09-16T14:53:26.181610+00:00,kube-system,metrics-server-75dc6f8d87-8nrhd,7.0,56623104
2026-09-16T14:53:26.181610+00:00,kube-system,svclb-traefik-7411b517-6x8cv,0.0,0
2026-09-16T14:53:26.181610+00:00,kube-system,traefik-9bcdbbd9-gmgcc,3.0,57671680
2026-09-16T14:53:26.181610+00:00,pyroscope,pyroscope-0,5.0,70254592
2026-09-16T14:53:26.181610+00:00,pyroscope,pyroscope-alloy-0,7.0,168820736
2026-09-16T14:53:32.421934+00:00,grove-system,grove-operator-646f9c68-pfjvq,31.0,196083712
2026-09-16T14:53:32.421934+00:00,kai-scheduler,admission-86666f457d-sk7lz,1.0,15728640
2026-09-16T14:53:32.421934+00:00,kai-scheduler,binder-869fc94c7-dc7lv,1.0,101711872
2026-09-16T14:53:32.421934+00:00,kai-scheduler,kai-operator-69b5d7bcf7-qxvz5,3.0,63963136
2026-09-16T14:53:32.421934+00:00,kai-scheduler,kai-scheduler-default-7f5cd888f7-lh8cb,15.0,143654912
2026-09-16T14:53:32.421934+00:00,kai-scheduler,pod-grouper-65456f756-4l2jm,1.0,11534336
2026-09-16T14:53:32.421934+00:00,kai-scheduler,podgroup-controller-68f9cc8dbf-2qvq4,1.0,11534336
2026-09-16T14:53:32.421934+00:00,kai-scheduler,queue-controller-f86fcd76c-gllp2,1.0,13631488
2026-09-16T14:53:32.421934+00:00,kube-system,coredns-8db54c48d-jsq8b,4.0,28311552
2026-09-16T14:53:32.421934+00:00,kube-system,kwok-controller-5cf8c7c44b-x7xbp,10.0,35651584
2026-09-16T14:53:32.421934+00:00,kube-system,local-path-provisioner-5d9d9885bc-vskmj,1.0,15728640
2026-09-16T14:53:32.421934+00:00,kube-system,metrics-server-75dc6f8d87-8nrhd,7.0,56623104
2026-09-16T14:53:32.421934+00:00,kube-system,svclb-traefik-7411b517-6x8cv,0.0,0
2026-09-16T14:53:32.421934+00:00,kube-system,traefik-9bcdbbd9-gmgcc,3.0,57671680
2026-09-16T14:53:32.421934+00:00,pyroscope,pyroscope-0,5.0,70254592
2026-09-16T14:53:32.421934+00:00,pyroscope,pyroscope-alloy-0,7.0,168820736
2026-09-16T14:53:38.658739+00:00,grove-system,grove-operator-646f9c68-pfjvq,31.0,196083712
2026-09-16T14:53:38.658739+00:00,kai-scheduler,admission-86666f457d-sk7lz,1.0,15728640
2026-09-16T14:53:38.658739+00:00,kai-scheduler,binder-869fc94c7-dc7lv,1.0,101711872
2026-09-16T14:53:38.658739+00:00,kai-scheduler,kai-operator-69b5d7bcf7-qxvz5,3.0,63963136
2026-09-16T14:53:38.658739+00:00,kai-scheduler,kai-scheduler-default-7f5cd888f7-lh8cb,15.0,143654912
2026-09-16T14:53:38.658739+00:00,kai-scheduler,pod-grouper-65456f756-4l2jm,1.0,11534336
2026-09-16T14:53:38.658739+00:00,kai-scheduler,podgroup-controller-68f9cc8dbf-2qvq4,1.0,11534336
2026-09-16T14:53:38.658739+00:00,kai-scheduler,queue-controller-f86fcd76c-gllp2,1.0,13631488
2026-09-16T14:53:38.658739+00:00,kube-system,coredns-8db54c48d-jsq8b,4.0,28311552
2026-09-16T14:53:38.658739+00:00,kube-system,kwok-controller-5cf8c7c44b-x7xbp,10.0,35651584
2026-09-16T14:53:38.658739+00:00,kube-system,local-path-provisioner-5d9d9885bc-vskmj,1.0,15728640
2026-09-16T14:53:38.658739+00:00,kube-system,metrics-server-75dc6f8d87-8nrhd,7.0,56623104
2026-09-16T14:53:38.658739+00:00,kube-system,svclb-traefik-7411b517-6x8cv,0.0,0
2026-09-16T14:53:38.658739+00:00,kube-system,traefik-9bcdbbd9-gmgcc,3.0,57671680
2026-09-16T14:53:38.658739+00:00,pyroscope,pyroscope-0,5.0,70254592
2026-09-16T14:53:38.658739+00:00,pyroscope,pyroscope-alloy-0,7.0,168820736
2026-09-16T14:53:44.893283+00:00,grove-system,grove-operator-646f9c68-pfjvq,33.0,190840832
2026-09-16T14:53:44.893283+00:00,kai-scheduler,admission-86666f457d-sk7lz,1.0,15728640
2026-09-16T14:53:44.893283+00:00,kai-scheduler,binder-869fc94c7-dc7lv,1.0,100663296
2026-09-16T14:53:44.893283+00:00,kai-scheduler,kai-operator-69b5d7bcf7-qxvz5,4.0,60817408
2026-09-16T14:53:44.893283+00:00,kai-scheduler,kai-scheduler-default-7f5cd888f7-lh8cb,13.0,144703488
2026-09-16T14:53:44.893283+00:00,kai-scheduler,pod-grouper-65456f756-4l2jm,1.0,11534336
2026-09-16T14:53:44.893283+00:00,kai-scheduler,podgroup-controller-68f9cc8dbf-2qvq4,1.0,11534336
2026-09-16T14:53:44.893283+00:00,kai-scheduler,queue-controller-f86fcd76c-gllp2,1.0,13631488
2026-09-16T14:53:44.893283+00:00,kube-system,coredns-8db54c48d-jsq8b,4.0,28311552
2026-09-16T14:53:44.893283+00:00,kube-system,kwok-controller-5cf8c7c44b-x7xbp,12.0,35651584
2026-09-16T14:53:44.893283+00:00,kube-system,local-path-provisioner-5d9d9885bc-vskmj,1.0,15728640
2026-09-16T14:53:44.893283+00:00,kube-system,metrics-server-75dc6f8d87-8nrhd,7.0,59768832
2026-09-16T14:53:44.893283+00:00,kube-system,svclb-traefik-7411b517-6x8cv,0.0,0
2026-09-16T14:53:44.893283+00:00,kube-system,traefik-9bcdbbd9-gmgcc,5.0,58720256
2026-09-16T14:53:44.893283+00:00,pyroscope,pyroscope-0,6.0,70254592
2026-09-16T14:53:44.893283+00:00,pyroscope,pyroscope-alloy-0,6.0,168820736
2026-09-16T14:53:51.131703+00:00,grove-system,grove-operator-646f9c68-pfjvq,33.0,190840832
2026-09-16T14:53:51.131703+00:00,kai-scheduler,admission-86666f457d-sk7lz,1.0,15728640
2026-09-16T14:53:51.131703+00:00,kai-scheduler,binder-869fc94c7-dc7lv,1.0,100663296
2026-09-16T14:53:51.131703+00:00,kai-scheduler,kai-operator-69b5d7bcf7-qxvz5,4.0,60817408
2026-09-16T14:53:51.131703+00:00,kai-scheduler,kai-scheduler-default-7f5cd888f7-lh8cb,13.0,144703488
2026-09-16T14:53:51.131703+00:00,kai-scheduler,pod-grouper-65456f756-4l2jm,1.0,11534336
2026-09-16T14:53:51.131703+00:00,kai-scheduler,podgroup-controller-68f9cc8dbf-2qvq4,1.0,11534336
2026-09-16T14:53:51.131703+00:00,kai-scheduler,queue-controller-f86fcd76c-gllp2,1.0,13631488
2026-09-16T14:53:51.131703+00:00,kube-system,coredns-8db54c48d-jsq8b,4.0,28311552
2026-09-16T14:53:51.131703+00:00,kube-system,kwok-controller-5cf8c7c44b-x7xbp,12.0,35651584
2026-09-16T14:53:51.131703+00:00,kube-system,local-path-provisioner-5d9d9885bc-vskmj,1.0,15728640
2026-09-16T14:53:51.131703+00:00,kube-system,metrics-server-75dc6f8d87-8nrhd,7.0,59768832
2026-09-16T14:53:51.131703+00:00,kube-system,svclb-traefik-7411b517-6x8cv,0.0,0
2026-09-16T14:53:51.131703+00:00,kube-system,traefik-9bcdbbd9-gmgcc,5.0,58720256
2026-09-16T14:53:51.131703+00:00,pyroscope,pyroscope-0,6.0,70254592
2026-09-16T14:53:51.131703+00:00,pyroscope,pyroscope-alloy-0,6.0,168820736
2026-09-16T14:53:57.367799+00:00,grove-system,grove-operator-646f9c68-pfjvq,32.0,191889408
2026-09-16T14:53:57.367799+00:00,kai-scheduler,admission-86666f457d-sk7lz,1.0,16777216
2026-09-16T14:53:57.367799+00:00,kai-scheduler,binder-869fc94c7-dc7lv,1.0,100663296
2026-09-16T14:53:57.367799+00:00,kai-scheduler,kai-operator-69b5d7bcf7-qxvz5,4.0,60817408
2026-09-16T14:53:57.367799+00:00,kai-scheduler,kai-scheduler-default-7f5cd888f7-lh8cb,15.0,147849216
2026-09-16T14:53:57.367799+00:00,kai-scheduler,pod-grouper-65456f756-4l2jm,1.0,11534336
2026-09-16T14:53:57.367799+00:00,kai-scheduler,podgroup-controller-68f9cc8dbf-2qvq4,1.0,11534336
2026-09-16T14:53:57.367799+00:00,kai-scheduler,queue-controller-f86fcd76c-gllp2,1.0,13631488
2026-09-16T14:53:57.367799+00:00,kube-system,coredns-8db54c48d-jsq8b,3.0,27262976
2026-09-16T14:53:57.367799+00:00,kube-system,kwok-controller-5cf8c7c44b-x7xbp,11.0,38797312
2026-09-16T14:53:57.367799+00:00,kube-system,local-path-provisioner-5d9d9885bc-vskmj,1.0,15728640
2026-09-16T14:53:57.367799+00:00,kube-system,metrics-server-75dc6f8d87-8nrhd,7.0,59768832
2026-09-16T14:53:57.367799+00:00,kube-system,svclb-traefik-7411b517-6x8cv,0.0,0
2026-09-16T14:53:57.367799+00:00,kube-system,traefik-9bcdbbd9-gmgcc,4.0,57671680
2026-09-16T14:53:57.367799+00:00,pyroscope,pyroscope-0,6.0,71303168
2026-09-16T14:53:57.367799+00:00,pyroscope,pyroscope-alloy-0,5.0,168820736
2026-09-16T14:54:03.604349+00:00,grove-system,grove-operator-646f9c68-pfjvq,32.0,191889408
2026-09-16T14:54:03.604349+00:00,kai-scheduler,admission-86666f457d-sk7lz,1.0,16777216
2026-09-16T14:54:03.604349+00:00,kai-scheduler,binder-869fc94c7-dc7lv,1.0,100663296
2026-09-16T14:54:03.604349+00:00,kai-scheduler,kai-operator-69b5d7bcf7-qxvz5,4.0,60817408
2026-09-16T14:54:03.604349+00:00,kai-scheduler,kai-scheduler-default-7f5cd888f7-lh8cb,15.0,147849216
2026-09-16T14:54:03.604349+00:00,kai-scheduler,pod-grouper-65456f756-4l2jm,1.0,11534336
2026-09-16T14:54:03.604349+00:00,kai-scheduler,podgroup-controller-68f9cc8dbf-2qvq4,1.0,11534336
2026-09-16T14:54:03.604349+00:00,kai-scheduler,queue-controller-f86fcd76c-gllp2,1.0,13631488
2026-09-16T14:54:03.604349+00:00,kube-system,coredns-8db54c48d-jsq8b,3.0,27262976
2026-09-16T14:54:03.604349+00:00,kube-system,kwok-controller-5cf8c7c44b-x7xbp,11.0,38797312
2026-09-16T14:54:03.604349+00:00,kube-system,local-path-provisioner-5d9d9885bc-vskmj,1.0,15728640
2026-09-16T14:54:03.604349+00:00,kube-system,metrics-server-75dc6f8d87-8nrhd,7.0,59768832
2026-09-16T14:54:03.604349+00:00,kube-system,svclb-traefik-7411b517-6x8cv,0.0,0
2026-09-16T14:54:03.604349+00:00,kube-system,traefik-9bcdbbd9-gmgcc,4.0,57671680
2026-09-16T14:54:03.604349+00:00,pyroscope,pyroscope-0,6.0,71303168
2026-09-16T14:54:03.604349+00:00,pyroscope,pyroscope-alloy-0,5.0,168820736
2026-09-16T14:54:09.840783+00:00,grove-system,grove-operator-646f9c68-pfjvq,32.0,191889408
2026-09-16T14:54:09.840783+00:00,kai-scheduler,admission-86666f457d-sk7lz,1.0,16777216
2026-09-16T14:54:09.840783+00:00,kai-scheduler,binder-869fc94c7-dc7lv,1.0,100663296
2026-09-16T14:54:09.840783+00:00,kai-scheduler,kai-operator-69b5d7bcf7-qxvz5,4.0,60817408
2026-09-16T14:54:09.840783+00:00,kai-scheduler,kai-scheduler-default-7f5cd888f7-lh8cb,15.0,147849216
2026-09-16T14:54:09.840783+00:00,kai-scheduler,pod-grouper-65456f756-4l2jm,1.0,11534336
2026-09-16T14:54:09.840783+00:00,kai-scheduler,podgroup-controller-68f9cc8dbf-2qvq4,1.0,11534336
2026-09-16T14:54:09.840783+00:00,kai-scheduler,queue-controller-f86fcd76c-gllp2,1.0,13631488
2026-09-16T14:54:09.840783+00:00,kube-system,coredns-8db54c48d-jsq8b,3.0,27262976
2026-09-16T14:54:09.840783+00:00,kube-system,kwok-controller-5cf8c7c44b-x7xbp,11.0,38797312
2026-09-16T14:54:09.840783+00:00,kube-system,local-path-provisioner-5d9d9885bc-vskmj,1.0,15728640
2026-09-16T14:54:09.840783+00:00,kube-system,metrics-server-75dc6f8d87-8nrhd,7.0,59768832
2026-09-16T14:54:09.840783+00:00,kube-system,svclb-traefik-7411b517-6x8cv,0.0,0
2026-09-16T14:54:09.840783+00:00,kube-system,traefik-9bcdbbd9-gmgcc,4.0,57671680
2026-09-16T14:54:09.840783+00:00,pyroscope,pyroscope-0,6.0,71303168
2026-09-16T14:54:09.840783+00:00,pyroscope,pyroscope-alloy-0,5.0,168820736
2026-09-16T14:54:16.083274+00:00,grove-system,grove-operator-646f9c68-pfjvq,37.0,189792256
2026-09-16T14:54:16.083274+00:00,kai-scheduler,admission-86666f457d-sk7lz,1.0,15728640
2026-09-16T14:54:16.083274+00:00,kai-scheduler,binder-869fc94c7-dc7lv,2.0,100663296
2026-09-16T14:54:16.083274+00:00,kai-scheduler,kai-operator-69b5d7bcf7-qxvz5,3.0,61865984
2026-09-16T14:54:16.083274+00:00,kai-scheduler,kai-scheduler-default-7f5cd888f7-lh8cb,15.0,148897792
2026-09-16T14:54:16.083274+00:00,kai-scheduler,pod-grouper-65456f756-4l2jm,1.0,11534336
2026-09-16T14:54:16.083274+00:00,kai-scheduler,podgroup-controller-68f9cc8dbf-2qvq4,1.0,11534336
2026-09-16T14:54:16.083274+00:00,kai-scheduler,queue-controller-f86fcd76c-gllp2,1.0,13631488
2026-09-16T14:54:16.083274+00:00,kube-system,coredns-8db54c48d-jsq8b,3.0,27262976
2026-09-16T14:54:16.083274+00:00,kube-system,kwok-controller-5cf8c7c44b-x7xbp,9.0,35651584
2026-09-16T14:54:16.083274+00:00,kube-system,local-path-provisioner-5d9d9885bc-vskmj,1.0,15728640
2026-09-16T14:54:16.083274+00:00,kube-system,metrics-server-75dc6f8d87-8nrhd,8.0,58720256
2026-09-16T14:54:16.083274+00:00,kube-system,svclb-traefik-7411b517-6x8cv,0.0,0
2026-09-16T14:54:16.083274+00:00,kube-system,traefik-9bcdbbd9-gmgcc,3.0,57671680
2026-09-16T14:54:16.083274+00:00,pyroscope,pyroscope-0,5.0,71303168
2026-09-16T14:54:16.083274+00:00,pyroscope,pyroscope-alloy-0,5.0,169869312
2026-09-16T14:54:22.332997+00:00,grove-system,grove-operator-646f9c68-pfjvq,37.0,189792256
2026-09-16T14:54:22.332997+00:00,kai-scheduler,admission-86666f457d-sk7lz,1.0,15728640
2026-09-16T14:54:22.332997+00:00,kai-scheduler,binder-869fc94c7-dc7lv,2.0,100663296
2026-09-16T14:54:22.332997+00:00,kai-scheduler,kai-operator-69b5d7bcf7-qxvz5,3.0,61865984
2026-09-16T14:54:22.332997+00:00,kai-scheduler,kai-scheduler-default-7f5cd888f7-lh8cb,15.0,148897792
2026-09-16T14:54:22.332997+00:00,kai-scheduler,pod-grouper-65456f756-4l2jm,1.0,11534336
2026-09-16T14:54:22.332997+00:00,kai-scheduler,podgroup-controller-68f9cc8dbf-2qvq4,1.0,11534336
2026-09-16T14:54:22.332997+00:00,kai-scheduler,queue-controller-f86fcd76c-gllp2,1.0,13631488
2026-09-16T14:54:22.332997+00:00,kube-system,coredns-8db54c48d-jsq8b,3.0,27262976
2026-09-16T14:54:22.332997+00:00,kube-system,kwok-controller-5cf8c7c44b-x7xbp,9.0,35651584
2026-09-16T14:54:22.332997+00:00,kube-system,local-path-provisioner-5d9d9885bc-vskmj,1.0,15728640
2026-09-16T14:54:22.332997+00:00,kube-system,metrics-server-75dc6f8d87-8nrhd,8.0,58720256
2026-09-16T14:54:22.332997+00:00,kube-system,svclb-traefik-7411b517-6x8cv,0.0,0
2026-09-16T14:54:22.332997+00:00,kube-system,traefik-9bcdbbd9-gmgcc,3.0,57671680
2026-09-16T14:54:22.332997+00:00,pyroscope,pyroscope-0,5.0,71303168
2026-09-16T14:54:22.332997+00:00,pyroscope,pyroscope-alloy-0,5.0,169869312
2026-09-16T14:54:28.573628+00:00,grove-system,grove-operator-646f9c68-pfjvq,25.0,187695104
2026-09-16T14:54:28.573628+00:00,kai-scheduler,admission-86666f457d-sk7lz,1.0,16777216
2026-09-16T14:54:28.573628+00:00,kai-scheduler,binder-869fc94c7-dc7lv,10.0,102760448
2026-09-16T14:54:28.573628+00:00,kai-scheduler,kai-operator-69b5d7bcf7-qxvz5,2.0,59768832
2026-09-16T14:54:28.573628+00:00,kai-scheduler,kai-scheduler-default-7f5cd888f7-lh8cb,26.0,145752064
2026-09-16T14:54:28.573628+00:00,kai-scheduler,pod-grouper-65456f756-4l2jm,1.0,11534336
2026-09-16T14:54:28.573628+00:00,kai-scheduler,podgroup-controller-68f9cc8dbf-2qvq4,1.0,11534336
2026-09-16T14:54:28.573628+00:00,kai-scheduler,queue-controller-f86fcd76c-gllp2,1.0,13631488
2026-09-16T14:54:28.573628+00:00,kube-system,coredns-8db54c48d-jsq8b,3.0,26214400
2026-09-16T14:54:28.573628+00:00,kube-system,kwok-controller-5cf8c7c44b-x7xbp,31.0,38797312
2026-09-16T14:54:28.573628+00:00,kube-system,local-path-provisioner-5d9d9885bc-vskmj,1.0,15728640
2026-09-16T14:54:28.573628+00:00,kube-system,metrics-server-75dc6f8d87-8nrhd,14.0,59768832
2026-09-16T14:54:28.573628+00:00,kube-system,svclb-traefik-7411b517-6x8cv,0.0,0
2026-09-16T14:54:28.573628+00:00,kube-system,traefik-9bcdbbd9-gmgcc,3.0,56623104
2026-09-16T14:54:28.573628+00:00,pyroscope,pyroscope-0,6.0,72351744
2026-09-16T14:54:28.573628+00:00,pyroscope,pyroscope-alloy-0,25.0,168820736
2026-09-16T14:54:34.811913+00:00,grove-system,grove-operator-646f9c68-pfjvq,25.0,187695104
2026-09-16T14:54:34.811913+00:00,kai-scheduler,admission-86666f457d-sk7lz,1.0,16777216
2026-09-16T14:54:34.811913+00:00,kai-scheduler,binder-869fc94c7-dc7lv,10.0,102760448
2026-09-16T14:54:34.811913+00:00,kai-scheduler,kai-operator-69b5d7bcf7-qxvz5,2.0,59768832
2026-09-16T14:54:34.811913+00:00,kai-scheduler,kai-scheduler-default-7f5cd888f7-lh8cb,26.0,145752064
2026-09-16T14:54:34.811913+00:00,kai-scheduler,pod-grouper-65456f756-4l2jm,1.0,11534336
2026-09-16T14:54:34.811913+00:00,kai-scheduler,podgroup-controller-68f9cc8dbf-2qvq4,1.0,11534336
2026-09-16T14:54:34.811913+00:00,kai-scheduler,queue-controller-f86fcd76c-gllp2,1.0,13631488
2026-09-16T14:54:34.811913+00:00,kube-system,coredns-8db54c48d-jsq8b,3.0,26214400
2026-09-16T14:54:34.811913+00:00,kube-system,kwok-controller-5cf8c7c44b-x7xbp,31.0,38797312
2026-09-16T14:54:34.811913+00:00,kube-system,local-path-provisioner-5d9d9885bc-vskmj,1.0,15728640
2026-09-16T14:54:34.811913+00:00,kube-system,metrics-server-75dc6f8d87-8nrhd,14.0,59768832
2026-09-16T14:54:34.811913+00:00,kube-system,svclb-traefik-7411b517-6x8cv,0.0,0
2026-09-16T14:54:34.811913+00:00,kube-system,traefik-9bcdbbd9-gmgcc,3.0,56623104
2026-09-16T14:54:34.811913+00:00,pyroscope,pyroscope-0,6.0,72351744
2026-09-16T14:54:34.811913+00:00,pyroscope,pyroscope-alloy-0,25.0,168820736
2026-09-16T14:54:41.047900+00:00,grove-system,grove-operator-646f9c68-pfjvq,21.0,187695104
2026-09-16T14:54:41.047900+00:00,kai-scheduler,admission-86666f457d-sk7lz,1.0,15728640
2026-09-16T14:54:41.047900+00:00,kai-scheduler,binder-869fc94c7-dc7lv,21.0,100663296
2026-09-16T14:54:41.047900+00:00,kai-scheduler,kai-operator-69b5d7bcf7-qxvz5,1.0,59768832
2026-09-16T14:54:41.047900+00:00,kai-scheduler,kai-scheduler-default-7f5cd888f7-lh8cb,24.0,137363456
2026-09-16T14:54:41.047900+00:00,kai-scheduler,pod-grouper-65456f756-4l2jm,1.0,11534336
2026-09-16T14:54:41.047900+00:00,kai-scheduler,podgroup-controller-68f9cc8dbf-2qvq4,1.0,11534336
2026-09-16T14:54:41.047900+00:00,kai-scheduler,queue-controller-f86fcd76c-gllp2,1.0,13631488
2026-09-16T14:54:41.047900+00:00,kube-system,coredns-8db54c48d-jsq8b,4.0,27262976
2026-09-16T14:54:41.047900+00:00,kube-system,kwok-controller-5cf8c7c44b-x7xbp,43.0,37748736
2026-09-16T14:54:41.047900+00:00,kube-system,local-path-provisioner-5d9d9885bc-vskmj,1.0,15728640
2026-09-16T14:54:41.047900+00:00,kube-system,metrics-server-75dc6f8d87-8nrhd,18.0,60817408
2026-09-16T14:54:41.047900+00:00,kube-system,svclb-traefik-7411b517-6x8cv,0.0,0
2026-09-16T14:54:41.047900+00:00,kube-system,traefik-9bcdbbd9-gmgcc,3.0,56623104
2026-09-16T14:54:41.047900+00:00,pyroscope,pyroscope-0,5.0,71303168
2026-09-16T14:54:41.047900+00:00,pyroscope,pyroscope-alloy-0,29.0,157286400
2026-09-16T14:54:47.286843+00:00,grove-system,grove-operator-646f9c68-pfjvq,21.0,187695104
2026-09-16T14:54:47.286843+00:00,kai-scheduler,admission-86666f457d-sk7lz,1.0,15728640
2026-09-16T14:54:47.286843+00:00,kai-scheduler,binder-869fc94c7-dc7lv,21.0,100663296
2026-09-16T14:54:47.286843+00:00,kai-scheduler,kai-operator-69b5d7bcf7-qxvz5,1.0,59768832
2026-09-16T14:54:47.286843+00:00,kai-scheduler,kai-scheduler-default-7f5cd888f7-lh8cb,24.0,137363456
2026-09-16T14:54:47.286843+00:00,kai-scheduler,pod-grouper-65456f756-4l2jm,1.0,11534336
2026-09-16T14:54:47.286843+00:00,kai-scheduler,podgroup-controller-68f9cc8dbf-2qvq4,1.0,11534336
2026-09-16T14:54:47.286843+00:00,kai-scheduler,queue-controller-f86fcd76c-gllp2,1.0,13631488
2026-09-16T14:54:47.286843+00:00,kube-system,coredns-8db54c48d-jsq8b,4.0,27262976
2026-09-16T14:54:47.286843+00:00,kube-system,kwok-controller-5cf8c7c44b-x7xbp,43.0,37748736
2026-09-16T14:54:47.286843+00:00,kube-system,local-path-provisioner-5d9d9885bc-vskmj,1.0,15728640
2026-09-16T14:54:47.286843+00:00,kube-system,metrics-server-75dc6f8d87-8nrhd,18.0,60817408
2026-09-16T14:54:47.286843+00:00,kube-system,svclb-traefik-7411b517-6x8cv,0.0,0
2026-09-16T14:54:47.286843+00:00,kube-system,traefik-9bcdbbd9-gmgcc,3.0,56623104
2026-09-16T14:54:47.286843+00:00,pyroscope,pyroscope-0,5.0,71303168
2026-09-16T14:54:47.286843+00:00,pyroscope,pyroscope-alloy-0,29.0,157286400
2026-09-16T14:54:53.520015+00:00,grove-system,grove-operator-646f9c68-pfjvq,21.0,187695104
2026-09-16T14:54:53.520015+00:00,kai-scheduler,admission-86666f457d-sk7lz,1.0,15728640
2026-09-16T14:54:53.520015+00:00,kai-scheduler,binder-869fc94c7-dc7lv,21.0,100663296
2026-09-16T14:54:53.520015+00:00,kai-scheduler,kai-operator-69b5d7bcf7-qxvz5,1.0,59768832
2026-09-16T14:54:53.520015+00:00,kai-scheduler,kai-scheduler-default-7f5cd888f7-lh8cb,24.0,137363456
2026-09-16T14:54:53.520015+00:00,kai-scheduler,pod-grouper-65456f756-4l2jm,1.0,11534336
2026-09-16T14:54:53.520015+00:00,kai-scheduler,podgroup-controller-68f9cc8dbf-2qvq4,1.0,11534336
2026-09-16T14:54:53.520015+00:00,kai-scheduler,queue-controller-f86fcd76c-gllp2,1.0,13631488
2026-09-16T14:54:53.520015+00:00,kube-system,coredns-8db54c48d-jsq8b,4.0,27262976
2026-09-16T14:54:53.520015+00:00,kube-system,kwok-controller-5cf8c7c44b-x7xbp,43.0,37748736
2026-09-16T14:54:53.520015+00:00,kube-system,local-path-provisioner-5d9d9885bc-vskmj,1.0,15728640
2026-09-16T14:54:53.520015+00:00,kube-system,metrics-server-75dc6f8d87-8nrhd,18.0,60817408
2026-09-16T14:54:53.520015+00:00,kube-system,svclb-traefik-7411b517-6x8cv,0.0,0
2026-09-16T14:54:53.520015+00:00,kube-system,traefik-9bcdbbd9-gmgcc,3.0,56623104
2026-09-16T14:54:53.520015+00:00,pyroscope,pyroscope-0,5.0,71303168
2026-09-16T14:54:53.520015+00:00,pyroscope,pyroscope-alloy-0,29.0,157286400
2026-09-16T14:54:59.760095+00:00,grove-system,grove-operator-646f9c68-pfjvq,20.0,185597952
2026-09-16T14:54:59.760095+00:00,kai-scheduler,admission-86666f457d-sk7lz,1.0,16777216
2026-09-16T14:54:59.760095+00:00,kai-scheduler,binder-869fc94c7-dc7lv,19.0,96468992
2026-09-16T14:54:59.760095+00:00,kai-scheduler,kai-operator-69b5d7bcf7-qxvz5,1.0,59768832
2026-09-16T14:54:59.760095+00:00,kai-scheduler,kai-scheduler-default-7f5cd888f7-lh8cb,24.0,130023424
2026-09-16T14:54:59.760095+00:00,kai-scheduler,pod-grouper-65456f756-4l2jm,1.0,11534336
2026-09-16T14:54:59.760095+00:00,kai-scheduler,podgroup-controller-68f9cc8dbf-2qvq4,1.0,11534336
2026-09-16T14:54:59.760095+00:00,kai-scheduler,queue-controller-f86fcd76c-gllp2,1.0,13631488
2026-09-16T14:54:59.760095+00:00,kube-system,coredns-8db54c48d-jsq8b,4.0,27262976
2026-09-16T14:54:59.760095+00:00,kube-system,kwok-controller-5cf8c7c44b-x7xbp,43.0,37748736
2026-09-16T14:54:59.760095+00:00,kube-system,local-path-provisioner-5d9d9885bc-vskmj,1.0,15728640
2026-09-16T14:54:59.760095+00:00,kube-system,metrics-server-75dc6f8d87-8nrhd,16.0,60817408
2026-09-16T14:54:59.760095+00:00,kube-system,svclb-traefik-7411b517-6x8cv,0.0,0
2026-09-16T14:54:59.760095+00:00,kube-system,traefik-9bcdbbd9-gmgcc,3.0,56623104
2026-09-16T14:54:59.760095+00:00,pyroscope,pyroscope-0,6.0,70254592
2026-09-16T14:54:59.760095+00:00,pyroscope,pyroscope-alloy-0,30.0,154140672
2026-09-16T14:55:06.003445+00:00,grove-system,grove-operator-646f9c68-pfjvq,20.0,185597952
2026-09-16T14:55:06.003445+00:00,kai-scheduler,admission-86666f457d-sk7lz,1.0,16777216
2026-09-16T14:55:06.003445+00:00,kai-scheduler,binder-869fc94c7-dc7lv,19.0,96468992
2026-09-16T14:55:06.003445+00:00,kai-scheduler,kai-operator-69b5d7bcf7-qxvz5,1.0,59768832
2026-09-16T14:55:06.003445+00:00,kai-scheduler,kai-scheduler-default-7f5cd888f7-lh8cb,24.0,130023424
2026-09-16T14:55:06.003445+00:00,kai-scheduler,pod-grouper-65456f756-4l2jm,1.0,11534336
2026-09-16T14:55:06.003445+00:00,kai-scheduler,podgroup-controller-68f9cc8dbf-2qvq4,1.0,11534336
2026-09-16T14:55:06.003445+00:00,kai-scheduler,queue-controller-f86fcd76c-gllp2,1.0,13631488
2026-09-16T14:55:06.003445+00:00,kube-system,coredns-8db54c48d-jsq8b,4.0,27262976
2026-09-16T14:55:06.003445+00:00,kube-system,kwok-controller-5cf8c7c44b-x7xbp,43.0,37748736
2026-09-16T14:55:06.003445+00:00,kube-system,local-path-provisioner-5d9d9885bc-vskmj,1.0,15728640
2026-09-16T14:55:06.003445+00:00,kube-system,metrics-server-75dc6f8d87-8nrhd,16.0,60817408
2026-09-16T14:55:06.003445+00:00,kube-system,svclb-traefik-7411b517-6x8cv,0.0,0
2026-09-16T14:55:06.003445+00:00,kube-system,traefik-9bcdbbd9-gmgcc,3.0,56623104
2026-09-16T14:55:06.003445+00:00,pyroscope,pyroscope-0,6.0,70254592
2026-09-16T14:55:06.003445+00:00,pyroscope,pyroscope-alloy-0,30.0,154140672
2026-09-16T14:55:12.244279+00:00,grove-system,grove-operator-646f9c68-pfjvq,21.0,182452224
2026-09-16T14:55:12.244279+00:00,kai-scheduler,admission-86666f457d-sk7lz,1.0,15728640
2026-09-16T14:55:12.244279+00:00,kai-scheduler,binder-869fc94c7-dc7lv,20.0,97517568
2026-09-16T14:55:12.244279+00:00,kai-scheduler,kai-operator-69b5d7bcf7-qxvz5,1.0,59768832
2026-09-16T14:55:12.244279+00:00,kai-scheduler,kai-scheduler-default-7f5cd888f7-lh8cb,21.0,134217728
2026-09-16T14:55:12.244279+00:00,kai-scheduler,pod-grouper-65456f756-4l2jm,1.0,11534336
2026-09-16T14:55:12.244279+00:00,kai-scheduler,podgroup-controller-68f9cc8dbf-2qvq4,1.0,11534336
2026-09-16T14:55:12.244279+00:00,kai-scheduler,queue-controller-f86fcd76c-gllp2,1.0,13631488
2026-09-16T14:55:12.244279+00:00,kube-system,coredns-8db54c48d-jsq8b,3.0,27262976
2026-09-16T14:55:12.244279+00:00,kube-system,kwok-controller-5cf8c7c44b-x7xbp,44.0,40894464
2026-09-16T14:55:12.244279+00:00,kube-system,local-path-provisioner-5d9d9885bc-vskmj,1.0,15728640
2026-09-16T14:55:12.244279+00:00,kube-system,metrics-server-75dc6f8d87-8nrhd,16.0,60817408
2026-09-16T14:55:12.244279+00:00,kube-system,svclb-traefik-7411b517-6x8cv,0.0,0
2026-09-16T14:55:12.244279+00:00,kube-system,traefik-9bcdbbd9-gmgcc,3.0,56623104
2026-09-16T14:55:12.244279+00:00,pyroscope,pyroscope-0,6.0,71303168
2026-09-16T14:55:12.244279+00:00,pyroscope,pyroscope-alloy-0,26.0,153092096
2026-09-16T14:55:18.481368+00:00,grove-system,grove-operator-646f9c68-pfjvq,21.0,182452224
2026-09-16T14:55:18.481368+00:00,kai-scheduler,admission-86666f457d-sk7lz,1.0,15728640
2026-09-16T14:55:18.481368+00:00,kai-scheduler,binder-869fc94c7-dc7lv,20.0,97517568
2026-09-16T14:55:18.481368+00:00,kai-scheduler,kai-operator-69b5d7bcf7-qxvz5,1.0,59768832
2026-09-16T14:55:18.481368+00:00,kai-scheduler,kai-scheduler-default-7f5cd888f7-lh8cb,21.0,134217728
2026-09-16T14:55:18.481368+00:00,kai-scheduler,pod-grouper-65456f756-4l2jm,1.0,11534336
2026-09-16T14:55:18.481368+00:00,kai-scheduler,podgroup-controller-68f9cc8dbf-2qvq4,1.0,11534336
2026-09-16T14:55:18.481368+00:00,kai-scheduler,queue-controller-f86fcd76c-gllp2,1.0,13631488
2026-09-16T14:55:18.481368+00:00,kube-system,coredns-8db54c48d-jsq8b,3.0,27262976
2026-09-16T14:55:18.481368+00:00,kube-system,kwok-controller-5cf8c7c44b-x7xbp,44.0,40894464
2026-09-16T14:55:18.481368+00:00,kube-system,local-path-provisioner-5d9d9885bc-vskmj,1.0,15728640
2026-09-16T14:55:18.481368+00:00,kube-system,metrics-server-75dc6f8d87-8nrhd,16.0,60817408
2026-09-16T14:55:18.481368+00:00,kube-system,svclb-traefik-7411b517-6x8cv,0.0,0
2026-09-16T14:55:18.481368+00:00,kube-system,traefik-9bcdbbd9-gmgcc,3.0,56623104
2026-09-16T14:55:18.481368+00:00,pyroscope,pyroscope-0,6.0,71303168
2026-09-16T14:55:18.481368+00:00,pyroscope,pyroscope-alloy-0,26.0,153092096
2026-09-16T14:55:24.718800+00:00,grove-system,grove-operator-646f9c68-pfjvq,21.0,182452224
2026-09-16T14:55:24.718800+00:00,kai-scheduler,admission-86666f457d-sk7lz,1.0,15728640
2026-09-16T14:55:24.718800+00:00,kai-scheduler,binder-869fc94c7-dc7lv,20.0,97517568
2026-09-16T14:55:24.718800+00:00,kai-scheduler,kai-operator-69b5d7bcf7-qxvz5,1.0,59768832
2026-09-16T14:55:24.718800+00:00,kai-scheduler,kai-scheduler-default-7f5cd888f7-lh8cb,21.0,134217728
2026-09-16T14:55:24.718800+00:00,kai-scheduler,pod-grouper-65456f756-4l2jm,1.0,11534336
2026-09-16T14:55:24.718800+00:00,kai-scheduler,podgroup-controller-68f9cc8dbf-2qvq4,1.0,11534336
2026-09-16T14:55:24.718800+00:00,kai-scheduler,queue-controller-f86fcd76c-gllp2,1.0,13631488
2026-09-16T14:55:24.718800+00:00,kube-system,coredns-8db54c48d-jsq8b,3.0,27262976
2026-09-16T14:55:24.718800+00:00,kube-system,kwok-controller-5cf8c7c44b-x7xbp,44.0,40894464
2026-09-16T14:55:24.718800+00:00,kube-system,local-path-provisioner-5d9d9885bc-vskmj,1.0,15728640
2026-09-16T14:55:24.718800+00:00,kube-system,metrics-server-75dc6f8d87-8nrhd,16.0,60817408
2026-09-16T14:55:24.718800+00:00,kube-system,svclb-traefik-7411b517-6x8cv,0.0,0
2026-09-16T14:55:24.718800+00:00,kube-system,traefik-9bcdbbd9-gmgcc,3.0,56623104
2026-09-16T14:55:24.718800+00:00,pyroscope,pyroscope-0,6.0,71303168
2026-09-16T14:55:24.718800+00:00,pyroscope,pyroscope-alloy-0,26.0,153092096
2026-09-16T14:55:30.955803+00:00,grove-system,grove-operator-646f9c68-pfjvq,17.0,184549376
2026-09-16T14:55:30.955803+00:00,kai-scheduler,admission-86666f457d-sk7lz,1.0,15728640
2026-09-16T14:55:30.955803+00:00,kai-scheduler,binder-869fc94c7-dc7lv,20.0,94371840
2026-09-16T14:55:30.955803+00:00,kai-scheduler,kai-operator-69b5d7bcf7-qxvz5,1.0,59768832
2026-09-16T14:55:30.955803+00:00,kai-scheduler,kai-scheduler-default-7f5cd888f7-lh8cb,20.0,116391936
2026-09-16T14:55:30.955803+00:00,kai-scheduler,pod-grouper-65456f756-4l2jm,1.0,11534336
2026-09-16T14:55:30.955803+00:00,kai-scheduler,podgroup-controller-68f9cc8dbf-2qvq4,1.0,11534336
2026-09-16T14:55:30.955803+00:00,kai-scheduler,queue-controller-f86fcd76c-gllp2,1.0,13631488
2026-09-16T14:55:30.955803+00:00,kube-system,coredns-8db54c48d-jsq8b,3.0,27262976
2026-09-16T14:55:30.955803+00:00,kube-system,kwok-controller-5cf8c7c44b-x7xbp,44.0,37748736
2026-09-16T14:55:30.955803+00:00,kube-system,local-path-provisioner-5d9d9885bc-vskmj,1.0,15728640
2026-09-16T14:55:30.955803+00:00,kube-system,metrics-server-75dc6f8d87-8nrhd,18.0,59768832
2026-09-16T14:55:30.955803+00:00,kube-system,svclb-traefik-7411b517-6x8cv,0.0,0
2026-09-16T14:55:30.955803+00:00,kube-system,traefik-9bcdbbd9-gmgcc,5.0,54525952
2026-09-16T14:55:30.955803+00:00,pyroscope,pyroscope-0,6.0,71303168
2026-09-16T14:55:30.955803+00:00,pyroscope,pyroscope-alloy-0,27.0,141557760
2026-09-16T14:55:37.195345+00:00,grove-system,grove-operator-646f9c68-pfjvq,17.0,184549376
2026-09-16T14:55:37.195345+00:00,kai-scheduler,admission-86666f457d-sk7lz,1.0,15728640
2026-09-16T14:55:37.195345+00:00,kai-scheduler,binder-869fc94c7-dc7lv,20.0,94371840
2026-09-16T14:55:37.195345+00:00,kai-scheduler,kai-operator-69b5d7bcf7-qxvz5,1.0,59768832
2026-09-16T14:55:37.195345+00:00,kai-scheduler,kai-scheduler-default-7f5cd888f7-lh8cb,20.0,116391936
2026-09-16T14:55:37.195345+00:00,kai-scheduler,pod-grouper-65456f756-4l2jm,1.0,11534336
2026-09-16T14:55:37.195345+00:00,kai-scheduler,podgroup-controller-68f9cc8dbf-2qvq4,1.0,11534336
2026-09-16T14:55:37.195345+00:00,kai-scheduler,queue-controller-f86fcd76c-gllp2,1.0,13631488
2026-09-16T14:55:37.195345+00:00,kube-system,coredns-8db54c48d-jsq8b,3.0,27262976
2026-09-16T14:55:37.195345+00:00,kube-system,kwok-controller-5cf8c7c44b-x7xbp,44.0,37748736
2026-09-16T14:55:37.195345+00:00,kube-system,local-path-provisioner-5d9d9885bc-vskmj,1.0,15728640
2026-09-16T14:55:37.195345+00:00,kube-system,metrics-server-75dc6f8d87-8nrhd,18.0,59768832
2026-09-16T14:55:37.195345+00:00,kube-system,svclb-traefik-7411b517-6x8cv,0.0,0
2026-09-16T14:55:37.195345+00:00,kube-system,traefik-9bcdbbd9-gmgcc,5.0,54525952
2026-09-16T14:55:37.195345+00:00,pyroscope,pyroscope-0,6.0,71303168
2026-09-16T14:55:37.195345+00:00,pyroscope,pyroscope-alloy-0,27.0,141557760
2026-09-16T14:55:43.432389+00:00,grove-system,grove-operator-646f9c68-pfjvq,23.0,173015040
2026-09-16T14:55:43.432389+00:00,kai-scheduler,admission-86666f457d-sk7lz,1.0,15728640
2026-09-16T14:55:43.432389+00:00,kai-scheduler,binder-869fc94c7-dc7lv,20.0,92274688
2026-09-16T14:55:43.432389+00:00,kai-scheduler,kai-operator-69b5d7bcf7-qxvz5,2.0,59768832
2026-09-16T14:55:43.432389+00:00,kai-scheduler,kai-scheduler-default-7f5cd888f7-lh8cb,19.0,113246208
2026-09-16T14:55:43.432389+00:00,kai-scheduler,pod-grouper-65456f756-4l2jm,1.0,11534336
2026-09-16T14:55:43.432389+00:00,kai-scheduler,podgroup-controller-68f9cc8dbf-2qvq4,1.0,11534336
2026-09-16T14:55:43.432389+00:00,kai-scheduler,queue-controller-f86fcd76c-gllp2,1.0,13631488
2026-09-16T14:55:43.432389+00:00,kube-system,coredns-8db54c48d-jsq8b,3.0,26214400
2026-09-16T14:55:43.432389+00:00,kube-system,kwok-controller-5cf8c7c44b-x7xbp,44.0,37748736
2026-09-16T14:55:43.432389+00:00,kube-system,local-path-provisioner-5d9d9885bc-vskmj,1.0,15728640
2026-09-16T14:55:43.432389+00:00,kube-system,metrics-server-75dc6f8d87-8nrhd,19.0,57671680
2026-09-16T14:55:43.432389+00:00,kube-system,svclb-traefik-7411b517-6x8cv,0.0,0
2026-09-16T14:55:43.432389+00:00,kube-system,traefik-9bcdbbd9-gmgcc,3.0,54525952
2026-09-16T14:55:43.432389+00:00,pyroscope,pyroscope-0,6.0,70254592
2026-09-16T14:55:43.432389+00:00,pyroscope,pyroscope-alloy-0,27.0,139460608
2026-09-16T14:55:49.672393+00:00,grove-system,grove-operator-646f9c68-pfjvq,23.0,173015040
2026-09-16T14:55:49.672393+00:00,kai-scheduler,admission-86666f457d-sk7lz,1.0,15728640
2026-09-16T14:55:49.672393+00:00,kai-scheduler,binder-869fc94c7-dc7lv,20.0,92274688
2026-09-16T14:55:49.672393+00:00,kai-scheduler,kai-operator-69b5d7bcf7-qxvz5,2.0,59768832
2026-09-16T14:55:49.672393+00:00,kai-scheduler,kai-scheduler-default-7f5cd888f7-lh8cb,19.0,113246208
2026-09-16T14:55:49.672393+00:00,kai-scheduler,pod-grouper-65456f756-4l2jm,1.0,11534336
2026-09-16T14:55:49.672393+00:00,kai-scheduler,podgroup-controller-68f9cc8dbf-2qvq4,1.0,11534336
2026-09-16T14:55:49.672393+00:00,kai-scheduler,queue-controller-f86fcd76c-gllp2,1.0,13631488
2026-09-16T14:55:49.672393+00:00,kube-system,coredns-8db54c48d-jsq8b,3.0,26214400
2026-09-16T14:55:49.672393+00:00,kube-system,kwok-controller-5cf8c7c44b-x7xbp,44.0,37748736
2026-09-16T14:55:49.672393+00:00,kube-system,local-path-provisioner-5d9d9885bc-vskmj,1.0,15728640
2026-09-16T14:55:49.672393+00:00,kube-system,metrics-server-75dc6f8d87-8nrhd,19.0,57671680
2026-09-16T14:55:49.672393+00:00,kube-system,svclb-traefik-7411b517-6x8cv,0.0,0
2026-09-16T14:55:49.672393+00:00,kube-system,traefik-9bcdbbd9-gmgcc,3.0,54525952
2026-09-16T14:55:49.672393+00:00,pyroscope,pyroscope-0,6.0,70254592
2026-09-16T14:55:49.672393+00:00,pyroscope,pyroscope-alloy-0,27.0,139460608
2026-09-16T14:55:55.910938+00:00,grove-system,grove-operator-646f9c68-pfjvq,17.0,175112192
2026-09-16T14:55:55.910938+00:00,kai-scheduler,admission-86666f457d-sk7lz,1.0,15728640
2026-09-16T14:55:55.910938+00:00,kai-scheduler,binder-869fc94c7-dc7lv,21.0,82837504
2026-09-16T14:55:55.910938+00:00,kai-scheduler,kai-operator-69b5d7bcf7-qxvz5,1.0,59768832
2026-09-16T14:55:55.910938+00:00,kai-scheduler,kai-scheduler-default-7f5cd888f7-lh8cb,17.0,98566144
2026-09-16T14:55:55.910938+00:00,kai-scheduler,pod-grouper-65456f756-4l2jm,1.0,11534336
2026-09-16T14:55:55.910938+00:00,kai-scheduler,podgroup-controller-68f9cc8dbf-2qvq4,1.0,11534336
2026-09-16T14:55:55.910938+00:00,kai-scheduler,queue-controller-f86fcd76c-gllp2,1.0,13631488
2026-09-16T14:55:55.910938+00:00,kube-system,coredns-8db54c48d-jsq8b,3.0,26214400
2026-09-16T14:55:55.910938+00:00,kube-system,kwok-controller-5cf8c7c44b-x7xbp,38.0,38797312
2026-09-16T14:55:55.910938+00:00,kube-system,local-path-provisioner-5d9d9885bc-vskmj,1.0,15728640
2026-09-16T14:55:55.910938+00:00,kube-system,metrics-server-75dc6f8d87-8nrhd,16.0,57671680
2026-09-16T14:55:55.910938+00:00,kube-system,svclb-traefik-7411b517-6x8cv,0.0,0
2026-09-16T14:55:55.910938+00:00,kube-system,traefik-9bcdbbd9-gmgcc,3.0,54525952
2026-09-16T14:55:55.910938+00:00,pyroscope,pyroscope-0,5.0,70254592
2026-09-16T14:55:55.910938+00:00,pyroscope,pyroscope-alloy-0,22.0,137363456
2026-09-16T14:56:02.148137+00:00,grove-system,grove-operator-646f9c68-pfjvq,17.0,175112192
2026-09-16T14:56:02.148137+00:00,kai-scheduler,admission-86666f457d-sk7lz,1.0,15728640
2026-09-16T14:56:02.148137+00:00,kai-scheduler,binder-869fc94c7-dc7lv,21.0,82837504
2026-09-16T14:56:02.148137+00:00,kai-scheduler,kai-operator-69b5d7bcf7-qxvz5,1.0,59768832
2026-09-16T14:56:02.148137+00:00,kai-scheduler,kai-scheduler-default-7f5cd888f7-lh8cb,17.0,98566144
2026-09-16T14:56:02.148137+00:00,kai-scheduler,pod-grouper-65456f756-4l2jm,1.0,11534336
2026-09-16T14:56:02.148137+00:00,kai-scheduler,podgroup-controller-68f9cc8dbf-2qvq4,1.0,11534336
2026-09-16T14:56:02.148137+00:00,kai-scheduler,queue-controller-f86fcd76c-gllp2,1.0,13631488
2026-09-16T14:56:02.148137+00:00,kube-system,coredns-8db54c48d-jsq8b,3.0,26214400
2026-09-16T14:56:02.148137+00:00,kube-system,kwok-controller-5cf8c7c44b-x7xbp,38.0,38797312
2026-09-16T14:56:02.148137+00:00,kube-system,local-path-provisioner-5d9d9885bc-vskmj,1.0,15728640
2026-09-16T14:56:02.148137+00:00,kube-system,metrics-server-75dc6f8d87-8nrhd,16.0,57671680
2026-09-16T14:56:02.148137+00:00,kube-system,svclb-traefik-7411b517-6x8cv,0.0,0
2026-09-16T14:56:02.148137+00:00,kube-system,traefik-9bcdbbd9-gmgcc,3.0,54525952
2026-09-16T14:56:02.148137+00:00,pyroscope,pyroscope-0,5.0,70254592
2026-09-16T14:56:02.148137+00:00,pyroscope,pyroscope-alloy-0,22.0,137363456
2026-09-16T14:56:08.395158+00:00,grove-system,grove-operator-646f9c68-pfjvq,17.0,175112192
2026-09-16T14:56:08.395158+00:00,kai-scheduler,admission-86666f457d-sk7lz,1.0,15728640
2026-09-16T14:56:08.395158+00:00,kai-scheduler,binder-869fc94c7-dc7lv,21.0,82837504
2026-09-16T14:56:08.395158+00:00,kai-scheduler,kai-operator-69b5d7bcf7-qxvz5,1.0,59768832
2026-09-16T14:56:08.395158+00:00,kai-scheduler,kai-scheduler-default-7f5cd888f7-lh8cb,17.0,98566144
2026-09-16T14:56:08.395158+00:00,kai-scheduler,pod-grouper-65456f756-4l2jm,1.0,11534336
2026-09-16T14:56:08.395158+00:00,kai-scheduler,podgroup-controller-68f9cc8dbf-2qvq4,1.0,11534336
2026-09-16T14:56:08.395158+00:00,kai-scheduler,queue-controller-f86fcd76c-gllp2,1.0,13631488
2026-09-16T14:56:08.395158+00:00,kube-system,coredns-8db54c48d-jsq8b,3.0,26214400
2026-09-16T14:56:08.395158+00:00,kube-system,kwok-controller-5cf8c7c44b-x7xbp,38.0,38797312
2026-09-16T14:56:08.395158+00:00,kube-system,local-path-provisioner-5d9d9885bc-vskmj,1.0,15728640
2026-09-16T14:56:08.395158+00:00,kube-system,metrics-server-75dc6f8d87-8nrhd,16.0,57671680
2026-09-16T14:56:08.395158+00:00,kube-system,svclb-traefik-7411b517-6x8cv,0.0,0
2026-09-16T14:56:08.395158+00:00,kube-system,traefik-9bcdbbd9-gmgcc,3.0,54525952
2026-09-16T14:56:08.395158+00:00,pyroscope,pyroscope-0,5.0,70254592
2026-09-16T14:56:08.395158+00:00,pyroscope,pyroscope-alloy-0,22.0,137363456
2026-09-16T14:56:14.632874+00:00,grove-system,grove-operator-646f9c68-pfjvq,20.0,161480704
2026-09-16T14:56:14.632874+00:00,kai-scheduler,admission-86666f457d-sk7lz,1.0,15728640
2026-09-16T14:56:14.632874+00:00,kai-scheduler,binder-869fc94c7-dc7lv,20.0,70254592
2026-09-16T14:56:14.632874+00:00,kai-scheduler,kai-operator-69b5d7bcf7-qxvz5,1.0,59768832
2026-09-16T14:56:14.632874+00:00,kai-scheduler,kai-scheduler-default-7f5cd888f7-lh8cb,19.0,85983232
2026-09-16T14:56:14.632874+00:00,kai-scheduler,pod-grouper-65456f756-4l2jm,1.0,11534336
2026-09-16T14:56:14.632874+00:00,kai-scheduler,podgroup-controller-68f9cc8dbf-2qvq4,1.0,11534336
2026-09-16T14:56:14.632874+00:00,kai-scheduler,queue-controller-f86fcd76c-gllp2,1.0,13631488
2026-09-16T14:56:14.632874+00:00,kube-system,coredns-8db54c48d-jsq8b,3.0,28311552
2026-09-16T14:56:14.632874+00:00,kube-system,kwok-controller-5cf8c7c44b-x7xbp,43.0,39845888
2026-09-16T14:56:14.632874+00:00,kube-system,local-path-provisioner-5d9d9885bc-vskmj,1.0,15728640
2026-09-16T14:56:14.632874+00:00,kube-system,metrics-server-75dc6f8d87-8nrhd,17.0,57671680
2026-09-16T14:56:14.632874+00:00,kube-system,svclb-traefik-7411b517-6x8cv,0.0,0
2026-09-16T14:56:14.632874+00:00,kube-system,traefik-9bcdbbd9-gmgcc,13.0,52428800
2026-09-16T14:56:14.632874+00:00,pyroscope,pyroscope-0,6.0,70254592
2026-09-16T14:56:14.632874+00:00,pyroscope,pyroscope-alloy-0,14.0,136314880
2026-09-16T14:56:20.878966+00:00,grove-system,grove-operator-646f9c68-pfjvq,20.0,161480704
2026-09-16T14:56:20.878966+00:00,kai-scheduler,admission-86666f457d-sk7lz,1.0,15728640
2026-09-16T14:56:20.878966+00:00,kai-scheduler,binder-869fc94c7-dc7lv,20.0,70254592
2026-09-16T14:56:20.878966+00:00,kai-scheduler,kai-operator-69b5d7bcf7-qxvz5,1.0,59768832
2026-09-16T14:56:20.878966+00:00,kai-scheduler,kai-scheduler-default-7f5cd888f7-lh8cb,19.0,85983232
2026-09-16T14:56:20.878966+00:00,kai-scheduler,pod-grouper-65456f756-4l2jm,1.0,11534336
2026-09-16T14:56:20.878966+00:00,kai-scheduler,podgroup-controller-68f9cc8dbf-2qvq4,1.0,11534336
2026-09-16T14:56:20.878966+00:00,kai-scheduler,queue-controller-f86fcd76c-gllp2,1.0,13631488
2026-09-16T14:56:20.878966+00:00,kube-system,coredns-8db54c48d-jsq8b,3.0,28311552
2026-09-16T14:56:20.878966+00:00,kube-system,kwok-controller-5cf8c7c44b-x7xbp,43.0,39845888
2026-09-16T14:56:20.878966+00:00,kube-system,local-path-provisioner-5d9d9885bc-vskmj,1.0,15728640
2026-09-16T14:56:20.878966+00:00,kube-system,metrics-server-75dc6f8d87-8nrhd,17.0,57671680
2026-09-16T14:56:20.878966+00:00,kube-system,svclb-traefik-7411b517-6x8cv,0.0,0
2026-09-16T14:56:20.878966+00:00,kube-system,traefik-9bcdbbd9-gmgcc,13.0,52428800
2026-09-16T14:56:20.878966+00:00,pyroscope,pyroscope-0,6.0,70254592
2026-09-16T14:56:20.878966+00:00,pyroscope,pyroscope-alloy-0,14.0,136314880
2026-09-16T14:56:27.131427+00:00,grove-system,grove-operator-646f9c68-pfjvq,194.0,163577856
2026-09-16T14:56:27.131427+00:00,kai-scheduler,admission-86666f457d-sk7lz,1.0,16777216
2026-09-16T14:56:27.131427+00:00,kai-scheduler,binder-869fc94c7-dc7lv,20.0,70254592
2026-09-16T14:56:27.131427+00:00,kai-scheduler,kai-operator-69b5d7bcf7-qxvz5,15.0,69206016
2026-09-16T14:56:27.131427+00:00,kai-scheduler,kai-scheduler-default-7f5cd888f7-lh8cb,19.0,83886080
2026-09-16T14:56:27.131427+00:00,kai-scheduler,pod-grouper-65456f756-4l2jm,1.0,11534336
2026-09-16T14:56:27.131427+00:00,kai-scheduler,podgroup-controller-68f9cc8dbf-2qvq4,1.0,11534336
2026-09-16T14:56:27.131427+00:00,kai-scheduler,queue-controller-f86fcd76c-gllp2,1.0,13631488
2026-09-16T14:56:27.131427+00:00,kube-system,coredns-8db54c48d-jsq8b,6.0,27262976
2026-09-16T14:56:27.131427+00:00,kube-system,kwok-controller-5cf8c7c44b-x7xbp,37.0,35651584
2026-09-16T14:56:27.131427+00:00,kube-system,local-path-provisioner-5d9d9885bc-vskmj,1.0,15728640
2026-09-16T14:56:27.131427+00:00,kube-system,metrics-server-75dc6f8d87-8nrhd,15.0,54525952
2026-09-16T14:56:27.131427+00:00,kube-system,svclb-traefik-7411b517-6x8cv,0.0,0
2026-09-16T14:56:27.131427+00:00,kube-system,traefik-9bcdbbd9-gmgcc,36.0,52428800
2026-09-16T14:56:27.131427+00:00,pyroscope,pyroscope-0,11.0,96468992
2026-09-16T14:56:27.131427+00:00,pyroscope,pyroscope-alloy-0,14.0,136314880
2026-09-16T14:56:33.382119+00:00,grove-system,grove-operator-646f9c68-pfjvq,194.0,163577856
2026-09-16T14:56:33.382119+00:00,kai-scheduler,admission-86666f457d-sk7lz,1.0,16777216
2026-09-16T14:56:33.382119+00:00,kai-scheduler,binder-869fc94c7-dc7lv,20.0,70254592
2026-09-16T14:56:33.382119+00:00,kai-scheduler,kai-operator-69b5d7bcf7-qxvz5,15.0,69206016
2026-09-16T14:56:33.382119+00:00,kai-scheduler,kai-scheduler-default-7f5cd888f7-lh8cb,19.0,83886080
2026-09-16T14:56:33.382119+00:00,kai-scheduler,pod-grouper-65456f756-4l2jm,1.0,11534336
2026-09-16T14:56:33.382119+00:00,kai-scheduler,podgroup-controller-68f9cc8dbf-2qvq4,1.0,11534336
2026-09-16T14:56:33.382119+00:00,kai-scheduler,queue-controller-f86fcd76c-gllp2,1.0,13631488
2026-09-16T14:56:33.382119+00:00,kube-system,coredns-8db54c48d-jsq8b,6.0,27262976
2026-09-16T14:56:33.382119+00:00,kube-system,kwok-controller-5cf8c7c44b-x7xbp,37.0,35651584
2026-09-16T14:56:33.382119+00:00,kube-system,local-path-provisioner-5d9d9885bc-vskmj,1.0,15728640
2026-09-16T14:56:33.382119+00:00,kube-system,metrics-server-75dc6f8d87-8nrhd,15.0,54525952
2026-09-16T14:56:33.382119+00:00,kube-system,svclb-traefik-7411b517-6x8cv,0.0,0
2026-09-16T14:56:33.382119+00:00,kube-system,traefik-9bcdbbd9-gmgcc,36.0,52428800
2026-09-16T14:56:33.382119+00:00,pyroscope,pyroscope-0,11.0,96468992
2026-09-16T14:56:33.382119+00:00,pyroscope,pyroscope-alloy-0,14.0,136314880
2026-09-16T14:56:39.615796+00:00,grove-system,grove-operator-646f9c68-pfjvq,194.0,163577856
2026-09-16T14:56:39.615796+00:00,kai-scheduler,admission-86666f457d-sk7lz,1.0,16777216
2026-09-16T14:56:39.615796+00:00,kai-scheduler,binder-869fc94c7-dc7lv,20.0,70254592
2026-09-16T14:56:39.615796+00:00,kai-scheduler,kai-operator-69b5d7bcf7-qxvz5,15.0,69206016
2026-09-16T14:56:39.615796+00:00,kai-scheduler,kai-scheduler-default-7f5cd888f7-lh8cb,19.0,83886080
2026-09-16T14:56:39.615796+00:00,kai-scheduler,pod-grouper-65456f756-4l2jm,1.0,11534336
2026-09-16T14:56:39.615796+00:00,kai-scheduler,podgroup-controller-68f9cc8dbf-2qvq4,1.0,11534336
2026-09-16T14:56:39.615796+00:00,kai-scheduler,queue-controller-f86fcd76c-gllp2,1.0,13631488
2026-09-16T14:56:39.615796+00:00,kube-system,coredns-8db54c48d-jsq8b,6.0,27262976
2026-09-16T14:56:39.615796+00:00,kube-system,kwok-controller-5cf8c7c44b-x7xbp,37.0,35651584
2026-09-16T14:56:39.615796+00:00,kube-system,local-path-provisioner-5d9d9885bc-vskmj,1.0,15728640
2026-09-16T14:56:39.615796+00:00,kube-system,metrics-server-75dc6f8d87-8nrhd,15.0,54525952
2026-09-16T14:56:39.615796+00:00,kube-system,svclb-traefik-7411b517-6x8cv,0.0,0
2026-09-16T14:56:39.615796+00:00,kube-system,traefik-9bcdbbd9-gmgcc,36.0,52428800
2026-09-16T14:56:39.615796+00:00,pyroscope,pyroscope-0,11.0,96468992
2026-09-16T14:56:39.615796+00:00,pyroscope,pyroscope-alloy-0,14.0,136314880
2026-09-16T14:56:45.859238+00:00,grove-system,grove-operator-646f9c68-pfjvq,785.0,180355072
2026-09-16T14:56:45.859238+00:00,kai-scheduler,admission-86666f457d-sk7lz,1.0,16777216
2026-09-16T14:56:45.859238+00:00,kai-scheduler,binder-869fc94c7-dc7lv,33.0,76546048
2026-09-16T14:56:45.859238+00:00,kai-scheduler,kai-operator-69b5d7bcf7-qxvz5,15.0,69206016
2026-09-16T14:56:45.859238+00:00,kai-scheduler,kai-scheduler-default-7f5cd888f7-lh8cb,46.0,85983232
2026-09-16T14:56:45.859238+00:00,kai-scheduler,pod-grouper-65456f756-4l2jm,1.0,11534336
2026-09-16T14:56:45.859238+00:00,kai-scheduler,podgroup-controller-68f9cc8dbf-2qvq4,1.0,11534336
2026-09-16T14:56:45.859238+00:00,kai-scheduler,queue-controller-f86fcd76c-gllp2,1.0,13631488
2026-09-16T14:56:45.859238+00:00,kube-system,coredns-8db54c48d-jsq8b,9.0,27262976
2026-09-16T14:56:45.859238+00:00,kube-system,kwok-controller-5cf8c7c44b-x7xbp,104.0,37748736
2026-09-16T14:56:45.859238+00:00,kube-system,local-path-provisioner-5d9d9885bc-vskmj,1.0,15728640
2026-09-16T14:56:45.859238+00:00,kube-system,metrics-server-75dc6f8d87-8nrhd,15.0,54525952
2026-09-16T14:56:45.859238+00:00,kube-system,svclb-traefik-7411b517-6x8cv,0.0,0
2026-09-16T14:56:45.859238+00:00,kube-system,traefik-9bcdbbd9-gmgcc,12.0,50331648
2026-09-16T14:56:45.859238+00:00,pyroscope,pyroscope-0,7.0,96468992
2026-09-16T14:56:45.859238+00:00,pyroscope,pyroscope-alloy-0,39.0,138412032
2026-09-16T14:56:52.106644+00:00,grove-system,grove-operator-646f9c68-pfjvq,785.0,180355072
2026-09-16T14:56:52.106644+00:00,kai-scheduler,admission-86666f457d-sk7lz,1.0,16777216
2026-09-16T14:56:52.106644+00:00,kai-scheduler,binder-869fc94c7-dc7lv,33.0,76546048
2026-09-16T14:56:52.106644+00:00,kai-scheduler,kai-operator-69b5d7bcf7-qxvz5,15.0,69206016
2026-09-16T14:56:52.106644+00:00,kai-scheduler,kai-scheduler-default-7f5cd888f7-lh8cb,46.0,85983232
2026-09-16T14:56:52.106644+00:00,kai-scheduler,pod-grouper-65456f756-4l2jm,1.0,11534336
2026-09-16T14:56:52.106644+00:00,kai-scheduler,podgroup-controller-68f9cc8dbf-2qvq4,1.0,11534336
2026-09-16T14:56:52.106644+00:00,kai-scheduler,queue-controller-f86fcd76c-gllp2,1.0,13631488
2026-09-16T14:56:52.106644+00:00,kube-system,coredns-8db54c48d-jsq8b,9.0,27262976
2026-09-16T14:56:52.106644+00:00,kube-system,kwok-controller-5cf8c7c44b-x7xbp,104.0,37748736
2026-09-16T14:56:52.106644+00:00,kube-system,local-path-provisioner-5d9d9885bc-vskmj,1.0,15728640
2026-09-16T14:56:52.106644+00:00,kube-system,metrics-server-75dc6f8d87-8nrhd,15.0,54525952
2026-09-16T14:56:52.106644+00:00,kube-system,svclb-traefik-7411b517-6x8cv,0.0,0
2026-09-16T14:56:52.106644+00:00,kube-system,traefik-9bcdbbd9-gmgcc,12.0,50331648
2026-09-16T14:56:52.106644+00:00,pyroscope,pyroscope-0,7.0,96468992
2026-09-16T14:56:52.106644+00:00,pyroscope,pyroscope-alloy-0,39.0,138412032
2026-09-16T14:56:58.352521+00:00,grove-system,grove-operator-646f9c68-pfjvq,553.0,186646528
2026-09-16T14:56:58.352521+00:00,kai-scheduler,admission-86666f457d-sk7lz,1.0,16777216
2026-09-16T14:56:58.352521+00:00,kai-scheduler,binder-869fc94c7-dc7lv,37.0,84934656
2026-09-16T14:56:58.352521+00:00,kai-scheduler,kai-operator-69b5d7bcf7-qxvz5,7.0,71303168
2026-09-16T14:56:58.352521+00:00,kai-scheduler,kai-scheduler-default-7f5cd888f7-lh8cb,30.0,103809024
2026-09-16T14:56:58.352521+00:00,kai-scheduler,pod-grouper-65456f756-4l2jm,1.0,11534336
2026-09-16T14:56:58.352521+00:00,kai-scheduler,podgroup-controller-68f9cc8dbf-2qvq4,1.0,11534336
2026-09-16T14:56:58.352521+00:00,kai-scheduler,queue-controller-f86fcd76c-gllp2,1.0,13631488
2026-09-16T14:56:58.352521+00:00,kube-system,coredns-8db54c48d-jsq8b,14.0,28311552
2026-09-16T14:56:58.352521+00:00,kube-system,kwok-controller-5cf8c7c44b-x7xbp,24.0,34603008
2026-09-16T14:56:58.352521+00:00,kube-system,local-path-provisioner-5d9d9885bc-vskmj,1.0,15728640
2026-09-16T14:56:58.352521+00:00,kube-system,metrics-server-75dc6f8d87-8nrhd,19.0,54525952
2026-09-16T14:56:58.352521+00:00,kube-system,svclb-traefik-7411b517-6x8cv,0.0,0
2026-09-16T14:56:58.352521+00:00,kube-system,traefik-9bcdbbd9-gmgcc,21.0,52428800
2026-09-16T14:56:58.352521+00:00,pyroscope,pyroscope-0,10.0,89128960
2026-09-16T14:56:58.352521+00:00,pyroscope,pyroscope-alloy-0,39.0,138412032
2026-09-16T14:57:04.591116+00:00,grove-system,grove-operator-646f9c68-pfjvq,553.0,186646528
2026-09-16T14:57:04.591116+00:00,kai-scheduler,admission-86666f457d-sk7lz,1.0,16777216
2026-09-16T14:57:04.591116+00:00,kai-scheduler,binder-869fc94c7-dc7lv,37.0,84934656
2026-09-16T14:57:04.591116+00:00,kai-scheduler,kai-operator-69b5d7bcf7-qxvz5,7.0,71303168
2026-09-16T14:57:04.591116+00:00,kai-scheduler,kai-scheduler-default-7f5cd888f7-lh8cb,30.0,103809024
2026-09-16T14:57:04.591116+00:00,kai-scheduler,pod-grouper-65456f756-4l2jm,1.0,11534336
2026-09-16T14:57:04.591116+00:00,kai-scheduler,podgroup-controller-68f9cc8dbf-2qvq4,1.0,11534336
2026-09-16T14:57:04.591116+00:00,kai-scheduler,queue-controller-f86fcd76c-gllp2,1.0,13631488
2026-09-16T14:57:04.591116+00:00,kube-system,coredns-8db54c48d-jsq8b,14.0,28311552
2026-09-16T14:57:04.591116+00:00,kube-system,kwok-controller-5cf8c7c44b-x7xbp,24.0,34603008
2026-09-16T14:57:04.591116+00:00,kube-system,local-path-provisioner-5d9d9885bc-vskmj,1.0,15728640
2026-09-16T14:57:04.591116+00:00,kube-system,metrics-server-75dc6f8d87-8nrhd,19.0,54525952
2026-09-16T14:57:04.591116+00:00,kube-system,svclb-traefik-7411b517-6x8cv,0.0,0
2026-09-16T14:57:04.591116+00:00,kube-system,traefik-9bcdbbd9-gmgcc,21.0,52428800
2026-09-16T14:57:04.591116+00:00,pyroscope,pyroscope-0,10.0,89128960
2026-09-16T14:57:04.591116+00:00,pyroscope,pyroscope-alloy-0,39.0,138412032
2026-09-16T14:57:10.826586+00:00,grove-system,grove-operator-646f9c68-pfjvq,707.0,195035136
2026-09-16T14:57:10.826586+00:00,kai-scheduler,admission-86666f457d-sk7lz,1.0,16777216
2026-09-16T14:57:10.826586+00:00,kai-scheduler,binder-869fc94c7-dc7lv,45.0,95420416
2026-09-16T14:57:10.826586+00:00,kai-scheduler,kai-operator-69b5d7bcf7-qxvz5,1.0,69206016
2026-09-16T14:57:10.826586+00:00,kai-scheduler,kai-scheduler-default-7f5cd888f7-lh8cb,53.0,116391936
2026-09-16T14:57:10.826586+00:00,kai-scheduler,pod-grouper-65456f756-4l2jm,1.0,11534336
2026-09-16T14:57:10.826586+00:00,kai-scheduler,podgroup-controller-68f9cc8dbf-2qvq4,1.0,11534336
2026-09-16T14:57:10.826586+00:00,kai-scheduler,queue-controller-f86fcd76c-gllp2,1.0,13631488
2026-09-16T14:57:10.826586+00:00,kube-system,coredns-8db54c48d-jsq8b,8.0,26214400
2026-09-16T14:57:10.826586+00:00,kube-system,kwok-controller-5cf8c7c44b-x7xbp,135.0,36700160
2026-09-16T14:57:10.826586+00:00,kube-system,local-path-provisioner-5d9d9885bc-vskmj,1.0,15728640
2026-09-16T14:57:10.826586+00:00,kube-system,metrics-server-75dc6f8d87-8nrhd,13.0,55574528
2026-09-16T14:57:10.826586+00:00,kube-system,svclb-traefik-7411b517-6x8cv,0.0,0
2026-09-16T14:57:10.826586+00:00,kube-system,traefik-9bcdbbd9-gmgcc,14.0,52428800
2026-09-16T14:57:10.826586+00:00,pyroscope,pyroscope-0,7.0,90177536
2026-09-16T14:57:10.826586+00:00,pyroscope,pyroscope-alloy-0,36.0,140509184
2026-09-16T14:57:17.065325+00:00,grove-system,grove-operator-646f9c68-pfjvq,707.0,195035136
2026-09-16T14:57:17.065325+00:00,kai-scheduler,admission-86666f457d-sk7lz,1.0,16777216
2026-09-16T14:57:17.065325+00:00,kai-scheduler,binder-869fc94c7-dc7lv,45.0,95420416
2026-09-16T14:57:17.065325+00:00,kai-scheduler,kai-operator-69b5d7bcf7-qxvz5,1.0,69206016
2026-09-16T14:57:17.065325+00:00,kai-scheduler,kai-scheduler-default-7f5cd888f7-lh8cb,53.0,116391936
2026-09-16T14:57:17.065325+00:00,kai-scheduler,pod-grouper-65456f756-4l2jm,1.0,11534336
2026-09-16T14:57:17.065325+00:00,kai-scheduler,podgroup-controller-68f9cc8dbf-2qvq4,1.0,11534336
2026-09-16T14:57:17.065325+00:00,kai-scheduler,queue-controller-f86fcd76c-gllp2,1.0,13631488
2026-09-16T14:57:17.065325+00:00,kube-system,coredns-8db54c48d-jsq8b,8.0,26214400
2026-09-16T14:57:17.065325+00:00,kube-system,kwok-controller-5cf8c7c44b-x7xbp,135.0,36700160
2026-09-16T14:57:17.065325+00:00,kube-system,local-path-provisioner-5d9d9885bc-vskmj,1.0,15728640
2026-09-16T14:57:17.065325+00:00,kube-system,metrics-server-75dc6f8d87-8nrhd,13.0,55574528
2026-09-16T14:57:17.065325+00:00,kube-system,svclb-traefik-7411b517-6x8cv,0.0,0
2026-09-16T14:57:17.065325+00:00,kube-system,traefik-9bcdbbd9-gmgcc,14.0,52428800
2026-09-16T14:57:17.065325+00:00,pyroscope,pyroscope-0,7.0,90177536
2026-09-16T14:57:17.065325+00:00,pyroscope,pyroscope-alloy-0,36.0,140509184
2026-09-16T14:57:23.328234+00:00,grove-system,grove-operator-646f9c68-pfjvq,707.0,195035136
2026-09-16T14:57:23.328234+00:00,kai-scheduler,admission-86666f457d-sk7lz,1.0,16777216
2026-09-16T14:57:23.328234+00:00,kai-scheduler,binder-869fc94c7-dc7lv,45.0,95420416
2026-09-16T14:57:23.328234+00:00,kai-scheduler,kai-operator-69b5d7bcf7-qxvz5,1.0,69206016
2026-09-16T14:57:23.328234+00:00,kai-scheduler,kai-scheduler-default-7f5cd888f7-lh8cb,53.0,116391936
2026-09-16T14:57:23.328234+00:00,kai-scheduler,pod-grouper-65456f756-4l2jm,1.0,11534336
2026-09-16T14:57:23.328234+00:00,kai-scheduler,podgroup-controller-68f9cc8dbf-2qvq4,1.0,11534336
2026-09-16T14:57:23.328234+00:00,kai-scheduler,queue-controller-f86fcd76c-gllp2,1.0,13631488
2026-09-16T14:57:23.328234+00:00,kube-system,coredns-8db54c48d-jsq8b,8.0,26214400
2026-09-16T14:57:23.328234+00:00,kube-system,kwok-controller-5cf8c7c44b-x7xbp,135.0,36700160
2026-09-16T14:57:23.328234+00:00,kube-system,local-path-provisioner-5d9d9885bc-vskmj,1.0,15728640
2026-09-16T14:57:23.328234+00:00,kube-system,metrics-server-75dc6f8d87-8nrhd,13.0,55574528
2026-09-16T14:57:23.328234+00:00,kube-system,svclb-traefik-7411b517-6x8cv,0.0,0
2026-09-16T14:57:23.328234+00:00,kube-system,traefik-9bcdbbd9-gmgcc,14.0,52428800
2026-09-16T14:57:23.328234+00:00,pyroscope,pyroscope-0,7.0,90177536
2026-09-16T14:57:23.328234+00:00,pyroscope,pyroscope-alloy-0,36.0,140509184
2026-09-16T14:57:29.568512+00:00,grove-system,grove-operator-646f9c68-pfjvq,462.0,189792256
2026-09-16T14:57:29.568512+00:00,kai-scheduler,admission-86666f457d-sk7lz,1.0,16777216
2026-09-16T14:57:29.568512+00:00,kai-scheduler,binder-869fc94c7-dc7lv,34.0,111149056
2026-09-16T14:57:29.568512+00:00,kai-scheduler,kai-operator-69b5d7bcf7-qxvz5,3.0,70254592
2026-09-16T14:57:29.568512+00:00,kai-scheduler,kai-scheduler-default-7f5cd888f7-lh8cb,36.0,133169152
2026-09-16T14:57:29.568512+00:00,kai-scheduler,pod-grouper-65456f756-4l2jm,1.0,11534336
2026-09-16T14:57:29.568512+00:00,kai-scheduler,podgroup-controller-68f9cc8dbf-2qvq4,1.0,11534336
2026-09-16T14:57:29.568512+00:00,kai-scheduler,queue-controller-f86fcd76c-gllp2,1.0,13631488
2026-09-16T14:57:29.568512+00:00,kube-system,coredns-8db54c48d-jsq8b,9.0,28311552
2026-09-16T14:57:29.568512+00:00,kube-system,kwok-controller-5cf8c7c44b-x7xbp,26.0,35651584
2026-09-16T14:57:29.568512+00:00,kube-system,local-path-provisioner-5d9d9885bc-vskmj,1.0,15728640
2026-09-16T14:57:29.568512+00:00,kube-system,metrics-server-75dc6f8d87-8nrhd,14.0,54525952
2026-09-16T14:57:29.568512+00:00,kube-system,svclb-traefik-7411b517-6x8cv,0.0,0
2026-09-16T14:57:29.568512+00:00,kube-system,traefik-9bcdbbd9-gmgcc,12.0,55574528
2026-09-16T14:57:29.568512+00:00,pyroscope,pyroscope-0,13.0,91226112
2026-09-16T14:57:29.568512+00:00,pyroscope,pyroscope-alloy-0,49.0,144703488
2026-09-16T14:57:35.805549+00:00,grove-system,grove-operator-646f9c68-pfjvq,462.0,189792256
2026-09-16T14:57:35.805549+00:00,kai-scheduler,admission-86666f457d-sk7lz,1.0,16777216
2026-09-16T14:57:35.805549+00:00,kai-scheduler,binder-869fc94c7-dc7lv,34.0,111149056
2026-09-16T14:57:35.805549+00:00,kai-scheduler,kai-operator-69b5d7bcf7-qxvz5,3.0,70254592
2026-09-16T14:57:35.805549+00:00,kai-scheduler,kai-scheduler-default-7f5cd888f7-lh8cb,36.0,133169152
2026-09-16T14:57:35.805549+00:00,kai-scheduler,pod-grouper-65456f756-4l2jm,1.0,11534336
2026-09-16T14:57:35.805549+00:00,kai-scheduler,podgroup-controller-68f9cc8dbf-2qvq4,1.0,11534336
2026-09-16T14:57:35.805549+00:00,kai-scheduler,queue-controller-f86fcd76c-gllp2,1.0,13631488
2026-09-16T14:57:35.805549+00:00,kube-system,coredns-8db54c48d-jsq8b,9.0,28311552
2026-09-16T14:57:35.805549+00:00,kube-system,kwok-controller-5cf8c7c44b-x7xbp,26.0,35651584
2026-09-16T14:57:35.805549+00:00,kube-system,local-path-provisioner-5d9d9885bc-vskmj,1.0,15728640
2026-09-16T14:57:35.805549+00:00,kube-system,metrics-server-75dc6f8d87-8nrhd,14.0,54525952
2026-09-16T14:57:35.805549+00:00,kube-system,svclb-traefik-7411b517-6x8cv,0.0,0
2026-09-16T14:57:35.805549+00:00,kube-system,traefik-9bcdbbd9-gmgcc,12.0,55574528
2026-09-16T14:57:35.805549+00:00,pyroscope,pyroscope-0,13.0,91226112
2026-09-16T14:57:35.805549+00:00,pyroscope,pyroscope-alloy-0,49.0,144703488
2026-09-16T14:57:42.047253+00:00,grove-system,grove-operator-646f9c68-pfjvq,34.0,187695104
2026-09-16T14:57:42.047253+00:00,kai-scheduler,admission-86666f457d-sk7lz,1.0,16777216
2026-09-16T14:57:42.047253+00:00,kai-scheduler,binder-869fc94c7-dc7lv,1.0,111149056
2026-09-16T14:57:42.047253+00:00,kai-scheduler,kai-operator-69b5d7bcf7-qxvz5,3.0,70254592
2026-09-16T14:57:42.047253+00:00,kai-scheduler,kai-scheduler-default-7f5cd888f7-lh8cb,16.0,140509184
2026-09-16T14:57:42.047253+00:00,kai-scheduler,pod-grouper-65456f756-4l2jm,1.0,11534336
2026-09-16T14:57:42.047253+00:00,kai-scheduler,podgroup-controller-68f9cc8dbf-2qvq4,1.0,11534336
2026-09-16T14:57:42.047253+00:00,kai-scheduler,queue-controller-f86fcd76c-gllp2,1.0,13631488
2026-09-16T14:57:42.047253+00:00,kube-system,coredns-8db54c48d-jsq8b,4.0,28311552
2026-09-16T14:57:42.047253+00:00,kube-system,kwok-controller-5cf8c7c44b-x7xbp,45.0,39845888
2026-09-16T14:57:42.047253+00:00,kube-system,local-path-provisioner-5d9d9885bc-vskmj,1.0,15728640
2026-09-16T14:57:42.047253+00:00,kube-system,metrics-server-75dc6f8d87-8nrhd,7.0,55574528
2026-09-16T14:57:42.047253+00:00,kube-system,svclb-traefik-7411b517-6x8cv,0.0,0
2026-09-16T14:57:42.047253+00:00,kube-system,traefik-9bcdbbd9-gmgcc,12.0,58720256
2026-09-16T14:57:42.047253+00:00,pyroscope,pyroscope-0,6.0,83886080
2026-09-16T14:57:42.047253+00:00,pyroscope,pyroscope-alloy-0,8.0,150994944
2026-09-16T14:57:48.286682+00:00,grove-system,grove-operator-646f9c68-pfjvq,34.0,187695104
2026-09-16T14:57:48.286682+00:00,kai-scheduler,admission-86666f457d-sk7lz,1.0,16777216
2026-09-16T14:57:48.286682+00:00,kai-scheduler,binder-869fc94c7-dc7lv,1.0,111149056
2026-09-16T14:57:48.286682+00:00,kai-scheduler,kai-operator-69b5d7bcf7-qxvz5,3.0,70254592
2026-09-16T14:57:48.286682+00:00,kai-scheduler,kai-scheduler-default-7f5cd888f7-lh8cb,16.0,140509184
2026-09-16T14:57:48.286682+00:00,kai-scheduler,pod-grouper-65456f756-4l2jm,1.0,11534336
2026-09-16T14:57:48.286682+00:00,kai-scheduler,podgroup-controller-68f9cc8dbf-2qvq4,1.0,11534336
2026-09-16T14:57:48.286682+00:00,kai-scheduler,queue-controller-f86fcd76c-gllp2,1.0,13631488
2026-09-16T14:57:48.286682+00:00,kube-system,coredns-8db54c48d-jsq8b,4.0,28311552
2026-09-16T14:57:48.286682+00:00,kube-system,kwok-controller-5cf8c7c44b-x7xbp,45.0,39845888
2026-09-16T14:57:48.286682+00:00,kube-system,local-path-provisioner-5d9d9885bc-vskmj,1.0,15728640
2026-09-16T14:57:48.286682+00:00,kube-system,metrics-server-75dc6f8d87-8nrhd,7.0,55574528
2026-09-16T14:57:48.286682+00:00,kube-system,svclb-traefik-7411b517-6x8cv,0.0,0
2026-09-16T14:57:48.286682+00:00,kube-system,traefik-9bcdbbd9-gmgcc,12.0,58720256
2026-09-16T14:57:48.286682+00:00,pyroscope,pyroscope-0,6.0,83886080
2026-09-16T14:57:48.286682+00:00,pyroscope,pyroscope-alloy-0,8.0,150994944
2026-09-16T14:57:54.529382+00:00,grove-system,grove-operator-646f9c68-pfjvq,34.0,187695104
2026-09-16T14:57:54.529382+00:00,kai-scheduler,admission-86666f457d-sk7lz,1.0,16777216
2026-09-16T14:57:54.529382+00:00,kai-scheduler,binder-869fc94c7-dc7lv,1.0,111149056
2026-09-16T14:57:54.529382+00:00,kai-scheduler,kai-operator-69b5d7bcf7-qxvz5,3.0,70254592
2026-09-16T14:57:54.529382+00:00,kai-scheduler,kai-scheduler-default-7f5cd888f7-lh8cb,16.0,140509184
2026-09-16T14:57:54.529382+00:00,kai-scheduler,pod-grouper-65456f756-4l2jm,1.0,11534336
2026-09-16T14:57:54.529382+00:00,kai-scheduler,podgroup-controller-68f9cc8dbf-2qvq4,1.0,11534336
2026-09-16T14:57:54.529382+00:00,kai-scheduler,queue-controller-f86fcd76c-gllp2,1.0,13631488
2026-09-16T14:57:54.529382+00:00,kube-system,coredns-8db54c48d-jsq8b,4.0,28311552
2026-09-16T14:57:54.529382+00:00,kube-system,kwok-controller-5cf8c7c44b-x7xbp,45.0,39845888
2026-09-16T14:57:54.529382+00:00,kube-system,local-path-provisioner-5d9d9885bc-vskmj,1.0,15728640
2026-09-16T14:57:54.529382+00:00,kube-system,metrics-server-75dc6f8d87-8nrhd,7.0,55574528
2026-09-16T14:57:54.529382+00:00,kube-system,svclb-traefik-7411b517-6x8cv,0.0,0
2026-09-16T14:57:54.529382+00:00,kube-system,traefik-9bcdbbd9-gmgcc,12.0,58720256
2026-09-16T14:57:54.529382+00:00,pyroscope,pyroscope-0,6.0,83886080
2026-09-16T14:57:54.529382+00:00,pyroscope,pyroscope-alloy-0,8.0,150994944
2026-09-16T14:58:00.766858+00:00,grove-system,grove-operator-646f9c68-pfjvq,35.0,189792256
2026-09-16T14:58:00.766858+00:00,kai-scheduler,admission-86666f457d-sk7lz,1.0,16777216
2026-09-16T14:58:00.766858+00:00,kai-scheduler,binder-869fc94c7-dc7lv,1.0,111149056
2026-09-16T14:58:00.766858+00:00,kai-scheduler,kai-operator-69b5d7bcf7-qxvz5,3.0,70254592
2026-09-16T14:58:00.766858+00:00,kai-scheduler,kai-scheduler-default-7f5cd888f7-lh8cb,16.0,142606336
2026-09-16T14:58:00.766858+00:00,kai-scheduler,pod-grouper-65456f756-4l2jm,1.0,11534336
2026-09-16T14:58:00.766858+00:00,kai-scheduler,podgroup-controller-68f9cc8dbf-2qvq4,1.0,11534336
2026-09-16T14:58:00.766858+00:00,kai-scheduler,queue-controller-f86fcd76c-gllp2,1.0,13631488
2026-09-16T14:58:00.766858+00:00,kube-system,coredns-8db54c48d-jsq8b,3.0,27262976
2026-09-16T14:58:00.766858+00:00,kube-system,kwok-controller-5cf8c7c44b-x7xbp,7.0,38797312
2026-09-16T14:58:00.766858+00:00,kube-system,local-path-provisioner-5d9d9885bc-vskmj,1.0,15728640
2026-09-16T14:58:00.766858+00:00,kube-system,metrics-server-75dc6f8d87-8nrhd,6.0,56623104
2026-09-16T14:58:00.766858+00:00,kube-system,svclb-traefik-7411b517-6x8cv,0.0,0
2026-09-16T14:58:00.766858+00:00,kube-system,traefik-9bcdbbd9-gmgcc,4.0,58720256
2026-09-16T14:58:00.766858+00:00,pyroscope,pyroscope-0,6.0,81788928
2026-09-16T14:58:00.766858+00:00,pyroscope,pyroscope-alloy-0,5.0,150994944
2026-09-16T14:58:07.010271+00:00,grove-system,grove-operator-646f9c68-pfjvq,35.0,189792256
2026-09-16T14:58:07.010271+00:00,kai-scheduler,admission-86666f457d-sk7lz,1.0,16777216
2026-09-16T14:58:07.010271+00:00,kai-scheduler,binder-869fc94c7-dc7lv,1.0,111149056
2026-09-16T14:58:07.010271+00:00,kai-scheduler,kai-operator-69b5d7bcf7-qxvz5,3.0,70254592
2026-09-16T14:58:07.010271+00:00,kai-scheduler,kai-scheduler-default-7f5cd888f7-lh8cb,16.0,142606336
2026-09-16T14:58:07.010271+00:00,kai-scheduler,pod-grouper-65456f756-4l2jm,1.0,11534336
2026-09-16T14:58:07.010271+00:00,kai-scheduler,podgroup-controller-68f9cc8dbf-2qvq4,1.0,11534336
2026-09-16T14:58:07.010271+00:00,kai-scheduler,queue-controller-f86fcd76c-gllp2,1.0,13631488
2026-09-16T14:58:07.010271+00:00,kube-system,coredns-8db54c48d-jsq8b,3.0,27262976
2026-09-16T14:58:07.010271+00:00,kube-system,kwok-controller-5cf8c7c44b-x7xbp,7.0,38797312
2026-09-16T14:58:07.010271+00:00,kube-system,local-path-provisioner-5d9d9885bc-vskmj,1.0,15728640
2026-09-16T14:58:07.010271+00:00,kube-system,metrics-server-75dc6f8d87-8nrhd,6.0,56623104
2026-09-16T14:58:07.010271+00:00,kube-system,svclb-traefik-7411b517-6x8cv,0.0,0
2026-09-16T14:58:07.010271+00:00,kube-system,traefik-9bcdbbd9-gmgcc,4.0,58720256
2026-09-16T14:58:07.010271+00:00,pyroscope,pyroscope-0,6.0,81788928
2026-09-16T14:58:07.010271+00:00,pyroscope,pyroscope-alloy-0,5.0,150994944
2026-09-16T14:58:13.247531+00:00,grove-system,grove-operator-646f9c68-pfjvq,36.0,187695104
2026-09-16T14:58:13.247531+00:00,kai-scheduler,admission-86666f457d-sk7lz,1.0,16777216
2026-09-16T14:58:13.247531+00:00,kai-scheduler,binder-869fc94c7-dc7lv,3.0,108003328
2026-09-16T14:58:13.247531+00:00,kai-scheduler,kai-operator-69b5d7bcf7-qxvz5,3.0,70254592
2026-09-16T14:58:13.247531+00:00,kai-scheduler,kai-scheduler-default-7f5cd888f7-lh8cb,17.0,144703488
2026-09-16T14:58:13.247531+00:00,kai-scheduler,pod-grouper-65456f756-4l2jm,1.0,11534336
2026-09-16T14:58:13.247531+00:00,kai-scheduler,podgroup-controller-68f9cc8dbf-2qvq4,1.0,11534336
2026-09-16T14:58:13.247531+00:00,kai-scheduler,queue-controller-f86fcd76c-gllp2,1.0,13631488
2026-09-16T14:58:13.247531+00:00,kube-system,coredns-8db54c48d-jsq8b,3.0,27262976
2026-09-16T14:58:13.247531+00:00,kube-system,kwok-controller-5cf8c7c44b-x7xbp,17.0,38797312
2026-09-16T14:58:13.247531+00:00,kube-system,local-path-provisioner-5d9d9885bc-vskmj,1.0,15728640
2026-09-16T14:58:13.247531+00:00,kube-system,metrics-server-75dc6f8d87-8nrhd,7.0,60817408
2026-09-16T14:58:13.247531+00:00,kube-system,svclb-traefik-7411b517-6x8cv,0.0,0
2026-09-16T14:58:13.247531+00:00,kube-system,traefik-9bcdbbd9-gmgcc,3.0,56623104
2026-09-16T14:58:13.247531+00:00,pyroscope,pyroscope-0,6.0,81788928
2026-09-16T14:58:13.247531+00:00,pyroscope,pyroscope-alloy-0,8.0,157286400
2026-09-16T14:58:19.488847+00:00,grove-system,grove-operator-646f9c68-pfjvq,36.0,187695104
2026-09-16T14:58:19.488847+00:00,kai-scheduler,admission-86666f457d-sk7lz,1.0,16777216
2026-09-16T14:58:19.488847+00:00,kai-scheduler,binder-869fc94c7-dc7lv,3.0,108003328
2026-09-16T14:58:19.488847+00:00,kai-scheduler,kai-operator-69b5d7bcf7-qxvz5,3.0,70254592
2026-09-16T14:58:19.488847+00:00,kai-scheduler,kai-scheduler-default-7f5cd888f7-lh8cb,17.0,144703488
2026-09-16T14:58:19.488847+00:00,kai-scheduler,pod-grouper-65456f756-4l2jm,1.0,11534336
2026-09-16T14:58:19.488847+00:00,kai-scheduler,podgroup-controller-68f9cc8dbf-2qvq4,1.0,11534336
2026-09-16T14:58:19.488847+00:00,kai-scheduler,queue-controller-f86fcd76c-gllp2,1.0,13631488
2026-09-16T14:58:19.488847+00:00,kube-system,coredns-8db54c48d-jsq8b,3.0,27262976
2026-09-16T14:58:19.488847+00:00,kube-system,kwok-controller-5cf8c7c44b-x7xbp,17.0,38797312
2026-09-16T14:58:19.488847+00:00,kube-system,local-path-provisioner-5d9d9885bc-vskmj,1.0,15728640
2026-09-16T14:58:19.488847+00:00,kube-system,metrics-server-75dc6f8d87-8nrhd,7.0,60817408
2026-09-16T14:58:19.488847+00:00,kube-system,svclb-traefik-7411b517-6x8cv,0.0,0
2026-09-16T14:58:19.488847+00:00,kube-system,traefik-9bcdbbd9-gmgcc,3.0,56623104
2026-09-16T14:58:19.488847+00:00,pyroscope,pyroscope-0,6.0,81788928
2026-09-16T14:58:19.488847+00:00,pyroscope,pyroscope-alloy-0,8.0,157286400
2026-09-16T14:58:25.725685+00:00,grove-system,grove-operator-646f9c68-pfjvq,36.0,187695104
2026-09-16T14:58:25.725685+00:00,kai-scheduler,admission-86666f457d-sk7lz,1.0,16777216
2026-09-16T14:58:25.725685+00:00,kai-scheduler,binder-869fc94c7-dc7lv,3.0,108003328
2026-09-16T14:58:25.725685+00:00,kai-scheduler,kai-operator-69b5d7bcf7-qxvz5,3.0,70254592
2026-09-16T14:58:25.725685+00:00,kai-scheduler,kai-scheduler-default-7f5cd888f7-lh8cb,17.0,144703488
2026-09-16T14:58:25.725685+00:00,kai-scheduler,pod-grouper-65456f756-4l2jm,1.0,11534336
2026-09-16T14:58:25.725685+00:00,kai-scheduler,podgroup-controller-68f9cc8dbf-2qvq4,1.0,11534336
2026-09-16T14:58:25.725685+00:00,kai-scheduler,queue-controller-f86fcd76c-gllp2,1.0,13631488
2026-09-16T14:58:25.725685+00:00,kube-system,coredns-8db54c48d-jsq8b,4.0,28311552
2026-09-16T14:58:25.725685+00:00,kube-system,kwok-controller-5cf8c7c44b-x7xbp,17.0,38797312
2026-09-16T14:58:25.725685+00:00,kube-system,local-path-provisioner-5d9d9885bc-vskmj,1.0,15728640
2026-09-16T14:58:25.725685+00:00,kube-system,metrics-server-75dc6f8d87-8nrhd,7.0,60817408
2026-09-16T14:58:25.725685+00:00,kube-system,svclb-traefik-7411b517-6x8cv,0.0,0
2026-09-16T14:58:25.725685+00:00,kube-system,traefik-9bcdbbd9-gmgcc,3.0,56623104
2026-09-16T14:58:25.725685+00:00,pyroscope,pyroscope-0,5.0,82837504
2026-09-16T14:58:25.725685+00:00,pyroscope,pyroscope-alloy-0,12.0,162529280
2026-09-16T14:58:31.964733+00:00,grove-system,grove-operator-646f9c68-pfjvq,35.0,187695104
2026-09-16T14:58:31.964733+00:00,kai-scheduler,admission-86666f457d-sk7lz,1.0,16777216
2026-09-16T14:58:31.964733+00:00,kai-scheduler,binder-869fc94c7-dc7lv,1.0,108003328
2026-09-16T14:58:31.964733+00:00,kai-scheduler,kai-operator-69b5d7bcf7-qxvz5,3.0,70254592
2026-09-16T14:58:31.964733+00:00,kai-scheduler,kai-scheduler-default-7f5cd888f7-lh8cb,18.0,140509184
2026-09-16T14:58:31.964733+00:00,kai-scheduler,pod-grouper-65456f756-4l2jm,1.0,11534336
2026-09-16T14:58:31.964733+00:00,kai-scheduler,podgroup-controller-68f9cc8dbf-2qvq4,1.0,11534336
2026-09-16T14:58:31.964733+00:00,kai-scheduler,queue-controller-f86fcd76c-gllp2,1.0,13631488
2026-09-16T14:58:31.964733+00:00,kube-system,coredns-8db54c48d-jsq8b,4.0,28311552
2026-09-16T14:58:31.964733+00:00,kube-system,kwok-controller-5cf8c7c44b-x7xbp,17.0,38797312
2026-09-16T14:58:31.964733+00:00,kube-system,local-path-provisioner-5d9d9885bc-vskmj,1.0,15728640
2026-09-16T14:58:31.964733+00:00,kube-system,metrics-server-75dc6f8d87-8nrhd,7.0,60817408
2026-09-16T14:58:31.964733+00:00,kube-system,svclb-traefik-7411b517-6x8cv,0.0,0
2026-09-16T14:58:31.964733+00:00,kube-system,traefik-9bcdbbd9-gmgcc,3.0,56623104
2026-09-16T14:58:31.964733+00:00,pyroscope,pyroscope-0,5.0,82837504
2026-09-16T14:58:31.964733+00:00,pyroscope,pyroscope-alloy-0,12.0,162529280
2026-09-16T14:58:38.208977+00:00,grove-system,grove-operator-646f9c68-pfjvq,35.0,187695104
2026-09-16T14:58:38.208977+00:00,kai-scheduler,admission-86666f457d-sk7lz,1.0,16777216
2026-09-16T14:58:38.208977+00:00,kai-scheduler,binder-869fc94c7-dc7lv,1.0,108003328
2026-09-16T14:58:38.208977+00:00,kai-scheduler,kai-operator-69b5d7bcf7-qxvz5,3.0,70254592
2026-09-16T14:58:38.208977+00:00,kai-scheduler,kai-scheduler-default-7f5cd888f7-lh8cb,18.0,140509184
2026-09-16T14:58:38.208977+00:00,kai-scheduler,pod-grouper-65456f756-4l2jm,1.0,11534336
2026-09-16T14:58:38.208977+00:00,kai-scheduler,podgroup-controller-68f9cc8dbf-2qvq4,1.0,11534336
2026-09-16T14:58:38.208977+00:00,kai-scheduler,queue-controller-f86fcd76c-gllp2,1.0,13631488
2026-09-16T14:58:38.208977+00:00,kube-system,coredns-8db54c48d-jsq8b,4.0,28311552
2026-09-16T14:58:38.208977+00:00,kube-system,kwok-controller-5cf8c7c44b-x7xbp,17.0,38797312
2026-09-16T14:58:38.208977+00:00,kube-system,local-path-provisioner-5d9d9885bc-vskmj,1.0,15728640
2026-09-16T14:58:38.208977+00:00,kube-system,metrics-server-75dc6f8d87-8nrhd,7.0,60817408
2026-09-16T14:58:38.208977+00:00,kube-system,svclb-traefik-7411b517-6x8cv,0.0,0
2026-09-16T14:58:38.208977+00:00,kube-system,traefik-9bcdbbd9-gmgcc,3.0,56623104
2026-09-16T14:58:38.208977+00:00,pyroscope,pyroscope-0,5.0,82837504
2026-09-16T14:58:38.208977+00:00,pyroscope,pyroscope-alloy-0,12.0,162529280
2026-09-16T14:58:44.447951+00:00,grove-system,grove-operator-646f9c68-pfjvq,33.0,187695104
2026-09-16T14:58:44.447951+00:00,kai-scheduler,admission-86666f457d-sk7lz,1.0,16777216
2026-09-16T14:58:44.447951+00:00,kai-scheduler,binder-869fc94c7-dc7lv,1.0,108003328
2026-09-16T14:58:44.447951+00:00,kai-scheduler,kai-operator-69b5d7bcf7-qxvz5,3.0,70254592
2026-09-16T14:58:44.447951+00:00,kai-scheduler,kai-scheduler-default-7f5cd888f7-lh8cb,14.0,148897792
2026-09-16T14:58:44.447951+00:00,kai-scheduler,pod-grouper-65456f756-4l2jm,1.0,11534336
2026-09-16T14:58:44.447951+00:00,kai-scheduler,podgroup-controller-68f9cc8dbf-2qvq4,1.0,11534336
2026-09-16T14:58:44.447951+00:00,kai-scheduler,queue-controller-f86fcd76c-gllp2,1.0,13631488
2026-09-16T14:58:44.447951+00:00,kube-system,coredns-8db54c48d-jsq8b,3.0,28311552
2026-09-16T14:58:44.447951+00:00,kube-system,kwok-controller-5cf8c7c44b-x7xbp,13.0,37748736
2026-09-16T14:58:44.447951+00:00,kube-system,local-path-provisioner-5d9d9885bc-vskmj,1.0,15728640
2026-09-16T14:58:44.447951+00:00,kube-system,metrics-server-75dc6f8d87-8nrhd,8.0,61865984
2026-09-16T14:58:44.447951+00:00,kube-system,svclb-traefik-7411b517-6x8cv,0.0,0
2026-09-16T14:58:44.447951+00:00,kube-system,traefik-9bcdbbd9-gmgcc,4.0,56623104
2026-09-16T14:58:44.447951+00:00,pyroscope,pyroscope-0,5.0,82837504
2026-09-16T14:58:44.447951+00:00,pyroscope,pyroscope-alloy-0,10.0,162529280
2026-09-16T14:58:50.702506+00:00,grove-system,grove-operator-646f9c68-pfjvq,33.0,187695104
2026-09-16T14:58:50.702506+00:00,kai-scheduler,admission-86666f457d-sk7lz,1.0,16777216
2026-09-16T14:58:50.702506+00:00,kai-scheduler,binder-869fc94c7-dc7lv,1.0,108003328
2026-09-16T14:58:50.702506+00:00,kai-scheduler,kai-operator-69b5d7bcf7-qxvz5,3.0,70254592
2026-09-16T14:58:50.702506+00:00,kai-scheduler,kai-scheduler-default-7f5cd888f7-lh8cb,14.0,148897792
2026-09-16T14:58:50.702506+00:00,kai-scheduler,pod-grouper-65456f756-4l2jm,1.0,11534336
2026-09-16T14:58:50.702506+00:00,kai-scheduler,podgroup-controller-68f9cc8dbf-2qvq4,1.0,11534336
2026-09-16T14:58:50.702506+00:00,kai-scheduler,queue-controller-f86fcd76c-gllp2,1.0,13631488
2026-09-16T14:58:50.702506+00:00,kube-system,coredns-8db54c48d-jsq8b,3.0,28311552
2026-09-16T14:58:50.702506+00:00,kube-system,kwok-controller-5cf8c7c44b-x7xbp,13.0,37748736
2026-09-16T14:58:50.702506+00:00,kube-system,local-path-provisioner-5d9d9885bc-vskmj,1.0,15728640
2026-09-16T14:58:50.702506+00:00,kube-system,metrics-server-75dc6f8d87-8nrhd,8.0,61865984
2026-09-16T14:58:50.702506+00:00,kube-system,svclb-traefik-7411b517-6x8cv,0.0,0
2026-09-16T14:58:50.702506+00:00,kube-system,traefik-9bcdbbd9-gmgcc,4.0,56623104
2026-09-16T14:58:50.702506+00:00,pyroscope,pyroscope-0,5.0,82837504
2026-09-16T14:58:50.702506+00:00,pyroscope,pyroscope-alloy-0,10.0,162529280
2026-09-16T14:58:56.944773+00:00,grove-system,grove-operator-646f9c68-pfjvq,32.0,182452224
2026-09-16T14:58:56.944773+00:00,kai-scheduler,admission-86666f457d-sk7lz,1.0,16777216
2026-09-16T14:58:56.944773+00:00,kai-scheduler,binder-869fc94c7-dc7lv,1.0,108003328
2026-09-16T14:58:56.944773+00:00,kai-scheduler,kai-operator-69b5d7bcf7-qxvz5,4.0,63963136
2026-09-16T14:58:56.944773+00:00,kai-scheduler,kai-scheduler-default-7f5cd888f7-lh8cb,18.0,136314880
2026-09-16T14:58:56.944773+00:00,kai-scheduler,pod-grouper-65456f756-4l2jm,1.0,11534336
2026-09-16T14:58:56.944773+00:00,kai-scheduler,podgroup-controller-68f9cc8dbf-2qvq4,1.0,11534336
2026-09-16T14:58:56.944773+00:00,kai-scheduler,queue-controller-f86fcd76c-gllp2,1.0,13631488
2026-09-16T14:58:56.944773+00:00,kube-system,coredns-8db54c48d-jsq8b,3.0,28311552
2026-09-16T14:58:56.944773+00:00,kube-system,kwok-controller-5cf8c7c44b-x7xbp,17.0,41943040
2026-09-16T14:58:56.944773+00:00,kube-system,local-path-provisioner-5d9d9885bc-vskmj,1.0,15728640
2026-09-16T14:58:56.944773+00:00,kube-system,metrics-server-75dc6f8d87-8nrhd,7.0,62914560
2026-09-16T14:58:56.944773+00:00,kube-system,svclb-traefik-7411b517-6x8cv,0.0,0
2026-09-16T14:58:56.944773+00:00,kube-system,traefik-9bcdbbd9-gmgcc,3.0,57671680
2026-09-16T14:58:56.944773+00:00,pyroscope,pyroscope-0,6.0,79691776
2026-09-16T14:58:56.944773+00:00,pyroscope,pyroscope-alloy-0,13.0,164626432
2026-09-16T14:59:03.192087+00:00,grove-system,grove-operator-646f9c68-pfjvq,32.0,182452224
2026-09-16T14:59:03.192087+00:00,kai-scheduler,admission-86666f457d-sk7lz,1.0,16777216
2026-09-16T14:59:03.192087+00:00,kai-scheduler,binder-869fc94c7-dc7lv,1.0,108003328
2026-09-16T14:59:03.192087+00:00,kai-scheduler,kai-operator-69b5d7bcf7-qxvz5,4.0,63963136
2026-09-16T14:59:03.192087+00:00,kai-scheduler,kai-scheduler-default-7f5cd888f7-lh8cb,18.0,136314880
2026-09-16T14:59:03.192087+00:00,kai-scheduler,pod-grouper-65456f756-4l2jm,1.0,11534336
2026-09-16T14:59:03.192087+00:00,kai-scheduler,podgroup-controller-68f9cc8dbf-2qvq4,1.0,11534336
2026-09-16T14:59:03.192087+00:00,kai-scheduler,queue-controller-f86fcd76c-gllp2,1.0,13631488
2026-09-16T14:59:03.192087+00:00,kube-system,coredns-8db54c48d-jsq8b,3.0,28311552
2026-09-16T14:59:03.192087+00:00,kube-system,kwok-controller-5cf8c7c44b-x7xbp,17.0,41943040
2026-09-16T14:59:03.192087+00:00,kube-system,local-path-provisioner-5d9d9885bc-vskmj,1.0,15728640
2026-09-16T14:59:03.192087+00:00,kube-system,metrics-server-75dc6f8d87-8nrhd,7.0,62914560
2026-09-16T14:59:03.192087+00:00,kube-system,svclb-traefik-7411b517-6x8cv,0.0,0
2026-09-16T14:59:03.192087+00:00,kube-system,traefik-9bcdbbd9-gmgcc,3.0,57671680
2026-09-16T14:59:03.192087+00:00,pyroscope,pyroscope-0,6.0,79691776
2026-09-16T14:59:03.192087+00:00,pyroscope,pyroscope-alloy-0,13.0,164626432
2026-09-16T14:59:09.435021+00:00,grove-system,grove-operator-646f9c68-pfjvq,32.0,182452224
2026-09-16T14:59:09.435021+00:00,kai-scheduler,admission-86666f457d-sk7lz,1.0,16777216
2026-09-16T14:59:09.435021+00:00,kai-scheduler,binder-869fc94c7-dc7lv,1.0,108003328
2026-09-16T14:59:09.435021+00:00,kai-scheduler,kai-operator-69b5d7bcf7-qxvz5,4.0,63963136
2026-09-16T14:59:09.435021+00:00,kai-scheduler,kai-scheduler-default-7f5cd888f7-lh8cb,18.0,136314880
2026-09-16T14:59:09.435021+00:00,kai-scheduler,pod-grouper-65456f756-4l2jm,1.0,11534336
2026-09-16T14:59:09.435021+00:00,kai-scheduler,podgroup-controller-68f9cc8dbf-2qvq4,1.0,11534336
2026-09-16T14:59:09.435021+00:00,kai-scheduler,queue-controller-f86fcd76c-gllp2,1.0,13631488
2026-09-16T14:59:09.435021+00:00,kube-system,coredns-8db54c48d-jsq8b,3.0,28311552
2026-09-16T14:59:09.435021+00:00,kube-system,kwok-controller-5cf8c7c44b-x7xbp,17.0,41943040
2026-09-16T14:59:09.435021+00:00,kube-system,local-path-provisioner-5d9d9885bc-vskmj,1.0,15728640
2026-09-16T14:59:09.435021+00:00,kube-system,metrics-server-75dc6f8d87-8nrhd,7.0,62914560
2026-09-16T14:59:09.435021+00:00,kube-system,svclb-traefik-7411b517-6x8cv,0.0,0
2026-09-16T14:59:09.435021+00:00,kube-system,traefik-9bcdbbd9-gmgcc,3.0,57671680
2026-09-16T14:59:09.435021+00:00,pyroscope,pyroscope-0,6.0,79691776
2026-09-16T14:59:09.435021+00:00,pyroscope,pyroscope-alloy-0,13.0,164626432
2026-09-16T14:59:15.672121+00:00,grove-system,grove-operator-646f9c68-pfjvq,20.0,184549376
2026-09-16T14:59:15.672121+00:00,kai-scheduler,admission-86666f457d-sk7lz,1.0,16777216
2026-09-16T14:59:15.672121+00:00,kai-scheduler,binder-869fc94c7-dc7lv,7.0,109051904
2026-09-16T14:59:15.672121+00:00,kai-scheduler,kai-operator-69b5d7bcf7-qxvz5,2.0,62914560
2026-09-16T14:59:15.672121+00:00,kai-scheduler,kai-scheduler-default-7f5cd888f7-lh8cb,25.0,145752064
2026-09-16T14:59:15.672121+00:00,kai-scheduler,pod-grouper-65456f756-4l2jm,1.0,11534336
2026-09-16T14:59:15.672121+00:00,kai-scheduler,podgroup-controller-68f9cc8dbf-2qvq4,1.0,11534336
2026-09-16T14:59:15.672121+00:00,kai-scheduler,queue-controller-f86fcd76c-gllp2,1.0,13631488
2026-09-16T14:59:15.672121+00:00,kube-system,coredns-8db54c48d-jsq8b,3.0,27262976
2026-09-16T14:59:15.672121+00:00,kube-system,kwok-controller-5cf8c7c44b-x7xbp,43.0,40894464
2026-09-16T14:59:15.672121+00:00,kube-system,local-path-provisioner-5d9d9885bc-vskmj,1.0,15728640
2026-09-16T14:59:15.672121+00:00,kube-system,metrics-server-75dc6f8d87-8nrhd,15.0,62914560
2026-09-16T14:59:15.672121+00:00,kube-system,svclb-traefik-7411b517-6x8cv,0.0,0
2026-09-16T14:59:15.672121+00:00,kube-system,traefik-9bcdbbd9-gmgcc,3.0,56623104
2026-09-16T14:59:15.672121+00:00,pyroscope,pyroscope-0,6.0,81788928
2026-09-16T14:59:15.672121+00:00,pyroscope,pyroscope-alloy-0,13.0,164626432
2026-09-16T14:59:21.912107+00:00,grove-system,grove-operator-646f9c68-pfjvq,20.0,184549376
2026-09-16T14:59:21.912107+00:00,kai-scheduler,admission-86666f457d-sk7lz,1.0,16777216
2026-09-16T14:59:21.912107+00:00,kai-scheduler,binder-869fc94c7-dc7lv,7.0,109051904
2026-09-16T14:59:21.912107+00:00,kai-scheduler,kai-operator-69b5d7bcf7-qxvz5,2.0,62914560
2026-09-16T14:59:21.912107+00:00,kai-scheduler,kai-scheduler-default-7f5cd888f7-lh8cb,25.0,145752064
2026-09-16T14:59:21.912107+00:00,kai-scheduler,pod-grouper-65456f756-4l2jm,1.0,11534336
2026-09-16T14:59:21.912107+00:00,kai-scheduler,podgroup-controller-68f9cc8dbf-2qvq4,1.0,11534336
2026-09-16T14:59:21.912107+00:00,kai-scheduler,queue-controller-f86fcd76c-gllp2,1.0,13631488
2026-09-16T14:59:21.912107+00:00,kube-system,coredns-8db54c48d-jsq8b,3.0,27262976
2026-09-16T14:59:21.912107+00:00,kube-system,kwok-controller-5cf8c7c44b-x7xbp,43.0,40894464
2026-09-16T14:59:21.912107+00:00,kube-system,local-path-provisioner-5d9d9885bc-vskmj,1.0,15728640
2026-09-16T14:59:21.912107+00:00,kube-system,metrics-server-75dc6f8d87-8nrhd,15.0,62914560
2026-09-16T14:59:21.912107+00:00,kube-system,svclb-traefik-7411b517-6x8cv,0.0,0
2026-09-16T14:59:21.912107+00:00,kube-system,traefik-9bcdbbd9-gmgcc,3.0,56623104
2026-09-16T14:59:21.912107+00:00,pyroscope,pyroscope-0,6.0,81788928
2026-09-16T14:59:21.912107+00:00,pyroscope,pyroscope-alloy-0,13.0,164626432
2026-09-16T14:59:28.155925+00:00,grove-system,grove-operator-646f9c68-pfjvq,24.0,181403648
2026-09-16T14:59:28.155925+00:00,kai-scheduler,admission-86666f457d-sk7lz,1.0,16777216
2026-09-16T14:59:28.155925+00:00,kai-scheduler,binder-869fc94c7-dc7lv,22.0,106954752
2026-09-16T14:59:28.155925+00:00,kai-scheduler,kai-operator-69b5d7bcf7-qxvz5,1.0,62914560
2026-09-16T14:59:28.155925+00:00,kai-scheduler,kai-scheduler-default-7f5cd888f7-lh8cb,26.0,144703488
2026-09-16T14:59:28.155925+00:00,kai-scheduler,pod-grouper-65456f756-4l2jm,1.0,11534336
2026-09-16T14:59:28.155925+00:00,kai-scheduler,podgroup-controller-68f9cc8dbf-2qvq4,1.0,11534336
2026-09-16T14:59:28.155925+00:00,kai-scheduler,queue-controller-f86fcd76c-gllp2,1.0,13631488
2026-09-16T14:59:28.155925+00:00,kube-system,coredns-8db54c48d-jsq8b,3.0,27262976
2026-09-16T14:59:28.155925+00:00,kube-system,kwok-controller-5cf8c7c44b-x7xbp,43.0,40894464
2026-09-16T14:59:28.155925+00:00,kube-system,local-path-provisioner-5d9d9885bc-vskmj,1.0,15728640
2026-09-16T14:59:28.155925+00:00,kube-system,metrics-server-75dc6f8d87-8nrhd,18.0,63963136
2026-09-16T14:59:28.155925+00:00,kube-system,svclb-traefik-7411b517-6x8cv,0.0,0
2026-09-16T14:59:28.155925+00:00,kube-system,traefik-9bcdbbd9-gmgcc,4.0,59768832
2026-09-16T14:59:28.155925+00:00,pyroscope,pyroscope-0,6.0,78643200
2026-09-16T14:59:28.155925+00:00,pyroscope,pyroscope-alloy-0,31.0,167772160
2026-09-16T14:59:34.396002+00:00,grove-system,grove-operator-646f9c68-pfjvq,24.0,181403648
2026-09-16T14:59:34.396002+00:00,kai-scheduler,admission-86666f457d-sk7lz,1.0,16777216
2026-09-16T14:59:34.396002+00:00,kai-scheduler,binder-869fc94c7-dc7lv,22.0,106954752
2026-09-16T14:59:34.396002+00:00,kai-scheduler,kai-operator-69b5d7bcf7-qxvz5,1.0,62914560
2026-09-16T14:59:34.396002+00:00,kai-scheduler,kai-scheduler-default-7f5cd888f7-lh8cb,26.0,144703488
2026-09-16T14:59:34.396002+00:00,kai-scheduler,pod-grouper-65456f756-4l2jm,1.0,11534336
2026-09-16T14:59:34.396002+00:00,kai-scheduler,podgroup-controller-68f9cc8dbf-2qvq4,1.0,11534336
2026-09-16T14:59:34.396002+00:00,kai-scheduler,queue-controller-f86fcd76c-gllp2,1.0,13631488
2026-09-16T14:59:34.396002+00:00,kube-system,coredns-8db54c48d-jsq8b,3.0,27262976
2026-09-16T14:59:34.396002+00:00,kube-system,kwok-controller-5cf8c7c44b-x7xbp,43.0,40894464
2026-09-16T14:59:34.396002+00:00,kube-system,local-path-provisioner-5d9d9885bc-vskmj,1.0,15728640
2026-09-16T14:59:34.396002+00:00,kube-system,metrics-server-75dc6f8d87-8nrhd,18.0,63963136
2026-09-16T14:59:34.396002+00:00,kube-system,svclb-traefik-7411b517-6x8cv,0.0,0
2026-09-16T14:59:34.396002+00:00,kube-system,traefik-9bcdbbd9-gmgcc,4.0,59768832
2026-09-16T14:59:34.396002+00:00,pyroscope,pyroscope-0,6.0,78643200
2026-09-16T14:59:34.396002+00:00,pyroscope,pyroscope-alloy-0,31.0,167772160
2026-09-16T14:59:40.632540+00:00,grove-system,grove-operator-646f9c68-pfjvq,24.0,181403648
2026-09-16T14:59:40.632540+00:00,kai-scheduler,admission-86666f457d-sk7lz,1.0,16777216
2026-09-16T14:59:40.632540+00:00,kai-scheduler,binder-869fc94c7-dc7lv,22.0,106954752
2026-09-16T14:59:40.632540+00:00,kai-scheduler,kai-operator-69b5d7bcf7-qxvz5,1.0,62914560
2026-09-16T14:59:40.632540+00:00,kai-scheduler,kai-scheduler-default-7f5cd888f7-lh8cb,26.0,144703488
2026-09-16T14:59:40.632540+00:00,kai-scheduler,pod-grouper-65456f756-4l2jm,1.0,11534336
2026-09-16T14:59:40.632540+00:00,kai-scheduler,podgroup-controller-68f9cc8dbf-2qvq4,1.0,11534336
2026-09-16T14:59:40.632540+00:00,kai-scheduler,queue-controller-f86fcd76c-gllp2,1.0,13631488
2026-09-16T14:59:40.632540+00:00,kube-system,coredns-8db54c48d-jsq8b,3.0,27262976
2026-09-16T14:59:40.632540+00:00,kube-system,kwok-controller-5cf8c7c44b-x7xbp,43.0,40894464
2026-09-16T14:59:40.632540+00:00,kube-system,local-path-provisioner-5d9d9885bc-vskmj,1.0,15728640
2026-09-16T14:59:40.632540+00:00,kube-system,metrics-server-75dc6f8d87-8nrhd,18.0,63963136
2026-09-16T14:59:40.632540+00:00,kube-system,svclb-traefik-7411b517-6x8cv,0.0,0
2026-09-16T14:59:40.632540+00:00,kube-system,traefik-9bcdbbd9-gmgcc,4.0,59768832
2026-09-16T14:59:40.632540+00:00,pyroscope,pyroscope-0,6.0,78643200
2026-09-16T14:59:40.632540+00:00,pyroscope,pyroscope-alloy-0,31.0,167772160
2026-09-16T14:59:46.878481+00:00,grove-system,grove-operator-646f9c68-pfjvq,22.0,178257920
2026-09-16T14:59:46.878481+00:00,kai-scheduler,admission-86666f457d-sk7lz,1.0,16777216
2026-09-16T14:59:46.878481+00:00,kai-scheduler,binder-869fc94c7-dc7lv,22.0,109051904
2026-09-16T14:59:46.878481+00:00,kai-scheduler,kai-operator-69b5d7bcf7-qxvz5,1.0,62914560
2026-09-16T14:59:46.878481+00:00,kai-scheduler,kai-scheduler-default-7f5cd888f7-lh8cb,25.0,114294784
2026-09-16T14:59:46.878481+00:00,kai-scheduler,pod-grouper-65456f756-4l2jm,1.0,11534336
2026-09-16T14:59:46.878481+00:00,kai-scheduler,podgroup-controller-68f9cc8dbf-2qvq4,1.0,11534336
2026-09-16T14:59:46.878481+00:00,kai-scheduler,queue-controller-f86fcd76c-gllp2,1.0,13631488
2026-09-16T14:59:46.878481+00:00,kube-system,coredns-8db54c48d-jsq8b,3.0,27262976
2026-09-16T14:59:46.878481+00:00,kube-system,kwok-controller-5cf8c7c44b-x7xbp,46.0,41943040
2026-09-16T14:59:46.878481+00:00,kube-system,local-path-provisioner-5d9d9885bc-vskmj,1.0,15728640
2026-09-16T14:59:46.878481+00:00,kube-system,metrics-server-75dc6f8d87-8nrhd,18.0,62914560
2026-09-16T14:59:46.878481+00:00,kube-system,svclb-traefik-7411b517-6x8cv,0.0,0
2026-09-16T14:59:46.878481+00:00,kube-system,traefik-9bcdbbd9-gmgcc,4.0,60817408
2026-09-16T14:59:46.878481+00:00,pyroscope,pyroscope-0,6.0,78643200
2026-09-16T14:59:46.878481+00:00,pyroscope,pyroscope-alloy-0,31.0,158334976
2026-09-16T14:59:53.114285+00:00,grove-system,grove-operator-646f9c68-pfjvq,22.0,178257920
2026-09-16T14:59:53.114285+00:00,kai-scheduler,admission-86666f457d-sk7lz,1.0,16777216
2026-09-16T14:59:53.114285+00:00,kai-scheduler,binder-869fc94c7-dc7lv,22.0,109051904
2026-09-16T14:59:53.114285+00:00,kai-scheduler,kai-operator-69b5d7bcf7-qxvz5,1.0,62914560
2026-09-16T14:59:53.114285+00:00,kai-scheduler,kai-scheduler-default-7f5cd888f7-lh8cb,25.0,114294784
2026-09-16T14:59:53.114285+00:00,kai-scheduler,pod-grouper-65456f756-4l2jm,1.0,11534336
2026-09-16T14:59:53.114285+00:00,kai-scheduler,podgroup-controller-68f9cc8dbf-2qvq4,1.0,11534336
2026-09-16T14:59:53.114285+00:00,kai-scheduler,queue-controller-f86fcd76c-gllp2,1.0,13631488
2026-09-16T14:59:53.114285+00:00,kube-system,coredns-8db54c48d-jsq8b,3.0,27262976
2026-09-16T14:59:53.114285+00:00,kube-system,kwok-controller-5cf8c7c44b-x7xbp,46.0,41943040
2026-09-16T14:59:53.114285+00:00,kube-system,local-path-provisioner-5d9d9885bc-vskmj,1.0,15728640
2026-09-16T14:59:53.114285+00:00,kube-system,metrics-server-75dc6f8d87-8nrhd,18.0,62914560
2026-09-16T14:59:53.114285+00:00,kube-system,svclb-traefik-7411b517-6x8cv,0.0,0
2026-09-16T14:59:53.114285+00:00,kube-system,traefik-9bcdbbd9-gmgcc,4.0,60817408
2026-09-16T14:59:53.114285+00:00,pyroscope,pyroscope-0,6.0,78643200
2026-09-16T14:59:53.114285+00:00,pyroscope,pyroscope-alloy-0,31.0,158334976
2026-09-16T14:59:59.352086+00:00,grove-system,grove-operator-646f9c68-pfjvq,20.0,176160768
2026-09-16T14:59:59.352086+00:00,kai-scheduler,admission-86666f457d-sk7lz,1.0,16777216
2026-09-16T14:59:59.352086+00:00,kai-scheduler,binder-869fc94c7-dc7lv,22.0,109051904
2026-09-16T14:59:59.352086+00:00,kai-scheduler,kai-operator-69b5d7bcf7-qxvz5,1.0,62914560
2026-09-16T14:59:59.352086+00:00,kai-scheduler,kai-scheduler-default-7f5cd888f7-lh8cb,24.0,122683392
2026-09-16T14:59:59.352086+00:00,kai-scheduler,pod-grouper-65456f756-4l2jm,1.0,11534336
2026-09-16T14:59:59.352086+00:00,kai-scheduler,podgroup-controller-68f9cc8dbf-2qvq4,1.0,11534336
2026-09-16T14:59:59.352086+00:00,kai-scheduler,queue-controller-f86fcd76c-gllp2,1.0,13631488
2026-09-16T14:59:59.352086+00:00,kube-system,coredns-8db54c48d-jsq8b,4.0,27262976
2026-09-16T14:59:59.352086+00:00,kube-system,kwok-controller-5cf8c7c44b-x7xbp,39.0,39845888
2026-09-16T14:59:59.352086+00:00,kube-system,local-path-provisioner-5d9d9885bc-vskmj,1.0,15728640
2026-09-16T14:59:59.352086+00:00,kube-system,metrics-server-75dc6f8d87-8nrhd,18.0,63963136
2026-09-16T14:59:59.352086+00:00,kube-system,svclb-traefik-7411b517-6x8cv,0.0,0
2026-09-16T14:59:59.352086+00:00,kube-system,traefik-9bcdbbd9-gmgcc,3.0,60817408
2026-09-16T14:59:59.352086+00:00,pyroscope,pyroscope-0,5.0,81788928
2026-09-16T14:59:59.352086+00:00,pyroscope,pyroscope-alloy-0,31.0,158334976
2026-09-16T15:00:05.595178+00:00,grove-system,grove-operator-646f9c68-pfjvq,20.0,176160768
2026-09-16T15:00:05.595178+00:00,kai-scheduler,admission-86666f457d-sk7lz,1.0,16777216
2026-09-16T15:00:05.595178+00:00,kai-scheduler,binder-869fc94c7-dc7lv,22.0,109051904
2026-09-16T15:00:05.595178+00:00,kai-scheduler,kai-operator-69b5d7bcf7-qxvz5,1.0,62914560
2026-09-16T15:00:05.595178+00:00,kai-scheduler,kai-scheduler-default-7f5cd888f7-lh8cb,24.0,122683392
2026-09-16T15:00:05.595178+00:00,kai-scheduler,pod-grouper-65456f756-4l2jm,1.0,11534336
2026-09-16T15:00:05.595178+00:00,kai-scheduler,podgroup-controller-68f9cc8dbf-2qvq4,1.0,11534336
2026-09-16T15:00:05.595178+00:00,kai-scheduler,queue-controller-f86fcd76c-gllp2,1.0,13631488
2026-09-16T15:00:05.595178+00:00,kube-system,coredns-8db54c48d-jsq8b,4.0,27262976
2026-09-16T15:00:05.595178+00:00,kube-system,kwok-controller-5cf8c7c44b-x7xbp,39.0,39845888
2026-09-16T15:00:05.595178+00:00,kube-system,local-path-provisioner-5d9d9885bc-vskmj,1.0,15728640
2026-09-16T15:00:05.595178+00:00,kube-system,metrics-server-75dc6f8d87-8nrhd,18.0,63963136
2026-09-16T15:00:05.595178+00:00,kube-system,svclb-traefik-7411b517-6x8cv,0.0,0
2026-09-16T15:00:05.595178+00:00,kube-system,traefik-9bcdbbd9-gmgcc,3.0,60817408
2026-09-16T15:00:05.595178+00:00,pyroscope,pyroscope-0,5.0,81788928
2026-09-16T15:00:05.595178+00:00,pyroscope,pyroscope-alloy-0,31.0,158334976
2026-09-16T15:00:11.832480+00:00,grove-system,grove-operator-646f9c68-pfjvq,19.0,176160768
2026-09-16T15:00:11.832480+00:00,kai-scheduler,admission-86666f457d-sk7lz,1.0,16777216
2026-09-16T15:00:11.832480+00:00,kai-scheduler,binder-869fc94c7-dc7lv,23.0,101711872
2026-09-16T15:00:11.832480+00:00,kai-scheduler,kai-operator-69b5d7bcf7-qxvz5,1.0,62914560
2026-09-16T15:00:11.832480+00:00,kai-scheduler,kai-scheduler-default-7f5cd888f7-lh8cb,21.0,122683392
2026-09-16T15:00:11.832480+00:00,kai-scheduler,pod-grouper-65456f756-4l2jm,1.0,11534336
2026-09-16T15:00:11.832480+00:00,kai-scheduler,podgroup-controller-68f9cc8dbf-2qvq4,1.0,11534336
2026-09-16T15:00:11.832480+00:00,kai-scheduler,queue-controller-f86fcd76c-gllp2,1.0,13631488
2026-09-16T15:00:11.832480+00:00,kube-system,coredns-8db54c48d-jsq8b,4.0,28311552
2026-09-16T15:00:11.832480+00:00,kube-system,kwok-controller-5cf8c7c44b-x7xbp,43.0,40894464
2026-09-16T15:00:11.832480+00:00,kube-system,local-path-provisioner-5d9d9885bc-vskmj,1.0,15728640
2026-09-16T15:00:11.832480+00:00,kube-system,metrics-server-75dc6f8d87-8nrhd,18.0,60817408
2026-09-16T15:00:11.832480+00:00,kube-system,svclb-traefik-7411b517-6x8cv,0.0,0
2026-09-16T15:00:11.832480+00:00,kube-system,traefik-9bcdbbd9-gmgcc,3.0,60817408
2026-09-16T15:00:11.832480+00:00,pyroscope,pyroscope-0,6.0,81788928
2026-09-16T15:00:11.832480+00:00,pyroscope,pyroscope-alloy-0,26.0,153092096
2026-09-16T15:00:18.072182+00:00,grove-system,grove-operator-646f9c68-pfjvq,19.0,176160768
2026-09-16T15:00:18.072182+00:00,kai-scheduler,admission-86666f457d-sk7lz,1.0,16777216
2026-09-16T15:00:18.072182+00:00,kai-scheduler,binder-869fc94c7-dc7lv,23.0,101711872
2026-09-16T15:00:18.072182+00:00,kai-scheduler,kai-operator-69b5d7bcf7-qxvz5,1.0,62914560
2026-09-16T15:00:18.072182+00:00,kai-scheduler,kai-scheduler-default-7f5cd888f7-lh8cb,21.0,122683392
2026-09-16T15:00:18.072182+00:00,kai-scheduler,pod-grouper-65456f756-4l2jm,1.0,11534336
2026-09-16T15:00:18.072182+00:00,kai-scheduler,podgroup-controller-68f9cc8dbf-2qvq4,1.0,11534336
2026-09-16T15:00:18.072182+00:00,kai-scheduler,queue-controller-f86fcd76c-gllp2,1.0,13631488
2026-09-16T15:00:18.072182+00:00,kube-system,coredns-8db54c48d-jsq8b,4.0,28311552
2026-09-16T15:00:18.072182+00:00,kube-system,kwok-controller-5cf8c7c44b-x7xbp,43.0,40894464
2026-09-16T15:00:18.072182+00:00,kube-system,local-path-provisioner-5d9d9885bc-vskmj,1.0,15728640
2026-09-16T15:00:18.072182+00:00,kube-system,metrics-server-75dc6f8d87-8nrhd,18.0,60817408
2026-09-16T15:00:18.072182+00:00,kube-system,svclb-traefik-7411b517-6x8cv,0.0,0
2026-09-16T15:00:18.072182+00:00,kube-system,traefik-9bcdbbd9-gmgcc,3.0,60817408
2026-09-16T15:00:18.072182+00:00,pyroscope,pyroscope-0,6.0,81788928
2026-09-16T15:00:18.072182+00:00,pyroscope,pyroscope-alloy-0,26.0,153092096
2026-09-16T15:00:24.316214+00:00,grove-system,grove-operator-646f9c68-pfjvq,19.0,176160768
2026-09-16T15:00:24.316214+00:00,kai-scheduler,admission-86666f457d-sk7lz,1.0,16777216
2026-09-16T15:00:24.316214+00:00,kai-scheduler,binder-869fc94c7-dc7lv,23.0,101711872
2026-09-16T15:00:24.316214+00:00,kai-scheduler,kai-operator-69b5d7bcf7-qxvz5,1.0,62914560
2026-09-16T15:00:24.316214+00:00,kai-scheduler,kai-scheduler-default-7f5cd888f7-lh8cb,21.0,122683392
2026-09-16T15:00:24.316214+00:00,kai-scheduler,pod-grouper-65456f756-4l2jm,1.0,11534336
2026-09-16T15:00:24.316214+00:00,kai-scheduler,podgroup-controller-68f9cc8dbf-2qvq4,1.0,11534336
2026-09-16T15:00:24.316214+00:00,kai-scheduler,queue-controller-f86fcd76c-gllp2,1.0,13631488
2026-09-16T15:00:24.316214+00:00,kube-system,coredns-8db54c48d-jsq8b,4.0,28311552
2026-09-16T15:00:24.316214+00:00,kube-system,kwok-controller-5cf8c7c44b-x7xbp,43.0,40894464
2026-09-16T15:00:24.316214+00:00,kube-system,local-path-provisioner-5d9d9885bc-vskmj,1.0,15728640
2026-09-16T15:00:24.316214+00:00,kube-system,metrics-server-75dc6f8d87-8nrhd,18.0,60817408
2026-09-16T15:00:24.316214+00:00,kube-system,svclb-traefik-7411b517-6x8cv,0.0,0
2026-09-16T15:00:24.316214+00:00,kube-system,traefik-9bcdbbd9-gmgcc,3.0,60817408
2026-09-16T15:00:24.316214+00:00,pyroscope,pyroscope-0,6.0,81788928
2026-09-16T15:00:24.316214+00:00,pyroscope,pyroscope-alloy-0,26.0,153092096
2026-09-16T15:00:30.550890+00:00,grove-system,grove-operator-646f9c68-pfjvq,24.0,173015040
2026-09-16T15:00:30.550890+00:00,kai-scheduler,admission-86666f457d-sk7lz,1.0,16777216
2026-09-16T15:00:30.550890+00:00,kai-scheduler,binder-869fc94c7-dc7lv,22.0,100663296
2026-09-16T15:00:30.550890+00:00,kai-scheduler,kai-operator-69b5d7bcf7-qxvz5,1.0,62914560
2026-09-16T15:00:30.550890+00:00,kai-scheduler,kai-scheduler-default-7f5cd888f7-lh8cb,19.0,116391936
2026-09-16T15:00:30.550890+00:00,kai-scheduler,pod-grouper-65456f756-4l2jm,1.0,11534336
2026-09-16T15:00:30.550890+00:00,kai-scheduler,podgroup-controller-68f9cc8dbf-2qvq4,1.0,11534336
2026-09-16T15:00:30.550890+00:00,kai-scheduler,queue-controller-f86fcd76c-gllp2,1.0,13631488
2026-09-16T15:00:30.550890+00:00,kube-system,coredns-8db54c48d-jsq8b,3.0,28311552
2026-09-16T15:00:30.550890+00:00,kube-system,kwok-controller-5cf8c7c44b-x7xbp,43.0,40894464
2026-09-16T15:00:30.550890+00:00,kube-system,local-path-provisioner-5d9d9885bc-vskmj,1.0,15728640
2026-09-16T15:00:30.550890+00:00,kube-system,metrics-server-75dc6f8d87-8nrhd,16.0,60817408
2026-09-16T15:00:30.550890+00:00,kube-system,svclb-traefik-7411b517-6x8cv,0.0,0
2026-09-16T15:00:30.550890+00:00,kube-system,traefik-9bcdbbd9-gmgcc,3.0,60817408
2026-09-16T15:00:30.550890+00:00,pyroscope,pyroscope-0,6.0,78643200
2026-09-16T15:00:30.550890+00:00,pyroscope,pyroscope-alloy-0,24.0,152043520
2026-09-16T15:00:36.786598+00:00,grove-system,grove-operator-646f9c68-pfjvq,24.0,173015040
2026-09-16T15:00:36.786598+00:00,kai-scheduler,admission-86666f457d-sk7lz,1.0,16777216
2026-09-16T15:00:36.786598+00:00,kai-scheduler,binder-869fc94c7-dc7lv,22.0,100663296
2026-09-16T15:00:36.786598+00:00,kai-scheduler,kai-operator-69b5d7bcf7-qxvz5,1.0,62914560
2026-09-16T15:00:36.786598+00:00,kai-scheduler,kai-scheduler-default-7f5cd888f7-lh8cb,19.0,116391936
2026-09-16T15:00:36.786598+00:00,kai-scheduler,pod-grouper-65456f756-4l2jm,1.0,11534336
2026-09-16T15:00:36.786598+00:00,kai-scheduler,podgroup-controller-68f9cc8dbf-2qvq4,1.0,11534336
2026-09-16T15:00:36.786598+00:00,kai-scheduler,queue-controller-f86fcd76c-gllp2,1.0,13631488
2026-09-16T15:00:36.786598+00:00,kube-system,coredns-8db54c48d-jsq8b,3.0,28311552
2026-09-16T15:00:36.786598+00:00,kube-system,kwok-controller-5cf8c7c44b-x7xbp,43.0,40894464
2026-09-16T15:00:36.786598+00:00,kube-system,local-path-provisioner-5d9d9885bc-vskmj,1.0,15728640
2026-09-16T15:00:36.786598+00:00,kube-system,metrics-server-75dc6f8d87-8nrhd,16.0,60817408
2026-09-16T15:00:36.786598+00:00,kube-system,svclb-traefik-7411b517-6x8cv,0.0,0
2026-09-16T15:00:36.786598+00:00,kube-system,traefik-9bcdbbd9-gmgcc,3.0,60817408
2026-09-16T15:00:36.786598+00:00,pyroscope,pyroscope-0,6.0,78643200
2026-09-16T15:00:36.786598+00:00,pyroscope,pyroscope-alloy-0,24.0,152043520
2026-09-16T15:00:43.025832+00:00,grove-system,grove-operator-646f9c68-pfjvq,21.0,167772160
2026-09-16T15:00:43.025832+00:00,kai-scheduler,admission-86666f457d-sk7lz,1.0,16777216
2026-09-16T15:00:43.025832+00:00,kai-scheduler,binder-869fc94c7-dc7lv,23.0,90177536
2026-09-16T15:00:43.025832+00:00,kai-scheduler,kai-operator-69b5d7bcf7-qxvz5,1.0,62914560
2026-09-16T15:00:43.025832+00:00,kai-scheduler,kai-scheduler-default-7f5cd888f7-lh8cb,18.0,88080384
2026-09-16T15:00:43.025832+00:00,kai-scheduler,pod-grouper-65456f756-4l2jm,1.0,11534336
2026-09-16T15:00:43.025832+00:00,kai-scheduler,podgroup-controller-68f9cc8dbf-2qvq4,1.0,11534336
2026-09-16T15:00:43.025832+00:00,kai-scheduler,queue-controller-f86fcd76c-gllp2,1.0,13631488
2026-09-16T15:00:43.025832+00:00,kube-system,coredns-8db54c48d-jsq8b,3.0,27262976
2026-09-16T15:00:43.025832+00:00,kube-system,kwok-controller-5cf8c7c44b-x7xbp,42.0,41943040
2026-09-16T15:00:43.025832+00:00,kube-system,local-path-provisioner-5d9d9885bc-vskmj,1.0,15728640
2026-09-16T15:00:43.025832+00:00,kube-system,metrics-server-75dc6f8d87-8nrhd,17.0,59768832
2026-09-16T15:00:43.025832+00:00,kube-system,svclb-traefik-7411b517-6x8cv,0.0,0
2026-09-16T15:00:43.025832+00:00,kube-system,traefik-9bcdbbd9-gmgcc,3.0,60817408
2026-09-16T15:00:43.025832+00:00,pyroscope,pyroscope-0,6.0,80740352
2026-09-16T15:00:43.025832+00:00,pyroscope,pyroscope-alloy-0,28.0,140509184
2026-09-16T15:00:49.267408+00:00,grove-system,grove-operator-646f9c68-pfjvq,21.0,167772160
2026-09-16T15:00:49.267408+00:00,kai-scheduler,admission-86666f457d-sk7lz,1.0,16777216
2026-09-16T15:00:49.267408+00:00,kai-scheduler,binder-869fc94c7-dc7lv,23.0,90177536
2026-09-16T15:00:49.267408+00:00,kai-scheduler,kai-operator-69b5d7bcf7-qxvz5,1.0,62914560
2026-09-16T15:00:49.267408+00:00,kai-scheduler,kai-scheduler-default-7f5cd888f7-lh8cb,18.0,88080384
2026-09-16T15:00:49.267408+00:00,kai-scheduler,pod-grouper-65456f756-4l2jm,1.0,11534336
2026-09-16T15:00:49.267408+00:00,kai-scheduler,podgroup-controller-68f9cc8dbf-2qvq4,1.0,11534336
2026-09-16T15:00:49.267408+00:00,kai-scheduler,queue-controller-f86fcd76c-gllp2,1.0,13631488
2026-09-16T15:00:49.267408+00:00,kube-system,coredns-8db54c48d-jsq8b,3.0,27262976
2026-09-16T15:00:49.267408+00:00,kube-system,kwok-controller-5cf8c7c44b-x7xbp,42.0,41943040
2026-09-16T15:00:49.267408+00:00,kube-system,local-path-provisioner-5d9d9885bc-vskmj,1.0,15728640
2026-09-16T15:00:49.267408+00:00,kube-system,metrics-server-75dc6f8d87-8nrhd,17.0,59768832
2026-09-16T15:00:49.267408+00:00,kube-system,svclb-traefik-7411b517-6x8cv,0.0,0
2026-09-16T15:00:49.267408+00:00,kube-system,traefik-9bcdbbd9-gmgcc,3.0,60817408
2026-09-16T15:00:49.267408+00:00,pyroscope,pyroscope-0,6.0,80740352
2026-09-16T15:00:49.267408+00:00,pyroscope,pyroscope-alloy-0,28.0,140509184
2026-09-16T15:00:55.547467+00:00,grove-system,grove-operator-646f9c68-pfjvq,21.0,167772160
2026-09-16T15:00:55.547467+00:00,kai-scheduler,admission-86666f457d-sk7lz,1.0,16777216
2026-09-16T15:00:55.547467+00:00,kai-scheduler,binder-869fc94c7-dc7lv,23.0,90177536
2026-09-16T15:00:55.547467+00:00,kai-scheduler,kai-operator-69b5d7bcf7-qxvz5,1.0,62914560
2026-09-16T15:00:55.547467+00:00,kai-scheduler,kai-scheduler-default-7f5cd888f7-lh8cb,18.0,88080384
2026-09-16T15:00:55.547467+00:00,kai-scheduler,pod-grouper-65456f756-4l2jm,1.0,11534336
2026-09-16T15:00:55.547467+00:00,kai-scheduler,podgroup-controller-68f9cc8dbf-2qvq4,1.0,11534336
2026-09-16T15:00:55.547467+00:00,kai-scheduler,queue-controller-f86fcd76c-gllp2,1.0,13631488
2026-09-16T15:00:55.547467+00:00,kube-system,coredns-8db54c48d-jsq8b,3.0,27262976
2026-09-16T15:00:55.547467+00:00,kube-system,kwok-controller-5cf8c7c44b-x7xbp,42.0,41943040
2026-09-16T15:00:55.547467+00:00,kube-system,local-path-provisioner-5d9d9885bc-vskmj,1.0,15728640
2026-09-16T15:00:55.547467+00:00,kube-system,metrics-server-75dc6f8d87-8nrhd,17.0,59768832
2026-09-16T15:00:55.547467+00:00,kube-system,svclb-traefik-7411b517-6x8cv,0.0,0
2026-09-16T15:00:55.547467+00:00,kube-system,traefik-9bcdbbd9-gmgcc,3.0,60817408
2026-09-16T15:00:55.547467+00:00,pyroscope,pyroscope-0,6.0,80740352
2026-09-16T15:00:55.547467+00:00,pyroscope,pyroscope-alloy-0,28.0,140509184
2026-09-16T15:01:01.796804+00:00,grove-system,grove-operator-646f9c68-pfjvq,17.0,159383552
2026-09-16T15:01:01.796804+00:00,kai-scheduler,admission-86666f457d-sk7lz,1.0,16777216
2026-09-16T15:01:01.796804+00:00,kai-scheduler,binder-869fc94c7-dc7lv,27.0,75497472
2026-09-16T15:01:01.796804+00:00,kai-scheduler,kai-operator-69b5d7bcf7-qxvz5,18.0,66060288
2026-09-16T15:01:01.796804+00:00,kai-scheduler,kai-scheduler-default-7f5cd888f7-lh8cb,22.0,88080384
2026-09-16T15:01:01.796804+00:00,kai-scheduler,pod-grouper-65456f756-4l2jm,1.0,11534336
2026-09-16T15:01:01.796804+00:00,kai-scheduler,podgroup-controller-68f9cc8dbf-2qvq4,1.0,11534336
2026-09-16T15:01:01.796804+00:00,kai-scheduler,queue-controller-f86fcd76c-gllp2,1.0,13631488
2026-09-16T15:01:01.796804+00:00,kube-system,coredns-8db54c48d-jsq8b,10.0,27262976
2026-09-16T15:01:01.796804+00:00,kube-system,kwok-controller-5cf8c7c44b-x7xbp,40.0,40894464
2026-09-16T15:01:01.796804+00:00,kube-system,local-path-provisioner-5d9d9885bc-vskmj,1.0,15728640
2026-09-16T15:01:01.796804+00:00,kube-system,metrics-server-75dc6f8d87-8nrhd,18.0,58720256
2026-09-16T15:01:01.796804+00:00,kube-system,svclb-traefik-7411b517-6x8cv,0.0,0
2026-09-16T15:01:01.796804+00:00,kube-system,traefik-9bcdbbd9-gmgcc,30.0,54525952
2026-09-16T15:01:01.796804+00:00,pyroscope,pyroscope-0,9.0,100663296
2026-09-16T15:01:01.796804+00:00,pyroscope,pyroscope-alloy-0,17.0,143654912
2026-09-16T15:01:08.040229+00:00,grove-system,grove-operator-646f9c68-pfjvq,17.0,159383552
2026-09-16T15:01:08.040229+00:00,kai-scheduler,admission-86666f457d-sk7lz,1.0,16777216
2026-09-16T15:01:08.040229+00:00,kai-scheduler,binder-869fc94c7-dc7lv,27.0,75497472
2026-09-16T15:01:08.040229+00:00,kai-scheduler,kai-operator-69b5d7bcf7-qxvz5,18.0,66060288
2026-09-16T15:01:08.040229+00:00,kai-scheduler,kai-scheduler-default-7f5cd888f7-lh8cb,22.0,88080384
2026-09-16T15:01:08.040229+00:00,kai-scheduler,pod-grouper-65456f756-4l2jm,1.0,11534336
2026-09-16T15:01:08.040229+00:00,kai-scheduler,podgroup-controller-68f9cc8dbf-2qvq4,1.0,11534336
2026-09-16T15:01:08.040229+00:00,kai-scheduler,queue-controller-f86fcd76c-gllp2,1.0,13631488
2026-09-16T15:01:08.040229+00:00,kube-system,coredns-8db54c48d-jsq8b,10.0,27262976
2026-09-16T15:01:08.040229+00:00,kube-system,kwok-controller-5cf8c7c44b-x7xbp,40.0,40894464
2026-09-16T15:01:08.040229+00:00,kube-system,local-path-provisioner-5d9d9885bc-vskmj,1.0,15728640
2026-09-16T15:01:08.040229+00:00,kube-system,metrics-server-75dc6f8d87-8nrhd,18.0,58720256
2026-09-16T15:01:08.040229+00:00,kube-system,svclb-traefik-7411b517-6x8cv,0.0,0
2026-09-16T15:01:08.040229+00:00,kube-system,traefik-9bcdbbd9-gmgcc,30.0,54525952
2026-09-16T15:01:08.040229+00:00,pyroscope,pyroscope-0,9.0,100663296
2026-09-16T15:01:08.040229+00:00,pyroscope,pyroscope-alloy-0,17.0,143654912
2026-09-16T15:01:14.277197+00:00,grove-system,grove-operator-646f9c68-pfjvq,525.0,179306496
2026-09-16T15:01:14.277197+00:00,kai-scheduler,admission-86666f457d-sk7lz,1.0,16777216
2026-09-16T15:01:14.277197+00:00,kai-scheduler,binder-869fc94c7-dc7lv,30.0,78643200
2026-09-16T15:01:14.277197+00:00,kai-scheduler,kai-operator-69b5d7bcf7-qxvz5,2.0,63963136
2026-09-16T15:01:14.277197+00:00,kai-scheduler,kai-scheduler-default-7f5cd888f7-lh8cb,22.0,88080384
2026-09-16T15:01:14.277197+00:00,kai-scheduler,pod-grouper-65456f756-4l2jm,1.0,11534336
2026-09-16T15:01:14.277197+00:00,kai-scheduler,podgroup-controller-68f9cc8dbf-2qvq4,1.0,11534336
2026-09-16T15:01:14.277197+00:00,kai-scheduler,queue-controller-f86fcd76c-gllp2,1.0,13631488
2026-09-16T15:01:14.277197+00:00,kube-system,coredns-8db54c48d-jsq8b,9.0,28311552
2026-09-16T15:01:14.277197+00:00,kube-system,kwok-controller-5cf8c7c44b-x7xbp,39.0,40894464
2026-09-16T15:01:14.277197+00:00,kube-system,local-path-provisioner-5d9d9885bc-vskmj,1.0,15728640
2026-09-16T15:01:14.277197+00:00,kube-system,metrics-server-75dc6f8d87-8nrhd,17.0,57671680
2026-09-16T15:01:14.277197+00:00,kube-system,svclb-traefik-7411b517-6x8cv,0.0,0
2026-09-16T15:01:14.277197+00:00,kube-system,traefik-9bcdbbd9-gmgcc,30.0,54525952
2026-09-16T15:01:14.277197+00:00,pyroscope,pyroscope-0,7.0,99614720
2026-09-16T15:01:14.277197+00:00,pyroscope,pyroscope-alloy-0,35.0,140509184
2026-09-16T15:01:20.529475+00:00,grove-system,grove-operator-646f9c68-pfjvq,525.0,179306496
2026-09-16T15:01:20.529475+00:00,kai-scheduler,admission-86666f457d-sk7lz,1.0,16777216
2026-09-16T15:01:20.529475+00:00,kai-scheduler,binder-869fc94c7-dc7lv,30.0,78643200
2026-09-16T15:01:20.529475+00:00,kai-scheduler,kai-operator-69b5d7bcf7-qxvz5,2.0,63963136
2026-09-16T15:01:20.529475+00:00,kai-scheduler,kai-scheduler-default-7f5cd888f7-lh8cb,22.0,88080384
2026-09-16T15:01:20.529475+00:00,kai-scheduler,pod-grouper-65456f756-4l2jm,1.0,11534336
2026-09-16T15:01:20.529475+00:00,kai-scheduler,podgroup-controller-68f9cc8dbf-2qvq4,1.0,11534336
2026-09-16T15:01:20.529475+00:00,kai-scheduler,queue-controller-f86fcd76c-gllp2,1.0,13631488
2026-09-16T15:01:20.529475+00:00,kube-system,coredns-8db54c48d-jsq8b,9.0,28311552
2026-09-16T15:01:20.529475+00:00,kube-system,kwok-controller-5cf8c7c44b-x7xbp,39.0,40894464
2026-09-16T15:01:20.529475+00:00,kube-system,local-path-provisioner-5d9d9885bc-vskmj,1.0,15728640
2026-09-16T15:01:20.529475+00:00,kube-system,metrics-server-75dc6f8d87-8nrhd,17.0,57671680
2026-09-16T15:01:20.529475+00:00,kube-system,svclb-traefik-7411b517-6x8cv,0.0,0
2026-09-16T15:01:20.529475+00:00,kube-system,traefik-9bcdbbd9-gmgcc,30.0,54525952
2026-09-16T15:01:20.529475+00:00,pyroscope,pyroscope-0,7.0,99614720
2026-09-16T15:01:20.529475+00:00,pyroscope,pyroscope-alloy-0,35.0,140509184
2026-09-16T15:01:26.794566+00:00,grove-system,grove-operator-646f9c68-pfjvq,545.0,178257920
2026-09-16T15:01:26.794566+00:00,kai-scheduler,admission-86666f457d-sk7lz,1.0,16777216
2026-09-16T15:01:26.794566+00:00,kai-scheduler,binder-869fc94c7-dc7lv,45.0,91226112
2026-09-16T15:01:26.794566+00:00,kai-scheduler,kai-operator-69b5d7bcf7-qxvz5,7.0,65011712
2026-09-16T15:01:26.794566+00:00,kai-scheduler,kai-scheduler-default-7f5cd888f7-lh8cb,47.0,93323264
2026-09-16T15:01:26.794566+00:00,kai-scheduler,pod-grouper-65456f756-4l2jm,1.0,11534336
2026-09-16T15:01:26.794566+00:00,kai-scheduler,podgroup-controller-68f9cc8dbf-2qvq4,1.0,11534336
2026-09-16T15:01:26.794566+00:00,kai-scheduler,queue-controller-f86fcd76c-gllp2,1.0,13631488
2026-09-16T15:01:26.794566+00:00,kube-system,coredns-8db54c48d-jsq8b,13.0,27262976
2026-09-16T15:01:26.794566+00:00,kube-system,kwok-controller-5cf8c7c44b-x7xbp,107.0,38797312
2026-09-16T15:01:26.794566+00:00,kube-system,local-path-provisioner-5d9d9885bc-vskmj,1.0,15728640
2026-09-16T15:01:26.794566+00:00,kube-system,metrics-server-75dc6f8d87-8nrhd,13.0,58720256
2026-09-16T15:01:26.794566+00:00,kube-system,svclb-traefik-7411b517-6x8cv,0.0,0
2026-09-16T15:01:26.794566+00:00,kube-system,traefik-9bcdbbd9-gmgcc,16.0,53477376
2026-09-16T15:01:26.794566+00:00,pyroscope,pyroscope-0,9.0,106954752
2026-09-16T15:01:26.794566+00:00,pyroscope,pyroscope-alloy-0,38.0,138412032
2026-09-16T15:01:33.035248+00:00,grove-system,grove-operator-646f9c68-pfjvq,545.0,178257920
2026-09-16T15:01:33.035248+00:00,kai-scheduler,admission-86666f457d-sk7lz,1.0,16777216
2026-09-16T15:01:33.035248+00:00,kai-scheduler,binder-869fc94c7-dc7lv,45.0,91226112
2026-09-16T15:01:33.035248+00:00,kai-scheduler,kai-operator-69b5d7bcf7-qxvz5,7.0,65011712
2026-09-16T15:01:33.035248+00:00,kai-scheduler,kai-scheduler-default-7f5cd888f7-lh8cb,47.0,93323264
2026-09-16T15:01:33.035248+00:00,kai-scheduler,pod-grouper-65456f756-4l2jm,1.0,11534336
2026-09-16T15:01:33.035248+00:00,kai-scheduler,podgroup-controller-68f9cc8dbf-2qvq4,1.0,11534336
2026-09-16T15:01:33.035248+00:00,kai-scheduler,queue-controller-f86fcd76c-gllp2,1.0,13631488
2026-09-16T15:01:33.035248+00:00,kube-system,coredns-8db54c48d-jsq8b,13.0,27262976
2026-09-16T15:01:33.035248+00:00,kube-system,kwok-controller-5cf8c7c44b-x7xbp,107.0,38797312
2026-09-16T15:01:33.035248+00:00,kube-system,local-path-provisioner-5d9d9885bc-vskmj,1.0,15728640
2026-09-16T15:01:33.035248+00:00,kube-system,metrics-server-75dc6f8d87-8nrhd,13.0,58720256
2026-09-16T15:01:33.035248+00:00,kube-system,svclb-traefik-7411b517-6x8cv,0.0,0
2026-09-16T15:01:33.035248+00:00,kube-system,traefik-9bcdbbd9-gmgcc,16.0,53477376
2026-09-16T15:01:33.035248+00:00,pyroscope,pyroscope-0,9.0,106954752
2026-09-16T15:01:33.035248+00:00,pyroscope,pyroscope-alloy-0,38.0,138412032
2026-09-16T15:01:39.275861+00:00,grove-system,grove-operator-646f9c68-pfjvq,545.0,178257920
2026-09-16T15:01:39.275861+00:00,kai-scheduler,admission-86666f457d-sk7lz,1.0,16777216
2026-09-16T15:01:39.275861+00:00,kai-scheduler,binder-869fc94c7-dc7lv,45.0,91226112
2026-09-16T15:01:39.275861+00:00,kai-scheduler,kai-operator-69b5d7bcf7-qxvz5,7.0,65011712
2026-09-16T15:01:39.275861+00:00,kai-scheduler,kai-scheduler-default-7f5cd888f7-lh8cb,47.0,93323264
2026-09-16T15:01:39.275861+00:00,kai-scheduler,pod-grouper-65456f756-4l2jm,1.0,11534336
2026-09-16T15:01:39.275861+00:00,kai-scheduler,podgroup-controller-68f9cc8dbf-2qvq4,1.0,11534336
2026-09-16T15:01:39.275861+00:00,kai-scheduler,queue-controller-f86fcd76c-gllp2,1.0,13631488
2026-09-16T15:01:39.275861+00:00,kube-system,coredns-8db54c48d-jsq8b,13.0,27262976
2026-09-16T15:01:39.275861+00:00,kube-system,kwok-controller-5cf8c7c44b-x7xbp,107.0,38797312
2026-09-16T15:01:39.275861+00:00,kube-system,local-path-provisioner-5d9d9885bc-vskmj,1.0,15728640
2026-09-16T15:01:39.275861+00:00,kube-system,metrics-server-75dc6f8d87-8nrhd,13.0,58720256
2026-09-16T15:01:39.275861+00:00,kube-system,svclb-traefik-7411b517-6x8cv,0.0,0
2026-09-16T15:01:39.275861+00:00,kube-system,traefik-9bcdbbd9-gmgcc,16.0,53477376
2026-09-16T15:01:39.275861+00:00,pyroscope,pyroscope-0,9.0,106954752
2026-09-16T15:01:39.275861+00:00,pyroscope,pyroscope-alloy-0,38.0,138412032
2026-09-16T15:01:45.515560+00:00,grove-system,grove-operator-646f9c68-pfjvq,770.0,191889408
2026-09-16T15:01:45.515560+00:00,kai-scheduler,admission-86666f457d-sk7lz,1.0,16777216
2026-09-16T15:01:45.515560+00:00,kai-scheduler,binder-869fc94c7-dc7lv,38.0,98566144
2026-09-16T15:01:45.515560+00:00,kai-scheduler,kai-operator-69b5d7bcf7-qxvz5,1.0,65011712
2026-09-16T15:01:45.515560+00:00,kai-scheduler,kai-scheduler-default-7f5cd888f7-lh8cb,37.0,113246208
2026-09-16T15:01:45.515560+00:00,kai-scheduler,pod-grouper-65456f756-4l2jm,1.0,11534336
2026-09-16T15:01:45.515560+00:00,kai-scheduler,podgroup-controller-68f9cc8dbf-2qvq4,1.0,11534336
2026-09-16T15:01:45.515560+00:00,kai-scheduler,queue-controller-f86fcd76c-gllp2,1.0,13631488
2026-09-16T15:01:45.515560+00:00,kube-system,coredns-8db54c48d-jsq8b,13.0,27262976
2026-09-16T15:01:45.515560+00:00,kube-system,kwok-controller-5cf8c7c44b-x7xbp,100.0,40894464
2026-09-16T15:01:45.515560+00:00,kube-system,local-path-provisioner-5d9d9885bc-vskmj,1.0,15728640
2026-09-16T15:01:45.515560+00:00,kube-system,metrics-server-75dc6f8d87-8nrhd,18.0,59768832
2026-09-16T15:01:45.515560+00:00,kube-system,svclb-traefik-7411b517-6x8cv,0.0,0
2026-09-16T15:01:45.515560+00:00,kube-system,traefik-9bcdbbd9-gmgcc,14.0,55574528
2026-09-16T15:01:45.515560+00:00,pyroscope,pyroscope-0,7.0,99614720
2026-09-16T15:01:45.515560+00:00,pyroscope,pyroscope-alloy-0,70.0,149946368
2026-09-16T15:01:51.750031+00:00,grove-system,grove-operator-646f9c68-pfjvq,770.0,191889408
2026-09-16T15:01:51.750031+00:00,kai-scheduler,admission-86666f457d-sk7lz,1.0,16777216
2026-09-16T15:01:51.750031+00:00,kai-scheduler,binder-869fc94c7-dc7lv,38.0,98566144
2026-09-16T15:01:51.750031+00:00,kai-scheduler,kai-operator-69b5d7bcf7-qxvz5,1.0,65011712
2026-09-16T15:01:51.750031+00:00,kai-scheduler,kai-scheduler-default-7f5cd888f7-lh8cb,37.0,113246208
2026-09-16T15:01:51.750031+00:00,kai-scheduler,pod-grouper-65456f756-4l2jm,1.0,11534336
2026-09-16T15:01:51.750031+00:00,kai-scheduler,podgroup-controller-68f9cc8dbf-2qvq4,1.0,11534336
2026-09-16T15:01:51.750031+00:00,kai-scheduler,queue-controller-f86fcd76c-gllp2,1.0,13631488
2026-09-16T15:01:51.750031+00:00,kube-system,coredns-8db54c48d-jsq8b,13.0,27262976
2026-09-16T15:01:51.750031+00:00,kube-system,kwok-controller-5cf8c7c44b-x7xbp,100.0,40894464
2026-09-16T15:01:51.750031+00:00,kube-system,local-path-provisioner-5d9d9885bc-vskmj,1.0,15728640
2026-09-16T15:01:51.750031+00:00,kube-system,metrics-server-75dc6f8d87-8nrhd,18.0,59768832
2026-09-16T15:01:51.750031+00:00,kube-system,svclb-traefik-7411b517-6x8cv,0.0,0
2026-09-16T15:01:51.750031+00:00,kube-system,traefik-9bcdbbd9-gmgcc,14.0,55574528
2026-09-16T15:01:51.750031+00:00,pyroscope,pyroscope-0,7.0,99614720
2026-09-16T15:01:51.750031+00:00,pyroscope,pyroscope-alloy-0,70.0,149946368
2026-09-16T15:01:57.987869+00:00,grove-system,grove-operator-646f9c68-pfjvq,283.0,190840832
2026-09-16T15:01:57.987869+00:00,kai-scheduler,admission-86666f457d-sk7lz,1.0,16777216
2026-09-16T15:01:57.987869+00:00,kai-scheduler,binder-869fc94c7-dc7lv,36.0,113246208
2026-09-16T15:01:57.987869+00:00,kai-scheduler,kai-operator-69b5d7bcf7-qxvz5,3.0,66060288
2026-09-16T15:01:57.987869+00:00,kai-scheduler,kai-scheduler-default-7f5cd888f7-lh8cb,29.0,140509184
2026-09-16T15:01:57.987869+00:00,kai-scheduler,pod-grouper-65456f756-4l2jm,1.0,11534336
2026-09-16T15:01:57.987869+00:00,kai-scheduler,podgroup-controller-68f9cc8dbf-2qvq4,1.0,11534336
2026-09-16T15:01:57.987869+00:00,kai-scheduler,queue-controller-f86fcd76c-gllp2,1.0,13631488
2026-09-16T15:01:57.987869+00:00,kube-system,coredns-8db54c48d-jsq8b,9.0,29360128
2026-09-16T15:01:57.987869+00:00,kube-system,kwok-controller-5cf8c7c44b-x7xbp,42.0,38797312
2026-09-16T15:01:57.987869+00:00,kube-system,local-path-provisioner-5d9d9885bc-vskmj,1.0,15728640
2026-09-16T15:01:57.987869+00:00,kube-system,metrics-server-75dc6f8d87-8nrhd,6.0,57671680
2026-09-16T15:01:57.987869+00:00,kube-system,svclb-traefik-7411b517-6x8cv,0.0,0
2026-09-16T15:01:57.987869+00:00,kube-system,traefik-9bcdbbd9-gmgcc,13.0,58720256
2026-09-16T15:01:57.987869+00:00,pyroscope,pyroscope-0,9.0,96468992
2026-09-16T15:01:57.987869+00:00,pyroscope,pyroscope-alloy-0,12.0,149946368
2026-09-16T15:02:04.229025+00:00,grove-system,grove-operator-646f9c68-pfjvq,283.0,190840832
2026-09-16T15:02:04.229025+00:00,kai-scheduler,admission-86666f457d-sk7lz,1.0,16777216
2026-09-16T15:02:04.229025+00:00,kai-scheduler,binder-869fc94c7-dc7lv,36.0,113246208
2026-09-16T15:02:04.229025+00:00,kai-scheduler,kai-operator-69b5d7bcf7-qxvz5,3.0,66060288
2026-09-16T15:02:04.229025+00:00,kai-scheduler,kai-scheduler-default-7f5cd888f7-lh8cb,29.0,140509184
2026-09-16T15:02:04.229025+00:00,kai-scheduler,pod-grouper-65456f756-4l2jm,1.0,11534336
2026-09-16T15:02:04.229025+00:00,kai-scheduler,podgroup-controller-68f9cc8dbf-2qvq4,1.0,11534336
2026-09-16T15:02:04.229025+00:00,kai-scheduler,queue-controller-f86fcd76c-gllp2,1.0,13631488
2026-09-16T15:02:04.229025+00:00,kube-system,coredns-8db54c48d-jsq8b,9.0,29360128
2026-09-16T15:02:04.229025+00:00,kube-system,kwok-controller-5cf8c7c44b-x7xbp,42.0,38797312
2026-09-16T15:02:04.229025+00:00,kube-system,local-path-provisioner-5d9d9885bc-vskmj,1.0,15728640
2026-09-16T15:02:04.229025+00:00,kube-system,metrics-server-75dc6f8d87-8nrhd,6.0,57671680
2026-09-16T15:02:04.229025+00:00,kube-system,svclb-traefik-7411b517-6x8cv,0.0,0
2026-09-16T15:02:04.229025+00:00,kube-system,traefik-9bcdbbd9-gmgcc,13.0,58720256
2026-09-16T15:02:04.229025+00:00,pyroscope,pyroscope-0,9.0,96468992
2026-09-16T15:02:04.229025+00:00,pyroscope,pyroscope-alloy-0,12.0,149946368
2026-09-16T15:02:10.466450+00:00,grove-system,grove-operator-646f9c68-pfjvq,283.0,190840832
2026-09-16T15:02:10.466450+00:00,kai-scheduler,admission-86666f457d-sk7lz,1.0,16777216
2026-09-16T15:02:10.466450+00:00,kai-scheduler,binder-869fc94c7-dc7lv,36.0,113246208
2026-09-16T15:02:10.466450+00:00,kai-scheduler,kai-operator-69b5d7bcf7-qxvz5,3.0,66060288
2026-09-16T15:02:10.466450+00:00,kai-scheduler,kai-scheduler-default-7f5cd888f7-lh8cb,29.0,140509184
2026-09-16T15:02:10.466450+00:00,kai-scheduler,pod-grouper-65456f756-4l2jm,1.0,11534336
2026-09-16T15:02:10.466450+00:00,kai-scheduler,podgroup-controller-68f9cc8dbf-2qvq4,1.0,11534336
2026-09-16T15:02:10.466450+00:00,kai-scheduler,queue-controller-f86fcd76c-gllp2,1.0,13631488
2026-09-16T15:02:10.466450+00:00,kube-system,coredns-8db54c48d-jsq8b,9.0,29360128
2026-09-16T15:02:10.466450+00:00,kube-system,kwok-controller-5cf8c7c44b-x7xbp,42.0,38797312
2026-09-16T15:02:10.466450+00:00,kube-system,local-path-provisioner-5d9d9885bc-vskmj,1.0,15728640
2026-09-16T15:02:10.466450+00:00,kube-system,metrics-server-75dc6f8d87-8nrhd,6.0,57671680
2026-09-16T15:02:10.466450+00:00,kube-system,svclb-traefik-7411b517-6x8cv,0.0,0
2026-09-16T15:02:10.466450+00:00,kube-system,traefik-9bcdbbd9-gmgcc,13.0,58720256
2026-09-16T15:02:10.466450+00:00,pyroscope,pyroscope-0,9.0,96468992
2026-09-16T15:02:10.466450+00:00,pyroscope,pyroscope-alloy-0,12.0,149946368
2026-09-16T15:02:16.707045+00:00,grove-system,grove-operator-646f9c68-pfjvq,34.0,190840832
2026-09-16T15:02:16.707045+00:00,kai-scheduler,admission-86666f457d-sk7lz,1.0,16777216
2026-09-16T15:02:16.707045+00:00,kai-scheduler,binder-869fc94c7-dc7lv,1.0,113246208
2026-09-16T15:02:16.707045+00:00,kai-scheduler,kai-operator-69b5d7bcf7-qxvz5,3.0,66060288
2026-09-16T15:02:16.707045+00:00,kai-scheduler,kai-scheduler-default-7f5cd888f7-lh8cb,15.0,141557760
2026-09-16T15:02:16.707045+00:00,kai-scheduler,pod-grouper-65456f756-4l2jm,1.0,11534336
2026-09-16T15:02:16.707045+00:00,kai-scheduler,podgroup-controller-68f9cc8dbf-2qvq4,1.0,11534336
2026-09-16T15:02:16.707045+00:00,kai-scheduler,queue-controller-f86fcd76c-gllp2,1.0,13631488
2026-09-16T15:02:16.707045+00:00,kube-system,coredns-8db54c48d-jsq8b,9.0,29360128
2026-09-16T15:02:16.707045+00:00,kube-system,kwok-controller-5cf8c7c44b-x7xbp,12.0,42991616
2026-09-16T15:02:16.707045+00:00,kube-system,local-path-provisioner-5d9d9885bc-vskmj,1.0,15728640
2026-09-16T15:02:16.707045+00:00,kube-system,metrics-server-75dc6f8d87-8nrhd,7.0,58720256
2026-09-16T15:02:16.707045+00:00,kube-system,svclb-traefik-7411b517-6x8cv,0.0,0
2026-09-16T15:02:16.707045+00:00,kube-system,traefik-9bcdbbd9-gmgcc,5.0,59768832
2026-09-16T15:02:16.707045+00:00,pyroscope,pyroscope-0,9.0,96468992
2026-09-16T15:02:16.707045+00:00,pyroscope,pyroscope-alloy-0,8.0,156237824
2026-09-16T15:02:22.946248+00:00,grove-system,grove-operator-646f9c68-pfjvq,34.0,190840832
2026-09-16T15:02:22.946248+00:00,kai-scheduler,admission-86666f457d-sk7lz,1.0,16777216
2026-09-16T15:02:22.946248+00:00,kai-scheduler,binder-869fc94c7-dc7lv,1.0,113246208
2026-09-16T15:02:22.946248+00:00,kai-scheduler,kai-operator-69b5d7bcf7-qxvz5,3.0,66060288
2026-09-16T15:02:22.946248+00:00,kai-scheduler,kai-scheduler-default-7f5cd888f7-lh8cb,15.0,141557760
2026-09-16T15:02:22.946248+00:00,kai-scheduler,pod-grouper-65456f756-4l2jm,1.0,11534336
2026-09-16T15:02:22.946248+00:00,kai-scheduler,podgroup-controller-68f9cc8dbf-2qvq4,1.0,11534336
2026-09-16T15:02:22.946248+00:00,kai-scheduler,queue-controller-f86fcd76c-gllp2,1.0,13631488
2026-09-16T15:02:22.946248+00:00,kube-system,coredns-8db54c48d-jsq8b,9.0,29360128
2026-09-16T15:02:22.946248+00:00,kube-system,kwok-controller-5cf8c7c44b-x7xbp,12.0,42991616
2026-09-16T15:02:22.946248+00:00,kube-system,local-path-provisioner-5d9d9885bc-vskmj,1.0,15728640
2026-09-16T15:02:22.946248+00:00,kube-system,metrics-server-75dc6f8d87-8nrhd,7.0,58720256
2026-09-16T15:02:22.946248+00:00,kube-system,svclb-traefik-7411b517-6x8cv,0.0,0
2026-09-16T15:02:22.946248+00:00,kube-system,traefik-9bcdbbd9-gmgcc,5.0,59768832
2026-09-16T15:02:22.946248+00:00,pyroscope,pyroscope-0,9.0,96468992
2026-09-16T15:02:22.946248+00:00,pyroscope,pyroscope-alloy-0,8.0,156237824
2026-09-16T15:02:29.182405+00:00,grove-system,grove-operator-646f9c68-pfjvq,34.0,195035136
2026-09-16T15:02:29.182405+00:00,kai-scheduler,admission-86666f457d-sk7lz,1.0,16777216
2026-09-16T15:02:29.182405+00:00,kai-scheduler,binder-869fc94c7-dc7lv,1.0,113246208
2026-09-16T15:02:29.182405+00:00,kai-scheduler,kai-operator-69b5d7bcf7-qxvz5,3.0,67108864
2026-09-16T15:02:29.182405+00:00,kai-scheduler,kai-scheduler-default-7f5cd888f7-lh8cb,16.0,142606336
2026-09-16T15:02:29.182405+00:00,kai-scheduler,pod-grouper-65456f756-4l2jm,1.0,11534336
2026-09-16T15:02:29.182405+00:00,kai-scheduler,podgroup-controller-68f9cc8dbf-2qvq4,1.0,11534336
2026-09-16T15:02:29.182405+00:00,kai-scheduler,queue-controller-f86fcd76c-gllp2,1.0,13631488
2026-09-16T15:02:29.182405+00:00,kube-system,coredns-8db54c48d-jsq8b,4.0,27262976
2026-09-16T15:02:29.182405+00:00,kube-system,kwok-controller-5cf8c7c44b-x7xbp,10.0,38797312
2026-09-16T15:02:29.182405+00:00,kube-system,local-path-provisioner-5d9d9885bc-vskmj,1.0,15728640
2026-09-16T15:02:29.182405+00:00,kube-system,metrics-server-75dc6f8d87-8nrhd,7.0,61865984
2026-09-16T15:02:29.182405+00:00,kube-system,svclb-traefik-7411b517-6x8cv,0.0,0
2026-09-16T15:02:29.182405+00:00,kube-system,traefik-9bcdbbd9-gmgcc,6.0,59768832
2026-09-16T15:02:29.182405+00:00,pyroscope,pyroscope-0,6.0,89128960
2026-09-16T15:02:29.182405+00:00,pyroscope,pyroscope-alloy-0,5.0,156237824
2026-09-16T15:02:35.423988+00:00,grove-system,grove-operator-646f9c68-pfjvq,34.0,195035136
2026-09-16T15:02:35.423988+00:00,kai-scheduler,admission-86666f457d-sk7lz,1.0,16777216
2026-09-16T15:02:35.423988+00:00,kai-scheduler,binder-869fc94c7-dc7lv,1.0,113246208
2026-09-16T15:02:35.423988+00:00,kai-scheduler,kai-operator-69b5d7bcf7-qxvz5,3.0,67108864
2026-09-16T15:02:35.423988+00:00,kai-scheduler,kai-scheduler-default-7f5cd888f7-lh8cb,16.0,142606336
2026-09-16T15:02:35.423988+00:00,kai-scheduler,pod-grouper-65456f756-4l2jm,1.0,11534336
2026-09-16T15:02:35.423988+00:00,kai-scheduler,podgroup-controller-68f9cc8dbf-2qvq4,1.0,11534336
2026-09-16T15:02:35.423988+00:00,kai-scheduler,queue-controller-f86fcd76c-gllp2,1.0,13631488
2026-09-16T15:02:35.423988+00:00,kube-system,coredns-8db54c48d-jsq8b,4.0,27262976
2026-09-16T15:02:35.423988+00:00,kube-system,kwok-controller-5cf8c7c44b-x7xbp,10.0,38797312
2026-09-16T15:02:35.423988+00:00,kube-system,local-path-provisioner-5d9d9885bc-vskmj,1.0,15728640
2026-09-16T15:02:35.423988+00:00,kube-system,metrics-server-75dc6f8d87-8nrhd,7.0,61865984
2026-09-16T15:02:35.423988+00:00,kube-system,svclb-traefik-7411b517-6x8cv,0.0,0
2026-09-16T15:02:35.423988+00:00,kube-system,traefik-9bcdbbd9-gmgcc,6.0,59768832
2026-09-16T15:02:35.423988+00:00,pyroscope,pyroscope-0,6.0,89128960
2026-09-16T15:02:35.423988+00:00,pyroscope,pyroscope-alloy-0,5.0,156237824
2026-09-16T15:02:41.664099+00:00,grove-system,grove-operator-646f9c68-pfjvq,34.0,195035136
2026-09-16T15:02:41.664099+00:00,kai-scheduler,admission-86666f457d-sk7lz,1.0,16777216
2026-09-16T15:02:41.664099+00:00,kai-scheduler,binder-869fc94c7-dc7lv,1.0,113246208
2026-09-16T15:02:41.664099+00:00,kai-scheduler,kai-operator-69b5d7bcf7-qxvz5,3.0,68157440
2026-09-16T15:02:41.664099+00:00,kai-scheduler,kai-scheduler-default-7f5cd888f7-lh8cb,15.0,143654912
2026-09-16T15:02:41.664099+00:00,kai-scheduler,pod-grouper-65456f756-4l2jm,1.0,11534336
2026-09-16T15:02:41.664099+00:00,kai-scheduler,podgroup-controller-68f9cc8dbf-2qvq4,1.0,11534336
2026-09-16T15:02:41.664099+00:00,kai-scheduler,queue-controller-f86fcd76c-gllp2,1.0,13631488
2026-09-16T15:02:41.664099+00:00,kube-system,coredns-8db54c48d-jsq8b,3.0,28311552
2026-09-16T15:02:41.664099+00:00,kube-system,kwok-controller-5cf8c7c44b-x7xbp,8.0,39845888
2026-09-16T15:02:41.664099+00:00,kube-system,local-path-provisioner-5d9d9885bc-vskmj,1.0,15728640
2026-09-16T15:02:41.664099+00:00,kube-system,metrics-server-75dc6f8d87-8nrhd,8.0,62914560
2026-09-16T15:02:41.664099+00:00,kube-system,svclb-traefik-7411b517-6x8cv,0.0,0
2026-09-16T15:02:41.664099+00:00,kube-system,traefik-9bcdbbd9-gmgcc,4.0,60817408
2026-09-16T15:02:41.664099+00:00,pyroscope,pyroscope-0,6.0,89128960
2026-09-16T15:02:41.664099+00:00,pyroscope,pyroscope-alloy-0,5.0,161480704
2026-09-16T15:02:47.904159+00:00,grove-system,grove-operator-646f9c68-pfjvq,34.0,195035136
2026-09-16T15:02:47.904159+00:00,kai-scheduler,admission-86666f457d-sk7lz,1.0,16777216
2026-09-16T15:02:47.904159+00:00,kai-scheduler,binder-869fc94c7-dc7lv,1.0,113246208
2026-09-16T15:02:47.904159+00:00,kai-scheduler,kai-operator-69b5d7bcf7-qxvz5,3.0,68157440
2026-09-16T15:02:47.904159+00:00,kai-scheduler,kai-scheduler-default-7f5cd888f7-lh8cb,15.0,143654912
2026-09-16T15:02:47.904159+00:00,kai-scheduler,pod-grouper-65456f756-4l2jm,1.0,11534336
2026-09-16T15:02:47.904159+00:00,kai-scheduler,podgroup-controller-68f9cc8dbf-2qvq4,1.0,11534336
2026-09-16T15:02:47.904159+00:00,kai-scheduler,queue-controller-f86fcd76c-gllp2,1.0,13631488
2026-09-16T15:02:47.904159+00:00,kube-system,coredns-8db54c48d-jsq8b,3.0,28311552
2026-09-16T15:02:47.904159+00:00,kube-system,kwok-controller-5cf8c7c44b-x7xbp,8.0,39845888
2026-09-16T15:02:47.904159+00:00,kube-system,local-path-provisioner-5d9d9885bc-vskmj,1.0,15728640
2026-09-16T15:02:47.904159+00:00,kube-system,metrics-server-75dc6f8d87-8nrhd,8.0,62914560
2026-09-16T15:02:47.904159+00:00,kube-system,svclb-traefik-7411b517-6x8cv,0.0,0
2026-09-16T15:02:47.904159+00:00,kube-system,traefik-9bcdbbd9-gmgcc,4.0,60817408
2026-09-16T15:02:47.904159+00:00,pyroscope,pyroscope-0,6.0,89128960
2026-09-16T15:02:47.904159+00:00,pyroscope,pyroscope-alloy-0,5.0,161480704
2026-09-16T15:02:54.142566+00:00,grove-system,grove-operator-646f9c68-pfjvq,34.0,195035136
2026-09-16T15:02:54.142566+00:00,kai-scheduler,admission-86666f457d-sk7lz,1.0,16777216
2026-09-16T15:02:54.142566+00:00,kai-scheduler,binder-869fc94c7-dc7lv,1.0,113246208
2026-09-16T15:02:54.142566+00:00,kai-scheduler,kai-operator-69b5d7bcf7-qxvz5,3.0,68157440
2026-09-16T15:02:54.142566+00:00,kai-scheduler,kai-scheduler-default-7f5cd888f7-lh8cb,15.0,143654912
2026-09-16T15:02:54.142566+00:00,kai-scheduler,pod-grouper-65456f756-4l2jm,1.0,11534336
2026-09-16T15:02:54.142566+00:00,kai-scheduler,podgroup-controller-68f9cc8dbf-2qvq4,1.0,11534336
2026-09-16T15:02:54.142566+00:00,kai-scheduler,queue-controller-f86fcd76c-gllp2,1.0,13631488
2026-09-16T15:02:54.142566+00:00,kube-system,coredns-8db54c48d-jsq8b,3.0,28311552
2026-09-16T15:02:54.142566+00:00,kube-system,kwok-controller-5cf8c7c44b-x7xbp,8.0,39845888
2026-09-16T15:02:54.142566+00:00,kube-system,local-path-provisioner-5d9d9885bc-vskmj,1.0,15728640
2026-09-16T15:02:54.142566+00:00,kube-system,metrics-server-75dc6f8d87-8nrhd,8.0,62914560
2026-09-16T15:02:54.142566+00:00,kube-system,svclb-traefik-7411b517-6x8cv,0.0,0
2026-09-16T15:02:54.142566+00:00,kube-system,traefik-9bcdbbd9-gmgcc,4.0,60817408
2026-09-16T15:02:54.142566+00:00,pyroscope,pyroscope-0,6.0,89128960
2026-09-16T15:02:54.142566+00:00,pyroscope,pyroscope-alloy-0,5.0,161480704
2026-09-16T15:03:00.388143+00:00,grove-system,grove-operator-646f9c68-pfjvq,33.0,187695104
2026-09-16T15:03:00.388143+00:00,kai-scheduler,admission-86666f457d-sk7lz,1.0,16777216
2026-09-16T15:03:00.388143+00:00,kai-scheduler,binder-869fc94c7-dc7lv,1.0,113246208
2026-09-16T15:03:00.388143+00:00,kai-scheduler,kai-operator-69b5d7bcf7-qxvz5,4.0,68157440
2026-09-16T15:03:00.388143+00:00,kai-scheduler,kai-scheduler-default-7f5cd888f7-lh8cb,17.0,125829120
2026-09-16T15:03:00.388143+00:00,kai-scheduler,pod-grouper-65456f756-4l2jm,1.0,11534336
2026-09-16T15:03:00.388143+00:00,kai-scheduler,podgroup-controller-68f9cc8dbf-2qvq4,1.0,11534336
2026-09-16T15:03:00.388143+00:00,kai-scheduler,queue-controller-f86fcd76c-gllp2,1.0,13631488
2026-09-16T15:03:00.388143+00:00,kube-system,coredns-8db54c48d-jsq8b,3.0,28311552
2026-09-16T15:03:00.388143+00:00,kube-system,kwok-controller-5cf8c7c44b-x7xbp,10.0,40894464
2026-09-16T15:03:00.388143+00:00,kube-system,local-path-provisioner-5d9d9885bc-vskmj,1.0,15728640
2026-09-16T15:03:00.388143+00:00,kube-system,metrics-server-75dc6f8d87-8nrhd,6.0,62914560
2026-09-16T15:03:00.388143+00:00,kube-system,svclb-traefik-7411b517-6x8cv,0.0,0
2026-09-16T15:03:00.388143+00:00,kube-system,traefik-9bcdbbd9-gmgcc,4.0,60817408
2026-09-16T15:03:00.388143+00:00,pyroscope,pyroscope-0,6.0,90177536
2026-09-16T15:03:00.388143+00:00,pyroscope,pyroscope-alloy-0,15.0,165675008
2026-09-16T15:03:06.630906+00:00,grove-system,grove-operator-646f9c68-pfjvq,33.0,187695104
2026-09-16T15:03:06.630906+00:00,kai-scheduler,admission-86666f457d-sk7lz,1.0,16777216
2026-09-16T15:03:06.630906+00:00,kai-scheduler,binder-869fc94c7-dc7lv,1.0,113246208
2026-09-16T15:03:06.630906+00:00,kai-scheduler,kai-operator-69b5d7bcf7-qxvz5,4.0,68157440
2026-09-16T15:03:06.630906+00:00,kai-scheduler,kai-scheduler-default-7f5cd888f7-lh8cb,17.0,125829120
2026-09-16T15:03:06.630906+00:00,kai-scheduler,pod-grouper-65456f756-4l2jm,1.0,11534336
2026-09-16T15:03:06.630906+00:00,kai-scheduler,podgroup-controller-68f9cc8dbf-2qvq4,1.0,11534336
2026-09-16T15:03:06.630906+00:00,kai-scheduler,queue-controller-f86fcd76c-gllp2,1.0,13631488
2026-09-16T15:03:06.630906+00:00,kube-system,coredns-8db54c48d-jsq8b,3.0,28311552
2026-09-16T15:03:06.630906+00:00,kube-system,kwok-controller-5cf8c7c44b-x7xbp,10.0,40894464
2026-09-16T15:03:06.630906+00:00,kube-system,local-path-provisioner-5d9d9885bc-vskmj,1.0,15728640
2026-09-16T15:03:06.630906+00:00,kube-system,metrics-server-75dc6f8d87-8nrhd,6.0,62914560
2026-09-16T15:03:06.630906+00:00,kube-system,svclb-traefik-7411b517-6x8cv,0.0,0
2026-09-16T15:03:06.630906+00:00,kube-system,traefik-9bcdbbd9-gmgcc,4.0,60817408
2026-09-16T15:03:06.630906+00:00,pyroscope,pyroscope-0,6.0,90177536
2026-09-16T15:03:06.630906+00:00,pyroscope,pyroscope-alloy-0,15.0,165675008
2026-09-16T15:03:12.871415+00:00,grove-system,grove-operator-646f9c68-pfjvq,35.0,185597952
2026-09-16T15:03:12.871415+00:00,kai-scheduler,admission-86666f457d-sk7lz,1.0,16777216
2026-09-16T15:03:12.871415+00:00,kai-scheduler,binder-869fc94c7-dc7lv,4.0,114294784
2026-09-16T15:03:12.871415+00:00,kai-scheduler,kai-operator-69b5d7bcf7-qxvz5,3.0,68157440
2026-09-16T15:03:12.871415+00:00,kai-scheduler,kai-scheduler-default-7f5cd888f7-lh8cb,18.0,133169152
2026-09-16T15:03:12.871415+00:00,kai-scheduler,pod-grouper-65456f756-4l2jm,1.0,11534336
2026-09-16T15:03:12.871415+00:00,kai-scheduler,podgroup-controller-68f9cc8dbf-2qvq4,1.0,11534336
2026-09-16T15:03:12.871415+00:00,kai-scheduler,queue-controller-f86fcd76c-gllp2,1.0,13631488
2026-09-16T15:03:12.871415+00:00,kube-system,coredns-8db54c48d-jsq8b,4.0,27262976
2026-09-16T15:03:12.871415+00:00,kube-system,kwok-controller-5cf8c7c44b-x7xbp,18.0,42991616
2026-09-16T15:03:12.871415+00:00,kube-system,local-path-provisioner-5d9d9885bc-vskmj,1.0,15728640
2026-09-16T15:03:12.871415+00:00,kube-system,metrics-server-75dc6f8d87-8nrhd,9.0,63963136
2026-09-16T15:03:12.871415+00:00,kube-system,svclb-traefik-7411b517-6x8cv,0.0,0
2026-09-16T15:03:12.871415+00:00,kube-system,traefik-9bcdbbd9-gmgcc,3.0,59768832
2026-09-16T15:03:12.871415+00:00,pyroscope,pyroscope-0,6.0,92274688
2026-09-16T15:03:12.871415+00:00,pyroscope,pyroscope-alloy-0,15.0,165675008
2026-09-16T15:03:19.104078+00:00,grove-system,grove-operator-646f9c68-pfjvq,35.0,185597952
2026-09-16T15:03:19.104078+00:00,kai-scheduler,admission-86666f457d-sk7lz,1.0,16777216
2026-09-16T15:03:19.104078+00:00,kai-scheduler,binder-869fc94c7-dc7lv,4.0,114294784
2026-09-16T15:03:19.104078+00:00,kai-scheduler,kai-operator-69b5d7bcf7-qxvz5,3.0,68157440
2026-09-16T15:03:19.104078+00:00,kai-scheduler,kai-scheduler-default-7f5cd888f7-lh8cb,18.0,133169152
2026-09-16T15:03:19.104078+00:00,kai-scheduler,pod-grouper-65456f756-4l2jm,1.0,11534336
2026-09-16T15:03:19.104078+00:00,kai-scheduler,podgroup-controller-68f9cc8dbf-2qvq4,1.0,11534336
2026-09-16T15:03:19.104078+00:00,kai-scheduler,queue-controller-f86fcd76c-gllp2,1.0,13631488
2026-09-16T15:03:19.104078+00:00,kube-system,coredns-8db54c48d-jsq8b,4.0,27262976
2026-09-16T15:03:19.104078+00:00,kube-system,kwok-controller-5cf8c7c44b-x7xbp,18.0,42991616
2026-09-16T15:03:19.104078+00:00,kube-system,local-path-provisioner-5d9d9885bc-vskmj,1.0,15728640
2026-09-16T15:03:19.104078+00:00,kube-system,metrics-server-75dc6f8d87-8nrhd,9.0,63963136
2026-09-16T15:03:19.104078+00:00,kube-system,svclb-traefik-7411b517-6x8cv,0.0,0
2026-09-16T15:03:19.104078+00:00,kube-system,traefik-9bcdbbd9-gmgcc,3.0,59768832
2026-09-16T15:03:19.104078+00:00,pyroscope,pyroscope-0,6.0,92274688
2026-09-16T15:03:19.104078+00:00,pyroscope,pyroscope-alloy-0,15.0,165675008
2026-09-16T15:03:25.343456+00:00,grove-system,grove-operator-646f9c68-pfjvq,35.0,185597952
2026-09-16T15:03:25.343456+00:00,kai-scheduler,admission-86666f457d-sk7lz,1.0,16777216
2026-09-16T15:03:25.343456+00:00,kai-scheduler,binder-869fc94c7-dc7lv,4.0,114294784
2026-09-16T15:03:25.343456+00:00,kai-scheduler,kai-operator-69b5d7bcf7-qxvz5,3.0,68157440
2026-09-16T15:03:25.343456+00:00,kai-scheduler,kai-scheduler-default-7f5cd888f7-lh8cb,18.0,133169152
2026-09-16T15:03:25.343456+00:00,kai-scheduler,pod-grouper-65456f756-4l2jm,1.0,11534336
2026-09-16T15:03:25.343456+00:00,kai-scheduler,podgroup-controller-68f9cc8dbf-2qvq4,1.0,11534336
2026-09-16T15:03:25.343456+00:00,kai-scheduler,queue-controller-f86fcd76c-gllp2,1.0,13631488
2026-09-16T15:03:25.343456+00:00,kube-system,coredns-8db54c48d-jsq8b,4.0,27262976
2026-09-16T15:03:25.343456+00:00,kube-system,kwok-controller-5cf8c7c44b-x7xbp,18.0,42991616
2026-09-16T15:03:25.343456+00:00,kube-system,local-path-provisioner-5d9d9885bc-vskmj,1.0,15728640
2026-09-16T15:03:25.343456+00:00,kube-system,metrics-server-75dc6f8d87-8nrhd,9.0,63963136
2026-09-16T15:03:25.343456+00:00,kube-system,svclb-traefik-7411b517-6x8cv,0.0,0
2026-09-16T15:03:25.343456+00:00,kube-system,traefik-9bcdbbd9-gmgcc,3.0,59768832
2026-09-16T15:03:25.343456+00:00,pyroscope,pyroscope-0,6.0,92274688
2026-09-16T15:03:25.343456+00:00,pyroscope,pyroscope-alloy-0,15.0,165675008
2026-09-16T15:03:31.583623+00:00,grove-system,grove-operator-646f9c68-pfjvq,34.0,188743680
2026-09-16T15:03:31.583623+00:00,kai-scheduler,admission-86666f457d-sk7lz,1.0,16777216
2026-09-16T15:03:31.583623+00:00,kai-scheduler,binder-869fc94c7-dc7lv,1.0,113246208
2026-09-16T15:03:31.583623+00:00,kai-scheduler,kai-operator-69b5d7bcf7-qxvz5,3.0,68157440
2026-09-16T15:03:31.583623+00:00,kai-scheduler,kai-scheduler-default-7f5cd888f7-lh8cb,15.0,140509184
2026-09-16T15:03:31.583623+00:00,kai-scheduler,pod-grouper-65456f756-4l2jm,1.0,11534336
2026-09-16T15:03:31.583623+00:00,kai-scheduler,podgroup-controller-68f9cc8dbf-2qvq4,1.0,11534336
2026-09-16T15:03:31.583623+00:00,kai-scheduler,queue-controller-f86fcd76c-gllp2,1.0,13631488
2026-09-16T15:03:31.583623+00:00,kube-system,coredns-8db54c48d-jsq8b,3.0,27262976
2026-09-16T15:03:31.583623+00:00,kube-system,kwok-controller-5cf8c7c44b-x7xbp,12.0,40894464
2026-09-16T15:03:31.583623+00:00,kube-system,local-path-provisioner-5d9d9885bc-vskmj,1.0,15728640
2026-09-16T15:03:31.583623+00:00,kube-system,metrics-server-75dc6f8d87-8nrhd,6.0,62914560
2026-09-16T15:03:31.583623+00:00,kube-system,svclb-traefik-7411b517-6x8cv,0.0,0
2026-09-16T15:03:31.583623+00:00,kube-system,traefik-9bcdbbd9-gmgcc,3.0,60817408
2026-09-16T15:03:31.583623+00:00,pyroscope,pyroscope-0,5.0,92274688
2026-09-16T15:03:31.583623+00:00,pyroscope,pyroscope-alloy-0,11.0,168820736
2026-09-16T15:03:37.829104+00:00,grove-system,grove-operator-646f9c68-pfjvq,34.0,188743680
2026-09-16T15:03:37.829104+00:00,kai-scheduler,admission-86666f457d-sk7lz,1.0,16777216
2026-09-16T15:03:37.829104+00:00,kai-scheduler,binder-869fc94c7-dc7lv,1.0,113246208
2026-09-16T15:03:37.829104+00:00,kai-scheduler,kai-operator-69b5d7bcf7-qxvz5,3.0,68157440
2026-09-16T15:03:37.829104+00:00,kai-scheduler,kai-scheduler-default-7f5cd888f7-lh8cb,15.0,140509184
2026-09-16T15:03:37.829104+00:00,kai-scheduler,pod-grouper-65456f756-4l2jm,1.0,11534336
2026-09-16T15:03:37.829104+00:00,kai-scheduler,podgroup-controller-68f9cc8dbf-2qvq4,1.0,11534336
2026-09-16T15:03:37.829104+00:00,kai-scheduler,queue-controller-f86fcd76c-gllp2,1.0,13631488
2026-09-16T15:03:37.829104+00:00,kube-system,coredns-8db54c48d-jsq8b,3.0,27262976
2026-09-16T15:03:37.829104+00:00,kube-system,kwok-controller-5cf8c7c44b-x7xbp,12.0,40894464
2026-09-16T15:03:37.829104+00:00,kube-system,local-path-provisioner-5d9d9885bc-vskmj,1.0,15728640
2026-09-16T15:03:37.829104+00:00,kube-system,metrics-server-75dc6f8d87-8nrhd,6.0,62914560
2026-09-16T15:03:37.829104+00:00,kube-system,svclb-traefik-7411b517-6x8cv,0.0,0
2026-09-16T15:03:37.829104+00:00,kube-system,traefik-9bcdbbd9-gmgcc,3.0,60817408
2026-09-16T15:03:37.829104+00:00,pyroscope,pyroscope-0,5.0,92274688
2026-09-16T15:03:37.829104+00:00,pyroscope,pyroscope-alloy-0,11.0,168820736
2026-09-16T15:03:44.068508+00:00,grove-system,grove-operator-646f9c68-pfjvq,25.0,185597952
2026-09-16T15:03:44.068508+00:00,kai-scheduler,admission-86666f457d-sk7lz,1.0,16777216
2026-09-16T15:03:44.068508+00:00,kai-scheduler,binder-869fc94c7-dc7lv,17.0,114294784
2026-09-16T15:03:44.068508+00:00,kai-scheduler,kai-operator-69b5d7bcf7-qxvz5,2.0,67108864
2026-09-16T15:03:44.068508+00:00,kai-scheduler,kai-scheduler-default-7f5cd888f7-lh8cb,15.0,140509184
2026-09-16T15:03:44.068508+00:00,kai-scheduler,pod-grouper-65456f756-4l2jm,1.0,11534336
2026-09-16T15:03:44.068508+00:00,kai-scheduler,podgroup-controller-68f9cc8dbf-2qvq4,1.0,11534336
2026-09-16T15:03:44.068508+00:00,kai-scheduler,queue-controller-f86fcd76c-gllp2,1.0,13631488
2026-09-16T15:03:44.068508+00:00,kube-system,coredns-8db54c48d-jsq8b,3.0,27262976
2026-09-16T15:03:44.068508+00:00,kube-system,kwok-controller-5cf8c7c44b-x7xbp,26.0,41943040
2026-09-16T15:03:44.068508+00:00,kube-system,local-path-provisioner-5d9d9885bc-vskmj,1.0,15728640
2026-09-16T15:03:44.068508+00:00,kube-system,metrics-server-75dc6f8d87-8nrhd,17.0,67108864
2026-09-16T15:03:44.068508+00:00,kube-system,svclb-traefik-7411b517-6x8cv,0.0,0
2026-09-16T15:03:44.068508+00:00,kube-system,traefik-9bcdbbd9-gmgcc,3.0,59768832
2026-09-16T15:03:44.068508+00:00,pyroscope,pyroscope-0,6.0,91226112
2026-09-16T15:03:44.068508+00:00,pyroscope,pyroscope-alloy-0,12.0,168820736
2026-09-16T15:03:50.309039+00:00,grove-system,grove-operator-646f9c68-pfjvq,25.0,185597952
2026-09-16T15:03:50.309039+00:00,kai-scheduler,admission-86666f457d-sk7lz,1.0,16777216
2026-09-16T15:03:50.309039+00:00,kai-scheduler,binder-869fc94c7-dc7lv,17.0,114294784
2026-09-16T15:03:50.309039+00:00,kai-scheduler,kai-operator-69b5d7bcf7-qxvz5,2.0,67108864
2026-09-16T15:03:50.309039+00:00,kai-scheduler,kai-scheduler-default-7f5cd888f7-lh8cb,15.0,140509184
2026-09-16T15:03:50.309039+00:00,kai-scheduler,pod-grouper-65456f756-4l2jm,1.0,11534336
2026-09-16T15:03:50.309039+00:00,kai-scheduler,podgroup-controller-68f9cc8dbf-2qvq4,1.0,11534336
2026-09-16T15:03:50.309039+00:00,kai-scheduler,queue-controller-f86fcd76c-gllp2,1.0,13631488
2026-09-16T15:03:50.309039+00:00,kube-system,coredns-8db54c48d-jsq8b,3.0,27262976
2026-09-16T15:03:50.309039+00:00,kube-system,kwok-controller-5cf8c7c44b-x7xbp,26.0,41943040
2026-09-16T15:03:50.309039+00:00,kube-system,local-path-provisioner-5d9d9885bc-vskmj,1.0,15728640
2026-09-16T15:03:50.309039+00:00,kube-system,metrics-server-75dc6f8d87-8nrhd,17.0,67108864
2026-09-16T15:03:50.309039+00:00,kube-system,svclb-traefik-7411b517-6x8cv,0.0,0
2026-09-16T15:03:50.309039+00:00,kube-system,traefik-9bcdbbd9-gmgcc,3.0,59768832
2026-09-16T15:03:50.309039+00:00,pyroscope,pyroscope-0,6.0,91226112
2026-09-16T15:03:50.309039+00:00,pyroscope,pyroscope-alloy-0,12.0,168820736
2026-09-16T15:03:56.547913+00:00,grove-system,grove-operator-646f9c68-pfjvq,21.0,181403648
2026-09-16T15:03:56.547913+00:00,kai-scheduler,admission-86666f457d-sk7lz,1.0,16777216
2026-09-16T15:03:56.547913+00:00,kai-scheduler,binder-869fc94c7-dc7lv,20.0,108003328
2026-09-16T15:03:56.547913+00:00,kai-scheduler,kai-operator-69b5d7bcf7-qxvz5,1.0,67108864
2026-09-16T15:03:56.547913+00:00,kai-scheduler,kai-scheduler-default-7f5cd888f7-lh8cb,25.0,132120576
2026-09-16T15:03:56.547913+00:00,kai-scheduler,pod-grouper-65456f756-4l2jm,1.0,11534336
2026-09-16T15:03:56.547913+00:00,kai-scheduler,podgroup-controller-68f9cc8dbf-2qvq4,1.0,11534336
2026-09-16T15:03:56.547913+00:00,kai-scheduler,queue-controller-f86fcd76c-gllp2,1.0,13631488
2026-09-16T15:03:56.547913+00:00,kube-system,coredns-8db54c48d-jsq8b,4.0,26214400
2026-09-16T15:03:56.547913+00:00,kube-system,kwok-controller-5cf8c7c44b-x7xbp,43.0,41943040
2026-09-16T15:03:56.547913+00:00,kube-system,local-path-provisioner-5d9d9885bc-vskmj,1.0,15728640
2026-09-16T15:03:56.547913+00:00,kube-system,metrics-server-75dc6f8d87-8nrhd,15.0,66060288
2026-09-16T15:03:56.547913+00:00,kube-system,svclb-traefik-7411b517-6x8cv,0.0,0
2026-09-16T15:03:56.547913+00:00,kube-system,traefik-9bcdbbd9-gmgcc,3.0,59768832
2026-09-16T15:03:56.547913+00:00,pyroscope,pyroscope-0,6.0,91226112
2026-09-16T15:03:56.547913+00:00,pyroscope,pyroscope-alloy-0,31.0,162529280
2026-09-16T15:04:02.804428+00:00,grove-system,grove-operator-646f9c68-pfjvq,21.0,181403648
2026-09-16T15:04:02.804428+00:00,kai-scheduler,admission-86666f457d-sk7lz,1.0,16777216
2026-09-16T15:04:02.804428+00:00,kai-scheduler,binder-869fc94c7-dc7lv,20.0,108003328
2026-09-16T15:04:02.804428+00:00,kai-scheduler,kai-operator-69b5d7bcf7-qxvz5,1.0,67108864
2026-09-16T15:04:02.804428+00:00,kai-scheduler,kai-scheduler-default-7f5cd888f7-lh8cb,25.0,132120576
2026-09-16T15:04:02.804428+00:00,kai-scheduler,pod-grouper-65456f756-4l2jm,1.0,11534336
2026-09-16T15:04:02.804428+00:00,kai-scheduler,podgroup-controller-68f9cc8dbf-2qvq4,1.0,11534336
2026-09-16T15:04:02.804428+00:00,kai-scheduler,queue-controller-f86fcd76c-gllp2,1.0,13631488
2026-09-16T15:04:02.804428+00:00,kube-system,coredns-8db54c48d-jsq8b,4.0,26214400
2026-09-16T15:04:02.804428+00:00,kube-system,kwok-controller-5cf8c7c44b-x7xbp,43.0,41943040
2026-09-16T15:04:02.804428+00:00,kube-system,local-path-provisioner-5d9d9885bc-vskmj,1.0,15728640
2026-09-16T15:04:02.804428+00:00,kube-system,metrics-server-75dc6f8d87-8nrhd,15.0,66060288
2026-09-16T15:04:02.804428+00:00,kube-system,svclb-traefik-7411b517-6x8cv,0.0,0
2026-09-16T15:04:02.804428+00:00,kube-system,traefik-9bcdbbd9-gmgcc,3.0,59768832
2026-09-16T15:04:02.804428+00:00,pyroscope,pyroscope-0,6.0,91226112
2026-09-16T15:04:02.804428+00:00,pyroscope,pyroscope-alloy-0,31.0,162529280
2026-09-16T15:04:09.043987+00:00,grove-system,grove-operator-646f9c68-pfjvq,21.0,181403648
2026-09-16T15:04:09.043987+00:00,kai-scheduler,admission-86666f457d-sk7lz,1.0,16777216
2026-09-16T15:04:09.043987+00:00,kai-scheduler,binder-869fc94c7-dc7lv,20.0,108003328
2026-09-16T15:04:09.043987+00:00,kai-scheduler,kai-operator-69b5d7bcf7-qxvz5,1.0,67108864
2026-09-16T15:04:09.043987+00:00,kai-scheduler,kai-scheduler-default-7f5cd888f7-lh8cb,25.0,132120576
2026-09-16T15:04:09.043987+00:00,kai-scheduler,pod-grouper-65456f756-4l2jm,1.0,11534336
2026-09-16T15:04:09.043987+00:00,kai-scheduler,podgroup-controller-68f9cc8dbf-2qvq4,1.0,11534336
2026-09-16T15:04:09.043987+00:00,kai-scheduler,queue-controller-f86fcd76c-gllp2,1.0,13631488
2026-09-16T15:04:09.043987+00:00,kube-system,coredns-8db54c48d-jsq8b,4.0,26214400
2026-09-16T15:04:09.043987+00:00,kube-system,kwok-controller-5cf8c7c44b-x7xbp,43.0,41943040
2026-09-16T15:04:09.043987+00:00,kube-system,local-path-provisioner-5d9d9885bc-vskmj,1.0,15728640
2026-09-16T15:04:09.043987+00:00,kube-system,metrics-server-75dc6f8d87-8nrhd,15.0,66060288
2026-09-16T15:04:09.043987+00:00,kube-system,svclb-traefik-7411b517-6x8cv,0.0,0
2026-09-16T15:04:09.043987+00:00,kube-system,traefik-9bcdbbd9-gmgcc,3.0,59768832
2026-09-16T15:04:09.043987+00:00,pyroscope,pyroscope-0,6.0,91226112
2026-09-16T15:04:09.043987+00:00,pyroscope,pyroscope-alloy-0,31.0,162529280
2026-09-16T15:04:15.280385+00:00,grove-system,grove-operator-646f9c68-pfjvq,20.0,178257920
2026-09-16T15:04:15.280385+00:00,kai-scheduler,admission-86666f457d-sk7lz,1.0,16777216
2026-09-16T15:04:15.280385+00:00,kai-scheduler,binder-869fc94c7-dc7lv,20.0,106954752
2026-09-16T15:04:15.280385+00:00,kai-scheduler,kai-operator-69b5d7bcf7-qxvz5,1.0,67108864
2026-09-16T15:04:15.280385+00:00,kai-scheduler,kai-scheduler-default-7f5cd888f7-lh8cb,24.0,123731968
2026-09-16T15:04:15.280385+00:00,kai-scheduler,pod-grouper-65456f756-4l2jm,1.0,11534336
2026-09-16T15:04:15.280385+00:00,kai-scheduler,podgroup-controller-68f9cc8dbf-2qvq4,1.0,11534336
2026-09-16T15:04:15.280385+00:00,kai-scheduler,queue-controller-f86fcd76c-gllp2,1.0,13631488
2026-09-16T15:04:15.280385+00:00,kube-system,coredns-8db54c48d-jsq8b,3.0,27262976
2026-09-16T15:04:15.280385+00:00,kube-system,kwok-controller-5cf8c7c44b-x7xbp,45.0,41943040
2026-09-16T15:04:15.280385+00:00,kube-system,local-path-provisioner-5d9d9885bc-vskmj,1.0,15728640
2026-09-16T15:04:15.280385+00:00,kube-system,metrics-server-75dc6f8d87-8nrhd,19.0,67108864
2026-09-16T15:04:15.280385+00:00,kube-system,svclb-traefik-7411b517-6x8cv,0.0,0
2026-09-16T15:04:15.280385+00:00,kube-system,traefik-9bcdbbd9-gmgcc,4.0,58720256
2026-09-16T15:04:15.280385+00:00,pyroscope,pyroscope-0,6.0,91226112
2026-09-16T15:04:15.280385+00:00,pyroscope,pyroscope-alloy-0,27.0,153092096
2026-09-16T15:04:21.520831+00:00,grove-system,grove-operator-646f9c68-pfjvq,20.0,178257920
2026-09-16T15:04:21.520831+00:00,kai-scheduler,admission-86666f457d-sk7lz,1.0,16777216
2026-09-16T15:04:21.520831+00:00,kai-scheduler,binder-869fc94c7-dc7lv,20.0,106954752
2026-09-16T15:04:21.520831+00:00,kai-scheduler,kai-operator-69b5d7bcf7-qxvz5,1.0,67108864
2026-09-16T15:04:21.520831+00:00,kai-scheduler,kai-scheduler-default-7f5cd888f7-lh8cb,24.0,123731968
2026-09-16T15:04:21.520831+00:00,kai-scheduler,pod-grouper-65456f756-4l2jm,1.0,11534336
2026-09-16T15:04:21.520831+00:00,kai-scheduler,podgroup-controller-68f9cc8dbf-2qvq4,1.0,11534336
2026-09-16T15:04:21.520831+00:00,kai-scheduler,queue-controller-f86fcd76c-gllp2,1.0,13631488
2026-09-16T15:04:21.520831+00:00,kube-system,coredns-8db54c48d-jsq8b,3.0,27262976
2026-09-16T15:04:21.520831+00:00,kube-system,kwok-controller-5cf8c7c44b-x7xbp,45.0,41943040
2026-09-16T15:04:21.520831+00:00,kube-system,local-path-provisioner-5d9d9885bc-vskmj,1.0,15728640
2026-09-16T15:04:21.520831+00:00,kube-system,metrics-server-75dc6f8d87-8nrhd,19.0,67108864
2026-09-16T15:04:21.520831+00:00,kube-system,svclb-traefik-7411b517-6x8cv,0.0,0
2026-09-16T15:04:21.520831+00:00,kube-system,traefik-9bcdbbd9-gmgcc,4.0,58720256
2026-09-16T15:04:21.520831+00:00,pyroscope,pyroscope-0,6.0,91226112
2026-09-16T15:04:21.520831+00:00,pyroscope,pyroscope-alloy-0,27.0,153092096
2026-09-16T15:04:27.761681+00:00,grove-system,grove-operator-646f9c68-pfjvq,22.0,181403648
2026-09-16T15:04:27.761681+00:00,kai-scheduler,admission-86666f457d-sk7lz,1.0,16777216
2026-09-16T15:04:27.761681+00:00,kai-scheduler,binder-869fc94c7-dc7lv,21.0,106954752
2026-09-16T15:04:27.761681+00:00,kai-scheduler,kai-operator-69b5d7bcf7-qxvz5,1.0,67108864
2026-09-16T15:04:27.761681+00:00,kai-scheduler,kai-scheduler-default-7f5cd888f7-lh8cb,21.0,122683392
2026-09-16T15:04:27.761681+00:00,kai-scheduler,pod-grouper-65456f756-4l2jm,1.0,11534336
2026-09-16T15:04:27.761681+00:00,kai-scheduler,podgroup-controller-68f9cc8dbf-2qvq4,1.0,11534336
2026-09-16T15:04:27.761681+00:00,kai-scheduler,queue-controller-f86fcd76c-gllp2,1.0,13631488
2026-09-16T15:04:27.761681+00:00,kube-system,coredns-8db54c48d-jsq8b,3.0,28311552
2026-09-16T15:04:27.761681+00:00,kube-system,kwok-controller-5cf8c7c44b-x7xbp,40.0,40894464
2026-09-16T15:04:27.761681+00:00,kube-system,local-path-provisioner-5d9d9885bc-vskmj,1.0,15728640
2026-09-16T15:04:27.761681+00:00,kube-system,metrics-server-75dc6f8d87-8nrhd,16.0,67108864
2026-09-16T15:04:27.761681+00:00,kube-system,svclb-traefik-7411b517-6x8cv,0.0,0
2026-09-16T15:04:27.761681+00:00,kube-system,traefik-9bcdbbd9-gmgcc,3.0,58720256
2026-09-16T15:04:27.761681+00:00,pyroscope,pyroscope-0,6.0,97517568
2026-09-16T15:04:27.761681+00:00,pyroscope,pyroscope-alloy-0,28.0,145752064
2026-09-16T15:04:34.012382+00:00,grove-system,grove-operator-646f9c68-pfjvq,22.0,181403648
2026-09-16T15:04:34.012382+00:00,kai-scheduler,admission-86666f457d-sk7lz,1.0,16777216
2026-09-16T15:04:34.012382+00:00,kai-scheduler,binder-869fc94c7-dc7lv,21.0,106954752
2026-09-16T15:04:34.012382+00:00,kai-scheduler,kai-operator-69b5d7bcf7-qxvz5,1.0,67108864
2026-09-16T15:04:34.012382+00:00,kai-scheduler,kai-scheduler-default-7f5cd888f7-lh8cb,21.0,122683392
2026-09-16T15:04:34.012382+00:00,kai-scheduler,pod-grouper-65456f756-4l2jm,1.0,11534336
2026-09-16T15:04:34.012382+00:00,kai-scheduler,podgroup-controller-68f9cc8dbf-2qvq4,1.0,11534336
2026-09-16T15:04:34.012382+00:00,kai-scheduler,queue-controller-f86fcd76c-gllp2,1.0,13631488
2026-09-16T15:04:34.012382+00:00,kube-system,coredns-8db54c48d-jsq8b,3.0,28311552
2026-09-16T15:04:34.012382+00:00,kube-system,kwok-controller-5cf8c7c44b-x7xbp,40.0,40894464
2026-09-16T15:04:34.012382+00:00,kube-system,local-path-provisioner-5d9d9885bc-vskmj,1.0,15728640
2026-09-16T15:04:34.012382+00:00,kube-system,metrics-server-75dc6f8d87-8nrhd,16.0,67108864
2026-09-16T15:04:34.012382+00:00,kube-system,svclb-traefik-7411b517-6x8cv,0.0,0
2026-09-16T15:04:34.012382+00:00,kube-system,traefik-9bcdbbd9-gmgcc,3.0,58720256
2026-09-16T15:04:34.012382+00:00,pyroscope,pyroscope-0,6.0,97517568
2026-09-16T15:04:34.012382+00:00,pyroscope,pyroscope-alloy-0,28.0,145752064
2026-09-16T15:04:40.256655+00:00,grove-system,grove-operator-646f9c68-pfjvq,22.0,181403648
2026-09-16T15:04:40.256655+00:00,kai-scheduler,admission-86666f457d-sk7lz,1.0,16777216
2026-09-16T15:04:40.256655+00:00,kai-scheduler,binder-869fc94c7-dc7lv,21.0,106954752
2026-09-16T15:04:40.256655+00:00,kai-scheduler,kai-operator-69b5d7bcf7-qxvz5,1.0,67108864
2026-09-16T15:04:40.256655+00:00,kai-scheduler,kai-scheduler-default-7f5cd888f7-lh8cb,21.0,122683392
2026-09-16T15:04:40.256655+00:00,kai-scheduler,pod-grouper-65456f756-4l2jm,1.0,11534336
2026-09-16T15:04:40.256655+00:00,kai-scheduler,podgroup-controller-68f9cc8dbf-2qvq4,1.0,11534336
2026-09-16T15:04:40.256655+00:00,kai-scheduler,queue-controller-f86fcd76c-gllp2,1.0,13631488
2026-09-16T15:04:40.256655+00:00,kube-system,coredns-8db54c48d-jsq8b,3.0,28311552
2026-09-16T15:04:40.256655+00:00,kube-system,kwok-controller-5cf8c7c44b-x7xbp,40.0,40894464
2026-09-16T15:04:40.256655+00:00,kube-system,local-path-provisioner-5d9d9885bc-vskmj,1.0,15728640
2026-09-16T15:04:40.256655+00:00,kube-system,metrics-server-75dc6f8d87-8nrhd,16.0,67108864
2026-09-16T15:04:40.256655+00:00,kube-system,svclb-traefik-7411b517-6x8cv,0.0,0
2026-09-16T15:04:40.256655+00:00,kube-system,traefik-9bcdbbd9-gmgcc,3.0,58720256
2026-09-16T15:04:40.256655+00:00,pyroscope,pyroscope-0,6.0,97517568
2026-09-16T15:04:40.256655+00:00,pyroscope,pyroscope-alloy-0,28.0,145752064
2026-09-16T15:04:46.500523+00:00,grove-system,grove-operator-646f9c68-pfjvq,23.0,177209344
2026-09-16T15:04:46.500523+00:00,kai-scheduler,admission-86666f457d-sk7lz,1.0,16777216
2026-09-16T15:04:46.500523+00:00,kai-scheduler,binder-869fc94c7-dc7lv,20.0,104857600
2026-09-16T15:04:46.500523+00:00,kai-scheduler,kai-operator-69b5d7bcf7-qxvz5,1.0,67108864
2026-09-16T15:04:46.500523+00:00,kai-scheduler,kai-scheduler-default-7f5cd888f7-lh8cb,21.0,109051904
2026-09-16T15:04:46.500523+00:00,kai-scheduler,pod-grouper-65456f756-4l2jm,1.0,11534336
2026-09-16T15:04:46.500523+00:00,kai-scheduler,podgroup-controller-68f9cc8dbf-2qvq4,1.0,11534336
2026-09-16T15:04:46.500523+00:00,kai-scheduler,queue-controller-f86fcd76c-gllp2,1.0,13631488
2026-09-16T15:04:46.500523+00:00,kube-system,coredns-8db54c48d-jsq8b,3.0,27262976
2026-09-16T15:04:46.500523+00:00,kube-system,kwok-controller-5cf8c7c44b-x7xbp,45.0,41943040
2026-09-16T15:04:46.500523+00:00,kube-system,local-path-provisioner-5d9d9885bc-vskmj,1.0,15728640
2026-09-16T15:04:46.500523+00:00,kube-system,metrics-server-75dc6f8d87-8nrhd,19.0,66060288
2026-09-16T15:04:46.500523+00:00,kube-system,svclb-traefik-7411b517-6x8cv,0.0,0
2026-09-16T15:04:46.500523+00:00,kube-system,traefik-9bcdbbd9-gmgcc,3.0,58720256
2026-09-16T15:04:46.500523+00:00,pyroscope,pyroscope-0,6.0,96468992
2026-09-16T15:04:46.500523+00:00,pyroscope,pyroscope-alloy-0,26.0,144703488
2026-09-16T15:04:52.740322+00:00,grove-system,grove-operator-646f9c68-pfjvq,23.0,177209344
2026-09-16T15:04:52.740322+00:00,kai-scheduler,admission-86666f457d-sk7lz,1.0,16777216
2026-09-16T15:04:52.740322+00:00,kai-scheduler,binder-869fc94c7-dc7lv,20.0,104857600
2026-09-16T15:04:52.740322+00:00,kai-scheduler,kai-operator-69b5d7bcf7-qxvz5,1.0,67108864
2026-09-16T15:04:52.740322+00:00,kai-scheduler,kai-scheduler-default-7f5cd888f7-lh8cb,21.0,109051904
2026-09-16T15:04:52.740322+00:00,kai-scheduler,pod-grouper-65456f756-4l2jm,1.0,11534336
2026-09-16T15:04:52.740322+00:00,kai-scheduler,podgroup-controller-68f9cc8dbf-2qvq4,1.0,11534336
2026-09-16T15:04:52.740322+00:00,kai-scheduler,queue-controller-f86fcd76c-gllp2,1.0,13631488
2026-09-16T15:04:52.740322+00:00,kube-system,coredns-8db54c48d-jsq8b,3.0,27262976
2026-09-16T15:04:52.740322+00:00,kube-system,kwok-controller-5cf8c7c44b-x7xbp,45.0,41943040
2026-09-16T15:04:52.740322+00:00,kube-system,local-path-provisioner-5d9d9885bc-vskmj,1.0,15728640
2026-09-16T15:04:52.740322+00:00,kube-system,metrics-server-75dc6f8d87-8nrhd,19.0,66060288
2026-09-16T15:04:52.740322+00:00,kube-system,svclb-traefik-7411b517-6x8cv,0.0,0
2026-09-16T15:04:52.740322+00:00,kube-system,traefik-9bcdbbd9-gmgcc,3.0,58720256
2026-09-16T15:04:52.740322+00:00,pyroscope,pyroscope-0,6.0,96468992
2026-09-16T15:04:52.740322+00:00,pyroscope,pyroscope-alloy-0,26.0,144703488
2026-09-16T15:04:58.980390+00:00,grove-system,grove-operator-646f9c68-pfjvq,20.0,173015040
2026-09-16T15:04:58.980390+00:00,kai-scheduler,admission-86666f457d-sk7lz,1.0,16777216
2026-09-16T15:04:58.980390+00:00,kai-scheduler,binder-869fc94c7-dc7lv,21.0,97517568
2026-09-16T15:04:58.980390+00:00,kai-scheduler,kai-operator-69b5d7bcf7-qxvz5,2.0,60817408
2026-09-16T15:04:58.980390+00:00,kai-scheduler,kai-scheduler-default-7f5cd888f7-lh8cb,21.0,109051904
2026-09-16T15:04:58.980390+00:00,kai-scheduler,pod-grouper-65456f756-4l2jm,1.0,11534336
2026-09-16T15:04:58.980390+00:00,kai-scheduler,podgroup-controller-68f9cc8dbf-2qvq4,1.0,11534336
2026-09-16T15:04:58.980390+00:00,kai-scheduler,queue-controller-f86fcd76c-gllp2,1.0,13631488
2026-09-16T15:04:58.980390+00:00,kube-system,coredns-8db54c48d-jsq8b,3.0,28311552
2026-09-16T15:04:58.980390+00:00,kube-system,kwok-controller-5cf8c7c44b-x7xbp,41.0,41943040
2026-09-16T15:04:58.980390+00:00,kube-system,local-path-provisioner-5d9d9885bc-vskmj,1.0,15728640
2026-09-16T15:04:58.980390+00:00,kube-system,metrics-server-75dc6f8d87-8nrhd,15.0,65011712
2026-09-16T15:04:58.980390+00:00,kube-system,svclb-traefik-7411b517-6x8cv,0.0,0
2026-09-16T15:04:58.980390+00:00,kube-system,traefik-9bcdbbd9-gmgcc,3.0,59768832
2026-09-16T15:04:58.980390+00:00,pyroscope,pyroscope-0,6.0,95420416
2026-09-16T15:04:58.980390+00:00,pyroscope,pyroscope-alloy-0,24.0,149946368
