timestamp,namespace,pod,cpu_millicores,mem_bytes
2026-09-16T16:00:17.975055+00:00,grove-system,grove-operator-7b994569fd-lwmw9,3.0,31457280
2026-09-16T16:00:17.975055+00:00,kai-scheduler,admission-86666f457d-lncc2,1.0,13631488
2026-09-16T16:00:17.975055+00:00,kai-scheduler,binder-869fc94c7-clrrp,13.0,45088768
2026-09-16T16:00:17.975055+00:00,kai-scheduler,kai-operator-69b5d7bcf7-bs8zr,13.0,83886080
2026-09-16T16:00:17.975055+00:00,kai-scheduler,kai-scheduler-default-5c5797d5c6-84x7t,17.0,102760448
2026-09-16T16:00:17.975055+00:00,kai-scheduler,pod-grouper-65456f756-cd5jq,1.0,11534336
2026-09-16T16:00:17.975055+00:00,kai-scheduler,podgroup-controller-68f9cc8dbf-hqvxr,1.0,11534336
2026-09-16T16:00:17.975055+00:00,kai-scheduler,queue-controller-f86fcd76c-8pmz6,1.0,11534336
2026-09-16T16:00:17.975055+00:00,kube-system,coredns-8db54c48d-mbmzd,2.0,20971520
2026-09-16T16:00:17.975055+00:00,kube-system,kwok-controller-5cf8c7c44b-z7cwp,47.0,55574528
2026-09-16T16:00:17.975055+00:00,kube-system,local-path-provisioner-5d9d9885bc-q4th8,1.0,13631488
2026-09-16T16:00:17.975055+00:00,kube-system,metrics-server-786d997795-kqkd8,46.0,136314880
2026-09-16T16:00:17.975055+00:00,kube-system,svclb-traefik-95f97b9d-mhlvx,0.0,0
2026-09-16T16:00:17.975055+00:00,kube-system,traefik-9bcdbbd9-qkrql,14.0,69206016
2026-09-16T16:00:17.975055+00:00,pyroscope,pyroscope-0,5.0,35651584
2026-09-16T16:00:17.975055+00:00,pyroscope,pyroscope-alloy-0,5.0,82837504
2026-09-16T16:00:49.239945+00:00,grove-system,grove-operator-7b994569fd-lwmw9,3.0,33554432
2026-09-16T16:00:49.239945+00:00,kai-scheduler,admission-86666f457d-lncc2,1.0,13631488
2026-09-16T16:00:49.239945+00:00,kai-scheduler,binder-869fc94c7-clrrp,30.0,47185920
2026-09-16T16:00:49.239945+00:00,kai-scheduler,kai-operator-69b5d7bcf7-bs8zr,25.0,87031808
2026-09-16T16:00:49.239945+00:00,kai-scheduler,kai-scheduler-default-5c5797d5c6-84x7t,31.0,98566144
2026-09-16T16:00:49.239945+00:00,kai-scheduler,pod-grouper-65456f756-cd5jq,1.0,11534336
2026-09-16T16:00:49.239945+00:00,kai-scheduler,podgroup-controller-68f9cc8dbf-hqvxr,1.0,11534336
2026-09-16T16:00:49.239945+00:00,kai-scheduler,queue-controller-f86fcd76c-8pmz6,1.0,11534336
2026-09-16T16:00:49.239945+00:00,kube-system,coredns-8db54c48d-mbmzd,2.0,23068672
2026-09-16T16:00:49.239945+00:00,kube-system,kwok-controller-5cf8c7c44b-z7cwp,88.0,51380224
2026-09-16T16:00:49.239945+00:00,kube-system,local-path-provisioner-5d9d9885bc-q4th8,1.0,15728640
2026-09-16T16:00:49.239945+00:00,kube-system,metrics-server-75dc6f8d87-jvlxg,52.0,87031808
2026-09-16T16:00:49.239945+00:00,kube-system,metrics-server-786d997795-kqkd8,57.0,138412032
2026-09-16T16:00:49.239945+00:00,kube-system,svclb-traefik-95f97b9d-mhlvx,0.0,0
2026-09-16T16:00:49.239945+00:00,kube-system,traefik-9bcdbbd9-qkrql,44.0,77594624
2026-09-16T16:00:49.239945+00:00,pyroscope,pyroscope-0,4.0,41943040
2026-09-16T16:00:49.239945+00:00,pyroscope,pyroscope-alloy-0,7.0,89128960
2026-09-16T16:01:20.515246+00:00,grove-system,grove-operator-7b994569fd-lwmw9,7.0,41943040
2026-09-16T16:01:20.515246+00:00,kai-scheduler,admission-86666f457d-lncc2,1.0,13631488
2026-09-16T16:01:20.515246+00:00,kai-scheduler,binder-869fc94c7-clrrp,33.0,48234496
2026-09-16T16:01:20.515246+00:00,kai-scheduler,kai-operator-69b5d7bcf7-bs8zr,26.0,90177536
2026-09-16T16:01:20.515246+00:00,kai-scheduler,kai-scheduler-default-5c5797d5c6-84x7t,41.0,103809024
2026-09-16T16:01:20.515246+00:00,kai-scheduler,pod-grouper-65456f756-cd5jq,1.0,11534336
2026-09-16T16:01:20.515246+00:00,kai-scheduler,podgroup-controller-68f9cc8dbf-hqvxr,1.0,11534336
2026-09-16T16:01:20.515246+00:00,kai-scheduler,queue-controller-f86fcd76c-8pmz6,1.0,11534336
2026-09-16T16:01:20.515246+00:00,kube-system,coredns-8db54c48d-mbmzd,2.0,23068672
2026-09-16T16:01:20.515246+00:00,kube-system,kwok-controller-5cf8c7c44b-z7cwp,86.0,51380224
2026-09-16T16:01:20.515246+00:00,kube-system,local-path-provisioner-5d9d9885bc-q4th8,1.0,15728640
2026-09-16T16:01:20.515246+00:00,kube-system,metrics-server-75dc6f8d87-jvlxg,52.0,111149056
2026-09-16T16:01:20.515246+00:00,kube-system,svclb-traefik-95f97b9d-mhlvx,0.0,0
2026-09-16T16:01:20.515246+00:00,kube-system,traefik-9bcdbbd9-qkrql,51.0,77594624
2026-09-16T16:01:20.515246+00:00,pyroscope,pyroscope-0,5.0,46137344
2026-09-16T16:01:20.515246+00:00,pyroscope,pyroscope-alloy-0,6.0,90177536
2026-09-16T16:01:51.768468+00:00,grove-system,grove-operator-7b994569fd-lwmw9,4.0,49283072
2026-09-16T16:01:51.768468+00:00,kai-scheduler,admission-86666f457d-lncc2,1.0,13631488
2026-09-16T16:01:51.768468+00:00,kai-scheduler,binder-869fc94c7-clrrp,32.0,47185920
2026-09-16T16:01:51.768468+00:00,kai-scheduler,kai-operator-69b5d7bcf7-bs8zr,35.0,89128960
2026-09-16T16:01:51.768468+00:00,kai-scheduler,kai-scheduler-default-5c5797d5c6-84x7t,39.0,100663296
2026-09-16T16:01:51.768468+00:00,kai-scheduler,pod-grouper-65456f756-cd5jq,1.0,11534336
2026-09-16T16:01:51.768468+00:00,kai-scheduler,podgroup-controller-68f9cc8dbf-hqvxr,1.0,11534336
2026-09-16T16:01:51.768468+00:00,kai-scheduler,queue-controller-f86fcd76c-8pmz6,1.0,11534336
2026-09-16T16:01:51.768468+00:00,kube-system,coredns-8db54c48d-mbmzd,2.0,23068672
2026-09-16T16:01:51.768468+00:00,kube-system,kwok-controller-5cf8c7c44b-z7cwp,115.0,52428800
2026-09-16T16:01:51.768468+00:00,kube-system,local-path-provisioner-5d9d9885bc-q4th8,1.0,15728640
2026-09-16T16:01:51.768468+00:00,kube-system,metrics-server-75dc6f8d87-jvlxg,45.0,135266304
2026-09-16T16:01:51.768468+00:00,kube-system,svclb-traefik-95f97b9d-mhlvx,0.0,0
2026-09-16T16:01:51.768468+00:00,kube-system,traefik-9bcdbbd9-qkrql,48.0,76546048
2026-09-16T16:01:51.768468+00:00,pyroscope,pyroscope-0,9.0,48234496
2026-09-16T16:01:51.768468+00:00,pyroscope,pyroscope-alloy-0,5.0,90177536
2026-09-16T16:02:23.019540+00:00,grove-system,grove-operator-7b994569fd-lwmw9,3.0,52428800
2026-09-16T16:02:23.019540+00:00,kai-scheduler,admission-86666f457d-lncc2,1.0,13631488
2026-09-16T16:02:23.019540+00:00,kai-scheduler,binder-869fc94c7-clrrp,33.0,48234496
2026-09-16T16:02:23.019540+00:00,kai-scheduler,kai-operator-69b5d7bcf7-bs8zr,35.0,88080384
2026-09-16T16:02:23.019540+00:00,kai-scheduler,kai-scheduler-default-5c5797d5c6-84x7t,37.0,100663296
2026-09-16T16:02:23.019540+00:00,kai-scheduler,pod-grouper-65456f756-cd5jq,1.0,11534336
2026-09-16T16:02:23.019540+00:00,kai-scheduler,podgroup-controller-68f9cc8dbf-hqvxr,1.0,11534336
2026-09-16T16:02:23.019540+00:00,kai-scheduler,queue-controller-f86fcd76c-8pmz6,1.0,11534336
2026-09-16T16:02:23.019540+00:00,kube-system,coredns-8db54c48d-mbmzd,2.0,23068672
2026-09-16T16:02:23.019540+00:00,kube-system,kwok-controller-5cf8c7c44b-z7cwp,115.0,52428800
2026-09-16T16:02:23.019540+00:00,kube-system,local-path-provisioner-5d9d9885bc-q4th8,1.0,15728640
2026-09-16T16:02:23.019540+00:00,kube-system,metrics-server-75dc6f8d87-jvlxg,54.0,136314880
2026-09-16T16:02:23.019540+00:00,kube-system,svclb-traefik-95f97b9d-mhlvx,0.0,0
2026-09-16T16:02:23.019540+00:00,kube-system,traefik-9bcdbbd9-qkrql,47.0,78643200
2026-09-16T16:02:23.019540+00:00,pyroscope,pyroscope-0,4.0,50331648
2026-09-16T16:02:23.019540+00:00,pyroscope,pyroscope-alloy-0,3.0,90177536
2026-09-16T16:02:54.270688+00:00,grove-system,grove-operator-7b994569fd-lwmw9,260.0,163577856
2026-09-16T16:02:54.270688+00:00,kai-scheduler,admission-86666f457d-lncc2,1.0,13631488
2026-09-16T16:02:54.270688+00:00,kai-scheduler,binder-869fc94c7-clrrp,9.0,46137344
2026-09-16T16:02:54.270688+00:00,kai-scheduler,kai-operator-69b5d7bcf7-bs8zr,47.0,90177536
2026-09-16T16:02:54.270688+00:00,kai-scheduler,kai-scheduler-default-5c5797d5c6-84x7t,20.0,102760448
2026-09-16T16:02:54.270688+00:00,kai-scheduler,pod-grouper-65456f756-cd5jq,1.0,11534336
2026-09-16T16:02:54.270688+00:00,kai-scheduler,podgroup-controller-68f9cc8dbf-hqvxr,1.0,11534336
2026-09-16T16:02:54.270688+00:00,kai-scheduler,queue-controller-f86fcd76c-8pmz6,1.0,11534336
2026-09-16T16:02:54.270688+00:00,kube-system,coredns-8db54c48d-mbmzd,36.0,28311552
2026-09-16T16:02:54.270688+00:00,kube-system,kwok-controller-5cf8c7c44b-z7cwp,100.0,54525952
2026-09-16T16:02:54.270688+00:00,kube-system,local-path-provisioner-5d9d9885bc-q4th8,1.0,15728640
2026-09-16T16:02:54.270688+00:00,kube-system,metrics-server-75dc6f8d87-jvlxg,40.0,135266304
2026-09-16T16:02:54.270688+00:00,kube-system,svclb-traefik-95f97b9d-mhlvx,0.0,0
2026-09-16T16:02:54.270688+00:00,kube-system,traefik-9bcdbbd9-qkrql,67.0,83886080
2026-09-16T16:02:54.270688+00:00,pyroscope,pyroscope-0,5.0,73400320
2026-09-16T16:02:54.270688+00:00,pyroscope,pyroscope-alloy-0,4.0,94371840
2026-09-16T16:03:25.518957+00:00,grove-system,grove-operator-7b994569fd-lwmw9,211.0,165675008
2026-09-16T16:03:25.518957+00:00,kai-scheduler,admission-86666f457d-lncc2,1.0,13631488
2026-09-16T16:03:25.518957+00:00,kai-scheduler,binder-869fc94c7-clrrp,9.0,47185920
2026-09-16T16:03:25.518957+00:00,kai-scheduler,kai-operator-69b5d7bcf7-bs8zr,40.0,91226112
2026-09-16T16:03:25.518957+00:00,kai-scheduler,kai-scheduler-default-5c5797d5c6-84x7t,18.0,103809024
2026-09-16T16:03:25.518957+00:00,kai-scheduler,pod-grouper-65456f756-cd5jq,1.0,11534336
2026-09-16T16:03:25.518957+00:00,kai-scheduler,podgroup-controller-68f9cc8dbf-hqvxr,1.0,11534336
2026-09-16T16:03:25.518957+00:00,kai-scheduler,queue-controller-f86fcd76c-8pmz6,1.0,11534336
2026-09-16T16:03:25.518957+00:00,kube-system,coredns-8db54c48d-mbmzd,24.0,32505856
2026-09-16T16:03:25.518957+00:00,kube-system,kwok-controller-5cf8c7c44b-z7cwp,72.0,51380224
2026-09-16T16:03:25.518957+00:00,kube-system,local-path-provisioner-5d9d9885bc-q4th8,1.0,15728640
2026-09-16T16:03:25.518957+00:00,kube-system,metrics-server-75dc6f8d87-jvlxg,44.0,137363456
2026-09-16T16:03:25.518957+00:00,kube-system,svclb-traefik-95f97b9d-mhlvx,0.0,0
2026-09-16T16:03:25.518957+00:00,kube-system,traefik-9bcdbbd9-qkrql,74.0,122683392
2026-09-16T16:03:25.518957+00:00,pyroscope,pyroscope-0,6.0,69206016
2026-09-16T16:03:25.518957+00:00,pyroscope,pyroscope-alloy-0,4.0,94371840
2026-09-16T16:03:56.761633+00:00,grove-system,grove-operator-7b994569fd-lwmw9,62.0,355467264
2026-09-16T16:03:56.761633+00:00,kai-scheduler,admission-86666f457d-lncc2,1.0,13631488
2026-09-16T16:03:56.761633+00:00,kai-scheduler,binder-869fc94c7-clrrp,1.0,46137344
2026-09-16T16:03:56.761633+00:00,kai-scheduler,kai-operator-69b5d7bcf7-bs8zr,1.0,91226112
2026-09-16T16:03:56.761633+00:00,kai-scheduler,kai-scheduler-default-5c5797d5c6-84x7t,11.0,102760448
2026-09-16T16:03:56.761633+00:00,kai-scheduler,pod-grouper-65456f756-cd5jq,1.0,11534336
2026-09-16T16:03:56.761633+00:00,kai-scheduler,podgroup-controller-68f9cc8dbf-hqvxr,1.0,11534336
2026-09-16T16:03:56.761633+00:00,kai-scheduler,queue-controller-f86fcd76c-8pmz6,1.0,11534336
2026-09-16T16:03:56.761633+00:00,kube-system,coredns-8db54c48d-mbmzd,7.0,31457280
2026-09-16T16:03:56.761633+00:00,kube-system,kwok-controller-5cf8c7c44b-z7cwp,60.0,51380224
2026-09-16T16:03:56.761633+00:00,kube-system,local-path-provisioner-5d9d9885bc-q4th8,1.0,15728640
2026-09-16T16:03:56.761633+00:00,kube-system,metrics-server-75dc6f8d87-jvlxg,25.0,137363456
2026-09-16T16:03:56.761633+00:00,kube-system,svclb-traefik-95f97b9d-mhlvx,0.0,0
2026-09-16T16:03:56.761633+00:00,kube-system,traefik-9bcdbbd9-qkrql,9.0,124780544
2026-09-16T16:03:56.761633+00:00,pyroscope,pyroscope-0,5.0,68157440
2026-09-16T16:03:56.761633+00:00,pyroscope,pyroscope-alloy-0,4.0,97517568
2026-09-16T16:04:28.006169+00:00,grove-system,grove-operator-7b994569fd-lwmw9,204.0,415236096
2026-09-16T16:04:28.006169+00:00,kai-scheduler,admission-86666f457d-lncc2,1.0,14680064
2026-09-16T16:04:28.006169+00:00,kai-scheduler,binder-869fc94c7-clrrp,1.0,46137344
2026-09-16T16:04:28.006169+00:00,kai-scheduler,kai-operator-69b5d7bcf7-bs8zr,1.0,91226112
2026-09-16T16:04:28.006169+00:00,kai-scheduler,kai-scheduler-default-5c5797d5c6-84x7t,12.0,103809024
2026-09-16T16:04:28.006169+00:00,kai-scheduler,pod-grouper-65456f756-cd5jq,1.0,11534336
2026-09-16T16:04:28.006169+00:00,kai-scheduler,podgroup-controller-68f9cc8dbf-hqvxr,1.0,11534336
2026-09-16T16:04:28.006169+00:00,kai-scheduler,queue-controller-f86fcd76c-8pmz6,1.0,11534336
2026-09-16T16:04:28.006169+00:00,kube-system,coredns-8db54c48d-mbmzd,7.0,34603008
2026-09-16T16:04:28.006169+00:00,kube-system,kwok-controller-5cf8c7c44b-z7cwp,68.0,51380224
2026-09-16T16:04:28.006169+00:00,kube-system,local-path-provisioner-5d9d9885bc-q4th8,1.0,15728640
2026-09-16T16:04:28.006169+00:00,kube-system,metrics-server-75dc6f8d87-jvlxg,28.0,137363456
2026-09-16T16:04:28.006169+00:00,kube-system,svclb-traefik-95f97b9d-mhlvx,0.0,0
2026-09-16T16:04:28.006169+00:00,kube-system,traefik-9bcdbbd9-qkrql,13.0,137363456
2026-09-16T16:04:28.006169+00:00,pyroscope,pyroscope-0,4.0,69206016
2026-09-16T16:04:28.006169+00:00,pyroscope,pyroscope-alloy-0,5.0,97517568
2026-09-16T16:04:59.247904+00:00,grove-system,grove-operator-7b994569fd-lwmw9,162.0,404750336
2026-09-16T16:04:59.247904+00:00,kai-scheduler,admission-86666f457d-lncc2,1.0,13631488
2026-09-16T16:04:59.247904+00:00,kai-scheduler,binder-869fc94c7-clrrp,2.0,46137344
2026-09-16T16:04:59.247904+00:00,kai-scheduler,kai-operator-69b5d7bcf7-bs8zr,1.0,91226112
2026-09-16T16:04:59.247904+00:00,kai-scheduler,kai-scheduler-default-5c5797d5c6-84x7t,13.0,103809024
2026-09-16T16:04:59.247904+00:00,kai-scheduler,pod-grouper-65456f756-cd5jq,1.0,11534336
2026-09-16T16:04:59.247904+00:00,kai-scheduler,podgroup-controller-68f9cc8dbf-hqvxr,1.0,11534336
2026-09-16T16:04:59.247904+00:00,kai-scheduler,queue-controller-f86fcd76c-8pmz6,1.0,11534336
2026-09-16T16:04:59.247904+00:00,kube-system,coredns-8db54c48d-mbmzd,7.0,33554432
2026-09-16T16:04:59.247904+00:00,kube-system,kwok-controller-5cf8c7c44b-z7cwp,72.0,56623104
2026-09-16T16:04:59.247904+00:00,kube-system,local-path-provisioner-5d9d9885bc-q4th8,1.0,15728640
2026-09-16T16:04:59.247904+00:00,kube-system,metrics-server-75dc6f8d87-jvlxg,34.0,148897792
2026-09-16T16:04:59.247904+00:00,kube-system,svclb-traefik-95f97b9d-mhlvx,0.0,0
2026-09-16T16:04:59.247904+00:00,kube-system,traefik-9bcdbbd9-qkrql,10.0,138412032
2026-09-16T16:04:59.247904+00:00,pyroscope,pyroscope-0,4.0,69206016
2026-09-16T16:04:59.247904+00:00,pyroscope,pyroscope-alloy-0,8.0,96468992
2026-09-16T16:05:30.500518+00:00,grove-system,grove-operator-7b994569fd-lwmw9,544.0,436207616
2026-09-16T16:05:30.500518+00:00,kai-scheduler,admission-86666f457d-lncc2,1.0,13631488
2026-09-16T16:05:30.500518+00:00,kai-scheduler,binder-869fc94c7-clrrp,43.0,69206016
2026-09-16T16:05:30.500518+00:00,kai-scheduler,kai-operator-69b5d7bcf7-bs8zr,1.0,92274688
2026-09-16T16:05:30.500518+00:00,kai-scheduler,kai-scheduler-default-5c5797d5c6-84x7t,42.0,111149056
2026-09-16T16:05:30.500518+00:00,kai-scheduler,pod-grouper-65456f756-cd5jq,1.0,11534336
2026-09-16T16:05:30.500518+00:00,kai-scheduler,podgroup-controller-68f9cc8dbf-hqvxr,1.0,11534336
2026-09-16T16:05:30.500518+00:00,kai-scheduler,queue-controller-f86fcd76c-8pmz6,1.0,11534336
2026-09-16T16:05:30.500518+00:00,kube-system,coredns-8db54c48d-mbmzd,8.0,34603008
2026-09-16T16:05:30.500518+00:00,kube-system,kwok-controller-5cf8c7c44b-z7cwp,60.0,51380224
2026-09-16T16:05:30.500518+00:00,kube-system,local-path-provisioner-5d9d9885bc-q4th8,1.0,15728640
2026-09-16T16:05:30.500518+00:00,kube-system,metrics-server-75dc6f8d87-jvlxg,29.0,147849216
2026-09-16T16:05:30.500518+00:00,kube-system,svclb-traefik-95f97b9d-mhlvx,0.0,0
2026-09-16T16:05:30.500518+00:00,kube-system,traefik-9bcdbbd9-qkrql,11.0,136314880
2026-09-16T16:05:30.500518+00:00,pyroscope,pyroscope-0,6.0,69206016
2026-09-16T16:05:30.500518+00:00,pyroscope,pyroscope-alloy-0,22.0,98566144
2026-09-16T16:06:01.753049+00:00,grove-system,grove-operator-7b994569fd-lwmw9,547.0,500170752
2026-09-16T16:06:01.753049+00:00,kai-scheduler,admission-86666f457d-lncc2,1.0,13631488
2026-09-16T16:06:01.753049+00:00,kai-scheduler,binder-869fc94c7-clrrp,48.0,116391936
2026-09-16T16:06:01.753049+00:00,kai-scheduler,kai-operator-69b5d7bcf7-bs8zr,1.0,91226112
2026-09-16T16:06:01.753049+00:00,kai-scheduler,kai-scheduler-default-5c5797d5c6-84x7t,54.0,204472320
2026-09-16T16:06:01.753049+00:00,kai-scheduler,pod-grouper-65456f756-cd5jq,1.0,11534336
2026-09-16T16:06:01.753049+00:00,kai-scheduler,podgroup-controller-68f9cc8dbf-hqvxr,1.0,11534336
2026-09-16T16:06:01.753049+00:00,kai-scheduler,queue-controller-f86fcd76c-8pmz6,1.0,11534336
2026-09-16T16:06:01.753049+00:00,kube-system,coredns-8db54c48d-mbmzd,8.0,34603008
2026-09-16T16:06:01.753049+00:00,kube-system,kwok-controller-5cf8c7c44b-z7cwp,108.0,55574528
2026-09-16T16:06:01.753049+00:00,kube-system,local-path-provisioner-5d9d9885bc-q4th8,1.0,15728640
2026-09-16T16:06:01.753049+00:00,kube-system,metrics-server-75dc6f8d87-jvlxg,32.0,147849216
2026-09-16T16:06:01.753049+00:00,kube-system,svclb-traefik-95f97b9d-mhlvx,0.0,0
2026-09-16T16:06:01.753049+00:00,kube-system,traefik-9bcdbbd9-qkrql,12.0,147849216
2026-09-16T16:06:01.753049+00:00,pyroscope,pyroscope-0,6.0,69206016
2026-09-16T16:06:01.753049+00:00,pyroscope,pyroscope-alloy-0,37.0,120586240
2026-09-16T16:06:33.011250+00:00,grove-system,grove-operator-7b994569fd-lwmw9,555.0,547356672
2026-09-16T16:06:33.011250+00:00,kai-scheduler,admission-86666f457d-lncc2,1.0,13631488
2026-09-16T16:06:33.011250+00:00,kai-scheduler,binder-869fc94c7-clrrp,46.0,181403648
2026-09-16T16:06:33.011250+00:00,kai-scheduler,kai-operator-69b5d7bcf7-bs8zr,1.0,91226112
2026-09-16T16:06:33.011250+00:00,kai-scheduler,kai-scheduler-default-5c5797d5c6-84x7t,65.0,296747008
2026-09-16T16:06:33.011250+00:00,kai-scheduler,pod-grouper-65456f756-cd5jq,1.0,11534336
2026-09-16T16:06:33.011250+00:00,kai-scheduler,podgroup-controller-68f9cc8dbf-hqvxr,1.0,11534336
2026-09-16T16:06:33.011250+00:00,kai-scheduler,queue-controller-f86fcd76c-8pmz6,1.0,11534336
2026-09-16T16:06:33.011250+00:00,kube-system,coredns-8db54c48d-mbmzd,9.0,36700160
2026-09-16T16:06:33.011250+00:00,kube-system,kwok-controller-5cf8c7c44b-z7cwp,98.0,59768832
2026-09-16T16:06:33.011250+00:00,kube-system,local-path-provisioner-5d9d9885bc-q4th8,1.0,15728640
2026-09-16T16:06:33.011250+00:00,kube-system,metrics-server-75dc6f8d87-jvlxg,35.0,147849216
2026-09-16T16:06:33.011250+00:00,kube-system,svclb-traefik-95f97b9d-mhlvx,0.0,0
2026-09-16T16:06:33.011250+00:00,kube-system,traefik-9bcdbbd9-qkrql,18.0,156237824
2026-09-16T16:06:33.011250+00:00,pyroscope,pyroscope-0,7.0,69206016
2026-09-16T16:06:33.011250+00:00,pyroscope,pyroscope-alloy-0,33.0,146800640
2026-09-16T16:07:04.332288+00:00,grove-system,grove-operator-7b994569fd-lwmw9,563.0,643825664
2026-09-16T16:07:04.332288+00:00,kai-scheduler,admission-86666f457d-lncc2,1.0,13631488
2026-09-16T16:07:04.332288+00:00,kai-scheduler,kai-operator-69b5d7bcf7-bs8zr,7.0,92274688
2026-09-16T16:07:04.332288+00:00,kai-scheduler,kai-scheduler-default-5c5797d5c6-84x7t,76.0,397410304
2026-09-16T16:07:04.332288+00:00,kai-scheduler,pod-grouper-65456f756-cd5jq,1.0,11534336
2026-09-16T16:07:04.332288+00:00,kai-scheduler,podgroup-controller-68f9cc8dbf-hqvxr,1.0,11534336
2026-09-16T16:07:04.332288+00:00,kai-scheduler,queue-controller-f86fcd76c-8pmz6,1.0,11534336
2026-09-16T16:07:04.332288+00:00,kube-system,coredns-8db54c48d-mbmzd,2.0,36700160
2026-09-16T16:07:04.332288+00:00,kube-system,kwok-controller-5cf8c7c44b-z7cwp,109.0,57671680
2026-09-16T16:07:04.332288+00:00,kube-system,local-path-provisioner-5d9d9885bc-q4th8,1.0,15728640
2026-09-16T16:07:04.332288+00:00,kube-system,metrics-server-75dc6f8d87-jvlxg,38.0,148897792
2026-09-16T16:07:04.332288+00:00,kube-system,svclb-traefik-95f97b9d-mhlvx,0.0,0
2026-09-16T16:07:04.332288+00:00,kube-system,traefik-9bcdbbd9-qkrql,1.0,155189248
2026-09-16T16:07:04.332288+00:00,pyroscope,pyroscope-0,8.0,170917888
2026-09-16T16:07:04.332288+00:00,pyroscope,pyroscope-alloy-0,35.0,200278016
2026-09-16T16:07:35.591647+00:00,grove-system,grove-operator-7b994569fd-lwmw9,862.0,900726784
2026-09-16T16:07:35.591647+00:00,kai-scheduler,admission-86666f457d-lncc2,1.0,13631488
2026-09-16T16:07:35.591647+00:00,kai-scheduler,kai-operator-69b5d7bcf7-bs8zr,4.0,92274688
2026-09-16T16:07:35.591647+00:00,kai-scheduler,kai-scheduler-default-5c5797d5c6-84x7t,79.0,433061888
2026-09-16T16:07:35.591647+00:00,kai-scheduler,pod-grouper-65456f756-cd5jq,1.0,11534336
2026-09-16T16:07:35.591647+00:00,kai-scheduler,podgroup-controller-68f9cc8dbf-hqvxr,1.0,11534336
2026-09-16T16:07:35.591647+00:00,kai-scheduler,queue-controller-f86fcd76c-8pmz6,1.0,11534336
2026-09-16T16:07:35.591647+00:00,kube-system,coredns-8db54c48d-mbmzd,2.0,36700160
2026-09-16T16:07:35.591647+00:00,kube-system,kwok-controller-5cf8c7c44b-z7cwp,92.0,56623104
2026-09-16T16:07:35.591647+00:00,kube-system,local-path-provisioner-5d9d9885bc-q4th8,1.0,15728640
2026-09-16T16:07:35.591647+00:00,kube-system,metrics-server-75dc6f8d87-jvlxg,32.0,147849216
2026-09-16T16:07:35.591647+00:00,kube-system,svclb-traefik-95f97b9d-mhlvx,0.0,0
2026-09-16T16:07:35.591647+00:00,kube-system,traefik-9bcdbbd9-qkrql,1.0,155189248
2026-09-16T16:07:35.591647+00:00,pyroscope,pyroscope-0,6.0,202375168
2026-09-16T16:07:35.591647+00:00,pyroscope,pyroscope-alloy-0,33.0,219152384
2026-09-16T16:08:06.845500+00:00,grove-system,grove-operator-7b994569fd-lwmw9,399.0,901775360
2026-09-16T16:08:06.845500+00:00,kai-scheduler,admission-86666f457d-lncc2,1.0,13631488
2026-09-16T16:08:06.845500+00:00,kai-scheduler,kai-operator-69b5d7bcf7-bs8zr,3.0,96468992
2026-09-16T16:08:06.845500+00:00,kai-scheduler,kai-scheduler-default-5c5797d5c6-84x7t,58.0,487587840
2026-09-16T16:08:06.845500+00:00,kai-scheduler,pod-grouper-65456f756-cd5jq,1.0,11534336
2026-09-16T16:08:06.845500+00:00,kai-scheduler,podgroup-controller-68f9cc8dbf-hqvxr,1.0,11534336
2026-09-16T16:08:06.845500+00:00,kai-scheduler,queue-controller-f86fcd76c-8pmz6,1.0,11534336
2026-09-16T16:08:06.845500+00:00,kube-system,coredns-8db54c48d-mbmzd,3.0,37748736
2026-09-16T16:08:06.845500+00:00,kube-system,kwok-controller-5cf8c7c44b-z7cwp,86.0,57671680
2026-09-16T16:08:06.845500+00:00,kube-system,local-path-provisioner-5d9d9885bc-q4th8,1.0,15728640
2026-09-16T16:08:06.845500+00:00,kube-system,metrics-server-75dc6f8d87-jvlxg,25.0,147849216
2026-09-16T16:08:06.845500+00:00,kube-system,svclb-traefik-95f97b9d-mhlvx,0.0,0
2026-09-16T16:08:06.845500+00:00,kube-system,traefik-9bcdbbd9-qkrql,1.0,155189248
2026-09-16T16:08:06.845500+00:00,pyroscope,pyroscope-0,5.0,221249536
2026-09-16T16:08:06.845500+00:00,pyroscope,pyroscope-alloy-0,5.0,245366784
2026-09-16T16:08:38.103915+00:00,grove-system,grove-operator-7b994569fd-lwmw9,891.0,1007681536
2026-09-16T16:08:38.103915+00:00,kai-scheduler,admission-86666f457d-lncc2,1.0,13631488
2026-09-16T16:08:38.103915+00:00,kai-scheduler,kai-operator-69b5d7bcf7-bs8zr,3.0,106954752
2026-09-16T16:08:38.103915+00:00,kai-scheduler,kai-scheduler-default-5c5797d5c6-84x7t,56.0,510656512
2026-09-16T16:08:38.103915+00:00,kai-scheduler,pod-grouper-65456f756-cd5jq,1.0,11534336
2026-09-16T16:08:38.103915+00:00,kai-scheduler,podgroup-controller-68f9cc8dbf-hqvxr,1.0,11534336
2026-09-16T16:08:38.103915+00:00,kai-scheduler,queue-controller-f86fcd76c-8pmz6,1.0,11534336
2026-09-16T16:08:38.103915+00:00,kube-system,coredns-8db54c48d-mbmzd,3.0,36700160
2026-09-16T16:08:38.103915+00:00,kube-system,kwok-controller-5cf8c7c44b-z7cwp,84.0,60817408
2026-09-16T16:08:38.103915+00:00,kube-system,local-path-provisioner-5d9d9885bc-q4th8,1.0,15728640
2026-09-16T16:08:38.103915+00:00,kube-system,metrics-server-75dc6f8d87-jvlxg,37.0,149946368
2026-09-16T16:08:38.103915+00:00,kube-system,svclb-traefik-95f97b9d-mhlvx,0.0,0
2026-09-16T16:08:38.103915+00:00,kube-system,traefik-9bcdbbd9-qkrql,17.0,158334976
2026-09-16T16:08:38.103915+00:00,pyroscope,pyroscope-0,6.0,124780544
2026-09-16T16:08:38.103915+00:00,pyroscope,pyroscope-alloy-0,6.0,251658240
2026-09-16T16:09:09.356043+00:00,grove-system,grove-operator-7b994569fd-lwmw9,592.0,1042284544
2026-09-16T16:09:09.356043+00:00,kai-scheduler,admission-86666f457d-lncc2,1.0,13631488
2026-09-16T16:09:09.356043+00:00,kai-scheduler,kai-operator-69b5d7bcf7-bs8zr,1.0,106954752
2026-09-16T16:09:09.356043+00:00,kai-scheduler,kai-scheduler-default-5c5797d5c6-84x7t,52.0,510656512
2026-09-16T16:09:09.356043+00:00,kai-scheduler,pod-grouper-65456f756-cd5jq,1.0,11534336
2026-09-16T16:09:09.356043+00:00,kai-scheduler,podgroup-controller-68f9cc8dbf-hqvxr,1.0,11534336
2026-09-16T16:09:09.356043+00:00,kai-scheduler,queue-controller-f86fcd76c-8pmz6,1.0,11534336
2026-09-16T16:09:09.356043+00:00,kube-system,coredns-8db54c48d-mbmzd,3.0,36700160
2026-09-16T16:09:09.356043+00:00,kube-system,kwok-controller-5cf8c7c44b-z7cwp,78.0,58720256
2026-09-16T16:09:09.356043+00:00,kube-system,local-path-provisioner-5d9d9885bc-q4th8,1.0,15728640
2026-09-16T16:09:09.356043+00:00,kube-system,metrics-server-75dc6f8d87-jvlxg,38.0,147849216
2026-09-16T16:09:09.356043+00:00,kube-system,svclb-traefik-95f97b9d-mhlvx,0.0,0
2026-09-16T16:09:09.356043+00:00,kube-system,traefik-9bcdbbd9-qkrql,1.0,157286400
2026-09-16T16:09:09.356043+00:00,pyroscope,pyroscope-0,5.0,120586240
2026-09-16T16:09:09.356043+00:00,pyroscope,pyroscope-alloy-0,6.0,251658240
2026-09-16T16:09:40.623512+00:00,grove-system,grove-operator-7b994569fd-lwmw9,651.0,1054867456
2026-09-16T16:09:40.623512+00:00,kai-scheduler,admission-86666f457d-lncc2,1.0,13631488
2026-09-16T16:09:40.623512+00:00,kai-scheduler,kai-operator-69b5d7bcf7-bs8zr,6.0,106954752
2026-09-16T16:09:40.623512+00:00,kai-scheduler,kai-scheduler-default-5c5797d5c6-84x7t,140.0,530579456
2026-09-16T16:09:40.623512+00:00,kai-scheduler,pod-grouper-65456f756-cd5jq,1.0,11534336
2026-09-16T16:09:40.623512+00:00,kai-scheduler,podgroup-controller-68f9cc8dbf-hqvxr,1.0,11534336
2026-09-16T16:09:40.623512+00:00,kai-scheduler,queue-controller-f86fcd76c-8pmz6,1.0,11534336
2026-09-16T16:09:40.623512+00:00,kube-system,coredns-8db54c48d-mbmzd,9.0,36700160
2026-09-16T16:09:40.623512+00:00,kube-system,kwok-controller-5cf8c7c44b-z7cwp,267.0,60817408
2026-09-16T16:09:40.623512+00:00,kube-system,local-path-provisioner-5d9d9885bc-q4th8,1.0,15728640
2026-09-16T16:09:40.623512+00:00,kube-system,metrics-server-75dc6f8d87-jvlxg,74.0,149946368
2026-09-16T16:09:40.623512+00:00,kube-system,svclb-traefik-95f97b9d-mhlvx,0.0,0
2026-09-16T16:09:40.623512+00:00,kube-system,traefik-9bcdbbd9-qkrql,12.0,168820736
2026-09-16T16:09:40.623512+00:00,pyroscope,pyroscope-0,8.0,121634816
2026-09-16T16:09:40.623512+00:00,pyroscope,pyroscope-alloy-0,81.0,288358400
2026-09-16T16:10:11.898524+00:00,grove-system,grove-operator-7b994569fd-lwmw9,938.0,1109393408
2026-09-16T16:10:11.898524+00:00,kai-scheduler,admission-86666f457d-lncc2,1.0,13631488
2026-09-16T16:10:11.898524+00:00,kai-scheduler,kai-operator-69b5d7bcf7-bs8zr,1.0,106954752
2026-09-16T16:10:11.898524+00:00,kai-scheduler,kai-scheduler-default-5c5797d5c6-84x7t,176.0,506462208
2026-09-16T16:10:11.898524+00:00,kai-scheduler,pod-grouper-65456f756-cd5jq,1.0,11534336
2026-09-16T16:10:11.898524+00:00,kai-scheduler,podgroup-controller-68f9cc8dbf-hqvxr,1.0,11534336
2026-09-16T16:10:11.898524+00:00,kai-scheduler,queue-controller-f86fcd76c-8pmz6,1.0,11534336
2026-09-16T16:10:11.898524+00:00,kube-system,coredns-8db54c48d-mbmzd,10.0,38797312
2026-09-16T16:10:11.898524+00:00,kube-system,kwok-controller-5cf8c7c44b-z7cwp,290.0,60817408
2026-09-16T16:10:11.898524+00:00,kube-system,local-path-provisioner-5d9d9885bc-q4th8,1.0,15728640
2026-09-16T16:10:11.898524+00:00,kube-system,metrics-server-75dc6f8d87-jvlxg,63.0,152043520
2026-09-16T16:10:11.898524+00:00,kube-system,svclb-traefik-95f97b9d-mhlvx,0.0,0
2026-09-16T16:10:11.898524+00:00,kube-system,traefik-9bcdbbd9-qkrql,12.0,176160768
2026-09-16T16:10:11.898524+00:00,pyroscope,pyroscope-0,8.0,124780544
2026-09-16T16:10:11.898524+00:00,pyroscope,pyroscope-alloy-0,110.0,298844160
2026-09-16T16:10:43.180193+00:00,grove-system,grove-operator-7b994569fd-lwmw9,665.0,1086324736
2026-09-16T16:10:43.180193+00:00,kai-scheduler,admission-86666f457d-lncc2,1.0,13631488
2026-09-16T16:10:43.180193+00:00,kai-scheduler,kai-operator-69b5d7bcf7-bs8zr,1.0,106954752
2026-09-16T16:10:43.180193+00:00,kai-scheduler,pod-grouper-65456f756-cd5jq,1.0,11534336
2026-09-16T16:10:43.180193+00:00,kai-scheduler,podgroup-controller-68f9cc8dbf-hqvxr,1.0,11534336
2026-09-16T16:10:43.180193+00:00,kai-scheduler,queue-controller-f86fcd76c-8pmz6,1.0,11534336
2026-09-16T16:10:43.180193+00:00,kube-system,coredns-8db54c48d-mbmzd,9.0,38797312
2026-09-16T16:10:43.180193+00:00,kube-system,kwok-controller-5cf8c7c44b-z7cwp,290.0,63963136
2026-09-16T16:10:43.180193+00:00,kube-system,local-path-provisioner-5d9d9885bc-q4th8,1.0,15728640
2026-09-16T16:10:43.180193+00:00,kube-system,metrics-server-75dc6f8d87-jvlxg,66.0,153092096
2026-09-16T16:10:43.180193+00:00,kube-system,svclb-traefik-95f97b9d-mhlvx,0.0,0
2026-09-16T16:10:43.180193+00:00,kube-system,traefik-9bcdbbd9-qkrql,12.0,180355072
2026-09-16T16:10:43.180193+00:00,pyroscope,pyroscope-0,9.0,121634816
2026-09-16T16:10:43.180193+00:00,pyroscope,pyroscope-alloy-0,150.0,319815680
2026-09-16T16:11:14.463118+00:00,grove-system,grove-operator-7b994569fd-lwmw9,998.0,1121976320
2026-09-16T16:11:14.463118+00:00,kai-scheduler,admission-86666f457d-lncc2,1.0,13631488
2026-09-16T16:11:14.463118+00:00,kai-scheduler,kai-operator-69b5d7bcf7-bs8zr,4.0,110100480
2026-09-16T16:11:14.463118+00:00,kai-scheduler,pod-grouper-65456f756-cd5jq,1.0,11534336
2026-09-16T16:11:14.463118+00:00,kai-scheduler,podgroup-controller-68f9cc8dbf-hqvxr,1.0,11534336
2026-09-16T16:11:14.463118+00:00,kai-scheduler,queue-controller-f86fcd76c-8pmz6,1.0,11534336
2026-09-16T16:11:14.463118+00:00,kube-system,coredns-8db54c48d-mbmzd,11.0,42991616
2026-09-16T16:11:14.463118+00:00,kube-system,kwok-controller-5cf8c7c44b-z7cwp,300.0,63963136
2026-09-16T16:11:14.463118+00:00,kube-system,local-path-provisioner-5d9d9885bc-q4th8,1.0,15728640
2026-09-16T16:11:14.463118+00:00,kube-system,metrics-server-75dc6f8d87-jvlxg,67.0,183500800
2026-09-16T16:11:14.463118+00:00,kube-system,svclb-traefik-95f97b9d-mhlvx,0.0,0
2026-09-16T16:11:14.463118+00:00,kube-system,traefik-9bcdbbd9-qkrql,12.0,179306496
2026-09-16T16:11:14.463118+00:00,pyroscope,pyroscope-0,9.0,123731968
2026-09-16T16:11:14.463118+00:00,pyroscope,pyroscope-alloy-0,133.0,333447168
2026-09-16T16:11:45.726385+00:00,grove-system,grove-operator-7b994569fd-lwmw9,813.0,1212153856
2026-09-16T16:11:45.726385+00:00,kai-scheduler,admission-86666f457d-lncc2,1.0,13631488
2026-09-16T16:11:45.726385+00:00,kai-scheduler,kai-operator-69b5d7bcf7-bs8zr,6.0,106954752
2026-09-16T16:11:45.726385+00:00,kai-scheduler,pod-grouper-65456f756-cd5jq,1.0,11534336
2026-09-16T16:11:45.726385+00:00,kai-scheduler,podgroup-controller-68f9cc8dbf-hqvxr,1.0,11534336
2026-09-16T16:11:45.726385+00:00,kai-scheduler,queue-controller-f86fcd76c-8pmz6,1.0,11534336
2026-09-16T16:11:45.726385+00:00,kube-system,coredns-8db54c48d-mbmzd,9.0,42991616
2026-09-16T16:11:45.726385+00:00,kube-system,kwok-controller-5cf8c7c44b-z7cwp,312.0,72351744
2026-09-16T16:11:45.726385+00:00,kube-system,local-path-provisioner-5d9d9885bc-q4th8,1.0,15728640
2026-09-16T16:11:45.726385+00:00,kube-system,metrics-server-75dc6f8d87-jvlxg,65.0,182452224
2026-09-16T16:11:45.726385+00:00,kube-system,svclb-traefik-95f97b9d-mhlvx,0.0,0
2026-09-16T16:11:45.726385+00:00,kube-system,traefik-9bcdbbd9-qkrql,12.0,180355072
2026-09-16T16:11:45.726385+00:00,pyroscope,pyroscope-0,6.0,125829120
2026-09-16T16:11:45.726385+00:00,pyroscope,pyroscope-alloy-0,206.0,389021696
2026-09-16T16:12:17.027716+00:00,grove-system,grove-operator-7b994569fd-lwmw9,484.0,1181745152
2026-09-16T16:12:17.027716+00:00,kai-scheduler,admission-86666f457d-lncc2,1.0,13631488
2026-09-16T16:12:17.027716+00:00,kai-scheduler,kai-operator-69b5d7bcf7-bs8zr,1.0,106954752
2026-09-16T16:12:17.027716+00:00,kai-scheduler,pod-grouper-65456f756-cd5jq,1.0,11534336
2026-09-16T16:12:17.027716+00:00,kai-scheduler,podgroup-controller-68f9cc8dbf-hqvxr,1.0,11534336
2026-09-16T16:12:17.027716+00:00,kai-scheduler,queue-controller-f86fcd76c-8pmz6,1.0,11534336
2026-09-16T16:12:17.027716+00:00,kube-system,coredns-8db54c48d-mbmzd,8.0,44040192
2026-09-16T16:12:17.027716+00:00,kube-system,kwok-controller-5cf8c7c44b-z7cwp,297.0,73400320
2026-09-16T16:12:17.027716+00:00,kube-system,local-path-provisioner-5d9d9885bc-q4th8,1.0,15728640
2026-09-16T16:12:17.027716+00:00,kube-system,metrics-server-75dc6f8d87-jvlxg,58.0,190840832
2026-09-16T16:12:17.027716+00:00,kube-system,svclb-traefik-95f97b9d-mhlvx,0.0,0
2026-09-16T16:12:17.027716+00:00,kube-system,traefik-9bcdbbd9-qkrql,12.0,179306496
2026-09-16T16:12:17.027716+00:00,pyroscope,pyroscope-0,7.0,125829120
2026-09-16T16:12:17.027716+00:00,pyroscope,pyroscope-alloy-0,197.0,408944640
2026-09-16T16:12:48.276034+00:00,grove-system,grove-operator-7b994569fd-lwmw9,633.0,1275068416
2026-09-16T16:12:48.276034+00:00,kai-scheduler,admission-86666f457d-lncc2,1.0,13631488
2026-09-16T16:12:48.276034+00:00,kai-scheduler,kai-operator-69b5d7bcf7-bs8zr,5.0,106954752
2026-09-16T16:12:48.276034+00:00,kai-scheduler,pod-grouper-65456f756-cd5jq,1.0,11534336
2026-09-16T16:12:48.276034+00:00,kai-scheduler,podgroup-controller-68f9cc8dbf-hqvxr,1.0,11534336
2026-09-16T16:12:48.276034+00:00,kai-scheduler,queue-controller-f86fcd76c-8pmz6,1.0,11534336
2026-09-16T16:12:48.276034+00:00,kube-system,coredns-8db54c48d-mbmzd,8.0,44040192
2026-09-16T16:12:48.276034+00:00,kube-system,kwok-controller-5cf8c7c44b-z7cwp,200.0,71303168
2026-09-16T16:12:48.276034+00:00,kube-system,local-path-provisioner-5d9d9885bc-q4th8,1.0,15728640
2026-09-16T16:12:48.276034+00:00,kube-system,metrics-server-75dc6f8d87-jvlxg,36.0,190840832
2026-09-16T16:12:48.276034+00:00,kube-system,svclb-traefik-95f97b9d-mhlvx,0.0,0
2026-09-16T16:12:48.276034+00:00,kube-system,traefik-9bcdbbd9-qkrql,12.0,180355072
2026-09-16T16:12:48.276034+00:00,pyroscope,pyroscope-0,22.0,162529280
2026-09-16T16:12:48.276034+00:00,pyroscope,pyroscope-alloy-0,121.0,406847488
2026-09-16T16:13:19.526950+00:00,grove-system,grove-operator-7b994569fd-lwmw9,573.0,1248854016
2026-09-16T16:13:19.526950+00:00,kai-scheduler,admission-86666f457d-lncc2,1.0,13631488
2026-09-16T16:13:19.526950+00:00,kai-scheduler,kai-operator-69b5d7bcf7-bs8zr,1.0,106954752
2026-09-16T16:13:19.526950+00:00,kai-scheduler,pod-grouper-65456f756-cd5jq,1.0,11534336
2026-09-16T16:13:19.526950+00:00,kai-scheduler,podgroup-controller-68f9cc8dbf-hqvxr,1.0,11534336
2026-09-16T16:13:19.526950+00:00,kai-scheduler,queue-controller-f86fcd76c-8pmz6,1.0,11534336
2026-09-16T16:13:19.526950+00:00,kube-system,coredns-8db54c48d-mbmzd,8.0,45088768
2026-09-16T16:13:19.526950+00:00,kube-system,kwok-controller-5cf8c7c44b-z7cwp,78.0,71303168
2026-09-16T16:13:19.526950+00:00,kube-system,local-path-provisioner-5d9d9885bc-q4th8,1.0,15728640
2026-09-16T16:13:19.526950+00:00,kube-system,metrics-server-75dc6f8d87-jvlxg,33.0,211812352
2026-09-16T16:13:19.526950+00:00,kube-system,svclb-traefik-95f97b9d-mhlvx,0.0,0
2026-09-16T16:13:19.526950+00:00,kube-system,traefik-9bcdbbd9-qkrql,11.0,182452224
2026-09-16T16:13:19.526950+00:00,pyroscope,pyroscope-0,6.0,146800640
2026-09-16T16:13:19.526950+00:00,pyroscope,pyroscope-alloy-0,5.0,427819008
2026-09-16T16:13:50.776466+00:00,grove-system,grove-operator-7b994569fd-lwmw9,121.0,1247805440
2026-09-16T16:13:50.776466+00:00,kai-scheduler,admission-86666f457d-lncc2,1.0,13631488
2026-09-16T16:13:50.776466+00:00,kai-scheduler,kai-operator-69b5d7bcf7-bs8zr,5.0,108003328
2026-09-16T16:13:50.776466+00:00,kai-scheduler,pod-grouper-65456f756-cd5jq,1.0,11534336
2026-09-16T16:13:50.776466+00:00,kai-scheduler,podgroup-controller-68f9cc8dbf-hqvxr,1.0,11534336
2026-09-16T16:13:50.776466+00:00,kai-scheduler,queue-controller-f86fcd76c-8pmz6,1.0,11534336
2026-09-16T16:13:50.776466+00:00,kube-system,coredns-8db54c48d-mbmzd,8.0,44040192
2026-09-16T16:13:50.776466+00:00,kube-system,kwok-controller-5cf8c7c44b-z7cwp,92.0,73400320
2026-09-16T16:13:50.776466+00:00,kube-system,local-path-provisioner-5d9d9885bc-q4th8,1.0,15728640
2026-09-16T16:13:50.776466+00:00,kube-system,metrics-server-75dc6f8d87-jvlxg,26.0,210763776
2026-09-16T16:13:50.776466+00:00,kube-system,svclb-traefik-95f97b9d-mhlvx,0.0,0
2026-09-16T16:13:50.776466+00:00,kube-system,traefik-9bcdbbd9-qkrql,11.0,181403648
2026-09-16T16:13:50.776466+00:00,pyroscope,pyroscope-0,6.0,133169152
2026-09-16T16:13:50.776466+00:00,pyroscope,pyroscope-alloy-0,6.0,436207616
2026-09-16T16:14:22.027876+00:00,grove-system,grove-operator-7b994569fd-lwmw9,380.0,1251999744
2026-09-16T16:14:22.027876+00:00,kai-scheduler,admission-86666f457d-lncc2,1.0,14680064
2026-09-16T16:14:22.027876+00:00,kai-scheduler,kai-operator-69b5d7bcf7-bs8zr,4.0,112197632
2026-09-16T16:14:22.027876+00:00,kai-scheduler,pod-grouper-65456f756-cd5jq,1.0,11534336
2026-09-16T16:14:22.027876+00:00,kai-scheduler,podgroup-controller-68f9cc8dbf-hqvxr,1.0,11534336
2026-09-16T16:14:22.027876+00:00,kai-scheduler,queue-controller-f86fcd76c-8pmz6,1.0,11534336
2026-09-16T16:14:22.027876+00:00,kube-system,coredns-8db54c48d-mbmzd,8.0,44040192
2026-09-16T16:14:22.027876+00:00,kube-system,kwok-controller-5cf8c7c44b-z7cwp,548.0,83886080
2026-09-16T16:14:22.027876+00:00,kube-system,local-path-provisioner-5d9d9885bc-q4th8,1.0,15728640
2026-09-16T16:14:22.027876+00:00,kube-system,metrics-server-75dc6f8d87-jvlxg,30.0,213909504
2026-09-16T16:14:22.027876+00:00,kube-system,svclb-traefik-95f97b9d-mhlvx,0.0,0
2026-09-16T16:14:22.027876+00:00,kube-system,traefik-9bcdbbd9-qkrql,11.0,182452224
2026-09-16T16:14:22.027876+00:00,pyroscope,pyroscope-0,7.0,134217728
2026-09-16T16:14:22.027876+00:00,pyroscope,pyroscope-alloy-0,78.0,437256192
2026-09-16T16:14:53.273081+00:00,grove-system,grove-operator-7b994569fd-lwmw9,186.0,1241513984
2026-09-16T16:14:53.273081+00:00,kai-scheduler,admission-86666f457d-lncc2,1.0,13631488
2026-09-16T16:14:53.273081+00:00,kai-scheduler,kai-operator-69b5d7bcf7-bs8zr,1.0,112197632
2026-09-16T16:14:53.273081+00:00,kai-scheduler,pod-grouper-65456f756-cd5jq,1.0,11534336
2026-09-16T16:14:53.273081+00:00,kai-scheduler,podgroup-controller-68f9cc8dbf-hqvxr,1.0,11534336
2026-09-16T16:14:53.273081+00:00,kai-scheduler,queue-controller-f86fcd76c-8pmz6,1.0,11534336
2026-09-16T16:14:53.273081+00:00,kube-system,coredns-8db54c48d-mbmzd,8.0,48234496
2026-09-16T16:14:53.273081+00:00,kube-system,kwok-controller-5cf8c7c44b-z7cwp,101.0,85983232
2026-09-16T16:14:53.273081+00:00,kube-system,local-path-provisioner-5d9d9885bc-q4th8,1.0,15728640
2026-09-16T16:14:53.273081+00:00,kube-system,metrics-server-75dc6f8d87-jvlxg,41.0,231735296
2026-09-16T16:14:53.273081+00:00,kube-system,svclb-traefik-95f97b9d-mhlvx,0.0,0
2026-09-16T16:14:53.273081+00:00,kube-system,traefik-9bcdbbd9-qkrql,11.0,183500800
2026-09-16T16:14:53.273081+00:00,pyroscope,pyroscope-0,7.0,136314880
2026-09-16T16:14:53.273081+00:00,pyroscope,pyroscope-alloy-0,5.0,436207616
2026-09-16T16:15:24.526215+00:00,grove-system,grove-operator-7b994569fd-lwmw9,464.0,1286602752
2026-09-16T16:15:24.526215+00:00,kai-scheduler,admission-86666f457d-lncc2,1.0,13631488
2026-09-16T16:15:24.526215+00:00,kai-scheduler,kai-operator-69b5d7bcf7-bs8zr,1.0,112197632
2026-09-16T16:15:24.526215+00:00,kai-scheduler,pod-grouper-65456f756-cd5jq,1.0,11534336
2026-09-16T16:15:24.526215+00:00,kai-scheduler,podgroup-controller-68f9cc8dbf-hqvxr,1.0,11534336
2026-09-16T16:15:24.526215+00:00,kai-scheduler,queue-controller-f86fcd76c-8pmz6,1.0,11534336
2026-09-16T16:15:24.526215+00:00,kube-system,coredns-8db54c48d-mbmzd,8.0,48234496
2026-09-16T16:15:24.526215+00:00,kube-system,kwok-controller-5cf8c7c44b-z7cwp,111.0,84934656
2026-09-16T16:15:24.526215+00:00,kube-system,local-path-provisioner-5d9d9885bc-q4th8,1.0,15728640
2026-09-16T16:15:24.526215+00:00,kube-system,metrics-server-75dc6f8d87-jvlxg,52.0,232783872
2026-09-16T16:15:24.526215+00:00,kube-system,svclb-traefik-95f97b9d-mhlvx,0.0,0
2026-09-16T16:15:24.526215+00:00,kube-system,traefik-9bcdbbd9-qkrql,10.0,183500800
2026-09-16T16:15:24.526215+00:00,pyroscope,pyroscope-0,8.0,137363456
2026-09-16T16:15:24.526215+00:00,pyroscope,pyroscope-alloy-0,145.0,439353344
2026-09-16T16:15:55.791360+00:00,grove-system,grove-operator-7b994569fd-lwmw9,424.0,1264582656
2026-09-16T16:15:55.791360+00:00,kai-scheduler,admission-86666f457d-lncc2,1.0,13631488
2026-09-16T16:15:55.791360+00:00,kai-scheduler,kai-operator-69b5d7bcf7-bs8zr,3.0,113246208
2026-09-16T16:15:55.791360+00:00,kai-scheduler,pod-grouper-65456f756-cd5jq,1.0,11534336
2026-09-16T16:15:55.791360+00:00,kai-scheduler,podgroup-controller-68f9cc8dbf-hqvxr,1.0,11534336
2026-09-16T16:15:55.791360+00:00,kai-scheduler,queue-controller-f86fcd76c-8pmz6,1.0,11534336
2026-09-16T16:15:55.791360+00:00,kube-system,coredns-8db54c48d-mbmzd,8.0,48234496
2026-09-16T16:15:55.791360+00:00,kube-system,kwok-controller-5cf8c7c44b-z7cwp,153.0,82837504
2026-09-16T16:15:55.791360+00:00,kube-system,local-path-provisioner-5d9d9885bc-q4th8,1.0,15728640
2026-09-16T16:15:55.791360+00:00,kube-system,metrics-server-75dc6f8d87-jvlxg,51.0,233832448
2026-09-16T16:15:55.791360+00:00,kube-system,svclb-traefik-95f97b9d-mhlvx,0.0,0
2026-09-16T16:15:55.791360+00:00,kube-system,traefik-9bcdbbd9-qkrql,10.0,182452224
2026-09-16T16:15:55.791360+00:00,pyroscope,pyroscope-0,5.0,137363456
2026-09-16T16:15:55.791360+00:00,pyroscope,pyroscope-alloy-0,135.0,442499072
2026-09-16T16:16:27.042132+00:00,grove-system,grove-operator-7b994569fd-lwmw9,25.0,1186988032
2026-09-16T16:16:27.042132+00:00,kai-scheduler,admission-86666f457d-lncc2,1.0,13631488
2026-09-16T16:16:27.042132+00:00,kai-scheduler,kai-operator-69b5d7bcf7-bs8zr,1.0,113246208
2026-09-16T16:16:27.042132+00:00,kai-scheduler,pod-grouper-65456f756-cd5jq,1.0,11534336
2026-09-16T16:16:27.042132+00:00,kai-scheduler,podgroup-controller-68f9cc8dbf-hqvxr,1.0,11534336
2026-09-16T16:16:27.042132+00:00,kai-scheduler,queue-controller-f86fcd76c-8pmz6,1.0,11534336
2026-09-16T16:16:27.042132+00:00,kube-system,coredns-8db54c48d-mbmzd,8.0,51380224
2026-09-16T16:16:27.042132+00:00,kube-system,kwok-controller-5cf8c7c44b-z7cwp,142.0,84934656
2026-09-16T16:16:27.042132+00:00,kube-system,local-path-provisioner-5d9d9885bc-q4th8,1.0,15728640
2026-09-16T16:16:27.042132+00:00,kube-system,metrics-server-75dc6f8d87-jvlxg,58.0,238026752
2026-09-16T16:16:27.042132+00:00,kube-system,svclb-traefik-95f97b9d-mhlvx,0.0,0
2026-09-16T16:16:27.042132+00:00,kube-system,traefik-9bcdbbd9-qkrql,17.0,182452224
2026-09-16T16:16:27.042132+00:00,pyroscope,pyroscope-0,5.0,138412032
2026-09-16T16:16:27.042132+00:00,pyroscope,pyroscope-alloy-0,88.0,443547648
2026-09-16T16:16:58.300822+00:00,grove-system,grove-operator-7b994569fd-lwmw9,27.0,1147142144
2026-09-16T16:16:58.300822+00:00,kai-scheduler,admission-86666f457d-lncc2,1.0,13631488
2026-09-16T16:16:58.300822+00:00,kai-scheduler,kai-operator-69b5d7bcf7-bs8zr,2.0,113246208
2026-09-16T16:16:58.300822+00:00,kai-scheduler,kai-scheduler-default-5c5797d5c6-84x7t,201.0,513802240
2026-09-16T16:16:58.300822+00:00,kai-scheduler,pod-grouper-65456f756-cd5jq,1.0,11534336
2026-09-16T16:16:58.300822+00:00,kai-scheduler,podgroup-controller-68f9cc8dbf-hqvxr,1.0,11534336
2026-09-16T16:16:58.300822+00:00,kai-scheduler,queue-controller-f86fcd76c-8pmz6,1.0,11534336
2026-09-16T16:16:58.300822+00:00,kube-system,coredns-8db54c48d-mbmzd,7.0,50331648
2026-09-16T16:16:58.300822+00:00,kube-system,kwok-controller-5cf8c7c44b-z7cwp,130.0,87031808
2026-09-16T16:16:58.300822+00:00,kube-system,local-path-provisioner-5d9d9885bc-q4th8,1.0,15728640
2026-09-16T16:16:58.300822+00:00,kube-system,metrics-server-75dc6f8d87-jvlxg,47.0,238026752
2026-09-16T16:16:58.300822+00:00,kube-system,svclb-traefik-95f97b9d-mhlvx,0.0,0
2026-09-16T16:16:58.300822+00:00,kube-system,traefik-9bcdbbd9-qkrql,9.0,182452224
2026-09-16T16:16:58.300822+00:00,pyroscope,pyroscope-0,5.0,139460608
2026-09-16T16:16:58.300822+00:00,pyroscope,pyroscope-alloy-0,151.0,430964736
2026-09-16T16:17:29.561409+00:00,grove-system,grove-operator-7b994569fd-lwmw9,26.0,1150287872
2026-09-16T16:17:29.561409+00:00,kai-scheduler,admission-86666f457d-lncc2,1.0,14680064
2026-09-16T16:17:29.561409+00:00,kai-scheduler,kai-operator-69b5d7bcf7-bs8zr,2.0,113246208
2026-09-16T16:17:29.561409+00:00,kai-scheduler,pod-grouper-65456f756-cd5jq,1.0,11534336
2026-09-16T16:17:29.561409+00:00,kai-scheduler,podgroup-controller-68f9cc8dbf-hqvxr,1.0,11534336
2026-09-16T16:17:29.561409+00:00,kai-scheduler,queue-controller-f86fcd76c-8pmz6,1.0,11534336
2026-09-16T16:17:29.561409+00:00,kube-system,coredns-8db54c48d-mbmzd,6.0,50331648
2026-09-16T16:17:29.561409+00:00,kube-system,kwok-controller-5cf8c7c44b-z7cwp,152.0,84934656
2026-09-16T16:17:29.561409+00:00,kube-system,local-path-provisioner-5d9d9885bc-q4th8,1.0,15728640
2026-09-16T16:17:29.561409+00:00,kube-system,metrics-server-75dc6f8d87-jvlxg,45.0,239075328
2026-09-16T16:17:29.561409+00:00,kube-system,svclb-traefik-95f97b9d-mhlvx,0.0,0
2026-09-16T16:17:29.561409+00:00,kube-system,traefik-9bcdbbd9-qkrql,9.0,182452224
2026-09-16T16:17:29.561409+00:00,pyroscope,pyroscope-0,6.0,139460608
2026-09-16T16:17:29.561409+00:00,pyroscope,pyroscope-alloy-0,128.0,429916160
2026-09-16T16:18:00.813027+00:00,grove-system,grove-operator-7b994569fd-lwmw9,27.0,1126170624
2026-09-16T16:18:00.813027+00:00,kai-scheduler,admission-86666f457d-lncc2,1.0,14680064
2026-09-16T16:18:00.813027+00:00,kai-scheduler,kai-operator-69b5d7bcf7-bs8zr,4.0,108003328
2026-09-16T16:18:00.813027+00:00,kai-scheduler,pod-grouper-65456f756-cd5jq,1.0,11534336
2026-09-16T16:18:00.813027+00:00,kai-scheduler,podgroup-controller-68f9cc8dbf-hqvxr,1.0,11534336
2026-09-16T16:18:00.813027+00:00,kai-scheduler,queue-controller-f86fcd76c-8pmz6,1.0,11534336
2026-09-16T16:18:00.813027+00:00,kube-system,coredns-8db54c48d-mbmzd,7.0,50331648
2026-09-16T16:18:00.813027+00:00,kube-system,kwok-controller-5cf8c7c44b-z7cwp,138.0,81788928
2026-09-16T16:18:00.813027+00:00,kube-system,local-path-provisioner-5d9d9885bc-q4th8,1.0,15728640
2026-09-16T16:18:00.813027+00:00,kube-system,metrics-server-75dc6f8d87-jvlxg,45.0,236978176
2026-09-16T16:18:00.813027+00:00,kube-system,svclb-traefik-95f97b9d-mhlvx,0.0,0
2026-09-16T16:18:00.813027+00:00,kube-system,traefik-9bcdbbd9-qkrql,9.0,183500800
2026-09-16T16:18:00.813027+00:00,pyroscope,pyroscope-0,6.0,137363456
2026-09-16T16:18:00.813027+00:00,pyroscope,pyroscope-alloy-0,124.0,425721856
2026-09-16T16:18:32.058070+00:00,grove-system,grove-operator-7b994569fd-lwmw9,25.0,1127219200
2026-09-16T16:18:32.058070+00:00,kai-scheduler,admission-86666f457d-lncc2,1.0,14680064
2026-09-16T16:18:32.058070+00:00,kai-scheduler,kai-operator-69b5d7bcf7-bs8zr,1.0,108003328
2026-09-16T16:18:32.058070+00:00,kai-scheduler,pod-grouper-65456f756-cd5jq,1.0,11534336
2026-09-16T16:18:32.058070+00:00,kai-scheduler,podgroup-controller-68f9cc8dbf-hqvxr,1.0,11534336
2026-09-16T16:18:32.058070+00:00,kai-scheduler,queue-controller-f86fcd76c-8pmz6,1.0,11534336
2026-09-16T16:18:32.058070+00:00,kube-system,coredns-8db54c48d-mbmzd,8.0,52428800
2026-09-16T16:18:32.058070+00:00,kube-system,kwok-controller-5cf8c7c44b-z7cwp,135.0,80740352
2026-09-16T16:18:32.058070+00:00,kube-system,local-path-provisioner-5d9d9885bc-q4th8,1.0,15728640
2026-09-16T16:18:32.058070+00:00,kube-system,metrics-server-75dc6f8d87-jvlxg,53.0,238026752
2026-09-16T16:18:32.058070+00:00,kube-system,svclb-traefik-95f97b9d-mhlvx,0.0,0
2026-09-16T16:18:32.058070+00:00,kube-system,traefik-9bcdbbd9-qkrql,10.0,184549376
2026-09-16T16:18:32.058070+00:00,pyroscope,pyroscope-0,6.0,139460608
2026-09-16T16:18:32.058070+00:00,pyroscope,pyroscope-alloy-0,139.0,426770432
2026-09-16T16:19:03.314011+00:00,grove-system,grove-operator-7b994569fd-lwmw9,27.0,1133510656
2026-09-16T16:19:03.314011+00:00,kai-scheduler,admission-86666f457d-lncc2,1.0,14680064
2026-09-16T16:19:03.314011+00:00,kai-scheduler,kai-operator-69b5d7bcf7-bs8zr,1.0,108003328
2026-09-16T16:19:03.314011+00:00,kai-scheduler,pod-grouper-65456f756-cd5jq,1.0,11534336
2026-09-16T16:19:03.314011+00:00,kai-scheduler,podgroup-controller-68f9cc8dbf-hqvxr,1.0,11534336
2026-09-16T16:19:03.314011+00:00,kai-scheduler,queue-controller-f86fcd76c-8pmz6,1.0,11534336
2026-09-16T16:19:03.314011+00:00,kube-system,coredns-8db54c48d-mbmzd,8.0,54525952
2026-09-16T16:19:03.314011+00:00,kube-system,kwok-controller-5cf8c7c44b-z7cwp,144.0,82837504
2026-09-16T16:19:03.314011+00:00,kube-system,local-path-provisioner-5d9d9885bc-q4th8,1.0,15728640
2026-09-16T16:19:03.314011+00:00,kube-system,metrics-server-75dc6f8d87-jvlxg,54.0,240123904
2026-09-16T16:19:03.314011+00:00,kube-system,svclb-traefik-95f97b9d-mhlvx,0.0,0
2026-09-16T16:19:03.314011+00:00,kube-system,traefik-9bcdbbd9-qkrql,18.0,182452224
2026-09-16T16:19:03.314011+00:00,pyroscope,pyroscope-0,5.0,139460608
2026-09-16T16:19:03.314011+00:00,pyroscope,pyroscope-alloy-0,131.0,428867584
2026-09-16T16:19:34.566228+00:00,grove-system,grove-operator-7b994569fd-lwmw9,43.0,1098907648
2026-09-16T16:19:34.566228+00:00,kai-scheduler,admission-86666f457d-lncc2,1.0,14680064
2026-09-16T16:19:34.566228+00:00,kai-scheduler,kai-operator-69b5d7bcf7-bs8zr,4.0,109051904
2026-09-16T16:19:34.566228+00:00,kai-scheduler,pod-grouper-65456f756-cd5jq,1.0,11534336
2026-09-16T16:19:34.566228+00:00,kai-scheduler,podgroup-controller-68f9cc8dbf-hqvxr,1.0,11534336
2026-09-16T16:19:34.566228+00:00,kai-scheduler,queue-controller-f86fcd76c-8pmz6,1.0,11534336
2026-09-16T16:19:34.566228+00:00,kube-system,coredns-8db54c48d-mbmzd,8.0,52428800
2026-09-16T16:19:34.566228+00:00,kube-system,kwok-controller-5cf8c7c44b-z7cwp,114.0,82837504
2026-09-16T16:19:34.566228+00:00,kube-system,local-path-provisioner-5d9d9885bc-q4th8,1.0,15728640
2026-09-16T16:19:34.566228+00:00,kube-system,metrics-server-75dc6f8d87-jvlxg,50.0,238026752
2026-09-16T16:19:34.566228+00:00,kube-system,svclb-traefik-95f97b9d-mhlvx,0.0,0
2026-09-16T16:19:34.566228+00:00,kube-system,traefik-9bcdbbd9-qkrql,11.0,184549376
2026-09-16T16:19:34.566228+00:00,pyroscope,pyroscope-0,5.0,142606336
2026-09-16T16:19:34.566228+00:00,pyroscope,pyroscope-alloy-0,110.0,425721856
2026-09-16T16:20:05.821230+00:00,grove-system,grove-operator-7b994569fd-lwmw9,26.0,1104150528
2026-09-16T16:20:05.821230+00:00,kai-scheduler,admission-86666f457d-lncc2,1.0,14680064
2026-09-16T16:20:05.821230+00:00,kai-scheduler,kai-operator-69b5d7bcf7-bs8zr,1.0,108003328
2026-09-16T16:20:05.821230+00:00,kai-scheduler,pod-grouper-65456f756-cd5jq,1.0,11534336
2026-09-16T16:20:05.821230+00:00,kai-scheduler,podgroup-controller-68f9cc8dbf-hqvxr,1.0,11534336
2026-09-16T16:20:05.821230+00:00,kai-scheduler,queue-controller-f86fcd76c-8pmz6,1.0,11534336
2026-09-16T16:20:05.821230+00:00,kube-system,coredns-8db54c48d-mbmzd,8.0,53477376
2026-09-16T16:20:05.821230+00:00,kube-system,kwok-controller-5cf8c7c44b-z7cwp,407.0,84934656
2026-09-16T16:20:05.821230+00:00,kube-system,local-path-provisioner-5d9d9885bc-q4th8,1.0,15728640
2026-09-16T16:20:05.821230+00:00,kube-system,metrics-server-75dc6f8d87-jvlxg,54.0,238026752
2026-09-16T16:20:05.821230+00:00,kube-system,svclb-traefik-95f97b9d-mhlvx,0.0,0
2026-09-16T16:20:05.821230+00:00,kube-system,traefik-9bcdbbd9-qkrql,17.0,196083712
2026-09-16T16:20:05.821230+00:00,pyroscope,pyroscope-0,6.0,138412032
2026-09-16T16:20:05.821230+00:00,pyroscope,pyroscope-alloy-0,96.0,425721856
2026-09-16T16:20:37.081990+00:00,grove-system,grove-operator-7b994569fd-lwmw9,26.0,1098907648
2026-09-16T16:20:37.081990+00:00,kai-scheduler,admission-86666f457d-lncc2,1.0,14680064
2026-09-16T16:20:37.081990+00:00,kai-scheduler,kai-operator-69b5d7bcf7-bs8zr,1.0,109051904
2026-09-16T16:20:37.081990+00:00,kai-scheduler,pod-grouper-65456f756-cd5jq,1.0,11534336
2026-09-16T16:20:37.081990+00:00,kai-scheduler,podgroup-controller-68f9cc8dbf-hqvxr,1.0,11534336
2026-09-16T16:20:37.081990+00:00,kai-scheduler,queue-controller-f86fcd76c-8pmz6,1.0,11534336
2026-09-16T16:20:37.081990+00:00,kube-system,coredns-8db54c48d-mbmzd,8.0,53477376
2026-09-16T16:20:37.081990+00:00,kube-system,kwok-controller-5cf8c7c44b-z7cwp,136.0,83886080
2026-09-16T16:20:37.081990+00:00,kube-system,local-path-provisioner-5d9d9885bc-q4th8,1.0,15728640
2026-09-16T16:20:37.081990+00:00,kube-system,metrics-server-75dc6f8d87-jvlxg,41.0,238026752
2026-09-16T16:20:37.081990+00:00,kube-system,svclb-traefik-95f97b9d-mhlvx,0.0,0
2026-09-16T16:20:37.081990+00:00,kube-system,traefik-9bcdbbd9-qkrql,11.0,197132288
2026-09-16T16:20:37.081990+00:00,pyroscope,pyroscope-0,6.0,138412032
2026-09-16T16:20:37.081990+00:00,pyroscope,pyroscope-alloy-0,102.0,432013312
2026-09-16T16:21:08.332894+00:00,grove-system,grove-operator-7b994569fd-lwmw9,25.0,1099956224
2026-09-16T16:21:08.332894+00:00,kai-scheduler,admission-86666f457d-lncc2,1.0,14680064
2026-09-16T16:21:08.332894+00:00,kai-scheduler,kai-operator-69b5d7bcf7-bs8zr,1.0,109051904
2026-09-16T16:21:08.332894+00:00,kai-scheduler,pod-grouper-65456f756-cd5jq,1.0,11534336
2026-09-16T16:21:08.332894+00:00,kai-scheduler,podgroup-controller-68f9cc8dbf-hqvxr,1.0,11534336
2026-09-16T16:21:08.332894+00:00,kai-scheduler,queue-controller-f86fcd76c-8pmz6,1.0,11534336
2026-09-16T16:21:08.332894+00:00,kube-system,coredns-8db54c48d-mbmzd,8.0,52428800
2026-09-16T16:21:08.332894+00:00,kube-system,kwok-controller-5cf8c7c44b-z7cwp,115.0,81788928
2026-09-16T16:21:08.332894+00:00,kube-system,local-path-provisioner-5d9d9885bc-q4th8,1.0,15728640
2026-09-16T16:21:08.332894+00:00,kube-system,metrics-server-75dc6f8d87-jvlxg,50.0,238026752
2026-09-16T16:21:08.332894+00:00,kube-system,svclb-traefik-95f97b9d-mhlvx,0.0,0
2026-09-16T16:21:08.332894+00:00,kube-system,traefik-9bcdbbd9-qkrql,11.0,197132288
2026-09-16T16:21:08.332894+00:00,pyroscope,pyroscope-0,6.0,139460608
2026-09-16T16:21:08.332894+00:00,pyroscope,pyroscope-alloy-0,91.0,427819008
2026-09-16T16:21:39.580454+00:00,grove-system,grove-operator-7b994569fd-lwmw9,29.0,1084227584
2026-09-16T16:21:39.580454+00:00,kai-scheduler,admission-86666f457d-lncc2,1.0,14680064
2026-09-16T16:21:39.580454+00:00,kai-scheduler,kai-operator-69b5d7bcf7-bs8zr,1.0,108003328
2026-09-16T16:21:39.580454+00:00,kai-scheduler,pod-grouper-65456f756-cd5jq,1.0,11534336
2026-09-16T16:21:39.580454+00:00,kai-scheduler,podgroup-controller-68f9cc8dbf-hqvxr,1.0,11534336
2026-09-16T16:21:39.580454+00:00,kai-scheduler,queue-controller-f86fcd76c-8pmz6,1.0,11534336
2026-09-16T16:21:39.580454+00:00,kube-system,coredns-8db54c48d-mbmzd,8.0,52428800
2026-09-16T16:21:39.580454+00:00,kube-system,kwok-controller-5cf8c7c44b-z7cwp,118.0,83886080
2026-09-16T16:21:39.580454+00:00,kube-system,local-path-provisioner-5d9d9885bc-q4th8,1.0,15728640
2026-09-16T16:21:39.580454+00:00,kube-system,metrics-server-75dc6f8d87-jvlxg,49.0,239075328
2026-09-16T16:21:39.580454+00:00,kube-system,svclb-traefik-95f97b9d-mhlvx,0.0,0
2026-09-16T16:21:39.580454+00:00,kube-system,traefik-9bcdbbd9-qkrql,11.0,196083712
2026-09-16T16:21:39.580454+00:00,pyroscope,pyroscope-0,6.0,137363456
2026-09-16T16:21:39.580454+00:00,pyroscope,pyroscope-alloy-0,75.0,423624704
2026-09-16T16:22:10.830902+00:00,grove-system,grove-operator-7b994569fd-lwmw9,26.0,1073741824
2026-09-16T16:22:10.830902+00:00,kai-scheduler,admission-86666f457d-lncc2,1.0,14680064
2026-09-16T16:22:10.830902+00:00,kai-scheduler,kai-operator-69b5d7bcf7-bs8zr,1.0,104857600
2026-09-16T16:22:10.830902+00:00,kai-scheduler,pod-grouper-65456f756-cd5jq,1.0,11534336
2026-09-16T16:22:10.830902+00:00,kai-scheduler,podgroup-controller-68f9cc8dbf-hqvxr,1.0,11534336
2026-09-16T16:22:10.830902+00:00,kai-scheduler,queue-controller-f86fcd76c-8pmz6,1.0,11534336
2026-09-16T16:22:10.830902+00:00,kube-system,coredns-8db54c48d-mbmzd,8.0,52428800
2026-09-16T16:22:10.830902+00:00,kube-system,kwok-controller-5cf8c7c44b-z7cwp,153.0,84934656
2026-09-16T16:22:10.830902+00:00,kube-system,local-path-provisioner-5d9d9885bc-q4th8,1.0,15728640
2026-09-16T16:22:10.830902+00:00,kube-system,metrics-server-75dc6f8d87-jvlxg,56.0,236978176
2026-09-16T16:22:10.830902+00:00,kube-system,svclb-traefik-95f97b9d-mhlvx,0.0,0
2026-09-16T16:22:10.830902+00:00,kube-system,traefik-9bcdbbd9-qkrql,17.0,196083712
2026-09-16T16:22:10.830902+00:00,pyroscope,pyroscope-0,5.0,138412032
2026-09-16T16:22:10.830902+00:00,pyroscope,pyroscope-alloy-0,101.0,432013312
2026-09-16T16:22:42.078206+00:00,grove-system,grove-operator-7b994569fd-lwmw9,41.0,1048576000
2026-09-16T16:22:42.078206+00:00,kai-scheduler,admission-86666f457d-lncc2,1.0,14680064
2026-09-16T16:22:42.078206+00:00,kai-scheduler,kai-operator-69b5d7bcf7-bs8zr,1.0,104857600
2026-09-16T16:22:42.078206+00:00,kai-scheduler,kai-scheduler-default-5c5797d5c6-84x7t,123.0,332398592
2026-09-16T16:22:42.078206+00:00,kai-scheduler,pod-grouper-65456f756-cd5jq,1.0,11534336
2026-09-16T16:22:42.078206+00:00,kai-scheduler,podgroup-controller-68f9cc8dbf-hqvxr,1.0,11534336
2026-09-16T16:22:42.078206+00:00,kai-scheduler,queue-controller-f86fcd76c-8pmz6,1.0,11534336
2026-09-16T16:22:42.078206+00:00,kube-system,coredns-8db54c48d-mbmzd,8.0,53477376
2026-09-16T16:22:42.078206+00:00,kube-system,kwok-controller-5cf8c7c44b-z7cwp,170.0,81788928
2026-09-16T16:22:42.078206+00:00,kube-system,local-path-provisioner-5d9d9885bc-q4th8,1.0,15728640
2026-09-16T16:22:42.078206+00:00,kube-system,metrics-server-75dc6f8d87-jvlxg,59.0,240123904
2026-09-16T16:22:42.078206+00:00,kube-system,svclb-traefik-95f97b9d-mhlvx,0.0,0
2026-09-16T16:22:42.078206+00:00,kube-system,traefik-9bcdbbd9-qkrql,11.0,195035136
2026-09-16T16:22:42.078206+00:00,pyroscope,pyroscope-0,5.0,138412032
2026-09-16T16:22:42.078206+00:00,pyroscope,pyroscope-alloy-0,86.0,428867584
2026-09-16T16:23:13.342911+00:00,grove-system,grove-operator-7b994569fd-lwmw9,27.0,1052770304
2026-09-16T16:23:13.342911+00:00,kai-scheduler,admission-86666f457d-lncc2,1.0,14680064
2026-09-16T16:23:13.342911+00:00,kai-scheduler,kai-operator-69b5d7bcf7-bs8zr,1.0,104857600
2026-09-16T16:23:13.342911+00:00,kai-scheduler,kai-scheduler-default-5c5797d5c6-84x7t,77.0,311427072
2026-09-16T16:23:13.342911+00:00,kai-scheduler,pod-grouper-65456f756-cd5jq,1.0,11534336
2026-09-16T16:23:13.342911+00:00,kai-scheduler,podgroup-controller-68f9cc8dbf-hqvxr,1.0,11534336
2026-09-16T16:23:13.342911+00:00,kai-scheduler,queue-controller-f86fcd76c-8pmz6,1.0,11534336
2026-09-16T16:23:13.342911+00:00,kube-system,coredns-8db54c48d-mbmzd,9.0,52428800
2026-09-16T16:23:13.342911+00:00,kube-system,kwok-controller-5cf8c7c44b-z7cwp,139.0,82837504
2026-09-16T16:23:13.342911+00:00,kube-system,local-path-provisioner-5d9d9885bc-q4th8,1.0,15728640
2026-09-16T16:23:13.342911+00:00,kube-system,metrics-server-75dc6f8d87-jvlxg,47.0,239075328
2026-09-16T16:23:13.342911+00:00,kube-system,svclb-traefik-95f97b9d-mhlvx,0.0,0
2026-09-16T16:23:13.342911+00:00,kube-system,traefik-9bcdbbd9-qkrql,11.0,196083712
2026-09-16T16:23:13.342911+00:00,pyroscope,pyroscope-0,5.0,141557760
2026-09-16T16:23:13.342911+00:00,pyroscope,pyroscope-alloy-0,85.0,429916160
2026-09-16T16:23:44.609996+00:00,grove-system,grove-operator-7b994569fd-lwmw9,26.0,1031798784
2026-09-16T16:23:44.609996+00:00,kai-scheduler,admission-86666f457d-lncc2,1.0,14680064
2026-09-16T16:23:44.609996+00:00,kai-scheduler,kai-operator-69b5d7bcf7-bs8zr,2.0,104857600
2026-09-16T16:23:44.609996+00:00,kai-scheduler,kai-scheduler-default-5c5797d5c6-84x7t,71.0,287309824
2026-09-16T16:23:44.609996+00:00,kai-scheduler,pod-grouper-65456f756-cd5jq,1.0,11534336
2026-09-16T16:23:44.609996+00:00,kai-scheduler,podgroup-controller-68f9cc8dbf-hqvxr,1.0,11534336
2026-09-16T16:23:44.609996+00:00,kai-scheduler,queue-controller-f86fcd76c-8pmz6,1.0,11534336
2026-09-16T16:23:44.609996+00:00,kube-system,coredns-8db54c48d-mbmzd,8.0,53477376
2026-09-16T16:23:44.609996+00:00,kube-system,kwok-controller-5cf8c7c44b-z7cwp,131.0,83886080
2026-09-16T16:23:44.609996+00:00,kube-system,local-path-provisioner-5d9d9885bc-q4th8,1.0,15728640
2026-09-16T16:23:44.609996+00:00,kube-system,metrics-server-75dc6f8d87-jvlxg,51.0,239075328
2026-09-16T16:23:44.609996+00:00,kube-system,svclb-traefik-95f97b9d-mhlvx,0.0,0
2026-09-16T16:23:44.609996+00:00,kube-system,traefik-9bcdbbd9-qkrql,11.0,196083712
2026-09-16T16:23:44.609996+00:00,pyroscope,pyroscope-0,6.0,143654912
2026-09-16T16:23:44.609996+00:00,pyroscope,pyroscope-alloy-0,69.0,423624704
2026-09-16T16:24:15.857167+00:00,grove-system,grove-operator-7b994569fd-lwmw9,35.0,986710016
2026-09-16T16:24:15.857167+00:00,kai-scheduler,admission-86666f457d-lncc2,1.0,14680064
2026-09-16T16:24:15.857167+00:00,kai-scheduler,kai-operator-69b5d7bcf7-bs8zr,1.0,104857600
2026-09-16T16:24:15.857167+00:00,kai-scheduler,kai-scheduler-default-5c5797d5c6-84x7t,69.0,284164096
2026-09-16T16:24:15.857167+00:00,kai-scheduler,pod-grouper-65456f756-cd5jq,1.0,11534336
2026-09-16T16:24:15.857167+00:00,kai-scheduler,podgroup-controller-68f9cc8dbf-hqvxr,1.0,11534336
2026-09-16T16:24:15.857167+00:00,kai-scheduler,queue-controller-f86fcd76c-8pmz6,1.0,11534336
2026-09-16T16:24:15.857167+00:00,kube-system,coredns-8db54c48d-mbmzd,8.0,52428800
2026-09-16T16:24:15.857167+00:00,kube-system,kwok-controller-5cf8c7c44b-z7cwp,144.0,83886080
2026-09-16T16:24:15.857167+00:00,kube-system,local-path-provisioner-5d9d9885bc-q4th8,1.0,15728640
2026-09-16T16:24:15.857167+00:00,kube-system,metrics-server-75dc6f8d87-jvlxg,49.0,236978176
2026-09-16T16:24:15.857167+00:00,kube-system,svclb-traefik-95f97b9d-mhlvx,0.0,0
2026-09-16T16:24:15.857167+00:00,kube-system,traefik-9bcdbbd9-qkrql,11.0,195035136
2026-09-16T16:24:15.857167+00:00,pyroscope,pyroscope-0,6.0,139460608
2026-09-16T16:24:15.857167+00:00,pyroscope,pyroscope-alloy-0,68.0,403701760
2026-09-16T16:24:47.102759+00:00,grove-system,grove-operator-7b994569fd-lwmw9,34.0,960495616
2026-09-16T16:24:47.102759+00:00,kai-scheduler,admission-86666f457d-lncc2,1.0,14680064
2026-09-16T16:24:47.102759+00:00,kai-scheduler,kai-operator-69b5d7bcf7-bs8zr,1.0,104857600
2026-09-16T16:24:47.102759+00:00,kai-scheduler,kai-scheduler-default-5c5797d5c6-84x7t,62.0,252706816
2026-09-16T16:24:47.102759+00:00,kai-scheduler,pod-grouper-65456f756-cd5jq,1.0,11534336
2026-09-16T16:24:47.102759+00:00,kai-scheduler,podgroup-controller-68f9cc8dbf-hqvxr,1.0,11534336
2026-09-16T16:24:47.102759+00:00,kai-scheduler,queue-controller-f86fcd76c-8pmz6,1.0,11534336
2026-09-16T16:24:47.102759+00:00,kube-system,coredns-8db54c48d-mbmzd,9.0,53477376
2026-09-16T16:24:47.102759+00:00,kube-system,kwok-controller-5cf8c7c44b-z7cwp,143.0,82837504
2026-09-16T16:24:47.102759+00:00,kube-system,local-path-provisioner-5d9d9885bc-q4th8,1.0,15728640
2026-09-16T16:24:47.102759+00:00,kube-system,metrics-server-75dc6f8d87-jvlxg,61.0,236978176
2026-09-16T16:24:47.102759+00:00,kube-system,svclb-traefik-95f97b9d-mhlvx,0.0,0
2026-09-16T16:24:47.102759+00:00,kube-system,traefik-9bcdbbd9-qkrql,11.0,196083712
2026-09-16T16:24:47.102759+00:00,pyroscope,pyroscope-0,5.0,138412032
2026-09-16T16:24:47.102759+00:00,pyroscope,pyroscope-alloy-0,64.0,407896064
2026-09-16T16:25:18.351444+00:00,grove-system,grove-operator-7b994569fd-lwmw9,35.0,954204160
2026-09-16T16:25:18.351444+00:00,kai-scheduler,admission-86666f457d-lncc2,1.0,14680064
2026-09-16T16:25:18.351444+00:00,kai-scheduler,binder-869fc94c7-clrrp,30.0,127926272
2026-09-16T16:25:18.351444+00:00,kai-scheduler,kai-operator-69b5d7bcf7-bs8zr,1.0,104857600
2026-09-16T16:25:18.351444+00:00,kai-scheduler,kai-scheduler-default-5c5797d5c6-84x7t,58.0,246415360
2026-09-16T16:25:18.351444+00:00,kai-scheduler,pod-grouper-65456f756-cd5jq,1.0,11534336
2026-09-16T16:25:18.351444+00:00,kai-scheduler,podgroup-controller-68f9cc8dbf-hqvxr,1.0,11534336
2026-09-16T16:25:18.351444+00:00,kai-scheduler,queue-controller-f86fcd76c-8pmz6,1.0,11534336
2026-09-16T16:25:18.351444+00:00,kube-system,coredns-8db54c48d-mbmzd,8.0,52428800
2026-09-16T16:25:18.351444+00:00,kube-system,kwok-controller-5cf8c7c44b-z7cwp,123.0,81788928
2026-09-16T16:25:18.351444+00:00,kube-system,local-path-provisioner-5d9d9885bc-q4th8,1.0,15728640
2026-09-16T16:25:18.351444+00:00,kube-system,metrics-server-75dc6f8d87-jvlxg,48.0,238026752
2026-09-16T16:25:18.351444+00:00,kube-system,svclb-traefik-95f97b9d-mhlvx,0.0,0
2026-09-16T16:25:18.351444+00:00,kube-system,traefik-9bcdbbd9-qkrql,10.0,196083712
2026-09-16T16:25:18.351444+00:00,pyroscope,pyroscope-0,5.0,139460608
2026-09-16T16:25:18.351444+00:00,pyroscope,pyroscope-alloy-0,53.0,401604608
2026-09-16T16:25:49.601073+00:00,grove-system,grove-operator-7b994569fd-lwmw9,26.0,934281216
2026-09-16T16:25:49.601073+00:00,kai-scheduler,admission-86666f457d-lncc2,1.0,14680064
2026-09-16T16:25:49.601073+00:00,kai-scheduler,binder-869fc94c7-clrrp,33.0,131072000
2026-09-16T16:25:49.601073+00:00,kai-scheduler,kai-operator-69b5d7bcf7-bs8zr,4.0,104857600
2026-09-16T16:25:49.601073+00:00,kai-scheduler,kai-scheduler-default-5c5797d5c6-84x7t,49.0,229638144
2026-09-16T16:25:49.601073+00:00,kai-scheduler,pod-grouper-65456f756-cd5jq,1.0,11534336
2026-09-16T16:25:49.601073+00:00,kai-scheduler,podgroup-controller-68f9cc8dbf-hqvxr,1.0,11534336
2026-09-16T16:25:49.601073+00:00,kai-scheduler,queue-controller-f86fcd76c-8pmz6,1.0,11534336
2026-09-16T16:25:49.601073+00:00,kube-system,coredns-8db54c48d-mbmzd,9.0,52428800
2026-09-16T16:25:49.601073+00:00,kube-system,kwok-controller-5cf8c7c44b-z7cwp,132.0,82837504
2026-09-16T16:25:49.601073+00:00,kube-system,local-path-provisioner-5d9d9885bc-q4th8,1.0,15728640
2026-09-16T16:25:49.601073+00:00,kube-system,metrics-server-75dc6f8d87-jvlxg,54.0,236978176
2026-09-16T16:25:49.601073+00:00,kube-system,svclb-traefik-95f97b9d-mhlvx,0.0,0
2026-09-16T16:25:49.601073+00:00,kube-system,traefik-9bcdbbd9-qkrql,11.0,195035136
2026-09-16T16:25:49.601073+00:00,pyroscope,pyroscope-0,4.0,140509184
2026-09-16T16:25:49.601073+00:00,pyroscope,pyroscope-alloy-0,44.0,391118848
2026-09-16T16:26:20.861268+00:00,grove-system,grove-operator-7b994569fd-lwmw9,26.0,921698304
2026-09-16T16:26:20.861268+00:00,kai-scheduler,admission-86666f457d-lncc2,1.0,14680064
2026-09-16T16:26:20.861268+00:00,kai-scheduler,binder-869fc94c7-clrrp,31.0,130023424
2026-09-16T16:26:20.861268+00:00,kai-scheduler,kai-operator-69b5d7bcf7-bs8zr,1.0,104857600
2026-09-16T16:26:20.861268+00:00,kai-scheduler,kai-scheduler-default-5c5797d5c6-84x7t,47.0,244318208
2026-09-16T16:26:20.861268+00:00,kai-scheduler,pod-grouper-65456f756-cd5jq,1.0,11534336
2026-09-16T16:26:20.861268+00:00,kai-scheduler,podgroup-controller-68f9cc8dbf-hqvxr,1.0,11534336
2026-09-16T16:26:20.861268+00:00,kai-scheduler,queue-controller-f86fcd76c-8pmz6,1.0,11534336
2026-09-16T16:26:20.861268+00:00,kube-system,coredns-8db54c48d-mbmzd,8.0,53477376
2026-09-16T16:26:20.861268+00:00,kube-system,kwok-controller-5cf8c7c44b-z7cwp,132.0,83886080
2026-09-16T16:26:20.861268+00:00,kube-system,local-path-provisioner-5d9d9885bc-q4th8,1.0,15728640
2026-09-16T16:26:20.861268+00:00,kube-system,metrics-server-75dc6f8d87-jvlxg,51.0,239075328
2026-09-16T16:26:20.861268+00:00,kube-system,svclb-traefik-95f97b9d-mhlvx,0.0,0
2026-09-16T16:26:20.861268+00:00,kube-system,traefik-9bcdbbd9-qkrql,11.0,196083712
2026-09-16T16:26:20.861268+00:00,pyroscope,pyroscope-0,5.0,143654912
2026-09-16T16:26:20.861268+00:00,pyroscope,pyroscope-alloy-0,46.0,386924544
2026-09-16T16:26:52.115505+00:00,grove-system,grove-operator-7b994569fd-lwmw9,33.0,883949568
2026-09-16T16:26:52.115505+00:00,kai-scheduler,admission-86666f457d-lncc2,1.0,14680064
2026-09-16T16:26:52.115505+00:00,kai-scheduler,binder-869fc94c7-clrrp,31.0,131072000
2026-09-16T16:26:52.115505+00:00,kai-scheduler,kai-operator-69b5d7bcf7-bs8zr,1.0,104857600
2026-09-16T16:26:52.115505+00:00,kai-scheduler,kai-scheduler-default-5c5797d5c6-84x7t,42.0,202375168
2026-09-16T16:26:52.115505+00:00,kai-scheduler,pod-grouper-65456f756-cd5jq,1.0,11534336
2026-09-16T16:26:52.115505+00:00,kai-scheduler,podgroup-controller-68f9cc8dbf-hqvxr,1.0,11534336
2026-09-16T16:26:52.115505+00:00,kai-scheduler,queue-controller-f86fcd76c-8pmz6,1.0,11534336
2026-09-16T16:26:52.115505+00:00,kube-system,coredns-8db54c48d-mbmzd,7.0,52428800
2026-09-16T16:26:52.115505+00:00,kube-system,kwok-controller-5cf8c7c44b-z7cwp,123.0,81788928
2026-09-16T16:26:52.115505+00:00,kube-system,local-path-provisioner-5d9d9885bc-q4th8,1.0,15728640
2026-09-16T16:26:52.115505+00:00,kube-system,metrics-server-75dc6f8d87-jvlxg,47.0,239075328
2026-09-16T16:26:52.115505+00:00,kube-system,svclb-traefik-95f97b9d-mhlvx,0.0,0
2026-09-16T16:26:52.115505+00:00,kube-system,traefik-9bcdbbd9-qkrql,10.0,196083712
2026-09-16T16:26:52.115505+00:00,pyroscope,pyroscope-0,5.0,143654912
2026-09-16T16:26:52.115505+00:00,pyroscope,pyroscope-alloy-0,39.0,390070272
2026-09-16T16:27:23.366345+00:00,grove-system,grove-operator-7b994569fd-lwmw9,33.0,852492288
2026-09-16T16:27:23.366345+00:00,kai-scheduler,admission-86666f457d-lncc2,1.0,14680064
2026-09-16T16:27:23.366345+00:00,kai-scheduler,binder-869fc94c7-clrrp,32.0,131072000
2026-09-16T16:27:23.366345+00:00,kai-scheduler,kai-operator-69b5d7bcf7-bs8zr,1.0,104857600
2026-09-16T16:27:23.366345+00:00,kai-scheduler,kai-scheduler-default-5c5797d5c6-84x7t,34.0,198180864
2026-09-16T16:27:23.366345+00:00,kai-scheduler,pod-grouper-65456f756-cd5jq,1.0,11534336
2026-09-16T16:27:23.366345+00:00,kai-scheduler,podgroup-controller-68f9cc8dbf-hqvxr,1.0,11534336
2026-09-16T16:27:23.366345+00:00,kai-scheduler,queue-controller-f86fcd76c-8pmz6,1.0,11534336
2026-09-16T16:27:23.366345+00:00,kube-system,coredns-8db54c48d-mbmzd,9.0,52428800
2026-09-16T16:27:23.366345+00:00,kube-system,kwok-controller-5cf8c7c44b-z7cwp,118.0,80740352
2026-09-16T16:27:23.366345+00:00,kube-system,local-path-provisioner-5d9d9885bc-q4th8,1.0,15728640
2026-09-16T16:27:23.366345+00:00,kube-system,metrics-server-75dc6f8d87-jvlxg,51.0,236978176
2026-09-16T16:27:23.366345+00:00,kube-system,svclb-traefik-95f97b9d-mhlvx,0.0,0
2026-09-16T16:27:23.366345+00:00,kube-system,traefik-9bcdbbd9-qkrql,11.0,195035136
2026-09-16T16:27:23.366345+00:00,pyroscope,pyroscope-0,6.0,144703488
2026-09-16T16:27:23.366345+00:00,pyroscope,pyroscope-alloy-0,34.0,386924544
2026-09-16T16:27:54.623996+00:00,grove-system,grove-operator-7b994569fd-lwmw9,11.0,806354944
2026-09-16T16:27:54.623996+00:00,kai-scheduler,admission-86666f457d-lncc2,1.0,14680064
2026-09-16T16:27:54.623996+00:00,kai-scheduler,binder-869fc94c7-clrrp,28.0,135266304
2026-09-16T16:27:54.623996+00:00,kai-scheduler,kai-operator-69b5d7bcf7-bs8zr,44.0,133169152
2026-09-16T16:27:54.623996+00:00,kai-scheduler,kai-scheduler-default-5c5797d5c6-84x7t,39.0,197132288
2026-09-16T16:27:54.623996+00:00,kai-scheduler,pod-grouper-65456f756-cd5jq,1.0,11534336
2026-09-16T16:27:54.623996+00:00,kai-scheduler,podgroup-controller-68f9cc8dbf-hqvxr,1.0,11534336
2026-09-16T16:27:54.623996+00:00,kai-scheduler,queue-controller-f86fcd76c-8pmz6,1.0,11534336
2026-09-16T16:27:54.623996+00:00,kube-system,coredns-8db54c48d-mbmzd,8.0,52428800
2026-09-16T16:27:54.623996+00:00,kube-system,kwok-controller-5cf8c7c44b-z7cwp,91.0,79691776
2026-09-16T16:27:54.623996+00:00,kube-system,local-path-provisioner-5d9d9885bc-q4th8,1.0,15728640
2026-09-16T16:27:54.623996+00:00,kube-system,metrics-server-75dc6f8d87-jvlxg,49.0,238026752
2026-09-16T16:27:54.623996+00:00,kube-system,svclb-traefik-95f97b9d-mhlvx,0.0,0
2026-09-16T16:27:54.623996+00:00,kube-system,traefik-9bcdbbd9-qkrql,62.0,235929600
2026-09-16T16:27:54.623996+00:00,pyroscope,pyroscope-0,5.0,168820736
2026-09-16T16:27:54.623996+00:00,pyroscope,pyroscope-alloy-0,5.0,387973120
2026-09-16T16:28:25.871723+00:00,grove-system,grove-operator-7b994569fd-lwmw9,70.0,803209216
2026-09-16T16:28:25.871723+00:00,kai-scheduler,admission-86666f457d-lncc2,1.0,14680064
2026-09-16T16:28:25.871723+00:00,kai-scheduler,binder-869fc94c7-clrrp,34.0,134217728
2026-09-16T16:28:25.871723+00:00,kai-scheduler,kai-operator-69b5d7bcf7-bs8zr,46.0,133169152
2026-09-16T16:28:25.871723+00:00,kai-scheduler,kai-scheduler-default-5c5797d5c6-84x7t,41.0,195035136
2026-09-16T16:28:25.871723+00:00,kai-scheduler,pod-grouper-65456f756-cd5jq,1.0,11534336
2026-09-16T16:28:25.871723+00:00,kai-scheduler,podgroup-controller-68f9cc8dbf-hqvxr,1.0,11534336
2026-09-16T16:28:25.871723+00:00,kai-scheduler,queue-controller-f86fcd76c-8pmz6,1.0,11534336
2026-09-16T16:28:25.871723+00:00,kube-system,coredns-8db54c48d-mbmzd,8.0,51380224
2026-09-16T16:28:25.871723+00:00,kube-system,kwok-controller-5cf8c7c44b-z7cwp,104.0,80740352
2026-09-16T16:28:25.871723+00:00,kube-system,local-path-provisioner-5d9d9885bc-q4th8,1.0,15728640
2026-09-16T16:28:25.871723+00:00,kube-system,metrics-server-75dc6f8d87-jvlxg,46.0,236978176
2026-09-16T16:28:25.871723+00:00,kube-system,svclb-traefik-95f97b9d-mhlvx,0.0,0
2026-09-16T16:28:25.871723+00:00,kube-system,traefik-9bcdbbd9-qkrql,69.0,236978176
2026-09-16T16:28:25.871723+00:00,pyroscope,pyroscope-0,6.0,141557760
2026-09-16T16:28:25.871723+00:00,pyroscope,pyroscope-alloy-0,4.0,394264576
2026-09-16T16:28:57.124510+00:00,grove-system,grove-operator-7b994569fd-lwmw9,237.0,815792128
2026-09-16T16:28:57.124510+00:00,kai-scheduler,admission-86666f457d-lncc2,1.0,14680064
2026-09-16T16:28:57.124510+00:00,kai-scheduler,binder-869fc94c7-clrrp,10.0,133169152
2026-09-16T16:28:57.124510+00:00,kai-scheduler,kai-operator-69b5d7bcf7-bs8zr,57.0,134217728
2026-09-16T16:28:57.124510+00:00,kai-scheduler,kai-scheduler-default-5c5797d5c6-84x7t,22.0,193986560
2026-09-16T16:28:57.124510+00:00,kai-scheduler,pod-grouper-65456f756-cd5jq,1.0,11534336
2026-09-16T16:28:57.124510+00:00,kai-scheduler,podgroup-controller-68f9cc8dbf-hqvxr,1.0,11534336
2026-09-16T16:28:57.124510+00:00,kai-scheduler,queue-controller-f86fcd76c-8pmz6,1.0,11534336
2026-09-16T16:28:57.124510+00:00,kube-system,coredns-8db54c48d-mbmzd,38.0,54525952
2026-09-16T16:28:57.124510+00:00,kube-system,kwok-controller-5cf8c7c44b-z7cwp,98.0,79691776
2026-09-16T16:28:57.124510+00:00,kube-system,local-path-provisioner-5d9d9885bc-q4th8,1.0,15728640
2026-09-16T16:28:57.124510+00:00,kube-system,metrics-server-75dc6f8d87-jvlxg,49.0,238026752
2026-09-16T16:28:57.124510+00:00,kube-system,svclb-traefik-95f97b9d-mhlvx,0.0,0
2026-09-16T16:28:57.124510+00:00,kube-system,traefik-9bcdbbd9-qkrql,94.0,238026752
2026-09-16T16:28:57.124510+00:00,pyroscope,pyroscope-0,5.0,147849216
2026-09-16T16:28:57.124510+00:00,pyroscope,pyroscope-alloy-0,10.0,381681664
2026-09-16T16:29:28.370274+00:00,grove-system,grove-operator-7b994569fd-lwmw9,439.0,943718400
2026-09-16T16:29:28.370274+00:00,kai-scheduler,admission-86666f457d-lncc2,1.0,14680064
2026-09-16T16:29:28.370274+00:00,kai-scheduler,binder-869fc94c7-clrrp,1.0,132120576
2026-09-16T16:29:28.370274+00:00,kai-scheduler,kai-operator-69b5d7bcf7-bs8zr,49.0,138412032
2026-09-16T16:29:28.370274+00:00,kai-scheduler,kai-scheduler-default-5c5797d5c6-84x7t,12.0,196083712
2026-09-16T16:29:28.370274+00:00,kai-scheduler,pod-grouper-65456f756-cd5jq,1.0,11534336
2026-09-16T16:29:28.370274+00:00,kai-scheduler,podgroup-controller-68f9cc8dbf-hqvxr,1.0,11534336
2026-09-16T16:29:28.370274+00:00,kai-scheduler,queue-controller-f86fcd76c-8pmz6,1.0,11534336
2026-09-16T16:29:28.370274+00:00,kube-system,coredns-8db54c48d-mbmzd,34.0,55574528
2026-09-16T16:29:28.370274+00:00,kube-system,kwok-controller-5cf8c7c44b-z7cwp,114.0,78643200
2026-09-16T16:29:28.370274+00:00,kube-system,local-path-provisioner-5d9d9885bc-q4th8,1.0,15728640
2026-09-16T16:29:28.370274+00:00,kube-system,metrics-server-75dc6f8d87-jvlxg,37.0,239075328
2026-09-16T16:29:28.370274+00:00,kube-system,svclb-traefik-95f97b9d-mhlvx,0.0,0
2026-09-16T16:29:28.370274+00:00,kube-system,traefik-9bcdbbd9-qkrql,59.0,248512512
2026-09-16T16:29:28.370274+00:00,pyroscope,pyroscope-0,5.0,142606336
2026-09-16T16:29:28.370274+00:00,pyroscope,pyroscope-alloy-0,7.0,382730240
2026-09-16T16:29:59.620812+00:00,grove-system,grove-operator-7b994569fd-lwmw9,88.0,907018240
2026-09-16T16:29:59.620812+00:00,kai-scheduler,admission-86666f457d-lncc2,1.0,14680064
2026-09-16T16:29:59.620812+00:00,kai-scheduler,binder-869fc94c7-clrrp,1.0,132120576
2026-09-16T16:29:59.620812+00:00,kai-scheduler,kai-operator-69b5d7bcf7-bs8zr,8.0,136314880
2026-09-16T16:29:59.620812+00:00,kai-scheduler,kai-scheduler-default-5c5797d5c6-84x7t,11.0,197132288
2026-09-16T16:29:59.620812+00:00,kai-scheduler,pod-grouper-65456f756-cd5jq,1.0,11534336
2026-09-16T16:29:59.620812+00:00,kai-scheduler,podgroup-controller-68f9cc8dbf-hqvxr,1.0,11534336
2026-09-16T16:29:59.620812+00:00,kai-scheduler,queue-controller-f86fcd76c-8pmz6,1.0,11534336
2026-09-16T16:29:59.620812+00:00,kube-system,coredns-8db54c48d-mbmzd,14.0,56623104
2026-09-16T16:29:59.620812+00:00,kube-system,kwok-controller-5cf8c7c44b-z7cwp,86.0,81788928
2026-09-16T16:29:59.620812+00:00,kube-system,local-path-provisioner-5d9d9885bc-q4th8,1.0,15728640
2026-09-16T16:29:59.620812+00:00,kube-system,metrics-server-75dc6f8d87-jvlxg,27.0,239075328
2026-09-16T16:29:59.620812+00:00,kube-system,svclb-traefik-95f97b9d-mhlvx,0.0,0
2026-09-16T16:29:59.620812+00:00,kube-system,traefik-9bcdbbd9-qkrql,33.0,252706816
2026-09-16T16:29:59.620812+00:00,pyroscope,pyroscope-0,5.0,142606336
2026-09-16T16:29:59.620812+00:00,pyroscope,pyroscope-alloy-0,5.0,382730240
2026-09-16T16:30:30.899763+00:00,grove-system,grove-operator-7b994569fd-lwmw9,208.0,962592768
2026-09-16T16:30:30.899763+00:00,kai-scheduler,admission-86666f457d-lncc2,1.0,14680064
2026-09-16T16:30:30.899763+00:00,kai-scheduler,binder-869fc94c7-clrrp,1.0,132120576
2026-09-16T16:30:30.899763+00:00,kai-scheduler,kai-operator-69b5d7bcf7-bs8zr,8.0,136314880
2026-09-16T16:30:30.899763+00:00,kai-scheduler,kai-scheduler-default-5c5797d5c6-84x7t,12.0,197132288
2026-09-16T16:30:30.899763+00:00,kai-scheduler,pod-grouper-65456f756-cd5jq,1.0,11534336
2026-09-16T16:30:30.899763+00:00,kai-scheduler,podgroup-controller-68f9cc8dbf-hqvxr,1.0,11534336
2026-09-16T16:30:30.899763+00:00,kai-scheduler,queue-controller-f86fcd76c-8pmz6,1.0,11534336
2026-09-16T16:30:30.899763+00:00,kube-system,coredns-8db54c48d-mbmzd,13.0,57671680
2026-09-16T16:30:30.899763+00:00,kube-system,kwok-controller-5cf8c7c44b-z7cwp,97.0,79691776
2026-09-16T16:30:30.899763+00:00,kube-system,local-path-provisioner-5d9d9885bc-q4th8,1.0,15728640
2026-09-16T16:30:30.899763+00:00,kube-system,metrics-server-75dc6f8d87-jvlxg,36.0,238026752
2026-09-16T16:30:30.899763+00:00,kube-system,svclb-traefik-95f97b9d-mhlvx,0.0,0
2026-09-16T16:30:30.899763+00:00,kube-system,traefik-9bcdbbd9-qkrql,20.0,253755392
2026-09-16T16:30:30.899763+00:00,pyroscope,pyroscope-0,4.0,143654912
2026-09-16T16:30:30.899763+00:00,pyroscope,pyroscope-alloy-0,8.0,380633088
2026-09-16T16:31:02.148653+00:00,grove-system,grove-operator-7b994569fd-lwmw9,181.0,871366656
2026-09-16T16:31:02.148653+00:00,kai-scheduler,admission-86666f457d-lncc2,1.0,14680064
2026-09-16T16:31:02.148653+00:00,kai-scheduler,binder-869fc94c7-clrrp,1.0,132120576
2026-09-16T16:31:02.148653+00:00,kai-scheduler,kai-operator-69b5d7bcf7-bs8zr,7.0,136314880
2026-09-16T16:31:02.148653+00:00,kai-scheduler,kai-scheduler-default-5c5797d5c6-84x7t,13.0,196083712
2026-09-16T16:31:02.148653+00:00,kai-scheduler,pod-grouper-65456f756-cd5jq,1.0,11534336
2026-09-16T16:31:02.148653+00:00,kai-scheduler,podgroup-controller-68f9cc8dbf-hqvxr,1.0,11534336
2026-09-16T16:31:02.148653+00:00,kai-scheduler,queue-controller-f86fcd76c-8pmz6,1.0,11534336
2026-09-16T16:31:02.148653+00:00,kube-system,coredns-8db54c48d-mbmzd,13.0,55574528
2026-09-16T16:31:02.148653+00:00,kube-system,kwok-controller-5cf8c7c44b-z7cwp,88.0,79691776
2026-09-16T16:31:02.148653+00:00,kube-system,local-path-provisioner-5d9d9885bc-q4th8,1.0,15728640
2026-09-16T16:31:02.148653+00:00,kube-system,metrics-server-75dc6f8d87-jvlxg,31.0,238026752
2026-09-16T16:31:02.148653+00:00,kube-system,svclb-traefik-95f97b9d-mhlvx,0.0,0
2026-09-16T16:31:02.148653+00:00,kube-system,traefik-9bcdbbd9-qkrql,20.0,253755392
2026-09-16T16:31:02.148653+00:00,pyroscope,pyroscope-0,5.0,148897792
2026-09-16T16:31:02.148653+00:00,pyroscope,pyroscope-alloy-0,5.0,379584512
2026-09-16T16:31:33.415110+00:00,grove-system,grove-operator-7b994569fd-lwmw9,560.0,908066816
2026-09-16T16:31:33.415110+00:00,kai-scheduler,admission-86666f457d-lncc2,1.0,14680064
2026-09-16T16:31:33.415110+00:00,kai-scheduler,binder-869fc94c7-clrrp,49.0,160432128
2026-09-16T16:31:33.415110+00:00,kai-scheduler,kai-operator-69b5d7bcf7-bs8zr,9.0,131072000
2026-09-16T16:31:33.415110+00:00,kai-scheduler,kai-scheduler-default-5c5797d5c6-84x7t,42.0,198180864
2026-09-16T16:31:33.415110+00:00,kai-scheduler,pod-grouper-65456f756-cd5jq,1.0,11534336
2026-09-16T16:31:33.415110+00:00,kai-scheduler,podgroup-controller-68f9cc8dbf-hqvxr,1.0,11534336
2026-09-16T16:31:33.415110+00:00,kai-scheduler,queue-controller-f86fcd76c-8pmz6,1.0,11534336
2026-09-16T16:31:33.415110+00:00,kube-system,coredns-8db54c48d-mbmzd,14.0,55574528
2026-09-16T16:31:33.415110+00:00,kube-system,kwok-controller-5cf8c7c44b-z7cwp,77.0,78643200
2026-09-16T16:31:33.415110+00:00,kube-system,local-path-provisioner-5d9d9885bc-q4th8,1.0,15728640
2026-09-16T16:31:33.415110+00:00,kube-system,metrics-server-75dc6f8d87-jvlxg,33.0,239075328
2026-09-16T16:31:33.415110+00:00,kube-system,svclb-traefik-95f97b9d-mhlvx,0.0,0
2026-09-16T16:31:33.415110+00:00,kube-system,traefik-9bcdbbd9-qkrql,32.0,253755392
2026-09-16T16:31:33.415110+00:00,pyroscope,pyroscope-0,7.0,148897792
2026-09-16T16:31:33.415110+00:00,pyroscope,pyroscope-alloy-0,37.0,381681664
2026-09-16T16:32:04.703707+00:00,grove-system,grove-operator-7b994569fd-lwmw9,560.0,952107008
2026-09-16T16:32:04.703707+00:00,kai-scheduler,admission-86666f457d-lncc2,1.0,14680064
2026-09-16T16:32:04.703707+00:00,kai-scheduler,binder-869fc94c7-clrrp,51.0,142606336
2026-09-16T16:32:04.703707+00:00,kai-scheduler,kai-operator-69b5d7bcf7-bs8zr,1.0,131072000
2026-09-16T16:32:04.703707+00:00,kai-scheduler,kai-scheduler-default-5c5797d5c6-84x7t,59.0,295698432
2026-09-16T16:32:04.703707+00:00,kai-scheduler,pod-grouper-65456f756-cd5jq,1.0,11534336
2026-09-16T16:32:04.703707+00:00,kai-scheduler,podgroup-controller-68f9cc8dbf-hqvxr,1.0,11534336
2026-09-16T16:32:04.703707+00:00,kai-scheduler,queue-controller-f86fcd76c-8pmz6,1.0,11534336
2026-09-16T16:32:04.703707+00:00,kube-system,coredns-8db54c48d-mbmzd,12.0,56623104
2026-09-16T16:32:04.703707+00:00,kube-system,kwok-controller-5cf8c7c44b-z7cwp,107.0,77594624
2026-09-16T16:32:04.703707+00:00,kube-system,local-path-provisioner-5d9d9885bc-q4th8,1.0,15728640
2026-09-16T16:32:04.703707+00:00,kube-system,metrics-server-75dc6f8d87-jvlxg,37.0,242221056
2026-09-16T16:32:04.703707+00:00,kube-system,svclb-traefik-95f97b9d-mhlvx,0.0,0
2026-09-16T16:32:04.703707+00:00,kube-system,traefik-9bcdbbd9-qkrql,18.0,252706816
2026-09-16T16:32:04.703707+00:00,pyroscope,pyroscope-0,5.0,149946368
2026-09-16T16:32:04.703707+00:00,pyroscope,pyroscope-alloy-0,41.0,419430400
2026-09-16T16:32:35.961517+00:00,grove-system,grove-operator-7b994569fd-lwmw9,577.0,986710016
2026-09-16T16:32:35.961517+00:00,kai-scheduler,admission-86666f457d-lncc2,1.0,14680064
2026-09-16T16:32:35.961517+00:00,kai-scheduler,binder-869fc94c7-clrrp,46.0,184549376
2026-09-16T16:32:35.961517+00:00,kai-scheduler,kai-operator-69b5d7bcf7-bs8zr,1.0,131072000
2026-09-16T16:32:35.961517+00:00,kai-scheduler,kai-scheduler-default-5c5797d5c6-84x7t,72.0,394264576
2026-09-16T16:32:35.961517+00:00,kai-scheduler,pod-grouper-65456f756-cd5jq,1.0,11534336
2026-09-16T16:32:35.961517+00:00,kai-scheduler,podgroup-controller-68f9cc8dbf-hqvxr,1.0,11534336
2026-09-16T16:32:35.961517+00:00,kai-scheduler,queue-controller-f86fcd76c-8pmz6,1.0,11534336
2026-09-16T16:32:35.961517+00:00,kube-system,coredns-8db54c48d-mbmzd,12.0,55574528
2026-09-16T16:32:35.961517+00:00,kube-system,kwok-controller-5cf8c7c44b-z7cwp,98.0,79691776
2026-09-16T16:32:35.961517+00:00,kube-system,local-path-provisioner-5d9d9885bc-q4th8,1.0,15728640
2026-09-16T16:32:35.961517+00:00,kube-system,metrics-server-75dc6f8d87-jvlxg,33.0,241172480
2026-09-16T16:32:35.961517+00:00,kube-system,svclb-traefik-95f97b9d-mhlvx,0.0,0
2026-09-16T16:32:35.961517+00:00,kube-system,traefik-9bcdbbd9-qkrql,19.0,251658240
2026-09-16T16:32:35.961517+00:00,pyroscope,pyroscope-0,8.0,148897792
2026-09-16T16:32:35.961517+00:00,pyroscope,pyroscope-alloy-0,48.0,446693376
2026-09-16T16:33:07.235752+00:00,grove-system,grove-operator-7b994569fd-lwmw9,576.0,1026555904
2026-09-16T16:33:07.235752+00:00,kai-scheduler,admission-86666f457d-lncc2,1.0,14680064
2026-09-16T16:33:07.235752+00:00,kai-scheduler,kai-operator-69b5d7bcf7-bs8zr,4.0,119537664
2026-09-16T16:33:07.235752+00:00,kai-scheduler,kai-scheduler-default-5c5797d5c6-84x7t,85.0,484442112
2026-09-16T16:33:07.235752+00:00,kai-scheduler,pod-grouper-65456f756-cd5jq,1.0,11534336
2026-09-16T16:33:07.235752+00:00,kai-scheduler,podgroup-controller-68f9cc8dbf-hqvxr,1.0,11534336
2026-09-16T16:33:07.235752+00:00,kai-scheduler,queue-controller-f86fcd76c-8pmz6,1.0,11534336
2026-09-16T16:33:07.235752+00:00,kube-system,coredns-8db54c48d-mbmzd,6.0,56623104
2026-09-16T16:33:07.235752+00:00,kube-system,kwok-controller-5cf8c7c44b-z7cwp,93.0,80740352
2026-09-16T16:33:07.235752+00:00,kube-system,local-path-provisioner-5d9d9885bc-q4th8,1.0,15728640
2026-09-16T16:33:07.235752+00:00,kube-system,metrics-server-75dc6f8d87-jvlxg,41.0,240123904
2026-09-16T16:33:07.235752+00:00,kube-system,svclb-traefik-95f97b9d-mhlvx,0.0,0
2026-09-16T16:33:07.235752+00:00,kube-system,traefik-9bcdbbd9-qkrql,8.0,250609664
2026-09-16T16:33:07.235752+00:00,pyroscope,pyroscope-0,8.0,145752064
2026-09-16T16:33:07.235752+00:00,pyroscope,pyroscope-alloy-0,37.0,475004928
2026-09-16T16:33:38.507729+00:00,grove-system,grove-operator-7b994569fd-lwmw9,858.0,1258291200
2026-09-16T16:33:38.507729+00:00,kai-scheduler,admission-86666f457d-lncc2,1.0,14680064
2026-09-16T16:33:38.507729+00:00,kai-scheduler,kai-operator-69b5d7bcf7-bs8zr,1.0,120586240
2026-09-16T16:33:38.507729+00:00,kai-scheduler,kai-scheduler-default-5c5797d5c6-84x7t,60.0,531628032
2026-09-16T16:33:38.507729+00:00,kai-scheduler,pod-grouper-65456f756-cd5jq,1.0,11534336
2026-09-16T16:33:38.507729+00:00,kai-scheduler,podgroup-controller-68f9cc8dbf-hqvxr,1.0,11534336
2026-09-16T16:33:38.507729+00:00,kai-scheduler,queue-controller-f86fcd76c-8pmz6,1.0,11534336
2026-09-16T16:33:38.507729+00:00,kube-system,coredns-8db54c48d-mbmzd,6.0,56623104
2026-09-16T16:33:38.507729+00:00,kube-system,kwok-controller-5cf8c7c44b-z7cwp,96.0,80740352
2026-09-16T16:33:38.507729+00:00,kube-system,local-path-provisioner-5d9d9885bc-q4th8,1.0,15728640
2026-09-16T16:33:38.507729+00:00,kube-system,metrics-server-75dc6f8d87-jvlxg,32.0,241172480
2026-09-16T16:33:38.507729+00:00,kube-system,svclb-traefik-95f97b9d-mhlvx,0.0,0
2026-09-16T16:33:38.507729+00:00,kube-system,traefik-9bcdbbd9-qkrql,17.0,250609664
2026-09-16T16:33:38.507729+00:00,pyroscope,pyroscope-0,6.0,146800640
2026-09-16T16:33:38.507729+00:00,pyroscope,pyroscope-alloy-0,28.0,483393536
2026-09-16T16:34:09.764655+00:00,grove-system,grove-operator-7b994569fd-lwmw9,441.0,1163919360
2026-09-16T16:34:09.764655+00:00,kai-scheduler,admission-86666f457d-lncc2,1.0,14680064
2026-09-16T16:34:09.764655+00:00,kai-scheduler,kai-operator-69b5d7bcf7-bs8zr,1.0,120586240
2026-09-16T16:34:09.764655+00:00,kai-scheduler,kai-scheduler-default-5c5797d5c6-84x7t,59.0,498073600
2026-09-16T16:34:09.764655+00:00,kai-scheduler,pod-grouper-65456f756-cd5jq,1.0,11534336
2026-09-16T16:34:09.764655+00:00,kai-scheduler,podgroup-controller-68f9cc8dbf-hqvxr,1.0,11534336
2026-09-16T16:34:09.764655+00:00,kai-scheduler,queue-controller-f86fcd76c-8pmz6,1.0,11534336
2026-09-16T16:34:09.764655+00:00,kube-system,coredns-8db54c48d-mbmzd,5.0,56623104
2026-09-16T16:34:09.764655+00:00,kube-system,kwok-controller-5cf8c7c44b-z7cwp,106.0,81788928
2026-09-16T16:34:09.764655+00:00,kube-system,local-path-provisioner-5d9d9885bc-q4th8,1.0,15728640
2026-09-16T16:34:09.764655+00:00,kube-system,metrics-server-75dc6f8d87-jvlxg,30.0,234881024
2026-09-16T16:34:09.764655+00:00,kube-system,svclb-traefik-95f97b9d-mhlvx,0.0,0
2026-09-16T16:34:09.764655+00:00,kube-system,traefik-9bcdbbd9-qkrql,7.0,251658240
2026-09-16T16:34:09.764655+00:00,pyroscope,pyroscope-0,7.0,147849216
2026-09-16T16:34:09.764655+00:00,pyroscope,pyroscope-alloy-0,7.0,492830720
2026-09-16T16:34:41.026517+00:00,grove-system,grove-operator-7b994569fd-lwmw9,569.0,1220542464
2026-09-16T16:34:41.026517+00:00,kai-scheduler,admission-86666f457d-lncc2,1.0,14680064
2026-09-16T16:34:41.026517+00:00,kai-scheduler,kai-operator-69b5d7bcf7-bs8zr,1.0,119537664
2026-09-16T16:34:41.026517+00:00,kai-scheduler,kai-scheduler-default-5c5797d5c6-84x7t,65.0,513802240
2026-09-16T16:34:41.026517+00:00,kai-scheduler,pod-grouper-65456f756-cd5jq,1.0,11534336
2026-09-16T16:34:41.026517+00:00,kai-scheduler,podgroup-controller-68f9cc8dbf-hqvxr,1.0,11534336
2026-09-16T16:34:41.026517+00:00,kai-scheduler,queue-controller-f86fcd76c-8pmz6,1.0,11534336
2026-09-16T16:34:41.026517+00:00,kube-system,coredns-8db54c48d-mbmzd,7.0,56623104
2026-09-16T16:34:41.026517+00:00,kube-system,kwok-controller-5cf8c7c44b-z7cwp,90.0,82837504
2026-09-16T16:34:41.026517+00:00,kube-system,local-path-provisioner-5d9d9885bc-q4th8,1.0,15728640
2026-09-16T16:34:41.026517+00:00,kube-system,metrics-server-75dc6f8d87-jvlxg,34.0,236978176
2026-09-16T16:34:41.026517+00:00,kube-system,svclb-traefik-95f97b9d-mhlvx,0.0,0
2026-09-16T16:34:41.026517+00:00,kube-system,traefik-9bcdbbd9-qkrql,9.0,252706816
2026-09-16T16:34:41.026517+00:00,pyroscope,pyroscope-0,7.0,149946368
2026-09-16T16:34:41.026517+00:00,pyroscope,pyroscope-alloy-0,10.0,511705088
2026-09-16T16:35:12.289005+00:00,grove-system,grove-operator-7b994569fd-lwmw9,577.0,1243611136
2026-09-16T16:35:12.289005+00:00,kai-scheduler,admission-86666f457d-lncc2,1.0,14680064
2026-09-16T16:35:12.289005+00:00,kai-scheduler,kai-operator-69b5d7bcf7-bs8zr,4.0,115343360
2026-09-16T16:35:12.289005+00:00,kai-scheduler,kai-scheduler-default-5c5797d5c6-84x7t,58.0,511705088
2026-09-16T16:35:12.289005+00:00,kai-scheduler,pod-grouper-65456f756-cd5jq,1.0,11534336
2026-09-16T16:35:12.289005+00:00,kai-scheduler,podgroup-controller-68f9cc8dbf-hqvxr,1.0,11534336
2026-09-16T16:35:12.289005+00:00,kai-scheduler,queue-controller-f86fcd76c-8pmz6,1.0,11534336
2026-09-16T16:35:12.289005+00:00,kube-system,coredns-8db54c48d-mbmzd,6.0,55574528
2026-09-16T16:35:12.289005+00:00,kube-system,kwok-controller-5cf8c7c44b-z7cwp,124.0,81788928
2026-09-16T16:35:12.289005+00:00,kube-system,local-path-provisioner-5d9d9885bc-q4th8,1.0,15728640
2026-09-16T16:35:12.289005+00:00,kube-system,metrics-server-75dc6f8d87-jvlxg,39.0,235929600
2026-09-16T16:35:12.289005+00:00,kube-system,svclb-traefik-95f97b9d-mhlvx,0.0,0
2026-09-16T16:35:12.289005+00:00,kube-system,traefik-9bcdbbd9-qkrql,7.0,251658240
2026-09-16T16:35:12.289005+00:00,pyroscope,pyroscope-0,7.0,149946368
2026-09-16T16:35:12.289005+00:00,pyroscope,pyroscope-alloy-0,26.0,523239424
2026-09-16T16:35:43.572867+00:00,grove-system,grove-operator-7b994569fd-lwmw9,724.0,1253048320
2026-09-16T16:35:43.572867+00:00,kai-scheduler,admission-86666f457d-lncc2,1.0,14680064
2026-09-16T16:35:43.572867+00:00,kai-scheduler,kai-operator-69b5d7bcf7-bs8zr,1.0,115343360
2026-09-16T16:35:43.572867+00:00,kai-scheduler,kai-scheduler-default-5c5797d5c6-84x7t,164.0,504365056
2026-09-16T16:35:43.572867+00:00,kai-scheduler,pod-grouper-65456f756-cd5jq,1.0,11534336
2026-09-16T16:35:43.572867+00:00,kai-scheduler,podgroup-controller-68f9cc8dbf-hqvxr,1.0,11534336
2026-09-16T16:35:43.572867+00:00,kai-scheduler,queue-controller-f86fcd76c-8pmz6,1.0,11534336
2026-09-16T16:35:43.572867+00:00,kube-system,coredns-8db54c48d-mbmzd,12.0,54525952
2026-09-16T16:35:43.572867+00:00,kube-system,kwok-controller-5cf8c7c44b-z7cwp,284.0,83886080
2026-09-16T16:35:43.572867+00:00,kube-system,local-path-provisioner-5d9d9885bc-q4th8,1.0,15728640
2026-09-16T16:35:43.572867+00:00,kube-system,metrics-server-75dc6f8d87-jvlxg,59.0,234881024
2026-09-16T16:35:43.572867+00:00,kube-system,svclb-traefik-95f97b9d-mhlvx,0.0,0
2026-09-16T16:35:43.572867+00:00,kube-system,traefik-9bcdbbd9-qkrql,19.0,251658240
2026-09-16T16:35:43.572867+00:00,pyroscope,pyroscope-0,9.0,149946368
2026-09-16T16:35:43.572867+00:00,pyroscope,pyroscope-alloy-0,119.0,558891008
2026-09-16T16:36:14.956124+00:00,grove-system,grove-operator-7b994569fd-lwmw9,843.0,1319108608
2026-09-16T16:36:14.956124+00:00,kai-scheduler,admission-86666f457d-lncc2,1.0,14680064
2026-09-16T16:36:14.956124+00:00,kai-scheduler,kai-operator-69b5d7bcf7-bs8zr,4.0,115343360
2026-09-16T16:36:14.956124+00:00,kai-scheduler,pod-grouper-65456f756-cd5jq,1.0,11534336
2026-09-16T16:36:14.956124+00:00,kai-scheduler,podgroup-controller-68f9cc8dbf-hqvxr,1.0,11534336
2026-09-16T16:36:14.956124+00:00,kai-scheduler,queue-controller-f86fcd76c-8pmz6,1.0,11534336
2026-09-16T16:36:14.956124+00:00,kube-system,coredns-8db54c48d-mbmzd,13.0,56623104
2026-09-16T16:36:14.956124+00:00,kube-system,kwok-controller-5cf8c7c44b-z7cwp,423.0,84934656
2026-09-16T16:36:14.956124+00:00,kube-system,local-path-provisioner-5d9d9885bc-q4th8,1.0,15728640
2026-09-16T16:36:14.956124+00:00,kube-system,metrics-server-75dc6f8d87-jvlxg,69.0,241172480
2026-09-16T16:36:14.956124+00:00,kube-system,svclb-traefik-95f97b9d-mhlvx,0.0,0
2026-09-16T16:36:14.956124+00:00,kube-system,traefik-9bcdbbd9-qkrql,19.0,249561088
2026-09-16T16:36:14.956124+00:00,pyroscope,pyroscope-0,7.0,152043520
2026-09-16T16:36:14.956124+00:00,pyroscope,pyroscope-alloy-0,147.0,575668224
2026-09-16T16:36:46.234164+00:00,grove-system,grove-operator-7b994569fd-lwmw9,575.0,1251999744
2026-09-16T16:36:46.234164+00:00,kai-scheduler,admission-86666f457d-lncc2,1.0,14680064
2026-09-16T16:36:46.234164+00:00,kai-scheduler,kai-operator-69b5d7bcf7-bs8zr,5.0,131072000
2026-09-16T16:36:46.234164+00:00,kai-scheduler,kai-scheduler-default-5c5797d5c6-84x7t,189.0,525336576
2026-09-16T16:36:46.234164+00:00,kai-scheduler,pod-grouper-65456f756-cd5jq,1.0,11534336
2026-09-16T16:36:46.234164+00:00,kai-scheduler,podgroup-controller-68f9cc8dbf-hqvxr,1.0,11534336
2026-09-16T16:36:46.234164+00:00,kai-scheduler,queue-controller-f86fcd76c-8pmz6,1.0,11534336
2026-09-16T16:36:46.234164+00:00,kube-system,coredns-8db54c48d-mbmzd,12.0,56623104
2026-09-16T16:36:46.234164+00:00,kube-system,kwok-controller-5cf8c7c44b-z7cwp,288.0,82837504
2026-09-16T16:36:46.234164+00:00,kube-system,local-path-provisioner-5d9d9885bc-q4th8,1.0,15728640
2026-09-16T16:36:46.234164+00:00,kube-system,metrics-server-75dc6f8d87-jvlxg,73.0,249561088
2026-09-16T16:36:46.234164+00:00,kube-system,svclb-traefik-95f97b9d-mhlvx,0.0,0
2026-09-16T16:36:46.234164+00:00,kube-system,traefik-9bcdbbd9-qkrql,20.0,253755392
2026-09-16T16:36:46.234164+00:00,pyroscope,pyroscope-0,5.0,152043520
2026-09-16T16:36:46.234164+00:00,pyroscope,pyroscope-alloy-0,146.0,576716800
2026-09-16T16:37:17.567516+00:00,grove-system,grove-operator-7b994569fd-lwmw9,697.0,1281359872
2026-09-16T16:37:17.567516+00:00,kai-scheduler,admission-86666f457d-lncc2,1.0,14680064
2026-09-16T16:37:17.567516+00:00,kai-scheduler,binder-869fc94c7-clrrp,103.0,208666624
2026-09-16T16:37:17.567516+00:00,kai-scheduler,kai-operator-69b5d7bcf7-bs8zr,8.0,134217728
2026-09-16T16:37:17.567516+00:00,kai-scheduler,pod-grouper-65456f756-cd5jq,1.0,11534336
2026-09-16T16:37:17.567516+00:00,kai-scheduler,podgroup-controller-68f9cc8dbf-hqvxr,1.0,11534336
2026-09-16T16:37:17.567516+00:00,kai-scheduler,queue-controller-f86fcd76c-8pmz6,1.0,11534336
2026-09-16T16:37:17.567516+00:00,kube-system,coredns-8db54c48d-mbmzd,12.0,55574528
2026-09-16T16:37:17.567516+00:00,kube-system,kwok-controller-5cf8c7c44b-z7cwp,310.0,85983232
2026-09-16T16:37:17.567516+00:00,kube-system,local-path-provisioner-5d9d9885bc-q4th8,1.0,15728640
2026-09-16T16:37:17.567516+00:00,kube-system,metrics-server-75dc6f8d87-jvlxg,68.0,264241152
2026-09-16T16:37:17.567516+00:00,kube-system,svclb-traefik-95f97b9d-mhlvx,0.0,0
2026-09-16T16:37:17.567516+00:00,kube-system,traefik-9bcdbbd9-qkrql,19.0,264241152
2026-09-16T16:37:17.567516+00:00,pyroscope,pyroscope-0,8.0,150994944
2026-09-16T16:37:17.567516+00:00,pyroscope,pyroscope-alloy-0,138.0,598736896
2026-09-16T16:37:48.841687+00:00,grove-system,grove-operator-7b994569fd-lwmw9,534.0,1326448640
2026-09-16T16:37:48.841687+00:00,kai-scheduler,admission-86666f457d-lncc2,1.0,14680064
2026-09-16T16:37:48.841687+00:00,kai-scheduler,kai-operator-69b5d7bcf7-bs8zr,6.0,135266304
2026-09-16T16:37:48.841687+00:00,kai-scheduler,pod-grouper-65456f756-cd5jq,1.0,11534336
2026-09-16T16:37:48.841687+00:00,kai-scheduler,podgroup-controller-68f9cc8dbf-hqvxr,1.0,11534336
2026-09-16T16:37:48.841687+00:00,kai-scheduler,queue-controller-f86fcd76c-8pmz6,1.0,11534336
2026-09-16T16:37:48.841687+00:00,kube-system,coredns-8db54c48d-mbmzd,12.0,56623104
2026-09-16T16:37:48.841687+00:00,kube-system,kwok-controller-5cf8c7c44b-z7cwp,313.0,85983232
2026-09-16T16:37:48.841687+00:00,kube-system,local-path-provisioner-5d9d9885bc-q4th8,1.0,15728640
2026-09-16T16:37:48.841687+00:00,kube-system,metrics-server-75dc6f8d87-jvlxg,70.0,263192576
2026-09-16T16:37:48.841687+00:00,kube-system,svclb-traefik-95f97b9d-mhlvx,0.0,0
2026-09-16T16:37:48.841687+00:00,kube-system,traefik-9bcdbbd9-qkrql,18.0,270532608
2026-09-16T16:37:48.841687+00:00,pyroscope,pyroscope-0,6.0,150994944
2026-09-16T16:37:48.841687+00:00,pyroscope,pyroscope-alloy-0,162.0,631242752
2026-09-16T16:38:20.106245+00:00,grove-system,grove-operator-7b994569fd-lwmw9,938.0,1351614464
2026-09-16T16:38:20.106245+00:00,kai-scheduler,admission-86666f457d-lncc2,1.0,14680064
2026-09-16T16:38:20.106245+00:00,kai-scheduler,kai-operator-69b5d7bcf7-bs8zr,7.0,135266304
2026-09-16T16:38:20.106245+00:00,kai-scheduler,pod-grouper-65456f756-cd5jq,1.0,11534336
2026-09-16T16:38:20.106245+00:00,kai-scheduler,podgroup-controller-68f9cc8dbf-hqvxr,1.0,11534336
2026-09-16T16:38:20.106245+00:00,kai-scheduler,queue-controller-f86fcd76c-8pmz6,1.0,11534336
2026-09-16T16:38:20.106245+00:00,kube-system,coredns-8db54c48d-mbmzd,8.0,55574528
2026-09-16T16:38:20.106245+00:00,kube-system,kwok-controller-5cf8c7c44b-z7cwp,301.0,84934656
2026-09-16T16:38:20.106245+00:00,kube-system,local-path-provisioner-5d9d9885bc-q4th8,1.0,15728640
2026-09-16T16:38:20.106245+00:00,kube-system,metrics-server-75dc6f8d87-jvlxg,61.0,275775488
2026-09-16T16:38:20.106245+00:00,kube-system,svclb-traefik-95f97b9d-mhlvx,0.0,0
2026-09-16T16:38:20.106245+00:00,kube-system,traefik-9bcdbbd9-qkrql,12.0,271581184
2026-09-16T16:38:20.106245+00:00,pyroscope,pyroscope-0,7.0,155189248
2026-09-16T16:38:20.106245+00:00,pyroscope,pyroscope-alloy-0,173.0,678428672
2026-09-16T16:38:51.356749+00:00,grove-system,grove-operator-7b994569fd-lwmw9,387.0,1309671424
2026-09-16T16:38:51.356749+00:00,kai-scheduler,admission-86666f457d-lncc2,1.0,14680064
2026-09-16T16:38:51.356749+00:00,kai-scheduler,kai-operator-69b5d7bcf7-bs8zr,1.0,135266304
2026-09-16T16:38:51.356749+00:00,kai-scheduler,pod-grouper-65456f756-cd5jq,1.0,11534336
2026-09-16T16:38:51.356749+00:00,kai-scheduler,podgroup-controller-68f9cc8dbf-hqvxr,1.0,11534336
2026-09-16T16:38:51.356749+00:00,kai-scheduler,queue-controller-f86fcd76c-8pmz6,1.0,11534336
2026-09-16T16:38:51.356749+00:00,kube-system,coredns-8db54c48d-mbmzd,8.0,57671680
2026-09-16T16:38:51.356749+00:00,kube-system,kwok-controller-5cf8c7c44b-z7cwp,88.0,87031808
2026-09-16T16:38:51.356749+00:00,kube-system,local-path-provisioner-5d9d9885bc-q4th8,1.0,15728640
2026-09-16T16:38:51.356749+00:00,kube-system,metrics-server-75dc6f8d87-jvlxg,26.0,284164096
2026-09-16T16:38:51.356749+00:00,kube-system,svclb-traefik-95f97b9d-mhlvx,0.0,0
2026-09-16T16:38:51.356749+00:00,kube-system,traefik-9bcdbbd9-qkrql,11.0,271581184
2026-09-16T16:38:51.356749+00:00,pyroscope,pyroscope-0,7.0,179306496
2026-09-16T16:38:51.356749+00:00,pyroscope,pyroscope-alloy-0,6.0,675282944
2026-09-16T16:39:22.614351+00:00,grove-system,grove-operator-7b994569fd-lwmw9,960.0,1339031552
2026-09-16T16:39:22.614351+00:00,kai-scheduler,admission-86666f457d-lncc2,1.0,14680064
2026-09-16T16:39:22.614351+00:00,kai-scheduler,kai-operator-69b5d7bcf7-bs8zr,1.0,135266304
2026-09-16T16:39:22.614351+00:00,kai-scheduler,pod-grouper-65456f756-cd5jq,1.0,11534336
2026-09-16T16:39:22.614351+00:00,kai-scheduler,podgroup-controller-68f9cc8dbf-hqvxr,1.0,11534336
2026-09-16T16:39:22.614351+00:00,kai-scheduler,queue-controller-f86fcd76c-8pmz6,1.0,11534336
2026-09-16T16:39:22.614351+00:00,kube-system,coredns-8db54c48d-mbmzd,8.0,57671680
2026-09-16T16:39:22.614351+00:00,kube-system,kwok-controller-5cf8c7c44b-z7cwp,80.0,87031808
2026-09-16T16:39:22.614351+00:00,kube-system,local-path-provisioner-5d9d9885bc-q4th8,1.0,15728640
2026-09-16T16:39:22.614351+00:00,kube-system,metrics-server-75dc6f8d87-jvlxg,40.0,293601280
2026-09-16T16:39:22.614351+00:00,kube-system,svclb-traefik-95f97b9d-mhlvx,0.0,0
2026-09-16T16:39:22.614351+00:00,kube-system,traefik-9bcdbbd9-qkrql,11.0,272629760
2026-09-16T16:39:22.614351+00:00,pyroscope,pyroscope-0,8.0,169869312
2026-09-16T16:39:22.614351+00:00,pyroscope,pyroscope-alloy-0,6.0,676331520
2026-09-16T16:39:53.876030+00:00,grove-system,grove-operator-7b994569fd-lwmw9,261.0,1292894208
2026-09-16T16:39:53.876030+00:00,kai-scheduler,admission-86666f457d-lncc2,1.0,14680064
2026-09-16T16:39:53.876030+00:00,kai-scheduler,kai-operator-69b5d7bcf7-bs8zr,5.0,135266304
2026-09-16T16:39:53.876030+00:00,kai-scheduler,pod-grouper-65456f756-cd5jq,1.0,11534336
2026-09-16T16:39:53.876030+00:00,kai-scheduler,podgroup-controller-68f9cc8dbf-hqvxr,1.0,11534336
2026-09-16T16:39:53.876030+00:00,kai-scheduler,queue-controller-f86fcd76c-8pmz6,1.0,11534336
2026-09-16T16:39:53.876030+00:00,kube-system,coredns-8db54c48d-mbmzd,8.0,57671680
2026-09-16T16:39:53.876030+00:00,kube-system,kwok-controller-5cf8c7c44b-z7cwp,87.0,87031808
2026-09-16T16:39:53.876030+00:00,kube-system,local-path-provisioner-5d9d9885bc-q4th8,1.0,15728640
2026-09-16T16:39:53.876030+00:00,kube-system,metrics-server-75dc6f8d87-jvlxg,30.0,292552704
2026-09-16T16:39:53.876030+00:00,kube-system,svclb-traefik-95f97b9d-mhlvx,0.0,0
2026-09-16T16:39:53.876030+00:00,kube-system,traefik-9bcdbbd9-qkrql,11.0,271581184
2026-09-16T16:39:53.876030+00:00,pyroscope,pyroscope-0,5.0,169869312
2026-09-16T16:39:53.876030+00:00,pyroscope,pyroscope-alloy-0,56.0,709885952
2026-09-16T16:40:25.140924+00:00,grove-system,grove-operator-7b994569fd-lwmw9,454.0,1328545792
2026-09-16T16:40:25.140924+00:00,kai-scheduler,admission-86666f457d-lncc2,1.0,14680064
2026-09-16T16:40:25.140924+00:00,kai-scheduler,kai-operator-69b5d7bcf7-bs8zr,4.0,135266304
2026-09-16T16:40:25.140924+00:00,kai-scheduler,pod-grouper-65456f756-cd5jq,1.0,11534336
2026-09-16T16:40:25.140924+00:00,kai-scheduler,podgroup-controller-68f9cc8dbf-hqvxr,1.0,11534336
2026-09-16T16:40:25.140924+00:00,kai-scheduler,queue-controller-f86fcd76c-8pmz6,1.0,11534336
2026-09-16T16:40:25.140924+00:00,kube-system,coredns-8db54c48d-mbmzd,9.0,57671680
2026-09-16T16:40:25.140924+00:00,kube-system,kwok-controller-5cf8c7c44b-z7cwp,139.0,87031808
2026-09-16T16:40:25.140924+00:00,kube-system,local-path-provisioner-5d9d9885bc-q4th8,1.0,15728640
2026-09-16T16:40:25.140924+00:00,kube-system,metrics-server-75dc6f8d87-jvlxg,48.0,296747008
2026-09-16T16:40:25.140924+00:00,kube-system,svclb-traefik-95f97b9d-mhlvx,0.0,0
2026-09-16T16:40:25.140924+00:00,kube-system,traefik-9bcdbbd9-qkrql,12.0,271581184
2026-09-16T16:40:25.140924+00:00,pyroscope,pyroscope-0,6.0,165675008
2026-09-16T16:40:25.140924+00:00,pyroscope,pyroscope-alloy-0,155.0,716177408
2026-09-16T16:40:56.406951+00:00,grove-system,grove-operator-7b994569fd-lwmw9,694.0,1253048320
2026-09-16T16:40:56.406951+00:00,kai-scheduler,admission-86666f457d-lncc2,1.0,14680064
2026-09-16T16:40:56.406951+00:00,kai-scheduler,kai-operator-69b5d7bcf7-bs8zr,1.0,136314880
2026-09-16T16:40:56.406951+00:00,kai-scheduler,pod-grouper-65456f756-cd5jq,1.0,11534336
2026-09-16T16:40:56.406951+00:00,kai-scheduler,podgroup-controller-68f9cc8dbf-hqvxr,1.0,11534336
2026-09-16T16:40:56.406951+00:00,kai-scheduler,queue-controller-f86fcd76c-8pmz6,1.0,11534336
2026-09-16T16:40:56.406951+00:00,kube-system,coredns-8db54c48d-mbmzd,8.0,58720256
2026-09-16T16:40:56.406951+00:00,kube-system,kwok-controller-5cf8c7c44b-z7cwp,138.0,88080384
2026-09-16T16:40:56.406951+00:00,kube-system,local-path-provisioner-5d9d9885bc-q4th8,1.0,15728640
2026-09-16T16:40:56.406951+00:00,kube-system,metrics-server-75dc6f8d87-jvlxg,50.0,313524224
2026-09-16T16:40:56.406951+00:00,kube-system,svclb-traefik-95f97b9d-mhlvx,0.0,0
2026-09-16T16:40:56.406951+00:00,kube-system,traefik-9bcdbbd9-qkrql,11.0,272629760
2026-09-16T16:40:56.406951+00:00,pyroscope,pyroscope-0,7.0,166723584
2026-09-16T16:40:56.406951+00:00,pyroscope,pyroscope-alloy-0,174.0,717225984
2026-09-16T16:41:27.668103+00:00,grove-system,grove-operator-7b994569fd-lwmw9,130.0,1190133760
2026-09-16T16:41:27.668103+00:00,kai-scheduler,admission-86666f457d-lncc2,1.0,14680064
2026-09-16T16:41:27.668103+00:00,kai-scheduler,kai-operator-69b5d7bcf7-bs8zr,1.0,136314880
2026-09-16T16:41:27.668103+00:00,kai-scheduler,pod-grouper-65456f756-cd5jq,1.0,11534336
2026-09-16T16:41:27.668103+00:00,kai-scheduler,podgroup-controller-68f9cc8dbf-hqvxr,1.0,11534336
2026-09-16T16:41:27.668103+00:00,kai-scheduler,queue-controller-f86fcd76c-8pmz6,1.0,11534336
2026-09-16T16:41:27.668103+00:00,kube-system,coredns-8db54c48d-mbmzd,7.0,58720256
2026-09-16T16:41:27.668103+00:00,kube-system,kwok-controller-5cf8c7c44b-z7cwp,133.0,88080384
2026-09-16T16:41:27.668103+00:00,kube-system,local-path-provisioner-5d9d9885bc-q4th8,1.0,15728640
2026-09-16T16:41:27.668103+00:00,kube-system,metrics-server-75dc6f8d87-jvlxg,48.0,312475648
2026-09-16T16:41:27.668103+00:00,kube-system,svclb-traefik-95f97b9d-mhlvx,0.0,0
2026-09-16T16:41:27.668103+00:00,kube-system,traefik-9bcdbbd9-qkrql,19.0,273678336
2026-09-16T16:41:27.668103+00:00,pyroscope,pyroscope-0,6.0,166723584
2026-09-16T16:41:27.668103+00:00,pyroscope,pyroscope-alloy-0,158.0,706740224
2026-09-16T16:41:58.933298+00:00,grove-system,grove-operator-7b994569fd-lwmw9,62.0,1219493888
2026-09-16T16:41:58.933298+00:00,kai-scheduler,admission-86666f457d-lncc2,1.0,14680064
2026-09-16T16:41:58.933298+00:00,kai-scheduler,kai-operator-69b5d7bcf7-bs8zr,1.0,136314880
2026-09-16T16:41:58.933298+00:00,kai-scheduler,pod-grouper-65456f756-cd5jq,1.0,11534336
2026-09-16T16:41:58.933298+00:00,kai-scheduler,podgroup-controller-68f9cc8dbf-hqvxr,1.0,11534336
2026-09-16T16:41:58.933298+00:00,kai-scheduler,queue-controller-f86fcd76c-8pmz6,1.0,11534336
2026-09-16T16:41:58.933298+00:00,kube-system,coredns-8db54c48d-mbmzd,8.0,56623104
2026-09-16T16:41:58.933298+00:00,kube-system,kwok-controller-5cf8c7c44b-z7cwp,143.0,89128960
2026-09-16T16:41:58.933298+00:00,kube-system,local-path-provisioner-5d9d9885bc-q4th8,1.0,15728640
2026-09-16T16:41:58.933298+00:00,kube-system,metrics-server-75dc6f8d87-jvlxg,58.0,317718528
2026-09-16T16:41:58.933298+00:00,kube-system,svclb-traefik-95f97b9d-mhlvx,0.0,0
2026-09-16T16:41:58.933298+00:00,kube-system,traefik-9bcdbbd9-qkrql,10.0,273678336
2026-09-16T16:41:58.933298+00:00,pyroscope,pyroscope-0,6.0,166723584
2026-09-16T16:41:58.933298+00:00,pyroscope,pyroscope-alloy-0,148.0,668991488
2026-09-16T16:42:30.181443+00:00,grove-system,grove-operator-7b994569fd-lwmw9,61.0,1192230912
2026-09-16T16:42:30.181443+00:00,kai-scheduler,admission-86666f457d-lncc2,1.0,14680064
2026-09-16T16:42:30.181443+00:00,kai-scheduler,kai-operator-69b5d7bcf7-bs8zr,3.0,122683392
2026-09-16T16:42:30.181443+00:00,kai-scheduler,pod-grouper-65456f756-cd5jq,1.0,11534336
2026-09-16T16:42:30.181443+00:00,kai-scheduler,podgroup-controller-68f9cc8dbf-hqvxr,1.0,11534336
2026-09-16T16:42:30.181443+00:00,kai-scheduler,queue-controller-f86fcd76c-8pmz6,1.0,11534336
2026-09-16T16:42:30.181443+00:00,kube-system,coredns-8db54c48d-mbmzd,9.0,60817408
2026-09-16T16:42:30.181443+00:00,kube-system,kwok-controller-5cf8c7c44b-z7cwp,131.0,88080384
2026-09-16T16:42:30.181443+00:00,kube-system,local-path-provisioner-5d9d9885bc-q4th8,1.0,15728640
2026-09-16T16:42:30.181443+00:00,kube-system,metrics-server-75dc6f8d87-jvlxg,51.0,317718528
2026-09-16T16:42:30.181443+00:00,kube-system,svclb-traefik-95f97b9d-mhlvx,0.0,0
2026-09-16T16:42:30.181443+00:00,kube-system,traefik-9bcdbbd9-qkrql,10.0,271581184
2026-09-16T16:42:30.181443+00:00,pyroscope,pyroscope-0,6.0,168820736
2026-09-16T16:42:30.181443+00:00,pyroscope,pyroscope-alloy-0,123.0,652214272
2026-09-16T16:43:01.433958+00:00,grove-system,grove-operator-7b994569fd-lwmw9,30.0,1196425216
2026-09-16T16:43:01.433958+00:00,kai-scheduler,admission-86666f457d-lncc2,1.0,14680064
2026-09-16T16:43:01.433958+00:00,kai-scheduler,binder-869fc94c7-clrrp,100.0,201326592
2026-09-16T16:43:01.433958+00:00,kai-scheduler,kai-operator-69b5d7bcf7-bs8zr,1.0,122683392
2026-09-16T16:43:01.433958+00:00,kai-scheduler,pod-grouper-65456f756-cd5jq,1.0,11534336
2026-09-16T16:43:01.433958+00:00,kai-scheduler,podgroup-controller-68f9cc8dbf-hqvxr,1.0,11534336
2026-09-16T16:43:01.433958+00:00,kai-scheduler,queue-controller-f86fcd76c-8pmz6,1.0,11534336
2026-09-16T16:43:01.433958+00:00,kube-system,coredns-8db54c48d-mbmzd,8.0,59768832
2026-09-16T16:43:01.433958+00:00,kube-system,kwok-controller-5cf8c7c44b-z7cwp,153.0,90177536
2026-09-16T16:43:01.433958+00:00,kube-system,local-path-provisioner-5d9d9885bc-q4th8,1.0,15728640
2026-09-16T16:43:01.433958+00:00,kube-system,metrics-server-75dc6f8d87-jvlxg,55.0,308281344
2026-09-16T16:43:01.433958+00:00,kube-system,svclb-traefik-95f97b9d-mhlvx,0.0,0
2026-09-16T16:43:01.433958+00:00,kube-system,traefik-9bcdbbd9-qkrql,15.0,262144000
2026-09-16T16:43:01.433958+00:00,pyroscope,pyroscope-0,5.0,168820736
2026-09-16T16:43:01.433958+00:00,pyroscope,pyroscope-alloy-0,123.0,655360000
2026-09-16T16:43:32.689745+00:00,grove-system,grove-operator-7b994569fd-lwmw9,44.0,1198522368
2026-09-16T16:43:32.689745+00:00,kai-scheduler,admission-86666f457d-lncc2,1.0,14680064
2026-09-16T16:43:32.689745+00:00,kai-scheduler,kai-operator-69b5d7bcf7-bs8zr,8.0,125829120
2026-09-16T16:43:32.689745+00:00,kai-scheduler,kai-scheduler-default-5c5797d5c6-84x7t,118.0,501219328
2026-09-16T16:43:32.689745+00:00,kai-scheduler,pod-grouper-65456f756-cd5jq,1.0,11534336
2026-09-16T16:43:32.689745+00:00,kai-scheduler,podgroup-controller-68f9cc8dbf-hqvxr,1.0,11534336
2026-09-16T16:43:32.689745+00:00,kai-scheduler,queue-controller-f86fcd76c-8pmz6,1.0,11534336
2026-09-16T16:43:32.689745+00:00,kube-system,coredns-8db54c48d-mbmzd,7.0,60817408
2026-09-16T16:43:32.689745+00:00,kube-system,kwok-controller-5cf8c7c44b-z7cwp,141.0,88080384
2026-09-16T16:43:32.689745+00:00,kube-system,local-path-provisioner-5d9d9885bc-q4th8,1.0,15728640
2026-09-16T16:43:32.689745+00:00,kube-system,metrics-server-75dc6f8d87-jvlxg,55.0,306184192
2026-09-16T16:43:32.689745+00:00,kube-system,svclb-traefik-95f97b9d-mhlvx,0.0,0
2026-09-16T16:43:32.689745+00:00,kube-system,traefik-9bcdbbd9-qkrql,11.0,262144000
2026-09-16T16:43:32.689745+00:00,pyroscope,pyroscope-0,7.0,169869312
2026-09-16T16:43:32.689745+00:00,pyroscope,pyroscope-alloy-0,139.0,646971392
2026-09-16T16:44:03.941992+00:00,grove-system,grove-operator-7b994569fd-lwmw9,110.0,1142947840
2026-09-16T16:44:03.941992+00:00,kai-scheduler,admission-86666f457d-lncc2,1.0,14680064
2026-09-16T16:44:03.941992+00:00,kai-scheduler,kai-operator-69b5d7bcf7-bs8zr,1.0,124780544
2026-09-16T16:44:03.941992+00:00,kai-scheduler,kai-scheduler-default-5c5797d5c6-84x7t,110.0,497025024
2026-09-16T16:44:03.941992+00:00,kai-scheduler,pod-grouper-65456f756-cd5jq,1.0,11534336
2026-09-16T16:44:03.941992+00:00,kai-scheduler,podgroup-controller-68f9cc8dbf-hqvxr,1.0,11534336
2026-09-16T16:44:03.941992+00:00,kai-scheduler,queue-controller-f86fcd76c-8pmz6,1.0,11534336
2026-09-16T16:44:03.941992+00:00,kube-system,coredns-8db54c48d-mbmzd,7.0,59768832
2026-09-16T16:44:03.941992+00:00,kube-system,kwok-controller-5cf8c7c44b-z7cwp,187.0,89128960
2026-09-16T16:44:03.941992+00:00,kube-system,local-path-provisioner-5d9d9885bc-q4th8,1.0,15728640
2026-09-16T16:44:03.941992+00:00,kube-system,metrics-server-75dc6f8d87-jvlxg,43.0,306184192
2026-09-16T16:44:03.941992+00:00,kube-system,svclb-traefik-95f97b9d-mhlvx,0.0,0
2026-09-16T16:44:03.941992+00:00,kube-system,traefik-9bcdbbd9-qkrql,9.0,263192576
2026-09-16T16:44:03.941992+00:00,pyroscope,pyroscope-0,6.0,168820736
2026-09-16T16:44:03.941992+00:00,pyroscope,pyroscope-alloy-0,113.0,654311424
2026-09-16T16:44:35.203650+00:00,grove-system,grove-operator-7b994569fd-lwmw9,49.0,1147142144
2026-09-16T16:44:35.203650+00:00,kai-scheduler,admission-86666f457d-lncc2,1.0,14680064
2026-09-16T16:44:35.203650+00:00,kai-scheduler,kai-operator-69b5d7bcf7-bs8zr,1.0,125829120
2026-09-16T16:44:35.203650+00:00,kai-scheduler,kai-scheduler-default-5c5797d5c6-84x7t,115.0,425721856
2026-09-16T16:44:35.203650+00:00,kai-scheduler,pod-grouper-65456f756-cd5jq,1.0,11534336
2026-09-16T16:44:35.203650+00:00,kai-scheduler,podgroup-controller-68f9cc8dbf-hqvxr,1.0,11534336
2026-09-16T16:44:35.203650+00:00,kai-scheduler,queue-controller-f86fcd76c-8pmz6,1.0,11534336
2026-09-16T16:44:35.203650+00:00,kube-system,coredns-8db54c48d-mbmzd,8.0,60817408
2026-09-16T16:44:35.203650+00:00,kube-system,kwok-controller-5cf8c7c44b-z7cwp,145.0,87031808
2026-09-16T16:44:35.203650+00:00,kube-system,local-path-provisioner-5d9d9885bc-q4th8,1.0,15728640
2026-09-16T16:44:35.203650+00:00,kube-system,metrics-server-75dc6f8d87-jvlxg,70.0,303038464
2026-09-16T16:44:35.203650+00:00,kube-system,svclb-traefik-95f97b9d-mhlvx,0.0,0
2026-09-16T16:44:35.203650+00:00,kube-system,traefik-9bcdbbd9-qkrql,11.0,263192576
2026-09-16T16:44:35.203650+00:00,pyroscope,pyroscope-0,7.0,169869312
2026-09-16T16:44:35.203650+00:00,pyroscope,pyroscope-alloy-0,116.0,616562688
2026-09-16T16:45:06.470773+00:00,grove-system,grove-operator-7b994569fd-lwmw9,60.0,1154482176
2026-09-16T16:45:06.470773+00:00,kai-scheduler,admission-86666f457d-lncc2,1.0,14680064
2026-09-16T16:45:06.470773+00:00,kai-scheduler,kai-operator-69b5d7bcf7-bs8zr,1.0,125829120
2026-09-16T16:45:06.470773+00:00,kai-scheduler,kai-scheduler-default-5c5797d5c6-84x7t,110.0,439353344
2026-09-16T16:45:06.470773+00:00,kai-scheduler,pod-grouper-65456f756-cd5jq,1.0,11534336
2026-09-16T16:45:06.470773+00:00,kai-scheduler,podgroup-controller-68f9cc8dbf-hqvxr,1.0,11534336
2026-09-16T16:45:06.470773+00:00,kai-scheduler,queue-controller-f86fcd76c-8pmz6,1.0,11534336
2026-09-16T16:45:06.470773+00:00,kube-system,coredns-8db54c48d-mbmzd,8.0,59768832
2026-09-16T16:45:06.470773+00:00,kube-system,kwok-controller-5cf8c7c44b-z7cwp,128.0,90177536
2026-09-16T16:45:06.470773+00:00,kube-system,local-path-provisioner-5d9d9885bc-q4th8,1.0,15728640
2026-09-16T16:45:06.470773+00:00,kube-system,metrics-server-75dc6f8d87-jvlxg,49.0,304087040
2026-09-16T16:45:06.470773+00:00,kube-system,svclb-traefik-95f97b9d-mhlvx,0.0,0
2026-09-16T16:45:06.470773+00:00,kube-system,traefik-9bcdbbd9-qkrql,18.0,260046848
2026-09-16T16:45:06.470773+00:00,pyroscope,pyroscope-0,5.0,170917888
2026-09-16T16:45:06.470773+00:00,pyroscope,pyroscope-alloy-0,97.0,602931200
2026-09-16T16:45:37.721193+00:00,grove-system,grove-operator-7b994569fd-lwmw9,26.0,1154482176
2026-09-16T16:45:37.721193+00:00,kai-scheduler,admission-86666f457d-lncc2,1.0,14680064
2026-09-16T16:45:37.721193+00:00,kai-scheduler,kai-operator-69b5d7bcf7-bs8zr,1.0,125829120
2026-09-16T16:45:37.721193+00:00,kai-scheduler,kai-scheduler-default-5c5797d5c6-84x7t,101.0,409993216
2026-09-16T16:45:37.721193+00:00,kai-scheduler,pod-grouper-65456f756-cd5jq,1.0,11534336
2026-09-16T16:45:37.721193+00:00,kai-scheduler,podgroup-controller-68f9cc8dbf-hqvxr,1.0,11534336
2026-09-16T16:45:37.721193+00:00,kai-scheduler,queue-controller-f86fcd76c-8pmz6,1.0,11534336
2026-09-16T16:45:37.721193+00:00,kube-system,coredns-8db54c48d-mbmzd,8.0,60817408
2026-09-16T16:45:37.721193+00:00,kube-system,kwok-controller-5cf8c7c44b-z7cwp,132.0,88080384
2026-09-16T16:45:37.721193+00:00,kube-system,local-path-provisioner-5d9d9885bc-q4th8,1.0,15728640
2026-09-16T16:45:37.721193+00:00,kube-system,metrics-server-75dc6f8d87-jvlxg,63.0,294649856
2026-09-16T16:45:37.721193+00:00,kube-system,svclb-traefik-95f97b9d-mhlvx,0.0,0
2026-09-16T16:45:37.721193+00:00,kube-system,traefik-9bcdbbd9-qkrql,11.0,258998272
2026-09-16T16:45:37.721193+00:00,pyroscope,pyroscope-0,6.0,170917888
2026-09-16T16:45:37.721193+00:00,pyroscope,pyroscope-alloy-0,113.0,603979776
2026-09-16T16:46:08.980087+00:00,grove-system,grove-operator-7b994569fd-lwmw9,45.0,1162870784
2026-09-16T16:46:08.980087+00:00,kai-scheduler,admission-86666f457d-lncc2,1.0,14680064
2026-09-16T16:46:08.980087+00:00,kai-scheduler,kai-operator-69b5d7bcf7-bs8zr,1.0,125829120
2026-09-16T16:46:08.980087+00:00,kai-scheduler,kai-scheduler-default-5c5797d5c6-84x7t,98.0,400556032
2026-09-16T16:46:08.980087+00:00,kai-scheduler,pod-grouper-65456f756-cd5jq,1.0,11534336
2026-09-16T16:46:08.980087+00:00,kai-scheduler,podgroup-controller-68f9cc8dbf-hqvxr,1.0,11534336
2026-09-16T16:46:08.980087+00:00,kai-scheduler,queue-controller-f86fcd76c-8pmz6,1.0,11534336
2026-09-16T16:46:08.980087+00:00,kube-system,coredns-8db54c48d-mbmzd,9.0,59768832
2026-09-16T16:46:08.980087+00:00,kube-system,kwok-controller-5cf8c7c44b-z7cwp,144.0,88080384
2026-09-16T16:46:08.980087+00:00,kube-system,local-path-provisioner-5d9d9885bc-q4th8,1.0,15728640
2026-09-16T16:46:08.980087+00:00,kube-system,metrics-server-75dc6f8d87-jvlxg,50.0,294649856
2026-09-16T16:46:08.980087+00:00,kube-system,svclb-traefik-95f97b9d-mhlvx,0.0,0
2026-09-16T16:46:08.980087+00:00,kube-system,traefik-9bcdbbd9-qkrql,11.0,257949696
2026-09-16T16:46:08.980087+00:00,pyroscope,pyroscope-0,7.0,171966464
2026-09-16T16:46:08.980087+00:00,pyroscope,pyroscope-alloy-0,82.0,585105408
2026-09-16T16:46:40.229254+00:00,grove-system,grove-operator-7b994569fd-lwmw9,24.0,1164967936
2026-09-16T16:46:40.229254+00:00,kai-scheduler,admission-86666f457d-lncc2,1.0,14680064
2026-09-16T16:46:40.229254+00:00,kai-scheduler,kai-operator-69b5d7bcf7-bs8zr,15.0,133169152
2026-09-16T16:46:40.229254+00:00,kai-scheduler,kai-scheduler-default-5c5797d5c6-84x7t,90.0,397410304
2026-09-16T16:46:40.229254+00:00,kai-scheduler,pod-grouper-65456f756-cd5jq,1.0,11534336
2026-09-16T16:46:40.229254+00:00,kai-scheduler,podgroup-controller-68f9cc8dbf-hqvxr,1.0,11534336
2026-09-16T16:46:40.229254+00:00,kai-scheduler,queue-controller-f86fcd76c-8pmz6,1.0,11534336
2026-09-16T16:46:40.229254+00:00,kube-system,coredns-8db54c48d-mbmzd,4.0,59768832
2026-09-16T16:46:40.229254+00:00,kube-system,kwok-controller-5cf8c7c44b-z7cwp,108.0,87031808
2026-09-16T16:46:40.229254+00:00,kube-system,local-path-provisioner-5d9d9885bc-q4th8,1.0,15728640
2026-09-16T16:46:40.229254+00:00,kube-system,metrics-server-75dc6f8d87-jvlxg,48.0,285212672
2026-09-16T16:46:40.229254+00:00,kube-system,svclb-traefik-95f97b9d-mhlvx,0.0,0
2026-09-16T16:46:40.229254+00:00,kube-system,traefik-9bcdbbd9-qkrql,58.0,281018368
2026-09-16T16:46:40.229254+00:00,pyroscope,pyroscope-0,5.0,193986560
2026-09-16T16:46:40.229254+00:00,pyroscope,pyroscope-alloy-0,25.0,576716800
2026-09-16T16:47:11.479609+00:00,grove-system,grove-operator-7b994569fd-lwmw9,109.0,1176502272
2026-09-16T16:47:11.479609+00:00,kai-scheduler,admission-86666f457d-lncc2,1.0,14680064
2026-09-16T16:47:11.479609+00:00,kai-scheduler,kai-operator-69b5d7bcf7-bs8zr,39.0,144703488
2026-09-16T16:47:11.479609+00:00,kai-scheduler,kai-scheduler-default-5c5797d5c6-84x7t,100.0,443547648
2026-09-16T16:47:11.479609+00:00,kai-scheduler,pod-grouper-65456f756-cd5jq,1.0,11534336
2026-09-16T16:47:11.479609+00:00,kai-scheduler,podgroup-controller-68f9cc8dbf-hqvxr,1.0,11534336
2026-09-16T16:47:11.479609+00:00,kai-scheduler,queue-controller-f86fcd76c-8pmz6,1.0,11534336
2026-09-16T16:47:11.479609+00:00,kube-system,coredns-8db54c48d-mbmzd,4.0,59768832
2026-09-16T16:47:11.479609+00:00,kube-system,kwok-controller-5cf8c7c44b-z7cwp,126.0,88080384
2026-09-16T16:47:11.479609+00:00,kube-system,local-path-provisioner-5d9d9885bc-q4th8,1.0,15728640
2026-09-16T16:47:11.479609+00:00,kube-system,metrics-server-75dc6f8d87-jvlxg,57.0,286261248
2026-09-16T16:47:11.479609+00:00,kube-system,svclb-traefik-95f97b9d-mhlvx,0.0,0
2026-09-16T16:47:11.479609+00:00,kube-system,traefik-9bcdbbd9-qkrql,58.0,298844160
2026-09-16T16:47:11.479609+00:00,pyroscope,pyroscope-0,5.0,181403648
2026-09-16T16:47:11.479609+00:00,pyroscope,pyroscope-alloy-0,3.0,579862528
2026-09-16T16:47:42.731625+00:00,grove-system,grove-operator-7b994569fd-lwmw9,213.0,1201668096
2026-09-16T16:47:42.731625+00:00,kai-scheduler,admission-86666f457d-lncc2,1.0,14680064
2026-09-16T16:47:42.731625+00:00,kai-scheduler,kai-operator-69b5d7bcf7-bs8zr,42.0,145752064
2026-09-16T16:47:42.731625+00:00,kai-scheduler,kai-scheduler-default-5c5797d5c6-84x7t,95.0,406847488
2026-09-16T16:47:42.731625+00:00,kai-scheduler,pod-grouper-65456f756-cd5jq,1.0,11534336
2026-09-16T16:47:42.731625+00:00,kai-scheduler,podgroup-controller-68f9cc8dbf-hqvxr,1.0,11534336
2026-09-16T16:47:42.731625+00:00,kai-scheduler,queue-controller-f86fcd76c-8pmz6,1.0,11534336
2026-09-16T16:47:42.731625+00:00,kube-system,coredns-8db54c48d-mbmzd,12.0,61865984
2026-09-16T16:47:42.731625+00:00,kube-system,kwok-controller-5cf8c7c44b-z7cwp,108.0,89128960
2026-09-16T16:47:42.731625+00:00,kube-system,local-path-provisioner-5d9d9885bc-q4th8,1.0,15728640
2026-09-16T16:47:42.731625+00:00,kube-system,metrics-server-75dc6f8d87-jvlxg,41.0,284164096
2026-09-16T16:47:42.731625+00:00,kube-system,svclb-traefik-95f97b9d-mhlvx,0.0,0
2026-09-16T16:47:42.731625+00:00,kube-system,traefik-9bcdbbd9-qkrql,67.0,299892736
2026-09-16T16:47:42.731625+00:00,pyroscope,pyroscope-0,6.0,167772160
2026-09-16T16:47:42.731625+00:00,pyroscope,pyroscope-alloy-0,6.0,594542592
2026-09-16T16:48:13.984325+00:00,grove-system,grove-operator-7b994569fd-lwmw9,271.0,1202716672
2026-09-16T16:48:13.984325+00:00,kai-scheduler,admission-86666f457d-lncc2,1.0,14680064
2026-09-16T16:48:13.984325+00:00,kai-scheduler,kai-operator-69b5d7bcf7-bs8zr,50.0,148897792
2026-09-16T16:48:13.984325+00:00,kai-scheduler,kai-scheduler-default-5c5797d5c6-84x7t,84.0,414187520
2026-09-16T16:48:13.984325+00:00,kai-scheduler,pod-grouper-65456f756-cd5jq,1.0,11534336
2026-09-16T16:48:13.984325+00:00,kai-scheduler,podgroup-controller-68f9cc8dbf-hqvxr,1.0,11534336
2026-09-16T16:48:13.984325+00:00,kai-scheduler,queue-controller-f86fcd76c-8pmz6,1.0,11534336
2026-09-16T16:48:13.984325+00:00,kube-system,coredns-8db54c48d-mbmzd,39.0,60817408
2026-09-16T16:48:13.984325+00:00,kube-system,kwok-controller-5cf8c7c44b-z7cwp,95.0,89128960
2026-09-16T16:48:13.984325+00:00,kube-system,local-path-provisioner-5d9d9885bc-q4th8,1.0,15728640
2026-09-16T16:48:13.984325+00:00,kube-system,metrics-server-75dc6f8d87-jvlxg,39.0,285212672
2026-09-16T16:48:13.984325+00:00,kube-system,svclb-traefik-95f97b9d-mhlvx,0.0,0
2026-09-16T16:48:13.984325+00:00,kube-system,traefik-9bcdbbd9-qkrql,85.0,301989888
2026-09-16T16:48:13.984325+00:00,pyroscope,pyroscope-0,6.0,167772160
2026-09-16T16:48:13.984325+00:00,pyroscope,pyroscope-alloy-0,6.0,602931200
2026-09-16T16:48:45.232516+00:00,grove-system,grove-operator-7b994569fd-lwmw9,148.0,1265631232
2026-09-16T16:48:45.232516+00:00,kai-scheduler,admission-86666f457d-lncc2,1.0,14680064
2026-09-16T16:48:45.232516+00:00,kai-scheduler,kai-operator-69b5d7bcf7-bs8zr,17.0,152043520
2026-09-16T16:48:45.232516+00:00,kai-scheduler,kai-scheduler-default-5c5797d5c6-84x7t,81.0,411041792
2026-09-16T16:48:45.232516+00:00,kai-scheduler,pod-grouper-65456f756-cd5jq,1.0,11534336
2026-09-16T16:48:45.232516+00:00,kai-scheduler,podgroup-controller-68f9cc8dbf-hqvxr,1.0,11534336
2026-09-16T16:48:45.232516+00:00,kai-scheduler,queue-controller-f86fcd76c-8pmz6,1.0,11534336
2026-09-16T16:48:45.232516+00:00,kube-system,coredns-8db54c48d-mbmzd,10.0,63963136
2026-09-16T16:48:45.232516+00:00,kube-system,kwok-controller-5cf8c7c44b-z7cwp,107.0,89128960
2026-09-16T16:48:45.232516+00:00,kube-system,local-path-provisioner-5d9d9885bc-q4th8,1.0,15728640
2026-09-16T16:48:45.232516+00:00,kube-system,metrics-server-75dc6f8d87-jvlxg,39.0,286261248
2026-09-16T16:48:45.232516+00:00,kube-system,svclb-traefik-95f97b9d-mhlvx,0.0,0
2026-09-16T16:48:45.232516+00:00,kube-system,traefik-9bcdbbd9-qkrql,33.0,310378496
2026-09-16T16:48:45.232516+00:00,pyroscope,pyroscope-0,7.0,167772160
2026-09-16T16:48:45.232516+00:00,pyroscope,pyroscope-alloy-0,19.0,611319808
2026-09-16T16:49:16.481317+00:00,grove-system,grove-operator-7b994569fd-lwmw9,99.0,1226833920
2026-09-16T16:49:16.481317+00:00,kai-scheduler,admission-86666f457d-lncc2,1.0,14680064
2026-09-16T16:49:16.481317+00:00,kai-scheduler,kai-operator-69b5d7bcf7-bs8zr,4.0,152043520
2026-09-16T16:49:16.481317+00:00,kai-scheduler,kai-scheduler-default-5c5797d5c6-84x7t,82.0,414187520
2026-09-16T16:49:16.481317+00:00,kai-scheduler,pod-grouper-65456f756-cd5jq,1.0,11534336
2026-09-16T16:49:16.481317+00:00,kai-scheduler,podgroup-controller-68f9cc8dbf-hqvxr,1.0,11534336
2026-09-16T16:49:16.481317+00:00,kai-scheduler,queue-controller-f86fcd76c-8pmz6,1.0,11534336
2026-09-16T16:49:16.481317+00:00,kube-system,coredns-8db54c48d-mbmzd,9.0,62914560
2026-09-16T16:49:16.481317+00:00,kube-system,kwok-controller-5cf8c7c44b-z7cwp,90.0,90177536
2026-09-16T16:49:16.481317+00:00,kube-system,local-path-provisioner-5d9d9885bc-q4th8,1.0,15728640
2026-09-16T16:49:16.481317+00:00,kube-system,metrics-server-75dc6f8d87-jvlxg,27.0,285212672
2026-09-16T16:49:16.481317+00:00,kube-system,svclb-traefik-95f97b9d-mhlvx,0.0,0
2026-09-16T16:49:16.481317+00:00,kube-system,traefik-9bcdbbd9-qkrql,14.0,320864256
2026-09-16T16:49:16.481317+00:00,pyroscope,pyroscope-0,5.0,167772160
2026-09-16T16:49:16.481317+00:00,pyroscope,pyroscope-alloy-0,5.0,612368384
2026-09-16T16:49:47.728336+00:00,grove-system,grove-operator-7b994569fd-lwmw9,213.0,1207959552
2026-09-16T16:49:47.728336+00:00,kai-scheduler,admission-86666f457d-lncc2,1.0,14680064
2026-09-16T16:49:47.728336+00:00,kai-scheduler,kai-operator-69b5d7bcf7-bs8zr,4.0,153092096
2026-09-16T16:49:47.728336+00:00,kai-scheduler,kai-scheduler-default-5c5797d5c6-84x7t,79.0,384827392
2026-09-16T16:49:47.728336+00:00,kai-scheduler,pod-grouper-65456f756-cd5jq,1.0,11534336
2026-09-16T16:49:47.728336+00:00,kai-scheduler,podgroup-controller-68f9cc8dbf-hqvxr,1.0,11534336
2026-09-16T16:49:47.728336+00:00,kai-scheduler,queue-controller-f86fcd76c-8pmz6,1.0,11534336
2026-09-16T16:49:47.728336+00:00,kube-system,coredns-8db54c48d-mbmzd,10.0,63963136
2026-09-16T16:49:47.728336+00:00,kube-system,kwok-controller-5cf8c7c44b-z7cwp,83.0,89128960
2026-09-16T16:49:47.728336+00:00,kube-system,local-path-provisioner-5d9d9885bc-q4th8,1.0,15728640
2026-09-16T16:49:47.728336+00:00,kube-system,metrics-server-75dc6f8d87-jvlxg,37.0,289406976
2026-09-16T16:49:47.728336+00:00,kube-system,svclb-traefik-95f97b9d-mhlvx,0.0,0
2026-09-16T16:49:47.728336+00:00,kube-system,traefik-9bcdbbd9-qkrql,14.0,320864256
2026-09-16T16:49:47.728336+00:00,pyroscope,pyroscope-0,5.0,169869312
2026-09-16T16:49:47.728336+00:00,pyroscope,pyroscope-alloy-0,8.0,617611264
2026-09-16T16:50:19.050270+00:00,grove-system,grove-operator-7b994569fd-lwmw9,409.0,1179648000
2026-09-16T16:50:19.050270+00:00,kai-scheduler,admission-86666f457d-lncc2,1.0,14680064
2026-09-16T16:50:19.050270+00:00,kai-scheduler,kai-operator-69b5d7bcf7-bs8zr,4.0,153092096
2026-09-16T16:50:19.050270+00:00,kai-scheduler,kai-scheduler-default-5c5797d5c6-84x7t,84.0,387973120
2026-09-16T16:50:19.050270+00:00,kai-scheduler,pod-grouper-65456f756-cd5jq,1.0,11534336
2026-09-16T16:50:19.050270+00:00,kai-scheduler,podgroup-controller-68f9cc8dbf-hqvxr,1.0,11534336
2026-09-16T16:50:19.050270+00:00,kai-scheduler,queue-controller-f86fcd76c-8pmz6,1.0,11534336
2026-09-16T16:50:19.050270+00:00,kube-system,coredns-8db54c48d-mbmzd,10.0,63963136
2026-09-16T16:50:19.050270+00:00,kube-system,kwok-controller-5cf8c7c44b-z7cwp,86.0,90177536
2026-09-16T16:50:19.050270+00:00,kube-system,local-path-provisioner-5d9d9885bc-q4th8,1.0,15728640
2026-09-16T16:50:19.050270+00:00,kube-system,metrics-server-75dc6f8d87-jvlxg,24.0,287309824
2026-09-16T16:50:19.050270+00:00,kube-system,svclb-traefik-95f97b9d-mhlvx,0.0,0
2026-09-16T16:50:19.050270+00:00,kube-system,traefik-9bcdbbd9-qkrql,14.0,320864256
2026-09-16T16:50:19.050270+00:00,pyroscope,pyroscope-0,7.0,173015040
2026-09-16T16:50:19.050270+00:00,pyroscope,pyroscope-alloy-0,103.0,577765376
2026-09-16T16:50:50.321600+00:00,grove-system,grove-operator-7b994569fd-lwmw9,606.0,1184890880
2026-09-16T16:50:50.321600+00:00,kai-scheduler,admission-86666f457d-lncc2,1.0,14680064
2026-09-16T16:50:50.321600+00:00,kai-scheduler,kai-operator-69b5d7bcf7-bs8zr,4.0,134217728
2026-09-16T16:50:50.321600+00:00,kai-scheduler,kai-scheduler-default-5c5797d5c6-84x7t,123.0,535822336
2026-09-16T16:50:50.321600+00:00,kai-scheduler,pod-grouper-65456f756-cd5jq,1.0,11534336
2026-09-16T16:50:50.321600+00:00,kai-scheduler,podgroup-controller-68f9cc8dbf-hqvxr,1.0,11534336
2026-09-16T16:50:50.321600+00:00,kai-scheduler,queue-controller-f86fcd76c-8pmz6,1.0,11534336
2026-09-16T16:50:50.321600+00:00,kube-system,coredns-8db54c48d-mbmzd,11.0,62914560
2026-09-16T16:50:50.321600+00:00,kube-system,kwok-controller-5cf8c7c44b-z7cwp,1830.0,90177536
2026-09-16T16:50:50.321600+00:00,kube-system,local-path-provisioner-5d9d9885bc-q4th8,1.0,15728640
2026-09-16T16:50:50.321600+00:00,kube-system,metrics-server-75dc6f8d87-jvlxg,42.0,287309824
2026-09-16T16:50:50.321600+00:00,kube-system,svclb-traefik-95f97b9d-mhlvx,0.0,0
2026-09-16T16:50:50.321600+00:00,kube-system,traefik-9bcdbbd9-qkrql,17.0,319815680
2026-09-16T16:50:50.321600+00:00,pyroscope,pyroscope-0,7.0,174063616
2026-09-16T16:50:50.321600+00:00,pyroscope,pyroscope-alloy-0,118.0,592445440
2026-09-16T16:51:21.602826+00:00,grove-system,grove-operator-7b994569fd-lwmw9,614.0,1197473792
2026-09-16T16:51:21.602826+00:00,kai-scheduler,admission-86666f457d-lncc2,1.0,14680064
2026-09-16T16:51:21.602826+00:00,kai-scheduler,kai-operator-69b5d7bcf7-bs8zr,4.0,134217728
2026-09-16T16:51:21.602826+00:00,kai-scheduler,pod-grouper-65456f756-cd5jq,1.0,11534336
2026-09-16T16:51:21.602826+00:00,kai-scheduler,podgroup-controller-68f9cc8dbf-hqvxr,1.0,11534336
2026-09-16T16:51:21.602826+00:00,kai-scheduler,queue-controller-f86fcd76c-8pmz6,1.0,11534336
2026-09-16T16:51:21.602826+00:00,kube-system,coredns-8db54c48d-mbmzd,13.0,66060288
2026-09-16T16:51:21.602826+00:00,kube-system,kwok-controller-5cf8c7c44b-z7cwp,140.0,91226112
2026-09-16T16:51:21.602826+00:00,kube-system,local-path-provisioner-5d9d9885bc-q4th8,1.0,15728640
2026-09-16T16:51:21.602826+00:00,kube-system,metrics-server-75dc6f8d87-jvlxg,29.0,286261248
2026-09-16T16:51:21.602826+00:00,kube-system,svclb-traefik-95f97b9d-mhlvx,0.0,0
2026-09-16T16:51:21.602826+00:00,kube-system,traefik-9bcdbbd9-qkrql,27.0,313524224
2026-09-16T16:51:21.602826+00:00,pyroscope,pyroscope-0,8.0,174063616
2026-09-16T16:51:21.602826+00:00,pyroscope,pyroscope-alloy-0,95.0,612368384
2026-09-16T16:51:52.864144+00:00,grove-system,grove-operator-7b994569fd-lwmw9,608.0,1217396736
2026-09-16T16:51:52.864144+00:00,kai-scheduler,admission-86666f457d-lncc2,1.0,14680064
2026-09-16T16:51:52.864144+00:00,kai-scheduler,kai-operator-69b5d7bcf7-bs8zr,5.0,134217728
2026-09-16T16:51:52.864144+00:00,kai-scheduler,pod-grouper-65456f756-cd5jq,1.0,11534336
2026-09-16T16:51:52.864144+00:00,kai-scheduler,podgroup-controller-68f9cc8dbf-hqvxr,1.0,11534336
2026-09-16T16:51:52.864144+00:00,kai-scheduler,queue-controller-f86fcd76c-8pmz6,1.0,11534336
2026-09-16T16:51:52.864144+00:00,kube-system,coredns-8db54c48d-mbmzd,5.0,63963136
2026-09-16T16:51:52.864144+00:00,kube-system,kwok-controller-5cf8c7c44b-z7cwp,101.0,90177536
2026-09-16T16:51:52.864144+00:00,kube-system,local-path-provisioner-5d9d9885bc-q4th8,1.0,15728640
2026-09-16T16:51:52.864144+00:00,kube-system,metrics-server-75dc6f8d87-jvlxg,39.0,286261248
2026-09-16T16:51:52.864144+00:00,kube-system,svclb-traefik-95f97b9d-mhlvx,0.0,0
2026-09-16T16:51:52.864144+00:00,kube-system,traefik-9bcdbbd9-qkrql,7.0,312475648
2026-09-16T16:51:52.864144+00:00,pyroscope,pyroscope-0,5.0,174063616
2026-09-16T16:51:52.864144+00:00,pyroscope,pyroscope-alloy-0,132.0,636485632
2026-09-16T16:52:24.129757+00:00,grove-system,grove-operator-7b994569fd-lwmw9,628.0,1251999744
2026-09-16T16:52:24.129757+00:00,kai-scheduler,admission-86666f457d-lncc2,1.0,14680064
2026-09-16T16:52:24.129757+00:00,kai-scheduler,kai-operator-69b5d7bcf7-bs8zr,4.0,134217728
2026-09-16T16:52:24.129757+00:00,kai-scheduler,pod-grouper-65456f756-cd5jq,1.0,11534336
2026-09-16T16:52:24.129757+00:00,kai-scheduler,podgroup-controller-68f9cc8dbf-hqvxr,1.0,11534336
2026-09-16T16:52:24.129757+00:00,kai-scheduler,queue-controller-f86fcd76c-8pmz6,1.0,11534336
2026-09-16T16:52:24.129757+00:00,kube-system,coredns-8db54c48d-mbmzd,4.0,63963136
2026-09-16T16:52:24.129757+00:00,kube-system,kwok-controller-5cf8c7c44b-z7cwp,94.0,90177536
2026-09-16T16:52:24.129757+00:00,kube-system,local-path-provisioner-5d9d9885bc-q4th8,1.0,15728640
2026-09-16T16:52:24.129757+00:00,kube-system,metrics-server-75dc6f8d87-jvlxg,38.0,286261248
2026-09-16T16:52:24.129757+00:00,kube-system,svclb-traefik-95f97b9d-mhlvx,0.0,0
2026-09-16T16:52:24.129757+00:00,kube-system,traefik-9bcdbbd9-qkrql,5.0,312475648
2026-09-16T16:52:24.129757+00:00,pyroscope,pyroscope-0,7.0,174063616
2026-09-16T16:52:24.129757+00:00,pyroscope,pyroscope-alloy-0,121.0,667942912
2026-09-16T16:52:55.404780+00:00,grove-system,grove-operator-7b994569fd-lwmw9,490.0,1362100224
2026-09-16T16:52:55.404780+00:00,kai-scheduler,admission-86666f457d-lncc2,1.0,14680064
2026-09-16T16:52:55.404780+00:00,kai-scheduler,kai-operator-69b5d7bcf7-bs8zr,4.0,132120576
2026-09-16T16:52:55.404780+00:00,kai-scheduler,pod-grouper-65456f756-cd5jq,1.0,11534336
2026-09-16T16:52:55.404780+00:00,kai-scheduler,podgroup-controller-68f9cc8dbf-hqvxr,1.0,11534336
2026-09-16T16:52:55.404780+00:00,kai-scheduler,queue-controller-f86fcd76c-8pmz6,1.0,11534336
2026-09-16T16:52:55.404780+00:00,kube-system,coredns-8db54c48d-mbmzd,5.0,65011712
2026-09-16T16:52:55.404780+00:00,kube-system,kwok-controller-5cf8c7c44b-z7cwp,97.0,90177536
2026-09-16T16:52:55.404780+00:00,kube-system,local-path-provisioner-5d9d9885bc-q4th8,1.0,15728640
2026-09-16T16:52:55.404780+00:00,kube-system,metrics-server-75dc6f8d87-jvlxg,32.0,287309824
2026-09-16T16:52:55.404780+00:00,kube-system,svclb-traefik-95f97b9d-mhlvx,0.0,0
2026-09-16T16:52:55.404780+00:00,kube-system,traefik-9bcdbbd9-qkrql,5.0,312475648
2026-09-16T16:52:55.404780+00:00,pyroscope,pyroscope-0,7.0,177209344
2026-09-16T16:52:55.404780+00:00,pyroscope,pyroscope-alloy-0,17.0,714080256
2026-09-16T16:53:26.752933+00:00,grove-system,grove-operator-7b994569fd-lwmw9,907.0,1383071744
2026-09-16T16:53:26.752933+00:00,kai-scheduler,admission-86666f457d-lncc2,1.0,14680064
2026-09-16T16:53:26.752933+00:00,kai-scheduler,kai-operator-69b5d7bcf7-bs8zr,4.0,132120576
2026-09-16T16:53:26.752933+00:00,kai-scheduler,pod-grouper-65456f756-cd5jq,1.0,11534336
2026-09-16T16:53:26.752933+00:00,kai-scheduler,podgroup-controller-68f9cc8dbf-hqvxr,1.0,11534336
2026-09-16T16:53:26.752933+00:00,kai-scheduler,queue-controller-f86fcd76c-8pmz6,1.0,11534336
2026-09-16T16:53:26.752933+00:00,kube-system,coredns-8db54c48d-mbmzd,4.0,63963136
2026-09-16T16:53:26.752933+00:00,kube-system,kwok-controller-5cf8c7c44b-z7cwp,102.0,89128960
2026-09-16T16:53:26.752933+00:00,kube-system,local-path-provisioner-5d9d9885bc-q4th8,1.0,15728640
2026-09-16T16:53:26.752933+00:00,kube-system,metrics-server-75dc6f8d87-jvlxg,38.0,286261248
2026-09-16T16:53:26.752933+00:00,kube-system,svclb-traefik-95f97b9d-mhlvx,0.0,0
2026-09-16T16:53:26.752933+00:00,kube-system,traefik-9bcdbbd9-qkrql,13.0,289406976
2026-09-16T16:53:26.752933+00:00,pyroscope,pyroscope-0,7.0,176160768
2026-09-16T16:53:26.752933+00:00,pyroscope,pyroscope-alloy-0,7.0,715128832
2026-09-16T16:53:58.007137+00:00,grove-system,grove-operator-7b994569fd-lwmw9,600.0,1376780288
2026-09-16T16:53:58.007137+00:00,kai-scheduler,admission-86666f457d-lncc2,1.0,14680064
2026-09-16T16:53:58.007137+00:00,kai-scheduler,kai-operator-69b5d7bcf7-bs8zr,7.0,135266304
2026-09-16T16:53:58.007137+00:00,kai-scheduler,pod-grouper-65456f756-cd5jq,1.0,11534336
2026-09-16T16:53:58.007137+00:00,kai-scheduler,podgroup-controller-68f9cc8dbf-hqvxr,1.0,11534336
2026-09-16T16:53:58.007137+00:00,kai-scheduler,queue-controller-f86fcd76c-8pmz6,1.0,11534336
2026-09-16T16:53:58.007137+00:00,kube-system,coredns-8db54c48d-mbmzd,5.0,63963136
2026-09-16T16:53:58.007137+00:00,kube-system,kwok-controller-5cf8c7c44b-z7cwp,87.0,88080384
2026-09-16T16:53:58.007137+00:00,kube-system,local-path-provisioner-5d9d9885bc-q4th8,1.0,15728640
2026-09-16T16:53:58.007137+00:00,kube-system,metrics-server-75dc6f8d87-jvlxg,37.0,287309824
2026-09-16T16:53:58.007137+00:00,kube-system,svclb-traefik-95f97b9d-mhlvx,0.0,0
2026-09-16T16:53:58.007137+00:00,kube-system,traefik-9bcdbbd9-qkrql,6.0,288358400
2026-09-16T16:53:58.007137+00:00,pyroscope,pyroscope-0,5.0,176160768
2026-09-16T16:53:58.007137+00:00,pyroscope,pyroscope-alloy-0,24.0,717225984
2026-09-16T16:54:29.279933+00:00,grove-system,grove-operator-7b994569fd-lwmw9,560.0,1406140416
2026-09-16T16:54:29.279933+00:00,kai-scheduler,admission-86666f457d-lncc2,1.0,14680064
2026-09-16T16:54:29.279933+00:00,kai-scheduler,kai-operator-69b5d7bcf7-bs8zr,9.0,149946368
2026-09-16T16:54:29.279933+00:00,kai-scheduler,pod-grouper-65456f756-cd5jq,1.0,11534336
2026-09-16T16:54:29.279933+00:00,kai-scheduler,podgroup-controller-68f9cc8dbf-hqvxr,1.0,11534336
2026-09-16T16:54:29.279933+00:00,kai-scheduler,queue-controller-f86fcd76c-8pmz6,1.0,11534336
2026-09-16T16:54:29.279933+00:00,kube-system,coredns-8db54c48d-mbmzd,10.0,62914560
2026-09-16T16:54:29.279933+00:00,kube-system,kwok-controller-5cf8c7c44b-z7cwp,121.0,89128960
2026-09-16T16:54:29.279933+00:00,kube-system,local-path-provisioner-5d9d9885bc-q4th8,1.0,15728640
2026-09-16T16:54:29.279933+00:00,kube-system,metrics-server-75dc6f8d87-jvlxg,34.0,286261248
2026-09-16T16:54:29.279933+00:00,kube-system,svclb-traefik-95f97b9d-mhlvx,0.0,0
2026-09-16T16:54:29.279933+00:00,kube-system,traefik-9bcdbbd9-qkrql,11.0,288358400
2026-09-16T16:54:29.279933+00:00,pyroscope,pyroscope-0,8.0,175112192
2026-09-16T16:54:29.279933+00:00,pyroscope,pyroscope-alloy-0,132.0,731906048
2026-09-16T16:55:00.561317+00:00,grove-system,grove-operator-7b994569fd-lwmw9,807.0,1409286144
2026-09-16T16:55:00.561317+00:00,kai-scheduler,admission-86666f457d-lncc2,1.0,14680064
2026-09-16T16:55:00.561317+00:00,kai-scheduler,kai-operator-69b5d7bcf7-bs8zr,6.0,148897792
2026-09-16T16:55:00.561317+00:00,kai-scheduler,pod-grouper-65456f756-cd5jq,1.0,11534336
2026-09-16T16:55:00.561317+00:00,kai-scheduler,podgroup-controller-68f9cc8dbf-hqvxr,1.0,11534336
2026-09-16T16:55:00.561317+00:00,kai-scheduler,queue-controller-f86fcd76c-8pmz6,1.0,11534336
2026-09-16T16:55:00.561317+00:00,kube-system,coredns-8db54c48d-mbmzd,12.0,63963136
2026-09-16T16:55:00.561317+00:00,kube-system,kwok-controller-5cf8c7c44b-z7cwp,307.0,90177536
2026-09-16T16:55:00.561317+00:00,kube-system,local-path-provisioner-5d9d9885bc-q4th8,1.0,15728640
2026-09-16T16:55:00.561317+00:00,kube-system,metrics-server-75dc6f8d87-jvlxg,81.0,287309824
2026-09-16T16:55:00.561317+00:00,kube-system,svclb-traefik-95f97b9d-mhlvx,0.0,0
2026-09-16T16:55:00.561317+00:00,kube-system,traefik-9bcdbbd9-qkrql,17.0,288358400
2026-09-16T16:55:00.561317+00:00,pyroscope,pyroscope-0,8.0,176160768
2026-09-16T16:55:00.561317+00:00,pyroscope,pyroscope-alloy-0,187.0,732954624
2026-09-16T16:55:31.835727+00:00,grove-system,grove-operator-7b994569fd-lwmw9,644.0,1476395008
2026-09-16T16:55:31.835727+00:00,kai-scheduler,admission-86666f457d-lncc2,1.0,14680064
2026-09-16T16:55:31.835727+00:00,kai-scheduler,kai-operator-69b5d7bcf7-bs8zr,5.0,149946368
2026-09-16T16:55:31.835727+00:00,kai-scheduler,pod-grouper-65456f756-cd5jq,1.0,11534336
2026-09-16T16:55:31.835727+00:00,kai-scheduler,podgroup-controller-68f9cc8dbf-hqvxr,1.0,11534336
2026-09-16T16:55:31.835727+00:00,kai-scheduler,queue-controller-f86fcd76c-8pmz6,1.0,11534336
2026-09-16T16:55:31.835727+00:00,kube-system,coredns-8db54c48d-mbmzd,13.0,68157440
2026-09-16T16:55:31.835727+00:00,kube-system,kwok-controller-5cf8c7c44b-z7cwp,303.0,92274688
2026-09-16T16:55:31.835727+00:00,kube-system,local-path-provisioner-5d9d9885bc-q4th8,1.0,15728640
2026-09-16T16:55:31.835727+00:00,kube-system,metrics-server-75dc6f8d87-jvlxg,64.0,288358400
2026-09-16T16:55:31.835727+00:00,kube-system,svclb-traefik-95f97b9d-mhlvx,0.0,0
2026-09-16T16:55:31.835727+00:00,kube-system,traefik-9bcdbbd9-qkrql,17.0,288358400
2026-09-16T16:55:31.835727+00:00,pyroscope,pyroscope-0,8.0,179306496
2026-09-16T16:55:31.835727+00:00,pyroscope,pyroscope-alloy-0,217.0,741343232
2026-09-16T16:56:03.130626+00:00,grove-system,grove-operator-7b994569fd-lwmw9,925.0,1505755136
2026-09-16T16:56:03.130626+00:00,kai-scheduler,admission-86666f457d-lncc2,1.0,14680064
2026-09-16T16:56:03.130626+00:00,kai-scheduler,kai-operator-69b5d7bcf7-bs8zr,10.0,149946368
2026-09-16T16:56:03.130626+00:00,kai-scheduler,pod-grouper-65456f756-cd5jq,1.0,11534336
2026-09-16T16:56:03.130626+00:00,kai-scheduler,podgroup-controller-68f9cc8dbf-hqvxr,1.0,11534336
2026-09-16T16:56:03.130626+00:00,kai-scheduler,queue-controller-f86fcd76c-8pmz6,1.0,11534336
2026-09-16T16:56:03.130626+00:00,kube-system,coredns-8db54c48d-mbmzd,12.0,68157440
2026-09-16T16:56:03.130626+00:00,kube-system,kwok-controller-5cf8c7c44b-z7cwp,307.0,89128960
2026-09-16T16:56:03.130626+00:00,kube-system,local-path-provisioner-5d9d9885bc-q4th8,1.0,15728640
2026-09-16T16:56:03.130626+00:00,kube-system,metrics-server-75dc6f8d87-jvlxg,64.0,287309824
2026-09-16T16:56:03.130626+00:00,kube-system,svclb-traefik-95f97b9d-mhlvx,0.0,0
2026-09-16T16:56:03.130626+00:00,kube-system,traefik-9bcdbbd9-qkrql,17.0,288358400
2026-09-16T16:56:03.130626+00:00,pyroscope,pyroscope-0,8.0,176160768
2026-09-16T16:56:03.130626+00:00,pyroscope,pyroscope-alloy-0,247.0,759169024
2026-09-16T16:56:34.421241+00:00,grove-system,grove-operator-7b994569fd-lwmw9,550.0,1536163840
2026-09-16T16:56:34.421241+00:00,kai-scheduler,admission-86666f457d-lncc2,1.0,14680064
2026-09-16T16:56:34.421241+00:00,kai-scheduler,kai-operator-69b5d7bcf7-bs8zr,4.0,149946368
2026-09-16T16:56:34.421241+00:00,kai-scheduler,pod-grouper-65456f756-cd5jq,1.0,11534336
2026-09-16T16:56:34.421241+00:00,kai-scheduler,podgroup-controller-68f9cc8dbf-hqvxr,1.0,11534336
2026-09-16T16:56:34.421241+00:00,kai-scheduler,queue-controller-f86fcd76c-8pmz6,1.0,11534336
2026-09-16T16:56:34.421241+00:00,kube-system,coredns-8db54c48d-mbmzd,12.0,69206016
2026-09-16T16:56:34.421241+00:00,kube-system,kwok-controller-5cf8c7c44b-z7cwp,304.0,93323264
2026-09-16T16:56:34.421241+00:00,kube-system,local-path-provisioner-5d9d9885bc-q4th8,1.0,15728640
2026-09-16T16:56:34.421241+00:00,kube-system,metrics-server-75dc6f8d87-jvlxg,65.0,296747008
2026-09-16T16:56:34.421241+00:00,kube-system,svclb-traefik-95f97b9d-mhlvx,0.0,0
2026-09-16T16:56:34.421241+00:00,kube-system,traefik-9bcdbbd9-qkrql,17.0,288358400
2026-09-16T16:56:34.421241+00:00,pyroscope,pyroscope-0,8.0,177209344
2026-09-16T16:56:34.421241+00:00,pyroscope,pyroscope-alloy-0,228.0,803209216
2026-09-16T16:57:05.694401+00:00,grove-system,grove-operator-7b994569fd-lwmw9,466.0,1506803712
2026-09-16T16:57:05.694401+00:00,kai-scheduler,admission-86666f457d-lncc2,1.0,14680064
2026-09-16T16:57:05.694401+00:00,kai-scheduler,kai-operator-69b5d7bcf7-bs8zr,1.0,149946368
2026-09-16T16:57:05.694401+00:00,kai-scheduler,pod-grouper-65456f756-cd5jq,1.0,11534336
2026-09-16T16:57:05.694401+00:00,kai-scheduler,podgroup-controller-68f9cc8dbf-hqvxr,1.0,11534336
2026-09-16T16:57:05.694401+00:00,kai-scheduler,queue-controller-f86fcd76c-8pmz6,1.0,11534336
2026-09-16T16:57:05.694401+00:00,kube-system,coredns-8db54c48d-mbmzd,11.0,68157440
2026-09-16T16:57:05.694401+00:00,kube-system,kwok-controller-5cf8c7c44b-z7cwp,332.0,94371840
2026-09-16T16:57:05.694401+00:00,kube-system,local-path-provisioner-5d9d9885bc-q4th8,1.0,15728640
2026-09-16T16:57:05.694401+00:00,kube-system,metrics-server-75dc6f8d87-jvlxg,71.0,315621376
2026-09-16T16:57:05.694401+00:00,kube-system,svclb-traefik-95f97b9d-mhlvx,0.0,0
2026-09-16T16:57:05.694401+00:00,kube-system,traefik-9bcdbbd9-qkrql,16.0,298844160
2026-09-16T16:57:05.694401+00:00,pyroscope,pyroscope-0,7.0,181403648
2026-09-16T16:57:05.694401+00:00,pyroscope,pyroscope-alloy-0,216.0,838860800
2026-09-16T16:57:36.959813+00:00,grove-system,grove-operator-7b994569fd-lwmw9,860.0,1561329664
2026-09-16T16:57:36.959813+00:00,kai-scheduler,admission-86666f457d-lncc2,1.0,14680064
2026-09-16T16:57:36.959813+00:00,kai-scheduler,kai-operator-69b5d7bcf7-bs8zr,7.0,149946368
2026-09-16T16:57:36.959813+00:00,kai-scheduler,pod-grouper-65456f756-cd5jq,1.0,11534336
2026-09-16T16:57:36.959813+00:00,kai-scheduler,podgroup-controller-68f9cc8dbf-hqvxr,1.0,11534336
2026-09-16T16:57:36.959813+00:00,kai-scheduler,queue-controller-f86fcd76c-8pmz6,1.0,11534336
2026-09-16T16:57:36.959813+00:00,kube-system,coredns-8db54c48d-mbmzd,11.0,69206016
2026-09-16T16:57:36.959813+00:00,kube-system,kwok-controller-5cf8c7c44b-z7cwp,231.0,93323264
2026-09-16T16:57:36.959813+00:00,kube-system,local-path-provisioner-5d9d9885bc-q4th8,1.0,15728640
2026-09-16T16:57:36.959813+00:00,kube-system,metrics-server-75dc6f8d87-jvlxg,56.0,317718528
2026-09-16T16:57:36.959813+00:00,kube-system,svclb-traefik-95f97b9d-mhlvx,0.0,0
2026-09-16T16:57:36.959813+00:00,kube-system,traefik-9bcdbbd9-qkrql,16.0,304087040
2026-09-16T16:57:36.959813+00:00,pyroscope,pyroscope-0,8.0,180355072
2026-09-16T16:57:36.959813+00:00,pyroscope,pyroscope-alloy-0,230.0,851443712
2026-09-16T16:58:08.233496+00:00,grove-system,grove-operator-7b994569fd-lwmw9,405.0,1551892480
2026-09-16T16:58:08.233496+00:00,kai-scheduler,admission-86666f457d-lncc2,1.0,14680064
2026-09-16T16:58:08.233496+00:00,kai-scheduler,kai-operator-69b5d7bcf7-bs8zr,1.0,149946368
2026-09-16T16:58:08.233496+00:00,kai-scheduler,pod-grouper-65456f756-cd5jq,1.0,11534336
2026-09-16T16:58:08.233496+00:00,kai-scheduler,podgroup-controller-68f9cc8dbf-hqvxr,1.0,11534336
2026-09-16T16:58:08.233496+00:00,kai-scheduler,queue-controller-f86fcd76c-8pmz6,1.0,11534336
2026-09-16T16:58:08.233496+00:00,kube-system,coredns-8db54c48d-mbmzd,11.0,68157440
2026-09-16T16:58:08.233496+00:00,kube-system,kwok-controller-5cf8c7c44b-z7cwp,122.0,80740352
2026-09-16T16:58:08.233496+00:00,kube-system,local-path-provisioner-5d9d9885bc-q4th8,1.0,15728640
2026-09-16T16:58:08.233496+00:00,kube-system,metrics-server-75dc6f8d87-jvlxg,51.0,324009984
2026-09-16T16:58:08.233496+00:00,kube-system,svclb-traefik-95f97b9d-mhlvx,0.0,0
2026-09-16T16:58:08.233496+00:00,kube-system,traefik-9bcdbbd9-qkrql,16.0,304087040
2026-09-16T16:58:08.233496+00:00,pyroscope,pyroscope-0,8.0,182452224
2026-09-16T16:58:08.233496+00:00,pyroscope,pyroscope-alloy-0,226.0,854589440
2026-09-16T16:58:39.517630+00:00,grove-system,grove-operator-7b994569fd-lwmw9,629.0,1604321280
2026-09-16T16:58:39.517630+00:00,kai-scheduler,admission-86666f457d-lncc2,1.0,14680064
2026-09-16T16:58:39.517630+00:00,kai-scheduler,kai-operator-69b5d7bcf7-bs8zr,1.0,149946368
2026-09-16T16:58:39.517630+00:00,kai-scheduler,pod-grouper-65456f756-cd5jq,1.0,11534336
2026-09-16T16:58:39.517630+00:00,kai-scheduler,podgroup-controller-68f9cc8dbf-hqvxr,1.0,11534336
2026-09-16T16:58:39.517630+00:00,kai-scheduler,queue-controller-f86fcd76c-8pmz6,1.0,11534336
2026-09-16T16:58:39.517630+00:00,kube-system,coredns-8db54c48d-mbmzd,11.0,70254592
2026-09-16T16:58:39.517630+00:00,kube-system,kwok-controller-5cf8c7c44b-z7cwp,128.0,82837504
2026-09-16T16:58:39.517630+00:00,kube-system,local-path-provisioner-5d9d9885bc-q4th8,1.0,15728640
2026-09-16T16:58:39.517630+00:00,kube-system,metrics-server-75dc6f8d87-jvlxg,42.0,340787200
2026-09-16T16:58:39.517630+00:00,kube-system,svclb-traefik-95f97b9d-mhlvx,0.0,0
2026-09-16T16:58:39.517630+00:00,kube-system,traefik-9bcdbbd9-qkrql,25.0,308281344
2026-09-16T16:58:39.517630+00:00,pyroscope,pyroscope-0,9.0,181403648
2026-09-16T16:58:39.517630+00:00,pyroscope,pyroscope-alloy-0,207.0,870318080
2026-09-16T16:59:10.785217+00:00,grove-system,grove-operator-7b994569fd-lwmw9,462.0,1605369856
2026-09-16T16:59:10.785217+00:00,kai-scheduler,admission-86666f457d-lncc2,1.0,14680064
2026-09-16T16:59:10.785217+00:00,kai-scheduler,kai-operator-69b5d7bcf7-bs8zr,3.0,149946368
2026-09-16T16:59:10.785217+00:00,kai-scheduler,pod-grouper-65456f756-cd5jq,1.0,11534336
2026-09-16T16:59:10.785217+00:00,kai-scheduler,podgroup-controller-68f9cc8dbf-hqvxr,1.0,11534336
2026-09-16T16:59:10.785217+00:00,kai-scheduler,queue-controller-f86fcd76c-8pmz6,1.0,11534336
2026-09-16T16:59:10.785217+00:00,kube-system,coredns-8db54c48d-mbmzd,11.0,71303168
2026-09-16T16:59:10.785217+00:00,kube-system,kwok-controller-5cf8c7c44b-z7cwp,134.0,81788928
2026-09-16T16:59:10.785217+00:00,kube-system,local-path-provisioner-5d9d9885bc-q4th8,1.0,15728640
2026-09-16T16:59:10.785217+00:00,kube-system,metrics-server-75dc6f8d87-jvlxg,59.0,341835776
2026-09-16T16:59:10.785217+00:00,kube-system,svclb-traefik-95f97b9d-mhlvx,0.0,0
2026-09-16T16:59:10.785217+00:00,kube-system,traefik-9bcdbbd9-qkrql,16.0,320864256
2026-09-16T16:59:10.785217+00:00,pyroscope,pyroscope-0,8.0,158334976
2026-09-16T16:59:10.785217+00:00,pyroscope,pyroscope-alloy-0,199.0,867172352
2026-09-16T16:59:42.050491+00:00,grove-system,grove-operator-7b994569fd-lwmw9,524.0,1634729984
2026-09-16T16:59:42.050491+00:00,kai-scheduler,admission-86666f457d-lncc2,1.0,14680064
2026-09-16T16:59:42.050491+00:00,kai-scheduler,kai-operator-69b5d7bcf7-bs8zr,3.0,138412032
2026-09-16T16:59:42.050491+00:00,kai-scheduler,pod-grouper-65456f756-cd5jq,1.0,11534336
2026-09-16T16:59:42.050491+00:00,kai-scheduler,podgroup-controller-68f9cc8dbf-hqvxr,1.0,11534336
2026-09-16T16:59:42.050491+00:00,kai-scheduler,queue-controller-f86fcd76c-8pmz6,1.0,11534336
2026-09-16T16:59:42.050491+00:00,kube-system,coredns-8db54c48d-mbmzd,14.0,73400320
2026-09-16T16:59:42.050491+00:00,kube-system,kwok-controller-5cf8c7c44b-z7cwp,132.0,81788928
2026-09-16T16:59:42.050491+00:00,kube-system,local-path-provisioner-5d9d9885bc-q4th8,1.0,15728640
2026-09-16T16:59:42.050491+00:00,kube-system,metrics-server-75dc6f8d87-jvlxg,45.0,340787200
2026-09-16T16:59:42.050491+00:00,kube-system,svclb-traefik-95f97b9d-mhlvx,0.0,0
2026-09-16T16:59:42.050491+00:00,kube-system,traefik-9bcdbbd9-qkrql,16.0,325058560
2026-09-16T16:59:42.050491+00:00,pyroscope,pyroscope-0,7.0,146800640
2026-09-16T16:59:42.050491+00:00,pyroscope,pyroscope-alloy-0,220.0,869269504
2026-09-16T17:00:13.313469+00:00,grove-system,grove-operator-7b994569fd-lwmw9,1261.0,1608515584
2026-09-16T17:00:13.313469+00:00,kai-scheduler,admission-86666f457d-lncc2,1.0,14680064
2026-09-16T17:00:13.313469+00:00,kai-scheduler,kai-operator-69b5d7bcf7-bs8zr,5.0,139460608
2026-09-16T17:00:13.313469+00:00,kai-scheduler,pod-grouper-65456f756-cd5jq,1.0,11534336
2026-09-16T17:00:13.313469+00:00,kai-scheduler,podgroup-controller-68f9cc8dbf-hqvxr,1.0,11534336
2026-09-16T17:00:13.313469+00:00,kai-scheduler,queue-controller-f86fcd76c-8pmz6,1.0,11534336
2026-09-16T17:00:13.313469+00:00,kube-system,coredns-8db54c48d-mbmzd,10.0,73400320
2026-09-16T17:00:13.313469+00:00,kube-system,kwok-controller-5cf8c7c44b-z7cwp,499.0,83886080
2026-09-16T17:00:13.313469+00:00,kube-system,local-path-provisioner-5d9d9885bc-q4th8,1.0,15728640
2026-09-16T17:00:13.313469+00:00,kube-system,metrics-server-75dc6f8d87-jvlxg,43.0,354418688
2026-09-16T17:00:13.313469+00:00,kube-system,svclb-traefik-95f97b9d-mhlvx,0.0,0
2026-09-16T17:00:13.313469+00:00,kube-system,traefik-9bcdbbd9-qkrql,14.0,325058560
2026-09-16T17:00:13.313469+00:00,pyroscope,pyroscope-0,8.0,146800640
2026-09-16T17:00:13.313469+00:00,pyroscope,pyroscope-alloy-0,185.0,872415232
2026-09-16T17:00:44.565927+00:00,grove-system,grove-operator-7b994569fd-lwmw9,437.0,1594884096
2026-09-16T17:00:44.565927+00:00,kai-scheduler,admission-86666f457d-lncc2,1.0,14680064
2026-09-16T17:00:44.565927+00:00,kai-scheduler,kai-operator-69b5d7bcf7-bs8zr,1.0,138412032
2026-09-16T17:00:44.565927+00:00,kai-scheduler,pod-grouper-65456f756-cd5jq,1.0,11534336
2026-09-16T17:00:44.565927+00:00,kai-scheduler,podgroup-controller-68f9cc8dbf-hqvxr,1.0,11534336
2026-09-16T17:00:44.565927+00:00,kai-scheduler,queue-controller-f86fcd76c-8pmz6,1.0,11534336
2026-09-16T17:00:44.565927+00:00,kube-system,coredns-8db54c48d-mbmzd,10.0,74448896
2026-09-16T17:00:44.565927+00:00,kube-system,kwok-controller-5cf8c7c44b-z7cwp,117.0,84934656
2026-09-16T17:00:44.565927+00:00,kube-system,local-path-provisioner-5d9d9885bc-q4th8,1.0,15728640
2026-09-16T17:00:44.565927+00:00,kube-system,metrics-server-75dc6f8d87-jvlxg,37.0,356515840
2026-09-16T17:00:44.565927+00:00,kube-system,svclb-traefik-95f97b9d-mhlvx,0.0,0
2026-09-16T17:00:44.565927+00:00,kube-system,traefik-9bcdbbd9-qkrql,16.0,327155712
2026-09-16T17:00:44.565927+00:00,pyroscope,pyroscope-0,6.0,146800640
2026-09-16T17:00:44.565927+00:00,pyroscope,pyroscope-alloy-0,43.0,875560960
2026-09-16T17:01:15.850861+00:00,grove-system,grove-operator-7b994569fd-lwmw9,1369.0,1605369856
2026-09-16T17:01:15.850861+00:00,kai-scheduler,admission-86666f457d-lncc2,1.0,14680064
2026-09-16T17:01:15.850861+00:00,kai-scheduler,kai-operator-69b5d7bcf7-bs8zr,1.0,138412032
2026-09-16T17:01:15.850861+00:00,kai-scheduler,pod-grouper-65456f756-cd5jq,1.0,11534336
2026-09-16T17:01:15.850861+00:00,kai-scheduler,podgroup-controller-68f9cc8dbf-hqvxr,1.0,11534336
2026-09-16T17:01:15.850861+00:00,kai-scheduler,queue-controller-f86fcd76c-8pmz6,1.0,11534336
2026-09-16T17:01:15.850861+00:00,kube-system,coredns-8db54c48d-mbmzd,11.0,73400320
2026-09-16T17:01:15.850861+00:00,kube-system,kwok-controller-5cf8c7c44b-z7cwp,177.0,85983232
2026-09-16T17:01:15.850861+00:00,kube-system,local-path-provisioner-5d9d9885bc-q4th8,1.0,15728640
2026-09-16T17:01:15.850861+00:00,kube-system,metrics-server-75dc6f8d87-jvlxg,65.0,356515840
2026-09-16T17:01:15.850861+00:00,kube-system,svclb-traefik-95f97b9d-mhlvx,0.0,0
2026-09-16T17:01:15.850861+00:00,kube-system,traefik-9bcdbbd9-qkrql,12.0,325058560
2026-09-16T17:01:15.850861+00:00,pyroscope,pyroscope-0,7.0,146800640
2026-09-16T17:01:15.850861+00:00,pyroscope,pyroscope-alloy-0,237.0,870318080
2026-09-16T17:01:47.117025+00:00,grove-system,grove-operator-7b994569fd-lwmw9,247.0,1602224128
2026-09-16T17:01:47.117025+00:00,kai-scheduler,admission-86666f457d-lncc2,1.0,14680064
2026-09-16T17:01:47.117025+00:00,kai-scheduler,kai-operator-69b5d7bcf7-bs8zr,4.0,137363456
2026-09-16T17:01:47.117025+00:00,kai-scheduler,pod-grouper-65456f756-cd5jq,1.0,11534336
2026-09-16T17:01:47.117025+00:00,kai-scheduler,podgroup-controller-68f9cc8dbf-hqvxr,1.0,11534336
2026-09-16T17:01:47.117025+00:00,kai-scheduler,queue-controller-f86fcd76c-8pmz6,1.0,11534336
2026-09-16T17:01:47.117025+00:00,kube-system,coredns-8db54c48d-mbmzd,9.0,73400320
2026-09-16T17:01:47.117025+00:00,kube-system,kwok-controller-5cf8c7c44b-z7cwp,145.0,84934656
2026-09-16T17:01:47.117025+00:00,kube-system,local-path-provisioner-5d9d9885bc-q4th8,1.0,15728640
2026-09-16T17:01:47.117025+00:00,kube-system,metrics-server-75dc6f8d87-jvlxg,32.0,355467264
2026-09-16T17:01:47.117025+00:00,kube-system,svclb-traefik-95f97b9d-mhlvx,0.0,0
2026-09-16T17:01:47.117025+00:00,kube-system,traefik-9bcdbbd9-qkrql,26.0,321912832
2026-09-16T17:01:47.117025+00:00,pyroscope,pyroscope-0,5.0,146800640
2026-09-16T17:01:47.117025+00:00,pyroscope,pyroscope-alloy-0,152.0,861929472
2026-09-16T17:02:18.380819+00:00,grove-system,grove-operator-7b994569fd-lwmw9,873.0,1591738368
2026-09-16T17:02:18.380819+00:00,kai-scheduler,admission-86666f457d-lncc2,1.0,14680064
2026-09-16T17:02:18.380819+00:00,kai-scheduler,kai-operator-69b5d7bcf7-bs8zr,1.0,137363456
2026-09-16T17:02:18.380819+00:00,kai-scheduler,pod-grouper-65456f756-cd5jq,1.0,11534336
2026-09-16T17:02:18.380819+00:00,kai-scheduler,podgroup-controller-68f9cc8dbf-hqvxr,1.0,11534336
2026-09-16T17:02:18.380819+00:00,kai-scheduler,queue-controller-f86fcd76c-8pmz6,1.0,11534336
2026-09-16T17:02:18.380819+00:00,kube-system,coredns-8db54c48d-mbmzd,8.0,74448896
2026-09-16T17:02:18.380819+00:00,kube-system,kwok-controller-5cf8c7c44b-z7cwp,116.0,85983232
2026-09-16T17:02:18.380819+00:00,kube-system,local-path-provisioner-5d9d9885bc-q4th8,1.0,15728640
2026-09-16T17:02:18.380819+00:00,kube-system,metrics-server-75dc6f8d87-jvlxg,39.0,355467264
2026-09-16T17:02:18.380819+00:00,kube-system,svclb-traefik-95f97b9d-mhlvx,0.0,0
2026-09-16T17:02:18.380819+00:00,kube-system,traefik-9bcdbbd9-qkrql,13.0,322961408
2026-09-16T17:02:18.380819+00:00,pyroscope,pyroscope-0,7.0,146800640
2026-09-16T17:02:18.380819+00:00,pyroscope,pyroscope-alloy-0,197.0,833617920
2026-09-16T17:02:49.640934+00:00,grove-system,grove-operator-7b994569fd-lwmw9,757.0,1584398336
2026-09-16T17:02:49.640934+00:00,kai-scheduler,admission-86666f457d-lncc2,1.0,14680064
2026-09-16T17:02:49.640934+00:00,kai-scheduler,kai-operator-69b5d7bcf7-bs8zr,1.0,137363456
2026-09-16T17:02:49.640934+00:00,kai-scheduler,pod-grouper-65456f756-cd5jq,1.0,11534336
2026-09-16T17:02:49.640934+00:00,kai-scheduler,podgroup-controller-68f9cc8dbf-hqvxr,1.0,11534336
2026-09-16T17:02:49.640934+00:00,kai-scheduler,queue-controller-f86fcd76c-8pmz6,1.0,11534336
2026-09-16T17:02:49.640934+00:00,kube-system,coredns-8db54c48d-mbmzd,6.0,73400320
2026-09-16T17:02:49.640934+00:00,kube-system,kwok-controller-5cf8c7c44b-z7cwp,95.0,84934656
2026-09-16T17:02:49.640934+00:00,kube-system,local-path-provisioner-5d9d9885bc-q4th8,1.0,15728640
2026-09-16T17:02:49.640934+00:00,kube-system,metrics-server-75dc6f8d87-jvlxg,30.0,353370112
2026-09-16T17:02:49.640934+00:00,kube-system,svclb-traefik-95f97b9d-mhlvx,0.0,0
2026-09-16T17:02:49.640934+00:00,kube-system,traefik-9bcdbbd9-qkrql,7.0,321912832
2026-09-16T17:02:49.640934+00:00,pyroscope,pyroscope-0,6.0,146800640
2026-09-16T17:02:49.640934+00:00,pyroscope,pyroscope-alloy-0,101.0,784334848
2026-09-16T17:03:20.900103+00:00,grove-system,grove-operator-7b994569fd-lwmw9,274.0,1579155456
2026-09-16T17:03:20.900103+00:00,kai-scheduler,admission-86666f457d-lncc2,1.0,14680064
2026-09-16T17:03:20.900103+00:00,kai-scheduler,kai-operator-69b5d7bcf7-bs8zr,1.0,138412032
2026-09-16T17:03:20.900103+00:00,kai-scheduler,pod-grouper-65456f756-cd5jq,1.0,11534336
2026-09-16T17:03:20.900103+00:00,kai-scheduler,podgroup-controller-68f9cc8dbf-hqvxr,1.0,11534336
2026-09-16T17:03:20.900103+00:00,kai-scheduler,queue-controller-f86fcd76c-8pmz6,1.0,11534336
2026-09-16T17:03:20.900103+00:00,kube-system,coredns-8db54c48d-mbmzd,7.0,72351744
2026-09-16T17:03:20.900103+00:00,kube-system,kwok-controller-5cf8c7c44b-z7cwp,118.0,83886080
2026-09-16T17:03:20.900103+00:00,kube-system,local-path-provisioner-5d9d9885bc-q4th8,1.0,15728640
2026-09-16T17:03:20.900103+00:00,kube-system,metrics-server-75dc6f8d87-jvlxg,55.0,355467264
2026-09-16T17:03:20.900103+00:00,kube-system,svclb-traefik-95f97b9d-mhlvx,0.0,0
2026-09-16T17:03:20.900103+00:00,kube-system,traefik-9bcdbbd9-qkrql,6.0,320864256
2026-09-16T17:03:20.900103+00:00,pyroscope,pyroscope-0,21.0,174063616
2026-09-16T17:03:20.900103+00:00,pyroscope,pyroscope-alloy-0,210.0,718274560
2026-09-16T17:03:52.157876+00:00,grove-system,grove-operator-7b994569fd-lwmw9,267.0,1586495488
2026-09-16T17:03:52.157876+00:00,kai-scheduler,admission-86666f457d-lncc2,1.0,14680064
2026-09-16T17:03:52.157876+00:00,kai-scheduler,kai-operator-69b5d7bcf7-bs8zr,1.0,130023424
2026-09-16T17:03:52.157876+00:00,kai-scheduler,pod-grouper-65456f756-cd5jq,1.0,11534336
2026-09-16T17:03:52.157876+00:00,kai-scheduler,podgroup-controller-68f9cc8dbf-hqvxr,1.0,11534336
2026-09-16T17:03:52.157876+00:00,kai-scheduler,queue-controller-f86fcd76c-8pmz6,1.0,11534336
2026-09-16T17:03:52.157876+00:00,kube-system,coredns-8db54c48d-mbmzd,2.0,72351744
2026-09-16T17:03:52.157876+00:00,kube-system,kwok-controller-5cf8c7c44b-z7cwp,126.0,84934656
2026-09-16T17:03:52.157876+00:00,kube-system,local-path-provisioner-5d9d9885bc-q4th8,1.0,15728640
2026-09-16T17:03:52.157876+00:00,kube-system,metrics-server-75dc6f8d87-jvlxg,46.0,357564416
2026-09-16T17:03:52.157876+00:00,kube-system,svclb-traefik-95f97b9d-mhlvx,0.0,0
2026-09-16T17:03:52.157876+00:00,kube-system,traefik-9bcdbbd9-qkrql,1.0,312475648
2026-09-16T17:03:52.157876+00:00,pyroscope,pyroscope-0,8.0,191889408
2026-09-16T17:03:52.157876+00:00,pyroscope,pyroscope-alloy-0,177.0,684720128
2026-09-16T17:04:23.411914+00:00,grove-system,grove-operator-7b994569fd-lwmw9,868.0,1528823808
2026-09-16T17:04:23.411914+00:00,kai-scheduler,admission-86666f457d-lncc2,1.0,14680064
2026-09-16T17:04:23.411914+00:00,kai-scheduler,kai-operator-69b5d7bcf7-bs8zr,2.0,133169152
2026-09-16T17:04:23.411914+00:00,kai-scheduler,pod-grouper-65456f756-cd5jq,1.0,11534336
2026-09-16T17:04:23.411914+00:00,kai-scheduler,podgroup-controller-68f9cc8dbf-hqvxr,1.0,11534336
2026-09-16T17:04:23.411914+00:00,kai-scheduler,queue-controller-f86fcd76c-8pmz6,1.0,11534336
2026-09-16T17:04:23.411914+00:00,kube-system,coredns-8db54c48d-mbmzd,3.0,72351744
2026-09-16T17:04:23.411914+00:00,kube-system,kwok-controller-5cf8c7c44b-z7cwp,147.0,84934656
2026-09-16T17:04:23.411914+00:00,kube-system,local-path-provisioner-5d9d9885bc-q4th8,1.0,15728640
2026-09-16T17:04:23.411914+00:00,kube-system,metrics-server-75dc6f8d87-jvlxg,54.0,355467264
2026-09-16T17:04:23.411914+00:00,kube-system,svclb-traefik-95f97b9d-mhlvx,0.0,0
2026-09-16T17:04:23.411914+00:00,kube-system,traefik-9bcdbbd9-qkrql,28.0,335544320
2026-09-16T17:04:23.411914+00:00,pyroscope,pyroscope-0,8.0,189792256
2026-09-16T17:04:23.411914+00:00,pyroscope,pyroscope-alloy-0,173.0,654311424
2026-09-16T17:04:54.662954+00:00,grove-system,grove-operator-7b994569fd-lwmw9,40.0,1529872384
2026-09-16T17:04:54.662954+00:00,kai-scheduler,admission-86666f457d-lncc2,1.0,14680064
2026-09-16T17:04:54.662954+00:00,kai-scheduler,kai-operator-69b5d7bcf7-bs8zr,35.0,160432128
2026-09-16T17:04:54.662954+00:00,kai-scheduler,pod-grouper-65456f756-cd5jq,1.0,11534336
2026-09-16T17:04:54.662954+00:00,kai-scheduler,podgroup-controller-68f9cc8dbf-hqvxr,1.0,11534336
2026-09-16T17:04:54.662954+00:00,kai-scheduler,queue-controller-f86fcd76c-8pmz6,1.0,11534336
2026-09-16T17:04:54.662954+00:00,kube-system,coredns-8db54c48d-mbmzd,4.0,72351744
2026-09-16T17:04:54.662954+00:00,kube-system,kwok-controller-5cf8c7c44b-z7cwp,144.0,84934656
2026-09-16T17:04:54.662954+00:00,kube-system,local-path-provisioner-5d9d9885bc-q4th8,1.0,15728640
2026-09-16T17:04:54.662954+00:00,kube-system,metrics-server-75dc6f8d87-jvlxg,59.0,356515840
2026-09-16T17:04:54.662954+00:00,kube-system,svclb-traefik-95f97b9d-mhlvx,0.0,0
2026-09-16T17:04:54.662954+00:00,kube-system,traefik-9bcdbbd9-qkrql,58.0,356515840
2026-09-16T17:04:54.662954+00:00,pyroscope,pyroscope-0,6.0,189792256
2026-09-16T17:04:54.662954+00:00,pyroscope,pyroscope-alloy-0,219.0,625999872
2026-09-16T17:05:25.920276+00:00,grove-system,grove-operator-7b994569fd-lwmw9,93.0,1484783616
2026-09-16T17:05:25.920276+00:00,kai-scheduler,admission-86666f457d-lncc2,1.0,14680064
2026-09-16T17:05:25.920276+00:00,kai-scheduler,kai-operator-69b5d7bcf7-bs8zr,40.0,159383552
2026-09-16T17:05:25.920276+00:00,kai-scheduler,pod-grouper-65456f756-cd5jq,1.0,11534336
2026-09-16T17:05:25.920276+00:00,kai-scheduler,podgroup-controller-68f9cc8dbf-hqvxr,1.0,11534336
2026-09-16T17:05:25.920276+00:00,kai-scheduler,queue-controller-f86fcd76c-8pmz6,1.0,11534336
2026-09-16T17:05:25.920276+00:00,kube-system,coredns-8db54c48d-mbmzd,5.0,69206016
2026-09-16T17:05:25.920276+00:00,kube-system,kwok-controller-5cf8c7c44b-z7cwp,137.0,83886080
2026-09-16T17:05:25.920276+00:00,kube-system,local-path-provisioner-5d9d9885bc-q4th8,1.0,15728640
2026-09-16T17:05:25.920276+00:00,kube-system,metrics-server-75dc6f8d87-jvlxg,59.0,356515840
2026-09-16T17:05:25.920276+00:00,kube-system,svclb-traefik-95f97b9d-mhlvx,0.0,0
2026-09-16T17:05:25.920276+00:00,kube-system,traefik-9bcdbbd9-qkrql,59.0,362807296
2026-09-16T17:05:25.920276+00:00,pyroscope,pyroscope-0,5.0,183500800
2026-09-16T17:05:25.920276+00:00,pyroscope,pyroscope-alloy-0,152.0,612368384
2026-09-16T17:05:57.169203+00:00,grove-system,grove-operator-7b994569fd-lwmw9,146.0,1504706560
2026-09-16T17:05:57.169203+00:00,kai-scheduler,admission-86666f457d-lncc2,1.0,14680064
2026-09-16T17:05:57.169203+00:00,kai-scheduler,kai-operator-69b5d7bcf7-bs8zr,36.0,159383552
2026-09-16T17:05:57.169203+00:00,kai-scheduler,pod-grouper-65456f756-cd5jq,1.0,11534336
2026-09-16T17:05:57.169203+00:00,kai-scheduler,podgroup-controller-68f9cc8dbf-hqvxr,1.0,11534336
2026-09-16T17:05:57.169203+00:00,kai-scheduler,queue-controller-f86fcd76c-8pmz6,1.0,11534336
2026-09-16T17:05:57.169203+00:00,kube-system,coredns-8db54c48d-mbmzd,5.0,69206016
2026-09-16T17:05:57.169203+00:00,kube-system,kwok-controller-5cf8c7c44b-z7cwp,122.0,83886080
2026-09-16T17:05:57.169203+00:00,kube-system,local-path-provisioner-5d9d9885bc-q4th8,1.0,16777216
2026-09-16T17:05:57.169203+00:00,kube-system,metrics-server-75dc6f8d87-jvlxg,42.0,356515840
2026-09-16T17:05:57.169203+00:00,kube-system,svclb-traefik-95f97b9d-mhlvx,0.0,0
2026-09-16T17:05:57.169203+00:00,kube-system,traefik-9bcdbbd9-qkrql,33.0,362807296
2026-09-16T17:05:57.169203+00:00,pyroscope,pyroscope-0,10.0,185597952
2026-09-16T17:05:57.169203+00:00,pyroscope,pyroscope-alloy-0,156.0,611319808
2026-09-16T17:06:28.423721+00:00,grove-system,grove-operator-7b994569fd-lwmw9,173.0,1508900864
2026-09-16T17:06:28.423721+00:00,kai-scheduler,admission-86666f457d-lncc2,1.0,14680064
2026-09-16T17:06:28.423721+00:00,kai-scheduler,kai-operator-69b5d7bcf7-bs8zr,38.0,160432128
2026-09-16T17:06:28.423721+00:00,kai-scheduler,pod-grouper-65456f756-cd5jq,1.0,11534336
2026-09-16T17:06:28.423721+00:00,kai-scheduler,podgroup-controller-68f9cc8dbf-hqvxr,1.0,11534336
2026-09-16T17:06:28.423721+00:00,kai-scheduler,queue-controller-f86fcd76c-8pmz6,1.0,11534336
2026-09-16T17:06:28.423721+00:00,kube-system,coredns-8db54c48d-mbmzd,3.0,68157440
2026-09-16T17:06:28.423721+00:00,kube-system,kwok-controller-5cf8c7c44b-z7cwp,205.0,84934656
2026-09-16T17:06:28.423721+00:00,kube-system,local-path-provisioner-5d9d9885bc-q4th8,1.0,15728640
2026-09-16T17:06:28.423721+00:00,kube-system,metrics-server-75dc6f8d87-jvlxg,65.0,356515840
2026-09-16T17:06:28.423721+00:00,kube-system,svclb-traefik-95f97b9d-mhlvx,0.0,0
2026-09-16T17:06:28.423721+00:00,kube-system,traefik-9bcdbbd9-qkrql,52.0,360710144
2026-09-16T17:06:28.423721+00:00,pyroscope,pyroscope-0,6.0,179306496
2026-09-16T17:06:28.423721+00:00,pyroscope,pyroscope-alloy-0,156.0,602931200
2026-09-16T17:06:59.680669+00:00,grove-system,grove-operator-7b994569fd-lwmw9,318.0,1550843904
2026-09-16T17:06:59.680669+00:00,kai-scheduler,admission-86666f457d-lncc2,1.0,14680064
2026-09-16T17:06:59.680669+00:00,kai-scheduler,kai-operator-69b5d7bcf7-bs8zr,44.0,160432128
2026-09-16T17:06:59.680669+00:00,kai-scheduler,pod-grouper-65456f756-cd5jq,1.0,11534336
2026-09-16T17:06:59.680669+00:00,kai-scheduler,podgroup-controller-68f9cc8dbf-hqvxr,1.0,11534336
2026-09-16T17:06:59.680669+00:00,kai-scheduler,queue-controller-f86fcd76c-8pmz6,1.0,11534336
2026-09-16T17:06:59.680669+00:00,kube-system,coredns-8db54c48d-mbmzd,3.0,70254592
2026-09-16T17:06:59.680669+00:00,kube-system,kwok-controller-5cf8c7c44b-z7cwp,128.0,83886080
2026-09-16T17:06:59.680669+00:00,kube-system,local-path-provisioner-5d9d9885bc-q4th8,1.0,15728640
2026-09-16T17:06:59.680669+00:00,kube-system,metrics-server-75dc6f8d87-jvlxg,50.0,354418688
2026-09-16T17:06:59.680669+00:00,kube-system,svclb-traefik-95f97b9d-mhlvx,0.0,0
2026-09-16T17:06:59.680669+00:00,kube-system,traefik-9bcdbbd9-qkrql,69.0,364904448
2026-09-16T17:06:59.680669+00:00,pyroscope,pyroscope-0,10.0,197132288
2026-09-16T17:06:59.680669+00:00,pyroscope,pyroscope-alloy-0,202.0,610271232
2026-09-16T17:07:30.939306+00:00,grove-system,grove-operator-7b994569fd-lwmw9,290.0,1565523968
2026-09-16T17:07:30.939306+00:00,kai-scheduler,admission-86666f457d-lncc2,1.0,14680064
2026-09-16T17:07:30.939306+00:00,kai-scheduler,kai-operator-69b5d7bcf7-bs8zr,40.0,164626432
2026-09-16T17:07:30.939306+00:00,kai-scheduler,pod-grouper-65456f756-cd5jq,1.0,11534336
2026-09-16T17:07:30.939306+00:00,kai-scheduler,podgroup-controller-68f9cc8dbf-hqvxr,1.0,11534336
2026-09-16T17:07:30.939306+00:00,kai-scheduler,queue-controller-f86fcd76c-8pmz6,1.0,11534336
2026-09-16T17:07:30.939306+00:00,kube-system,coredns-8db54c48d-mbmzd,40.0,77594624
2026-09-16T17:07:30.939306+00:00,kube-system,kwok-controller-5cf8c7c44b-z7cwp,116.0,87031808
2026-09-16T17:07:30.939306+00:00,kube-system,local-path-provisioner-5d9d9885bc-q4th8,1.0,15728640
2026-09-16T17:07:30.939306+00:00,kube-system,metrics-server-75dc6f8d87-jvlxg,37.0,354418688
2026-09-16T17:07:30.939306+00:00,kube-system,svclb-traefik-95f97b9d-mhlvx,0.0,0
2026-09-16T17:07:30.939306+00:00,kube-system,traefik-9bcdbbd9-qkrql,83.0,369098752
2026-09-16T17:07:30.939306+00:00,pyroscope,pyroscope-0,7.0,185597952
2026-09-16T17:07:30.939306+00:00,pyroscope,pyroscope-alloy-0,138.0,625999872
2026-09-16T17:08:02.190187+00:00,grove-system,grove-operator-7b994569fd-lwmw9,515.0,1648361472
2026-09-16T17:08:02.190187+00:00,kai-scheduler,admission-86666f457d-lncc2,1.0,14680064
2026-09-16T17:08:02.190187+00:00,kai-scheduler,kai-operator-69b5d7bcf7-bs8zr,29.0,162529280
2026-09-16T17:08:02.190187+00:00,kai-scheduler,pod-grouper-65456f756-cd5jq,1.0,11534336
2026-09-16T17:08:02.190187+00:00,kai-scheduler,podgroup-controller-68f9cc8dbf-hqvxr,1.0,11534336
2026-09-16T17:08:02.190187+00:00,kai-scheduler,queue-controller-f86fcd76c-8pmz6,1.0,11534336
2026-09-16T17:08:02.190187+00:00,kube-system,coredns-8db54c48d-mbmzd,11.0,66060288
2026-09-16T17:08:02.190187+00:00,kube-system,kwok-controller-5cf8c7c44b-z7cwp,103.0,84934656
2026-09-16T17:08:02.190187+00:00,kube-system,local-path-provisioner-5d9d9885bc-q4th8,1.0,15728640
2026-09-16T17:08:02.190187+00:00,kube-system,metrics-server-75dc6f8d87-jvlxg,38.0,356515840
2026-09-16T17:08:02.190187+00:00,kube-system,svclb-traefik-95f97b9d-mhlvx,0.0,0
2026-09-16T17:08:02.190187+00:00,kube-system,traefik-9bcdbbd9-qkrql,17.0,377487360
2026-09-16T17:08:02.190187+00:00,pyroscope,pyroscope-0,6.0,188743680
2026-09-16T17:08:02.190187+00:00,pyroscope,pyroscope-alloy-0,168.0,615514112
2026-09-16T17:08:33.452088+00:00,grove-system,grove-operator-7b994569fd-lwmw9,121.0,1647312896
2026-09-16T17:08:33.452088+00:00,kai-scheduler,admission-86666f457d-lncc2,1.0,14680064
2026-09-16T17:08:33.452088+00:00,kai-scheduler,kai-operator-69b5d7bcf7-bs8zr,1.0,162529280
2026-09-16T17:08:33.452088+00:00,kai-scheduler,pod-grouper-65456f756-cd5jq,1.0,11534336
2026-09-16T17:08:33.452088+00:00,kai-scheduler,podgroup-controller-68f9cc8dbf-hqvxr,1.0,11534336
2026-09-16T17:08:33.452088+00:00,kai-scheduler,queue-controller-f86fcd76c-8pmz6,1.0,11534336
2026-09-16T17:08:33.452088+00:00,kube-system,coredns-8db54c48d-mbmzd,8.0,68157440
2026-09-16T17:08:33.452088+00:00,kube-system,kwok-controller-5cf8c7c44b-z7cwp,134.0,85983232
2026-09-16T17:08:33.452088+00:00,kube-system,local-path-provisioner-5d9d9885bc-q4th8,1.0,15728640
2026-09-16T17:08:33.452088+00:00,kube-system,metrics-server-75dc6f8d87-jvlxg,48.0,355467264
2026-09-16T17:08:33.452088+00:00,kube-system,svclb-traefik-95f97b9d-mhlvx,0.0,0
2026-09-16T17:08:33.452088+00:00,kube-system,traefik-9bcdbbd9-qkrql,12.0,381681664
2026-09-16T17:08:33.452088+00:00,pyroscope,pyroscope-0,6.0,188743680
2026-09-16T17:08:33.452088+00:00,pyroscope,pyroscope-alloy-0,149.0,614465536
2026-09-16T17:09:04.705252+00:00,grove-system,grove-operator-7b994569fd-lwmw9,223.0,1621098496
2026-09-16T17:09:04.705252+00:00,kai-scheduler,admission-86666f457d-lncc2,1.0,14680064
2026-09-16T17:09:04.705252+00:00,kai-scheduler,kai-operator-69b5d7bcf7-bs8zr,1.0,162529280
2026-09-16T17:09:04.705252+00:00,kai-scheduler,pod-grouper-65456f756-cd5jq,1.0,11534336
2026-09-16T17:09:04.705252+00:00,kai-scheduler,podgroup-controller-68f9cc8dbf-hqvxr,1.0,11534336
2026-09-16T17:09:04.705252+00:00,kai-scheduler,queue-controller-f86fcd76c-8pmz6,1.0,11534336
2026-09-16T17:09:04.705252+00:00,kube-system,coredns-8db54c48d-mbmzd,9.0,70254592
2026-09-16T17:09:04.705252+00:00,kube-system,kwok-controller-5cf8c7c44b-z7cwp,113.0,87031808
2026-09-16T17:09:04.705252+00:00,kube-system,local-path-provisioner-5d9d9885bc-q4th8,1.0,15728640
2026-09-16T17:09:04.705252+00:00,kube-system,metrics-server-75dc6f8d87-jvlxg,44.0,355467264
2026-09-16T17:09:04.705252+00:00,kube-system,svclb-traefik-95f97b9d-mhlvx,0.0,0
2026-09-16T17:09:04.705252+00:00,kube-system,traefik-9bcdbbd9-qkrql,13.0,375390208
2026-09-16T17:09:04.705252+00:00,pyroscope,pyroscope-0,6.0,190840832
2026-09-16T17:09:04.705252+00:00,pyroscope,pyroscope-alloy-0,140.0,616562688
2026-09-16T17:09:35.963306+00:00,grove-system,grove-operator-7b994569fd-lwmw9,611.0,1617952768
2026-09-16T17:09:35.963306+00:00,kai-scheduler,admission-86666f457d-lncc2,1.0,14680064
2026-09-16T17:09:35.963306+00:00,kai-scheduler,kai-operator-69b5d7bcf7-bs8zr,3.0,138412032
2026-09-16T17:09:35.963306+00:00,kai-scheduler,pod-grouper-65456f756-cd5jq,1.0,11534336
2026-09-16T17:09:35.963306+00:00,kai-scheduler,podgroup-controller-68f9cc8dbf-hqvxr,1.0,11534336
2026-09-16T17:09:35.963306+00:00,kai-scheduler,queue-controller-f86fcd76c-8pmz6,1.0,11534336
2026-09-16T17:09:35.963306+00:00,kube-system,coredns-8db54c48d-mbmzd,10.0,69206016
2026-09-16T17:09:35.963306+00:00,kube-system,kwok-controller-5cf8c7c44b-z7cwp,96.0,85983232
2026-09-16T17:09:35.963306+00:00,kube-system,local-path-provisioner-5d9d9885bc-q4th8,1.0,15728640
2026-09-16T17:09:35.963306+00:00,kube-system,metrics-server-75dc6f8d87-jvlxg,33.0,353370112
2026-09-16T17:09:35.963306+00:00,kube-system,svclb-traefik-95f97b9d-mhlvx,0.0,0
2026-09-16T17:09:35.963306+00:00,kube-system,traefik-9bcdbbd9-qkrql,15.0,377487360
2026-09-16T17:09:35.963306+00:00,pyroscope,pyroscope-0,7.0,191889408
2026-09-16T17:09:35.963306+00:00,pyroscope,pyroscope-alloy-0,143.0,618659840
2026-09-16T17:10:07.249400+00:00,grove-system,grove-operator-7b994569fd-lwmw9,608.0,1627389952
2026-09-16T17:10:07.249400+00:00,kai-scheduler,admission-86666f457d-lncc2,1.0,14680064
2026-09-16T17:10:07.249400+00:00,kai-scheduler,kai-operator-69b5d7bcf7-bs8zr,7.0,139460608
2026-09-16T17:10:07.249400+00:00,kai-scheduler,pod-grouper-65456f756-cd5jq,1.0,11534336
2026-09-16T17:10:07.249400+00:00,kai-scheduler,podgroup-controller-68f9cc8dbf-hqvxr,1.0,11534336
2026-09-16T17:10:07.249400+00:00,kai-scheduler,queue-controller-f86fcd76c-8pmz6,1.0,11534336
2026-09-16T17:10:07.249400+00:00,kube-system,coredns-8db54c48d-mbmzd,10.0,69206016
2026-09-16T17:10:07.249400+00:00,kube-system,kwok-controller-5cf8c7c44b-z7cwp,2450.0,97517568
2026-09-16T17:10:07.249400+00:00,kube-system,local-path-provisioner-5d9d9885bc-q4th8,1.0,15728640
2026-09-16T17:10:07.249400+00:00,kube-system,metrics-server-75dc6f8d87-jvlxg,45.0,353370112
2026-09-16T17:10:07.249400+00:00,kube-system,svclb-traefik-95f97b9d-mhlvx,0.0,0
2026-09-16T17:10:07.249400+00:00,kube-system,traefik-9bcdbbd9-qkrql,26.0,347078656
2026-09-16T17:10:07.249400+00:00,pyroscope,pyroscope-0,7.0,190840832
2026-09-16T17:10:07.249400+00:00,pyroscope,pyroscope-alloy-0,180.0,630194176
2026-09-16T17:10:38.546196+00:00,grove-system,grove-operator-7b994569fd-lwmw9,657.0,1634729984
2026-09-16T17:10:38.546196+00:00,kai-scheduler,admission-86666f457d-lncc2,1.0,14680064
2026-09-16T17:10:38.546196+00:00,kai-scheduler,kai-operator-69b5d7bcf7-bs8zr,8.0,154140672
2026-09-16T17:10:38.546196+00:00,kai-scheduler,pod-grouper-65456f756-cd5jq,1.0,11534336
2026-09-16T17:10:38.546196+00:00,kai-scheduler,podgroup-controller-68f9cc8dbf-hqvxr,1.0,11534336
2026-09-16T17:10:38.546196+00:00,kai-scheduler,queue-controller-f86fcd76c-8pmz6,1.0,11534336
2026-09-16T17:10:38.546196+00:00,kube-system,coredns-8db54c48d-mbmzd,13.0,70254592
2026-09-16T17:10:38.546196+00:00,kube-system,kwok-controller-5cf8c7c44b-z7cwp,2409.0,94371840
2026-09-16T17:10:38.546196+00:00,kube-system,local-path-provisioner-5d9d9885bc-q4th8,1.0,15728640
2026-09-16T17:10:38.546196+00:00,kube-system,metrics-server-75dc6f8d87-jvlxg,41.0,353370112
2026-09-16T17:10:38.546196+00:00,kube-system,svclb-traefik-95f97b9d-mhlvx,0.0,0
2026-09-16T17:10:38.546196+00:00,kube-system,traefik-9bcdbbd9-qkrql,15.0,320864256
2026-09-16T17:10:38.546196+00:00,pyroscope,pyroscope-0,7.0,195035136
2026-09-16T17:10:38.546196+00:00,pyroscope,pyroscope-alloy-0,157.0,636485632
2026-09-16T17:11:09.851881+00:00,grove-system,grove-operator-7b994569fd-lwmw9,641.0,1664090112
2026-09-16T17:11:09.851881+00:00,kai-scheduler,admission-86666f457d-lncc2,1.0,14680064
2026-09-16T17:11:09.851881+00:00,kai-scheduler,kai-operator-69b5d7bcf7-bs8zr,3.0,157286400
2026-09-16T17:11:09.851881+00:00,kai-scheduler,pod-grouper-65456f756-cd5jq,1.0,11534336
2026-09-16T17:11:09.851881+00:00,kai-scheduler,podgroup-controller-68f9cc8dbf-hqvxr,1.0,11534336
2026-09-16T17:11:09.851881+00:00,kai-scheduler,queue-controller-f86fcd76c-8pmz6,1.0,11534336
2026-09-16T17:11:09.851881+00:00,kube-system,coredns-8db54c48d-mbmzd,3.0,69206016
2026-09-16T17:11:09.851881+00:00,kube-system,kwok-controller-5cf8c7c44b-z7cwp,2431.0,97517568
2026-09-16T17:11:09.851881+00:00,kube-system,local-path-provisioner-5d9d9885bc-q4th8,1.0,15728640
2026-09-16T17:11:09.851881+00:00,kube-system,metrics-server-75dc6f8d87-jvlxg,60.0,353370112
2026-09-16T17:11:09.851881+00:00,kube-system,svclb-traefik-95f97b9d-mhlvx,0.0,0
2026-09-16T17:11:09.851881+00:00,kube-system,traefik-9bcdbbd9-qkrql,3.0,304087040
2026-09-16T17:11:09.851881+00:00,pyroscope,pyroscope-0,7.0,195035136
2026-09-16T17:11:09.851881+00:00,pyroscope,pyroscope-alloy-0,191.0,650117120
2026-09-16T17:11:41.143916+00:00,grove-system,grove-operator-7b994569fd-lwmw9,655.0,1696595968
2026-09-16T17:11:41.143916+00:00,kai-scheduler,admission-86666f457d-lncc2,1.0,14680064
2026-09-16T17:11:41.143916+00:00,kai-scheduler,kai-operator-69b5d7bcf7-bs8zr,3.0,158334976
2026-09-16T17:11:41.143916+00:00,kai-scheduler,pod-grouper-65456f756-cd5jq,1.0,11534336
2026-09-16T17:11:41.143916+00:00,kai-scheduler,podgroup-controller-68f9cc8dbf-hqvxr,1.0,11534336
2026-09-16T17:11:41.143916+00:00,kai-scheduler,queue-controller-f86fcd76c-8pmz6,1.0,11534336
2026-09-16T17:11:41.143916+00:00,kube-system,coredns-8db54c48d-mbmzd,4.0,69206016
2026-09-16T17:11:41.143916+00:00,kube-system,kwok-controller-5cf8c7c44b-z7cwp,2208.0,96468992
2026-09-16T17:11:41.143916+00:00,kube-system,local-path-provisioner-5d9d9885bc-q4th8,1.0,15728640
2026-09-16T17:11:41.143916+00:00,kube-system,metrics-server-75dc6f8d87-jvlxg,48.0,353370112
2026-09-16T17:11:41.143916+00:00,kube-system,svclb-traefik-95f97b9d-mhlvx,0.0,0
2026-09-16T17:11:41.143916+00:00,kube-system,traefik-9bcdbbd9-qkrql,4.0,309329920
2026-09-16T17:11:41.143916+00:00,pyroscope,pyroscope-0,9.0,195035136
2026-09-16T17:11:41.143916+00:00,pyroscope,pyroscope-alloy-0,196.0,659554304
2026-09-16T17:12:12.393983+00:00,grove-system,grove-operator-7b994569fd-lwmw9,453.0,1894776832
2026-09-16T17:12:12.393983+00:00,kai-scheduler,admission-86666f457d-lncc2,1.0,14680064
2026-09-16T17:12:12.393983+00:00,kai-scheduler,kai-operator-69b5d7bcf7-bs8zr,3.0,158334976
2026-09-16T17:12:12.393983+00:00,kai-scheduler,pod-grouper-65456f756-cd5jq,1.0,11534336
2026-09-16T17:12:12.393983+00:00,kai-scheduler,podgroup-controller-68f9cc8dbf-hqvxr,1.0,11534336
2026-09-16T17:12:12.393983+00:00,kai-scheduler,queue-controller-f86fcd76c-8pmz6,1.0,11534336
2026-09-16T17:12:12.393983+00:00,kube-system,coredns-8db54c48d-mbmzd,4.0,70254592
2026-09-16T17:12:12.393983+00:00,kube-system,kwok-controller-5cf8c7c44b-z7cwp,725.0,89128960
2026-09-16T17:12:12.393983+00:00,kube-system,local-path-provisioner-5d9d9885bc-q4th8,1.0,16777216
2026-09-16T17:12:12.393983+00:00,kube-system,metrics-server-75dc6f8d87-jvlxg,32.0,354418688
2026-09-16T17:12:12.393983+00:00,kube-system,svclb-traefik-95f97b9d-mhlvx,0.0,0
2026-09-16T17:12:12.393983+00:00,kube-system,traefik-9bcdbbd9-qkrql,16.0,277872640
2026-09-16T17:12:12.393983+00:00,pyroscope,pyroscope-0,7.0,354418688
2026-09-16T17:12:12.393983+00:00,pyroscope,pyroscope-alloy-0,133.0,657457152
2026-09-16T17:12:43.645221+00:00,grove-system,grove-operator-7b994569fd-lwmw9,864.0,1906311168
2026-09-16T17:12:43.645221+00:00,kai-scheduler,admission-86666f457d-lncc2,1.0,14680064
2026-09-16T17:12:43.645221+00:00,kai-scheduler,kai-operator-69b5d7bcf7-bs8zr,3.0,158334976
2026-09-16T17:12:43.645221+00:00,kai-scheduler,pod-grouper-65456f756-cd5jq,1.0,11534336
2026-09-16T17:12:43.645221+00:00,kai-scheduler,podgroup-controller-68f9cc8dbf-hqvxr,1.0,11534336
2026-09-16T17:12:43.645221+00:00,kai-scheduler,queue-controller-f86fcd76c-8pmz6,1.0,11534336
2026-09-16T17:12:43.645221+00:00,kube-system,coredns-8db54c48d-mbmzd,4.0,70254592
2026-09-16T17:12:43.645221+00:00,kube-system,kwok-controller-5cf8c7c44b-z7cwp,95.0,90177536
2026-09-16T17:12:43.645221+00:00,kube-system,local-path-provisioner-5d9d9885bc-q4th8,1.0,16777216
2026-09-16T17:12:43.645221+00:00,kube-system,metrics-server-75dc6f8d87-jvlxg,32.0,353370112
2026-09-16T17:12:43.645221+00:00,kube-system,svclb-traefik-95f97b9d-mhlvx,0.0,0
2026-09-16T17:12:43.645221+00:00,kube-system,traefik-9bcdbbd9-qkrql,3.0,277872640
2026-09-16T17:12:43.645221+00:00,pyroscope,pyroscope-0,5.0,354418688
2026-09-16T17:12:43.645221+00:00,pyroscope,pyroscope-alloy-0,5.0,658505728
2026-09-16T17:13:14.902056+00:00,grove-system,grove-operator-7b994569fd-lwmw9,551.0,1891631104
2026-09-16T17:13:14.902056+00:00,kai-scheduler,admission-86666f457d-lncc2,1.0,14680064
2026-09-16T17:13:14.902056+00:00,kai-scheduler,kai-operator-69b5d7bcf7-bs8zr,3.0,145752064
2026-09-16T17:13:14.902056+00:00,kai-scheduler,pod-grouper-65456f756-cd5jq,1.0,11534336
2026-09-16T17:13:14.902056+00:00,kai-scheduler,podgroup-controller-68f9cc8dbf-hqvxr,1.0,12582912
2026-09-16T17:13:14.902056+00:00,kai-scheduler,queue-controller-f86fcd76c-8pmz6,1.0,11534336
2026-09-16T17:13:14.902056+00:00,kube-system,coredns-8db54c48d-mbmzd,4.0,70254592
2026-09-16T17:13:14.902056+00:00,kube-system,kwok-controller-5cf8c7c44b-z7cwp,98.0,89128960
2026-09-16T17:13:14.902056+00:00,kube-system,local-path-provisioner-5d9d9885bc-q4th8,1.0,16777216
2026-09-16T17:13:14.902056+00:00,kube-system,metrics-server-75dc6f8d87-jvlxg,38.0,355467264
2026-09-16T17:13:14.902056+00:00,kube-system,svclb-traefik-95f97b9d-mhlvx,0.0,0
2026-09-16T17:13:14.902056+00:00,kube-system,traefik-9bcdbbd9-qkrql,4.0,278921216
2026-09-16T17:13:14.902056+00:00,pyroscope,pyroscope-0,6.0,375390208
2026-09-16T17:13:14.902056+00:00,pyroscope,pyroscope-alloy-0,48.0,679477248
2026-09-16T17:13:46.196539+00:00,grove-system,grove-operator-7b994569fd-lwmw9,545.0,1905262592
2026-09-16T17:13:46.196539+00:00,kai-scheduler,admission-86666f457d-lncc2,1.0,14680064
2026-09-16T17:13:46.196539+00:00,kai-scheduler,kai-operator-69b5d7bcf7-bs8zr,6.0,116391936
2026-09-16T17:13:46.196539+00:00,kai-scheduler,pod-grouper-65456f756-cd5jq,1.0,11534336
2026-09-16T17:13:46.196539+00:00,kai-scheduler,podgroup-controller-68f9cc8dbf-hqvxr,1.0,11534336
2026-09-16T17:13:46.196539+00:00,kai-scheduler,queue-controller-f86fcd76c-8pmz6,1.0,11534336
2026-09-16T17:13:46.196539+00:00,kube-system,coredns-8db54c48d-mbmzd,3.0,70254592
2026-09-16T17:13:46.196539+00:00,kube-system,kwok-controller-5cf8c7c44b-z7cwp,91.0,90177536
2026-09-16T17:13:46.196539+00:00,kube-system,local-path-provisioner-5d9d9885bc-q4th8,1.0,16777216
2026-09-16T17:13:46.196539+00:00,kube-system,metrics-server-75dc6f8d87-jvlxg,32.0,354418688
2026-09-16T17:13:46.196539+00:00,kube-system,svclb-traefik-95f97b9d-mhlvx,0.0,0
2026-09-16T17:13:46.196539+00:00,kube-system,traefik-9bcdbbd9-qkrql,3.0,278921216
2026-09-16T17:13:46.196539+00:00,pyroscope,pyroscope-0,7.0,414187520
2026-09-16T17:13:46.196539+00:00,pyroscope,pyroscope-alloy-0,7.0,679477248
2026-09-16T17:14:17.498189+00:00,grove-system,grove-operator-7b994569fd-lwmw9,723.0,1908408320
2026-09-16T17:14:17.498189+00:00,kai-scheduler,admission-86666f457d-lncc2,1.0,14680064
2026-09-16T17:14:17.498189+00:00,kai-scheduler,kai-operator-69b5d7bcf7-bs8zr,3.0,116391936
2026-09-16T17:14:17.498189+00:00,kai-scheduler,pod-grouper-65456f756-cd5jq,1.0,11534336
2026-09-16T17:14:17.498189+00:00,kai-scheduler,podgroup-controller-68f9cc8dbf-hqvxr,1.0,11534336
2026-09-16T17:14:17.498189+00:00,kai-scheduler,queue-controller-f86fcd76c-8pmz6,1.0,11534336
2026-09-16T17:14:17.498189+00:00,kube-system,coredns-8db54c48d-mbmzd,11.0,70254592
2026-09-16T17:14:17.498189+00:00,kube-system,kwok-controller-5cf8c7c44b-z7cwp,285.0,89128960
2026-09-16T17:14:17.498189+00:00,kube-system,local-path-provisioner-5d9d9885bc-q4th8,1.0,16777216
2026-09-16T17:14:17.498189+00:00,kube-system,metrics-server-75dc6f8d87-jvlxg,64.0,354418688
2026-09-16T17:14:17.498189+00:00,kube-system,svclb-traefik-95f97b9d-mhlvx,0.0,0
2026-09-16T17:14:17.498189+00:00,kube-system,traefik-9bcdbbd9-qkrql,27.0,277872640
2026-09-16T17:14:17.498189+00:00,pyroscope,pyroscope-0,12.0,258998272
2026-09-16T17:14:17.498189+00:00,pyroscope,pyroscope-alloy-0,248.0,725614592
2026-09-16T17:14:48.793848+00:00,grove-system,grove-operator-7b994569fd-lwmw9,651.0,1940914176
2026-09-16T17:14:48.793848+00:00,kai-scheduler,admission-86666f457d-lncc2,1.0,14680064
2026-09-16T17:14:48.793848+00:00,kai-scheduler,kai-operator-69b5d7bcf7-bs8zr,3.0,116391936
2026-09-16T17:14:48.793848+00:00,kai-scheduler,pod-grouper-65456f756-cd5jq,1.0,11534336
2026-09-16T17:14:48.793848+00:00,kai-scheduler,podgroup-controller-68f9cc8dbf-hqvxr,1.0,11534336
2026-09-16T17:14:48.793848+00:00,kai-scheduler,queue-controller-f86fcd76c-8pmz6,1.0,11534336
2026-09-16T17:14:48.793848+00:00,kube-system,coredns-8db54c48d-mbmzd,11.0,69206016
2026-09-16T17:14:48.793848+00:00,kube-system,kwok-controller-5cf8c7c44b-z7cwp,286.0,90177536
2026-09-16T17:14:48.793848+00:00,kube-system,local-path-provisioner-5d9d9885bc-q4th8,1.0,16777216
2026-09-16T17:14:48.793848+00:00,kube-system,metrics-server-75dc6f8d87-jvlxg,67.0,354418688
2026-09-16T17:14:48.793848+00:00,kube-system,svclb-traefik-95f97b9d-mhlvx,0.0,0
2026-09-16T17:14:48.793848+00:00,kube-system,traefik-9bcdbbd9-qkrql,15.0,278921216
2026-09-16T17:14:48.793848+00:00,pyroscope,pyroscope-0,7.0,262144000
2026-09-16T17:14:48.793848+00:00,pyroscope,pyroscope-alloy-0,260.0,748683264
2026-09-16T17:15:20.109489+00:00,grove-system,grove-operator-7b994569fd-lwmw9,886.0,1955594240
2026-09-16T17:15:20.109489+00:00,kai-scheduler,admission-86666f457d-lncc2,1.0,14680064
2026-09-16T17:15:20.109489+00:00,kai-scheduler,kai-operator-69b5d7bcf7-bs8zr,9.0,119537664
2026-09-16T17:15:20.109489+00:00,kai-scheduler,pod-grouper-65456f756-cd5jq,1.0,11534336
2026-09-16T17:15:20.109489+00:00,kai-scheduler,podgroup-controller-68f9cc8dbf-hqvxr,1.0,11534336
2026-09-16T17:15:20.109489+00:00,kai-scheduler,queue-controller-f86fcd76c-8pmz6,1.0,11534336
2026-09-16T17:15:20.109489+00:00,kube-system,coredns-8db54c48d-mbmzd,11.0,69206016
2026-09-16T17:15:20.109489+00:00,kube-system,kwok-controller-5cf8c7c44b-z7cwp,278.0,89128960
2026-09-16T17:15:20.109489+00:00,kube-system,local-path-provisioner-5d9d9885bc-q4th8,1.0,16777216
2026-09-16T17:15:20.109489+00:00,kube-system,metrics-server-75dc6f8d87-jvlxg,63.0,354418688
2026-09-16T17:15:20.109489+00:00,kube-system,svclb-traefik-95f97b9d-mhlvx,0.0,0
2026-09-16T17:15:20.109489+00:00,kube-system,traefik-9bcdbbd9-qkrql,15.0,278921216
2026-09-16T17:15:20.109489+00:00,pyroscope,pyroscope-0,9.0,262144000
2026-09-16T17:15:20.109489+00:00,pyroscope,pyroscope-alloy-0,302.0,746586112
2026-09-16T17:15:51.437473+00:00,grove-system,grove-operator-7b994569fd-lwmw9,696.0,2001731584
2026-09-16T17:15:51.437473+00:00,kai-scheduler,admission-86666f457d-lncc2,1.0,14680064
2026-09-16T17:15:51.437473+00:00,kai-scheduler,kai-operator-69b5d7bcf7-bs8zr,6.0,120586240
2026-09-16T17:15:51.437473+00:00,kai-scheduler,pod-grouper-65456f756-cd5jq,1.0,11534336
2026-09-16T17:15:51.437473+00:00,kai-scheduler,podgroup-controller-68f9cc8dbf-hqvxr,1.0,11534336
2026-09-16T17:15:51.437473+00:00,kai-scheduler,queue-controller-f86fcd76c-8pmz6,1.0,12582912
2026-09-16T17:15:51.437473+00:00,kube-system,coredns-8db54c48d-mbmzd,11.0,73400320
2026-09-16T17:15:51.437473+00:00,kube-system,kwok-controller-5cf8c7c44b-z7cwp,271.0,89128960
2026-09-16T17:15:51.437473+00:00,kube-system,local-path-provisioner-5d9d9885bc-q4th8,1.0,16777216
2026-09-16T17:15:51.437473+00:00,kube-system,metrics-server-75dc6f8d87-jvlxg,64.0,356515840
2026-09-16T17:15:51.437473+00:00,kube-system,svclb-traefik-95f97b9d-mhlvx,0.0,0
2026-09-16T17:15:51.437473+00:00,kube-system,traefik-9bcdbbd9-qkrql,15.0,279969792
2026-09-16T17:15:51.437473+00:00,pyroscope,pyroscope-0,10.0,264241152
2026-09-16T17:15:51.437473+00:00,pyroscope,pyroscope-alloy-0,312.0,764411904
2026-09-16T17:16:22.726543+00:00,grove-system,grove-operator-7b994569fd-lwmw9,567.0,1951399936
2026-09-16T17:16:22.726543+00:00,kai-scheduler,admission-86666f457d-lncc2,1.0,14680064
2026-09-16T17:16:22.726543+00:00,kai-scheduler,kai-operator-69b5d7bcf7-bs8zr,4.0,120586240
2026-09-16T17:16:22.726543+00:00,kai-scheduler,pod-grouper-65456f756-cd5jq,1.0,11534336
2026-09-16T17:16:22.726543+00:00,kai-scheduler,podgroup-controller-68f9cc8dbf-hqvxr,1.0,11534336
2026-09-16T17:16:22.726543+00:00,kai-scheduler,queue-controller-f86fcd76c-8pmz6,1.0,12582912
2026-09-16T17:16:22.726543+00:00,kube-system,coredns-8db54c48d-mbmzd,11.0,74448896
2026-09-16T17:16:22.726543+00:00,kube-system,kwok-controller-5cf8c7c44b-z7cwp,283.0,92274688
2026-09-16T17:16:22.726543+00:00,kube-system,local-path-provisioner-5d9d9885bc-q4th8,1.0,16777216
2026-09-16T17:16:22.726543+00:00,kube-system,metrics-server-75dc6f8d87-jvlxg,65.0,355467264
2026-09-16T17:16:22.726543+00:00,kube-system,svclb-traefik-95f97b9d-mhlvx,0.0,0
2026-09-16T17:16:22.726543+00:00,kube-system,traefik-9bcdbbd9-qkrql,16.0,287309824
2026-09-16T17:16:22.726543+00:00,pyroscope,pyroscope-0,7.0,266338304
2026-09-16T17:16:22.726543+00:00,pyroscope,pyroscope-alloy-0,298.0,781189120
2026-09-16T17:16:54.022005+00:00,grove-system,grove-operator-7b994569fd-lwmw9,976.0,2000683008
2026-09-16T17:16:54.022005+00:00,kai-scheduler,admission-86666f457d-lncc2,1.0,14680064
2026-09-16T17:16:54.022005+00:00,kai-scheduler,kai-operator-69b5d7bcf7-bs8zr,4.0,120586240
2026-09-16T17:16:54.022005+00:00,kai-scheduler,pod-grouper-65456f756-cd5jq,1.0,11534336
2026-09-16T17:16:54.022005+00:00,kai-scheduler,podgroup-controller-68f9cc8dbf-hqvxr,1.0,11534336
2026-09-16T17:16:54.022005+00:00,kai-scheduler,queue-controller-f86fcd76c-8pmz6,1.0,12582912
2026-09-16T17:16:54.022005+00:00,kube-system,coredns-8db54c48d-mbmzd,11.0,73400320
2026-09-16T17:16:54.022005+00:00,kube-system,kwok-controller-5cf8c7c44b-z7cwp,271.0,92274688
2026-09-16T17:16:54.022005+00:00,kube-system,local-path-provisioner-5d9d9885bc-q4th8,1.0,16777216
2026-09-16T17:16:54.022005+00:00,kube-system,metrics-server-75dc6f8d87-jvlxg,74.0,365953024
2026-09-16T17:16:54.022005+00:00,kube-system,svclb-traefik-95f97b9d-mhlvx,0.0,0
2026-09-16T17:16:54.022005+00:00,kube-system,traefik-9bcdbbd9-qkrql,15.0,286261248
2026-09-16T17:16:54.022005+00:00,pyroscope,pyroscope-0,8.0,264241152
2026-09-16T17:16:54.022005+00:00,pyroscope,pyroscope-alloy-0,276.0,781189120
2026-09-16T17:17:25.314789+00:00,grove-system,grove-operator-7b994569fd-lwmw9,524.0,1960837120
2026-09-16T17:17:25.314789+00:00,kai-scheduler,admission-86666f457d-lncc2,1.0,14680064
2026-09-16T17:17:25.314789+00:00,kai-scheduler,kai-operator-69b5d7bcf7-bs8zr,3.0,120586240
2026-09-16T17:17:25.314789+00:00,kai-scheduler,pod-grouper-65456f756-cd5jq,1.0,11534336
2026-09-16T17:17:25.314789+00:00,kai-scheduler,podgroup-controller-68f9cc8dbf-hqvxr,1.0,11534336
2026-09-16T17:17:25.314789+00:00,kai-scheduler,queue-controller-f86fcd76c-8pmz6,1.0,12582912
2026-09-16T17:17:25.314789+00:00,kube-system,coredns-8db54c48d-mbmzd,10.0,73400320
2026-09-16T17:17:25.314789+00:00,kube-system,kwok-controller-5cf8c7c44b-z7cwp,281.0,92274688
2026-09-16T17:17:25.314789+00:00,kube-system,local-path-provisioner-5d9d9885bc-q4th8,1.0,16777216
2026-09-16T17:17:25.314789+00:00,kube-system,metrics-server-75dc6f8d87-jvlxg,65.0,364904448
2026-09-16T17:17:25.314789+00:00,kube-system,svclb-traefik-95f97b9d-mhlvx,0.0,0
2026-09-16T17:17:25.314789+00:00,kube-system,traefik-9bcdbbd9-qkrql,14.0,286261248
2026-09-16T17:17:25.314789+00:00,pyroscope,pyroscope-0,9.0,266338304
2026-09-16T17:17:25.314789+00:00,pyroscope,pyroscope-alloy-0,300.0,840957952
2026-09-16T17:17:56.566944+00:00,grove-system,grove-operator-7b994569fd-lwmw9,667.0,1917845504
2026-09-16T17:17:56.566944+00:00,kai-scheduler,admission-86666f457d-lncc2,1.0,14680064
2026-09-16T17:17:56.566944+00:00,kai-scheduler,kai-operator-69b5d7bcf7-bs8zr,3.0,121634816
2026-09-16T17:17:56.566944+00:00,kai-scheduler,pod-grouper-65456f756-cd5jq,1.0,11534336
2026-09-16T17:17:56.566944+00:00,kai-scheduler,podgroup-controller-68f9cc8dbf-hqvxr,1.0,11534336
2026-09-16T17:17:56.566944+00:00,kai-scheduler,queue-controller-f86fcd76c-8pmz6,1.0,12582912
2026-09-16T17:17:56.566944+00:00,kube-system,coredns-8db54c48d-mbmzd,9.0,78643200
2026-09-16T17:17:56.566944+00:00,kube-system,kwok-controller-5cf8c7c44b-z7cwp,220.0,94371840
2026-09-16T17:17:56.566944+00:00,kube-system,local-path-provisioner-5d9d9885bc-q4th8,1.0,16777216
2026-09-16T17:17:56.566944+00:00,kube-system,metrics-server-75dc6f8d87-jvlxg,31.0,364904448
2026-09-16T17:17:56.566944+00:00,kube-system,svclb-traefik-95f97b9d-mhlvx,0.0,0
2026-09-16T17:17:56.566944+00:00,kube-system,traefik-9bcdbbd9-qkrql,14.0,289406976
2026-09-16T17:17:56.566944+00:00,pyroscope,pyroscope-0,18.0,276824064
2026-09-16T17:17:56.566944+00:00,pyroscope,pyroscope-alloy-0,109.0,839909376
2026-09-16T17:18:27.821950+00:00,grove-system,grove-operator-7b994569fd-lwmw9,257.0,1902116864
2026-09-16T17:18:27.821950+00:00,kai-scheduler,admission-86666f457d-lncc2,1.0,14680064
2026-09-16T17:18:27.821950+00:00,kai-scheduler,kai-operator-69b5d7bcf7-bs8zr,3.0,120586240
2026-09-16T17:18:27.821950+00:00,kai-scheduler,pod-grouper-65456f756-cd5jq,1.0,11534336
2026-09-16T17:18:27.821950+00:00,kai-scheduler,podgroup-controller-68f9cc8dbf-hqvxr,1.0,11534336
2026-09-16T17:18:27.821950+00:00,kai-scheduler,queue-controller-f86fcd76c-8pmz6,1.0,12582912
2026-09-16T17:18:27.821950+00:00,kube-system,coredns-8db54c48d-mbmzd,9.0,79691776
2026-09-16T17:18:27.821950+00:00,kube-system,kwok-controller-5cf8c7c44b-z7cwp,97.0,94371840
2026-09-16T17:18:27.821950+00:00,kube-system,local-path-provisioner-5d9d9885bc-q4th8,1.0,16777216
2026-09-16T17:18:27.821950+00:00,kube-system,metrics-server-75dc6f8d87-jvlxg,27.0,369098752
2026-09-16T17:18:27.821950+00:00,kube-system,svclb-traefik-95f97b9d-mhlvx,0.0,0
2026-09-16T17:18:27.821950+00:00,kube-system,traefik-9bcdbbd9-qkrql,13.0,287309824
2026-09-16T17:18:27.821950+00:00,pyroscope,pyroscope-0,5.0,274726912
2026-09-16T17:18:27.821950+00:00,pyroscope,pyroscope-alloy-0,7.0,838860800
2026-09-16T17:18:59.071631+00:00,grove-system,grove-operator-7b994569fd-lwmw9,286.0,1949302784
2026-09-16T17:18:59.071631+00:00,kai-scheduler,admission-86666f457d-lncc2,1.0,15728640
2026-09-16T17:18:59.071631+00:00,kai-scheduler,kai-operator-69b5d7bcf7-bs8zr,3.0,120586240
2026-09-16T17:18:59.071631+00:00,kai-scheduler,pod-grouper-65456f756-cd5jq,1.0,11534336
2026-09-16T17:18:59.071631+00:00,kai-scheduler,podgroup-controller-68f9cc8dbf-hqvxr,1.0,11534336
2026-09-16T17:18:59.071631+00:00,kai-scheduler,queue-controller-f86fcd76c-8pmz6,1.0,12582912
2026-09-16T17:18:59.071631+00:00,kube-system,coredns-8db54c48d-mbmzd,9.0,79691776
2026-09-16T17:18:59.071631+00:00,kube-system,kwok-controller-5cf8c7c44b-z7cwp,82.0,95420416
2026-09-16T17:18:59.071631+00:00,kube-system,local-path-provisioner-5d9d9885bc-q4th8,1.0,16777216
2026-09-16T17:18:59.071631+00:00,kube-system,metrics-server-75dc6f8d87-jvlxg,33.0,392167424
2026-09-16T17:18:59.071631+00:00,kube-system,svclb-traefik-95f97b9d-mhlvx,0.0,0
2026-09-16T17:18:59.071631+00:00,kube-system,traefik-9bcdbbd9-qkrql,22.0,291504128
2026-09-16T17:18:59.071631+00:00,pyroscope,pyroscope-0,5.0,281018368
2026-09-16T17:18:59.071631+00:00,pyroscope,pyroscope-alloy-0,5.0,838860800
2026-09-16T17:19:30.317742+00:00,grove-system,grove-operator-7b994569fd-lwmw9,748.0,1829765120
2026-09-16T17:19:30.317742+00:00,kai-scheduler,admission-86666f457d-lncc2,1.0,14680064
2026-09-16T17:19:30.317742+00:00,kai-scheduler,kai-operator-69b5d7bcf7-bs8zr,6.0,119537664
2026-09-16T17:19:30.317742+00:00,kai-scheduler,pod-grouper-65456f756-cd5jq,1.0,11534336
2026-09-16T17:19:30.317742+00:00,kai-scheduler,podgroup-controller-68f9cc8dbf-hqvxr,1.0,11534336
2026-09-16T17:19:30.317742+00:00,kai-scheduler,queue-controller-f86fcd76c-8pmz6,1.0,12582912
2026-09-16T17:19:30.317742+00:00,kube-system,coredns-8db54c48d-mbmzd,9.0,79691776
2026-09-16T17:19:30.317742+00:00,kube-system,kwok-controller-5cf8c7c44b-z7cwp,88.0,95420416
2026-09-16T17:19:30.317742+00:00,kube-system,local-path-provisioner-5d9d9885bc-q4th8,1.0,16777216
2026-09-16T17:19:30.317742+00:00,kube-system,metrics-server-75dc6f8d87-jvlxg,24.0,393216000
2026-09-16T17:19:30.317742+00:00,kube-system,svclb-traefik-95f97b9d-mhlvx,0.0,0
2026-09-16T17:19:30.317742+00:00,kube-system,traefik-9bcdbbd9-qkrql,13.0,298844160
2026-09-16T17:19:30.317742+00:00,pyroscope,pyroscope-0,7.0,279969792
2026-09-16T17:19:30.317742+00:00,pyroscope,pyroscope-alloy-0,7.0,838860800
2026-09-16T17:20:01.569845+00:00,grove-system,grove-operator-7b994569fd-lwmw9,163.0,1797259264
2026-09-16T17:20:01.569845+00:00,kai-scheduler,admission-86666f457d-lncc2,1.0,14680064
2026-09-16T17:20:01.569845+00:00,kai-scheduler,kai-operator-69b5d7bcf7-bs8zr,27.0,145752064
2026-09-16T17:20:01.569845+00:00,kai-scheduler,pod-grouper-65456f756-cd5jq,1.0,11534336
2026-09-16T17:20:01.569845+00:00,kai-scheduler,podgroup-controller-68f9cc8dbf-hqvxr,1.0,11534336
2026-09-16T17:20:01.569845+00:00,kai-scheduler,queue-controller-f86fcd76c-8pmz6,1.0,12582912
2026-09-16T17:20:01.569845+00:00,kube-system,coredns-8db54c48d-mbmzd,9.0,78643200
2026-09-16T17:20:01.569845+00:00,kube-system,kwok-controller-5cf8c7c44b-z7cwp,126.0,93323264
2026-09-16T17:20:01.569845+00:00,kube-system,local-path-provisioner-5d9d9885bc-q4th8,1.0,16777216
2026-09-16T17:20:01.569845+00:00,kube-system,metrics-server-75dc6f8d87-jvlxg,48.0,394264576
2026-09-16T17:20:01.569845+00:00,kube-system,svclb-traefik-95f97b9d-mhlvx,0.0,0
2026-09-16T17:20:01.569845+00:00,kube-system,traefik-9bcdbbd9-qkrql,71.0,339738624
2026-09-16T17:20:01.569845+00:00,pyroscope,pyroscope-0,8.0,276824064
2026-09-16T17:20:01.569845+00:00,pyroscope,pyroscope-alloy-0,46.0,839909376
2026-09-16T17:20:32.831590+00:00,grove-system,grove-operator-7b994569fd-lwmw9,193.0,1761607680
2026-09-16T17:20:32.831590+00:00,kai-scheduler,admission-86666f457d-lncc2,1.0,14680064
2026-09-16T17:20:32.831590+00:00,kai-scheduler,kai-operator-69b5d7bcf7-bs8zr,37.0,145752064
2026-09-16T17:20:32.831590+00:00,kai-scheduler,pod-grouper-65456f756-cd5jq,1.0,11534336
2026-09-16T17:20:32.831590+00:00,kai-scheduler,podgroup-controller-68f9cc8dbf-hqvxr,1.0,11534336
2026-09-16T17:20:32.831590+00:00,kai-scheduler,queue-controller-f86fcd76c-8pmz6,1.0,12582912
2026-09-16T17:20:32.831590+00:00,kube-system,coredns-8db54c48d-mbmzd,9.0,81788928
2026-09-16T17:20:32.831590+00:00,kube-system,kwok-controller-5cf8c7c44b-z7cwp,120.0,93323264
2026-09-16T17:20:32.831590+00:00,kube-system,local-path-provisioner-5d9d9885bc-q4th8,1.0,16777216
2026-09-16T17:20:32.831590+00:00,kube-system,metrics-server-75dc6f8d87-jvlxg,46.0,394264576
2026-09-16T17:20:32.831590+00:00,kube-system,svclb-traefik-95f97b9d-mhlvx,0.0,0
2026-09-16T17:20:32.831590+00:00,kube-system,traefik-9bcdbbd9-qkrql,53.0,374341632
2026-09-16T17:20:32.831590+00:00,pyroscope,pyroscope-0,6.0,278921216
2026-09-16T17:20:32.831590+00:00,pyroscope,pyroscope-alloy-0,82.0,839909376
2026-09-16T17:21:04.108647+00:00,grove-system,grove-operator-7b994569fd-lwmw9,303.0,1729101824
2026-09-16T17:21:04.108647+00:00,kai-scheduler,admission-86666f457d-lncc2,1.0,14680064
2026-09-16T17:21:04.108647+00:00,kai-scheduler,kai-operator-69b5d7bcf7-bs8zr,39.0,150994944
2026-09-16T17:21:04.108647+00:00,kai-scheduler,pod-grouper-65456f756-cd5jq,1.0,11534336
2026-09-16T17:21:04.108647+00:00,kai-scheduler,podgroup-controller-68f9cc8dbf-hqvxr,1.0,11534336
2026-09-16T17:21:04.108647+00:00,kai-scheduler,queue-controller-f86fcd76c-8pmz6,1.0,12582912
2026-09-16T17:21:04.108647+00:00,kube-system,coredns-8db54c48d-mbmzd,8.0,84934656
2026-09-16T17:21:04.108647+00:00,kube-system,kwok-controller-5cf8c7c44b-z7cwp,970.0,104857600
2026-09-16T17:21:04.108647+00:00,kube-system,local-path-provisioner-5d9d9885bc-q4th8,1.0,16777216
2026-09-16T17:21:04.108647+00:00,kube-system,metrics-server-75dc6f8d87-jvlxg,37.0,414187520
2026-09-16T17:21:04.108647+00:00,kube-system,svclb-traefik-95f97b9d-mhlvx,0.0,0
2026-09-16T17:21:04.108647+00:00,kube-system,traefik-9bcdbbd9-qkrql,49.0,374341632
2026-09-16T17:21:04.108647+00:00,pyroscope,pyroscope-0,7.0,282066944
2026-09-16T17:21:04.108647+00:00,pyroscope,pyroscope-alloy-0,178.0,849346560
2026-09-16T17:21:35.363462+00:00,grove-system,grove-operator-7b994569fd-lwmw9,236.0,1681915904
2026-09-16T17:21:35.363462+00:00,kai-scheduler,admission-86666f457d-lncc2,1.0,14680064
2026-09-16T17:21:35.363462+00:00,kai-scheduler,kai-operator-69b5d7bcf7-bs8zr,3.0,149946368
2026-09-16T17:21:35.363462+00:00,kai-scheduler,pod-grouper-65456f756-cd5jq,1.0,11534336
2026-09-16T17:21:35.363462+00:00,kai-scheduler,podgroup-controller-68f9cc8dbf-hqvxr,1.0,11534336
2026-09-16T17:21:35.363462+00:00,kai-scheduler,queue-controller-f86fcd76c-8pmz6,1.0,12582912
2026-09-16T17:21:35.363462+00:00,kube-system,coredns-8db54c48d-mbmzd,8.0,85983232
2026-09-16T17:21:35.363462+00:00,kube-system,kwok-controller-5cf8c7c44b-z7cwp,90.0,103809024
2026-09-16T17:21:35.363462+00:00,kube-system,local-path-provisioner-5d9d9885bc-q4th8,1.0,16777216
2026-09-16T17:21:35.363462+00:00,kube-system,metrics-server-75dc6f8d87-jvlxg,32.0,414187520
2026-09-16T17:21:35.363462+00:00,kube-system,svclb-traefik-95f97b9d-mhlvx,0.0,0
2026-09-16T17:21:35.363462+00:00,kube-system,traefik-9bcdbbd9-qkrql,13.0,374341632
2026-09-16T17:21:35.363462+00:00,pyroscope,pyroscope-0,4.0,282066944
2026-09-16T17:21:35.363462+00:00,pyroscope,pyroscope-alloy-0,8.0,864026624
2026-09-16T17:22:06.640895+00:00,grove-system,grove-operator-7b994569fd-lwmw9,558.0,1631584256
2026-09-16T17:22:06.640895+00:00,kai-scheduler,admission-86666f457d-lncc2,1.0,14680064
2026-09-16T17:22:06.640895+00:00,kai-scheduler,kai-operator-69b5d7bcf7-bs8zr,3.0,150994944
2026-09-16T17:22:06.640895+00:00,kai-scheduler,pod-grouper-65456f756-cd5jq,1.0,11534336
2026-09-16T17:22:06.640895+00:00,kai-scheduler,podgroup-controller-68f9cc8dbf-hqvxr,1.0,11534336
2026-09-16T17:22:06.640895+00:00,kai-scheduler,queue-controller-f86fcd76c-8pmz6,1.0,12582912
2026-09-16T17:22:06.640895+00:00,kube-system,coredns-8db54c48d-mbmzd,9.0,85983232
2026-09-16T17:22:06.640895+00:00,kube-system,kwok-controller-5cf8c7c44b-z7cwp,99.0,104857600
2026-09-16T17:22:06.640895+00:00,kube-system,local-path-provisioner-5d9d9885bc-q4th8,1.0,16777216
2026-09-16T17:22:06.640895+00:00,kube-system,metrics-server-75dc6f8d87-jvlxg,35.0,414187520
2026-09-16T17:22:06.640895+00:00,kube-system,svclb-traefik-95f97b9d-mhlvx,0.0,0
2026-09-16T17:22:06.640895+00:00,kube-system,traefik-9bcdbbd9-qkrql,14.0,373293056
2026-09-16T17:22:06.640895+00:00,pyroscope,pyroscope-0,7.0,279969792
2026-09-16T17:22:06.640895+00:00,pyroscope,pyroscope-alloy-0,305.0,890241024
2026-09-16T17:22:38.013396+00:00,grove-system,grove-operator-7b994569fd-lwmw9,509.0,1603272704
2026-09-16T17:22:38.013396+00:00,kai-scheduler,admission-86666f457d-lncc2,1.0,14680064
2026-09-16T17:22:38.013396+00:00,kai-scheduler,kai-operator-69b5d7bcf7-bs8zr,3.0,149946368
2026-09-16T17:22:38.013396+00:00,kai-scheduler,pod-grouper-65456f756-cd5jq,1.0,11534336
2026-09-16T17:22:38.013396+00:00,kai-scheduler,podgroup-controller-68f9cc8dbf-hqvxr,1.0,11534336
2026-09-16T17:22:38.013396+00:00,kai-scheduler,queue-controller-f86fcd76c-8pmz6,1.0,12582912
2026-09-16T17:22:38.013396+00:00,kube-system,coredns-8db54c48d-mbmzd,10.0,85983232
2026-09-16T17:22:38.013396+00:00,kube-system,kwok-controller-5cf8c7c44b-z7cwp,104.0,103809024
2026-09-16T17:22:38.013396+00:00,kube-system,local-path-provisioner-5d9d9885bc-q4th8,1.0,16777216
2026-09-16T17:22:38.013396+00:00,kube-system,metrics-server-75dc6f8d87-jvlxg,34.0,415236096
2026-09-16T17:22:38.013396+00:00,kube-system,svclb-traefik-95f97b9d-mhlvx,0.0,0
2026-09-16T17:22:38.013396+00:00,kube-system,traefik-9bcdbbd9-qkrql,14.0,373293056
2026-09-16T17:22:38.013396+00:00,pyroscope,pyroscope-0,7.0,279969792
2026-09-16T17:22:38.013396+00:00,pyroscope,pyroscope-alloy-0,257.0,921698304
2026-09-16T17:23:09.278578+00:00,grove-system,grove-operator-7b994569fd-lwmw9,469.0,1600126976
2026-09-16T17:23:09.278578+00:00,kai-scheduler,admission-86666f457d-lncc2,1.0,14680064
2026-09-16T17:23:09.278578+00:00,kai-scheduler,kai-operator-69b5d7bcf7-bs8zr,7.0,124780544
2026-09-16T17:23:09.278578+00:00,kai-scheduler,pod-grouper-65456f756-cd5jq,1.0,11534336
2026-09-16T17:23:09.278578+00:00,kai-scheduler,podgroup-controller-68f9cc8dbf-hqvxr,1.0,11534336
2026-09-16T17:23:09.278578+00:00,kai-scheduler,queue-controller-f86fcd76c-8pmz6,1.0,12582912
2026-09-16T17:23:09.278578+00:00,kube-system,coredns-8db54c48d-mbmzd,10.0,85983232
2026-09-16T17:23:09.278578+00:00,kube-system,kwok-controller-5cf8c7c44b-z7cwp,101.0,104857600
2026-09-16T17:23:09.278578+00:00,kube-system,local-path-provisioner-5d9d9885bc-q4th8,1.0,16777216
2026-09-16T17:23:09.278578+00:00,kube-system,metrics-server-75dc6f8d87-jvlxg,36.0,414187520
2026-09-16T17:23:09.278578+00:00,kube-system,svclb-traefik-95f97b9d-mhlvx,0.0,0
2026-09-16T17:23:09.278578+00:00,kube-system,traefik-9bcdbbd9-qkrql,30.0,335544320
2026-09-16T17:23:09.278578+00:00,pyroscope,pyroscope-0,6.0,281018368
2026-09-16T17:23:09.278578+00:00,pyroscope,pyroscope-alloy-0,218.0,950009856
2026-09-16T17:23:40.640938+00:00,grove-system,grove-operator-7b994569fd-lwmw9,600.0,1591738368
2026-09-16T17:23:40.640938+00:00,kai-scheduler,admission-86666f457d-lncc2,1.0,14680064
2026-09-16T17:23:40.640938+00:00,kai-scheduler,kai-operator-69b5d7bcf7-bs8zr,3.0,125829120
2026-09-16T17:23:40.640938+00:00,kai-scheduler,pod-grouper-65456f756-cd5jq,1.0,11534336
2026-09-16T17:23:40.640938+00:00,kai-scheduler,podgroup-controller-68f9cc8dbf-hqvxr,1.0,11534336
2026-09-16T17:23:40.640938+00:00,kai-scheduler,queue-controller-f86fcd76c-8pmz6,1.0,12582912
2026-09-16T17:23:40.640938+00:00,kube-system,coredns-8db54c48d-mbmzd,9.0,84934656
2026-09-16T17:23:40.640938+00:00,kube-system,kwok-controller-5cf8c7c44b-z7cwp,143.0,105906176
2026-09-16T17:23:40.640938+00:00,kube-system,local-path-provisioner-5d9d9885bc-q4th8,1.0,16777216
2026-09-16T17:23:40.640938+00:00,kube-system,metrics-server-75dc6f8d87-jvlxg,32.0,415236096
2026-09-16T17:23:40.640938+00:00,kube-system,svclb-traefik-95f97b9d-mhlvx,0.0,0
2026-09-16T17:23:40.640938+00:00,kube-system,traefik-9bcdbbd9-qkrql,9.0,333447168
2026-09-16T17:23:40.640938+00:00,pyroscope,pyroscope-0,9.0,284164096
2026-09-16T17:23:40.640938+00:00,pyroscope,pyroscope-alloy-0,301.0,980418560
2026-09-16T17:24:11.961899+00:00,grove-system,grove-operator-7b994569fd-lwmw9,746.0,1600126976
2026-09-16T17:24:11.961899+00:00,kai-scheduler,admission-86666f457d-lncc2,1.0,14680064
2026-09-16T17:24:11.961899+00:00,kai-scheduler,kai-operator-69b5d7bcf7-bs8zr,3.0,124780544
2026-09-16T17:24:11.961899+00:00,kai-scheduler,pod-grouper-65456f756-cd5jq,1.0,11534336
2026-09-16T17:24:11.961899+00:00,kai-scheduler,podgroup-controller-68f9cc8dbf-hqvxr,1.0,11534336
2026-09-16T17:24:11.961899+00:00,kai-scheduler,queue-controller-f86fcd76c-8pmz6,1.0,12582912
2026-09-16T17:24:11.961899+00:00,kube-system,coredns-8db54c48d-mbmzd,7.0,84934656
2026-09-16T17:24:11.961899+00:00,kube-system,kwok-controller-5cf8c7c44b-z7cwp,279.0,104857600
2026-09-16T17:24:11.961899+00:00,kube-system,local-path-provisioner-5d9d9885bc-q4th8,1.0,16777216
2026-09-16T17:24:11.961899+00:00,kube-system,metrics-server-75dc6f8d87-jvlxg,56.0,415236096
2026-09-16T17:24:11.961899+00:00,kube-system,svclb-traefik-95f97b9d-mhlvx,0.0,0
2026-09-16T17:24:11.961899+00:00,kube-system,traefik-9bcdbbd9-qkrql,10.0,334495744
2026-09-16T17:24:11.961899+00:00,pyroscope,pyroscope-0,9.0,284164096
2026-09-16T17:24:11.961899+00:00,pyroscope,pyroscope-alloy-0,368.0,978321408
2026-09-16T17:24:43.245846+00:00,grove-system,grove-operator-7b994569fd-lwmw9,913.0,1582301184
2026-09-16T17:24:43.245846+00:00,kai-scheduler,admission-86666f457d-lncc2,1.0,14680064
2026-09-16T17:24:43.245846+00:00,kai-scheduler,kai-operator-69b5d7bcf7-bs8zr,3.0,124780544
2026-09-16T17:24:43.245846+00:00,kai-scheduler,pod-grouper-65456f756-cd5jq,1.0,11534336
2026-09-16T17:24:43.245846+00:00,kai-scheduler,podgroup-controller-68f9cc8dbf-hqvxr,1.0,11534336
2026-09-16T17:24:43.245846+00:00,kai-scheduler,queue-controller-f86fcd76c-8pmz6,1.0,12582912
2026-09-16T17:24:43.245846+00:00,kube-system,coredns-8db54c48d-mbmzd,10.0,85983232
2026-09-16T17:24:43.245846+00:00,kube-system,kwok-controller-5cf8c7c44b-z7cwp,278.0,105906176
2026-09-16T17:24:43.245846+00:00,kube-system,local-path-provisioner-5d9d9885bc-q4th8,1.0,16777216
2026-09-16T17:24:43.245846+00:00,kube-system,metrics-server-75dc6f8d87-jvlxg,58.0,417333248
2026-09-16T17:24:43.245846+00:00,kube-system,svclb-traefik-95f97b9d-mhlvx,0.0,0
2026-09-16T17:24:43.245846+00:00,kube-system,traefik-9bcdbbd9-qkrql,15.0,333447168
2026-09-16T17:24:43.245846+00:00,pyroscope,pyroscope-0,8.0,281018368
2026-09-16T17:24:43.245846+00:00,pyroscope,pyroscope-alloy-0,401.0,976224256
2026-09-16T17:25:14.536617+00:00,grove-system,grove-operator-7b994569fd-lwmw9,710.0,1573912576
2026-09-16T17:25:14.536617+00:00,kai-scheduler,admission-86666f457d-lncc2,1.0,14680064
2026-09-16T17:25:14.536617+00:00,kai-scheduler,kai-operator-69b5d7bcf7-bs8zr,5.0,117440512
2026-09-16T17:25:14.536617+00:00,kai-scheduler,pod-grouper-65456f756-cd5jq,1.0,11534336
2026-09-16T17:25:14.536617+00:00,kai-scheduler,podgroup-controller-68f9cc8dbf-hqvxr,1.0,11534336
2026-09-16T17:25:14.536617+00:00,kai-scheduler,queue-controller-f86fcd76c-8pmz6,1.0,12582912
2026-09-16T17:25:14.536617+00:00,kube-system,coredns-8db54c48d-mbmzd,10.0,84934656
2026-09-16T17:25:14.536617+00:00,kube-system,kwok-controller-5cf8c7c44b-z7cwp,271.0,105906176
2026-09-16T17:25:14.536617+00:00,kube-system,local-path-provisioner-5d9d9885bc-q4th8,1.0,16777216
2026-09-16T17:25:14.536617+00:00,kube-system,metrics-server-75dc6f8d87-jvlxg,78.0,417333248
2026-09-16T17:25:14.536617+00:00,kube-system,svclb-traefik-95f97b9d-mhlvx,0.0,0
2026-09-16T17:25:14.536617+00:00,kube-system,traefik-9bcdbbd9-qkrql,15.0,334495744
2026-09-16T17:25:14.536617+00:00,pyroscope,pyroscope-0,6.0,282066944
2026-09-16T17:25:14.536617+00:00,pyroscope,pyroscope-alloy-0,416.0,1001390080
2026-09-16T17:25:45.823228+00:00,grove-system,grove-operator-7b994569fd-lwmw9,467.0,1487929344
2026-09-16T17:25:45.823228+00:00,kai-scheduler,admission-86666f457d-lncc2,1.0,14680064
2026-09-16T17:25:45.823228+00:00,kai-scheduler,kai-operator-69b5d7bcf7-bs8zr,3.0,117440512
2026-09-16T17:25:45.823228+00:00,kai-scheduler,pod-grouper-65456f756-cd5jq,1.0,11534336
2026-09-16T17:25:45.823228+00:00,kai-scheduler,podgroup-controller-68f9cc8dbf-hqvxr,1.0,11534336
2026-09-16T17:25:45.823228+00:00,kai-scheduler,queue-controller-f86fcd76c-8pmz6,1.0,12582912
2026-09-16T17:25:45.823228+00:00,kube-system,coredns-8db54c48d-mbmzd,11.0,85983232
2026-09-16T17:25:45.823228+00:00,kube-system,kwok-controller-5cf8c7c44b-z7cwp,273.0,106954752
2026-09-16T17:25:45.823228+00:00,kube-system,local-path-provisioner-5d9d9885bc-q4th8,1.0,16777216
2026-09-16T17:25:45.823228+00:00,kube-system,metrics-server-75dc6f8d87-jvlxg,52.0,417333248
2026-09-16T17:25:45.823228+00:00,kube-system,svclb-traefik-95f97b9d-mhlvx,0.0,0
2026-09-16T17:25:45.823228+00:00,kube-system,traefik-9bcdbbd9-qkrql,16.0,335544320
2026-09-16T17:25:45.823228+00:00,pyroscope,pyroscope-0,9.0,285212672
2026-09-16T17:25:45.823228+00:00,pyroscope,pyroscope-alloy-0,383.0,1043333120
2026-09-16T17:26:17.075247+00:00,grove-system,grove-operator-7b994569fd-lwmw9,123.0,1495269376
2026-09-16T17:26:17.075247+00:00,kai-scheduler,admission-86666f457d-lncc2,1.0,14680064
2026-09-16T17:26:17.075247+00:00,kai-scheduler,kai-operator-69b5d7bcf7-bs8zr,8.0,126877696
2026-09-16T17:26:17.075247+00:00,kai-scheduler,pod-grouper-65456f756-cd5jq,1.0,11534336
2026-09-16T17:26:17.075247+00:00,kai-scheduler,podgroup-controller-68f9cc8dbf-hqvxr,1.0,11534336
2026-09-16T17:26:17.075247+00:00,kai-scheduler,queue-controller-f86fcd76c-8pmz6,1.0,12582912
2026-09-16T17:26:17.075247+00:00,kube-system,coredns-8db54c48d-mbmzd,10.0,84934656
2026-09-16T17:26:17.075247+00:00,kube-system,kwok-controller-5cf8c7c44b-z7cwp,114.0,108003328
2026-09-16T17:26:17.075247+00:00,kube-system,local-path-provisioner-5d9d9885bc-q4th8,1.0,16777216
2026-09-16T17:26:17.075247+00:00,kube-system,metrics-server-75dc6f8d87-jvlxg,36.0,417333248
2026-09-16T17:26:17.075247+00:00,kube-system,svclb-traefik-95f97b9d-mhlvx,0.0,0
2026-09-16T17:26:17.075247+00:00,kube-system,traefik-9bcdbbd9-qkrql,15.0,334495744
2026-09-16T17:26:17.075247+00:00,pyroscope,pyroscope-0,6.0,303038464
2026-09-16T17:26:17.075247+00:00,pyroscope,pyroscope-alloy-0,306.0,1039138816
2026-09-16T17:26:48.324119+00:00,grove-system,grove-operator-7b994569fd-lwmw9,274.0,1498415104
2026-09-16T17:26:48.324119+00:00,kai-scheduler,admission-86666f457d-lncc2,1.0,14680064
2026-09-16T17:26:48.324119+00:00,kai-scheduler,kai-operator-69b5d7bcf7-bs8zr,25.0,139460608
2026-09-16T17:26:48.324119+00:00,kai-scheduler,pod-grouper-65456f756-cd5jq,1.0,11534336
2026-09-16T17:26:48.324119+00:00,kai-scheduler,podgroup-controller-68f9cc8dbf-hqvxr,1.0,11534336
2026-09-16T17:26:48.324119+00:00,kai-scheduler,queue-controller-f86fcd76c-8pmz6,1.0,12582912
2026-09-16T17:26:48.324119+00:00,kube-system,coredns-8db54c48d-mbmzd,33.0,92274688
2026-09-16T17:26:48.324119+00:00,kube-system,kwok-controller-5cf8c7c44b-z7cwp,125.0,105906176
2026-09-16T17:26:48.324119+00:00,kube-system,local-path-provisioner-5d9d9885bc-q4th8,1.0,16777216
2026-09-16T17:26:48.324119+00:00,kube-system,metrics-server-75dc6f8d87-jvlxg,41.0,423624704
2026-09-16T17:26:48.324119+00:00,kube-system,svclb-traefik-95f97b9d-mhlvx,0.0,0
2026-09-16T17:26:48.324119+00:00,kube-system,traefik-9bcdbbd9-qkrql,34.0,335544320
2026-09-16T17:26:48.324119+00:00,pyroscope,pyroscope-0,6.0,282066944
2026-09-16T17:26:48.324119+00:00,pyroscope,pyroscope-alloy-0,418.0,1039138816
2026-09-16T17:27:19.584821+00:00,grove-system,grove-operator-7b994569fd-lwmw9,189.0,1509949440
2026-09-16T17:27:19.584821+00:00,kai-scheduler,admission-86666f457d-lncc2,1.0,14680064
2026-09-16T17:27:19.584821+00:00,kai-scheduler,kai-operator-69b5d7bcf7-bs8zr,1.0,137363456
2026-09-16T17:27:19.584821+00:00,kai-scheduler,pod-grouper-65456f756-cd5jq,1.0,11534336
2026-09-16T17:27:19.584821+00:00,kai-scheduler,podgroup-controller-68f9cc8dbf-hqvxr,1.0,11534336
2026-09-16T17:27:19.584821+00:00,kai-scheduler,queue-controller-f86fcd76c-8pmz6,1.0,12582912
2026-09-16T17:27:19.584821+00:00,kube-system,coredns-8db54c48d-mbmzd,11.0,92274688
2026-09-16T17:27:19.584821+00:00,kube-system,kwok-controller-5cf8c7c44b-z7cwp,119.0,106954752
2026-09-16T17:27:19.584821+00:00,kube-system,local-path-provisioner-5d9d9885bc-q4th8,1.0,16777216
2026-09-16T17:27:19.584821+00:00,kube-system,metrics-server-75dc6f8d87-jvlxg,39.0,439353344
2026-09-16T17:27:19.584821+00:00,kube-system,svclb-traefik-95f97b9d-mhlvx,0.0,0
2026-09-16T17:27:19.584821+00:00,kube-system,traefik-9bcdbbd9-qkrql,42.0,369098752
2026-09-16T17:27:19.584821+00:00,pyroscope,pyroscope-0,7.0,277872640
2026-09-16T17:27:19.584821+00:00,pyroscope,pyroscope-alloy-0,350.0,1085276160
2026-09-16T17:27:50.865928+00:00,grove-system,grove-operator-7b994569fd-lwmw9,624.0,1388314624
2026-09-16T17:27:50.865928+00:00,kai-scheduler,admission-86666f457d-lncc2,1.0,14680064
2026-09-16T17:27:50.865928+00:00,kai-scheduler,kai-operator-69b5d7bcf7-bs8zr,1.0,137363456
2026-09-16T17:27:50.865928+00:00,kai-scheduler,pod-grouper-65456f756-cd5jq,1.0,11534336
2026-09-16T17:27:50.865928+00:00,kai-scheduler,podgroup-controller-68f9cc8dbf-hqvxr,1.0,11534336
2026-09-16T17:27:50.865928+00:00,kai-scheduler,queue-controller-f86fcd76c-8pmz6,1.0,12582912
2026-09-16T17:27:50.865928+00:00,kube-system,coredns-8db54c48d-mbmzd,10.0,91226112
2026-09-16T17:27:50.865928+00:00,kube-system,kwok-controller-5cf8c7c44b-z7cwp,143.0,106954752
2026-09-16T17:27:50.865928+00:00,kube-system,local-path-provisioner-5d9d9885bc-q4th8,1.0,16777216
2026-09-16T17:27:50.865928+00:00,kube-system,metrics-server-75dc6f8d87-jvlxg,52.0,440401920
2026-09-16T17:27:50.865928+00:00,kube-system,svclb-traefik-95f97b9d-mhlvx,0.0,0
2026-09-16T17:27:50.865928+00:00,kube-system,traefik-9bcdbbd9-qkrql,14.0,369098752
2026-09-16T17:27:50.865928+00:00,pyroscope,pyroscope-0,8.0,278921216
2026-09-16T17:27:50.865928+00:00,pyroscope,pyroscope-alloy-0,368.0,1085276160
2026-09-16T17:28:22.160039+00:00,grove-system,grove-operator-7b994569fd-lwmw9,664.0,1435500544
2026-09-16T17:28:22.160039+00:00,kai-scheduler,admission-86666f457d-lncc2,1.0,14680064
2026-09-16T17:28:22.160039+00:00,kai-scheduler,kai-operator-69b5d7bcf7-bs8zr,4.0,133169152
2026-09-16T17:28:22.160039+00:00,kai-scheduler,pod-grouper-65456f756-cd5jq,1.0,11534336
2026-09-16T17:28:22.160039+00:00,kai-scheduler,podgroup-controller-68f9cc8dbf-hqvxr,1.0,11534336
2026-09-16T17:28:22.160039+00:00,kai-scheduler,queue-controller-f86fcd76c-8pmz6,1.0,12582912
2026-09-16T17:28:22.160039+00:00,kube-system,coredns-8db54c48d-mbmzd,12.0,92274688
2026-09-16T17:28:22.160039+00:00,kube-system,kwok-controller-5cf8c7c44b-z7cwp,152.0,106954752
2026-09-16T17:28:22.160039+00:00,kube-system,local-path-provisioner-5d9d9885bc-q4th8,1.0,16777216
2026-09-16T17:28:22.160039+00:00,kube-system,metrics-server-75dc6f8d87-jvlxg,50.0,438304768
2026-09-16T17:28:22.160039+00:00,kube-system,svclb-traefik-95f97b9d-mhlvx,0.0,0
2026-09-16T17:28:22.160039+00:00,kube-system,traefik-9bcdbbd9-qkrql,14.0,370147328
2026-09-16T17:28:22.160039+00:00,pyroscope,pyroscope-0,8.0,278921216
2026-09-16T17:28:22.160039+00:00,pyroscope,pyroscope-alloy-0,370.0,1118830592
2026-09-16T17:28:53.434512+00:00,grove-system,grove-operator-7b994569fd-lwmw9,829.0,1578106880
2026-09-16T17:28:53.434512+00:00,kai-scheduler,admission-86666f457d-lncc2,1.0,14680064
2026-09-16T17:28:53.434512+00:00,kai-scheduler,kai-operator-69b5d7bcf7-bs8zr,1.0,133169152
2026-09-16T17:28:53.434512+00:00,kai-scheduler,pod-grouper-65456f756-cd5jq,1.0,11534336
2026-09-16T17:28:53.434512+00:00,kai-scheduler,podgroup-controller-68f9cc8dbf-hqvxr,1.0,11534336
2026-09-16T17:28:53.434512+00:00,kai-scheduler,queue-controller-f86fcd76c-8pmz6,1.0,12582912
2026-09-16T17:28:53.434512+00:00,kube-system,coredns-8db54c48d-mbmzd,10.0,92274688
2026-09-16T17:28:53.434512+00:00,kube-system,kwok-controller-5cf8c7c44b-z7cwp,151.0,105906176
2026-09-16T17:28:53.434512+00:00,kube-system,local-path-provisioner-5d9d9885bc-q4th8,1.0,16777216
2026-09-16T17:28:53.434512+00:00,kube-system,metrics-server-75dc6f8d87-jvlxg,53.0,439353344
2026-09-16T17:28:53.434512+00:00,kube-system,svclb-traefik-95f97b9d-mhlvx,0.0,0
2026-09-16T17:28:53.434512+00:00,kube-system,traefik-9bcdbbd9-qkrql,31.0,377487360
2026-09-16T17:28:53.434512+00:00,pyroscope,pyroscope-0,8.0,283115520
2026-09-16T17:28:53.434512+00:00,pyroscope,pyroscope-alloy-0,488.0,1117782016
2026-09-16T17:29:24.714596+00:00,grove-system,grove-operator-7b994569fd-lwmw9,603.0,1563426816
2026-09-16T17:29:24.714596+00:00,kai-scheduler,admission-86666f457d-lncc2,1.0,14680064
2026-09-16T17:29:24.714596+00:00,kai-scheduler,kai-operator-69b5d7bcf7-bs8zr,1.0,133169152
2026-09-16T17:29:24.714596+00:00,kai-scheduler,pod-grouper-65456f756-cd5jq,1.0,11534336
2026-09-16T17:29:24.714596+00:00,kai-scheduler,podgroup-controller-68f9cc8dbf-hqvxr,1.0,11534336
2026-09-16T17:29:24.714596+00:00,kai-scheduler,queue-controller-f86fcd76c-8pmz6,1.0,12582912
2026-09-16T17:29:24.714596+00:00,kube-system,coredns-8db54c48d-mbmzd,4.0,91226112
2026-09-16T17:29:24.714596+00:00,kube-system,kwok-controller-5cf8c7c44b-z7cwp,1240.0,110100480
2026-09-16T17:29:24.714596+00:00,kube-system,local-path-provisioner-5d9d9885bc-q4th8,1.0,16777216
2026-09-16T17:29:24.714596+00:00,kube-system,metrics-server-75dc6f8d87-jvlxg,44.0,442499072
2026-09-16T17:29:24.714596+00:00,kube-system,svclb-traefik-95f97b9d-mhlvx,0.0,0
2026-09-16T17:29:24.714596+00:00,kube-system,traefik-9bcdbbd9-qkrql,17.0,378535936
2026-09-16T17:29:24.714596+00:00,pyroscope,pyroscope-0,7.0,279969792
2026-09-16T17:29:24.714596+00:00,pyroscope,pyroscope-alloy-0,295.0,1153433600
2026-09-16T17:29:56.095570+00:00,grove-system,grove-operator-7b994569fd-lwmw9,830.0,1534066688
2026-09-16T17:29:56.095570+00:00,kai-scheduler,admission-86666f457d-lncc2,1.0,14680064
2026-09-16T17:29:56.095570+00:00,kai-scheduler,kai-operator-69b5d7bcf7-bs8zr,1.0,133169152
2026-09-16T17:29:56.095570+00:00,kai-scheduler,pod-grouper-65456f756-cd5jq,1.0,11534336
2026-09-16T17:29:56.095570+00:00,kai-scheduler,podgroup-controller-68f9cc8dbf-hqvxr,1.0,11534336
2026-09-16T17:29:56.095570+00:00,kai-scheduler,queue-controller-f86fcd76c-8pmz6,1.0,12582912
2026-09-16T17:29:56.095570+00:00,kube-system,coredns-8db54c48d-mbmzd,8.0,91226112
2026-09-16T17:29:56.095570+00:00,kube-system,kwok-controller-5cf8c7c44b-z7cwp,237.0,110100480
2026-09-16T17:29:56.095570+00:00,kube-system,local-path-provisioner-5d9d9885bc-q4th8,1.0,16777216
2026-09-16T17:29:56.095570+00:00,kube-system,metrics-server-75dc6f8d87-jvlxg,60.0,442499072
2026-09-16T17:29:56.095570+00:00,kube-system,svclb-traefik-95f97b9d-mhlvx,0.0,0
2026-09-16T17:29:56.095570+00:00,kube-system,traefik-9bcdbbd9-qkrql,14.0,380633088
2026-09-16T17:29:56.095570+00:00,pyroscope,pyroscope-0,7.0,281018368
2026-09-16T17:29:56.095570+00:00,pyroscope,pyroscope-alloy-0,394.0,1139802112
2026-09-16T17:30:27.480292+00:00,grove-system,grove-operator-7b994569fd-lwmw9,1001.0,1620049920
2026-09-16T17:30:27.480292+00:00,kai-scheduler,admission-86666f457d-lncc2,1.0,14680064
2026-09-16T17:30:27.480292+00:00,kai-scheduler,kai-operator-69b5d7bcf7-bs8zr,1.0,133169152
2026-09-16T17:30:27.480292+00:00,kai-scheduler,pod-grouper-65456f756-cd5jq,1.0,11534336
2026-09-16T17:30:27.480292+00:00,kai-scheduler,podgroup-controller-68f9cc8dbf-hqvxr,1.0,11534336
2026-09-16T17:30:27.480292+00:00,kai-scheduler,queue-controller-f86fcd76c-8pmz6,1.0,12582912
2026-09-16T17:30:27.480292+00:00,kube-system,coredns-8db54c48d-mbmzd,13.0,91226112
2026-09-16T17:30:27.480292+00:00,kube-system,kwok-controller-5cf8c7c44b-z7cwp,276.0,112197632
2026-09-16T17:30:27.480292+00:00,kube-system,local-path-provisioner-5d9d9885bc-q4th8,1.0,16777216
2026-09-16T17:30:27.480292+00:00,kube-system,metrics-server-75dc6f8d87-jvlxg,79.0,445644800
2026-09-16T17:30:27.480292+00:00,kube-system,svclb-traefik-95f97b9d-mhlvx,0.0,0
2026-09-16T17:30:27.480292+00:00,kube-system,traefik-9bcdbbd9-qkrql,15.0,379584512
2026-09-16T17:30:27.480292+00:00,pyroscope,pyroscope-0,9.0,281018368
2026-09-16T17:30:27.480292+00:00,pyroscope,pyroscope-alloy-0,446.0,1139802112
2026-09-16T17:30:58.785386+00:00,grove-system,grove-operator-7b994569fd-lwmw9,510.0,1590689792
2026-09-16T17:30:58.785386+00:00,kai-scheduler,admission-86666f457d-lncc2,1.0,14680064
2026-09-16T17:30:58.785386+00:00,kai-scheduler,kai-operator-69b5d7bcf7-bs8zr,4.0,119537664
2026-09-16T17:30:58.785386+00:00,kai-scheduler,pod-grouper-65456f756-cd5jq,1.0,11534336
2026-09-16T17:30:58.785386+00:00,kai-scheduler,podgroup-controller-68f9cc8dbf-hqvxr,1.0,11534336
2026-09-16T17:30:58.785386+00:00,kai-scheduler,queue-controller-f86fcd76c-8pmz6,1.0,12582912
2026-09-16T17:30:58.785386+00:00,kube-system,coredns-8db54c48d-mbmzd,11.0,91226112
2026-09-16T17:30:58.785386+00:00,kube-system,kwok-controller-5cf8c7c44b-z7cwp,271.0,111149056
2026-09-16T17:30:58.785386+00:00,kube-system,local-path-provisioner-5d9d9885bc-q4th8,1.0,16777216
2026-09-16T17:30:58.785386+00:00,kube-system,metrics-server-75dc6f8d87-jvlxg,71.0,460324864
2026-09-16T17:30:58.785386+00:00,kube-system,svclb-traefik-95f97b9d-mhlvx,0.0,0
2026-09-16T17:30:58.785386+00:00,kube-system,traefik-9bcdbbd9-qkrql,14.0,379584512
2026-09-16T17:30:58.785386+00:00,pyroscope,pyroscope-0,8.0,283115520
2026-09-16T17:30:58.785386+00:00,pyroscope,pyroscope-alloy-0,435.0,1137704960
2026-09-16T17:31:30.101459+00:00,grove-system,grove-operator-7b994569fd-lwmw9,900.0,1664090112
2026-09-16T17:31:30.101459+00:00,kai-scheduler,admission-86666f457d-lncc2,1.0,14680064
2026-09-16T17:31:30.101459+00:00,kai-scheduler,kai-operator-69b5d7bcf7-bs8zr,7.0,126877696
2026-09-16T17:31:30.101459+00:00,kai-scheduler,pod-grouper-65456f756-cd5jq,1.0,11534336
2026-09-16T17:31:30.101459+00:00,kai-scheduler,podgroup-controller-68f9cc8dbf-hqvxr,1.0,11534336
2026-09-16T17:31:30.101459+00:00,kai-scheduler,queue-controller-f86fcd76c-8pmz6,1.0,12582912
2026-09-16T17:31:30.101459+00:00,kube-system,coredns-8db54c48d-mbmzd,10.0,92274688
2026-09-16T17:31:30.101459+00:00,kube-system,kwok-controller-5cf8c7c44b-z7cwp,266.0,111149056
2026-09-16T17:31:30.101459+00:00,kube-system,local-path-provisioner-5d9d9885bc-q4th8,1.0,16777216
2026-09-16T17:31:30.101459+00:00,kube-system,metrics-server-75dc6f8d87-jvlxg,62.0,459276288
2026-09-16T17:31:30.101459+00:00,kube-system,svclb-traefik-95f97b9d-mhlvx,0.0,0
2026-09-16T17:31:30.101459+00:00,kube-system,traefik-9bcdbbd9-qkrql,24.0,379584512
2026-09-16T17:31:30.101459+00:00,pyroscope,pyroscope-0,9.0,287309824
2026-09-16T17:31:30.101459+00:00,pyroscope,pyroscope-alloy-0,466.0,1155530752
2026-09-16T17:32:01.388358+00:00,grove-system,grove-operator-7b994569fd-lwmw9,713.0,1708130304
2026-09-16T17:32:01.388358+00:00,kai-scheduler,admission-86666f457d-lncc2,1.0,14680064
2026-09-16T17:32:01.388358+00:00,kai-scheduler,kai-operator-69b5d7bcf7-bs8zr,1.0,134217728
2026-09-16T17:32:01.388358+00:00,kai-scheduler,pod-grouper-65456f756-cd5jq,1.0,11534336
2026-09-16T17:32:01.388358+00:00,kai-scheduler,podgroup-controller-68f9cc8dbf-hqvxr,1.0,11534336
2026-09-16T17:32:01.388358+00:00,kai-scheduler,queue-controller-f86fcd76c-8pmz6,1.0,12582912
2026-09-16T17:32:01.388358+00:00,kube-system,coredns-8db54c48d-mbmzd,10.0,92274688
2026-09-16T17:32:01.388358+00:00,kube-system,kwok-controller-5cf8c7c44b-z7cwp,288.0,112197632
2026-09-16T17:32:01.388358+00:00,kube-system,local-path-provisioner-5d9d9885bc-q4th8,1.0,16777216
2026-09-16T17:32:01.388358+00:00,kube-system,metrics-server-75dc6f8d87-jvlxg,80.0,460324864
2026-09-16T17:32:01.388358+00:00,kube-system,svclb-traefik-95f97b9d-mhlvx,0.0,0
2026-09-16T17:32:01.388358+00:00,kube-system,traefik-9bcdbbd9-qkrql,14.0,378535936
2026-09-16T17:32:01.388358+00:00,pyroscope,pyroscope-0,7.0,287309824
2026-09-16T17:32:01.388358+00:00,pyroscope,pyroscope-alloy-0,411.0,1150287872
2026-09-16T17:32:32.821605+00:00,grove-system,grove-operator-7b994569fd-lwmw9,1242.0,1769996288
2026-09-16T17:32:32.821605+00:00,kai-scheduler,admission-86666f457d-lncc2,1.0,14680064
2026-09-16T17:32:32.821605+00:00,kai-scheduler,kai-operator-69b5d7bcf7-bs8zr,1.0,135266304
2026-09-16T17:32:32.821605+00:00,kai-scheduler,pod-grouper-65456f756-cd5jq,1.0,11534336
2026-09-16T17:32:32.821605+00:00,kai-scheduler,podgroup-controller-68f9cc8dbf-hqvxr,1.0,11534336
2026-09-16T17:32:32.821605+00:00,kai-scheduler,queue-controller-f86fcd76c-8pmz6,1.0,12582912
2026-09-16T17:32:32.821605+00:00,kube-system,coredns-8db54c48d-mbmzd,14.0,91226112
2026-09-16T17:32:32.821605+00:00,kube-system,kwok-controller-5cf8c7c44b-z7cwp,231.0,110100480
2026-09-16T17:32:32.821605+00:00,kube-system,local-path-provisioner-5d9d9885bc-q4th8,1.0,16777216
2026-09-16T17:32:32.821605+00:00,kube-system,metrics-server-75dc6f8d87-jvlxg,75.0,459276288
2026-09-16T17:32:32.821605+00:00,kube-system,svclb-traefik-95f97b9d-mhlvx,0.0,0
2026-09-16T17:32:32.821605+00:00,kube-system,traefik-9bcdbbd9-qkrql,15.0,378535936
2026-09-16T17:32:32.821605+00:00,pyroscope,pyroscope-0,18.0,306184192
2026-09-16T17:32:32.821605+00:00,pyroscope,pyroscope-alloy-0,502.0,1148190720
2026-09-16T17:33:04.085974+00:00,grove-system,grove-operator-7b994569fd-lwmw9,93.0,1784676352
2026-09-16T17:33:04.085974+00:00,kai-scheduler,admission-86666f457d-lncc2,1.0,14680064
2026-09-16T17:33:04.085974+00:00,kai-scheduler,kai-operator-69b5d7bcf7-bs8zr,1.0,135266304
2026-09-16T17:33:04.085974+00:00,kai-scheduler,pod-grouper-65456f756-cd5jq,1.0,11534336
2026-09-16T17:33:04.085974+00:00,kai-scheduler,podgroup-controller-68f9cc8dbf-hqvxr,1.0,11534336
2026-09-16T17:33:04.085974+00:00,kai-scheduler,queue-controller-f86fcd76c-8pmz6,1.0,12582912
2026-09-16T17:33:04.085974+00:00,kube-system,coredns-8db54c48d-mbmzd,9.0,92274688
2026-09-16T17:33:04.085974+00:00,kube-system,kwok-controller-5cf8c7c44b-z7cwp,123.0,112197632
2026-09-16T17:33:04.085974+00:00,kube-system,local-path-provisioner-5d9d9885bc-q4th8,1.0,16777216
2026-09-16T17:33:04.085974+00:00,kube-system,metrics-server-75dc6f8d87-jvlxg,36.0,459276288
2026-09-16T17:33:04.085974+00:00,kube-system,svclb-traefik-95f97b9d-mhlvx,0.0,0
2026-09-16T17:33:04.085974+00:00,kube-system,traefik-9bcdbbd9-qkrql,13.0,378535936
2026-09-16T17:33:04.085974+00:00,pyroscope,pyroscope-0,7.0,300941312
2026-09-16T17:33:04.085974+00:00,pyroscope,pyroscope-alloy-0,479.0,1177550848
